phase_id,trip_id,phase,leg_index,start_s,end_s,s0,s1,is_boundary,direct,atom_id,mode,relay_trip_id,eligible_relay_indices,selected_margin_mid_db,direct_margin_mid_db,backhaul_margin_db
PH-0001,Q3-T-001,爬升,1,390.0,390.0,0.0,0.0,True,True,COM-00001,直连,,,45.92517525248826,45.92517525248826,
PH-0001,Q3-T-001,爬升,1,390.0,390.34184672371094,0.0,0.002209038108375709,False,True,COM-00002,直连,,,46.15077298410978,46.15077298410978,
PH-0001,Q3-T-001,爬升,1,390.34184672371094,390.34184672371094,0.002209038108375709,0.002209038108375709,True,True,COM-00003,直连,,,46.38238674364702,46.38238674364702,
PH-0001,Q3-T-001,爬升,1,390.34184672371094,399.60265609712184,0.002209038108375709,0.06205305415799623,False,True,COM-00004,直连,,,67.82295300936092,67.82295300936092,
PH-0001,Q3-T-001,爬升,1,399.60265609712184,399.60265609712184,0.06205305415799623,0.06205305415799623,True,True,COM-00005,直连,,,63.04826031558974,63.04826031558974,
PH-0001,Q3-T-001,爬升,1,399.60265609712184,400.5743917449054,0.06205305415799623,0.06833247978454172,False,True,COM-00006,直连,,,61.71811229890638,61.71811229890638,
PH-0001,Q3-T-001,爬升,1,400.5743917449054,400.5743917449054,0.06833247978454172,0.06833247978454172,True,True,COM-00007,直连,,,60.56487003084809,60.56487003084809,
PH-0001,Q3-T-001,爬升,1,400.5743917449054,408.6860501935803,0.06833247978454172,0.12075059993128508,False,True,COM-00008,直连,,,54.38121115513681,54.38121115513681,
PH-0001,Q3-T-001,爬升,1,408.6860501935803,408.6860501935803,0.12075059993128508,0.12075059993128508,True,True,COM-00009,直连,,,50.80570620510426,50.80570620510426,
PH-0001,Q3-T-001,爬升,1,408.6860501935803,417.99820232145794,0.12075059993128508,0.18092639655196044,False,True,COM-00010,直连,,,47.96179382527538,47.96179382527538,
PH-0001,Q3-T-001,爬升,1,417.99820232145794,417.99820232145794,0.18092639655196044,0.18092639655196044,True,True,COM-00011,直连,,,45.82290764368433,45.82290764368433,
PH-0001,Q3-T-001,爬升,1,417.99820232145794,544.7491292317709,0.18092639655196044,1.0,False,True,COM-00012,直连,,,33.84496414356923,33.84496414356923,
PH-0001,Q3-T-001,爬升,1,544.7491292317709,544.7491292317709,1.0,1.0,True,True,COM-00013,直连,,,28.993277511644692,28.993277511644692,
PH-0002,Q3-T-001,巡航,1,544.7491292317709,655.942685290213,0.0,0.24620308052317058,False,True,COM-00014,直连,,,23.86738709156475,23.86738709156475,
PH-0002,Q3-T-001,巡航,1,655.942685290213,655.942685290213,0.24620308052317058,0.24620308052317058,True,True,COM-00015,直连,,,18.984105892306303,18.984105892306303,
PH-0002,Q3-T-001,巡航,1,655.942685290213,712.5211720162599,0.24620308052317058,0.37147830524905945,False,True,COM-00016,直连,,,17.176194489521777,17.176194489521777,
PH-0002,Q3-T-001,巡航,1,712.5211720162599,712.5211720162599,0.37147830524905945,0.37147830524905945,True,True,COM-00017,直连,,,15.661383458466545,15.661383458466545,
PH-0002,Q3-T-001,巡航,1,712.5211720162599,744.679230704014,0.37147830524905945,0.4426821896576908,False,True,COM-00018,直连,,,14.900312345477332,14.900312345477332,
PH-0002,Q3-T-001,巡航,1,744.679230704014,744.679230704014,0.4426821896576908,0.4426821896576908,True,True,COM-00019,直连,,,14.198276974111394,14.198276974111394,
PH-0002,Q3-T-001,巡航,1,744.679230704014,775.3192355258584,0.4426821896576908,0.5105248222866717,False,True,COM-00020,直连,,,13.576783245624839,13.576783245624839,
PH-0002,Q3-T-001,巡航,1,775.3192355258584,775.3192355258584,0.5105248222866717,0.5105248222866717,True,True,COM-00021,直连,,,12.99565081798292,12.99565081798292,
PH-0002,Q3-T-001,巡航,1,775.3192355258584,807.4812216815566,0.5105248222866717,0.5817374028350862,False,True,COM-00022,直连,,,12.423840122022924,12.423840122022924,
PH-0002,Q3-T-001,巡航,1,807.4812216815566,807.4812216815566,0.5817374028350862,0.5817374028350862,True,True,COM-00023,直连,,,1.8866082080380977,1.8866082080380977,
PH-0002,Q3-T-001,巡航,1,807.4812216815566,850.0622859390267,0.5817374028350862,0.6760197476378207,False,True,COM-00024,直连,,,1.2220300084906057,1.2220300084906057,
PH-0002,Q3-T-001,巡航,1,850.0622859390267,850.0622859390267,0.6760197476378207,0.6760197476378207,True,True,COM-00025,直连,,,0.6039553662587736,0.6039553662587736,
PH-0002,Q3-T-001,巡航,1,850.0622859390267,864.805648987166,0.6760197476378207,0.7086642778461681,False,True,COM-00026,直连,,,0.3996624719640067,0.3996624719640067,
PH-0002,Q3-T-001,巡航,1,864.805648987166,864.805648987166,0.7086642778461681,0.7086642778461681,True,True,COM-00027,直连,,,0.19999999999991758,0.19999999999991758,
PH-0002,Q3-T-001,巡航,1,864.805648987166,872.3593191455775,0.7086642778461681,0.7253894994163766,False,True,COM-00028,直连,,,0.09943189012918197,0.09943189012918197,
PH-0002,Q3-T-001,巡航,1,872.3593191455775,872.3593191455775,0.7253894994163766,0.7253894994163766,True,True,COM-00029,直连,,,1.3073986337985843e-12,1.3073986337985843e-12,
PH-0002,Q3-T-001,巡航,1,872.3593191455775,996.3826174162434,0.7253894994163766,1.0,False,False,COM-00030,中继,Q3-R-002,1,29.667738259934666,-1.4896444603969883,2.4694705795379406
PH-0002,Q3-T-001,巡航,1,996.3826174162434,996.3826174162434,1.0,1.0,True,False,COM-00031,中继,Q3-R-002,1,18.394163000679598,-2.7625514695378683,2.4694705795379406
PH-0003,Q3-T-001,下降,1,996.3826174162434,1009.6881913327535,0.0,0.13805476419332946,False,False,COM-00032,中继,Q3-R-002,1,18.39323660635796,-2.7604211245560606,2.4694705795379406
PH-0003,Q3-T-001,下降,1,1009.6881913327535,1009.6881913327535,0.13805476419332946,0.13805476419332946,True,False,COM-00033,中继,Q3-R-002,1,18.38809204469122,-2.7583710715968834,2.4694705795379406
PH-0003,Q3-T-001,下降,1,1009.6881913327535,1012.854052548932,0.13805476419332946,0.17090281918222575,False,False,COM-00034,中继,Q3-R-002,1,18.38624813595291,-2.757895129894763,2.4694705795379406
PH-0003,Q3-T-001,下降,1,1012.854052548932,1012.854052548932,0.17090281918222575,0.17090281918222575,True,False,COM-00035,中继,Q3-R-002,1,18.384166520329927,-2.7574237417580463,2.4694705795379406
PH-0003,Q3-T-001,下降,1,1012.854052548932,1016.7672078373787,0.17090281918222575,0.2115045800674163,False,False,COM-00036,中继,Q3-R-002,1,18.381265563050107,-2.756847378493134,2.4694705795379406
PH-0003,Q3-T-001,下降,1,1016.7672078373787,1016.7672078373787,0.2115045800674163,0.2115045800674163,True,False,COM-00037,中继,Q3-R-002,1,18.37800268631156,-2.7562779772828634,2.4694705795379406
PH-0003,Q3-T-001,下降,1,1016.7672078373787,1092.7615724943685,0.2115045800674163,1.0,False,False,COM-00038,中继,Q3-R-002,1,18.244587750285092,-2.7466042083144373,2.4694705795379406
PH-0003,Q3-T-001,下降,1,1092.7615724943685,1092.7615724943685,1.0,1.0,True,False,COM-00039,中继,Q3-R-002,1,17.98787094572583,-2.739574445940306,2.4694705795379406
PH-0004,Q3-T-001,投送交接,1,1092.7615724943685,1225.977956606348,0.0,0.6343637338665693,False,False,COM-00040,中继,Q3-R-002,1,17.98787094572583,-2.739574445940306,2.4694705795379406
PH-0004,Q3-T-001,投送交接,1,1225.977956606348,1225.977956606348,0.6343637338665693,0.6343637338665693,True,False,COM-00041,中继,Q3-R-002,1,17.98787094572583,-2.739574445940306,2.4694705795379406
PH-0004,Q3-T-001,投送交接,1,1225.977956606348,1302.7615724943685,0.6343637338665693,1.0,False,False,COM-00042,中继,Q3-R-002,1,17.98787094572583,-2.739574445940306,2.4694705795379406
PH-0004,Q3-T-001,投送交接,1,1302.7615724943685,1302.7615724943685,1.0,1.0,True,False,COM-00043,中继,Q3-R-002,1,17.98787094572583,-2.739574445940306,2.4694705795379406
PH-0005,Q3-T-001,爬升,2,1302.7615724943685,1363.5150108081705,0.0,1.0,False,False,COM-00044,中继,Q3-R-002,1,18.236437104760228,-2.7462666746062183,2.4694705795379406
PH-0005,Q3-T-001,爬升,2,1363.5150108081705,1363.5150108081705,1.0,1.0,True,False,COM-00045,中继,Q3-R-002,1,18.37211406117696,-2.755392847394674,2.4694705795379406
PH-0006,Q3-T-001,巡航,2,1363.5150108081705,1377.1079729478386,0.0,0.05215690981653626,False,False,COM-00046,中继,Q3-R-002,1,19.00579549674282,-2.695984390513857,2.4694705795379406
PH-0006,Q3-T-001,巡航,2,1377.1079729478386,1377.1079729478386,0.05215690981653626,0.05215690981653626,True,False,COM-00047,中继,Q3-R-002,1,19.611496989659088,-2.637763393885052,2.4694705795379406
PH-0006,Q3-T-001,巡航,2,1377.1079729478386,1407.4045725592143,0.05215690981653626,0.16840655411347977,False,False,COM-00048,中继,Q3-R-002,1,20.703020568332306,-2.5125729407967157,2.4694705795379406
PH-0006,Q3-T-001,巡航,2,1407.4045725592143,1407.4045725592143,0.16840655411347977,0.16840655411347977,True,False,COM-00049,中继,Q3-R-002,1,21.10358274532514,-2.394245236417987,2.4694705795379406
PH-0006,Q3-T-001,巡航,2,1407.4045725592143,1421.397203231491,0.16840655411347977,0.22209701308564447,False,False,COM-00050,中继,Q3-R-002,1,20.981378360412037,-2.342098795368898,2.4694705795379406
PH-0006,Q3-T-001,巡航,2,1421.397203231491,1421.397203231491,0.22209701308564447,0.22209701308564447,True,False,COM-00051,中继,Q3-R-002,1,20.676622351273437,-2.291626946228618,2.4694705795379406
PH-0006,Q3-T-001,巡航,2,1421.397203231491,1517.1136015026907,0.22209701308564447,0.5893658615749503,False,False,COM-00052,中继,Q3-R-002,1,16.548331567886905,-1.9964372930693628,2.4694705795379406
PH-0006,Q3-T-001,巡航,2,1517.1136015026907,1517.1136015026907,0.5893658615749503,0.5893658615749503,True,False,COM-00053,中继,Q3-R-002,1;2,12.798452782239949,-1.8022872195922446,2.4694705795379406
PH-0006,Q3-T-001,巡航,2,1517.1136015026907,1561.364157098675,0.5893658615749503,0.7591575680357571,False,False,COM-00054,中继,Q3-R-002,1;2,11.414243739243403,-1.75104618996086,2.4694705795379406
PH-0006,Q3-T-001,巡航,2,1561.364157098675,1561.364157098675,0.7591575680357571,0.7591575680357571,True,False,COM-00055,中继,Q3-R-002,1;2,10.19999999999925,-1.7255656050956674,2.4694705795379406
PH-0006,Q3-T-001,巡航,2,1561.364157098675,1624.1317188815933,0.7591575680357571,1.0,False,False,COM-00056,中继,Q3-R-002,1;2,8.7066481402301,-1.7344049150073886,2.4694705795379406
PH-0006,Q3-T-001,巡航,2,1624.1317188815933,1624.1317188815933,1.0,1.0,True,False,COM-00057,中继,Q3-R-002,1;2,7.420920837064216,-1.7955953693080176,2.4694705795379406
PH-0007,Q3-T-001,下降,2,1624.1317188815933,1696.7558448581558,0.0,1.0,False,False,COM-00058,中继,Q3-R-002,1;2,7.409925631183768,-1.7842470436644504,2.4694705795379406
PH-0007,Q3-T-001,下降,2,1696.7558448581558,1696.7558448581558,1.0,1.0,True,False,COM-00059,中继,Q3-R-002,1;2,7.3889670571714845,-1.7759083300417018,2.4694705795379406
PH-0008,Q3-T-001,投送交接,2,1696.7558448581558,1876.7558448581558,0.0,1.0,False,False,COM-00060,中继,Q3-R-002,1;2,7.3889670571714845,-1.7759083300417018,2.4694705795379406
PH-0008,Q3-T-001,投送交接,2,1876.7558448581558,1876.7558448581558,1.0,1.0,True,False,COM-00061,中继,Q3-R-002,1;2,7.3889670571714845,-1.7759083300417018,2.4694705795379406
PH-0009,Q3-T-001,爬升,3,1876.7558448581558,1892.5831194349787,0.0,1.0,False,False,COM-00062,中继,Q3-R-002,1;2,7.395403399497923,-1.77779737418345,2.4694705795379406
PH-0009,Q3-T-001,爬升,3,1892.5831194349787,1892.5831194349787,1.0,1.0,True,False,COM-00063,中继,Q3-R-002,1;2,7.401164780866878,-1.7798932090982902,2.4694705795379406
PH-0010,Q3-T-001,巡航,3,1892.5831194349787,1926.583946078916,0.0,0.08413890005643894,False,False,COM-00064,中继,Q3-R-002,1;2,7.5990672996919955,-1.4076190666182384,2.4694705795379406
PH-0010,Q3-T-001,巡航,3,1926.583946078916,1926.583946078916,0.08413890005643894,0.08413890005643894,True,False,COM-00065,中继,Q3-R-002,0;1;2,7.751282071593323,-1.0187232705291507,2.4694705795379406
PH-0010,Q3-T-001,巡航,3,1926.583946078916,1967.6820449241907,0.08413890005643894,0.18584080476200668,False,False,COM-00066,中继,Q3-R-002,0;1;2,7.866919656244846,-0.5242344454750167,2.4694705795379406
PH-0010,Q3-T-001,巡航,3,1967.6820449241907,1967.6820449241907,0.18584080476200668,0.18584080476200668,True,True,COM-00067,直连,,,-2.1316282072803006e-13,-2.1316282072803006e-13,
PH-0010,Q3-T-001,巡航,3,1967.6820449241907,2060.2293374175356,0.18584080476200668,0.414859571721311,False,True,COM-00068,直连,,,1.3103626611056285,1.3103626611056285,
PH-0010,Q3-T-001,巡航,3,2060.2293374175356,2060.2293374175356,0.414859571721311,0.414859571721311,True,True,COM-00069,直连,,,2.8525914180765,2.8525914180765,
PH-0010,Q3-T-001,巡航,3,2060.2293374175356,2094.9344765772494,0.414859571721311,0.5007413729428903,False,True,COM-00070,直连,,,3.5090414245369175,3.5090414245369175,
PH-0010,Q3-T-001,巡航,3,2094.9344765772494,2094.9344765772494,0.5007413729428903,0.5007413729428903,True,True,COM-00071,直连,,,14.218655350641484,14.218655350641484,
PH-0010,Q3-T-001,巡航,3,2094.9344765772494,2296.6866508708545,0.5007413729428903,1.0,False,True,COM-00072,直连,,,20.102373770055465,20.102373770055465,
PH-0010,Q3-T-001,巡航,3,2296.6866508708545,2296.6866508708545,1.0,1.0,True,True,COM-00073,直连,,,33.935643142447674,33.935643142447674,
PH-0011,Q3-T-001,下降,3,2296.6866508708545,2371.6815375772926,0.0,0.690606885535862,False,True,COM-00074,直连,,,37.9870367076999,37.9870367076999,
PH-0011,Q3-T-001,下降,3,2371.6815375772926,2371.6815375772926,0.690606885535862,0.690606885535862,True,True,COM-00075,直连,,,45.82290764368436,45.82290764368436,
PH-0011,Q3-T-001,下降,3,2371.6815375772926,2382.8561201307457,0.690606885535862,0.793510483278629,False,True,COM-00076,直连,,,47.96179382527551,47.96179382527551,
PH-0011,Q3-T-001,下降,3,2382.8561201307457,2382.8561201307457,0.793510483278629,0.793510483278629,True,True,COM-00077,直连,,,50.80570620510426,50.80570620510426,
PH-0011,Q3-T-001,下降,3,2382.8561201307457,2392.5901102691555,0.793510483278629,0.883148069366841,False,True,COM-00078,直连,,,54.38121115513657,54.38121115513657,
PH-0011,Q3-T-001,下降,3,2392.5901102691555,2392.5901102691555,0.883148069366841,0.883148069366841,True,True,COM-00079,直连,,,60.564870030848056,60.564870030848056,
PH-0011,Q3-T-001,下降,3,2392.5901102691555,2393.756193046496,0.883148069366841,0.8938861987314242,False,True,COM-00080,直连,,,61.71811229890635,61.71811229890635,
PH-0011,Q3-T-001,下降,3,2393.756193046496,2393.756193046496,0.8938861987314242,0.8938861987314242,True,True,COM-00081,直连,,,63.04826031558969,63.04826031558969,
PH-0011,Q3-T-001,下降,3,2393.756193046496,2404.8691642945887,0.8938861987314242,0.9962224352369498,False,True,COM-00082,直连,,,67.82295300936043,67.82295300936043,
PH-0011,Q3-T-001,下降,3,2404.8691642945887,2404.8691642945887,0.9962224352369498,0.9962224352369498,True,True,COM-00083,直连,,,56.38238674364726,56.38238674364726,
PH-0011,Q3-T-001,下降,3,2404.8691642945887,2405.279380363042,0.9962224352369498,1.0,False,True,COM-00084,直连,,,46.150772984109935,46.150772984109935,
PH-0011,Q3-T-001,下降,3,2405.279380363042,2405.279380363042,1.0,1.0,True,True,COM-00085,直连,,,45.92517525248826,45.92517525248826,
PH-0012,Q3-T-002,爬升,1,360.0,360.0,0.0,0.0,True,True,COM-00086,直连,,,45.92517525248826,45.92517525248826,
PH-0012,Q3-T-002,爬升,1,360.0,360.34184672371094,0.0,0.00705533907522279,False,True,COM-00087,直连,,,46.15077298410978,46.15077298410978,
PH-0012,Q3-T-002,爬升,1,360.34184672371094,360.34184672371094,0.00705533907522279,0.00705533907522279,True,True,COM-00088,直连,,,46.38238674364702,46.38238674364702,
PH-0012,Q3-T-002,爬升,1,360.34184672371094,369.60265609712184,0.00705533907522279,0.19818822322614532,False,True,COM-00089,直连,,,67.82295300936092,67.82295300936092,
PH-0012,Q3-T-002,爬升,1,369.60265609712184,369.60265609712184,0.19818822322614532,0.19818822322614532,True,True,COM-00090,直连,,,63.04826031558974,63.04826031558974,
PH-0012,Q3-T-002,爬升,1,369.60265609712184,370.5743917449054,0.19818822322614532,0.21824377447487314,False,True,COM-00091,直连,,,61.71811229890638,61.71811229890638,
PH-0012,Q3-T-002,爬升,1,370.5743917449054,370.5743917449054,0.21824377447487314,0.21824377447487314,True,True,COM-00092,直连,,,60.56487003084809,60.56487003084809,
PH-0012,Q3-T-002,爬升,1,370.5743917449054,378.6860501935803,0.21824377447487314,0.3856594518770947,False,True,COM-00093,直连,,,54.38121115513681,54.38121115513681,
PH-0012,Q3-T-002,爬升,1,378.6860501935803,378.6860501935803,0.3856594518770947,0.3856594518770947,True,True,COM-00094,直连,,,50.80570620510426,50.80570620510426,
PH-0012,Q3-T-002,爬升,1,378.6860501935803,387.99820232145794,0.3856594518770947,0.5778519938123206,False,True,COM-00095,直连,,,47.96179382527538,47.96179382527538,
PH-0012,Q3-T-002,爬升,1,387.99820232145794,387.99820232145794,0.5778519938123206,0.5778519938123206,True,True,COM-00096,直连,,,45.82290764368433,45.82290764368433,
PH-0012,Q3-T-002,爬升,1,387.99820232145794,408.45220336914065,0.5778519938123206,1.0,False,True,COM-00097,直连,,,42.421013060402686,42.421013060402686,
PH-0012,Q3-T-002,爬升,1,408.45220336914065,408.45220336914065,1.0,1.0,True,True,COM-00098,直连,,,39.982830377148545,39.982830377148545,
PH-0013,Q3-T-002,巡航,1,408.45220336914065,542.4228357746762,0.0,0.5264108467150513,False,True,COM-00099,直连,,,23.738075011207812,23.738075011207812,
PH-0013,Q3-T-002,巡航,1,542.4228357746762,542.4228357746762,0.5264108467150513,0.5264108467150513,True,True,COM-00100,直连,,,17.79550583936357,17.79550583936357,
PH-0013,Q3-T-002,巡航,1,542.4228357746762,595.2985493120008,0.5264108467150513,0.7341754040218321,False,True,COM-00101,直连,,,6.239096637791931,6.239096637791931,
PH-0013,Q3-T-002,巡航,1,595.2985493120008,595.2985493120008,0.7341754040218321,0.7341754040218321,True,True,COM-00102,直连,,,4.918777094567162,4.918777094567162,
PH-0013,Q3-T-002,巡航,1,595.2985493120008,607.6266838664694,0.7341754040218321,0.7826163468815358,False,True,COM-00103,直连,,,4.6377051069436845,4.6377051069436845,
PH-0013,Q3-T-002,巡航,1,607.6266838664694,607.6266838664694,0.7826163468815358,0.7826163468815358,True,True,COM-00104,直连,,,4.365419094587921,4.365419094587921,
PH-0013,Q3-T-002,巡航,1,607.6266838664694,662.9504403290156,0.7826163468815358,1.0,False,True,COM-00105,直连,,,3.2385689458567555,3.2385689458567555,
PH-0013,Q3-T-002,巡航,1,662.9504403290156,662.9504403290156,1.0,1.0,True,True,COM-00106,直连,,,2.2410165102830177,2.2410165102830177,
PH-0014,Q3-T-002,下降,1,662.9504403290156,688.4143651774021,0.0,0.714824110688457,False,True,COM-00107,直连,,,2.244256312054077,2.244256312054077,
PH-0014,Q3-T-002,下降,1,688.4143651774021,688.4143651774021,0.714824110688457,0.714824110688457,True,True,COM-00108,直连,,,2.2465553185876814,2.2465553185876814,
PH-0014,Q3-T-002,下降,1,688.4143651774021,694.3842982433409,0.714824110688457,0.8824122621669849,False,True,COM-00109,直连,,,2.2469580005630974,2.2469580005630974,
PH-0014,Q3-T-002,下降,1,694.3842982433409,694.3842982433409,0.8824122621669849,0.8824122621669849,True,True,COM-00110,直连,,,2.2473088722119314,2.2473088722119314,
PH-0014,Q3-T-002,下降,1,694.3842982433409,697.0820771027705,0.8824122621669849,0.9581443963728433,False,True,COM-00111,直连,,,2.247450429231904,2.247450429231904,
PH-0014,Q3-T-002,下降,1,697.0820771027705,697.0820771027705,0.9581443963728433,0.9581443963728433,True,True,COM-00112,直连,,,2.2475814025186764,2.2475814025186764,
PH-0014,Q3-T-002,下降,1,697.0820771027705,698.5730843719844,0.9581443963728433,1.0,False,True,COM-00113,直连,,,2.247649247293978,2.247649247293978,
PH-0014,Q3-T-002,下降,1,698.5730843719844,698.5730843719844,1.0,1.0,True,True,COM-00114,直连,,,2.24771385877267,2.24771385877267,
PH-0015,Q3-T-002,投送交接,1,698.5730843719844,744.679230704014,0.0,0.21955307777156977,False,True,COM-00115,直连,,,2.24771385877267,2.24771385877267,
PH-0015,Q3-T-002,投送交接,1,744.679230704014,744.679230704014,0.21955307777156977,0.21955307777156977,True,True,COM-00116,直连,,,2.24771385877267,2.24771385877267,
PH-0015,Q3-T-002,投送交接,1,744.679230704014,864.805648987166,0.21955307777156977,0.7915836410246746,False,True,COM-00117,直连,,,2.24771385877267,2.24771385877267,
PH-0015,Q3-T-002,投送交接,1,864.805648987166,864.805648987166,0.7915836410246746,0.7915836410246746,True,True,COM-00118,直连,,,2.24771385877267,2.24771385877267,
PH-0015,Q3-T-002,投送交接,1,864.805648987166,908.5730843719844,0.7915836410246746,1.0,False,True,COM-00119,直连,,,2.24771385877267,2.24771385877267,
PH-0015,Q3-T-002,投送交接,1,908.5730843719844,908.5730843719844,1.0,1.0,True,True,COM-00120,直连,,,2.24771385877267,2.24771385877267,
PH-0016,Q3-T-002,爬升,2,908.5730843719844,909.8155904296625,0.0,0.04185560362715678,False,True,COM-00121,直连,,,2.247649247293978,2.247649247293978,
PH-0016,Q3-T-002,爬升,2,909.8155904296625,909.8155904296625,0.04185560362715678,0.04185560362715678,True,True,COM-00122,直连,,,2.2475814025186764,2.2475814025186764,
PH-0016,Q3-T-002,爬升,2,909.8155904296625,912.0637394791872,0.04185560362715678,0.11758773783301517,False,True,COM-00123,直连,,,2.247450429231904,2.247450429231904,
PH-0016,Q3-T-002,爬升,2,912.0637394791872,912.0637394791872,0.11758773783301517,0.11758773783301517,True,True,COM-00124,直连,,,2.2473088722119314,2.2473088722119314,
PH-0016,Q3-T-002,爬升,2,912.0637394791872,917.0386837008028,0.11758773783301517,0.28517588931154303,False,True,COM-00125,直连,,,2.2469580005630974,2.2469580005630974,
PH-0016,Q3-T-002,爬升,2,917.0386837008028,917.0386837008028,0.28517588931154303,0.28517588931154303,True,True,COM-00126,直连,,,2.2465553185876814,2.2465553185876814,
PH-0016,Q3-T-002,爬升,2,917.0386837008028,938.2586210744583,0.28517588931154303,1.0,False,True,COM-00127,直连,,,2.244256312054077,2.244256312054077,
PH-0016,Q3-T-002,爬升,2,938.2586210744583,938.2586210744583,1.0,1.0,True,True,COM-00128,直连,,,2.2410165102830177,2.2410165102830177,
PH-0017,Q3-T-002,巡航,2,938.2586210744583,993.5823775370045,0.0,0.21738365311846422,False,True,COM-00129,直连,,,3.2385689458567555,3.2385689458567555,
PH-0017,Q3-T-002,巡航,2,993.5823775370045,993.5823775370045,0.21738365311846422,0.21738365311846422,True,True,COM-00130,直连,,,4.365419094587921,4.365419094587921,
PH-0017,Q3-T-002,巡航,2,993.5823775370045,1005.910512091473,0.21738365311846422,0.2658245959781675,False,True,COM-00131,直连,,,4.6377051069436845,4.6377051069436845,
PH-0017,Q3-T-002,巡航,2,1005.910512091473,1005.910512091473,0.2658245959781675,0.2658245959781675,True,True,COM-00132,直连,,,4.918777094567162,4.918777094567162,
PH-0017,Q3-T-002,巡航,2,1005.910512091473,1058.7862256287979,0.2658245959781675,0.47358915328494855,False,True,COM-00133,直连,,,6.239096637791931,6.239096637791931,
PH-0017,Q3-T-002,巡航,2,1058.7862256287979,1058.7862256287979,0.47358915328494855,0.47358915328494855,True,True,COM-00134,直连,,,17.79550583936357,17.79550583936357,
PH-0017,Q3-T-002,巡航,2,1058.7862256287979,1192.7568580343334,0.47358915328494855,1.0,False,True,COM-00135,直连,,,23.738075011207812,23.738075011207812,
PH-0017,Q3-T-002,巡航,2,1192.7568580343334,1192.7568580343334,1.0,1.0,True,True,COM-00136,直连,,,39.982830377148545,39.982830377148545,
PH-0018,Q3-T-002,下降,2,1192.7568580343334,1217.3016592915526,0.0,0.4221480061876795,False,True,COM-00137,直连,,,42.421013060402686,42.421013060402686,
PH-0018,Q3-T-002,下降,2,1217.3016592915526,1217.3016592915526,0.4221480061876795,0.4221480061876795,True,True,COM-00138,直连,,,45.82290764368429,45.82290764368429,
PH-0018,Q3-T-002,下降,2,1217.3016592915526,1225.977956606348,0.4221480061876795,0.5713723398520267,False,True,COM-00139,直连,,,47.43583475502051,47.43583475502051,
PH-0018,Q3-T-002,下降,2,1225.977956606348,1225.977956606348,0.5713723398520267,0.5713723398520267,True,True,COM-00140,直连,,,49.41817448628592,49.41817448628592,
PH-0018,Q3-T-002,下降,2,1225.977956606348,1228.476241845006,0.5713723398520267,0.6143405481229054,False,True,COM-00141,直连,,,50.084263263081965,50.084263263081965,
PH-0018,Q3-T-002,下降,2,1228.476241845006,1228.476241845006,0.6143405481229054,0.6143405481229054,True,True,COM-00142,直连,,,50.805706205104286,50.805706205104286,
PH-0018,Q3-T-002,下降,2,1228.476241845006,1238.2102319834157,0.6143405481229054,0.7817562255251269,False,True,COM-00143,直连,,,54.38121115513681,54.38121115513681,
PH-0018,Q3-T-002,下降,2,1238.2102319834157,1238.2102319834157,0.7817562255251269,0.7817562255251269,True,True,COM-00144,直连,,,60.56487003084809,60.56487003084809,
PH-0018,Q3-T-002,下降,2,1238.2102319834157,1239.376314760756,0.7817562255251269,0.8018117767738546,False,True,COM-00145,直连,,,61.71811229890638,61.71811229890638,
PH-0018,Q3-T-002,下降,2,1239.376314760756,1239.376314760756,0.8018117767738546,0.8018117767738546,True,True,COM-00146,直连,,,63.04826031558974,63.04826031558974,
PH-0018,Q3-T-002,下降,2,1239.376314760756,1250.4892860088491,0.8018117767738546,0.9929446609247771,False,True,COM-00147,直连,,,67.82295300936038,67.82295300936038,
PH-0018,Q3-T-002,下降,2,1250.4892860088491,1250.4892860088491,0.9929446609247771,0.9929446609247771,True,True,COM-00148,直连,,,46.38238674364699,46.38238674364699,
PH-0018,Q3-T-002,下降,2,1250.4892860088491,1250.8995020773023,0.9929446609247771,1.0,False,True,COM-00149,直连,,,46.150772984109935,46.150772984109935,
PH-0018,Q3-T-002,下降,2,1250.8995020773023,1250.8995020773023,1.0,1.0,True,True,COM-00150,直连,,,45.92517525248826,45.92517525248826,
PH-0019,Q3-T-003,爬升,1,390.0,390.0,0.0,0.0,True,True,COM-00151,直连,,,45.92517525248826,45.92517525248826,
PH-0019,Q3-T-003,爬升,1,390.0,390.34184672371094,0.0,0.00705533907522279,False,True,COM-00152,直连,,,46.15077298410978,46.15077298410978,
PH-0019,Q3-T-003,爬升,1,390.34184672371094,390.34184672371094,0.00705533907522279,0.00705533907522279,True,True,COM-00153,直连,,,46.38238674364702,46.38238674364702,
PH-0019,Q3-T-003,爬升,1,390.34184672371094,399.60265609712184,0.00705533907522279,0.19818822322614532,False,True,COM-00154,直连,,,67.82295300936092,67.82295300936092,
PH-0019,Q3-T-003,爬升,1,399.60265609712184,399.60265609712184,0.19818822322614532,0.19818822322614532,True,True,COM-00155,直连,,,63.04826031558974,63.04826031558974,
PH-0019,Q3-T-003,爬升,1,399.60265609712184,400.5743917449054,0.19818822322614532,0.21824377447487314,False,True,COM-00156,直连,,,61.71811229890638,61.71811229890638,
PH-0019,Q3-T-003,爬升,1,400.5743917449054,400.5743917449054,0.21824377447487314,0.21824377447487314,True,True,COM-00157,直连,,,60.56487003084809,60.56487003084809,
PH-0019,Q3-T-003,爬升,1,400.5743917449054,408.6860501935803,0.21824377447487314,0.3856594518770947,False,True,COM-00158,直连,,,54.38121115513681,54.38121115513681,
PH-0019,Q3-T-003,爬升,1,408.6860501935803,408.6860501935803,0.3856594518770947,0.3856594518770947,True,True,COM-00159,直连,,,50.80570620510426,50.80570620510426,
PH-0019,Q3-T-003,爬升,1,408.6860501935803,417.99820232145794,0.3856594518770947,0.5778519938123206,False,True,COM-00160,直连,,,47.96179382527538,47.96179382527538,
PH-0019,Q3-T-003,爬升,1,417.99820232145794,417.99820232145794,0.5778519938123206,0.5778519938123206,True,True,COM-00161,直连,,,45.82290764368433,45.82290764368433,
PH-0019,Q3-T-003,爬升,1,417.99820232145794,438.45220336914065,0.5778519938123206,1.0,False,True,COM-00162,直连,,,42.421013060402686,42.421013060402686,
PH-0019,Q3-T-003,爬升,1,438.45220336914065,438.45220336914065,1.0,1.0,True,True,COM-00163,直连,,,39.982830377148545,39.982830377148545,
PH-0020,Q3-T-003,巡航,1,438.45220336914065,572.4228357746762,0.0,0.5264108467150513,False,True,COM-00164,直连,,,23.738075011207812,23.738075011207812,
PH-0020,Q3-T-003,巡航,1,572.4228357746762,572.4228357746762,0.5264108467150513,0.5264108467150513,True,True,COM-00165,直连,,,17.79550583936357,17.79550583936357,
PH-0020,Q3-T-003,巡航,1,572.4228357746762,625.2985493120008,0.5264108467150513,0.7341754040218321,False,True,COM-00166,直连,,,6.239096637791931,6.239096637791931,
PH-0020,Q3-T-003,巡航,1,625.2985493120008,625.2985493120008,0.7341754040218321,0.7341754040218321,True,True,COM-00167,直连,,,4.918777094567162,4.918777094567162,
PH-0020,Q3-T-003,巡航,1,625.2985493120008,637.6266838664694,0.7341754040218321,0.7826163468815358,False,True,COM-00168,直连,,,4.6377051069436845,4.6377051069436845,
PH-0020,Q3-T-003,巡航,1,637.6266838664694,637.6266838664694,0.7826163468815358,0.7826163468815358,True,True,COM-00169,直连,,,4.365419094587921,4.365419094587921,
PH-0020,Q3-T-003,巡航,1,637.6266838664694,692.9504403290156,0.7826163468815358,1.0,False,True,COM-00170,直连,,,3.2385689458567555,3.2385689458567555,
PH-0020,Q3-T-003,巡航,1,692.9504403290156,692.9504403290156,1.0,1.0,True,True,COM-00171,直连,,,2.2410165102830177,2.2410165102830177,
PH-0021,Q3-T-003,下降,1,692.9504403290156,718.4143651774021,0.0,0.714824110688457,False,True,COM-00172,直连,,,2.244256312054077,2.244256312054077,
PH-0021,Q3-T-003,下降,1,718.4143651774021,718.4143651774021,0.714824110688457,0.714824110688457,True,True,COM-00173,直连,,,2.2465553185876814,2.2465553185876814,
PH-0021,Q3-T-003,下降,1,718.4143651774021,724.3842982433409,0.714824110688457,0.8824122621669849,False,True,COM-00174,直连,,,2.2469580005630974,2.2469580005630974,
PH-0021,Q3-T-003,下降,1,724.3842982433409,724.3842982433409,0.8824122621669849,0.8824122621669849,True,True,COM-00175,直连,,,2.2473088722119314,2.2473088722119314,
PH-0021,Q3-T-003,下降,1,724.3842982433409,727.0820771027705,0.8824122621669849,0.9581443963728433,False,True,COM-00176,直连,,,2.247450429231904,2.247450429231904,
PH-0021,Q3-T-003,下降,1,727.0820771027705,727.0820771027705,0.9581443963728433,0.9581443963728433,True,True,COM-00177,直连,,,2.2475814025186764,2.2475814025186764,
PH-0021,Q3-T-003,下降,1,727.0820771027705,728.5730843719844,0.9581443963728433,1.0,False,True,COM-00178,直连,,,2.247649247293978,2.247649247293978,
PH-0021,Q3-T-003,下降,1,728.5730843719844,728.5730843719844,1.0,1.0,True,True,COM-00179,直连,,,2.24771385877267,2.24771385877267,
PH-0022,Q3-T-003,投送交接,1,728.5730843719844,744.679230704014,0.0,0.07669593491442692,False,True,COM-00180,直连,,,2.24771385877267,2.24771385877267,
PH-0022,Q3-T-003,投送交接,1,744.679230704014,744.679230704014,0.07669593491442692,0.07669593491442692,True,True,COM-00181,直连,,,2.24771385877267,2.24771385877267,
PH-0022,Q3-T-003,投送交接,1,744.679230704014,864.805648987166,0.07669593491442692,0.6487264981675318,False,True,COM-00182,直连,,,2.24771385877267,2.24771385877267,
PH-0022,Q3-T-003,投送交接,1,864.805648987166,864.805648987166,0.6487264981675318,0.6487264981675318,True,True,COM-00183,直连,,,2.24771385877267,2.24771385877267,
PH-0022,Q3-T-003,投送交接,1,864.805648987166,938.5730843719844,0.6487264981675318,1.0,False,True,COM-00184,直连,,,2.24771385877267,2.24771385877267,
PH-0022,Q3-T-003,投送交接,1,938.5730843719844,938.5730843719844,1.0,1.0,True,True,COM-00185,直连,,,2.24771385877267,2.24771385877267,
PH-0023,Q3-T-003,爬升,2,938.5730843719844,939.8155904296625,0.0,0.015086299901176464,False,True,COM-00186,直连,,,2.247649247293978,2.247649247293978,
PH-0023,Q3-T-003,爬升,2,939.8155904296625,939.8155904296625,0.015086299901176464,0.015086299901176464,True,True,COM-00187,直连,,,2.2475814025186764,2.2475814025186764,
PH-0023,Q3-T-003,爬升,2,939.8155904296625,942.0637394791872,0.015086299901176464,0.04238294813406527,False,True,COM-00188,直连,,,2.247450429231904,2.247450429231904,
PH-0023,Q3-T-003,爬升,2,942.0637394791872,942.0637394791872,0.04238294813406527,0.04238294813406527,True,True,COM-00189,直连,,,2.2473088722119314,2.2473088722119314,
PH-0023,Q3-T-003,爬升,2,942.0637394791872,947.0386837008028,0.04238294813406527,0.10278788544211209,False,True,COM-00190,直连,,,2.2469580005630974,2.2469580005630974,
PH-0023,Q3-T-003,爬升,2,947.0386837008028,947.0386837008028,0.10278788544211209,0.10278788544211209,True,True,COM-00191,直连,,,2.2465553185876814,2.2465553185876814,
PH-0023,Q3-T-003,爬升,2,947.0386837008028,1005.8512677115322,0.10278788544211209,0.8168804042399714,False,True,COM-00192,直连,,,2.237875092767325,2.237875092767325,
PH-0023,Q3-T-003,爬升,2,1005.8512677115322,1005.8512677115322,0.8168804042399714,0.8168804042399714,True,True,COM-00193,直连,,,2.2220024264044156,2.2220024264044156,
PH-0023,Q3-T-003,爬升,2,1005.8512677115322,1020.9329781708125,0.8168804042399714,1.0,False,True,COM-00194,直连,,,12.216782142726586,12.216782142726586,
PH-0023,Q3-T-003,爬升,2,1020.9329781708125,1020.9329781708125,1.0,1.0,True,True,COM-00195,直连,,,12.211095569928844,12.211095569928844,
PH-0024,Q3-T-003,巡航,2,1020.9329781708125,1153.2822360011062,0.0,0.42809606335155287,False,True,COM-00196,直连,,,11.94784910805997,11.94784910805997,
PH-0024,Q3-T-003,巡航,2,1153.2822360011062,1153.2822360011062,0.42809606335155287,0.42809606335155287,True,True,COM-00197,直连,,,11.210594589104872,11.210594589104872,
PH-0024,Q3-T-003,巡航,2,1153.2822360011062,1181.9904651906595,0.42809606335155287,0.5209555179742655,False,True,COM-00198,直连,,,11.007300326179234,11.007300326179234,
PH-0024,Q3-T-003,巡航,2,1181.9904651906595,1181.9904651906595,0.5209555179742655,0.5209555179742655,True,True,COM-00199,直连,,,0.793284616664252,0.793284616664252,
PH-0024,Q3-T-003,巡航,2,1181.9904651906595,1225.977956606348,0.5209555179742655,0.6632371765228354,False,True,COM-00200,直连,,,0.4489786084324692,0.4489786084324692,
PH-0024,Q3-T-003,巡航,2,1225.977956606348,1225.977956606348,0.6632371765228354,0.6632371765228354,True,True,COM-00201,直连,,,0.09031961429846547,0.09031961429846547,
PH-0024,Q3-T-003,巡航,2,1225.977956606348,1231.4196263813892,0.6632371765228354,0.6808387667919804,False,True,COM-00202,直连,,,0.04522394981175637,0.04522394981175637,
PH-0024,Q3-T-003,巡航,2,1231.4196263813892,1231.4196263813892,0.6808387667919804,0.6808387667919804,True,True,COM-00203,直连,,,-2.5579538487363607e-13,-2.5579538487363607e-13,
PH-0024,Q3-T-003,巡航,2,1231.4196263813892,1253.3186913419609,0.6808387667919804,0.7516733423263724,False,False,COM-00204,中继,Q3-R-002,0;1;2,9.737416857499156,-0.18311823280653527,2.4694705795379406
PH-0024,Q3-T-003,巡航,2,1253.3186913419609,1253.3186913419609,0.7516733423263724,0.7516733423263724,True,False,COM-00205,中继,Q3-R-002,0;1;2,10.200000000000955,-0.36764050415035854,2.4694705795379406
PH-0024,Q3-T-003,巡航,2,1253.3186913419609,1260.389565753845,0.7516733423263724,0.7745447474993603,False,False,COM-00206,中继,Q3-R-002,0;1;2,10.35169280522841,-0.4274388337124293,2.4694705795379406
PH-0024,Q3-T-003,巡航,2,1260.389565753845,1260.389565753845,0.7745447474993603,0.7745447474993603,True,False,COM-00207,中继,Q3-R-002,0;1;2,10.504407040051845,-0.48731805068538847,2.4694705795379406
PH-0024,Q3-T-003,巡航,2,1260.389565753845,1324.8360543819615,0.7745447474993603,0.9830029476496317,False,False,COM-00208,中继,Q3-R-002,1;2,11.923768746697405,-1.0345257014615896,2.4694705795379406
PH-0024,Q3-T-003,巡航,2,1324.8360543819615,1324.8360543819615,0.9830029476496317,0.9830029476496317,True,False,COM-00209,中继,Q3-R-002,1;2,13.2791184937589,-1.5785241872959546,2.4694705795379406
PH-0024,Q3-T-003,巡航,2,1324.8360543819615,1330.0908265147914,0.9830029476496317,1.0,False,False,COM-00210,中继,Q3-R-002,1,13.378959442283389,-1.6225350197696855,2.4694705795379406
PH-0024,Q3-T-003,巡航,2,1330.0908265147914,1330.0908265147914,1.0,1.0,True,False,COM-00211,中继,Q3-R-002,1,13.476256364511357,-1.6664802572522888,2.4694705795379406
PH-0025,Q3-T-003,下降,2,1330.0908265147914,1335.093414087038,0.0,0.1573542911958552,False,False,COM-00212,中继,Q3-R-002,1,13.471358416568535,-1.6658176182739481,2.4694705795379406
PH-0025,Q3-T-003,下降,2,1335.093414087038,1335.093414087038,0.1573542911958552,0.1573542911958552,True,False,COM-00213,中继,Q3-R-002,1,13.466274082637625,-1.6651696668755562,2.4694705795379406
PH-0025,Q3-T-003,下降,2,1335.093414087038,1341.583487998918,0.1573542911958552,0.36149684051938347,False,False,COM-00214,中继,Q3-R-002,1,13.45940128360236,-1.6643509499378695,2.4694705795379406
PH-0025,Q3-T-003,下降,2,1341.583487998918,1341.583487998918,0.36149684051938347,0.36149684051938347,True,False,COM-00215,中继,Q3-R-002,1,13.452217389645583,-1.6635569787613917,2.4694705795379406
PH-0025,Q3-T-003,下降,2,1341.583487998918,1355.3258075802755,0.36149684051938347,0.7937557317196438,False,False,COM-00216,中继,Q3-R-002,1,13.435986326686972,-1.6619575293378261,2.4694705795379406
PH-0025,Q3-T-003,下降,2,1355.3258075802755,1355.3258075802755,0.7937557317196438,0.7937557317196438,True,False,COM-00217,中继,Q3-R-002,1,13.418383224606885,-1.6604692118352347,2.4694705795379406
PH-0025,Q3-T-003,下降,2,1355.3258075802755,1361.882699073385,0.7937557317196438,1.0,False,False,COM-00218,中继,Q3-R-002,1,13.409505600762913,-1.6597982846236619,2.4694705795379406
PH-0025,Q3-T-003,下降,2,1361.882699073385,1361.882699073385,1.0,1.0,True,False,COM-00219,中继,Q3-R-002,1,13.40032137295961,-1.6591526950182356,2.4694705795379406
PH-0026,Q3-T-003,投送交接,2,1361.882699073385,1541.882699073385,0.0,1.0,False,False,COM-00220,中继,Q3-R-002,1,13.40032137295961,-1.6591526950182356,2.4694705795379406
PH-0026,Q3-T-003,投送交接,2,1541.882699073385,1541.882699073385,1.0,1.0,True,False,COM-00221,中继,Q3-R-002,1,13.40032137295961,-1.6591526950182356,2.4694705795379406
PH-0027,Q3-T-003,爬升,3,1541.882699073385,1547.346775317643,0.0,0.19506073884473016,False,False,COM-00222,中继,Q3-R-002,1,13.409505600762913,-1.6597982846236619,2.4694705795379406
PH-0027,Q3-T-003,爬升,3,1547.346775317643,1547.346775317643,0.19506073884473016,0.19506073884473016,True,False,COM-00223,中继,Q3-R-002,1,13.418383224606885,-1.6604692118352347,2.4694705795379406
PH-0027,Q3-T-003,爬升,3,1547.346775317643,1558.7987083021078,0.19506073884473016,0.6038805300212363,False,False,COM-00224,中继,Q3-R-002,1,13.435986326686972,-1.6619575293378261,2.4694705795379406
PH-0027,Q3-T-003,爬升,3,1558.7987083021078,1558.7987083021078,0.6038805300212363,0.6038805300212363,True,False,COM-00225,中继,Q3-R-002,1,13.452217389645583,-1.6635569787613917,2.4694705795379406
PH-0027,Q3-T-003,爬升,3,1558.7987083021078,1564.2071032286744,0.6038805300212363,0.7969535149468827,False,False,COM-00226,中继,Q3-R-002,1,13.45940128360236,-1.6643509499378695,2.4694705795379406
PH-0027,Q3-T-003,爬升,3,1564.2071032286744,1564.2071032286744,0.7969535149468827,0.7969535149468827,True,False,COM-00227,中继,Q3-R-002,1,13.466274082637625,-1.6651696668755562,2.4694705795379406
PH-0027,Q3-T-003,爬升,3,1564.2071032286744,1569.894877621562,0.7969535149468827,1.0,False,False,COM-00228,中继,Q3-R-002,1,13.473164649536812,-1.6660573567824173,2.4694705795379406
PH-0027,Q3-T-003,爬升,3,1569.894877621562,1569.894877621562,1.0,1.0,True,False,COM-00229,中继,Q3-R-002,1,13.479707828576096,-1.6669723827331495,2.4694705795379406
PH-0028,Q3-T-003,巡航,3,1569.894877621562,1580.5697818950225,0.0,0.026773746289539928,False,False,COM-00230,中继,Q3-R-002,1,13.55468409815704,-1.5503383061428195,2.4694705795379406
PH-0028,Q3-T-003,巡航,3,1580.5697818950225,1580.5697818950225,0.026773746289539928,0.026773746289539928,True,False,COM-00231,中继,Q3-R-002,1;2,13.610115612277099,-1.4321227140815154,2.4694705795379406
PH-0028,Q3-T-003,巡航,3,1580.5697818950225,1635.7828879472008,0.026773746289539928,0.16525383523737933,False,False,COM-00232,中继,Q3-R-002,1;2,13.56667403701708,-0.793712788918711,2.4694705795379406
PH-0028,Q3-T-003,巡航,3,1635.7828879472008,1635.7828879472008,0.16525383523737933,0.16525383523737933,True,False,COM-00233,中继,Q3-R-002,0;1;2,13.009544402364185,-0.10487469934817284,2.4694705795379406
PH-0028,Q3-T-003,巡航,3,1635.7828879472008,1639.798127904675,0.16525383523737933,0.17532446567669024,False,False,COM-00234,中继,Q3-R-002,0;1;2,12.95297760500371,-0.05259480008864159,2.4694705795379406
PH-0028,Q3-T-003,巡航,3,1639.798127904675,1639.798127904675,0.17532446567669024,0.17532446567669024,True,True,COM-00235,直连,,,-7.673861546209082e-13,-7.673861546209082e-13,
PH-0028,Q3-T-003,巡航,3,1639.798127904675,1711.86707161277,0.17532446567669024,0.3560807108631552,False,True,COM-00236,直连,,,1.0022152593915763,1.0022152593915763,
PH-0028,Q3-T-003,巡航,3,1711.86707161277,1711.86707161277,0.3560807108631552,0.3560807108631552,True,True,COM-00237,直连,,,2.1343308002043955,2.1343308002043955,
PH-0028,Q3-T-003,巡航,3,1711.86707161277,1812.3143365173619,0.3560807108631552,0.6080126736368072,False,True,COM-00238,直连,,,4.004680937026933,4.004680937026933,
PH-0028,Q3-T-003,巡航,3,1812.3143365173619,1812.3143365173619,0.6080126736368072,0.6080126736368072,True,True,COM-00239,直连,,,6.382114616510577,6.382114616510577,
PH-0028,Q3-T-003,巡航,3,1812.3143365173619,1820.2361023886092,0.6080126736368072,0.6278812686301338,False,True,COM-00240,直连,,,6.599817146250075,6.599817146250075,
PH-0028,Q3-T-003,巡航,3,1820.2361023886092,1820.2361023886092,0.6278812686301338,0.6278812686301338,True,True,COM-00241,直连,,,6.82297430105038,6.82297430105038,
PH-0028,Q3-T-003,巡航,3,1820.2361023886092,1968.6027819252272,0.6278812686301338,1.0,False,True,COM-00242,直连,,,22.523594946854956,22.523594946854956,
PH-0028,Q3-T-003,巡航,3,1968.6027819252272,1968.6027819252272,1.0,1.0,True,True,COM-00243,直连,,,32.7598396645181,32.7598396645181,
PH-0029,Q3-T-003,下降,3,1968.6027819252272,2058.1795533972904,0.0,0.7272340328549594,False,True,COM-00244,直连,,,37.03722108847832,37.03722108847832,
PH-0029,Q3-T-003,下降,3,2058.1795533972904,2058.1795533972904,0.7272340328549594,0.7272340328549594,True,True,COM-00245,直连,,,45.822907643684374,45.822907643684374,
PH-0029,Q3-T-003,下降,3,2058.1795533972904,2069.3541359507435,0.7272340328549594,0.8179555067624322,False,True,COM-00246,直连,,,47.96179382527551,47.96179382527551,
PH-0029,Q3-T-003,下降,3,2069.3541359507435,2069.3541359507435,0.8179555067624322,0.8179555067624322,True,True,COM-00247,直连,,,50.805706205104286,50.805706205104286,
PH-0029,Q3-T-003,下降,3,2069.3541359507435,2079.0881260891533,0.8179555067624322,0.8969814505176609,False,True,COM-00248,直连,,,54.38121115513658,54.38121115513658,
PH-0029,Q3-T-003,下降,3,2079.0881260891533,2079.0881260891533,0.8969814505176609,0.8969814505176609,True,True,COM-00249,直连,,,60.56487003084809,60.56487003084809,
PH-0029,Q3-T-003,下降,3,2079.0881260891533,2080.2542088664936,0.8969814505176609,0.9064483588117644,False,True,COM-00250,直连,,,61.71811229890638,61.71811229890638,
PH-0029,Q3-T-003,下降,3,2080.2542088664936,2080.2542088664936,0.9064483588117644,0.9064483588117644,True,True,COM-00251,直连,,,63.04826031558974,63.04826031558974,
PH-0029,Q3-T-003,下降,3,2080.2542088664936,2091.3671801145865,0.9064483588117644,0.9966696378882541,False,True,COM-00252,直连,,,67.82295300936043,67.82295300936043,
PH-0029,Q3-T-003,下降,3,2091.3671801145865,2091.3671801145865,0.9966696378882541,0.9966696378882541,True,True,COM-00253,直连,,,56.38238674364726,56.38238674364726,
PH-0029,Q3-T-003,下降,3,2091.3671801145865,2091.77739618304,0.9966696378882541,1.0,False,True,COM-00254,直连,,,46.150772984109935,46.150772984109935,
PH-0029,Q3-T-003,下降,3,2091.77739618304,2091.77739618304,1.0,1.0,True,True,COM-00255,直连,,,45.92517525248826,45.92517525248826,
PH-0030,Q3-T-004,爬升,1,360.0,360.0,0.0,0.0,True,True,COM-00256,直连,,,45.92517525248826,45.92517525248826,
PH-0030,Q3-T-004,爬升,1,360.0,360.34184672371094,0.0,0.00705533907522279,False,True,COM-00257,直连,,,46.15077298410978,46.15077298410978,
PH-0030,Q3-T-004,爬升,1,360.34184672371094,360.34184672371094,0.00705533907522279,0.00705533907522279,True,True,COM-00258,直连,,,46.38238674364702,46.38238674364702,
PH-0030,Q3-T-004,爬升,1,360.34184672371094,369.60265609712184,0.00705533907522279,0.19818822322614532,False,True,COM-00259,直连,,,67.82295300936092,67.82295300936092,
PH-0030,Q3-T-004,爬升,1,369.60265609712184,369.60265609712184,0.19818822322614532,0.19818822322614532,True,True,COM-00260,直连,,,63.04826031558974,63.04826031558974,
PH-0030,Q3-T-004,爬升,1,369.60265609712184,370.5743917449054,0.19818822322614532,0.21824377447487314,False,True,COM-00261,直连,,,61.71811229890638,61.71811229890638,
PH-0030,Q3-T-004,爬升,1,370.5743917449054,370.5743917449054,0.21824377447487314,0.21824377447487314,True,True,COM-00262,直连,,,60.56487003084809,60.56487003084809,
PH-0030,Q3-T-004,爬升,1,370.5743917449054,378.6860501935803,0.21824377447487314,0.3856594518770947,False,True,COM-00263,直连,,,54.38121115513681,54.38121115513681,
PH-0030,Q3-T-004,爬升,1,378.6860501935803,378.6860501935803,0.3856594518770947,0.3856594518770947,True,True,COM-00264,直连,,,50.80570620510426,50.80570620510426,
PH-0030,Q3-T-004,爬升,1,378.6860501935803,387.99820232145794,0.3856594518770947,0.5778519938123206,False,True,COM-00265,直连,,,47.96179382527538,47.96179382527538,
PH-0030,Q3-T-004,爬升,1,387.99820232145794,387.99820232145794,0.5778519938123206,0.5778519938123206,True,True,COM-00266,直连,,,45.82290764368433,45.82290764368433,
PH-0030,Q3-T-004,爬升,1,387.99820232145794,408.45220336914065,0.5778519938123206,1.0,False,True,COM-00267,直连,,,42.421013060402686,42.421013060402686,
PH-0030,Q3-T-004,爬升,1,408.45220336914065,408.45220336914065,1.0,1.0,True,True,COM-00268,直连,,,39.982830377148545,39.982830377148545,
PH-0031,Q3-T-004,巡航,1,408.45220336914065,542.4228357746762,0.0,0.5264108467150513,False,True,COM-00269,直连,,,23.738075011207812,23.738075011207812,
PH-0031,Q3-T-004,巡航,1,542.4228357746762,542.4228357746762,0.5264108467150513,0.5264108467150513,True,True,COM-00270,直连,,,17.79550583936357,17.79550583936357,
PH-0031,Q3-T-004,巡航,1,542.4228357746762,595.2985493120008,0.5264108467150513,0.7341754040218321,False,True,COM-00271,直连,,,6.239096637791931,6.239096637791931,
PH-0031,Q3-T-004,巡航,1,595.2985493120008,595.2985493120008,0.7341754040218321,0.7341754040218321,True,True,COM-00272,直连,,,4.918777094567162,4.918777094567162,
PH-0031,Q3-T-004,巡航,1,595.2985493120008,607.6266838664694,0.7341754040218321,0.7826163468815358,False,True,COM-00273,直连,,,4.6377051069436845,4.6377051069436845,
PH-0031,Q3-T-004,巡航,1,607.6266838664694,607.6266838664694,0.7826163468815358,0.7826163468815358,True,True,COM-00274,直连,,,4.365419094587921,4.365419094587921,
PH-0031,Q3-T-004,巡航,1,607.6266838664694,662.9504403290156,0.7826163468815358,1.0,False,True,COM-00275,直连,,,3.2385689458567555,3.2385689458567555,
PH-0031,Q3-T-004,巡航,1,662.9504403290156,662.9504403290156,1.0,1.0,True,True,COM-00276,直连,,,2.2410165102830177,2.2410165102830177,
PH-0032,Q3-T-004,下降,1,662.9504403290156,688.4143651774021,0.0,0.714824110688457,False,True,COM-00277,直连,,,2.244256312054077,2.244256312054077,
PH-0032,Q3-T-004,下降,1,688.4143651774021,688.4143651774021,0.714824110688457,0.714824110688457,True,True,COM-00278,直连,,,2.2465553185876814,2.2465553185876814,
PH-0032,Q3-T-004,下降,1,688.4143651774021,694.3842982433409,0.714824110688457,0.8824122621669849,False,True,COM-00279,直连,,,2.2469580005630974,2.2469580005630974,
PH-0032,Q3-T-004,下降,1,694.3842982433409,694.3842982433409,0.8824122621669849,0.8824122621669849,True,True,COM-00280,直连,,,2.2473088722119314,2.2473088722119314,
PH-0032,Q3-T-004,下降,1,694.3842982433409,697.0820771027705,0.8824122621669849,0.9581443963728433,False,True,COM-00281,直连,,,2.247450429231904,2.247450429231904,
PH-0032,Q3-T-004,下降,1,697.0820771027705,697.0820771027705,0.9581443963728433,0.9581443963728433,True,True,COM-00282,直连,,,2.2475814025186764,2.2475814025186764,
PH-0032,Q3-T-004,下降,1,697.0820771027705,698.5730843719844,0.9581443963728433,1.0,False,True,COM-00283,直连,,,2.247649247293978,2.247649247293978,
PH-0032,Q3-T-004,下降,1,698.5730843719844,698.5730843719844,1.0,1.0,True,True,COM-00284,直连,,,2.24771385877267,2.24771385877267,
PH-0033,Q3-T-004,投送交接,1,698.5730843719844,744.679230704014,0.0,0.21955307777156977,False,True,COM-00285,直连,,,2.24771385877267,2.24771385877267,
PH-0033,Q3-T-004,投送交接,1,744.679230704014,744.679230704014,0.21955307777156977,0.21955307777156977,True,True,COM-00286,直连,,,2.24771385877267,2.24771385877267,
PH-0033,Q3-T-004,投送交接,1,744.679230704014,864.805648987166,0.21955307777156977,0.7915836410246746,False,True,COM-00287,直连,,,2.24771385877267,2.24771385877267,
PH-0033,Q3-T-004,投送交接,1,864.805648987166,864.805648987166,0.7915836410246746,0.7915836410246746,True,True,COM-00288,直连,,,2.24771385877267,2.24771385877267,
PH-0033,Q3-T-004,投送交接,1,864.805648987166,908.5730843719844,0.7915836410246746,1.0,False,True,COM-00289,直连,,,2.24771385877267,2.24771385877267,
PH-0033,Q3-T-004,投送交接,1,908.5730843719844,908.5730843719844,1.0,1.0,True,True,COM-00290,直连,,,2.24771385877267,2.24771385877267,
PH-0034,Q3-T-004,爬升,2,908.5730843719844,909.8155904296625,0.0,0.04185560362715678,False,True,COM-00291,直连,,,2.247649247293978,2.247649247293978,
PH-0034,Q3-T-004,爬升,2,909.8155904296625,909.8155904296625,0.04185560362715678,0.04185560362715678,True,True,COM-00292,直连,,,2.2475814025186764,2.2475814025186764,
PH-0034,Q3-T-004,爬升,2,909.8155904296625,912.0637394791872,0.04185560362715678,0.11758773783301517,False,True,COM-00293,直连,,,2.247450429231904,2.247450429231904,
PH-0034,Q3-T-004,爬升,2,912.0637394791872,912.0637394791872,0.11758773783301517,0.11758773783301517,True,True,COM-00294,直连,,,2.2473088722119314,2.2473088722119314,
PH-0034,Q3-T-004,爬升,2,912.0637394791872,917.0386837008028,0.11758773783301517,0.28517588931154303,False,True,COM-00295,直连,,,2.2469580005630974,2.2469580005630974,
PH-0034,Q3-T-004,爬升,2,917.0386837008028,917.0386837008028,0.28517588931154303,0.28517588931154303,True,True,COM-00296,直连,,,2.2465553185876814,2.2465553185876814,
PH-0034,Q3-T-004,爬升,2,917.0386837008028,938.2586210744583,0.28517588931154303,1.0,False,True,COM-00297,直连,,,2.244256312054077,2.244256312054077,
PH-0034,Q3-T-004,爬升,2,938.2586210744583,938.2586210744583,1.0,1.0,True,True,COM-00298,直连,,,2.2410165102830177,2.2410165102830177,
PH-0035,Q3-T-004,巡航,2,938.2586210744583,993.5823775370045,0.0,0.21738365311846422,False,True,COM-00299,直连,,,3.2385689458567555,3.2385689458567555,
PH-0035,Q3-T-004,巡航,2,993.5823775370045,993.5823775370045,0.21738365311846422,0.21738365311846422,True,True,COM-00300,直连,,,4.365419094587921,4.365419094587921,
PH-0035,Q3-T-004,巡航,2,993.5823775370045,1005.910512091473,0.21738365311846422,0.2658245959781675,False,True,COM-00301,直连,,,4.6377051069436845,4.6377051069436845,
PH-0035,Q3-T-004,巡航,2,1005.910512091473,1005.910512091473,0.2658245959781675,0.2658245959781675,True,True,COM-00302,直连,,,4.918777094567162,4.918777094567162,
PH-0035,Q3-T-004,巡航,2,1005.910512091473,1058.7862256287979,0.2658245959781675,0.47358915328494855,False,True,COM-00303,直连,,,6.239096637791931,6.239096637791931,
PH-0035,Q3-T-004,巡航,2,1058.7862256287979,1058.7862256287979,0.47358915328494855,0.47358915328494855,True,True,COM-00304,直连,,,17.79550583936357,17.79550583936357,
PH-0035,Q3-T-004,巡航,2,1058.7862256287979,1192.7568580343334,0.47358915328494855,1.0,False,True,COM-00305,直连,,,23.738075011207812,23.738075011207812,
PH-0035,Q3-T-004,巡航,2,1192.7568580343334,1192.7568580343334,1.0,1.0,True,True,COM-00306,直连,,,39.982830377148545,39.982830377148545,
PH-0036,Q3-T-004,下降,2,1192.7568580343334,1217.3016592915526,0.0,0.4221480061876795,False,True,COM-00307,直连,,,42.421013060402686,42.421013060402686,
PH-0036,Q3-T-004,下降,2,1217.3016592915526,1217.3016592915526,0.4221480061876795,0.4221480061876795,True,True,COM-00308,直连,,,45.82290764368429,45.82290764368429,
PH-0036,Q3-T-004,下降,2,1217.3016592915526,1225.977956606348,0.4221480061876795,0.5713723398520267,False,True,COM-00309,直连,,,47.43583475502051,47.43583475502051,
PH-0036,Q3-T-004,下降,2,1225.977956606348,1225.977956606348,0.5713723398520267,0.5713723398520267,True,True,COM-00310,直连,,,49.41817448628592,49.41817448628592,
PH-0036,Q3-T-004,下降,2,1225.977956606348,1228.476241845006,0.5713723398520267,0.6143405481229054,False,True,COM-00311,直连,,,50.084263263081965,50.084263263081965,
PH-0036,Q3-T-004,下降,2,1228.476241845006,1228.476241845006,0.6143405481229054,0.6143405481229054,True,True,COM-00312,直连,,,50.805706205104286,50.805706205104286,
PH-0036,Q3-T-004,下降,2,1228.476241845006,1238.2102319834157,0.6143405481229054,0.7817562255251269,False,True,COM-00313,直连,,,54.38121115513681,54.38121115513681,
PH-0036,Q3-T-004,下降,2,1238.2102319834157,1238.2102319834157,0.7817562255251269,0.7817562255251269,True,True,COM-00314,直连,,,60.56487003084809,60.56487003084809,
PH-0036,Q3-T-004,下降,2,1238.2102319834157,1239.376314760756,0.7817562255251269,0.8018117767738546,False,True,COM-00315,直连,,,61.71811229890638,61.71811229890638,
PH-0036,Q3-T-004,下降,2,1239.376314760756,1239.376314760756,0.8018117767738546,0.8018117767738546,True,True,COM-00316,直连,,,63.04826031558974,63.04826031558974,
PH-0036,Q3-T-004,下降,2,1239.376314760756,1250.4892860088491,0.8018117767738546,0.9929446609247771,False,True,COM-00317,直连,,,67.82295300936038,67.82295300936038,
PH-0036,Q3-T-004,下降,2,1250.4892860088491,1250.4892860088491,0.9929446609247771,0.9929446609247771,True,True,COM-00318,直连,,,46.38238674364699,46.38238674364699,
PH-0036,Q3-T-004,下降,2,1250.4892860088491,1250.8995020773023,0.9929446609247771,1.0,False,True,COM-00319,直连,,,46.150772984109935,46.150772984109935,
PH-0036,Q3-T-004,下降,2,1250.8995020773023,1250.8995020773023,1.0,1.0,True,True,COM-00320,直连,,,45.92517525248826,45.92517525248826,
PH-0037,Q3-T-005,爬升,1,360.0,360.0,0.0,0.0,True,True,COM-00321,直连,,,45.92517525248826,45.92517525248826,
PH-0037,Q3-T-005,爬升,1,360.0,360.34184672371094,0.0,0.002668778977357725,False,True,COM-00322,直连,,,46.15077298410978,46.15077298410978,
PH-0037,Q3-T-005,爬升,1,360.34184672371094,360.34184672371094,0.002668778977357725,0.002668778977357725,True,True,COM-00323,直连,,,46.38238674364702,46.38238674364702,
PH-0037,Q3-T-005,爬升,1,360.34184672371094,369.60265609712184,0.002668778977357725,0.07496741943463782,False,True,COM-00324,直连,,,67.82295300936092,67.82295300936092,
PH-0037,Q3-T-005,爬升,1,369.60265609712184,369.60265609712184,0.07496741943463782,0.07496741943463782,True,True,COM-00325,直连,,,63.04826031558974,63.04826031558974,
PH-0037,Q3-T-005,爬升,1,369.60265609712184,370.5743917449054,0.07496741943463782,0.08255370734812625,False,True,COM-00326,直连,,,61.71811229890638,61.71811229890638,
PH-0037,Q3-T-005,爬升,1,370.5743917449054,370.5743917449054,0.08255370734812625,0.08255370734812625,True,True,COM-00327,直连,,,60.56487003084809,60.56487003084809,
PH-0037,Q3-T-005,爬升,1,370.5743917449054,378.6860501935803,0.08255370734812625,0.14588098837140476,False,True,COM-00328,直连,,,54.38121115513681,54.38121115513681,
PH-0037,Q3-T-005,爬升,1,378.6860501935803,378.6860501935803,0.14588098837140476,0.14588098837140476,True,True,COM-00329,直连,,,50.80570620510426,50.80570620510426,
PH-0037,Q3-T-005,爬升,1,378.6860501935803,387.99820232145794,0.14588098837140476,0.218580458950071,False,True,COM-00330,直连,,,47.96179382527538,47.96179382527538,
PH-0037,Q3-T-005,爬升,1,387.99820232145794,387.99820232145794,0.218580458950071,0.218580458950071,True,True,COM-00331,直连,,,45.82290764368432,45.82290764368432,
PH-0037,Q3-T-005,爬升,1,387.99820232145794,488.0910583496094,0.218580458950071,1.0,False,True,COM-00332,直连,,,35.33206699387932,35.33206699387932,
PH-0037,Q3-T-005,爬升,1,488.0910583496094,488.0910583496094,1.0,1.0,True,True,COM-00333,直连,,,30.717231343301734,30.717231343301734,
PH-0038,Q3-T-005,巡航,1,488.0910583496094,534.8765890021349,0.0,0.1547665812608028,False,True,COM-00334,直连,,,27.866197249686593,27.866197249686593,
PH-0038,Q3-T-005,巡航,1,534.8765890021349,534.8765890021349,0.1547665812608028,0.1547665812608028,True,True,COM-00335,直连,,,23.985237776552594,23.985237776552594,
PH-0038,Q3-T-005,巡航,1,534.8765890021349,593.6038086148992,0.1547665812608028,0.34903628130810316,False,True,COM-00336,直连,,,20.36955058484456,20.36955058484456,
PH-0038,Q3-T-005,巡航,1,593.6038086148992,593.6038086148992,0.34903628130810316,0.34903628130810316,True,True,COM-00337,直连,,,17.733207873753017,17.733207873753017,
PH-0038,Q3-T-005,巡航,1,593.6038086148992,738.0826087507219,0.34903628130810316,0.8269722937850094,False,True,COM-00338,直连,,,13.346853385477488,13.346853385477488,
PH-0038,Q3-T-005,巡航,1,738.0826087507219,738.0826087507219,0.8269722937850094,0.8269722937850094,True,True,COM-00339,直连,,,10.424165072705932,10.424165072705932,
PH-0038,Q3-T-005,巡航,1,738.0826087507219,742.895688322179,0.8269722937850094,0.8428939657254864,False,True,COM-00340,直连,,,10.341720892777232,10.341720892777232,
PH-0038,Q3-T-005,巡航,1,742.895688322179,742.895688322179,0.8428939657254864,0.8428939657254864,True,True,COM-00341,直连,,,0.26004478985798585,0.26004478985798585,
PH-0038,Q3-T-005,巡航,1,742.895688322179,744.679230704014,0.8428939657254864,0.8487939256729418,False,True,COM-00342,直连,,,0.22997097746261375,0.22997097746261375,
PH-0038,Q3-T-005,巡航,1,744.679230704014,744.679230704014,0.8487939256729418,0.8487939256729418,True,True,COM-00343,直连,,,0.19999999999896545,0.19999999999896545,
PH-0038,Q3-T-005,巡航,1,744.679230704014,750.7088541594214,0.8487939256729418,0.8687399259740621,False,True,COM-00344,直连,,,0.09942940352307517,0.09942940352307517,
PH-0038,Q3-T-005,巡航,1,750.7088541594214,750.7088541594214,0.8687399259740621,0.8687399259740621,True,True,COM-00345,直连,,,-8.952838470577262e-13,-8.952838470577262e-13,
PH-0038,Q3-T-005,巡航,1,750.7088541594214,790.3884294706104,0.8687399259740621,1.0,False,False,COM-00346,中继,Q3-R-001,0;2;3,1.7960878338589197,-0.6275883283273487,7.511029389008797
PH-0038,Q3-T-005,巡航,1,790.3884294706104,790.3884294706104,1.0,1.0,True,False,COM-00347,中继,Q3-R-001,0;2;3,0.3306075563598796,-1.213163824729719,7.511029389008797
PH-0039,Q3-T-005,下降,1,790.3884294706104,795.1750902401337,0.0,0.07320254176401689,False,False,COM-00348,中继,Q3-R-001,0;2;3,0.3328457570520271,-1.212256517913616,7.511029389008797
PH-0039,Q3-T-005,下降,1,795.1750902401337,795.1750902401337,0.07320254176401689,0.07320254176401689,True,False,COM-00349,中继,Q3-R-001,0;3,0.33499967869116176,-1.2113640524589329,7.511029389008797
PH-0039,Q3-T-005,下降,1,795.1750902401337,844.7310847644897,0.07320254176401689,0.8310638011044853,False,False,COM-00350,中继,Q3-R-001,0;3,0.3523184139888542,-1.2029987526912151,7.511029389008797
PH-0039,Q3-T-005,下降,1,844.7310847644897,844.7310847644897,0.8310638011044853,0.8310638011044853,True,False,COM-00351,中继,Q3-R-001,0;3,0.36048589855019486,-1.196234296101025,7.511029389008797
PH-0039,Q3-T-005,下降,1,844.7310847644897,855.0413130882181,0.8310638011044853,0.9887384214305557,False,False,COM-00352,中继,Q3-R-001,0;3,0.3610292815047984,-1.1950288400438893,7.511029389008797
PH-0039,Q3-T-005,下降,1,855.0413130882181,855.0413130882181,0.9887384214305557,0.9887384214305557,True,False,COM-00353,中继,Q3-R-001,0;3,0.3611739548907167,-1.1938930669570595,7.511029389008797
PH-0039,Q3-T-005,下降,1,855.0413130882181,855.7776994901417,0.9887384214305557,1.0,False,False,COM-00354,中继,Q3-R-001,0,0.36116903070569606,-1.1938146144316732,7.511029389008797
PH-0039,Q3-T-005,下降,1,855.7776994901417,855.7776994901417,1.0,1.0,True,False,COM-00355,中继,Q3-R-001,0,0.3611620723684297,-1.1937365176753048,7.511029389008797
PH-0040,Q3-T-005,投送交接,1,855.7776994901417,864.805648987166,0.0,0.04299023570011589,False,False,COM-00356,中继,Q3-R-001,0,0.3611620723684297,-1.1937365176753048,7.511029389008797
PH-0040,Q3-T-005,投送交接,1,864.805648987166,864.805648987166,0.04299023570011589,0.04299023570011589,True,False,COM-00357,中继,Q3-R-001,0,0.3611620723684297,-1.1937365176753048,7.511029389008797
PH-0040,Q3-T-005,投送交接,1,864.805648987166,1065.7776994901417,0.04299023570011589,1.0,False,False,COM-00358,中继,Q3-R-001,0,0.3611620723684297,-1.1937365176753048,7.511029389008797
PH-0040,Q3-T-005,投送交接,1,1065.7776994901417,1065.7776994901417,1.0,1.0,True,False,COM-00359,中继,Q3-R-001,0,0.3611620723684297,-1.1937365176753048,7.511029389008797
PH-0041,Q3-T-005,爬升,2,1065.7776994901417,1066.391354825078,0.0,0.011261578569444318,False,False,COM-00360,中继,Q3-R-001,0,0.36116903070569606,-1.1938146144316732,7.511029389008797
PH-0041,Q3-T-005,爬升,2,1066.391354825078,1066.391354825078,0.011261578569444318,0.011261578569444318,True,False,COM-00361,中继,Q3-R-001,0,0.3611739548907167,-1.1938930669570595,7.511029389008797
PH-0041,Q3-T-005,爬升,2,1066.391354825078,1074.9832117615183,0.011261578569444318,0.16893619889551476,False,False,COM-00362,中继,Q3-R-001,0;3,0.3610292815047984,-1.1950288400438893,7.511029389008797
PH-0041,Q3-T-005,爬升,2,1074.9832117615183,1074.9832117615183,0.16893619889551476,0.16893619889551476,True,False,COM-00363,中继,Q3-R-001,0;3,0.36048589855019486,-1.196234296101025,7.511029389008797
PH-0041,Q3-T-005,爬升,2,1074.9832117615183,1116.2798738651484,0.16893619889551476,0.9267974582359833,False,False,COM-00364,中继,Q3-R-001,0;3,0.3523184139888542,-1.2029987526912151,7.511029389008797
PH-0041,Q3-T-005,爬升,2,1116.2798738651484,1116.2798738651484,0.9267974582359833,0.9267974582359833,True,False,COM-00365,中继,Q3-R-001,0;2;3,0.33499967869116176,-1.2113640524589329,7.511029389008797
PH-0041,Q3-T-005,爬升,2,1116.2798738651484,1120.268757839751,0.9267974582359833,1.0,False,False,COM-00366,中继,Q3-R-001,0;2;3,0.3328457570520271,-1.212256517913616,7.511029389008797
PH-0041,Q3-T-005,爬升,2,1120.268757839751,1120.268757839751,1.0,1.0,True,False,COM-00367,中继,Q3-R-001,0;2;3,0.3306075563598796,-1.213163824729719,7.511029389008797
PH-0042,Q3-T-005,巡航,2,1120.268757839751,1159.94833315094,0.0,0.1312600740259379,False,False,COM-00368,中继,Q3-R-001,0;2;3,1.7960878338589197,-0.6275883283273487,7.511029389008797
PH-0042,Q3-T-005,巡航,2,1159.94833315094,1159.94833315094,0.1312600740259379,0.1312600740259379,True,True,COM-00369,直连,,,-8.952838470577262e-13,-8.952838470577262e-13,
PH-0042,Q3-T-005,巡航,2,1159.94833315094,1167.7614989881824,0.1312600740259379,0.15710603427451367,False,True,COM-00370,直连,,,0.1290578285403825,0.1290578285403825,
PH-0042,Q3-T-005,巡航,2,1167.7614989881824,1167.7614989881824,0.15710603427451367,0.15710603427451367,True,True,COM-00371,直连,,,0.26004478985798585,0.26004478985798585,
PH-0042,Q3-T-005,巡航,2,1167.7614989881824,1172.5745785596396,0.15710603427451367,0.1730277062149906,False,True,COM-00372,直连,,,10.341720892777232,10.341720892777232,
PH-0042,Q3-T-005,巡航,2,1172.5745785596396,1172.5745785596396,0.1730277062149906,0.1730277062149906,True,True,COM-00373,直连,,,10.424165072705932,10.424165072705932,
PH-0042,Q3-T-005,巡航,2,1172.5745785596396,1225.977956606348,0.1730277062149906,0.3496861331429992,False,True,COM-00374,直连,,,11.395014175363826,11.395014175363826,
PH-0042,Q3-T-005,巡航,2,1225.977956606348,1225.977956606348,0.3496861331429992,0.3496861331429992,True,True,COM-00375,直连,,,12.48654462257602,12.48654462257602,
PH-0042,Q3-T-005,巡航,2,1225.977956606348,1317.0533786954622,0.3496861331429992,0.650963718691897,False,True,COM-00376,直连,,,14.730198985820905,14.730198985820905,
PH-0042,Q3-T-005,巡航,2,1317.0533786954622,1317.0533786954622,0.650963718691897,0.650963718691897,True,True,COM-00377,直连,,,17.733207873753017,17.733207873753017,
PH-0042,Q3-T-005,巡航,2,1317.0533786954622,1375.7805983082264,0.650963718691897,0.8452334187391971,False,True,COM-00378,直连,,,20.36955058484456,20.36955058484456,
PH-0042,Q3-T-005,巡航,2,1375.7805983082264,1375.7805983082264,0.8452334187391971,0.8452334187391971,True,True,COM-00379,直连,,,23.985237776552594,23.985237776552594,
PH-0042,Q3-T-005,巡航,2,1375.7805983082264,1422.566128960752,0.8452334187391971,1.0,False,True,COM-00380,直连,,,27.866197249686593,27.866197249686593,
PH-0042,Q3-T-005,巡航,2,1422.566128960752,1422.566128960752,1.0,1.0,True,True,COM-00381,直连,,,30.717231343301734,30.717231343301734,
PH-0043,Q3-T-005,下降,2,1422.566128960752,1542.6775561945337,0.0,0.781419541049929,False,True,COM-00382,直连,,,35.33206699387934,35.33206699387934,
PH-0043,Q3-T-005,下降,2,1542.6775561945337,1542.6775561945337,0.781419541049929,0.781419541049929,True,True,COM-00383,直连,,,45.822907643684346,45.822907643684346,
PH-0043,Q3-T-005,下降,2,1542.6775561945337,1553.8521387479868,0.781419541049929,0.8541190116285953,False,True,COM-00384,直连,,,47.96179382527539,47.96179382527539,
PH-0043,Q3-T-005,下降,2,1553.8521387479868,1553.8521387479868,0.8541190116285953,0.8541190116285953,True,True,COM-00385,直连,,,50.80570620510426,50.80570620510426,
PH-0043,Q3-T-005,下降,2,1553.8521387479868,1563.5861288863966,0.8541190116285953,0.9174462926518738,False,True,COM-00386,直连,,,54.38121115513678,54.38121115513678,
PH-0043,Q3-T-005,下降,2,1563.5861288863966,1563.5861288863966,0.9174462926518738,0.9174462926518738,True,True,COM-00387,直连,,,60.564870030848056,60.564870030848056,
PH-0043,Q3-T-005,下降,2,1563.5861288863966,1564.752211663737,0.9174462926518738,0.9250325805653622,False,True,COM-00388,直连,,,61.71811229890633,61.71811229890633,
PH-0043,Q3-T-005,下降,2,1564.752211663737,1564.752211663737,0.9250325805653622,0.9250325805653622,True,True,COM-00389,直连,,,63.04826031558969,63.04826031558969,
PH-0043,Q3-T-005,下降,2,1564.752211663737,1575.86518291183,0.9250325805653622,0.9973312210226423,False,True,COM-00390,直连,,,67.82295300936043,67.82295300936043,
PH-0043,Q3-T-005,下降,2,1575.86518291183,1575.86518291183,0.9973312210226423,0.9973312210226423,True,True,COM-00391,直连,,,46.38238674364699,46.38238674364699,
PH-0043,Q3-T-005,下降,2,1575.86518291183,1576.2753989802832,0.9973312210226423,1.0,False,True,COM-00392,直连,,,46.150772984109935,46.150772984109935,
PH-0043,Q3-T-005,下降,2,1576.2753989802832,1576.2753989802832,1.0,1.0,True,True,COM-00393,直连,,,45.92517525248826,45.92517525248826,
PH-0044,Q3-T-006,爬升,1,390.0,390.0,0.0,0.0,True,True,COM-00394,直连,,,45.92517525248826,45.92517525248826,
PH-0044,Q3-T-006,爬升,1,390.0,390.34184672371094,0.0,0.002668778977357725,False,True,COM-00395,直连,,,46.15077298410978,46.15077298410978,
PH-0044,Q3-T-006,爬升,1,390.34184672371094,390.34184672371094,0.002668778977357725,0.002668778977357725,True,True,COM-00396,直连,,,46.38238674364702,46.38238674364702,
PH-0044,Q3-T-006,爬升,1,390.34184672371094,399.60265609712184,0.002668778977357725,0.07496741943463782,False,True,COM-00397,直连,,,67.82295300936092,67.82295300936092,
PH-0044,Q3-T-006,爬升,1,399.60265609712184,399.60265609712184,0.07496741943463782,0.07496741943463782,True,True,COM-00398,直连,,,63.04826031558974,63.04826031558974,
PH-0044,Q3-T-006,爬升,1,399.60265609712184,400.5743917449054,0.07496741943463782,0.08255370734812625,False,True,COM-00399,直连,,,61.71811229890638,61.71811229890638,
PH-0044,Q3-T-006,爬升,1,400.5743917449054,400.5743917449054,0.08255370734812625,0.08255370734812625,True,True,COM-00400,直连,,,60.56487003084809,60.56487003084809,
PH-0044,Q3-T-006,爬升,1,400.5743917449054,408.6860501935803,0.08255370734812625,0.14588098837140476,False,True,COM-00401,直连,,,54.38121115513681,54.38121115513681,
PH-0044,Q3-T-006,爬升,1,408.6860501935803,408.6860501935803,0.14588098837140476,0.14588098837140476,True,True,COM-00402,直连,,,50.80570620510426,50.80570620510426,
PH-0044,Q3-T-006,爬升,1,408.6860501935803,417.99820232145794,0.14588098837140476,0.218580458950071,False,True,COM-00403,直连,,,47.96179382527538,47.96179382527538,
PH-0044,Q3-T-006,爬升,1,417.99820232145794,417.99820232145794,0.218580458950071,0.218580458950071,True,True,COM-00404,直连,,,45.82290764368432,45.82290764368432,
PH-0044,Q3-T-006,爬升,1,417.99820232145794,518.0910583496094,0.218580458950071,1.0,False,True,COM-00405,直连,,,35.33206699387932,35.33206699387932,
PH-0044,Q3-T-006,爬升,1,518.0910583496094,518.0910583496094,1.0,1.0,True,True,COM-00406,直连,,,30.717231343301734,30.717231343301734,
PH-0045,Q3-T-006,巡航,1,518.0910583496094,564.8765890021349,0.0,0.1547665812608028,False,True,COM-00407,直连,,,27.866197249686593,27.866197249686593,
PH-0045,Q3-T-006,巡航,1,564.8765890021349,564.8765890021349,0.1547665812608028,0.1547665812608028,True,True,COM-00408,直连,,,23.985237776552594,23.985237776552594,
PH-0045,Q3-T-006,巡航,1,564.8765890021349,623.6038086148992,0.1547665812608028,0.34903628130810316,False,True,COM-00409,直连,,,20.36955058484456,20.36955058484456,
PH-0045,Q3-T-006,巡航,1,623.6038086148992,623.6038086148992,0.34903628130810316,0.34903628130810316,True,True,COM-00410,直连,,,17.733207873753017,17.733207873753017,
PH-0045,Q3-T-006,巡航,1,623.6038086148992,744.679230704014,0.34903628130810316,0.7495538962649723,False,True,COM-00411,直连,,,13.926754629589212,13.926754629589212,
PH-0045,Q3-T-006,巡航,1,744.679230704014,744.679230704014,0.7495538962649723,0.7495538962649723,True,True,COM-00412,直连,,,11.26911692629912,11.26911692629912,
PH-0045,Q3-T-006,巡航,1,744.679230704014,768.0826087507219,0.7495538962649723,0.8269722937850094,False,True,COM-00413,直连,,,10.836477363106297,10.836477363106297,
PH-0045,Q3-T-006,巡航,1,768.0826087507219,768.0826087507219,0.8269722937850094,0.8269722937850094,True,True,COM-00414,直连,,,10.424165072705932,10.424165072705932,
PH-0045,Q3-T-006,巡航,1,768.0826087507219,772.895688322179,0.8269722937850094,0.8428939657254864,False,True,COM-00415,直连,,,10.341720892777232,10.341720892777232,
PH-0045,Q3-T-006,巡航,1,772.895688322179,772.895688322179,0.8428939657254864,0.8428939657254864,True,True,COM-00416,直连,,,0.26004478985798585,0.26004478985798585,
PH-0045,Q3-T-006,巡航,1,772.895688322179,780.7088541594214,0.8428939657254864,0.8687399259740621,False,True,COM-00417,直连,,,0.1290578285403825,0.1290578285403825,
PH-0045,Q3-T-006,巡航,1,780.7088541594214,780.7088541594214,0.8687399259740621,0.8687399259740621,True,True,COM-00418,直连,,,-8.952838470577262e-13,-8.952838470577262e-13,
PH-0045,Q3-T-006,巡航,1,780.7088541594214,820.3884294706104,0.8687399259740621,1.0,False,False,COM-00419,中继,Q3-R-001,0;2;3,1.7960878338589197,-0.6275883283273487,7.511029389008797
PH-0045,Q3-T-006,巡航,1,820.3884294706104,820.3884294706104,1.0,1.0,True,False,COM-00420,中继,Q3-R-001,0;2;3,0.3306075563598796,-1.213163824729719,7.511029389008797
PH-0046,Q3-T-006,下降,1,820.3884294706104,825.1750902401337,0.0,0.07320254176401689,False,False,COM-00421,中继,Q3-R-001,0;2;3,0.3328457570520271,-1.212256517913616,7.511029389008797
PH-0046,Q3-T-006,下降,1,825.1750902401337,825.1750902401337,0.07320254176401689,0.07320254176401689,True,False,COM-00422,中继,Q3-R-001,0;3,0.33499967869116176,-1.2113640524589329,7.511029389008797
PH-0046,Q3-T-006,下降,1,825.1750902401337,864.805648987166,0.07320254176401689,0.6792738243336948,False,False,COM-00423,中继,Q3-R-001,0;3,0.34957990184202004,-1.2045462821382245,7.511029389008797
PH-0046,Q3-T-006,下降,1,864.805648987166,864.805648987166,0.6792738243336948,0.6792738243336948,True,False,COM-00424,中继,Q3-R-001,0;3,0.35831749979570304,-1.1987512523081563,7.511029389008797
PH-0046,Q3-T-006,下降,1,864.805648987166,874.7310847644897,0.6792738243336948,0.8310638011044853,False,False,COM-00425,中继,Q3-R-001,0;3,0.35958626744805144,-1.197460539132564,7.511029389008797
PH-0046,Q3-T-006,下降,1,874.7310847644897,874.7310847644897,0.8310638011044853,0.8310638011044853,True,False,COM-00426,中继,Q3-R-001,0;3,0.36048589855019486,-1.196234296101025,7.511029389008797
PH-0046,Q3-T-006,下降,1,874.7310847644897,885.0413130882181,0.8310638011044853,0.9887384214305557,False,False,COM-00427,中继,Q3-R-001,0;3,0.3610292815047984,-1.1950288400438893,7.511029389008797
PH-0046,Q3-T-006,下降,1,885.0413130882181,885.0413130882181,0.9887384214305557,0.9887384214305557,True,False,COM-00428,中继,Q3-R-001,0;3,0.3611739548907167,-1.1938930669570595,7.511029389008797
PH-0046,Q3-T-006,下降,1,885.0413130882181,885.7776994901417,0.9887384214305557,1.0,False,False,COM-00429,中继,Q3-R-001,0,0.36116903070569606,-1.1938146144316732,7.511029389008797
PH-0046,Q3-T-006,下降,1,885.7776994901417,885.7776994901417,1.0,1.0,True,False,COM-00430,中继,Q3-R-001,0,0.3611620723684297,-1.1937365176753048,7.511029389008797
PH-0047,Q3-T-006,投送交接,1,885.7776994901417,1125.7776994901417,0.0,1.0,False,False,COM-00431,中继,Q3-R-001,0,0.3611620723684297,-1.1937365176753048,7.511029389008797
PH-0047,Q3-T-006,投送交接,1,1125.7776994901417,1125.7776994901417,1.0,1.0,True,False,COM-00432,中继,Q3-R-001,0,0.3611620723684297,-1.1937365176753048,7.511029389008797
PH-0048,Q3-T-006,爬升,2,1125.7776994901417,1126.391354825078,0.0,0.011261578569444318,False,False,COM-00433,中继,Q3-R-001,0,0.36116903070569606,-1.1938146144316732,7.511029389008797
PH-0048,Q3-T-006,爬升,2,1126.391354825078,1126.391354825078,0.011261578569444318,0.011261578569444318,True,False,COM-00434,中继,Q3-R-001,0,0.3611739548907167,-1.1938930669570595,7.511029389008797
PH-0048,Q3-T-006,爬升,2,1126.391354825078,1134.9832117615183,0.011261578569444318,0.16893619889551476,False,False,COM-00435,中继,Q3-R-001,0;3,0.3610292815047984,-1.1950288400438893,7.511029389008797
PH-0048,Q3-T-006,爬升,2,1134.9832117615183,1134.9832117615183,0.16893619889551476,0.16893619889551476,True,False,COM-00436,中继,Q3-R-001,0;3,0.36048589855019486,-1.196234296101025,7.511029389008797
PH-0048,Q3-T-006,爬升,2,1134.9832117615183,1176.2798738651484,0.16893619889551476,0.9267974582359833,False,False,COM-00437,中继,Q3-R-001,0;3,0.3523184139888542,-1.2029987526912151,7.511029389008797
PH-0048,Q3-T-006,爬升,2,1176.2798738651484,1176.2798738651484,0.9267974582359833,0.9267974582359833,True,False,COM-00438,中继,Q3-R-001,0;2;3,0.33499967869116176,-1.2113640524589329,7.511029389008797
PH-0048,Q3-T-006,爬升,2,1176.2798738651484,1180.268757839751,0.9267974582359833,1.0,False,False,COM-00439,中继,Q3-R-001,0;2;3,0.3328457570520271,-1.212256517913616,7.511029389008797
PH-0048,Q3-T-006,爬升,2,1180.268757839751,1180.268757839751,1.0,1.0,True,False,COM-00440,中继,Q3-R-001,0;2;3,0.3306075563598796,-1.213163824729719,7.511029389008797
PH-0049,Q3-T-006,巡航,2,1180.268757839751,1219.94833315094,0.0,0.1312600740259379,False,False,COM-00441,中继,Q3-R-001,0;2;3,1.7960878338589197,-0.6275883283273487,7.511029389008797
PH-0049,Q3-T-006,巡航,2,1219.94833315094,1219.94833315094,0.1312600740259379,0.1312600740259379,True,True,COM-00442,直连,,,-8.952838470577262e-13,-8.952838470577262e-13,
PH-0049,Q3-T-006,巡航,2,1219.94833315094,1225.977956606348,0.1312600740259379,0.15120607432706018,False,True,COM-00443,直连,,,0.09942940352307517,0.09942940352307517,
PH-0049,Q3-T-006,巡航,2,1225.977956606348,1225.977956606348,0.15120607432706018,0.15120607432706018,True,True,COM-00444,直连,,,0.19999999999896545,0.19999999999896545,
PH-0049,Q3-T-006,巡航,2,1225.977956606348,1227.7614989881824,0.15120607432706018,0.15710603427451367,False,True,COM-00445,直连,,,0.22997097746261375,0.22997097746261375,
PH-0049,Q3-T-006,巡航,2,1227.7614989881824,1227.7614989881824,0.15710603427451367,0.15710603427451367,True,True,COM-00446,直连,,,0.26004478985798585,0.26004478985798585,
PH-0049,Q3-T-006,巡航,2,1227.7614989881824,1232.5745785596396,0.15710603427451367,0.1730277062149906,False,True,COM-00447,直连,,,10.341720892777232,10.341720892777232,
PH-0049,Q3-T-006,巡航,2,1232.5745785596396,1232.5745785596396,0.1730277062149906,0.1730277062149906,True,True,COM-00448,直连,,,10.424165072705932,10.424165072705932,
PH-0049,Q3-T-006,巡航,2,1232.5745785596396,1377.0533786954622,0.1730277062149906,0.650963718691897,False,True,COM-00449,直连,,,13.346853385477488,13.346853385477488,
PH-0049,Q3-T-006,巡航,2,1377.0533786954622,1377.0533786954622,0.650963718691897,0.650963718691897,True,True,COM-00450,直连,,,17.733207873753017,17.733207873753017,
PH-0049,Q3-T-006,巡航,2,1377.0533786954622,1435.7805983082264,0.650963718691897,0.8452334187391971,False,True,COM-00451,直连,,,20.36955058484456,20.36955058484456,
PH-0049,Q3-T-006,巡航,2,1435.7805983082264,1435.7805983082264,0.8452334187391971,0.8452334187391971,True,True,COM-00452,直连,,,23.985237776552594,23.985237776552594,
PH-0049,Q3-T-006,巡航,2,1435.7805983082264,1482.566128960752,0.8452334187391971,1.0,False,True,COM-00453,直连,,,27.866197249686593,27.866197249686593,
PH-0049,Q3-T-006,巡航,2,1482.566128960752,1482.566128960752,1.0,1.0,True,True,COM-00454,直连,,,30.717231343301734,30.717231343301734,
PH-0050,Q3-T-006,下降,2,1482.566128960752,1602.6775561945337,0.0,0.781419541049929,False,True,COM-00455,直连,,,35.33206699387934,35.33206699387934,
PH-0050,Q3-T-006,下降,2,1602.6775561945337,1602.6775561945337,0.781419541049929,0.781419541049929,True,True,COM-00456,直连,,,45.822907643684346,45.822907643684346,
PH-0050,Q3-T-006,下降,2,1602.6775561945337,1613.8521387479868,0.781419541049929,0.8541190116285953,False,True,COM-00457,直连,,,47.96179382527539,47.96179382527539,
PH-0050,Q3-T-006,下降,2,1613.8521387479868,1613.8521387479868,0.8541190116285953,0.8541190116285953,True,True,COM-00458,直连,,,50.80570620510426,50.80570620510426,
PH-0050,Q3-T-006,下降,2,1613.8521387479868,1623.5861288863966,0.8541190116285953,0.9174462926518738,False,True,COM-00459,直连,,,54.38121115513678,54.38121115513678,
PH-0050,Q3-T-006,下降,2,1623.5861288863966,1623.5861288863966,0.9174462926518738,0.9174462926518738,True,True,COM-00460,直连,,,60.564870030848056,60.564870030848056,
PH-0050,Q3-T-006,下降,2,1623.5861288863966,1624.752211663737,0.9174462926518738,0.9250325805653622,False,True,COM-00461,直连,,,61.71811229890633,61.71811229890633,
PH-0050,Q3-T-006,下降,2,1624.752211663737,1624.752211663737,0.9250325805653622,0.9250325805653622,True,True,COM-00462,直连,,,63.04826031558969,63.04826031558969,
PH-0050,Q3-T-006,下降,2,1624.752211663737,1635.86518291183,0.9250325805653622,0.9973312210226423,False,True,COM-00463,直连,,,67.82295300936043,67.82295300936043,
PH-0050,Q3-T-006,下降,2,1635.86518291183,1635.86518291183,0.9973312210226423,0.9973312210226423,True,True,COM-00464,直连,,,46.38238674364699,46.38238674364699,
PH-0050,Q3-T-006,下降,2,1635.86518291183,1636.2753989802832,0.9973312210226423,1.0,False,True,COM-00465,直连,,,46.150772984109935,46.150772984109935,
PH-0050,Q3-T-006,下降,2,1636.2753989802832,1636.2753989802832,1.0,1.0,True,True,COM-00466,直连,,,45.92517525248826,45.92517525248826,
PH-0051,Q3-T-007,爬升,1,480.0,480.0,0.0,0.0,True,True,COM-00467,直连,,,45.92517525248826,45.92517525248826,
PH-0051,Q3-T-007,爬升,1,480.0,480.4102160684531,0.0,0.0043018014504890775,False,True,COM-00468,直连,,,46.15077298410981,46.15077298410981,
PH-0051,Q3-T-007,爬升,1,480.4102160684531,480.4102160684531,0.0043018014504890775,0.0043018014504890775,True,True,COM-00469,直连,,,46.38238674364699,46.38238674364699,
PH-0051,Q3-T-007,爬升,1,480.4102160684531,491.5231873165462,0.0043018014504890775,0.12083988835322745,False,True,COM-00470,直连,,,67.82295300936092,67.82295300936092,
PH-0051,Q3-T-007,爬升,1,491.5231873165462,491.5231873165462,0.12083988835322745,0.12083988835322745,True,True,COM-00471,直连,,,63.04826031558969,63.04826031558969,
PH-0051,Q3-T-007,爬升,1,491.5231873165462,492.6892700938865,0.12083988835322745,0.13306821622411874,False,True,COM-00472,直连,,,61.71811229890633,61.71811229890633,
PH-0051,Q3-T-007,爬升,1,492.6892700938865,492.6892700938865,0.13306821622411874,0.13306821622411874,True,True,COM-00473,直连,,,60.564870030848134,60.564870030848134,
PH-0051,Q3-T-007,爬升,1,492.6892700938865,502.42326023229634,0.13306821622411874,0.23514538022785536,False,True,COM-00474,直连,,,54.38121115513678,54.38121115513678,
PH-0051,Q3-T-007,爬升,1,502.42326023229634,502.42326023229634,0.23514538022785536,0.23514538022785536,True,True,COM-00475,直连,,,50.80570620510426,50.80570620510426,
PH-0051,Q3-T-007,爬升,1,502.42326023229634,513.5978427857495,0.23514538022785536,0.3523295646951384,False,True,COM-00476,直连,,,47.961793825275365,47.961793825275365,
PH-0051,Q3-T-007,爬升,1,513.5978427857495,513.5978427857495,0.3523295646951384,0.3523295646951384,True,True,COM-00477,直连,,,45.82290764368432,45.82290764368432,
PH-0051,Q3-T-007,爬升,1,513.5978427857495,575.3591357421875,0.3523295646951384,1.0,False,True,COM-00478,直连,,,38.94931356611828,38.94931356611828,
PH-0051,Q3-T-007,爬升,1,575.3591357421875,575.3591357421875,1.0,1.0,True,True,COM-00479,直连,,,35.16080841557533,35.16080841557533,
PH-0052,Q3-T-007,巡航,1,575.3591357421875,635.4678711760789,0.0,0.28297932244880786,False,True,COM-00480,直连,,,27.950231027593645,27.950231027593645,
PH-0052,Q3-T-007,巡航,1,635.4678711760789,635.4678711760789,0.28297932244880786,0.28297932244880786,True,True,COM-00481,直连,,,22.59760342363957,22.59760342363957,
PH-0052,Q3-T-007,巡航,1,635.4678711760789,668.3565409173968,0.28297932244880786,0.437812283289858,False,True,COM-00482,直连,,,20.590397997678338,20.590397997678338,
PH-0052,Q3-T-007,巡航,1,668.3565409173968,668.3565409173968,0.437812283289858,0.437812283289858,True,True,COM-00483,直连,,,18.949389180319542,18.949389180319542,
PH-0052,Q3-T-007,巡航,1,668.3565409173968,670.4880552747222,0.437812283289858,0.4478470059349419,False,True,COM-00484,直连,,,18.85275615142824,18.85275615142824,
PH-0052,Q3-T-007,巡航,1,670.4880552747222,670.4880552747222,0.4478470059349419,0.4478470059349419,True,True,COM-00485,直连,,,18.757161170258954,18.757161170258954,
PH-0052,Q3-T-007,巡航,1,670.4880552747222,675.5171422151001,0.4478470059349419,0.4715228927199742,False,True,COM-00486,直连,,,18.53560594563359,18.53560594563359,
PH-0052,Q3-T-007,巡航,1,675.5171422151001,675.5171422151001,0.4715228927199742,0.4715228927199742,True,True,COM-00487,直连,,,18.319442125716833,18.319442125716833,
PH-0052,Q3-T-007,巡航,1,675.5171422151001,744.679230704014,0.4715228927199742,0.7971235029883827,False,True,COM-00488,直连,,,5.783687155241765,5.783687155241765,
PH-0052,Q3-T-007,巡航,1,744.679230704014,744.679230704014,0.7971235029883827,0.7971235029883827,True,True,COM-00489,直连,,,3.817810255984199,3.817810255984199,
PH-0052,Q3-T-007,巡航,1,744.679230704014,757.4551841725358,0.7971235029883827,0.8572700129767024,False,True,COM-00490,直连,,,3.4984223881242826,3.4984223881242826,
PH-0052,Q3-T-007,巡航,1,757.4551841725358,757.4551841725358,0.8572700129767024,0.8572700129767024,True,True,COM-00491,直连,,,3.19028820897897,3.19028820897897,
PH-0052,Q3-T-007,巡航,1,757.4551841725358,787.7730143031038,0.8572700129767024,1.0,False,True,COM-00492,直连,,,2.4998191753368815,2.4998191753368815,
PH-0052,Q3-T-007,巡航,1,787.7730143031038,787.7730143031038,1.0,1.0,True,True,COM-00493,直连,,,1.8599604785582073,1.8599604785582073,
PH-0053,Q3-T-007,下降,1,787.7730143031038,797.7026457866579,0.0,0.38713644115677404,False,True,COM-00494,直连,,,1.8617656474524011,1.8617656474524011,
PH-0053,Q3-T-007,下降,1,797.7026457866579,797.7026457866579,0.38713644115677404,0.38713644115677404,True,True,COM-00495,直连,,,1.8634875327991267,1.8634875327991267,
PH-0053,Q3-T-007,下降,1,797.7026457866579,801.1180267049251,0.38713644115677404,0.5202953016928032,False,True,COM-00496,直连,,,1.8640605221990256,1.8640605221990256,
PH-0053,Q3-T-007,下降,1,801.1180267049251,801.1180267049251,0.5202953016928032,0.5202953016928032,True,True,COM-00497,直连,,,1.864623642821229,1.864623642821229,
PH-0053,Q3-T-007,下降,1,801.1180267049251,813.4219339808382,0.5202953016928032,1.0,False,True,COM-00498,直连,,,1.8665704108951218,1.8665704108951218,
PH-0053,Q3-T-007,下降,1,813.4219339808382,813.4219339808382,1.0,1.0,True,True,COM-00499,直连,,,1.8683888800624544,1.8683888800624544,
PH-0054,Q3-T-007,投送交接,1,813.4219339808382,864.805648987166,0.0,0.12975685607658546,False,True,COM-00500,直连,,,1.8683888800624544,1.8683888800624544,
PH-0054,Q3-T-007,投送交接,1,864.805648987166,864.805648987166,0.12975685607658546,0.12975685607658546,True,True,COM-00501,直连,,,1.8683888800624544,1.8683888800624544,
PH-0054,Q3-T-007,投送交接,1,864.805648987166,1209.4219339808383,0.12975685607658546,1.0,False,True,COM-00502,直连,,,1.8683888800624544,1.8683888800624544,
PH-0054,Q3-T-007,投送交接,1,1209.4219339808383,1209.4219339808383,1.0,1.0,True,True,COM-00503,直连,,,1.8683888800624544,1.8683888800624544,
PH-0055,Q3-T-007,爬升,2,1209.4219339808383,1219.2650598015687,0.0,0.47970469830719675,False,True,COM-00504,直连,,,1.8665704108951218,1.8665704108951218,
PH-0055,Q3-T-007,爬升,2,1219.2650598015687,1219.2650598015687,0.47970469830719675,0.47970469830719675,True,True,COM-00505,直连,,,1.864623642821229,1.864623642821229,
PH-0055,Q3-T-007,爬升,2,1219.2650598015687,1221.9973645361824,0.47970469830719675,0.6128635588432261,False,True,COM-00506,直连,,,1.8640605221990256,1.8640605221990256,
PH-0055,Q3-T-007,爬升,2,1221.9973645361824,1221.9973645361824,0.6128635588432261,0.6128635588432261,True,True,COM-00507,直连,,,1.8634875327991267,1.8634875327991267,
PH-0055,Q3-T-007,爬升,2,1221.9973645361824,1225.977956606348,0.6128635588432261,0.806857697786484,False,True,COM-00508,直连,,,1.8626351124590457,1.8626351124590457,
PH-0055,Q3-T-007,爬升,2,1225.977956606348,1225.977956606348,0.806857697786484,0.806857697786484,True,True,COM-00509,直连,,,1.8617617668317337,1.8617617668317337,
PH-0055,Q3-T-007,爬升,2,1225.977956606348,1229.9410697230257,0.806857697786484,1.0,False,True,COM-00510,直连,,,1.8608714809934384,1.8608714809934384,
PH-0055,Q3-T-007,爬升,2,1229.9410697230257,1229.9410697230257,1.0,1.0,True,True,COM-00511,直连,,,1.8599604785582073,1.8599604785582073,
PH-0056,Q3-T-007,巡航,2,1229.9410697230257,1260.2588998535937,0.0,0.14272998702329762,False,True,COM-00512,直连,,,2.4998191753368815,2.4998191753368815,
PH-0056,Q3-T-007,巡航,2,1260.2588998535937,1260.2588998535937,0.14272998702329762,0.14272998702329762,True,True,COM-00513,直连,,,3.19028820897897,3.19028820897897,
PH-0056,Q3-T-007,巡航,2,1260.2588998535937,1342.1969418110295,0.14272998702329762,0.5284771072800257,False,True,COM-00514,直连,,,5.385790406854483,5.385790406854483,
PH-0056,Q3-T-007,巡航,2,1342.1969418110295,1342.1969418110295,0.5284771072800257,0.5284771072800257,True,True,COM-00515,直连,,,18.319442125716833,18.319442125716833,
PH-0056,Q3-T-007,巡航,2,1342.1969418110295,1347.2260287514075,0.5284771072800257,0.5521529940650587,False,True,COM-00516,直连,,,18.53560594563359,18.53560594563359,
PH-0056,Q3-T-007,巡航,2,1347.2260287514075,1347.2260287514075,0.5521529940650587,0.5521529940650587,True,True,COM-00517,直连,,,18.757161170258954,18.757161170258954,
PH-0056,Q3-T-007,巡航,2,1347.2260287514075,1349.3575431087327,0.5521529940650587,0.5621877167101419,False,True,COM-00518,直连,,,18.85275615142824,18.85275615142824,
PH-0056,Q3-T-007,巡航,2,1349.3575431087327,1349.3575431087327,0.5621877167101419,0.5621877167101419,True,True,COM-00519,直连,,,18.949389180319542,18.949389180319542,
PH-0056,Q3-T-007,巡航,2,1349.3575431087327,1382.2462128500506,0.5621877167101419,0.7170206775511921,False,True,COM-00520,直连,,,20.590397997678338,20.590397997678338,
PH-0056,Q3-T-007,巡航,2,1382.2462128500506,1382.2462128500506,0.7170206775511921,0.7170206775511921,True,True,COM-00521,直连,,,22.59760342363957,22.59760342363957,
PH-0056,Q3-T-007,巡航,2,1382.2462128500506,1442.3549482839421,0.7170206775511921,1.0,False,True,COM-00522,直连,,,27.950231027593645,27.950231027593645,
PH-0056,Q3-T-007,巡航,2,1442.3549482839421,1442.3549482839421,1.0,1.0,True,True,COM-00523,直连,,,35.16080841557533,35.16080841557533,
PH-0057,Q3-T-007,下降,2,1442.3549482839421,1519.5565644794897,0.0,0.6476704353048617,False,True,COM-00524,直连,,,38.94931356611828,38.94931356611828,
PH-0057,Q3-T-007,下降,2,1519.5565644794897,1519.5565644794897,0.6476704353048617,0.6476704353048617,True,True,COM-00525,直连,,,45.82290764368433,45.82290764368433,
PH-0057,Q3-T-007,下降,2,1519.5565644794897,1533.5247926713062,0.6476704353048617,0.7648546197721446,False,True,COM-00526,直连,,,47.961793825275436,47.961793825275436,
PH-0057,Q3-T-007,下降,2,1533.5247926713062,1533.5247926713062,0.7648546197721446,0.7648546197721446,True,True,COM-00527,直连,,,50.80570620510426,50.80570620510426,
PH-0057,Q3-T-007,下降,2,1533.5247926713062,1545.6922803443185,0.7648546197721446,0.8669317837758812,False,True,COM-00528,直连,,,54.381211155136896,54.381211155136896,
PH-0057,Q3-T-007,下降,2,1545.6922803443185,1545.6922803443185,0.8669317837758812,0.8669317837758812,True,True,COM-00529,直连,,,60.56487003084822,60.56487003084822,
PH-0057,Q3-T-007,下降,2,1545.6922803443185,1547.149883815994,0.8669317837758812,0.8791601116467725,False,True,COM-00530,直连,,,61.71811229890674,61.71811229890674,
PH-0057,Q3-T-007,下降,2,1547.149883815994,1547.149883815994,0.8791601116467725,0.8791601116467725,True,True,COM-00531,直连,,,63.04826031558993,63.04826031558993,
PH-0057,Q3-T-007,下降,2,1547.149883815994,1561.0410978761101,0.8791601116467725,0.9956981985495109,False,True,COM-00532,直连,,,67.82295300936038,67.82295300936038,
PH-0057,Q3-T-007,下降,2,1561.0410978761101,1561.0410978761101,0.9956981985495109,0.9956981985495109,True,True,COM-00533,直连,,,56.38238674364703,56.38238674364703,
PH-0057,Q3-T-007,下降,2,1561.0410978761101,1561.5538679616766,0.9956981985495109,1.0,False,True,COM-00534,直连,,,46.150772984109835,46.150772984109835,
PH-0057,Q3-T-007,下降,2,1561.5538679616766,1561.5538679616766,1.0,1.0,True,True,COM-00535,直连,,,45.92517525248826,45.92517525248826,
PH-0058,Q3-T-008,爬升,1,450.0,450.0,0.0,0.0,True,True,COM-00536,直连,,,45.92517525248826,45.92517525248826,
PH-0058,Q3-T-008,爬升,1,450.0,450.4102160684531,0.0,0.00705533907522279,False,True,COM-00537,直连,,,46.15077298410981,46.15077298410981,
PH-0058,Q3-T-008,爬升,1,450.4102160684531,450.4102160684531,0.00705533907522279,0.00705533907522279,True,True,COM-00538,直连,,,46.38238674364699,46.38238674364699,
PH-0058,Q3-T-008,爬升,1,450.4102160684531,461.5231873165462,0.00705533907522279,0.19818822322614532,False,True,COM-00539,直连,,,67.82295300936092,67.82295300936092,
PH-0058,Q3-T-008,爬升,1,461.5231873165462,461.5231873165462,0.19818822322614532,0.19818822322614532,True,True,COM-00540,直连,,,63.04826031558969,63.04826031558969,
PH-0058,Q3-T-008,爬升,1,461.5231873165462,462.6892700938865,0.19818822322614532,0.21824377447487314,False,True,COM-00541,直连,,,61.71811229890633,61.71811229890633,
PH-0058,Q3-T-008,爬升,1,462.6892700938865,462.6892700938865,0.21824377447487314,0.21824377447487314,True,True,COM-00542,直连,,,60.564870030848134,60.564870030848134,
PH-0058,Q3-T-008,爬升,1,462.6892700938865,472.42326023229634,0.21824377447487314,0.3856594518770947,False,True,COM-00543,直连,,,54.38121115513678,54.38121115513678,
PH-0058,Q3-T-008,爬升,1,472.42326023229634,472.42326023229634,0.3856594518770947,0.3856594518770947,True,True,COM-00544,直连,,,50.80570620510426,50.80570620510426,
PH-0058,Q3-T-008,爬升,1,472.42326023229634,483.59784278574955,0.3856594518770947,0.5778519938123206,False,True,COM-00545,直连,,,47.961793825275365,47.961793825275365,
PH-0058,Q3-T-008,爬升,1,483.59784278574955,483.59784278574955,0.5778519938123206,0.5778519938123206,True,True,COM-00546,直连,,,45.82290764368432,45.82290764368432,
PH-0058,Q3-T-008,爬升,1,483.59784278574955,508.14264404296875,0.5778519938123206,1.0,False,True,COM-00547,直连,,,42.421013060402686,42.421013060402686,
PH-0058,Q3-T-008,爬升,1,508.14264404296875,508.14264404296875,1.0,1.0,True,True,COM-00548,直连,,,39.982830377148545,39.982830377148545,
PH-0059,Q3-T-008,巡航,1,508.14264404296875,615.3191499673972,0.0,0.5264108467150513,False,True,COM-00549,直连,,,23.738075011207812,23.738075011207812,
PH-0059,Q3-T-008,巡航,1,615.3191499673972,615.3191499673972,0.5264108467150513,0.5264108467150513,True,True,COM-00550,直连,,,17.79550583936357,17.79550583936357,
PH-0059,Q3-T-008,巡航,1,615.3191499673972,657.6197207972568,0.5264108467150513,0.7341754040218321,False,True,COM-00551,直连,,,6.239096637791931,6.239096637791931,
PH-0059,Q3-T-008,巡航,1,657.6197207972568,657.6197207972568,0.7341754040218321,0.7341754040218321,True,True,COM-00552,直连,,,4.918777094567162,4.918777094567162,
PH-0059,Q3-T-008,巡航,1,657.6197207972568,667.4822284408317,0.7341754040218321,0.7826163468815358,False,True,COM-00553,直连,,,4.6377051069436845,4.6377051069436845,
PH-0059,Q3-T-008,巡航,1,667.4822284408317,667.4822284408317,0.7826163468815358,0.7826163468815358,True,True,COM-00554,直连,,,4.365419094587921,4.365419094587921,
PH-0059,Q3-T-008,巡航,1,667.4822284408317,711.7412336108687,0.7826163468815358,1.0,False,True,COM-00555,直连,,,3.2385689458567555,3.2385689458567555,
PH-0059,Q3-T-008,巡航,1,711.7412336108687,711.7412336108687,1.0,1.0,True,True,COM-00556,直连,,,2.2410165102830177,2.2410165102830177,
PH-0060,Q3-T-008,下降,1,711.7412336108687,743.571139671352,0.0,0.714824110688457,False,True,COM-00557,直连,,,2.244256312054077,2.244256312054077,
PH-0060,Q3-T-008,下降,1,743.571139671352,743.571139671352,0.714824110688457,0.714824110688457,True,True,COM-00558,直连,,,2.2465553185876814,2.2465553185876814,
PH-0060,Q3-T-008,下降,1,743.571139671352,744.679230704014,0.714824110688457,0.7397092041436307,False,True,COM-00559,直连,,,2.246618387581364,2.246618387581364,
PH-0060,Q3-T-008,下降,1,744.679230704014,744.679230704014,0.7397092041436307,0.7397092041436307,True,True,COM-00560,直连,,,2.246680314465891,2.246680314465891,
PH-0060,Q3-T-008,下降,1,744.679230704014,751.0335560037753,0.7397092041436307,0.8824122621669849,False,True,COM-00561,直连,,,2.2470133771297753,2.2470133771297753,
PH-0060,Q3-T-008,下降,1,751.0335560037753,751.0335560037753,0.8824122621669849,0.8824122621669849,True,True,COM-00562,直连,,,2.2473088722119314,2.2473088722119314,
PH-0060,Q3-T-008,下降,1,751.0335560037753,754.4057795780624,0.8824122621669849,0.9581443963728433,False,True,COM-00563,直连,,,2.247450429231904,2.247450429231904,
PH-0060,Q3-T-008,下降,1,754.4057795780624,754.4057795780624,0.9581443963728433,0.9581443963728433,True,True,COM-00564,直连,,,2.2475814025186764,2.2475814025186764,
PH-0060,Q3-T-008,下降,1,754.4057795780624,756.2695386645796,0.9581443963728433,1.0,False,True,COM-00565,直连,,,2.247649247293978,2.247649247293978,
PH-0060,Q3-T-008,下降,1,756.2695386645796,756.2695386645796,1.0,1.0,True,True,COM-00566,直连,,,2.24771385877267,2.24771385877267,
PH-0061,Q3-T-008,投送交接,1,756.2695386645796,864.805648987166,0.0,0.430698850486454,False,True,COM-00567,直连,,,2.24771385877267,2.24771385877267,
PH-0061,Q3-T-008,投送交接,1,864.805648987166,864.805648987166,0.430698850486454,0.430698850486454,True,True,COM-00568,直连,,,2.24771385877267,2.24771385877267,
PH-0061,Q3-T-008,投送交接,1,864.805648987166,1008.2695386645796,0.430698850486454,1.0,False,True,COM-00569,直连,,,2.24771385877267,2.24771385877267,
PH-0061,Q3-T-008,投送交接,1,1008.2695386645796,1008.2695386645796,1.0,1.0,True,True,COM-00570,直连,,,2.24771385877267,2.24771385877267,
PH-0062,Q3-T-008,爬升,2,1008.2695386645796,1009.7605459337934,0.0,0.014815278061416881,False,True,COM-00571,直连,,,2.247649247293978,2.247649247293978,
PH-0062,Q3-T-008,爬升,2,1009.7605459337934,1009.7605459337934,0.014815278061416881,0.014815278061416881,True,True,COM-00572,直连,,,2.2475814025186764,2.2475814025186764,
PH-0062,Q3-T-008,爬升,2,1009.7605459337934,1012.458324793223,0.014815278061416881,0.04162154841027789,False,True,COM-00573,直连,,,2.247450429231904,2.247450429231904,
PH-0062,Q3-T-008,爬升,2,1012.458324793223,1012.458324793223,0.04162154841027789,0.04162154841027789,True,True,COM-00574,直连,,,2.2473088722119314,2.2473088722119314,
PH-0062,Q3-T-008,爬升,2,1012.458324793223,1018.4282578591618,0.04162154841027789,0.10094132518545525,False,True,COM-00575,直连,,,2.2469580005630974,2.2469580005630974,
PH-0062,Q3-T-008,爬升,2,1018.4282578591618,1018.4282578591618,0.10094132518545525,0.10094132518545525,True,True,COM-00576,直连,,,2.2465553185876814,2.2465553185876814,
PH-0062,Q3-T-008,爬升,2,1018.4282578591618,1089.003358672037,0.10094132518545525,0.8022053393485857,False,True,COM-00577,直连,,,2.237875092767325,2.237875092767325,
PH-0062,Q3-T-008,爬升,2,1089.003358672037,1089.003358672037,0.8022053393485857,0.8022053393485857,True,True,COM-00578,直连,,,2.2220024264044156,2.2220024264044156,
PH-0062,Q3-T-008,爬升,2,1089.003358672037,1108.9093824145796,0.8022053393485857,1.0,False,True,COM-00579,直连,,,12.216234996675865,12.216234996675865,
PH-0062,Q3-T-008,爬升,2,1108.9093824145796,1108.9093824145796,1.0,1.0,True,True,COM-00580,直连,,,12.209903678349804,12.209903678349804,
PH-0063,Q3-T-008,巡航,2,1108.9093824145796,1178.4194755020023,0.0,0.2219501138655815,False,True,COM-00581,直连,,,11.061145472848395,11.061145472848395,
PH-0063,Q3-T-008,巡航,2,1178.4194755020023,1178.4194755020023,0.2219501138655815,0.2219501138655815,True,True,COM-00582,直连,,,10.00000000000037,10.00000000000037,
PH-0063,Q3-T-008,巡航,2,1178.4194755020023,1225.977956606348,0.2219501138655815,0.37380734534860993,False,True,COM-00583,直连,,,9.324329345446145,9.324329345446145,
PH-0063,Q3-T-008,巡航,2,1225.977956606348,1225.977956606348,0.37380734534860993,0.37380734534860993,True,True,COM-00584,直连,,,8.687242434913614,8.687242434913614,
PH-0063,Q3-T-008,巡航,2,1225.977956606348,1234.3168148964191,0.37380734534860993,0.4004338461168146,False,True,COM-00585,直连,,,8.579316163375083,8.579316163375083,
PH-0063,Q3-T-008,巡航,2,1234.3168148964191,1234.3168148964191,0.4004338461168146,0.4004338461168146,True,False,COM-00586,中继,Q3-R-002,0;1;2;3,3.4462479585777146,-1.5275207526426584,2.4694705795379406
PH-0063,Q3-T-008,巡航,2,1234.3168148964191,1246.1954978546064,0.4004338461168146,0.4383632304412882,False,False,COM-00587,中继,Q3-R-002,0;1;2;3,3.4304617732410208,-1.6778584484586219,2.4694705795379406
PH-0063,Q3-T-008,巡航,2,1246.1954978546064,1246.1954978546064,0.4383632304412882,0.4383632304412882,True,False,COM-00588,中继,Q3-R-002,0;1;2;3,3.4108837583862197,-1.8260603450385844,2.4694705795379406
PH-0063,Q3-T-008,巡航,2,1246.1954978546064,1265.283001399549,0.4383632304412882,0.4993108338329496,False,False,COM-00589,中继,Q3-R-002,0;1;2,3.371615318088132,-2.0598384728479857,2.4694705795379406
PH-0063,Q3-T-008,巡航,2,1265.283001399549,1265.283001399549,0.4993108338329496,0.4993108338329496,True,False,COM-00590,中继,Q3-R-002,0;1;2,3.3229530913185528,-2.288395082997596,2.4694705795379406
PH-0063,Q3-T-008,巡航,2,1265.283001399549,1422.0882849922996,0.4993108338329496,1.0,False,False,COM-00591,中继,Q3-R-002,1;2,2.617479922032956,-3.990134095809225,2.4694705795379406
PH-0063,Q3-T-008,巡航,2,1422.0882849922996,1422.0882849922996,1.0,1.0,True,False,COM-00592,中继,Q3-R-002,1;2,1.5503825418325619,-5.435037968466915,2.4694705795379406
PH-0064,Q3-T-008,下降,2,1422.0882849922996,1454.4987387716767,0.0,0.41605308138311536,False,False,COM-00593,中继,Q3-R-002,1;2,1.5486650670303135,-5.433639770480653,2.4694705795379406
PH-0064,Q3-T-008,下降,2,1454.4987387716767,1454.4987387716767,0.41605308138311536,0.41605308138311536,True,False,COM-00594,中继,Q3-R-002,1;2,1.5466169224559394,-5.432407990779097,2.4694705795379406
PH-0064,Q3-T-008,下降,2,1454.4987387716767,1481.83956162616,0.41605308138311536,0.7670272970972981,False,False,COM-00595,中继,Q3-R-002,1;2,1.5446323604476078,-5.4314983981708735,2.4694705795379406
PH-0064,Q3-T-008,下降,2,1481.83956162616,1481.83956162616,0.7670272970972981,0.7670272970972981,True,False,COM-00596,中继,Q3-R-002,1;2,1.5424131386580058,-5.430707409192863,2.4694705795379406
PH-0064,Q3-T-008,下降,2,1481.83956162616,1485.881761520589,0.7670272970972981,0.818917027895013,False,False,COM-00597,中继,Q3-R-002,1;2,1.5420651482980645,-5.430600533302936,2.4694705795379406
PH-0064,Q3-T-008,下降,2,1485.881761520589,1485.881761520589,0.818917027895013,0.818917027895013,True,False,COM-00598,中继,Q3-R-002,1;2,1.5417120377569233,-5.4304962514893305,2.4694705795379406
PH-0064,Q3-T-008,下降,2,1485.881761520589,1499.9880896797995,0.818917027895013,1.0,False,False,COM-00599,中继,Q3-R-002,1,1.5404396709283077,-5.430152657379708,2.4694705795379406
PH-0064,Q3-T-008,下降,2,1499.9880896797995,1499.9880896797995,1.0,1.0,True,False,COM-00600,中继,Q3-R-002,1,1.5391050184913269,-5.42984066485198,2.4694705795379406
PH-0065,Q3-T-008,投送交接,2,1499.9880896797995,1787.9880896797995,0.0,1.0,False,False,COM-00601,中继,Q3-R-002,1,1.5391050184913269,-5.42984066485198,2.4694705795379406
PH-0065,Q3-T-008,投送交接,2,1787.9880896797995,1787.9880896797995,1.0,1.0,True,False,COM-00602,中继,Q3-R-002,1,1.5391050184913269,-5.42984066485198,2.4694705795379406
PH-0066,Q3-T-008,爬升,3,1787.9880896797995,1799.2731522071679,0.0,0.21132918406525664,False,False,COM-00603,中继,Q3-R-002,1,1.5404396709283077,-5.430152657379708,2.4694705795379406
PH-0066,Q3-T-008,爬升,3,1799.2731522071679,1799.2731522071679,0.21132918406525664,0.21132918406525664,True,False,COM-00604,中继,Q3-R-002,1,1.5417120377569233,-5.4304962514893305,2.4694705795379406
PH-0066,Q3-T-008,爬升,3,1799.2731522071679,1802.5069121227111,0.21132918406525664,0.27188603457072114,False,False,COM-00605,中继,Q3-R-002,1;2,1.5420651482980645,-5.430600533302936,2.4694705795379406
PH-0066,Q3-T-008,爬升,3,1802.5069121227111,1802.5069121227111,0.27188603457072114,0.27188603457072114,True,False,COM-00606,中继,Q3-R-002,1;2,1.5424131386580058,-5.430707409192863,2.4694705795379406
PH-0066,Q3-T-008,爬升,3,1802.5069121227111,1824.3795704062977,0.27188603457072114,0.6814833245457232,False,False,COM-00607,中继,Q3-R-002,1;2,1.5446323604476078,-5.4314983981708735,2.4694705795379406
PH-0066,Q3-T-008,爬升,3,1824.3795704062977,1824.3795704062977,0.6814833245457232,0.6814833245457232,True,False,COM-00608,中继,Q3-R-002,1;2,1.5466169224559394,-5.432407990779097,2.4694705795379406
PH-0066,Q3-T-008,爬升,3,1824.3795704062977,1841.3884876290183,0.6814833245457232,1.0,False,False,COM-00609,中继,Q3-R-002,1;2,1.5479977864967651,-5.433197249077239,2.4694705795379406
PH-0066,Q3-T-008,爬升,3,1841.3884876290183,1841.3884876290183,1.0,1.0,True,False,COM-00610,中继,Q3-R-002,1;2,1.5492364170154644,-5.434058144705972,2.4694705795379406
PH-0067,Q3-T-008,巡航,3,1841.3884876290183,2008.5874277641003,0.0,0.3393528073978574,False,False,COM-00611,中继,Q3-R-002,1;2,3.1801045144705427,-3.821527998053895,2.4694705795379406
PH-0067,Q3-T-008,巡航,3,2008.5874277641003,2008.5874277641003,0.3393528073978574,0.3393528073978574,True,False,COM-00612,中继,Q3-R-002,0;1;2,4.6636047676123695,-1.840675866333072,2.4694705795379406
PH-0067,Q3-T-008,巡航,3,2008.5874277641003,2067.1593253850447,0.3393528073978574,0.4582323761094104,False,False,COM-00613,中继,Q3-R-002,0;1;2,5.060145881007742,-1.024428144675909,2.4694705795379406
PH-0067,Q3-T-008,巡航,3,2067.1593253850447,2067.1593253850447,0.4582323761094104,0.4582323761094104,True,False,COM-00614,中继,Q3-R-002,0;1;2;3,5.347965405086754,-0.12377974591346685,2.4694705795379406
PH-0067,Q3-T-008,巡航,3,2067.1593253850447,2070.952997692678,0.4582323761094104,0.46593214589803883,False,False,COM-00615,中继,Q3-R-002,0;1;2;3,5.362224913236545,-0.062109380100821454,2.4694705795379406
PH-0067,Q3-T-008,巡航,3,2070.952997692678,2070.952997692678,0.46593214589803883,0.46593214589803883,True,True,COM-00616,直连,,,-4.547473508864641e-13,-4.547473508864641e-13,
PH-0067,Q3-T-008,巡航,3,2070.952997692678,2121.2457353891723,0.46593214589803883,0.5680080425229864,False,True,COM-00617,直连,,,0.8680956886128683,0.8680956886128683,
PH-0067,Q3-T-008,巡航,3,2121.2457353891723,2121.2457353891723,0.5680080425229864,0.5680080425229864,True,True,COM-00618,直连,,,1.8320849378556119,1.8320849378556119,
PH-0067,Q3-T-008,巡航,3,2121.2457353891723,2334.0879334274964,0.5680080425229864,1.0,False,True,COM-00619,直连,,,17.764059668453413,17.764059668453413,
PH-0067,Q3-T-008,巡航,3,2334.0879334274964,2334.0879334274964,1.0,1.0,True,True,COM-00620,直连,,,33.461181216677716,33.461181216677716,
PH-0068,Q3-T-008,下降,3,2334.0879334274964,2434.891127381833,0.0,0.7059022605936284,False,True,COM-00621,直连,,,37.60674692330828,37.60674692330828,
PH-0068,Q3-T-008,下降,3,2434.891127381833,2434.891127381833,0.7059022605936284,0.7059022605936284,True,True,COM-00622,直连,,,45.82290764368433,45.82290764368433,
PH-0068,Q3-T-008,下降,3,2434.891127381833,2448.8593555736493,0.7059022605936284,0.8037186438875696,False,True,COM-00623,直连,,,47.961793825275265,47.961793825275265,
PH-0068,Q3-T-008,下降,3,2448.8593555736493,2448.8593555736493,0.8037186438875696,0.8037186438875696,True,True,COM-00624,直连,,,50.80570620510416,50.80570620510416,
PH-0068,Q3-T-008,下降,3,2448.8593555736493,2454.762859482356,0.8037186438875696,0.8450595636650419,False,True,COM-00625,直连,,,52.35869028332081,52.35869028332081,
PH-0068,Q3-T-008,下降,3,2454.762859482356,2454.762859482356,0.8450595636650419,0.8450595636650419,True,True,COM-00626,直连,,,54.25113100051641,54.25113100051641,
PH-0068,Q3-T-008,下降,3,2454.762859482356,2461.026843246662,0.8450595636650419,0.8889248433857256,False,True,COM-00627,直连,,,56.84652369261144,56.84652369261144,
PH-0068,Q3-T-008,下降,3,2461.026843246662,2461.026843246662,0.8889248433857256,0.8889248433857256,True,True,COM-00628,直连,,,60.56487003084824,60.56487003084824,
PH-0068,Q3-T-008,下降,3,2461.026843246662,2462.484446718337,0.8889248433857256,0.8991321150538325,False,True,COM-00629,直连,,,61.71811229890671,61.71811229890671,
PH-0068,Q3-T-008,下降,3,2462.484446718337,2462.484446718337,0.8991321150538325,0.8991321150538325,True,True,COM-00630,直连,,,63.04826031558946,63.04826031558946,
PH-0068,Q3-T-008,下降,3,2462.484446718337,2476.3756607784535,0.8991321150538325,0.9964091855786823,False,True,COM-00631,直连,,,67.82295300936198,67.82295300936198,
PH-0068,Q3-T-008,下降,3,2476.3756607784535,2476.3756607784535,0.9964091855786823,0.9964091855786823,True,True,COM-00632,直连,,,56.38238674364703,56.38238674364703,
PH-0068,Q3-T-008,下降,3,2476.3756607784535,2476.88843086402,0.9964091855786823,1.0,False,True,COM-00633,直连,,,46.150772984109835,46.150772984109835,
PH-0068,Q3-T-008,下降,3,2476.88843086402,2476.88843086402,1.0,1.0,True,True,COM-00634,直连,,,45.92517525248826,45.92517525248826,
PH-0069,Q3-T-009,爬升,1,1610.899502077302,1610.899502077302,0.0,0.0,True,True,COM-00635,直连,,,45.92517525248826,45.92517525248826,
PH-0069,Q3-T-009,爬升,1,1610.899502077302,1611.241348801013,0.0,0.00705533907522279,False,True,COM-00636,直连,,,46.15077298410995,46.15077298410995,
PH-0069,Q3-T-009,爬升,1,1611.241348801013,1611.241348801013,0.00705533907522279,0.00705533907522279,True,True,COM-00637,直连,,,46.38238674364695,46.38238674364695,
PH-0069,Q3-T-009,爬升,1,1611.241348801013,1620.5021581744238,0.00705533907522279,0.19818822322614532,False,True,COM-00638,直连,,,67.82295300936013,67.82295300936013,
PH-0069,Q3-T-009,爬升,1,1620.5021581744238,1620.5021581744238,0.19818822322614532,0.19818822322614532,True,True,COM-00639,直连,,,63.04826031558985,63.04826031558985,
PH-0069,Q3-T-009,爬升,1,1620.5021581744238,1621.4738938222074,0.19818822322614532,0.21824377447487314,False,True,COM-00640,直连,,,61.71811229890645,61.71811229890645,
PH-0069,Q3-T-009,爬升,1,1621.4738938222074,1621.4738938222074,0.21824377447487314,0.21824377447487314,True,True,COM-00641,直连,,,60.564870030848155,60.564870030848155,
PH-0069,Q3-T-009,爬升,1,1621.4738938222074,1629.5855522708823,0.21824377447487314,0.3856594518770947,False,True,COM-00642,直连,,,54.38121115513678,54.38121115513678,
PH-0069,Q3-T-009,爬升,1,1629.5855522708823,1629.5855522708823,0.3856594518770947,0.3856594518770947,True,True,COM-00643,直连,,,50.80570620510423,50.80570620510423,
PH-0069,Q3-T-009,爬升,1,1629.5855522708823,1638.89770439876,0.3856594518770947,0.5778519938123206,False,True,COM-00644,直连,,,47.96179382527535,47.96179382527535,
PH-0069,Q3-T-009,爬升,1,1638.89770439876,1638.89770439876,0.5778519938123206,0.5778519938123206,True,True,COM-00645,直连,,,45.82290764368429,45.82290764368429,
PH-0069,Q3-T-009,爬升,1,1638.89770439876,1659.3517054464426,0.5778519938123206,1.0,False,True,COM-00646,直连,,,42.421013060402686,42.421013060402686,
PH-0069,Q3-T-009,爬升,1,1659.3517054464426,1659.3517054464426,1.0,1.0,True,True,COM-00647,直连,,,39.982830377148545,39.982830377148545,
PH-0070,Q3-T-009,巡航,1,1659.3517054464426,1793.322337851978,0.0,0.5264108467150513,False,True,COM-00648,直连,,,23.738075011207812,23.738075011207812,
PH-0070,Q3-T-009,巡航,1,1793.322337851978,1793.322337851978,0.5264108467150513,0.5264108467150513,True,True,COM-00649,直连,,,17.79550583936357,17.79550583936357,
PH-0070,Q3-T-009,巡航,1,1793.322337851978,1846.1980513893027,0.5264108467150513,0.7341754040218321,False,True,COM-00650,直连,,,6.239096637791931,6.239096637791931,
PH-0070,Q3-T-009,巡航,1,1846.1980513893027,1846.1980513893027,0.7341754040218321,0.7341754040218321,True,True,COM-00651,直连,,,4.918777094567162,4.918777094567162,
PH-0070,Q3-T-009,巡航,1,1846.1980513893027,1858.5261859437715,0.7341754040218321,0.7826163468815358,False,True,COM-00652,直连,,,4.6377051069436845,4.6377051069436845,
PH-0070,Q3-T-009,巡航,1,1858.5261859437715,1858.5261859437715,0.7826163468815358,0.7826163468815358,True,True,COM-00653,直连,,,4.365419094587921,4.365419094587921,
PH-0070,Q3-T-009,巡航,1,1858.5261859437715,1913.8499424063175,0.7826163468815358,1.0,False,True,COM-00654,直连,,,3.2385689458567555,3.2385689458567555,
PH-0070,Q3-T-009,巡航,1,1913.8499424063175,1913.8499424063175,1.0,1.0,True,True,COM-00655,直连,,,2.2410165102830177,2.2410165102830177,
PH-0071,Q3-T-009,下降,1,1913.8499424063175,1939.313867254704,0.0,0.714824110688457,False,True,COM-00656,直连,,,2.244256312054077,2.244256312054077,
PH-0071,Q3-T-009,下降,1,1939.313867254704,1939.313867254704,0.714824110688457,0.714824110688457,True,True,COM-00657,直连,,,2.2465553185876814,2.2465553185876814,
PH-0071,Q3-T-009,下降,1,1939.313867254704,1945.2838003206427,0.714824110688457,0.8824122621669849,False,True,COM-00658,直连,,,2.2469580005630974,2.2469580005630974,
PH-0071,Q3-T-009,下降,1,1945.2838003206427,1945.2838003206427,0.8824122621669849,0.8824122621669849,True,True,COM-00659,直连,,,2.2473088722119314,2.2473088722119314,
PH-0071,Q3-T-009,下降,1,1945.2838003206427,1947.9815791800725,0.8824122621669849,0.9581443963728433,False,True,COM-00660,直连,,,2.247450429231904,2.247450429231904,
PH-0071,Q3-T-009,下降,1,1947.9815791800725,1947.9815791800725,0.9581443963728433,0.9581443963728433,True,True,COM-00661,直连,,,2.2475814025186764,2.2475814025186764,
PH-0071,Q3-T-009,下降,1,1947.9815791800725,1949.4725864492862,0.9581443963728433,1.0,False,True,COM-00662,直连,,,2.247649247293978,2.247649247293978,
PH-0071,Q3-T-009,下降,1,1949.4725864492862,1949.4725864492862,1.0,1.0,True,True,COM-00663,直连,,,2.24771385877267,2.24771385877267,
PH-0072,Q3-T-009,投送交接,1,1949.4725864492862,2159.472586449286,0.0,1.0,False,True,COM-00664,直连,,,2.24771385877267,2.24771385877267,
PH-0072,Q3-T-009,投送交接,1,2159.472586449286,2159.472586449286,1.0,1.0,True,True,COM-00665,直连,,,2.24771385877267,2.24771385877267,
PH-0073,Q3-T-009,爬升,2,2159.472586449286,2160.7150925069645,0.0,0.04185560362715678,False,True,COM-00666,直连,,,2.247649247293978,2.247649247293978,
PH-0073,Q3-T-009,爬升,2,2160.7150925069645,2160.7150925069645,0.04185560362715678,0.04185560362715678,True,True,COM-00667,直连,,,2.2475814025186764,2.2475814025186764,
PH-0073,Q3-T-009,爬升,2,2160.7150925069645,2162.963241556489,0.04185560362715678,0.11758773783301517,False,True,COM-00668,直连,,,2.247450429231904,2.247450429231904,
PH-0073,Q3-T-009,爬升,2,2162.963241556489,2162.963241556489,0.11758773783301517,0.11758773783301517,True,True,COM-00669,直连,,,2.2473088722119314,2.2473088722119314,
PH-0073,Q3-T-009,爬升,2,2162.963241556489,2167.9381857781045,0.11758773783301517,0.28517588931154303,False,True,COM-00670,直连,,,2.2469580005630974,2.2469580005630974,
PH-0073,Q3-T-009,爬升,2,2167.9381857781045,2167.9381857781045,0.28517588931154303,0.28517588931154303,True,True,COM-00671,直连,,,2.2465553185876814,2.2465553185876814,
PH-0073,Q3-T-009,爬升,2,2167.9381857781045,2189.1581231517603,0.28517588931154303,1.0,False,True,COM-00672,直连,,,2.244256312054077,2.244256312054077,
PH-0073,Q3-T-009,爬升,2,2189.1581231517603,2189.1581231517603,1.0,1.0,True,True,COM-00673,直连,,,2.2410165102830177,2.2410165102830177,
PH-0074,Q3-T-009,巡航,2,2189.1581231517603,2244.4818796143063,0.0,0.21738365311846422,False,True,COM-00674,直连,,,3.2385689458567555,3.2385689458567555,
PH-0074,Q3-T-009,巡航,2,2244.4818796143063,2244.4818796143063,0.21738365311846422,0.21738365311846422,True,True,COM-00675,直连,,,4.365419094587921,4.365419094587921,
PH-0074,Q3-T-009,巡航,2,2244.4818796143063,2256.810014168775,0.21738365311846422,0.2658245959781675,False,True,COM-00676,直连,,,4.6377051069436845,4.6377051069436845,
PH-0074,Q3-T-009,巡航,2,2256.810014168775,2256.810014168775,0.2658245959781675,0.2658245959781675,True,True,COM-00677,直连,,,4.918777094567162,4.918777094567162,
PH-0074,Q3-T-009,巡航,2,2256.810014168775,2309.6857277061,0.2658245959781675,0.47358915328494855,False,True,COM-00678,直连,,,6.239096637791931,6.239096637791931,
PH-0074,Q3-T-009,巡航,2,2309.6857277061,2309.6857277061,0.47358915328494855,0.47358915328494855,True,True,COM-00679,直连,,,17.79550583936357,17.79550583936357,
PH-0074,Q3-T-009,巡航,2,2309.6857277061,2443.6563601116354,0.47358915328494855,1.0,False,True,COM-00680,直连,,,23.738075011207812,23.738075011207812,
PH-0074,Q3-T-009,巡航,2,2443.6563601116354,2443.6563601116354,1.0,1.0,True,True,COM-00681,直连,,,39.982830377148545,39.982830377148545,
PH-0075,Q3-T-009,下降,2,2443.6563601116354,2454.762859482356,0.0,0.19102157381271734,False,True,COM-00682,直连,,,41.00234352198218,41.00234352198218,
PH-0075,Q3-T-009,下降,2,2454.762859482356,2454.762859482356,0.19102157381271734,0.19102157381271734,True,True,COM-00683,直连,,,42.15763661481499,42.15763661481499,
PH-0075,Q3-T-009,下降,2,2454.762859482356,2468.2011613688546,0.19102157381271734,0.4221480061876795,False,True,COM-00684,直连,,,43.798355912919476,43.798355912919476,
PH-0075,Q3-T-009,下降,2,2468.2011613688546,2468.2011613688546,0.4221480061876795,0.4221480061876795,True,True,COM-00685,直连,,,45.82290764368433,45.82290764368433,
PH-0075,Q3-T-009,下降,2,2468.2011613688546,2479.3757439223077,0.4221480061876795,0.6143405481229054,False,True,COM-00686,直连,,,47.96179382527528,47.96179382527528,
PH-0075,Q3-T-009,下降,2,2479.3757439223077,2479.3757439223077,0.6143405481229054,0.6143405481229054,True,True,COM-00687,直连,,,50.80570620510423,50.80570620510423,
PH-0075,Q3-T-009,下降,2,2479.3757439223077,2489.1097340607175,0.6143405481229054,0.7817562255251269,False,True,COM-00688,直连,,,54.38121115513694,54.38121115513694,
PH-0075,Q3-T-009,下降,2,2489.1097340607175,2489.1097340607175,0.7817562255251269,0.7817562255251269,True,True,COM-00689,直连,,,60.56487003084801,60.56487003084801,
PH-0075,Q3-T-009,下降,2,2489.1097340607175,2490.275816838058,0.7817562255251269,0.8018117767738546,False,True,COM-00690,直连,,,61.71811229890628,61.71811229890628,
PH-0075,Q3-T-009,下降,2,2490.275816838058,2490.275816838058,0.8018117767738546,0.8018117767738546,True,True,COM-00691,直连,,,63.04826031558963,63.04826031558963,
PH-0075,Q3-T-009,下降,2,2490.275816838058,2501.3887880861507,0.8018117767738546,0.9929446609247771,False,True,COM-00692,直连,,,67.82295300936242,67.82295300936242,
PH-0075,Q3-T-009,下降,2,2501.3887880861507,2501.3887880861507,0.9929446609247771,0.9929446609247771,True,True,COM-00693,直连,,,56.38238674364726,56.38238674364726,
PH-0075,Q3-T-009,下降,2,2501.3887880861507,2501.799004154604,0.9929446609247771,1.0,False,True,COM-00694,直连,,,46.150772984109935,46.150772984109935,
PH-0075,Q3-T-009,下降,2,2501.799004154604,2501.799004154604,1.0,1.0,True,True,COM-00695,直连,,,45.92517525248826,45.92517525248826,
PH-0076,Q3-T-010,爬升,1,1610.899502077302,1610.899502077302,0.0,0.0,True,True,COM-00696,直连,,,45.92517525248826,45.92517525248826,
PH-0076,Q3-T-010,爬升,1,1610.899502077302,1611.241348801013,0.0,0.00705533907522279,False,True,COM-00697,直连,,,46.15077298410995,46.15077298410995,
PH-0076,Q3-T-010,爬升,1,1611.241348801013,1611.241348801013,0.00705533907522279,0.00705533907522279,True,True,COM-00698,直连,,,46.38238674364695,46.38238674364695,
PH-0076,Q3-T-010,爬升,1,1611.241348801013,1620.5021581744238,0.00705533907522279,0.19818822322614532,False,True,COM-00699,直连,,,67.82295300936013,67.82295300936013,
PH-0076,Q3-T-010,爬升,1,1620.5021581744238,1620.5021581744238,0.19818822322614532,0.19818822322614532,True,True,COM-00700,直连,,,63.04826031558985,63.04826031558985,
PH-0076,Q3-T-010,爬升,1,1620.5021581744238,1621.4738938222074,0.19818822322614532,0.21824377447487314,False,True,COM-00701,直连,,,61.71811229890645,61.71811229890645,
PH-0076,Q3-T-010,爬升,1,1621.4738938222074,1621.4738938222074,0.21824377447487314,0.21824377447487314,True,True,COM-00702,直连,,,60.564870030848155,60.564870030848155,
PH-0076,Q3-T-010,爬升,1,1621.4738938222074,1629.5855522708823,0.21824377447487314,0.3856594518770947,False,True,COM-00703,直连,,,54.38121115513678,54.38121115513678,
PH-0076,Q3-T-010,爬升,1,1629.5855522708823,1629.5855522708823,0.3856594518770947,0.3856594518770947,True,True,COM-00704,直连,,,50.80570620510423,50.80570620510423,
PH-0076,Q3-T-010,爬升,1,1629.5855522708823,1638.89770439876,0.3856594518770947,0.5778519938123206,False,True,COM-00705,直连,,,47.96179382527535,47.96179382527535,
PH-0076,Q3-T-010,爬升,1,1638.89770439876,1638.89770439876,0.5778519938123206,0.5778519938123206,True,True,COM-00706,直连,,,45.82290764368429,45.82290764368429,
PH-0076,Q3-T-010,爬升,1,1638.89770439876,1659.3517054464426,0.5778519938123206,1.0,False,True,COM-00707,直连,,,42.421013060402686,42.421013060402686,
PH-0076,Q3-T-010,爬升,1,1659.3517054464426,1659.3517054464426,1.0,1.0,True,True,COM-00708,直连,,,39.982830377148545,39.982830377148545,
PH-0077,Q3-T-010,巡航,1,1659.3517054464426,1793.322337851978,0.0,0.5264108467150513,False,True,COM-00709,直连,,,23.738075011207812,23.738075011207812,
PH-0077,Q3-T-010,巡航,1,1793.322337851978,1793.322337851978,0.5264108467150513,0.5264108467150513,True,True,COM-00710,直连,,,17.79550583936357,17.79550583936357,
PH-0077,Q3-T-010,巡航,1,1793.322337851978,1846.1980513893027,0.5264108467150513,0.7341754040218321,False,True,COM-00711,直连,,,6.239096637791931,6.239096637791931,
PH-0077,Q3-T-010,巡航,1,1846.1980513893027,1846.1980513893027,0.7341754040218321,0.7341754040218321,True,True,COM-00712,直连,,,4.918777094567162,4.918777094567162,
PH-0077,Q3-T-010,巡航,1,1846.1980513893027,1858.5261859437715,0.7341754040218321,0.7826163468815358,False,True,COM-00713,直连,,,4.6377051069436845,4.6377051069436845,
PH-0077,Q3-T-010,巡航,1,1858.5261859437715,1858.5261859437715,0.7826163468815358,0.7826163468815358,True,True,COM-00714,直连,,,4.365419094587921,4.365419094587921,
PH-0077,Q3-T-010,巡航,1,1858.5261859437715,1913.8499424063175,0.7826163468815358,1.0,False,True,COM-00715,直连,,,3.2385689458567555,3.2385689458567555,
PH-0077,Q3-T-010,巡航,1,1913.8499424063175,1913.8499424063175,1.0,1.0,True,True,COM-00716,直连,,,2.2410165102830177,2.2410165102830177,
PH-0078,Q3-T-010,下降,1,1913.8499424063175,1939.313867254704,0.0,0.714824110688457,False,True,COM-00717,直连,,,2.244256312054077,2.244256312054077,
PH-0078,Q3-T-010,下降,1,1939.313867254704,1939.313867254704,0.714824110688457,0.714824110688457,True,True,COM-00718,直连,,,2.2465553185876814,2.2465553185876814,
PH-0078,Q3-T-010,下降,1,1939.313867254704,1945.2838003206427,0.714824110688457,0.8824122621669849,False,True,COM-00719,直连,,,2.2469580005630974,2.2469580005630974,
PH-0078,Q3-T-010,下降,1,1945.2838003206427,1945.2838003206427,0.8824122621669849,0.8824122621669849,True,True,COM-00720,直连,,,2.2473088722119314,2.2473088722119314,
PH-0078,Q3-T-010,下降,1,1945.2838003206427,1947.9815791800725,0.8824122621669849,0.9581443963728433,False,True,COM-00721,直连,,,2.247450429231904,2.247450429231904,
PH-0078,Q3-T-010,下降,1,1947.9815791800725,1947.9815791800725,0.9581443963728433,0.9581443963728433,True,True,COM-00722,直连,,,2.2475814025186764,2.2475814025186764,
PH-0078,Q3-T-010,下降,1,1947.9815791800725,1949.4725864492862,0.9581443963728433,1.0,False,True,COM-00723,直连,,,2.247649247293978,2.247649247293978,
PH-0078,Q3-T-010,下降,1,1949.4725864492862,1949.4725864492862,1.0,1.0,True,True,COM-00724,直连,,,2.24771385877267,2.24771385877267,
PH-0079,Q3-T-010,投送交接,1,1949.4725864492862,2129.472586449286,0.0,1.0,False,True,COM-00725,直连,,,2.24771385877267,2.24771385877267,
PH-0079,Q3-T-010,投送交接,1,2129.472586449286,2129.472586449286,1.0,1.0,True,True,COM-00726,直连,,,2.24771385877267,2.24771385877267,
PH-0080,Q3-T-010,爬升,2,2129.472586449286,2130.7150925069645,0.0,0.015086299901176464,False,True,COM-00727,直连,,,2.247649247293978,2.247649247293978,
PH-0080,Q3-T-010,爬升,2,2130.7150925069645,2130.7150925069645,0.015086299901176464,0.015086299901176464,True,True,COM-00728,直连,,,2.2475814025186764,2.2475814025186764,
PH-0080,Q3-T-010,爬升,2,2130.7150925069645,2132.963241556489,0.015086299901176464,0.04238294813406527,False,True,COM-00729,直连,,,2.247450429231904,2.247450429231904,
PH-0080,Q3-T-010,爬升,2,2132.963241556489,2132.963241556489,0.04238294813406527,0.04238294813406527,True,True,COM-00730,直连,,,2.2473088722119314,2.2473088722119314,
PH-0080,Q3-T-010,爬升,2,2132.963241556489,2137.9381857781045,0.04238294813406527,0.10278788544211209,False,True,COM-00731,直连,,,2.2469580005630974,2.2469580005630974,
PH-0080,Q3-T-010,爬升,2,2137.9381857781045,2137.9381857781045,0.10278788544211209,0.10278788544211209,True,True,COM-00732,直连,,,2.2465553185876814,2.2465553185876814,
PH-0080,Q3-T-010,爬升,2,2137.9381857781045,2196.750769788834,0.10278788544211209,0.8168804042399714,False,True,COM-00733,直连,,,2.237875092767325,2.237875092767325,
PH-0080,Q3-T-010,爬升,2,2196.750769788834,2196.750769788834,0.8168804042399714,0.8168804042399714,True,True,COM-00734,直连,,,12.222002426404416,12.222002426404416,
PH-0080,Q3-T-010,爬升,2,2196.750769788834,2211.8324802481143,0.8168804042399714,1.0,False,True,COM-00735,直连,,,12.216782142726586,12.216782142726586,
PH-0080,Q3-T-010,爬升,2,2211.8324802481143,2211.8324802481143,1.0,1.0,True,True,COM-00736,直连,,,12.211095569928844,12.211095569928844,
PH-0081,Q3-T-010,巡航,2,2211.8324802481143,2344.181738078408,0.0,0.42809606335155287,False,True,COM-00737,直连,,,11.94784910805997,11.94784910805997,
PH-0081,Q3-T-010,巡航,2,2344.181738078408,2344.181738078408,0.42809606335155287,0.42809606335155287,True,True,COM-00738,直连,,,11.210594589104872,11.210594589104872,
PH-0081,Q3-T-010,巡航,2,2344.181738078408,2372.8899672679613,0.42809606335155287,0.5209555179742655,False,True,COM-00739,直连,,,11.007300326179234,11.007300326179234,
PH-0081,Q3-T-010,巡航,2,2372.8899672679613,2372.8899672679613,0.5209555179742655,0.5209555179742655,True,True,COM-00740,直连,,,0.793284616664252,0.793284616664252,
PH-0081,Q3-T-010,巡航,2,2372.8899672679613,2422.319128458691,0.5209555179742655,0.6808387667919804,False,True,COM-00741,直连,,,0.40527003606204914,0.40527003606204914,
PH-0081,Q3-T-010,巡航,2,2422.319128458691,2422.319128458691,0.6808387667919804,0.6808387667919804,True,True,COM-00742,直连,,,-2.5579538487363607e-13,-2.5579538487363607e-13,
PH-0081,Q3-T-010,巡航,2,2422.319128458691,2444.2181934192627,0.6808387667919804,0.7516733423263724,False,False,COM-00743,中继,Q3-R-002,0;1;2,9.737416857499156,-0.18311823280653527,2.4694705795379406
PH-0081,Q3-T-010,巡航,2,2444.2181934192627,2444.2181934192627,0.7516733423263724,0.7516733423263724,True,False,COM-00744,中继,Q3-R-002,0;1;2,10.200000000000955,-0.36764050415035854,2.4694705795379406
PH-0081,Q3-T-010,巡航,2,2444.2181934192627,2451.289067831147,0.7516733423263724,0.7745447474993603,False,False,COM-00745,中继,Q3-R-002,0;1;2,10.35169280522841,-0.4274388337124293,2.4694705795379406
PH-0081,Q3-T-010,巡航,2,2451.289067831147,2451.289067831147,0.7745447474993603,0.7745447474993603,True,False,COM-00746,中继,Q3-R-002,0;1;2,10.504407040051845,-0.48731805068538847,2.4694705795379406
PH-0081,Q3-T-010,巡航,2,2451.289067831147,2454.762859482356,0.7745447474993603,0.7857810517685759,False,False,COM-00747,中继,Q3-R-002,1;2,10.57978139814233,-0.5167608385284694,2.4694705795379406
PH-0081,Q3-T-010,巡航,2,2454.762859482356,2454.762859482356,0.7857810517685759,0.7857810517685759,True,False,COM-00748,中继,Q3-R-002,1;2,10.655370625974271,-0.546217996334434,2.4694705795379406
PH-0081,Q3-T-010,巡航,2,2454.762859482356,2515.7355564592635,0.7857810517685759,0.9830029476496317,False,False,COM-00749,中继,Q3-R-002,1;2,12.000314083678518,-1.0639960921772484,2.4694705795379406
PH-0081,Q3-T-010,巡航,2,2515.7355564592635,2515.7355564592635,0.9830029476496317,0.9830029476496317,True,False,COM-00750,中继,Q3-R-002,1;2,13.2791184937589,-1.5785241872959546,2.4694705795379406
PH-0081,Q3-T-010,巡航,2,2515.7355564592635,2520.990328592093,0.9830029476496317,1.0,False,False,COM-00751,中继,Q3-R-002,1,13.378959442283389,-1.6225350197696855,2.4694705795379406
PH-0081,Q3-T-010,巡航,2,2520.990328592093,2520.990328592093,1.0,1.0,True,False,COM-00752,中继,Q3-R-002,1,13.476256364511357,-1.6664802572522888,2.4694705795379406
PH-0082,Q3-T-010,下降,2,2520.990328592093,2525.9929161643395,0.0,0.1573542911958552,False,False,COM-00753,中继,Q3-R-002,1,13.471358416568535,-1.6658176182739481,2.4694705795379406
PH-0082,Q3-T-010,下降,2,2525.9929161643395,2525.9929161643395,0.1573542911958552,0.1573542911958552,True,False,COM-00754,中继,Q3-R-002,1,13.466274082637625,-1.6651696668755562,2.4694705795379406
PH-0082,Q3-T-010,下降,2,2525.9929161643395,2532.4829900762197,0.1573542911958552,0.36149684051938347,False,False,COM-00755,中继,Q3-R-002,1,13.45940128360236,-1.6643509499378695,2.4694705795379406
PH-0082,Q3-T-010,下降,2,2532.4829900762197,2532.4829900762197,0.36149684051938347,0.36149684051938347,True,False,COM-00756,中继,Q3-R-002,1,13.452217389645583,-1.6635569787613917,2.4694705795379406
PH-0082,Q3-T-010,下降,2,2532.4829900762197,2546.2253096575773,0.36149684051938347,0.7937557317196438,False,False,COM-00757,中继,Q3-R-002,1,13.435986326686972,-1.6619575293378261,2.4694705795379406
PH-0082,Q3-T-010,下降,2,2546.2253096575773,2546.2253096575773,0.7937557317196438,0.7937557317196438,True,False,COM-00758,中继,Q3-R-002,1,13.418383224606885,-1.6604692118352347,2.4694705795379406
PH-0082,Q3-T-010,下降,2,2546.2253096575773,2552.782201150687,0.7937557317196438,1.0,False,False,COM-00759,中继,Q3-R-002,1,13.409505600762913,-1.6597982846236619,2.4694705795379406
PH-0082,Q3-T-010,下降,2,2552.782201150687,2552.782201150687,1.0,1.0,True,False,COM-00760,中继,Q3-R-002,1,13.40032137295961,-1.6591526950182356,2.4694705795379406
PH-0083,Q3-T-010,投送交接,2,2552.782201150687,2732.782201150687,0.0,1.0,False,False,COM-00761,中继,Q3-R-002,1,13.40032137295961,-1.6591526950182356,2.4694705795379406
PH-0083,Q3-T-010,投送交接,2,2732.782201150687,2732.782201150687,1.0,1.0,True,False,COM-00762,中继,Q3-R-002,1,13.40032137295961,-1.6591526950182356,2.4694705795379406
PH-0084,Q3-T-010,爬升,3,2732.782201150687,2738.2462773949446,0.0,0.19506073884473016,False,False,COM-00763,中继,Q3-R-002,1,13.409505600762913,-1.6597982846236619,2.4694705795379406
PH-0084,Q3-T-010,爬升,3,2738.2462773949446,2738.2462773949446,0.19506073884473016,0.19506073884473016,True,False,COM-00764,中继,Q3-R-002,1,13.418383224606885,-1.6604692118352347,2.4694705795379406
PH-0084,Q3-T-010,爬升,3,2738.2462773949446,2749.6982103794094,0.19506073884473016,0.6038805300212363,False,False,COM-00765,中继,Q3-R-002,1,13.435986326686972,-1.6619575293378261,2.4694705795379406
PH-0084,Q3-T-010,爬升,3,2749.6982103794094,2749.6982103794094,0.6038805300212363,0.6038805300212363,True,False,COM-00766,中继,Q3-R-002,1,13.452217389645583,-1.6635569787613917,2.4694705795379406
PH-0084,Q3-T-010,爬升,3,2749.6982103794094,2755.1066053059762,0.6038805300212363,0.7969535149468827,False,False,COM-00767,中继,Q3-R-002,1,13.45940128360236,-1.6643509499378695,2.4694705795379406
PH-0084,Q3-T-010,爬升,3,2755.1066053059762,2755.1066053059762,0.7969535149468827,0.7969535149468827,True,False,COM-00768,中继,Q3-R-002,1,13.466274082637625,-1.6651696668755562,2.4694705795379406
PH-0084,Q3-T-010,爬升,3,2755.1066053059762,2760.794379698864,0.7969535149468827,1.0,False,False,COM-00769,中继,Q3-R-002,1,13.473164649536812,-1.6660573567824173,2.4694705795379406
PH-0084,Q3-T-010,爬升,3,2760.794379698864,2760.794379698864,1.0,1.0,True,False,COM-00770,中继,Q3-R-002,1,13.479707828576096,-1.6669723827331495,2.4694705795379406
PH-0085,Q3-T-010,巡航,3,2760.794379698864,2771.4692839723243,0.0,0.026773746289539928,False,False,COM-00771,中继,Q3-R-002,1,13.55468409815704,-1.5503383061428195,2.4694705795379406
PH-0085,Q3-T-010,巡航,3,2771.4692839723243,2771.4692839723243,0.026773746289539928,0.026773746289539928,True,False,COM-00772,中继,Q3-R-002,1;2,13.610115612277099,-1.4321227140815154,2.4694705795379406
PH-0085,Q3-T-010,巡航,3,2771.4692839723243,2826.6823900245026,0.026773746289539928,0.16525383523737933,False,False,COM-00773,中继,Q3-R-002,1;2,13.56667403701708,-0.793712788918711,2.4694705795379406
PH-0085,Q3-T-010,巡航,3,2826.6823900245026,2826.6823900245026,0.16525383523737933,0.16525383523737933,True,False,COM-00774,中继,Q3-R-002,0;1;2,13.009544402364185,-0.10487469934817284,2.4694705795379406
PH-0085,Q3-T-010,巡航,3,2826.6823900245026,2830.697629981977,0.16525383523737933,0.17532446567669024,False,False,COM-00775,中继,Q3-R-002,0;1;2,12.95297760500371,-0.05259480008864159,2.4694705795379406
PH-0085,Q3-T-010,巡航,3,2830.697629981977,2830.697629981977,0.17532446567669024,0.17532446567669024,True,True,COM-00776,直连,,,-7.673861546209082e-13,-7.673861546209082e-13,
PH-0085,Q3-T-010,巡航,3,2830.697629981977,2902.7665736900717,0.17532446567669024,0.3560807108631552,False,True,COM-00777,直连,,,1.0022152593915763,1.0022152593915763,
PH-0085,Q3-T-010,巡航,3,2902.7665736900717,2902.7665736900717,0.3560807108631552,0.3560807108631552,True,True,COM-00778,直连,,,2.1343308002043955,2.1343308002043955,
PH-0085,Q3-T-010,巡航,3,2902.7665736900717,3003.2138385946637,0.3560807108631552,0.6080126736368072,False,True,COM-00779,直连,,,4.004680937026933,4.004680937026933,
PH-0085,Q3-T-010,巡航,3,3003.2138385946637,3003.2138385946637,0.6080126736368072,0.6080126736368072,True,True,COM-00780,直连,,,6.382114616510577,6.382114616510577,
PH-0085,Q3-T-010,巡航,3,3003.2138385946637,3011.135604465911,0.6080126736368072,0.6278812686301338,False,True,COM-00781,直连,,,6.599817146250075,6.599817146250075,
PH-0085,Q3-T-010,巡航,3,3011.135604465911,3011.135604465911,0.6278812686301338,0.6278812686301338,True,True,COM-00782,直连,,,6.82297430105038,6.82297430105038,
PH-0085,Q3-T-010,巡航,3,3011.135604465911,3159.502284002529,0.6278812686301338,1.0,False,True,COM-00783,直连,,,22.523594946854956,22.523594946854956,
PH-0085,Q3-T-010,巡航,3,3159.502284002529,3159.502284002529,1.0,1.0,True,True,COM-00784,直连,,,32.7598396645181,32.7598396645181,
PH-0086,Q3-T-010,下降,3,3159.502284002529,3190.571916040055,0.0,0.25224054668030155,False,True,COM-00785,直连,,,34.018318203106006,34.018318203106006,
PH-0086,Q3-T-010,下降,3,3190.571916040055,3190.571916040055,0.25224054668030155,0.25224054668030155,True,True,COM-00786,直连,,,35.49054052543224,35.49054052543224,
PH-0086,Q3-T-010,下降,3,3190.571916040055,3249.079055474592,0.25224054668030155,0.7272340328549594,False,True,COM-00787,直连,,,39.20321867704135,39.20321867704135,
PH-0086,Q3-T-010,下降,3,3249.079055474592,3249.079055474592,0.7272340328549594,0.7272340328549594,True,True,COM-00788,直连,,,45.822907643684374,45.822907643684374,
PH-0086,Q3-T-010,下降,3,3249.079055474592,3260.2536380280453,0.7272340328549594,0.8179555067624322,False,True,COM-00789,直连,,,47.96179382527551,47.96179382527551,
PH-0086,Q3-T-010,下降,3,3260.2536380280453,3260.2536380280453,0.8179555067624322,0.8179555067624322,True,True,COM-00790,直连,,,50.805706205104286,50.805706205104286,
PH-0086,Q3-T-010,下降,3,3260.2536380280453,3269.987628166455,0.8179555067624322,0.8969814505176609,False,True,COM-00791,直连,,,54.38121115513658,54.38121115513658,
PH-0086,Q3-T-010,下降,3,3269.987628166455,3269.987628166455,0.8969814505176609,0.8969814505176609,True,True,COM-00792,直连,,,60.56487003084809,60.56487003084809,
PH-0086,Q3-T-010,下降,3,3269.987628166455,3271.1537109437954,0.8969814505176609,0.9064483588117644,False,True,COM-00793,直连,,,61.71811229890638,61.71811229890638,
PH-0086,Q3-T-010,下降,3,3271.1537109437954,3271.1537109437954,0.9064483588117644,0.9064483588117644,True,True,COM-00794,直连,,,63.04826031558974,63.04826031558974,
PH-0086,Q3-T-010,下降,3,3271.1537109437954,3282.2666821918883,0.9064483588117644,0.9966696378882541,False,True,COM-00795,直连,,,67.82295300936043,67.82295300936043,
PH-0086,Q3-T-010,下降,3,3282.2666821918883,3282.2666821918883,0.9966696378882541,0.9966696378882541,True,True,COM-00796,直连,,,56.38238674364726,56.38238674364726,
PH-0086,Q3-T-010,下降,3,3282.2666821918883,3282.6768982603417,0.9966696378882541,1.0,False,True,COM-00797,直连,,,46.150772984109935,46.150772984109935,
PH-0086,Q3-T-010,下降,3,3282.6768982603417,3282.6768982603417,1.0,1.0,True,True,COM-00798,直连,,,45.92517525248826,45.92517525248826,
PH-0087,Q3-T-011,爬升,1,2101.5538679616766,2101.5538679616766,0.0,0.0,True,True,COM-00799,直连,,,45.92517525248826,45.92517525248826,
PH-0087,Q3-T-011,爬升,1,2101.5538679616766,2101.96408403013,0.0,0.00705533907522279,False,True,COM-00800,直连,,,46.15077298410995,46.15077298410995,
PH-0087,Q3-T-011,爬升,1,2101.96408403013,2101.96408403013,0.00705533907522279,0.00705533907522279,True,True,COM-00801,直连,,,56.38238674364726,56.38238674364726,
PH-0087,Q3-T-011,爬升,1,2101.96408403013,2113.077055278223,0.00705533907522279,0.19818822322614532,False,True,COM-00802,直连,,,67.82295300936053,67.82295300936053,
PH-0087,Q3-T-011,爬升,1,2113.077055278223,2113.077055278223,0.19818822322614532,0.19818822322614532,True,True,COM-00803,直连,,,63.04826031558963,63.04826031558963,
PH-0087,Q3-T-011,爬升,1,2113.077055278223,2114.243138055563,0.19818822322614532,0.21824377447487314,False,True,COM-00804,直连,,,61.71811229890628,61.71811229890628,
PH-0087,Q3-T-011,爬升,1,2114.243138055563,2114.243138055563,0.21824377447487314,0.21824377447487314,True,True,COM-00805,直连,,,60.56487003084799,60.56487003084799,
PH-0087,Q3-T-011,爬升,1,2114.243138055563,2123.977128193973,0.21824377447487314,0.3856594518770947,False,True,COM-00806,直连,,,54.381211155136526,54.381211155136526,
PH-0087,Q3-T-011,爬升,1,2123.977128193973,2123.977128193973,0.3856594518770947,0.3856594518770947,True,True,COM-00807,直连,,,50.80570620510423,50.80570620510423,
PH-0087,Q3-T-011,爬升,1,2123.977128193973,2135.151710747426,0.3856594518770947,0.5778519938123206,False,True,COM-00808,直连,,,47.961793825275464,47.961793825275464,
PH-0087,Q3-T-011,爬升,1,2135.151710747426,2135.151710747426,0.5778519938123206,0.5778519938123206,True,True,COM-00809,直连,,,45.82290764368433,45.82290764368433,
PH-0087,Q3-T-011,爬升,1,2135.151710747426,2159.6965120046452,0.5778519938123206,1.0,False,True,COM-00810,直连,,,42.42101306040274,42.42101306040274,
PH-0087,Q3-T-011,爬升,1,2159.6965120046452,2159.6965120046452,1.0,1.0,True,True,COM-00811,直连,,,39.982830377148545,39.982830377148545,
PH-0088,Q3-T-011,巡航,1,2159.6965120046452,2266.8730179290737,0.0,0.5264108467150513,False,True,COM-00812,直连,,,23.738075011207812,23.738075011207812,
PH-0088,Q3-T-011,巡航,1,2266.8730179290737,2266.8730179290737,0.5264108467150513,0.5264108467150513,True,True,COM-00813,直连,,,17.79550583936357,17.79550583936357,
PH-0088,Q3-T-011,巡航,1,2266.8730179290737,2309.1735887589334,0.5264108467150513,0.7341754040218321,False,True,COM-00814,直连,,,6.239096637791931,6.239096637791931,
PH-0088,Q3-T-011,巡航,1,2309.1735887589334,2309.1735887589334,0.7341754040218321,0.7341754040218321,True,True,COM-00815,直连,,,4.918777094567162,4.918777094567162,
PH-0088,Q3-T-011,巡航,1,2309.1735887589334,2319.0360964025085,0.7341754040218321,0.7826163468815358,False,True,COM-00816,直连,,,4.6377051069436845,4.6377051069436845,
PH-0088,Q3-T-011,巡航,1,2319.0360964025085,2319.0360964025085,0.7826163468815358,0.7826163468815358,True,True,COM-00817,直连,,,4.365419094587921,4.365419094587921,
PH-0088,Q3-T-011,巡航,1,2319.0360964025085,2363.2951015725453,0.7826163468815358,1.0,False,True,COM-00818,直连,,,3.2385689458567555,3.2385689458567555,
PH-0088,Q3-T-011,巡航,1,2363.2951015725453,2363.2951015725453,1.0,1.0,True,True,COM-00819,直连,,,2.2410165102830177,2.2410165102830177,
PH-0089,Q3-T-011,下降,1,2363.2951015725453,2395.1250076330284,0.0,0.714824110688457,False,True,COM-00820,直连,,,2.244256312054077,2.244256312054077,
PH-0089,Q3-T-011,下降,1,2395.1250076330284,2395.1250076330284,0.714824110688457,0.714824110688457,True,True,COM-00821,直连,,,2.2465553185876814,2.2465553185876814,
PH-0089,Q3-T-011,下降,1,2395.1250076330284,2402.5874239654518,0.714824110688457,0.8824122621669849,False,True,COM-00822,直连,,,2.2469580005630974,2.2469580005630974,
PH-0089,Q3-T-011,下降,1,2402.5874239654518,2402.5874239654518,0.8824122621669849,0.8824122621669849,True,True,COM-00823,直连,,,2.2473088722119314,2.2473088722119314,
PH-0089,Q3-T-011,下降,1,2402.5874239654518,2405.959647539739,0.8824122621669849,0.9581443963728433,False,True,COM-00824,直连,,,2.247450429231904,2.247450429231904,
PH-0089,Q3-T-011,下降,1,2405.959647539739,2405.959647539739,0.9581443963728433,0.9581443963728433,True,True,COM-00825,直连,,,2.2475814025186764,2.2475814025186764,
PH-0089,Q3-T-011,下降,1,2405.959647539739,2407.823406626256,0.9581443963728433,1.0,False,True,COM-00826,直连,,,2.247649247293978,2.247649247293978,
PH-0089,Q3-T-011,下降,1,2407.823406626256,2407.823406626256,1.0,1.0,True,True,COM-00827,直连,,,2.24771385877267,2.24771385877267,
PH-0090,Q3-T-011,投送交接,1,2407.823406626256,2454.762859482356,0.0,0.18626767006388772,False,True,COM-00828,直连,,,2.24771385877267,2.24771385877267,
PH-0090,Q3-T-011,投送交接,1,2454.762859482356,2454.762859482356,0.18626767006388772,0.18626767006388772,True,True,COM-00829,直连,,,2.24771385877267,2.24771385877267,
PH-0090,Q3-T-011,投送交接,1,2454.762859482356,2659.823406626256,0.18626767006388772,1.0,False,True,COM-00830,直连,,,2.24771385877267,2.24771385877267,
PH-0090,Q3-T-011,投送交接,1,2659.823406626256,2659.823406626256,1.0,1.0,True,True,COM-00831,直连,,,2.24771385877267,2.24771385877267,
PH-0091,Q3-T-011,爬升,2,2659.823406626256,2661.31441389547,0.0,0.02976184965191333,False,True,COM-00832,直连,,,2.247649247293978,2.247649247293978,
PH-0091,Q3-T-011,爬升,2,2661.31441389547,2661.31441389547,0.02976184965191333,0.02976184965191333,True,True,COM-00833,直连,,,2.2475814025186764,2.2475814025186764,
PH-0091,Q3-T-011,爬升,2,2661.31441389547,2664.0121927549,0.02976184965191333,0.08361194848529592,False,True,COM-00834,直连,,,2.247450429231904,2.247450429231904,
PH-0091,Q3-T-011,爬升,2,2664.0121927549,2664.0121927549,0.08361194848529592,0.08361194848529592,True,True,COM-00835,直连,,,2.2473088722119314,2.2473088722119314,
PH-0091,Q3-T-011,爬升,2,2664.0121927549,2669.9821258208385,0.08361194848529592,0.20277719603914746,False,True,COM-00836,直连,,,2.2469580005630974,2.2469580005630974,
PH-0091,Q3-T-011,爬升,2,2669.9821258208385,2669.9821258208385,0.20277719603914746,0.20277719603914746,True,True,COM-00837,直连,,,2.2465553185876814,2.2465553185876814,
PH-0091,Q3-T-011,爬升,2,2669.9821258208385,2709.921343637975,0.20277719603914746,1.0,False,True,COM-00838,直连,,,2.2425298789417667,2.2425298789417667,
PH-0091,Q3-T-011,爬升,2,2709.921343637975,2709.921343637975,1.0,1.0,True,True,COM-00839,直连,,,2.2361929538520116,2.2361929538520116,
PH-0092,Q3-T-011,巡航,2,2709.921343637975,2769.934459734842,0.0,0.20643885003630744,False,True,COM-00840,直连,,,1.0466840252724126,1.0466840252724126,
PH-0092,Q3-T-011,巡航,2,2769.934459734842,2769.934459734842,0.20643885003630744,0.20643885003630744,True,True,COM-00841,直连,,,-6.110667527536862e-13,-6.110667527536862e-13,
PH-0092,Q3-T-011,巡航,2,2769.934459734842,2834.613497416849,0.20643885003630744,0.4289279828948082,False,False,COM-00842,中继,Q3-R-002,0;1;2;3,1.7721539434536027,-1.0030193271366699,2.4694705795379406
PH-0092,Q3-T-011,巡航,2,2834.613497416849,2834.613497416849,0.4289279828948082,0.4289279828948082,True,False,COM-00843,中继,Q3-R-002,0;1;2;3,1.3007990174993438,-1.9023977237661143,2.4694705795379406
PH-0092,Q3-T-011,巡航,2,2834.613497416849,2867.930327328436,0.4289279828948082,0.5435343973109775,False,False,COM-00844,中继,Q3-R-002,0;1;2;3,1.050681474871169,-2.331793164577462,2.4694705795379406
PH-0092,Q3-T-011,巡航,2,2867.930327328436,2867.930327328436,0.5435343973109775,0.5435343973109775,True,False,COM-00845,中继,Q3-R-002,0;1;2;3,0.7975799815959164,-2.741000500488866,2.4694705795379406
PH-0092,Q3-T-011,巡航,2,2867.930327328436,2901.6848703944424,0.5435343973109775,0.6596464992521581,False,False,COM-00846,中继,Q3-R-002,0;1;2;3,0.5394064708684283,-3.1368491619248715,2.4694705795379406
PH-0092,Q3-T-011,巡航,2,2901.6848703944424,2901.6848703944424,0.6596464992521581,0.6596464992521581,True,False,COM-00847,中继,Q3-R-002,0;1;2;3,0.2805920169774794,-3.515471845325621,2.4694705795379406
PH-0092,Q3-T-011,巡航,2,2901.6848703944424,2904.0269584292328,0.6596464992521581,0.667703037423006,False,False,COM-00848,中继,Q3-R-002,1;2;3,0.26263536231101625,-3.5411416222594596,2.4694705795379406
PH-0092,Q3-T-011,巡航,2,2904.0269584292328,2904.0269584292328,0.667703037423006,0.667703037423006,True,False,COM-00849,中继,Q3-R-002,1;2;3,0.24468052465549306,-3.56673588738704,2.4694705795379406
PH-0092,Q3-T-011,巡航,2,2904.0269584292328,2906.941729443823,0.667703037423006,0.6777295452184016,False,False,COM-00850,中继,Q3-R-002,1;2;3,0.22233836801716222,-3.598483616687389,2.4694705795379406
PH-0092,Q3-T-011,巡航,2,2906.941729443823,2906.941729443823,0.6777295452184016,0.6777295452184016,True,False,COM-00851,中继,Q3-R-002,1;2;3,0.1999999999998323,-3.63011592004581,2.4694705795379406
PH-0092,Q3-T-011,巡航,2,2906.941729443823,2912.301129662562,0.6777295452184016,0.6961653220951579,False,False,COM-00852,中继,Q3-R-003,2;3,10.462436577262963,-3.687979899755504,0.6489723131086578
PH-0092,Q3-T-011,巡航,2,2912.301129662562,2912.301129662562,0.6961653220951579,0.6961653220951579,True,False,COM-00853,中继,Q3-R-003,2;3,0.41480584748698845,-3.745461571303011,0.6489723131086578
PH-0092,Q3-T-011,巡航,2,2912.301129662562,2921.2429336594764,0.6961653220951579,0.7269241937290458,False,False,COM-00854,中继,Q3-R-003,2;3,0.3279040213197817,-3.840528486435005,0.6489723131086578
PH-0092,Q3-T-011,巡航,2,2921.2429336594764,2921.2429336594764,0.7269241937290458,0.7269241937290458,True,False,COM-00855,中继,Q3-R-003,2;3,0.2322119128661626,-3.934567759672177,0.6489723131086578
PH-0092,Q3-T-011,巡航,2,2921.2429336594764,2922.6663113577856,0.7269241937290458,0.7318204643164945,False,False,COM-00856,中继,Q3-R-003,2;3,10.216208408814794,-3.949443811726823,0.6489723131086578
PH-0092,Q3-T-011,巡航,2,2922.6663113577856,2922.6663113577856,0.7318204643164945,0.7318204643164945,True,False,COM-00857,中继,Q3-R-003,2;3,10.200000000000841,-3.9642944687106194,0.6489723131086578
PH-0092,Q3-T-011,巡航,2,2922.6663113577856,2968.0084244181817,0.7318204643164945,0.8877925965299898,False,False,COM-00858,中继,Q3-R-003,2;3,9.591377719400626,-4.424568186437455,0.6489723131086578
PH-0092,Q3-T-011,巡航,2,2968.0084244181817,2968.0084244181817,0.8877925965299898,0.8877925965299898,True,False,COM-00859,中继,Q3-R-003,2;3,8.856714658772887,-4.861704557565048,0.6489723131086578
PH-0092,Q3-T-011,巡航,2,2968.0084244181817,3000.6278462478876,0.8877925965299898,1.0,False,False,COM-00860,中继,Q3-R-003,2,8.287954215567297,-5.163126436282283,0.6489723131086578
PH-0092,Q3-T-011,巡航,2,3000.6278462478876,3000.6278462478876,1.0,1.0,True,False,COM-00861,中继,Q3-R-003,2,7.706438708060219,-5.45444949320779,0.6489723131086578
PH-0093,Q3-T-011,下降,2,3000.6278462478876,3005.904951576033,0.0,0.11760241991450084,False,False,COM-00862,中继,Q3-R-003,2,7.705993161491932,-5.454316956762511,0.6489723131086578
PH-0093,Q3-T-011,下降,2,3005.904951576033,3005.904951576033,0.11760241991450084,0.11760241991450084,True,False,COM-00863,中继,Q3-R-003,2,7.705511387812393,-5.454188817863098,0.6489723131086578
PH-0093,Q3-T-011,下降,2,3005.904951576033,3024.7722820060444,0.11760241991450084,0.5380684856686838,False,False,COM-00864,中继,Q3-R-003,2,7.703492780296713,-5.4537666543260315,0.6489723131086578
PH-0093,Q3-T-011,下降,2,3024.7722820060444,3024.7722820060444,0.5380684856686838,0.5380684856686838,True,False,COM-00865,中继,Q3-R-003,2,7.701011896197556,-5.453400725387809,0.6489723131086578
PH-0093,Q3-T-011,下降,2,3024.7722820060444,3045.500267512536,0.5380684856686838,1.0,False,False,COM-00866,中继,Q3-R-003,2,7.697754392806402,-5.45306355285372,0.6489723131086578
PH-0093,Q3-T-011,下降,2,3045.500267512536,3045.500267512536,1.0,1.0,True,False,COM-00867,中继,Q3-R-003,2,7.693941152557855,-5.452794286226634,0.6489723131086578
PH-0094,Q3-T-011,投送交接,2,3045.500267512536,3190.571916040055,0.0,0.3663425467866637,False,False,COM-00868,中继,Q3-R-003,2,7.693941152557855,-5.452794286226634,0.6489723131086578
PH-0094,Q3-T-011,投送交接,2,3190.571916040055,3190.571916040055,0.3663425467866637,0.3663425467866637,True,False,COM-00869,中继,Q3-R-003,2,7.693941152557855,-5.452794286226634,0.6489723131086578
PH-0094,Q3-T-011,投送交接,2,3190.571916040055,3441.500267512536,0.3663425467866637,1.0,False,False,COM-00870,中继,Q3-R-003,2,7.693941152557855,-5.452794286226634,0.6489723131086578
PH-0094,Q3-T-011,投送交接,2,3441.500267512536,3441.500267512536,1.0,1.0,True,False,COM-00871,中继,Q3-R-003,2,7.693941152557855,-5.452794286226634,0.6489723131086578
PH-0095,Q3-T-011,爬升,3,3441.500267512536,3458.0826559177294,0.0,0.4634320794099718,False,False,COM-00872,中继,Q3-R-003,2,7.697754392806402,-5.45306355285372,0.6489723131086578
PH-0095,Q3-T-011,爬升,3,3458.0826559177294,3458.0826559177294,0.4634320794099718,0.4634320794099718,True,False,COM-00873,中继,Q3-R-003,2,7.701011896197556,-5.453400725387809,0.6489723131086578
PH-0095,Q3-T-011,爬升,3,3458.0826559177294,3473.1765202617385,0.4634320794099718,0.885264011478653,False,False,COM-00874,中继,Q3-R-003,2,7.703492780296713,-5.4537666543260315,0.6489723131086578
PH-0095,Q3-T-011,爬升,3,3473.1765202617385,3473.1765202617385,0.885264011478653,0.885264011478653,True,False,COM-00875,中继,Q3-R-003,2,7.705511387812393,-5.454188817863098,0.6489723131086578
PH-0095,Q3-T-011,爬升,3,3473.1765202617385,3477.2819691726922,0.885264011478653,1.0,False,False,COM-00876,中继,Q3-R-003,2,7.705980381784158,-5.454313369849061,0.6489723131086578
PH-0095,Q3-T-011,爬升,3,3477.2819691726922,3477.2819691726922,1.0,1.0,True,False,COM-00877,中继,Q3-R-003,2,7.706415116358258,-5.454442080570175,0.6489723131086578
PH-0096,Q3-T-011,巡航,3,3477.2819691726922,3509.0454937627483,0.0,0.0642872636004601,False,False,COM-00878,中继,Q3-R-003,2,8.28853620492184,-5.170799072849832,0.6489723131086578
PH-0096,Q3-T-011,巡航,3,3509.0454937627483,3509.0454937627483,0.0642872636004601,0.0642872636004601,True,False,COM-00879,中继,Q3-R-003,2;3,8.863341764677372,-4.877584944292295,0.6489723131086578
PH-0096,Q3-T-011,巡航,3,3509.0454937627483,3550.5550919335606,0.0642872636004601,0.1482999326602273,False,False,COM-00880,中继,Q3-R-003,2;3,9.57649709443021,-4.478857291177121,0.6489723131086578
PH-0096,Q3-T-011,巡航,3,3550.5550919335606,3550.5550919335606,0.1482999326602273,0.1482999326602273,True,False,COM-00881,中继,Q3-R-003,2;3,10.199999999998639,-4.060953541515062,0.6489723131086578
PH-0096,Q3-T-011,巡航,3,3550.5550919335606,3557.388371995142,0.1482999326602273,0.1621300375444997,False,False,COM-00882,中继,Q3-R-003,2;3,10.289802201104237,-3.9901904985185013,0.6489723131086578
PH-0096,Q3-T-011,巡航,3,3557.388371995142,3557.388371995142,0.1621300375444997,0.1621300375444997,True,False,COM-00883,中继,Q3-R-003,2;3,0.37516951060909776,-3.918846606546637,0.6489723131086578
PH-0096,Q3-T-011,巡航,3,3557.388371995142,3566.24764158759,0.1621300375444997,0.1800606106451796,False,False,COM-00884,中继,Q3-R-003,2;3,0.47874951299455404,-3.8254696175583547,0.6489723131086578
PH-0096,Q3-T-011,巡航,3,3566.24764158759,3566.24764158759,0.1800606106451796,0.1800606106451796,True,False,COM-00885,中继,Q3-R-003,2;3,0.5737146346915267,-3.731078574245771,0.6489723131086578
PH-0096,Q3-T-011,巡航,3,3566.24764158759,3573.2999570596958,0.1800606106451796,0.19433402864901217,False,False,COM-00886,中继,Q3-R-003,2;3,10.64273113103252,-3.655200010425432,0.6489723131086578
PH-0096,Q3-T-011,巡航,3,3573.2999570596958,3573.2999570596958,0.19433402864901217,0.19433402864901217,True,False,COM-00887,中继,Q3-R-003,1;2;3,10.705584831408274,-3.5786532208024937,0.6489723131086578
PH-0096,Q3-T-011,巡航,3,3573.2999570596958,3574.4164831006365,0.19433402864901217,0.196593803180873,False,False,COM-00888,中继,Q3-R-003,1;2;3,10.714951591327775,-3.566472245615472,0.6489723131086578
PH-0096,Q3-T-011,巡航,3,3574.4164831006365,3574.4164831006365,0.196593803180873,0.196593803180873,True,False,COM-00889,中继,Q3-R-003,1;2;3,0.7241555561211328,-3.5542741765275707,0.6489723131086578
PH-0096,Q3-T-011,巡航,3,3574.4164831006365,3575.035762689663,0.196593803180873,0.19784718392800163,False,False,COM-00890,中继,Q3-R-003,1;2;3,0.7291899373958728,-3.547501147251296,0.6489723131086578
PH-0096,Q3-T-011,巡航,3,3575.035762689663,3575.035762689663,0.19784718392800163,0.19784718392800163,True,False,COM-00891,中继,Q3-R-003,0;1;2;3,0.7341737223565161,-3.5407228363078076,0.6489723131086578
PH-0096,Q3-T-011,巡航,3,3575.035762689663,3609.7315511045404,0.19784718392800163,0.26806915470863973,False,False,COM-00892,中继,Q3-R-003,0;1;2;3,0.9276426828058391,-3.1522605312657106,0.6489723131086578
PH-0096,Q3-T-011,巡航,3,3609.7315511045404,3609.7315511045404,0.26806915470863973,0.26806915470863973,True,False,COM-00893,中继,Q3-R-003,0;1;2;3,0.9402774596356664,-2.745623539385832,0.6489723131086578
PH-0096,Q3-T-011,巡航,3,3609.7315511045404,3653.92336498019,0.26806915470863973,0.35751045016537036,False,False,COM-00894,中继,Q3-R-003,0;1;2;3,10.694493186176842,-2.1985296759233677,0.6489723131086578
PH-0096,Q3-T-011,巡航,3,3653.92336498019,3653.92336498019,0.35751045016537036,0.35751045016537036,True,False,COM-00895,中继,Q3-R-003,0;1;2;3,10.199999999997246,-1.614685564853474,0.6489723131086578
PH-0096,Q3-T-011,巡航,3,3653.92336498019,3707.8433954663597,0.35751045016537036,0.46664100975995676,False,False,COM-00896,中继,Q3-R-003,0;1;2;3,9.370112224392955,-0.8447581064711613,0.6489723131086578
PH-0096,Q3-T-011,巡航,3,3707.8433954663597,3707.8433954663597,0.46664100975995676,0.46664100975995676,True,True,COM-00897,直连,,,5.542233338928781e-13,5.542233338928781e-13,
PH-0096,Q3-T-011,巡航,3,3707.8433954663597,3818.0919434853586,0.46664100975995676,0.6897767467267608,False,True,COM-00898,直连,,,2.034124260578807,2.034124260578807,
PH-0096,Q3-T-011,巡航,3,3818.0919434853586,3818.0919434853586,0.6897767467267608,0.6897767467267608,True,True,COM-00899,直连,,,14.69281669188166,14.69281669188166,
PH-0096,Q3-T-011,巡航,3,3818.0919434853586,3971.3693328449713,0.6897767467267608,1.0,False,True,COM-00900,直连,,,20.650107991357686,20.650107991357686,
PH-0096,Q3-T-011,巡航,3,3971.3693328449713,3971.3693328449713,1.0,1.0,True,True,COM-00901,直连,,,37.7955515486551,37.7955515486551,
PH-0097,Q3-T-011,下降,3,3971.3693328449713,4019.9991564379798,0.0,0.5365923555389676,False,True,COM-00902,直连,,,40.913123002813435,40.913123002813435,
PH-0097,Q3-T-011,下降,3,4019.9991564379798,4019.9991564379798,0.5365923555389676,0.5365923555389676,True,True,COM-00903,直连,,,45.82290764368433,45.82290764368433,
PH-0097,Q3-T-011,下降,3,4019.9991564379798,4033.967384629796,0.5365923555389676,0.690720911111812,False,True,COM-00904,直连,,,47.961793825275265,47.961793825275265,
PH-0097,Q3-T-011,下降,3,4033.967384629796,4033.967384629796,0.690720911111812,0.690720911111812,True,True,COM-00905,直连,,,50.80570620510416,50.80570620510416,
PH-0097,Q3-T-011,下降,3,4033.967384629796,4046.1348723028086,0.690720911111812,0.8249796928440927,False,True,COM-00906,直连,,,54.381211155136924,54.381211155136924,
PH-0097,Q3-T-011,下降,3,4046.1348723028086,4046.1348723028086,0.8249796928440927,0.8249796928440927,True,True,COM-00907,直连,,,60.56487003084824,60.56487003084824,
PH-0097,Q3-T-011,下降,3,4046.1348723028086,4047.592475774484,0.8249796928440927,0.841063215722027,False,True,COM-00908,直连,,,61.71811229890674,61.71811229890674,
PH-0097,Q3-T-011,下降,3,4047.592475774484,4047.592475774484,0.841063215722027,0.841063215722027,True,True,COM-00909,直连,,,63.04826031558949,63.04826031558949,
PH-0097,Q3-T-011,下降,3,4047.592475774484,4061.4836898346,0.841063215722027,0.994341980132053,False,True,COM-00910,直连,,,67.82295300936192,67.82295300936192,
PH-0097,Q3-T-011,下降,3,4061.4836898346,4061.4836898346,0.994341980132053,0.994341980132053,True,True,COM-00911,直连,,,56.38238674364703,56.38238674364703,
PH-0097,Q3-T-011,下降,3,4061.4836898346,4061.9964599201667,0.994341980132053,1.0,False,True,COM-00912,直连,,,46.150772984109835,46.150772984109835,
PH-0097,Q3-T-011,下降,3,4061.9964599201667,4061.9964599201667,1.0,1.0,True,True,COM-00913,直连,,,45.92517525248826,45.92517525248826,
PH-0098,Q3-T-012,爬升,1,1936.2753989802832,1936.2753989802832,0.0,0.0,True,True,COM-00914,直连,,,45.92517525248826,45.92517525248826,
PH-0098,Q3-T-012,爬升,1,1936.2753989802832,1936.617245703994,0.0,0.0033303621117458347,False,True,COM-00915,直连,,,46.150772984109636,46.150772984109636,
PH-0098,Q3-T-012,爬升,1,1936.617245703994,1936.617245703994,0.0033303621117458347,0.0033303621117458347,True,True,COM-00916,直连,,,46.38238674364695,46.38238674364695,
PH-0098,Q3-T-012,爬升,1,1936.617245703994,1945.878055077405,0.0033303621117458347,0.09355164118823557,False,True,COM-00917,直连,,,67.82295300936126,67.82295300936126,
PH-0098,Q3-T-012,爬升,1,1945.878055077405,1945.878055077405,0.09355164118823557,0.09355164118823557,True,True,COM-00918,直连,,,63.04826031558988,63.04826031558988,
PH-0098,Q3-T-012,爬升,1,1945.878055077405,1946.8497907251885,0.09355164118823557,0.10301854948233914,False,True,COM-00919,直连,,,61.71811229890649,61.71811229890649,
PH-0098,Q3-T-012,爬升,1,1946.8497907251885,1946.8497907251885,0.10301854948233914,0.10301854948233914,True,True,COM-00920,直连,,,60.5648700308482,60.5648700308482,
PH-0098,Q3-T-012,爬升,1,1946.8497907251885,1954.9614491738635,0.10301854948233914,0.18204449323756763,False,True,COM-00921,直连,,,54.38121115513681,54.38121115513681,
PH-0098,Q3-T-012,爬升,1,1954.9614491738635,1954.9614491738635,0.18204449323756763,0.18204449323756763,True,True,COM-00922,直连,,,50.80570620510426,50.80570620510426,
PH-0098,Q3-T-012,爬升,1,1954.9614491738635,1964.273601301741,0.18204449323756763,0.2727659671450406,False,True,COM-00923,直连,,,47.961793825275365,47.961793825275365,
PH-0098,Q3-T-012,爬升,1,1964.273601301741,1964.273601301741,0.2727659671450406,0.2727659671450406,True,True,COM-00924,直连,,,45.82290764368432,45.82290764368432,
PH-0098,Q3-T-012,爬升,1,1964.273601301741,2038.9209108617936,0.2727659671450406,1.0,False,True,COM-00925,直连,,,37.03722108847832,37.03722108847832,
PH-0098,Q3-T-012,爬升,1,2038.9209108617936,2038.9209108617936,1.0,1.0,True,True,COM-00926,直连,,,32.7598396645181,32.7598396645181,
PH-0099,Q3-T-012,巡航,1,2038.9209108617936,2157.6142544910876,0.0,0.3721187313698662,False,True,COM-00927,直连,,,22.523594946854956,22.523594946854956,
PH-0099,Q3-T-012,巡航,1,2157.6142544910876,2157.6142544910876,0.3721187313698662,0.3721187313698662,True,True,COM-00928,直连,,,6.82297430105038,6.82297430105038,
PH-0099,Q3-T-012,巡航,1,2157.6142544910876,2163.9516671880856,0.3721187313698662,0.39198732636319267,False,True,COM-00929,直连,,,6.599817146250075,6.599817146250075,
PH-0099,Q3-T-012,巡航,1,2163.9516671880856,2163.9516671880856,0.39198732636319267,0.39198732636319267,True,True,COM-00930,直连,,,6.382114616510577,6.382114616510577,
PH-0099,Q3-T-012,巡航,1,2163.9516671880856,2244.309479111759,0.39198732636319267,0.6439192891368449,False,True,COM-00931,直连,,,4.004680937026933,4.004680937026933,
PH-0099,Q3-T-012,巡航,1,2244.309479111759,2244.309479111759,0.6439192891368449,0.6439192891368449,True,True,COM-00932,直连,,,2.1343308002043955,2.1343308002043955,
PH-0099,Q3-T-012,巡航,1,2244.309479111759,2301.964634078235,0.6439192891368449,0.8246755343233098,False,True,COM-00933,直连,,,1.0022152593915763,1.0022152593915763,
PH-0099,Q3-T-012,巡航,1,2301.964634078235,2301.964634078235,0.8246755343233098,0.8246755343233098,True,True,COM-00934,直连,,,-7.673861546209082e-13,-7.673861546209082e-13,
PH-0099,Q3-T-012,巡航,1,2301.964634078235,2305.1768260442145,0.8246755343233098,0.8347461647626209,False,False,COM-00935,中继,Q3-R-002,0;1;2,12.95297760500371,-0.05259480008864159,2.4694705795379406
PH-0099,Q3-T-012,巡航,1,2305.1768260442145,2305.1768260442145,0.8347461647626209,0.8347461647626209,True,False,COM-00936,中继,Q3-R-002,0;1;2,13.009544402364185,-0.10487469934817284,2.4694705795379406
PH-0099,Q3-T-012,巡航,1,2305.1768260442145,2349.347310885957,0.8347461647626209,0.9732262537104599,False,False,COM-00937,中继,Q3-R-002,1;2,13.56667403701708,-0.793712788918711,2.4694705795379406
PH-0099,Q3-T-012,巡航,1,2349.347310885957,2349.347310885957,0.9732262537104599,0.9732262537104599,True,False,COM-00938,中继,Q3-R-002,1;2,13.610115612277099,-1.4321227140815154,2.4694705795379406
PH-0099,Q3-T-012,巡航,1,2349.347310885957,2357.8872343047256,0.9732262537104599,1.0,False,False,COM-00939,中继,Q3-R-002,1,13.55468409815704,-1.5503383061428195,2.4694705795379406
PH-0099,Q3-T-012,巡航,1,2357.8872343047256,2357.8872343047256,1.0,1.0,True,False,COM-00940,中继,Q3-R-002,1,13.479707828576096,-1.6669723827331495,2.4694705795379406
PH-0100,Q3-T-012,下降,1,2357.8872343047256,2364.712563576191,0.0,0.20304648505311743,False,False,COM-00941,中继,Q3-R-002,1,13.473164649536812,-1.6660573567824173,2.4694705795379406
PH-0100,Q3-T-012,下降,1,2364.712563576191,2364.712563576191,0.20304648505311743,0.20304648505311743,True,False,COM-00942,中继,Q3-R-002,1,13.466274082637625,-1.6651696668755562,2.4694705795379406
PH-0100,Q3-T-012,下降,1,2364.712563576191,2371.2026374880706,0.20304648505311743,0.39611946997876374,False,False,COM-00943,中继,Q3-R-002,1,13.45940128360236,-1.6643509499378695,2.4694705795379406
PH-0100,Q3-T-012,下降,1,2371.2026374880706,2371.2026374880706,0.39611946997876374,0.39611946997876374,True,False,COM-00944,中继,Q3-R-002,1,13.452217389645583,-1.6635569787613917,2.4694705795379406
PH-0100,Q3-T-012,下降,1,2371.2026374880706,2384.9449570694283,0.39611946997876374,0.8049392611552698,False,False,COM-00945,中继,Q3-R-002,1,13.435986326686972,-1.6619575293378261,2.4694705795379406
PH-0100,Q3-T-012,下降,1,2384.9449570694283,2384.9449570694283,0.8049392611552698,0.8049392611552698,True,False,COM-00946,中继,Q3-R-002,1,13.418383224606885,-1.6604692118352347,2.4694705795379406
PH-0100,Q3-T-012,下降,1,2384.9449570694283,2391.501848562538,0.8049392611552698,1.0,False,False,COM-00947,中继,Q3-R-002,1,13.409505600762913,-1.6597982846236619,2.4694705795379406
PH-0100,Q3-T-012,下降,1,2391.501848562538,2391.501848562538,1.0,1.0,True,False,COM-00948,中继,Q3-R-002,1,13.40032137295961,-1.6591526950182356,2.4694705795379406
PH-0101,Q3-T-012,投送交接,1,2391.501848562538,2454.762859482356,0.0,0.35145006066565604,False,False,COM-00949,中继,Q3-R-002,1,13.40032137295961,-1.6591526950182356,2.4694705795379406
PH-0101,Q3-T-012,投送交接,1,2454.762859482356,2454.762859482356,0.35145006066565604,0.35145006066565604,True,False,COM-00950,中继,Q3-R-002,1,13.40032137295961,-1.6591526950182356,2.4694705795379406
PH-0101,Q3-T-012,投送交接,1,2454.762859482356,2571.501848562538,0.35145006066565604,1.0,False,False,COM-00951,中继,Q3-R-002,1,13.40032137295961,-1.6591526950182356,2.4694705795379406
PH-0101,Q3-T-012,投送交接,1,2571.501848562538,2571.501848562538,1.0,1.0,True,False,COM-00952,中继,Q3-R-002,1,13.40032137295961,-1.6591526950182356,2.4694705795379406
PH-0102,Q3-T-012,爬升,2,2571.501848562538,2576.9659248067956,0.0,0.08814752749106289,False,False,COM-00953,中继,Q3-R-002,1,13.409505600762913,-1.6597982846236619,2.4694705795379406
PH-0102,Q3-T-012,爬升,2,2576.9659248067956,2576.9659248067956,0.08814752749106289,0.08814752749106289,True,False,COM-00954,中继,Q3-R-002,1,13.418383224606885,-1.6604692118352347,2.4694705795379406
PH-0102,Q3-T-012,爬升,2,2576.9659248067956,2588.4178577912603,0.08814752749106289,0.2728923100395743,False,False,COM-00955,中继,Q3-R-002,1,13.435986326686972,-1.6619575293378261,2.4694705795379406
PH-0102,Q3-T-012,爬升,2,2588.4178577912603,2588.4178577912603,0.2728923100395743,0.2728923100395743,True,False,COM-00956,中继,Q3-R-002,1,13.452217389645583,-1.6635569787613917,2.4694705795379406
PH-0102,Q3-T-012,爬升,2,2588.4178577912603,2593.826252717827,0.2728923100395743,0.36014157581858974,False,False,COM-00957,中继,Q3-R-002,1,13.45940128360236,-1.6643509499378695,2.4694705795379406
PH-0102,Q3-T-012,爬升,2,2593.826252717827,2593.826252717827,0.36014157581858974,0.36014157581858974,True,False,COM-00958,中继,Q3-R-002,1,13.466274082637625,-1.6651696668755562,2.4694705795379406
PH-0102,Q3-T-012,爬升,2,2593.826252717827,2633.489704600949,0.36014157581858974,1.0,False,False,COM-00959,中继,Q3-R-002,1,13.507037726442604,-1.6719286696519333,2.4694705795379406
PH-0102,Q3-T-012,爬升,2,2633.489704600949,2633.489704600949,1.0,1.0,True,False,COM-00960,中继,Q3-R-002,1,13.53052172441187,-1.680011507720522,2.4694705795379406
PH-0103,Q3-T-012,巡航,2,2633.489704600949,2705.333063183331,0.0,0.6146793211863733,False,False,COM-00961,中继,Q3-R-002,1,17.316998095472343,-1.9248812991363877,2.4694705795379406
PH-0103,Q3-T-012,巡航,2,2705.333063183331,2705.333063183331,0.6146793211863733,0.6146793211863733,True,False,COM-00962,中继,Q3-R-002,1,21.24372542986856,-2.2536426362805884,2.4694705795379406
PH-0103,Q3-T-012,巡航,2,2705.333063183331,2713.122704680968,0.6146793211863733,0.6813261434192529,False,False,COM-00963,中继,Q3-R-002,1,21.426415498445294,-2.2935510680883056,2.4694705795379406
PH-0103,Q3-T-012,巡航,2,2713.122704680968,2713.122704680968,0.6813261434192529,0.6813261434192529,True,False,COM-00964,中继,Q3-R-002,1,21.509061381324358,-2.334202817654244,2.4694705795379406
PH-0103,Q3-T-012,巡航,2,2713.122704680968,2718.1709416704257,0.6813261434192529,0.7245179839330761,False,False,COM-00965,中继,Q3-R-002,1,21.506135857084118,-2.3609336120948967,2.4694705795379406
PH-0103,Q3-T-012,巡航,2,2718.1709416704257,2718.1709416704257,0.7245179839330761,0.7245179839330761,True,False,COM-00966,中继,Q3-R-002,1,21.45867379798206,-2.3879599454227787,2.4694705795379406
PH-0103,Q3-T-012,巡航,2,2718.1709416704257,2719.423337628783,0.7245179839330761,0.7352332666360268,False,False,COM-00967,中继,Q3-R-002,1,21.440142787130867,-2.39470979434212,2.4694705795379406
PH-0103,Q3-T-012,巡航,2,2719.423337628783,2719.423337628783,0.7352332666360268,0.7352332666360268,True,False,COM-00968,中继,Q3-R-002,1,21.418987293558672,-2.401477333270833,2.4694705795379406
PH-0103,Q3-T-012,巡航,2,2719.423337628783,2733.776308320908,0.7352332666360268,0.8580347956308977,False,False,COM-00969,中继,Q3-R-002,1,21.004589441738347,-2.480267602624494,2.4694705795379406
PH-0103,Q3-T-012,巡航,2,2733.776308320908,2733.776308320908,0.8580347956308977,0.8580347956308977,True,False,COM-00970,中继,Q3-R-002,1,20.340225968277608,-2.561220886264209,2.4694705795379406
PH-0103,Q3-T-012,巡航,2,2733.776308320908,2735.4598922326595,0.8580347956308977,0.8724392477118659,False,False,COM-00971,中继,Q3-R-002,1,20.250750338773997,-2.5708516019540184,2.4694705795379406
PH-0103,Q3-T-012,巡航,2,2735.4598922326595,2735.4598922326595,0.8724392477118659,0.8724392477118659,True,False,COM-00972,中继,Q3-R-002,1,20.159425382602336,-2.5805098492779877,2.4694705795379406
PH-0103,Q3-T-012,巡航,2,2735.4598922326595,2740.21794045402,0.8724392477118659,0.9131482834333006,False,False,COM-00973,中继,Q3-R-002,1,19.892631872960777,-2.6079522824934998,2.4694705795379406
PH-0103,Q3-T-012,巡航,2,2740.21794045402,2740.21794045402,0.9131482834333006,0.9131482834333006,True,False,COM-00974,中继,Q3-R-002,1,19.615457589812152,-2.635607593633196,2.4694705795379406
PH-0103,Q3-T-012,巡航,2,2740.21794045402,2750.369118152261,0.9131482834333006,1.0,False,False,COM-00975,中继,Q3-R-002,1,19.00196461239122,-2.6952974672737327,2.4694705795379406
PH-0103,Q3-T-012,巡航,2,2750.369118152261,2750.369118152261,1.0,1.0,True,False,COM-00976,中继,Q3-R-002,1,18.37550502413086,-2.755883731575068,2.4694705795379406
PH-0104,Q3-T-012,下降,2,2750.369118152261,2824.9945453983546,0.0,1.0,False,False,COM-00977,中继,Q3-R-002,1,18.24100235280754,-2.746454145526684,2.4694705795379406
PH-0104,Q3-T-012,下降,2,2824.9945453983546,2824.9945453983546,1.0,1.0,True,False,COM-00978,中继,Q3-R-002,1,17.98787094572583,-2.739574445940306,2.4694705795379406
PH-0105,Q3-T-012,投送交接,2,2824.9945453983546,3004.9945453983546,0.0,1.0,False,False,COM-00979,中继,Q3-R-002,1,17.98787094572583,-2.739574445940306,2.4694705795379406
PH-0105,Q3-T-012,投送交接,2,3004.9945453983546,3004.9945453983546,1.0,1.0,True,False,COM-00980,中继,Q3-R-002,1,17.98787094572583,-2.739574445940306,2.4694705795379406
PH-0106,Q3-T-012,爬升,3,3004.9945453983546,3068.323182612513,0.0,0.7884954199325838,False,False,COM-00981,中继,Q3-R-002,1,18.244587750285092,-2.7466042083144373,2.4694705795379406
PH-0106,Q3-T-012,爬升,3,3068.323182612513,3068.323182612513,0.7884954199325838,0.7884954199325838,True,False,COM-00982,中继,Q3-R-002,1,18.37800268631156,-2.7562779772828634,2.4694705795379406
PH-0106,Q3-T-012,爬升,3,3068.323182612513,3071.584145352885,0.7884954199325838,0.8290971808177744,False,False,COM-00983,中继,Q3-R-002,1,18.381265563050107,-2.756847378493134,2.4694705795379406
PH-0106,Q3-T-012,爬升,3,3071.584145352885,3071.584145352885,0.8290971808177744,0.8290971808177744,True,False,COM-00984,中继,Q3-R-002,1,18.384166520329927,-2.7574237417580463,2.4694705795379406
PH-0106,Q3-T-012,爬升,3,3071.584145352885,3074.2223630330336,0.8290971808177744,0.8619452358066705,False,False,COM-00985,中继,Q3-R-002,1,18.38624813595291,-2.757895129894763,2.4694705795379406
PH-0106,Q3-T-012,爬升,3,3074.2223630330336,3074.2223630330336,0.8619452358066705,0.8619452358066705,True,False,COM-00986,中继,Q3-R-002,1,18.38809204469122,-2.7583710715968834,2.4694705795379406
PH-0106,Q3-T-012,爬升,3,3074.2223630330336,3085.310341296792,0.8619452358066705,1.0,False,False,COM-00987,中继,Q3-R-002,1,18.39323660635796,-2.7604211245560606,2.4694705795379406
PH-0106,Q3-T-012,爬升,3,3085.310341296792,3085.310341296792,1.0,1.0,True,False,COM-00988,中继,Q3-R-002,1,18.394163000679598,-2.7625514695378683,2.4694705795379406
PH-0107,Q3-T-012,巡航,3,3085.310341296792,3184.5289799133247,0.0,0.27461050058362335,False,False,COM-00989,中继,Q3-R-002,1,29.667738259934666,-1.4896444603969883,2.4694705795379406
PH-0107,Q3-T-012,巡航,3,3184.5289799133247,3184.5289799133247,0.27461050058362335,0.27461050058362335,True,True,COM-00990,直连,,,1.3073986337985843e-12,1.3073986337985843e-12,
PH-0107,Q3-T-012,巡航,3,3184.5289799133247,3190.571916040055,0.27461050058362335,0.29133572215383424,False,True,COM-00991,直连,,,0.09943189012918197,0.09943189012918197,
PH-0107,Q3-T-012,巡航,3,3190.571916040055,3190.571916040055,0.29133572215383424,0.29133572215383424,True,True,COM-00992,直连,,,0.19999999999991758,0.19999999999991758,
PH-0107,Q3-T-012,巡航,3,3190.571916040055,3202.3666064785657,0.29133572215383424,0.32398025236217926,False,True,COM-00993,直连,,,0.3996624719640067,0.3996624719640067,
PH-0107,Q3-T-012,巡航,3,3202.3666064785657,3202.3666064785657,0.32398025236217926,0.32398025236217926,True,True,COM-00994,直连,,,0.6039553662587736,0.6039553662587736,
PH-0107,Q3-T-012,巡航,3,3202.3666064785657,3236.4314578845415,0.32398025236217926,0.4182625971649137,False,True,COM-00995,直连,,,1.2220300084906057,1.2220300084906057,
PH-0107,Q3-T-012,巡航,3,3236.4314578845415,3236.4314578845415,0.4182625971649137,0.4182625971649137,True,True,COM-00996,直连,,,1.8866082080380977,1.8866082080380977,
PH-0107,Q3-T-012,巡航,3,3236.4314578845415,3262.1610468091003,0.4182625971649137,0.4894751777133282,False,True,COM-00997,直连,,,12.423840122022924,12.423840122022924,
PH-0107,Q3-T-012,巡航,3,3262.1610468091003,3262.1610468091003,0.4894751777133282,0.4894751777133282,True,True,COM-00998,直连,,,12.99565081798292,12.99565081798292,
PH-0107,Q3-T-012,巡航,3,3262.1610468091003,3312.399497616779,0.4894751777133282,0.6285216947509403,False,True,COM-00999,直连,,,14.230216072149446,14.230216072149446,
PH-0107,Q3-T-012,巡航,3,3312.399497616779,3312.399497616779,0.6285216947509403,0.6285216947509403,True,True,COM-01000,直连,,,15.661383458466545,15.661383458466545,
PH-0107,Q3-T-012,巡航,3,3312.399497616779,3357.6622869976163,0.6285216947509403,0.7537969194768293,False,True,COM-01001,直连,,,17.176194489521777,17.176194489521777,
PH-0107,Q3-T-012,巡航,3,3357.6622869976163,3357.6622869976163,0.7537969194768293,0.7537969194768293,True,True,COM-01002,直连,,,18.984105892306303,18.984105892306303,
PH-0107,Q3-T-012,巡航,3,3357.6622869976163,3446.6171318443703,0.7537969194768293,1.0,False,True,COM-01003,直连,,,23.86738709156475,23.86738709156475,
PH-0107,Q3-T-012,巡航,3,3446.6171318443703,3446.6171318443703,1.0,1.0,True,True,COM-01004,直连,,,28.993277511644692,28.993277511644692,
PH-0108,Q3-T-012,下降,3,3446.6171318443703,3598.718244136746,0.0,0.8190736034480396,False,True,COM-01005,直连,,,33.84496414356923,33.84496414356923,
PH-0108,Q3-T-012,下降,3,3598.718244136746,3598.718244136746,0.8190736034480396,0.8190736034480396,True,True,COM-01006,直连,,,45.822907643684346,45.822907643684346,
PH-0108,Q3-T-012,下降,3,3598.718244136746,3609.892826690199,0.8190736034480396,0.8792494000687149,False,True,COM-01007,直连,,,47.961793825275294,47.961793825275294,
PH-0108,Q3-T-012,下降,3,3609.892826690199,3609.892826690199,0.8792494000687149,0.8792494000687149,True,True,COM-01008,直连,,,50.80570620510426,50.80570620510426,
PH-0108,Q3-T-012,下降,3,3609.892826690199,3619.6268168286088,0.8792494000687149,0.9316675202154584,False,True,COM-01009,直连,,,54.38121115513698,54.38121115513698,
PH-0108,Q3-T-012,下降,3,3619.6268168286088,3619.6268168286088,0.9316675202154584,0.9316675202154584,True,True,COM-01010,直连,,,60.564870030848056,60.564870030848056,
PH-0108,Q3-T-012,下降,3,3619.6268168286088,3620.792899605949,0.9316675202154584,0.9379469458420038,False,True,COM-01011,直连,,,61.71811229890633,61.71811229890633,
PH-0108,Q3-T-012,下降,3,3620.792899605949,3620.792899605949,0.9379469458420038,0.9379469458420038,True,True,COM-01012,直连,,,63.04826031558969,63.04826031558969,
PH-0108,Q3-T-012,下降,3,3620.792899605949,3631.9058708540424,0.9379469458420038,0.9977909618916243,False,True,COM-01013,直连,,,67.82295300936043,67.82295300936043,
PH-0108,Q3-T-012,下降,3,3631.9058708540424,3631.9058708540424,0.9977909618916243,0.9977909618916243,True,True,COM-01014,直连,,,46.382386743646734,46.382386743646734,
PH-0108,Q3-T-012,下降,3,3631.9058708540424,3632.3160869224953,0.9977909618916243,1.0,False,True,COM-01015,直连,,,46.150772984109935,46.150772984109935,
PH-0108,Q3-T-012,下降,3,3632.3160869224953,3632.3160869224953,1.0,1.0,True,True,COM-01016,直连,,,45.92517525248826,45.92517525248826,
PH-0109,Q3-T-013,爬升,1,1996.2753989802832,1996.2753989802832,0.0,0.0,True,True,COM-01017,直连,,,45.92517525248826,45.92517525248826,
PH-0109,Q3-T-013,爬升,1,1996.2753989802832,1996.617245703994,0.0,0.005658019867946958,False,True,COM-01018,直连,,,46.150772984109636,46.150772984109636,
PH-0109,Q3-T-013,爬升,1,1996.617245703994,1996.617245703994,0.005658019867946958,0.005658019867946958,True,True,COM-01019,直连,,,46.38238674364695,46.38238674364695,
PH-0109,Q3-T-013,爬升,1,1996.617245703994,2005.878055077405,0.005658019867946958,0.1589367842779728,False,True,COM-01020,直连,,,67.82295300936126,67.82295300936126,
PH-0109,Q3-T-013,爬升,1,2005.878055077405,2005.878055077405,0.1589367842779728,0.1589367842779728,True,True,COM-01021,直连,,,63.04826031558985,63.04826031558985,
PH-0109,Q3-T-013,爬升,1,2005.878055077405,2006.8497907251885,0.1589367842779728,0.17502030715590725,False,True,COM-01022,直连,,,61.71811229890647,61.71811229890647,
PH-0109,Q3-T-013,爬升,1,2006.8497907251885,2006.8497907251885,0.17502030715590725,0.17502030715590725,True,True,COM-01023,直连,,,60.56487003084818,60.56487003084818,
PH-0109,Q3-T-013,爬升,1,2006.8497907251885,2014.9614491738635,0.17502030715590725,0.309279088888188,False,True,COM-01024,直连,,,54.38121115513678,54.38121115513678,
PH-0109,Q3-T-013,爬升,1,2014.9614491738635,2014.9614491738635,0.309279088888188,0.309279088888188,True,True,COM-01025,直连,,,50.80570620510423,50.80570620510423,
PH-0109,Q3-T-013,爬升,1,2014.9614491738635,2024.273601301741,0.309279088888188,0.4634076444610324,False,True,COM-01026,直连,,,47.96179382527535,47.96179382527535,
PH-0109,Q3-T-013,爬升,1,2024.273601301741,2024.273601301741,0.4634076444610324,0.4634076444610324,True,True,COM-01027,直连,,,45.8229076436843,45.8229076436843,
PH-0109,Q3-T-013,爬升,1,2024.273601301741,2056.69348369708,0.4634076444610324,1.0,False,True,COM-01028,直连,,,40.91312300281339,40.91312300281339,
PH-0109,Q3-T-013,爬升,1,2056.69348369708,2056.69348369708,1.0,1.0,True,True,COM-01029,直连,,,37.7955515486551,37.7955515486551,
PH-0110,Q3-T-013,巡航,1,2056.69348369708,2209.9708730566927,0.0,0.31022325327323935,False,True,COM-01030,直连,,,20.650107991357686,20.650107991357686,
PH-0110,Q3-T-013,巡航,1,2209.9708730566927,2209.9708730566927,0.31022325327323935,0.31022325327323935,True,True,COM-01031,直连,,,14.69281669188166,14.69281669188166,
PH-0110,Q3-T-013,巡航,1,2209.9708730566927,2320.2194210756916,0.31022325327323935,0.5333589902400432,False,True,COM-01032,直连,,,2.034124260578807,2.034124260578807,
PH-0110,Q3-T-013,巡航,1,2320.2194210756916,2320.2194210756916,0.5333589902400432,0.5333589902400432,True,True,COM-01033,直连,,,5.542233338928781e-13,5.542233338928781e-13,
PH-0110,Q3-T-013,巡航,1,2320.2194210756916,2374.1394515618613,0.5333589902400432,0.6424895498346294,False,False,COM-01034,中继,Q3-R-002,0;1;2;3,1.7373428161256044,-0.8447581064711613,2.4694705795379406
PH-0110,Q3-T-013,巡航,1,2374.1394515618613,2374.1394515618613,0.6424895498346294,0.6424895498346294,True,False,COM-01035,中继,Q3-R-002,0;1;2;3,1.371538725886623,-1.614685564853474,2.4694705795379406
PH-0110,Q3-T-013,巡航,1,2374.1394515618613,2418.331265437511,0.6424895498346294,0.7319308452913601,False,False,COM-01036,中继,Q3-R-002,0;1;2;3,1.0586147553480032,-2.1985296759233677,2.4694705795379406
PH-0110,Q3-T-013,巡航,1,2418.331265437511,2418.331265437511,0.7319308452913601,0.7319308452913601,True,False,COM-01037,中继,Q3-R-002,0;1;2;3,0.7378703889958729,-2.745623539385832,2.4694705795379406
PH-0110,Q3-T-013,巡航,1,2418.331265437511,2453.0270538523882,0.7319308452913601,0.8021528160719984,False,False,COM-01038,中继,Q3-R-002,0;1;2;3,0.4826157892537708,-3.1522605312657106,2.4694705795379406
PH-0110,Q3-T-013,巡航,1,2453.0270538523882,2453.0270538523882,0.8021528160719984,0.8021528160719984,True,False,COM-01039,中继,Q3-R-002,0;1;2;3,0.22574736748148894,-3.5407228363078076,2.4694705795379406
PH-0110,Q3-T-013,巡航,1,2453.0270538523882,2453.6463334414148,0.8021528160719984,0.8034061968191271,False,False,COM-01040,中继,Q3-R-002,1;2;3,0.221154800497402,-3.547501147251296,2.4694705795379406
PH-0110,Q3-T-013,巡航,1,2453.6463334414148,2453.6463334414148,0.8034061968191271,0.8034061968191271,True,False,COM-01041,中继,Q3-R-002,1;2;3,0.21656207517690973,-3.5542741765275707,2.4694705795379406
PH-0110,Q3-T-013,巡航,1,2453.6463334414148,2454.7628594823555,0.8034061968191271,0.8056659713509877,False,False,COM-01042,中继,Q3-R-002,1;2;3,0.20828126936282843,-3.566472245615472,2.4694705795379406
PH-0110,Q3-T-013,巡航,1,2454.7628594823555,2454.7628594823555,0.8056659713509877,0.8056659713509877,True,False,COM-01043,中继,Q3-R-002,1;2;3,0.19999999999991758,-3.5786532208024937,2.4694705795379406
PH-0110,Q3-T-013,巡航,1,2454.762859482356,2461.8151749544613,0.8056659713509888,0.8199393893548202,False,False,COM-01044,中继,Q3-R-003,2;3,10.64273113103252,-3.655200010425432,0.6489723131086578
PH-0110,Q3-T-013,巡航,1,2461.8151749544613,2461.8151749544613,0.8199393893548202,0.8199393893548202,True,False,COM-01045,中继,Q3-R-003,2;3,0.5737146346915267,-3.731078574245771,0.6489723131086578
PH-0110,Q3-T-013,巡航,1,2461.8151749544613,2470.6744445469094,0.8199393893548202,0.8378699624555004,False,False,COM-01046,中继,Q3-R-003,2;3,0.47874951299455404,-3.8254696175583547,0.6489723131086578
PH-0110,Q3-T-013,巡航,1,2470.6744445469094,2470.6744445469094,0.8378699624555004,0.8378699624555004,True,False,COM-01047,中继,Q3-R-003,2;3,0.37516951060909776,-3.918846606546637,0.6489723131086578
PH-0110,Q3-T-013,巡航,1,2470.6744445469094,2477.507724608491,0.8378699624555004,0.851700067339773,False,False,COM-01048,中继,Q3-R-003,2;3,10.289802201104237,-3.9901904985185013,0.6489723131086578
PH-0110,Q3-T-013,巡航,1,2477.507724608491,2477.507724608491,0.851700067339773,0.851700067339773,True,False,COM-01049,中继,Q3-R-003,2;3,10.199999999998639,-4.060953541515062,0.6489723131086578
PH-0110,Q3-T-013,巡航,1,2477.507724608491,2519.017322779303,0.851700067339773,0.9357127363995398,False,False,COM-01050,中继,Q3-R-003,2;3,9.576497094429953,-4.478857291177604,0.6489723131086578
PH-0110,Q3-T-013,巡航,1,2519.017322779303,2519.017322779303,0.9357127363995398,0.9357127363995398,True,False,COM-01051,中继,Q3-R-003,2;3,8.863341764677372,-4.877584944292295,0.6489723131086578
PH-0110,Q3-T-013,巡航,1,2519.017322779303,2550.780847369359,0.9357127363995398,1.0,False,False,COM-01052,中继,Q3-R-003,2,8.28853620492184,-5.170799072849832,0.6489723131086578
PH-0110,Q3-T-013,巡航,1,2550.780847369359,2550.780847369359,1.0,1.0,True,False,COM-01053,中继,Q3-R-003,2,7.706415116358258,-5.454442080570175,0.6489723131086578
PH-0111,Q3-T-013,下降,1,2550.780847369359,2554.8862962803128,0.0,0.11473598852134703,False,False,COM-01054,中继,Q3-R-003,2,7.705980381784158,-5.454313369849061,0.6489723131086578
PH-0111,Q3-T-013,下降,1,2554.8862962803128,2554.8862962803128,0.11473598852134703,0.11473598852134703,True,False,COM-01055,中继,Q3-R-003,2,7.705511387812393,-5.454188817863098,0.6489723131086578
PH-0111,Q3-T-013,下降,1,2554.8862962803128,2569.980160624322,0.11473598852134703,0.5365679205900282,False,False,COM-01056,中继,Q3-R-003,2,7.703492780296713,-5.4537666543260315,0.6489723131086578
PH-0111,Q3-T-013,下降,1,2569.980160624322,2569.980160624322,0.5365679205900282,0.5365679205900282,True,False,COM-01057,中继,Q3-R-003,2,7.701011896197556,-5.453400725387809,0.6489723131086578
PH-0111,Q3-T-013,下降,1,2569.980160624322,2586.562549029515,0.5365679205900282,1.0,False,False,COM-01058,中继,Q3-R-003,2,7.697754392806402,-5.45306355285372,0.6489723131086578
PH-0111,Q3-T-013,下降,1,2586.562549029515,2586.562549029515,1.0,1.0,True,False,COM-01059,中继,Q3-R-003,2,7.693941152557855,-5.452794286226634,0.6489723131086578
PH-0112,Q3-T-013,投送交接,1,2586.562549029515,2796.562549029515,0.0,1.0,False,False,COM-01060,中继,Q3-R-003,2,7.693941152557855,-5.452794286226634,0.6489723131086578
PH-0112,Q3-T-013,投送交接,1,2796.562549029515,2796.562549029515,1.0,1.0,True,False,COM-01061,中继,Q3-R-003,2,7.693941152557855,-5.452794286226634,0.6489723131086578
PH-0113,Q3-T-013,爬升,2,2796.562549029515,2810.3812060338432,0.0,0.4634320794099718,False,False,COM-01062,中继,Q3-R-003,2,7.697754392806402,-5.45306355285372,0.6489723131086578
PH-0113,Q3-T-013,爬升,2,2810.3812060338432,2810.3812060338432,0.4634320794099718,0.4634320794099718,True,False,COM-01063,中继,Q3-R-003,2,7.701011896197556,-5.453400725387809,0.6489723131086578
PH-0113,Q3-T-013,爬升,2,2810.3812060338432,2822.959426320517,0.4634320794099718,0.885264011478653,False,False,COM-01064,中继,Q3-R-003,2,7.703492780296713,-5.4537666543260315,0.6489723131086578
PH-0113,Q3-T-013,爬升,2,2822.959426320517,2822.959426320517,0.885264011478653,0.885264011478653,True,False,COM-01065,中继,Q3-R-003,2,7.705511387812393,-5.454188817863098,0.6489723131086578
PH-0113,Q3-T-013,爬升,2,2822.959426320517,2826.380633746312,0.885264011478653,1.0,False,False,COM-01066,中继,Q3-R-003,2,7.705980381784158,-5.454313369849061,0.6489723131086578
PH-0113,Q3-T-013,爬升,2,2826.380633746312,2826.380633746312,1.0,1.0,True,False,COM-01067,中继,Q3-R-003,2,7.706415116358258,-5.454442080570175,0.6489723131086578
PH-0114,Q3-T-013,巡航,2,2826.380633746312,2858.144158336368,0.0,0.0642872636004601,False,False,COM-01068,中继,Q3-R-003,2,8.28853620492184,-5.170799072849832,0.6489723131086578
PH-0114,Q3-T-013,巡航,2,2858.144158336368,2858.144158336368,0.0642872636004601,0.0642872636004601,True,False,COM-01069,中继,Q3-R-003,2;3,8.863341764677372,-4.877584944292295,0.6489723131086578
PH-0114,Q3-T-013,巡航,2,2858.144158336368,2899.6537565071803,0.0642872636004601,0.1482999326602273,False,False,COM-01070,中继,Q3-R-003,2;3,9.576497094429953,-4.478857291177604,0.6489723131086578
PH-0114,Q3-T-013,巡航,2,2899.6537565071803,2899.6537565071803,0.1482999326602273,0.1482999326602273,True,False,COM-01071,中继,Q3-R-003,2;3,10.199999999998639,-4.060953541515062,0.6489723131086578
PH-0114,Q3-T-013,巡航,2,2899.6537565071803,2906.4870365687616,0.1482999326602273,0.1621300375444997,False,False,COM-01072,中继,Q3-R-003,2;3,10.289802201104237,-3.9901904985185013,0.6489723131086578
PH-0114,Q3-T-013,巡航,2,2906.4870365687616,2906.4870365687616,0.1621300375444997,0.1621300375444997,True,False,COM-01073,中继,Q3-R-003,2;3,0.37516951060909776,-3.918846606546637,0.6489723131086578
PH-0114,Q3-T-013,巡航,2,2906.4870365687616,2915.3463061612097,0.1621300375444997,0.1800606106451796,False,False,COM-01074,中继,Q3-R-003,2;3,0.47874951299455404,-3.8254696175583547,0.6489723131086578
PH-0114,Q3-T-013,巡航,2,2915.3463061612097,2915.3463061612097,0.1800606106451796,0.1800606106451796,True,False,COM-01075,中继,Q3-R-003,2;3,0.5737146346915267,-3.731078574245771,0.6489723131086578
PH-0114,Q3-T-013,巡航,2,2915.3463061612097,2922.3986216333155,0.1800606106451796,0.19433402864901217,False,False,COM-01076,中继,Q3-R-003,2;3,10.64273113103252,-3.655200010425432,0.6489723131086578
PH-0114,Q3-T-013,巡航,2,2922.3986216333155,2922.3986216333155,0.19433402864901217,0.19433402864901217,True,False,COM-01077,中继,Q3-R-002,1;2;3,0.19999999999991758,-3.5786532208024937,2.4694705795379406
PH-0114,Q3-T-013,巡航,2,2922.3986216333155,2923.5151476742562,0.19433402864901217,0.196593803180873,False,False,COM-01078,中继,Q3-R-002,1;2;3,0.20828126936282843,-3.566472245615472,2.4694705795379406
PH-0114,Q3-T-013,巡航,2,2923.5151476742562,2923.5151476742562,0.196593803180873,0.196593803180873,True,False,COM-01079,中继,Q3-R-002,1;2;3,0.21656207517690973,-3.5542741765275707,2.4694705795379406
PH-0114,Q3-T-013,巡航,2,2923.5151476742562,2924.1344272632828,0.196593803180873,0.19784718392800163,False,False,COM-01080,中继,Q3-R-002,1;2;3,0.221154800497402,-3.547501147251296,2.4694705795379406
PH-0114,Q3-T-013,巡航,2,2924.1344272632828,2924.1344272632828,0.19784718392800163,0.19784718392800163,True,False,COM-01081,中继,Q3-R-002,0;1;2;3,0.22574736748148894,-3.5407228363078076,2.4694705795379406
PH-0114,Q3-T-013,巡航,2,2924.1344272632828,2958.83021567816,0.19784718392800163,0.26806915470863973,False,False,COM-01082,中继,Q3-R-002,0;1;2;3,0.4826157892537708,-3.1522605312657106,2.4694705795379406
PH-0114,Q3-T-013,巡航,2,2958.83021567816,2958.83021567816,0.26806915470863973,0.26806915470863973,True,False,COM-01083,中继,Q3-R-002,0;1;2;3,0.7378703889958729,-2.745623539385832,2.4694705795379406
PH-0114,Q3-T-013,巡航,2,2958.83021567816,3003.0220295538097,0.26806915470863973,0.35751045016537036,False,False,COM-01084,中继,Q3-R-002,0;1;2;3,1.0586147553480032,-2.1985296759233677,2.4694705795379406
PH-0114,Q3-T-013,巡航,2,3003.0220295538097,3003.0220295538097,0.35751045016537036,0.35751045016537036,True,False,COM-01085,中继,Q3-R-002,0;1;2;3,1.371538725886623,-1.614685564853474,2.4694705795379406
PH-0114,Q3-T-013,巡航,2,3003.0220295538097,3056.9420600399794,0.35751045016537036,0.46664100975995676,False,False,COM-01086,中继,Q3-R-002,0;1;2;3,1.7373428161256044,-0.8447581064711613,2.4694705795379406
PH-0114,Q3-T-013,巡航,2,3056.9420600399794,3056.9420600399794,0.46664100975995676,0.46664100975995676,True,True,COM-01087,直连,,,5.542233338928781e-13,5.542233338928781e-13,
PH-0114,Q3-T-013,巡航,2,3056.9420600399794,3167.190608058979,0.46664100975995676,0.6897767467267608,False,True,COM-01088,直连,,,2.034124260578807,2.034124260578807,
PH-0114,Q3-T-013,巡航,2,3167.190608058979,3167.190608058979,0.6897767467267608,0.6897767467267608,True,True,COM-01089,直连,,,14.69281669188166,14.69281669188166,
PH-0114,Q3-T-013,巡航,2,3167.190608058979,3190.571916040055,0.6897767467267608,0.7370989607726655,False,True,COM-01090,直连,,,15.378273434533781,15.378273434533781,
PH-0114,Q3-T-013,巡航,2,3190.571916040055,3190.571916040055,0.7370989607726655,0.7370989607726655,True,True,COM-01091,直连,,,16.122124171936846,16.122124171936846,
PH-0114,Q3-T-013,巡航,2,3190.571916040055,3320.467997418591,0.7370989607726655,1.0,False,True,COM-01092,直连,,,22.05498992257968,22.05498992257968,
PH-0114,Q3-T-013,巡航,2,3320.467997418591,3320.467997418591,1.0,1.0,True,True,COM-01093,直连,,,37.7955515486551,37.7955515486551,
PH-0115,Q3-T-013,下降,2,3320.467997418591,3359.371856292998,0.0,0.5365923555389676,False,True,COM-01094,直连,,,40.91312300281341,40.91312300281341,
PH-0115,Q3-T-013,下降,2,3359.371856292998,3359.371856292998,0.5365923555389676,0.5365923555389676,True,True,COM-01095,直连,,,45.822907643684374,45.822907643684374,
PH-0115,Q3-T-013,下降,2,3359.371856292998,3370.546438846451,0.5365923555389676,0.690720911111812,False,True,COM-01096,直连,,,47.96179382527532,47.96179382527532,
PH-0115,Q3-T-013,下降,2,3370.546438846451,3370.546438846451,0.690720911111812,0.690720911111812,True,True,COM-01097,直连,,,50.805706205104286,50.805706205104286,
PH-0115,Q3-T-013,下降,2,3370.546438846451,3380.280428984861,0.690720911111812,0.8249796928440927,False,True,COM-01098,直连,,,54.381211155137024,54.381211155137024,
PH-0115,Q3-T-013,下降,2,3380.280428984861,3380.280428984861,0.8249796928440927,0.8249796928440927,True,True,COM-01099,直连,,,60.56487003084811,60.56487003084811,
PH-0115,Q3-T-013,下降,2,3380.280428984861,3381.446511762201,0.8249796928440927,0.841063215722027,False,True,COM-01100,直连,,,61.71811229890638,61.71811229890638,
PH-0115,Q3-T-013,下降,2,3381.446511762201,3381.446511762201,0.841063215722027,0.841063215722027,True,True,COM-01101,直连,,,63.04826031558974,63.04826031558974,
PH-0115,Q3-T-013,下降,2,3381.446511762201,3392.559483010294,0.841063215722027,0.994341980132053,False,True,COM-01102,直连,,,67.82295300936232,67.82295300936232,
PH-0115,Q3-T-013,下降,2,3392.559483010294,3392.559483010294,0.994341980132053,0.994341980132053,True,True,COM-01103,直连,,,56.38238674364726,56.38238674364726,
PH-0115,Q3-T-013,下降,2,3392.559483010294,3392.9696990787475,0.994341980132053,1.0,False,True,COM-01104,直连,,,46.150772984109935,46.150772984109935,
PH-0115,Q3-T-013,下降,2,3392.9696990787475,3392.9696990787475,1.0,1.0,True,True,COM-01105,直连,,,45.92517525248826,45.92517525248826,
PH-0116,Q3-T-014,爬升,1,2469.215609943235,2469.215609943235,0.0,0.0,True,True,COM-01106,直连,,,45.92517525248826,45.92517525248826,
PH-0116,Q3-T-014,爬升,1,2469.215609943235,2469.557456666946,0.0,0.003777564763050175,False,True,COM-01107,直连,,,46.15077298411023,46.15077298411023,
PH-0116,Q3-T-014,爬升,1,2469.557456666946,2469.557456666946,0.003777564763050175,0.003777564763050175,True,True,COM-01108,直连,,,56.38238674364726,56.38238674364726,
PH-0116,Q3-T-014,爬升,1,2469.557456666946,2478.818266040357,0.003777564763050175,0.10611380126857585,False,True,COM-01109,直连,,,67.8229530093612,67.8229530093612,
PH-0116,Q3-T-014,爬升,1,2478.818266040357,2478.818266040357,0.10611380126857585,0.10611380126857585,True,True,COM-01110,直连,,,63.04826031558991,63.04826031558991,
PH-0116,Q3-T-014,爬升,1,2478.818266040357,2479.7900016881404,0.10611380126857585,0.11685193063315905,False,True,COM-01111,直连,,,61.71811229890594,61.71811229890594,
PH-0116,Q3-T-014,爬升,1,2479.7900016881404,2479.7900016881404,0.11685193063315905,0.11685193063315905,True,True,COM-01112,直连,,,60.56487003084822,60.56487003084822,
PH-0116,Q3-T-014,爬升,1,2479.7900016881404,2487.9016601368153,0.11685193063315905,0.20648951672137086,False,True,COM-01113,直连,,,54.381211155136555,54.381211155136555,
PH-0116,Q3-T-014,爬升,1,2487.9016601368153,2487.9016601368153,0.20648951672137086,0.20648951672137086,True,True,COM-01114,直连,,,50.80570620510426,50.80570620510426,
PH-0116,Q3-T-014,爬升,1,2487.9016601368153,2497.213812264693,0.20648951672137086,0.3093931144641379,False,True,COM-01115,直连,,,47.961793825275265,47.961793825275265,
PH-0116,Q3-T-014,爬升,1,2497.213812264693,2497.213812264693,0.3093931144641379,0.3093931144641379,True,True,COM-01116,直连,,,45.82290764368433,45.82290764368433,
PH-0116,Q3-T-014,爬升,1,2497.213812264693,2559.7095511867246,0.3093931144641379,1.0,False,True,COM-01117,直连,,,37.987036707699914,37.987036707699914,
PH-0116,Q3-T-014,爬升,1,2559.7095511867246,2559.7095511867246,1.0,1.0,True,True,COM-01118,直连,,,33.935643142447674,33.935643142447674,
PH-0117,Q3-T-014,巡航,1,2559.7095511867246,2761.4617254803297,0.0,0.4992586270571097,False,True,COM-01119,直连,,,20.102373770055465,20.102373770055465,
PH-0117,Q3-T-014,巡航,1,2761.4617254803297,2761.4617254803297,0.4992586270571097,0.4992586270571097,True,True,COM-01120,直连,,,14.218655350641484,14.218655350641484,
PH-0117,Q3-T-014,巡航,1,2761.4617254803297,2796.1668646400435,0.4992586270571097,0.5851404282786887,False,True,COM-01121,直连,,,3.5090414245369175,3.5090414245369175,
PH-0117,Q3-T-014,巡航,1,2796.1668646400435,2796.1668646400435,0.5851404282786887,0.5851404282786887,True,True,COM-01122,直连,,,2.8525914180765,2.8525914180765,
PH-0117,Q3-T-014,巡航,1,2796.1668646400435,2888.7141571333887,0.5851404282786887,0.8141591952379933,False,True,COM-01123,直连,,,1.3103626611061543,1.3103626611061543,
PH-0117,Q3-T-014,巡航,1,2888.7141571333887,2888.7141571333887,0.8141591952379933,0.8141591952379933,True,True,COM-01124,直连,,,-2.1316282072803006e-13,-2.1316282072803006e-13,
PH-0117,Q3-T-014,巡航,1,2888.7141571333887,2929.8122559786634,0.8141591952379933,0.915861099943561,False,False,COM-01125,中继,Q3-R-002,0;1;2,7.866919656244846,-0.5242344454750167,2.4694705795379406
PH-0117,Q3-T-014,巡航,1,2929.8122559786634,2929.8122559786634,0.915861099943561,0.915861099943561,True,False,COM-01126,中继,Q3-R-002,0;1;2,7.751282071593323,-1.0187232705291507,2.4694705795379406
PH-0117,Q3-T-014,巡航,1,2929.8122559786634,2963.8130826226006,0.915861099943561,1.0,False,False,COM-01127,中继,Q3-R-002,1;2,7.5990672996919955,-1.4076190666182384,2.4694705795379406
PH-0117,Q3-T-014,巡航,1,2963.8130826226006,2963.8130826226006,1.0,1.0,True,False,COM-01128,中继,Q3-R-002,1;2,7.401164780866878,-1.7798932090982902,2.4694705795379406
PH-0118,Q3-T-014,下降,1,2963.8130826226006,2982.8058121147883,0.0,1.0,False,False,COM-01129,中继,Q3-R-002,1;2,7.395403399497923,-1.77779737418345,2.4694705795379406
PH-0118,Q3-T-014,下降,1,2982.8058121147883,2982.8058121147883,1.0,1.0,True,False,COM-01130,中继,Q3-R-002,1;2,7.3889670571714845,-1.7759083300417018,2.4694705795379406
PH-0119,Q3-T-014,投送交接,1,2982.8058121147883,3190.571916040055,0.0,0.9893623996441269,False,False,COM-01131,中继,Q3-R-002,1;2,7.3889670571714845,-1.7759083300417018,2.4694705795379406
PH-0119,Q3-T-014,投送交接,1,3190.571916040055,3190.571916040055,0.9893623996441269,0.9893623996441269,True,False,COM-01132,中继,Q3-R-002,1;2,7.3889670571714845,-1.7759083300417018,2.4694705795379406
PH-0119,Q3-T-014,投送交接,1,3190.571916040055,3192.8058121147883,0.9893623996441269,1.0,False,False,COM-01133,中继,Q3-R-003,1;2,2.082163356555043,-1.7759083300417018,0.6489723131086578
PH-0119,Q3-T-014,投送交接,1,3192.8058121147883,3192.8058121147883,1.0,1.0,True,False,COM-01134,中继,Q3-R-003,1;2,2.082163356555043,-1.7759083300417018,0.6489723131086578
PH-0120,Q3-T-014,爬升,2,3192.8058121147883,3208.6330866916114,0.0,1.0,False,False,COM-01135,中继,Q3-R-003,1;2,2.082229817672612,-1.77779737418345,0.6489723131086578
PH-0120,Q3-T-014,爬升,2,3208.6330866916114,3208.6330866916114,1.0,1.0,True,False,COM-01136,中继,Q3-R-003,1;2,2.0820951617089207,-1.7798932090982902,0.6489723131086578
PH-0121,Q3-T-014,巡航,2,3208.6330866916114,3242.6339133355486,0.0,0.08413890005643894,False,False,COM-01137,中继,Q3-R-003,1;2,2.181249176121838,-1.4076190666182384,0.6489723131086578
PH-0121,Q3-T-014,巡航,2,3242.6339133355486,3242.6339133355486,0.08413890005643894,0.08413890005643894,True,False,COM-01138,中继,Q3-R-003,0;1;2,2.2671937338010935,-1.0187232705291507,0.6489723131086578
PH-0121,Q3-T-014,巡航,2,3242.6339133355486,3283.7320121808234,0.08413890005643894,0.18584080476200668,False,False,COM-01139,中继,Q3-R-003,0;1;2,2.3522515848079877,-0.5242344454750167,0.6489723131086578
PH-0121,Q3-T-014,巡航,2,3283.7320121808234,3283.7320121808234,0.18584080476200668,0.18584080476200668,True,True,COM-01140,直连,,,-2.1316282072803006e-13,-2.1316282072803006e-13,
PH-0121,Q3-T-014,巡航,2,3283.7320121808234,3376.279304674168,0.18584080476200668,0.414859571721311,False,True,COM-01141,直连,,,1.3103626611056285,1.3103626611056285,
PH-0121,Q3-T-014,巡航,2,3376.279304674168,3376.279304674168,0.414859571721311,0.414859571721311,True,True,COM-01142,直连,,,2.8525914180765,2.8525914180765,
PH-0121,Q3-T-014,巡航,2,3376.279304674168,3410.9844438338823,0.414859571721311,0.5007413729428903,False,True,COM-01143,直连,,,3.5090414245369175,3.5090414245369175,
PH-0121,Q3-T-014,巡航,2,3410.9844438338823,3410.9844438338823,0.5007413729428903,0.5007413729428903,True,True,COM-01144,直连,,,14.218655350641484,14.218655350641484,
PH-0121,Q3-T-014,巡航,2,3410.9844438338823,3612.7366181274874,0.5007413729428903,1.0,False,True,COM-01145,直连,,,20.102373770055465,20.102373770055465,
PH-0121,Q3-T-014,巡航,2,3612.7366181274874,3612.7366181274874,1.0,1.0,True,True,COM-01146,直连,,,33.935643142447674,33.935643142447674,
PH-0122,Q3-T-014,下降,2,3612.7366181274874,3687.7315048339256,0.0,0.690606885535862,False,True,COM-01147,直连,,,37.9870367076999,37.9870367076999,
PH-0122,Q3-T-014,下降,2,3687.7315048339256,3687.7315048339256,0.690606885535862,0.690606885535862,True,True,COM-01148,直连,,,45.82290764368436,45.82290764368436,
PH-0122,Q3-T-014,下降,2,3687.7315048339256,3698.9060873873786,0.690606885535862,0.793510483278629,False,True,COM-01149,直连,,,47.96179382527551,47.96179382527551,
PH-0122,Q3-T-014,下降,2,3698.9060873873786,3698.9060873873786,0.793510483278629,0.793510483278629,True,True,COM-01150,直连,,,50.80570620510426,50.80570620510426,
PH-0122,Q3-T-014,下降,2,3698.9060873873786,3708.6400775257885,0.793510483278629,0.883148069366841,False,True,COM-01151,直连,,,54.38121115513657,54.38121115513657,
PH-0122,Q3-T-014,下降,2,3708.6400775257885,3708.6400775257885,0.883148069366841,0.883148069366841,True,True,COM-01152,直连,,,60.564870030848056,60.564870030848056,
PH-0122,Q3-T-014,下降,2,3708.6400775257885,3709.8061603031288,0.883148069366841,0.8938861987314242,False,True,COM-01153,直连,,,61.71811229890635,61.71811229890635,
PH-0122,Q3-T-014,下降,2,3709.8061603031288,3709.8061603031288,0.8938861987314242,0.8938861987314242,True,True,COM-01154,直连,,,63.04826031558969,63.04826031558969,
PH-0122,Q3-T-014,下降,2,3709.8061603031288,3720.9191315512217,0.8938861987314242,0.9962224352369498,False,True,COM-01155,直连,,,67.82295300936043,67.82295300936043,
PH-0122,Q3-T-014,下降,2,3720.9191315512217,3720.9191315512217,0.9962224352369498,0.9962224352369498,True,True,COM-01156,直连,,,56.38238674364726,56.38238674364726,
PH-0122,Q3-T-014,下降,2,3720.9191315512217,3721.329347619675,0.9962224352369498,1.0,False,True,COM-01157,直连,,,46.150772984109935,46.150772984109935,
PH-0122,Q3-T-014,下降,2,3721.329347619675,3721.329347619675,1.0,1.0,True,True,COM-01158,直连,,,45.92517525248826,45.92517525248826,
PH-0123,Q3-T-015,爬升,1,2765.279380363042,2765.279380363042,0.0,0.0,True,True,COM-01159,直连,,,45.92517525248826,45.92517525248826,
PH-0123,Q3-T-015,爬升,1,2765.279380363042,2765.621227086753,0.0,0.00705533907522279,False,True,COM-01160,直连,,,46.15077298411026,46.15077298411026,
PH-0123,Q3-T-015,爬升,1,2765.621227086753,2765.621227086753,0.00705533907522279,0.00705533907522279,True,True,COM-01161,直连,,,56.38238674364726,56.38238674364726,
PH-0123,Q3-T-015,爬升,1,2765.621227086753,2774.882036460164,0.00705533907522279,0.19818822322614532,False,True,COM-01162,直连,,,67.8229530093613,67.8229530093613,
PH-0123,Q3-T-015,爬升,1,2774.882036460164,2774.882036460164,0.19818822322614532,0.19818822322614532,True,True,COM-01163,直连,,,63.04826031558985,63.04826031558985,
PH-0123,Q3-T-015,爬升,1,2774.882036460164,2775.8537721079474,0.19818822322614532,0.21824377447487314,False,True,COM-01164,直连,,,61.718112298905865,61.718112298905865,
PH-0123,Q3-T-015,爬升,1,2775.8537721079474,2775.8537721079474,0.21824377447487314,0.21824377447487314,True,True,COM-01165,直连,,,60.564870030848155,60.564870030848155,
PH-0123,Q3-T-015,爬升,1,2775.8537721079474,2783.9654305566223,0.21824377447487314,0.3856594518770947,False,True,COM-01166,直连,,,54.381211155136526,54.381211155136526,
PH-0123,Q3-T-015,爬升,1,2783.9654305566223,2783.9654305566223,0.3856594518770947,0.3856594518770947,True,True,COM-01167,直连,,,50.80570620510423,50.80570620510423,
PH-0123,Q3-T-015,爬升,1,2783.9654305566223,2793.2775826845,0.3856594518770947,0.5778519938123206,False,True,COM-01168,直连,,,47.96179382527522,47.96179382527522,
PH-0123,Q3-T-015,爬升,1,2793.2775826845,2793.2775826845,0.5778519938123206,0.5778519938123206,True,True,COM-01169,直连,,,45.82290764368429,45.82290764368429,
PH-0123,Q3-T-015,爬升,1,2793.2775826845,2813.7315837321826,0.5778519938123206,1.0,False,True,COM-01170,直连,,,42.421013060402615,42.421013060402615,
PH-0123,Q3-T-015,爬升,1,2813.7315837321826,2813.7315837321826,1.0,1.0,True,True,COM-01171,直连,,,39.982830377148545,39.982830377148545,
PH-0124,Q3-T-015,巡航,1,2813.7315837321826,2947.702216137718,0.0,0.5264108467150513,False,True,COM-01172,直连,,,23.738075011207812,23.738075011207812,
PH-0124,Q3-T-015,巡航,1,2947.702216137718,2947.702216137718,0.5264108467150513,0.5264108467150513,True,True,COM-01173,直连,,,17.79550583936357,17.79550583936357,
PH-0124,Q3-T-015,巡航,1,2947.702216137718,3000.577929675043,0.5264108467150513,0.7341754040218321,False,True,COM-01174,直连,,,6.239096637791931,6.239096637791931,
PH-0124,Q3-T-015,巡航,1,3000.577929675043,3000.577929675043,0.7341754040218321,0.7341754040218321,True,True,COM-01175,直连,,,4.918777094567162,4.918777094567162,
PH-0124,Q3-T-015,巡航,1,3000.577929675043,3012.9060642295117,0.7341754040218321,0.7826163468815358,False,True,COM-01176,直连,,,4.6377051069436845,4.6377051069436845,
PH-0124,Q3-T-015,巡航,1,3012.9060642295117,3012.9060642295117,0.7826163468815358,0.7826163468815358,True,True,COM-01177,直连,,,4.365419094587921,4.365419094587921,
PH-0124,Q3-T-015,巡航,1,3012.9060642295117,3068.2298206920577,0.7826163468815358,1.0,False,True,COM-01178,直连,,,3.2385689458567555,3.2385689458567555,
PH-0124,Q3-T-015,巡航,1,3068.2298206920577,3068.2298206920577,1.0,1.0,True,True,COM-01179,直连,,,2.2410165102830177,2.2410165102830177,
PH-0125,Q3-T-015,下降,1,3068.2298206920577,3093.693745540444,0.0,0.714824110688457,False,True,COM-01180,直连,,,2.244256312054077,2.244256312054077,
PH-0125,Q3-T-015,下降,1,3093.693745540444,3093.693745540444,0.714824110688457,0.714824110688457,True,True,COM-01181,直连,,,2.2465553185876814,2.2465553185876814,
PH-0125,Q3-T-015,下降,1,3093.693745540444,3099.6636786063827,0.714824110688457,0.8824122621669849,False,True,COM-01182,直连,,,2.2469580005630974,2.2469580005630974,
PH-0125,Q3-T-015,下降,1,3099.6636786063827,3099.6636786063827,0.8824122621669849,0.8824122621669849,True,True,COM-01183,直连,,,2.2473088722119314,2.2473088722119314,
PH-0125,Q3-T-015,下降,1,3099.6636786063827,3102.3614574658127,0.8824122621669849,0.9581443963728433,False,True,COM-01184,直连,,,2.247450429231904,2.247450429231904,
PH-0125,Q3-T-015,下降,1,3102.3614574658127,3102.3614574658127,0.9581443963728433,0.9581443963728433,True,True,COM-01185,直连,,,2.2475814025186764,2.2475814025186764,
PH-0125,Q3-T-015,下降,1,3102.3614574658127,3103.8524647350264,0.9581443963728433,1.0,False,True,COM-01186,直连,,,2.247649247293978,2.247649247293978,
PH-0125,Q3-T-015,下降,1,3103.8524647350264,3103.8524647350264,1.0,1.0,True,True,COM-01187,直连,,,2.24771385877267,2.24771385877267,
PH-0126,Q3-T-015,投送交接,1,3103.8524647350264,3190.571916040055,0.0,0.41294976811918355,False,True,COM-01188,直连,,,2.24771385877267,2.24771385877267,
PH-0126,Q3-T-015,投送交接,1,3190.571916040055,3190.571916040055,0.41294976811918355,0.41294976811918355,True,True,COM-01189,直连,,,2.24771385877267,2.24771385877267,
PH-0126,Q3-T-015,投送交接,1,3190.571916040055,3313.8524647350264,0.41294976811918355,1.0,False,True,COM-01190,直连,,,2.24771385877267,2.24771385877267,
PH-0126,Q3-T-015,投送交接,1,3313.8524647350264,3313.8524647350264,1.0,1.0,True,True,COM-01191,直连,,,2.24771385877267,2.24771385877267,
PH-0127,Q3-T-015,爬升,2,3313.8524647350264,3315.0949707927048,0.0,0.04185560362715678,False,True,COM-01192,直连,,,2.247649247293978,2.247649247293978,
PH-0127,Q3-T-015,爬升,2,3315.0949707927048,3315.0949707927048,0.04185560362715678,0.04185560362715678,True,True,COM-01193,直连,,,2.2475814025186764,2.2475814025186764,
PH-0127,Q3-T-015,爬升,2,3315.0949707927048,3317.343119842229,0.04185560362715678,0.11758773783301517,False,True,COM-01194,直连,,,2.247450429231904,2.247450429231904,
PH-0127,Q3-T-015,爬升,2,3317.343119842229,3317.343119842229,0.11758773783301517,0.11758773783301517,True,True,COM-01195,直连,,,2.2473088722119314,2.2473088722119314,
PH-0127,Q3-T-015,爬升,2,3317.343119842229,3322.3180640638448,0.11758773783301517,0.28517588931154303,False,True,COM-01196,直连,,,2.2469580005630974,2.2469580005630974,
PH-0127,Q3-T-015,爬升,2,3322.3180640638448,3322.3180640638448,0.28517588931154303,0.28517588931154303,True,True,COM-01197,直连,,,2.2465553185876814,2.2465553185876814,
PH-0127,Q3-T-015,爬升,2,3322.3180640638448,3343.5380014375005,0.28517588931154303,1.0,False,True,COM-01198,直连,,,2.244256312054077,2.244256312054077,
PH-0127,Q3-T-015,爬升,2,3343.5380014375005,3343.5380014375005,1.0,1.0,True,True,COM-01199,直连,,,2.2410165102830177,2.2410165102830177,
PH-0128,Q3-T-015,巡航,2,3343.5380014375005,3398.8617579000465,0.0,0.21738365311846422,False,True,COM-01200,直连,,,3.2385689458567555,3.2385689458567555,
PH-0128,Q3-T-015,巡航,2,3398.8617579000465,3398.8617579000465,0.21738365311846422,0.21738365311846422,True,True,COM-01201,直连,,,4.365419094587921,4.365419094587921,
PH-0128,Q3-T-015,巡航,2,3398.8617579000465,3411.1898924545153,0.21738365311846422,0.2658245959781675,False,True,COM-01202,直连,,,4.6377051069436845,4.6377051069436845,
PH-0128,Q3-T-015,巡航,2,3411.1898924545153,3411.1898924545153,0.2658245959781675,0.2658245959781675,True,True,COM-01203,直连,,,4.918777094567162,4.918777094567162,
PH-0128,Q3-T-015,巡航,2,3411.1898924545153,3464.06560599184,0.2658245959781675,0.47358915328494855,False,True,COM-01204,直连,,,6.239096637791931,6.239096637791931,
PH-0128,Q3-T-015,巡航,2,3464.06560599184,3464.06560599184,0.47358915328494855,0.47358915328494855,True,True,COM-01205,直连,,,17.79550583936357,17.79550583936357,
PH-0128,Q3-T-015,巡航,2,3464.06560599184,3598.0362383973757,0.47358915328494855,1.0,False,True,COM-01206,直连,,,23.738075011207812,23.738075011207812,
PH-0128,Q3-T-015,巡航,2,3598.0362383973757,3598.0362383973757,1.0,1.0,True,True,COM-01207,直连,,,39.982830377148545,39.982830377148545,
PH-0129,Q3-T-015,下降,2,3598.0362383973757,3622.581039654595,0.0,0.4221480061876795,False,True,COM-01208,直连,,,42.42101306040263,42.42101306040263,
PH-0129,Q3-T-015,下降,2,3622.581039654595,3622.581039654595,0.4221480061876795,0.4221480061876795,True,True,COM-01209,直连,,,45.82290764368433,45.82290764368433,
PH-0129,Q3-T-015,下降,2,3622.581039654595,3633.755622208048,0.4221480061876795,0.6143405481229054,False,True,COM-01210,直连,,,47.96179382527528,47.96179382527528,
PH-0129,Q3-T-015,下降,2,3633.755622208048,3633.755622208048,0.6143405481229054,0.6143405481229054,True,True,COM-01211,直连,,,50.80570620510423,50.80570620510423,
PH-0129,Q3-T-015,下降,2,3633.755622208048,3643.4896123464578,0.6143405481229054,0.7817562255251269,False,True,COM-01212,直连,,,54.38121115513694,54.38121115513694,
PH-0129,Q3-T-015,下降,2,3643.4896123464578,3643.4896123464578,0.7817562255251269,0.7817562255251269,True,True,COM-01213,直连,,,60.56487003084801,60.56487003084801,
PH-0129,Q3-T-015,下降,2,3643.4896123464578,3644.655695123798,0.7817562255251269,0.8018117767738546,False,True,COM-01214,直连,,,61.71811229890628,61.71811229890628,
PH-0129,Q3-T-015,下降,2,3644.655695123798,3644.655695123798,0.8018117767738546,0.8018117767738546,True,True,COM-01215,直连,,,63.04826031558963,63.04826031558963,
PH-0129,Q3-T-015,下降,2,3644.655695123798,3655.768666371891,0.8018117767738546,0.9929446609247771,False,True,COM-01216,直连,,,67.82295300936242,67.82295300936242,
PH-0129,Q3-T-015,下降,2,3655.768666371891,3655.768666371891,0.9929446609247771,0.9929446609247771,True,True,COM-01217,直连,,,56.38238674364726,56.38238674364726,
PH-0129,Q3-T-015,下降,2,3655.768666371891,3656.1788824403443,0.9929446609247771,1.0,False,True,COM-01218,直连,,,46.150772984109935,46.150772984109935,
PH-0129,Q3-T-015,下降,2,3656.1788824403443,3656.1788824403443,1.0,1.0,True,True,COM-01219,直连,,,45.92517525248826,45.92517525248826,
PH-0130,Q3-T-016,爬升,1,2956.88843086402,2956.88843086402,0.0,0.0,True,True,COM-01220,直连,,,45.92517525248826,45.92517525248826,
PH-0130,Q3-T-016,爬升,1,2956.88843086402,2957.2986469324733,0.0,0.003790727181247084,False,True,COM-01221,直连,,,46.15077298410995,46.15077298410995,
PH-0130,Q3-T-016,爬升,1,2957.2986469324733,2957.2986469324733,0.003790727181247084,0.003790727181247084,True,True,COM-01222,直连,,,56.38238674364726,56.38238674364726,
PH-0130,Q3-T-016,爬升,1,2957.2986469324733,2968.411618180566,0.003790727181247084,0.10648354058910914,False,True,COM-01223,直连,,,67.82295300936053,67.82295300936053,
PH-0130,Q3-T-016,爬升,1,2968.411618180566,2968.411618180566,0.10648354058910914,0.10648354058910914,True,True,COM-01224,直连,,,63.04826031558963,63.04826031558963,
PH-0130,Q3-T-016,爬升,1,2968.411618180566,2969.5777009579065,0.10648354058910914,0.11725908552647925,False,True,COM-01225,直连,,,61.71811229890628,61.71811229890628,
PH-0130,Q3-T-016,爬升,1,2969.5777009579065,2969.5777009579065,0.11725908552647925,0.11725908552647925,True,True,COM-01226,直连,,,60.56487003084799,60.56487003084799,
PH-0130,Q3-T-016,爬升,1,2969.5777009579065,2979.3116910963163,0.11725908552647925,0.20720900177135573,False,True,COM-01227,直连,,,54.381211155136526,54.381211155136526,
PH-0130,Q3-T-016,爬升,1,2979.3116910963163,2979.3116910963163,0.20720900177135573,0.20720900177135573,True,True,COM-01228,直连,,,50.80570620510423,50.80570620510423,
PH-0130,Q3-T-016,爬升,1,2979.3116910963163,2990.4862736497694,0.20720900177135573,0.31047115331066,False,True,COM-01229,直连,,,47.961793825275464,47.961793825275464,
PH-0130,Q3-T-016,爬升,1,2990.4862736497694,2990.4862736497694,0.31047115331066,0.31047115331066,True,True,COM-01230,直连,,,45.82290764368433,45.82290764368433,
PH-0130,Q3-T-016,爬升,1,2990.4862736497694,3065.104097367926,0.31047115331066,1.0,False,True,COM-01231,直连,,,38.013029381521264,38.013029381521264,
PH-0130,Q3-T-016,爬升,1,3065.104097367926,3065.104097367926,1.0,1.0,True,True,COM-01232,直连,,,33.968262608738186,33.968262608738186,
PH-0131,Q3-T-016,巡航,1,3065.104097367926,3190.571916040055,0.0,0.24395221412727178,False,True,COM-01233,直连,,,22.17648374075415,22.17648374075415,
PH-0131,Q3-T-016,巡航,1,3190.571916040055,3190.571916040055,0.24395221412727178,0.24395221412727178,True,True,COM-01234,直连,,,16.377029294621494,16.377029294621494,
PH-0131,Q3-T-016,巡航,1,3190.571916040055,3323.6558924085007,0.24395221412727178,0.5027128353251585,False,True,COM-01235,直连,,,12.724759097423984,12.724759097423984,
PH-0131,Q3-T-016,巡航,1,3323.6558924085007,3323.6558924085007,0.5027128353251585,0.5027128353251585,True,True,COM-01236,直连,,,10.154928987501108,10.154928987501108,
PH-0131,Q3-T-016,巡航,1,3323.6558924085007,3328.328265851837,0.5027128353251585,0.5117975222097682,False,True,COM-01237,直连,,,10.077120483427208,10.077120483427208,
PH-0131,Q3-T-016,巡航,1,3328.328265851837,3328.328265851837,0.5117975222097682,0.5117975222097682,True,True,COM-01238,直连,,,9.999999999999687,9.999999999999687,
PH-0131,Q3-T-016,巡航,1,3328.328265851837,3351.106694266132,0.5117975222097682,0.556086552694373,False,True,COM-01239,直连,,,9.633496207127422,9.633496207127422,
PH-0131,Q3-T-016,巡航,1,3351.106694266132,3351.106694266132,0.556086552694373,0.556086552694373,True,True,COM-01240,直连,,,9.281780285895707,9.281780285895707,
PH-0131,Q3-T-016,巡航,1,3351.106694266132,3437.479850922431,0.556086552694373,0.7240254156671027,False,True,COM-01241,直连,,,8.06388954017423,8.06388954017423,
PH-0131,Q3-T-016,巡航,1,3437.479850922431,3437.479850922431,0.7240254156671027,0.7240254156671027,True,False,COM-01242,中继,Q3-R-003,0;2;3,28.1735878695349,-3.004390068042966,0.6489723131086578
PH-0131,Q3-T-016,巡航,1,3437.479850922431,3517.658488112456,0.7240254156671027,0.8799200209549103,False,False,COM-01243,中继,Q3-R-003,0;2;3,24.277445709620295,-3.890892723121169,0.6489723131086578
PH-0131,Q3-T-016,巡航,1,3517.658488112456,3517.658488112456,0.8799200209549103,0.8799200209549103,True,False,COM-01244,中继,Q3-R-003,0;2;3,16.13657751110229,-4.695360775679816,0.6489723131086578
PH-0131,Q3-T-016,巡航,1,3517.658488112456,3579.417193975737,0.8799200209549103,1.0,False,False,COM-01245,中继,Q3-R-003,2;3,12.777376532745137,-5.267953663575156,0.6489723131086578
PH-0131,Q3-T-016,巡航,1,3579.417193975737,3579.417193975737,1.0,1.0,True,False,COM-01246,中继,Q3-R-003,2;3,10.358247079458522,-5.805162963709037,0.6489723131086578
PH-0132,Q3-T-016,下降,1,3579.417193975737,3598.5954122460485,0.0,0.22570686549086558,False,False,COM-01247,中继,Q3-R-003,2;3,10.359040130529522,-5.804489228147673,0.6489723131086578
PH-0132,Q3-T-016,下降,1,3598.5954122460485,3598.5954122460485,0.22570686549086558,0.22570686549086558,True,False,COM-01248,中继,Q3-R-003,2;3,10.358950668358574,-5.803869025619946,0.6489723131086578
PH-0132,Q3-T-016,下降,1,3598.5954122460485,3640.9211698728545,0.22570686549086558,0.7238352082192008,False,False,COM-01249,中继,Q3-R-003,2;3,10.355631227038486,-5.802689813078246,0.6489723131086578
PH-0132,Q3-T-016,下降,1,3640.9211698728545,3640.9211698728545,0.7238352082192008,0.7238352082192008,True,False,COM-01250,中继,Q3-R-003,2;3,0.3480242627349952,-5.801771666176052,0.6489723131086578
PH-0132,Q3-T-016,下降,1,3640.9211698728545,3643.1905599560246,0.7238352082192008,0.7505434725130377,False,False,COM-01251,中继,Q3-R-003,2;3,0.3474956702622336,-5.801729815162133,0.6489723131086578
PH-0132,Q3-T-016,下降,1,3643.1905599560246,3643.1905599560246,0.7505434725130377,0.7505434725130377,True,False,COM-01252,中继,Q3-R-003,2,0.3469548181322466,-5.801688715170997,0.6489723131086578
PH-0132,Q3-T-016,下降,1,3643.1905599560246,3643.8150268678105,0.7505434725130377,0.7578927719774288,False,False,COM-01253,中继,Q3-R-003,2,0.3468038418537276,-5.801677537472585,0.6489723131086578
PH-0132,Q3-T-016,下降,1,3643.8150268678105,3643.8150268678105,0.7578927719774288,0.7578927719774288,True,False,COM-01254,中继,Q3-R-003,2,0.3466519377391819,-5.801666416642348,0.6489723131086578
PH-0132,Q3-T-016,下降,1,3643.8150268678105,3664.38677710562,0.7578927719774288,1.0,False,False,COM-01255,中继,Q3-R-003,2,0.34112969887836186,-5.801331861349297,0.6489723131086578
PH-0132,Q3-T-016,下降,1,3664.38677710562,3664.38677710562,1.0,1.0,True,False,COM-01256,中继,Q3-R-003,2,0.3346045452974522,-5.8010590358983904,0.6489723131086578
PH-0133,Q3-T-016,投送交接,1,3664.38677710562,4060.38677710562,0.0,1.0,False,False,COM-01257,中继,Q3-R-003,2,0.3346045452974522,-5.8010590358983904,0.6489723131086578
PH-0133,Q3-T-016,投送交接,1,4060.38677710562,4060.38677710562,1.0,1.0,True,False,COM-01258,中继,Q3-R-003,2,0.3346045452974522,-5.8010590358983904,0.6489723131086578
PH-0134,Q3-T-016,爬升,2,4060.38677710562,4076.844177295867,0.0,0.24210722802257123,False,False,COM-01259,中继,Q3-R-003,2,0.34112969887836186,-5.801331861349297,0.6489723131086578
PH-0134,Q3-T-016,爬升,2,4076.844177295867,4076.844177295867,0.24210722802257123,0.24210722802257123,True,False,COM-01260,中继,Q3-R-003,2,0.3466519377391819,-5.801666416642348,0.6489723131086578
PH-0134,Q3-T-016,爬升,2,4076.844177295867,4077.343750825296,0.24210722802257123,0.24945652748696237,False,False,COM-01261,中继,Q3-R-003,2,0.3468038418537276,-5.801677537472585,0.6489723131086578
PH-0134,Q3-T-016,爬升,2,4077.343750825296,4077.343750825296,0.24945652748696237,0.24945652748696237,True,False,COM-01262,中继,Q3-R-003,2,0.3469548181322466,-5.801688715170997,0.6489723131086578
PH-0134,Q3-T-016,爬升,2,4077.343750825296,4079.159262891832,0.24945652748696237,0.27616479178079917,False,False,COM-01263,中继,Q3-R-003,2;3,0.3474956702622336,-5.801729815162133,0.6489723131086578
PH-0134,Q3-T-016,爬升,2,4079.159262891832,4079.159262891832,0.27616479178079917,0.27616479178079917,True,False,COM-01264,中继,Q3-R-003,2;3,0.3480242627349952,-5.801771666176052,0.6489723131086578
PH-0134,Q3-T-016,爬升,2,4079.159262891832,4113.019868993277,0.27616479178079917,0.7742931345091345,False,False,COM-01265,中继,Q3-R-003,2;3,10.355631227038486,-5.802689813078246,0.6489723131086578
PH-0134,Q3-T-016,爬升,2,4113.019868993277,4113.019868993277,0.7742931345091345,0.7742931345091345,True,False,COM-01266,中继,Q3-R-003,2;3,10.358950668358574,-5.803869025619946,0.6489723131086578
PH-0134,Q3-T-016,爬升,2,4113.019868993277,4128.362443609526,0.7742931345091345,1.0,False,False,COM-01267,中继,Q3-R-003,2;3,10.359040130529522,-5.804489228147673,0.6489723131086578
PH-0134,Q3-T-016,爬升,2,4128.362443609526,4128.362443609526,1.0,1.0,True,False,COM-01268,中继,Q3-R-003,2;3,10.358247079458522,-5.805162963709037,0.6489723131086578
PH-0135,Q3-T-016,巡航,2,4128.362443609526,4190.121149472807,0.0,0.12007997904508962,False,False,COM-01269,中继,Q3-R-003,2;3,12.777376532745137,-5.267953663575156,0.6489723131086578
PH-0135,Q3-T-016,巡航,2,4190.121149472807,4190.121149472807,0.12007997904508962,0.12007997904508962,True,False,COM-01270,中继,Q3-R-003,0;2;3,16.13657751110229,-4.695360775679816,0.6489723131086578
PH-0135,Q3-T-016,巡航,2,4190.121149472807,4270.299786662832,0.12007997904508962,0.2759745843328974,False,False,COM-01271,中继,Q3-R-003,0;2;3,24.277445709620295,-3.890892723121169,0.6489723131086578
PH-0135,Q3-T-016,巡航,2,4270.299786662832,4270.299786662832,0.2759745843328974,0.2759745843328974,True,False,COM-01272,中继,Q3-R-003,0;2;3,28.1735878695349,-3.004390068042966,0.6489723131086578
PH-0135,Q3-T-016,巡航,2,4270.299786662832,4356.672943319131,0.2759745843328974,0.44391344730562704,False,True,COM-01273,直连,,,8.06388954017423,8.06388954017423,
PH-0135,Q3-T-016,巡航,2,4356.672943319131,4356.672943319131,0.44391344730562704,0.44391344730562704,True,True,COM-01274,直连,,,9.281780285895707,9.281780285895707,
PH-0135,Q3-T-016,巡航,2,4356.672943319131,4379.451371733426,0.44391344730562704,0.4882024777902318,False,True,COM-01275,直连,,,9.633496207127422,9.633496207127422,
PH-0135,Q3-T-016,巡航,2,4379.451371733426,4379.451371733426,0.4882024777902318,0.4882024777902318,True,True,COM-01276,直连,,,9.999999999999687,9.999999999999687,
PH-0135,Q3-T-016,巡航,2,4379.451371733426,4384.123745176762,0.4882024777902318,0.4972871646748415,False,True,COM-01277,直连,,,10.077120483427208,10.077120483427208,
PH-0135,Q3-T-016,巡航,2,4384.123745176762,4384.123745176762,0.4972871646748415,0.4972871646748415,True,True,COM-01278,直连,,,10.154928987501108,10.154928987501108,
PH-0135,Q3-T-016,巡航,2,4384.123745176762,4642.675540217337,0.4972871646748415,1.0,False,True,COM-01279,直连,,,16.121716938686347,16.121716938686347,
PH-0135,Q3-T-016,巡航,2,4642.675540217337,4642.675540217337,1.0,1.0,True,True,COM-01280,直连,,,33.968262608738186,33.968262608738186,
PH-0136,Q3-T-016,下降,2,4642.675540217337,4700.9851857978565,0.0,0.43106250667256346,False,True,COM-01281,直连,,,36.2693735049849,36.2693735049849,
PH-0136,Q3-T-016,下降,2,4700.9851857978565,4700.9851857978565,0.43106250667256346,0.43106250667256346,True,True,COM-01282,直连,,,39.408874453733944,39.408874453733944,
PH-0136,Q3-T-016,下降,2,4700.9851857978565,4735.947819865032,0.43106250667256346,0.68952884668934,False,True,COM-01283,直连,,,42.03682359613502,42.03682359613502,
PH-0136,Q3-T-016,下降,2,4735.947819865032,4735.947819865032,0.68952884668934,0.68952884668934,True,True,COM-01284,直连,,,45.82290764368429,45.82290764368429,
PH-0136,Q3-T-016,下降,2,4735.947819865032,4749.916048056849,0.68952884668934,0.7927909982286443,False,True,COM-01285,直连,,,47.96179382527555,47.96179382527555,
PH-0136,Q3-T-016,下降,2,4749.916048056849,4749.916048056849,0.7927909982286443,0.7927909982286443,True,True,COM-01286,直连,,,50.80570620510433,50.80570620510433,
PH-0136,Q3-T-016,下降,2,4749.916048056849,4762.083535729861,0.7927909982286443,0.8827409144735208,False,True,COM-01287,直连,,,54.38121115513685,54.38121115513685,
PH-0136,Q3-T-016,下降,2,4762.083535729861,4762.083535729861,0.8827409144735208,0.8827409144735208,True,True,COM-01288,直连,,,60.564870030848155,60.564870030848155,
PH-0136,Q3-T-016,下降,2,4762.083535729861,4763.541139201537,0.8827409144735208,0.8935164594108909,False,True,COM-01289,直连,,,61.71811229890664,61.71811229890664,
PH-0136,Q3-T-016,下降,2,4763.541139201537,4763.541139201537,0.8935164594108909,0.8935164594108909,True,True,COM-01290,直连,,,63.04826031559027,63.04826031559027,
PH-0136,Q3-T-016,下降,2,4763.541139201537,4777.432353261653,0.8935164594108909,0.9962092728187528,False,True,COM-01291,直连,,,67.82295300936202,67.82295300936202,
PH-0136,Q3-T-016,下降,2,4777.432353261653,4777.432353261653,0.9962092728187528,0.9962092728187528,True,True,COM-01292,直连,,,56.38238674364703,56.38238674364703,
PH-0136,Q3-T-016,下降,2,4777.432353261653,4777.945123347219,0.9962092728187528,1.0,False,True,COM-01293,直连,,,46.150772984109835,46.150772984109835,
PH-0136,Q3-T-016,下降,2,4777.945123347219,4777.945123347219,1.0,1.0,True,True,COM-01294,直连,,,45.92517525248826,45.92517525248826,
PH-0137,Q3-T-017,爬升,1,3650.888046441056,3650.888046441056,0.0,0.0,True,True,COM-01295,直连,,,45.92517525248826,45.92517525248826,
PH-0137,Q3-T-017,爬升,1,3650.888046441056,3651.229893164767,0.0,0.006116720947260397,False,True,COM-01296,直连,,,46.15077298411023,46.15077298411023,
PH-0137,Q3-T-017,爬升,1,3651.229893164767,3651.229893164767,0.006116720947260397,0.006116720947260397,True,True,COM-01297,直连,,,56.38238674364726,56.38238674364726,
PH-0137,Q3-T-017,爬升,1,3651.229893164767,3660.4907025381776,0.006116720947260397,0.17182194131036893,False,True,COM-01298,直连,,,67.8229530093612,67.8229530093612,
PH-0137,Q3-T-017,爬升,1,3660.4907025381776,3660.4907025381776,0.17182194131036893,0.17182194131036893,True,True,COM-01299,直连,,,63.04826031558991,63.04826031558991,
PH-0137,Q3-T-017,爬升,1,3660.4907025381776,3661.462438185961,0.17182194131036893,0.1892093707625918,False,True,COM-01300,直连,,,61.718112298905965,61.718112298905965,
PH-0137,Q3-T-017,爬升,1,3661.462438185961,3661.462438185961,0.1892093707625918,0.1892093707625918,True,True,COM-01301,直连,,,60.56487003084824,60.56487003084824,
PH-0137,Q3-T-017,爬升,1,3661.462438185961,3669.574096634636,0.1892093707625918,0.33435264027067296,False,True,COM-01302,直连,,,54.38121115513657,54.38121115513657,
PH-0137,Q3-T-017,爬升,1,3669.574096634636,3669.574096634636,0.33435264027067296,0.33435264027067296,True,True,COM-01303,直连,,,50.80570620510427,50.80570620510427,
PH-0137,Q3-T-017,爬升,1,3669.574096634636,3678.886248762514,0.33435264027067296,0.5009765451785029,False,True,COM-01304,直连,,,47.961793825275265,47.961793825275265,
PH-0137,Q3-T-017,爬升,1,3678.886248762514,3678.886248762514,0.5009765451785029,0.5009765451785029,True,True,COM-01305,直连,,,45.82290764368433,45.82290764368433,
PH-0137,Q3-T-017,爬升,1,3678.886248762514,3706.7752982314205,0.5009765451785029,1.0,False,True,COM-01306,直连,,,41.453748523328315,41.453748523328315,
PH-0137,Q3-T-017,爬升,1,3706.7752982314205,3706.7752982314205,1.0,1.0,True,True,COM-01307,直连,,,38.56041462744295,38.56041462744295,
PH-0138,Q3-T-017,巡航,1,3706.7752982314205,3787.5993148507787,0.0,0.34539264957610377,False,True,COM-01308,直连,,,27.846779148865465,27.846779148865465,
PH-0138,Q3-T-017,巡航,1,3787.5993148507787,3787.5993148507787,0.34539264957610377,0.34539264957610377,True,True,COM-01309,直连,,,22.11172864838477,22.11172864838477,
PH-0138,Q3-T-017,巡航,1,3787.5993148507787,3860.7824141932197,0.34539264957610377,0.6581326697252977,False,True,COM-01310,直连,,,18.920099586903177,18.920099586903177,
PH-0138,Q3-T-017,巡航,1,3860.7824141932197,3860.7824141932197,0.6581326697252977,0.6581326697252977,True,True,COM-01311,直连,,,6.583598399403556,6.583598399403556,
PH-0138,Q3-T-017,巡航,1,3860.7824141932197,3911.3796799122556,0.6581326697252977,0.8743545849303681,False,True,COM-01312,直连,,,5.269761323710469,5.269761323710469,
PH-0138,Q3-T-017,巡航,1,3911.3796799122556,3911.3796799122556,0.8743545849303681,0.8743545849303681,True,True,COM-01313,直连,,,4.128072547475469,4.128072547475469,
PH-0138,Q3-T-017,巡航,1,3911.3796799122556,3934.0705482416556,0.8743545849303681,0.9713215442734503,False,True,COM-01314,直连,,,3.6609160379091605,3.6609160379091605,
PH-0138,Q3-T-017,巡航,1,3934.0705482416556,3934.0705482416556,0.9713215442734503,0.9713215442734503,True,True,COM-01315,直连,,,3.217533917305559,3.217533917305559,
PH-0138,Q3-T-017,巡航,1,3934.0705482416556,3940.7814842882244,0.9713215442734503,1.0,False,True,COM-01316,直连,,,3.090611481188475,3.090611481188475,
PH-0138,Q3-T-017,巡航,1,3940.7814842882244,3940.7814842882244,1.0,1.0,True,True,COM-01317,直连,,,2.9655118891521965,2.9655118891521965,
PH-0139,Q3-T-017,下降,1,3940.7814842882244,3958.2451232022427,0.0,0.5243595584846749,False,True,COM-01318,直连,,,2.9687921961294137,2.9687921961294137,
PH-0139,Q3-T-017,下降,1,3958.2451232022427,3958.2451232022427,0.5243595584846749,0.5243595584846749,True,True,COM-01319,直连,,,2.971550769894037,2.971550769894037,
PH-0139,Q3-T-017,下降,1,3958.2451232022427,3974.086186436662,0.5243595584846749,1.0,False,True,COM-01320,直连,,,2.973600928856058,2.973600928856058,
PH-0139,Q3-T-017,下降,1,3974.086186436662,3974.086186436662,1.0,1.0,True,True,COM-01321,直连,,,2.9752203689650543,2.9752203689650543,
PH-0140,Q3-T-017,投送交接,1,3974.086186436662,4154.086186436662,0.0,1.0,False,True,COM-01322,直连,,,2.9752203689650543,2.9752203689650543,
PH-0140,Q3-T-017,投送交接,1,4154.086186436662,4154.086186436662,1.0,1.0,True,True,COM-01323,直连,,,2.9752203689650543,2.9752203689650543,
PH-0141,Q3-T-017,爬升,2,4154.086186436662,4167.287072465344,0.0,0.19720818416665734,False,True,COM-01324,直连,,,2.973600928856058,2.973600928856058,
PH-0141,Q3-T-017,爬升,2,4167.287072465344,4167.287072465344,0.19720818416665734,0.19720818416665734,True,True,COM-01325,直连,,,2.971550769894037,2.971550769894037,
PH-0141,Q3-T-017,爬升,2,4167.287072465344,4187.659757582463,0.19720818416665734,0.5015559552038803,False,True,COM-01326,直连,,,2.967542965364231,2.967542965364231,
PH-0141,Q3-T-017,爬升,2,4187.659757582463,4187.659757582463,0.5015559552038803,0.5015559552038803,True,True,COM-01327,直连,,,2.9625136326285997,2.9625136326285997,
PH-0141,Q3-T-017,爬升,2,4187.659757582463,4207.407761393439,0.5015559552038803,0.796571605215331,False,True,COM-01328,直连,,,2.9566668363080453,2.9566668363080453,
PH-0141,Q3-T-017,爬升,2,4207.407761393439,4207.407761393439,0.796571605215331,0.796571605215331,True,True,COM-01329,直连,,,2.9498673939257714,2.9498673939257714,
PH-0141,Q3-T-017,爬升,2,4207.407761393439,4221.025021072078,0.796571605215331,1.0,False,True,COM-01330,直连,,,12.94462621374035,12.94462621374035,
PH-0141,Q3-T-017,爬升,2,4221.025021072078,4221.025021072078,1.0,1.0,True,True,COM-01331,直连,,,12.938935823095392,12.938935823095392,
PH-0142,Q3-T-017,巡航,2,4221.025021072078,4250.569859471303,0.0,0.06655227081773965,False,True,COM-01332,直连,,,12.426343423414068,12.426343423414068,
PH-0142,Q3-T-017,巡航,2,4250.569859471303,4250.569859471303,0.06655227081773965,0.06655227081773965,True,True,COM-01333,直连,,,11.940566858665662,11.940566858665662,
PH-0142,Q3-T-017,巡航,2,4250.569859471303,4304.15220345695,0.06655227081773965,0.18725107511634606,False,True,COM-01334,直连,,,11.120113105263243,11.120113105263243,
PH-0142,Q3-T-017,巡航,2,4304.15220345695,4304.15220345695,0.18725107511634606,0.18725107511634606,True,True,COM-01335,直连,,,10.367428788488837,10.367428788488837,
PH-0142,Q3-T-017,巡航,2,4304.15220345695,4318.06211752873,0.18725107511634606,0.21858434409035607,False,True,COM-01336,直连,,,10.181844680206225,10.181844680206225,
PH-0142,Q3-T-017,巡航,2,4318.06211752873,4318.06211752873,0.21858434409035607,0.21858434409035607,True,True,COM-01337,直连,,,9.999999999999858,9.999999999999858,
PH-0142,Q3-T-017,巡航,2,4318.06211752873,4438.65376718109,0.21858434409035607,0.4902273301705334,False,True,COM-01338,直连,,,8.561072906729976,8.561072906729976,
PH-0142,Q3-T-017,巡航,2,4438.65376718109,4438.65376718109,0.4902273301705334,0.4902273301705334,True,True,COM-01339,直连,,,7.322371161497614,7.322371161497614,
PH-0142,Q3-T-017,巡航,2,4438.65376718109,4450.001766640689,0.4902273301705334,0.5157896677629631,False,True,COM-01340,直连,,,7.214239784166892,7.214239784166892,
PH-0142,Q3-T-017,巡航,2,4450.001766640689,4450.001766640689,0.5157896677629631,0.5157896677629631,True,True,COM-01341,直连,,,7.107413541321861,7.107413541321861,
PH-0142,Q3-T-017,巡航,2,4450.001766640689,4455.867621789036,0.5157896677629631,0.5290030072686775,False,True,COM-01342,直连,,,7.052695948266731,7.052695948266731,
PH-0142,Q3-T-017,巡航,2,4455.867621789036,4455.867621789036,0.5290030072686775,0.5290030072686775,True,False,COM-01343,中继,Q3-R-003,2;3,9.859477774718655,-3.0016852075476947,0.6489723131086578
PH-0142,Q3-T-017,巡航,2,4455.867621789036,4632.299577431627,0.5290030072686775,0.9264310498311634,False,False,COM-01344,中继,Q3-R-003,2;3,9.022010137454998,-4.49799719539817,0.6489723131086578
PH-0142,Q3-T-017,巡航,2,4632.299577431627,4632.299577431627,0.9264310498311634,0.9264310498311634,True,False,COM-01345,中继,Q3-R-003,2;3,6.8988381535539816,-5.776433969519601,0.6489723131086578
PH-0142,Q3-T-017,巡航,2,4632.299577431627,4664.95936074528,0.9264310498311634,1.0,False,False,COM-01346,中继,Q3-R-003,2;3,6.476244640070945,-5.993937669313908,0.6489723131086578
PH-0142,Q3-T-017,巡航,2,4664.95936074528,4664.95936074528,1.0,1.0,True,False,COM-01347,中继,Q3-R-003,2;3,6.056797094142027,-6.2061733560015,0.6489723131086578
PH-0143,Q3-T-017,下降,2,4664.95936074528,4700.9851857978565,0.0,0.6341837755060955,False,False,COM-01348,中继,Q3-R-003,2;3,6.05755895981757,-6.204720286186074,0.6489723131086578
PH-0143,Q3-T-017,下降,2,4700.9851857978565,4700.9851857978565,0.6341837755060955,0.6341837755060955,True,False,COM-01349,中继,Q3-R-003,2;3,6.056513675115326,-6.203536469524693,0.6489723131086578
PH-0143,Q3-T-017,下降,2,4700.9851857978565,4704.496593695237,0.6341837755060955,0.695997152838951,False,False,COM-01350,中继,Q3-R-003,2;3,6.056315166898713,-6.2034354934667135,0.6489723131086578
PH-0143,Q3-T-017,下降,2,4704.496593695237,4704.496593695237,0.695997152838951,0.695997152838951,True,False,COM-01351,中继,Q3-R-003,2;3,6.056099503293439,-6.203337077690264,0.6489723131086578
PH-0143,Q3-T-017,下降,2,4704.496593695237,4704.707788550938,0.695997152838951,0.6997149400307995,False,False,COM-01352,中继,Q3-R-003,2;3,6.056085985247492,-6.2033312400682235,0.6489723131086578
PH-0143,Q3-T-017,下降,2,4704.707788550938,4704.707788550938,0.6997149400307995,0.6997149400307995,True,False,COM-01353,中继,Q3-R-003,2;3,6.056072405152321,-6.2033254117085335,0.6489723131086578
PH-0143,Q3-T-017,下降,2,4704.707788550938,4721.76596230778,0.6997149400307995,1.0,False,False,COM-01354,中继,Q3-R-004,3,4.188054628054871,-6.202885246250503,1.6126866692443826
PH-0143,Q3-T-017,下降,2,4721.76596230778,4721.76596230778,1.0,1.0,True,False,COM-01355,中继,Q3-R-004,3,4.18380920269351,-6.202505524891052,1.6126866692443826
PH-0144,Q3-T-017,投送交接,2,4721.76596230778,4931.76596230778,0.0,1.0,False,False,COM-01356,中继,Q3-R-004,3,4.18380920269351,-6.202505524891052,1.6126866692443826
PH-0144,Q3-T-017,投送交接,2,4931.76596230778,4931.76596230778,1.0,1.0,True,False,COM-01357,中继,Q3-R-004,3,4.18380920269351,-6.202505524891052,1.6126866692443826
PH-0145,Q3-T-017,爬升,3,4931.76596230778,4945.981107105148,0.0,0.41805424504668126,False,False,COM-01358,中继,Q3-R-004,3,4.188054628054871,-6.202885246250503,1.6126866692443826
PH-0145,Q3-T-017,爬升,3,4945.981107105148,4945.981107105148,0.41805424504668126,0.41805424504668126,True,False,COM-01359,中继,Q3-R-003,2;3,6.056072405152321,-6.2033254117085335,0.6489723131086578
PH-0145,Q3-T-017,爬升,3,4945.981107105148,4946.1571028182325,0.41805424504668126,0.4232301159937467,False,False,COM-01360,中继,Q3-R-003,2;3,6.056085985247492,-6.2033312400682235,0.6489723131086578
PH-0145,Q3-T-017,爬升,3,4946.1571028182325,4946.1571028182325,0.4232301159937467,0.4232301159937467,True,False,COM-01361,中继,Q3-R-003,2;3,6.056099503293439,-6.203337077690264,0.6489723131086578
PH-0145,Q3-T-017,爬升,3,4946.1571028182325,4965.769073066243,0.4232301159937467,1.0,False,False,COM-01362,中继,Q3-R-003,2;3,6.057217049296753,-6.204045604650929,0.6489723131086578
PH-0145,Q3-T-017,爬升,3,4965.769073066243,4965.769073066243,1.0,1.0,True,False,COM-01363,中继,Q3-R-003,2;3,6.05756352371759,-6.204869090937848,0.6489723131086578
PH-0146,Q3-T-017,巡航,3,4965.769073066243,4999.173177715879,0.0,0.049615993673703444,False,False,COM-01364,中继,Q3-R-003,2;3,6.518873658333959,-5.98684545876462,0.6489723131086578
PH-0146,Q3-T-017,巡航,3,4999.173177715879,4999.173177715879,0.049615993673703444,0.049615993673703444,True,False,COM-01365,中继,Q3-R-003,2;3,6.9904634745722944,-5.763212731749292,0.6489723131086578
PH-0146,Q3-T-017,巡航,3,4999.173177715879,5028.315210106669,0.049615993673703444,0.09290141951899818,False,False,COM-01366,中继,Q3-R-003,2;3,7.408271037012952,-5.563301464337314,0.6489723131086578
PH-0146,Q3-T-017,巡航,3,5028.315210106669,5028.315210106669,0.09290141951899818,0.09290141951899818,True,False,COM-01367,中继,Q3-R-003,2,7.829423213629752,-5.358684847710435,0.6489723131086578
PH-0146,Q3-T-017,巡航,3,5028.315210106669,5038.303265273524,0.09290141951899818,0.10773694009855261,False,False,COM-01368,中继,Q3-R-003,2,7.973947928397877,-5.287432186725525,0.6489723131086578
PH-0146,Q3-T-017,巡航,3,5038.303265273524,5038.303265273524,0.10773694009855261,0.10773694009855261,True,False,COM-01369,中继,Q3-R-003,2,8.11830068843355,-5.21559075384279,0.6489723131086578
PH-0146,Q3-T-017,巡航,3,5038.303265273524,5051.209801147688,0.10773694009855261,0.126907356698507,False,False,COM-01370,中继,Q3-R-003,2;3,8.304274345315179,-5.121869541347962,0.6489723131086578
PH-0146,Q3-T-017,巡航,3,5051.209801147688,5051.209801147688,0.126907356698507,0.126907356698507,True,False,COM-01371,中继,Q3-R-003,2;3,8.489203408242076,-5.0271270621048245,0.6489723131086578
PH-0146,Q3-T-017,巡航,3,5051.209801147688,5075.2351194599605,0.126907356698507,0.1625927927816859,False,False,COM-01372,中继,Q3-R-003,2,8.82890877937615,-4.847967832940725,0.6489723131086578
PH-0146,Q3-T-017,巡航,3,5075.2351194599605,5075.2351194599605,0.1625927927816859,0.1625927927816859,True,False,COM-01373,中继,Q3-R-003,2,9.15946268362869,-4.665039307965003,0.6489723131086578
PH-0146,Q3-T-017,巡航,3,5075.2351194599605,5118.611480244238,0.1625927927816859,0.22702084031758815,False,False,COM-01374,中继,Q3-R-003,2;3,9.7182027705299,-4.324699525929674,0.6489723131086578
PH-0146,Q3-T-017,巡航,3,5118.611480244238,5118.611480244238,0.22702084031758815,0.22702084031758815,True,False,COM-01375,中继,Q3-R-003,2;3,10.20000000000259,-3.970495769674244,0.6489723131086578
PH-0146,Q3-T-017,巡航,3,5118.611480244238,5186.452630476137,0.22702084031758815,0.32778708195248735,False,False,COM-01376,中继,Q3-R-003,2;3,10.711739749599872,-3.3858655373228146,0.6489723131086578
PH-0146,Q3-T-017,巡航,3,5186.452630476137,5186.452630476137,0.32778708195248735,0.32778708195248735,True,False,COM-01377,中继,Q3-R-003,2;3,10.825086509570482,-2.759094616335574,0.6489723131086578
PH-0146,Q3-T-017,巡航,3,5186.452630476137,5237.974285513153,0.32778708195248735,0.4043135488998117,False,False,COM-01378,中继,Q3-R-003,0;2;3,10.621428071157226,-2.2509803639308217,0.6489723131086578
PH-0146,Q3-T-017,巡航,3,5237.974285513153,5237.974285513153,0.4043135488998117,0.4043135488998117,True,False,COM-01379,中继,Q3-R-003,0;2;3,10.20000000000006,-1.7113500945006876,0.6489723131086578
PH-0146,Q3-T-017,巡航,3,5237.974285513153,5276.056323107412,0.4043135488998117,0.4608777991970914,False,False,COM-01380,中继,Q3-R-003,0;2;3,9.781842167894098,-1.2898179772272016,0.6489723131086578
PH-0146,Q3-T-017,巡航,3,5276.056323107412,5276.056323107412,0.4608777991970914,0.4608777991970914,True,False,COM-01381,中继,Q3-R-003,0;2;3,9.301109552469555,-0.8468351977706448,0.6489723131086578
PH-0146,Q3-T-017,巡航,3,5276.056323107412,5309.868259231465,0.4608777991970914,0.5110995556675183,False,True,COM-01382,直连,,,9.566296534619099,9.566296534619099,
PH-0146,Q3-T-017,巡航,3,5309.868259231465,5309.868259231465,0.5110995556675183,0.5110995556675183,True,True,COM-01383,直连,,,9.99999999999936,9.99999999999936,
PH-0146,Q3-T-017,巡航,3,5309.868259231465,5396.036009433716,0.5110995556675183,0.639086777410303,False,True,COM-01384,直连,,,11.213978623170576,11.213978623170576,
PH-0146,Q3-T-017,巡航,3,5396.036009433716,5396.036009433716,0.639086777410303,0.639086777410303,True,True,COM-01385,直连,,,12.624617925181582,12.624617925181582,
PH-0146,Q3-T-017,巡航,3,5396.036009433716,5445.421986823643,0.639086777410303,0.7124410662753698,False,True,COM-01386,直连,,,13.549295386221218,13.549295386221218,
PH-0146,Q3-T-017,巡航,3,5445.421986823643,5445.421986823643,0.7124410662753698,0.7124410662753698,True,True,COM-01387,直连,,,14.583346617362722,14.583346617362722,
PH-0146,Q3-T-017,巡航,3,5445.421986823643,5525.035614167842,0.7124410662753698,0.8306932772560768,False,True,COM-01388,直连,,,16.559139208859847,16.559139208859847,
PH-0146,Q3-T-017,巡航,3,5525.035614167842,5525.035614167842,0.8306932772560768,0.8306932772560768,True,True,COM-01389,直连,,,19.108859130510737,19.108859130510737,
PH-0146,Q3-T-017,巡航,3,5525.035614167842,5639.0218324348425,0.8306932772560768,1.0,False,True,COM-01390,直连,,,24.79852975939312,24.79852975939312,
PH-0146,Q3-T-017,巡航,3,5639.0218324348425,5639.0218324348425,1.0,1.0,True,True,COM-01391,直连,,,34.89404750685925,34.89404750685925,
PH-0147,Q3-T-017,下降,3,5639.0218324348425,5703.5077225592495,0.0,0.6574575437853204,False,True,COM-01392,直连,,,38.74229099550223,38.74229099550223,
PH-0147,Q3-T-017,下降,3,5703.5077225592495,5703.5077225592495,0.6574575437853204,0.6574575437853204,True,True,COM-01393,直连,,,45.822907643684474,45.822907643684474,
PH-0147,Q3-T-017,下降,3,5703.5077225592495,5714.682305112702,0.6574575437853204,0.7713865534376038,False,True,COM-01394,直连,,,47.961793825275464,47.961793825275464,
PH-0147,Q3-T-017,下降,3,5714.682305112702,5714.682305112702,0.7713865534376038,0.7713865534376038,True,True,COM-01395,直连,,,50.805706205104215,50.805706205104215,
PH-0147,Q3-T-017,下降,3,5714.682305112702,5724.416295251112,0.7713865534376038,0.8706281896355867,False,True,COM-01396,直连,,,54.38121115513651,54.38121115513651,
PH-0147,Q3-T-017,下降,3,5724.416295251112,5724.416295251112,0.8706281896355867,0.8706281896355867,True,True,COM-01397,直连,,,60.56487003084884,60.56487003084884,
PH-0147,Q3-T-017,下降,3,5724.416295251112,5725.582378028453,0.8706281896355867,0.8825168356194056,False,True,COM-01398,直连,,,61.718112298908174,61.718112298908174,
PH-0147,Q3-T-017,下降,3,5725.582378028453,5725.582378028453,0.8825168356194056,0.8825168356194056,True,True,COM-01399,直连,,,63.048260315590724,63.048260315590724,
PH-0147,Q3-T-017,下降,3,5725.582378028453,5736.695349276545,0.8825168356194056,0.9958176951846961,False,True,COM-01400,直连,,,67.82295300936053,67.82295300936053,
PH-0147,Q3-T-017,下降,3,5736.695349276545,5736.695349276545,0.9958176951846961,0.9958176951846961,True,True,COM-01401,直连,,,56.38238674364726,56.38238674364726,
PH-0147,Q3-T-017,下降,3,5736.695349276545,5737.1055653449985,0.9958176951846961,1.0,False,True,COM-01402,直连,,,46.15077298410942,46.15077298410942,
PH-0147,Q3-T-017,下降,3,5737.1055653449985,5737.1055653449985,1.0,1.0,True,True,COM-01403,直连,,,45.92517525248826,45.92517525248826,
PH-0148,Q3-T-018,爬升,1,3782.9696990787475,3782.9696990787475,0.0,0.0,True,True,COM-01404,直连,,,45.92517525248826,45.92517525248826,
PH-0148,Q3-T-018,爬升,1,3782.9696990787475,3783.3115458024586,0.0,0.005160966155338672,False,True,COM-01405,直连,,,46.150772984109636,46.150772984109636,
PH-0148,Q3-T-018,爬升,1,3783.3115458024586,3783.3115458024586,0.005160966155338672,0.005160966155338672,True,True,COM-01406,直连,,,56.38238674364726,56.38238674364726,
PH-0148,Q3-T-018,爬升,1,3783.3115458024586,3792.5723551758692,0.005160966155338672,0.1449742813990188,False,True,COM-01407,直连,,,67.82295300936126,67.82295300936126,
PH-0148,Q3-T-018,爬升,1,3792.5723551758692,3792.5723551758692,0.1449742813990188,0.1449742813990188,True,True,COM-01408,直连,,,63.04826031558985,63.04826031558985,
PH-0148,Q3-T-018,爬升,1,3792.5723551758692,3793.544090823653,0.1449742813990188,0.1596448762659389,False,True,COM-01409,直连,,,61.718112298907045,61.718112298907045,
PH-0148,Q3-T-018,爬升,1,3793.544090823653,3793.544090823653,0.1596448762659389,0.1596448762659389,True,True,COM-01410,直连,,,60.56487003084818,60.56487003084818,
PH-0148,Q3-T-018,爬升,1,3793.544090823653,3801.6557492723277,0.1596448762659389,0.282109103106614,False,True,COM-01411,直连,,,54.38121115513704,54.38121115513704,
PH-0148,Q3-T-018,爬升,1,3801.6557492723277,3801.6557492723277,0.282109103106614,0.282109103106614,True,True,COM-01412,直连,,,50.80570620510423,50.80570620510423,
PH-0148,Q3-T-018,爬升,1,3801.6557492723277,3810.9679014002054,0.282109103106614,0.42269755586001867,False,True,COM-01413,直连,,,47.96179382527548,47.96179382527548,
PH-0148,Q3-T-018,爬升,1,3810.9679014002054,3810.9679014002054,0.42269755586001867,0.42269755586001867,True,True,COM-01414,直连,,,45.8229076436843,45.8229076436843,
PH-0148,Q3-T-018,爬升,1,3810.9679014002054,3849.2066619693724,0.42269755586001867,1.0,False,True,COM-01415,直连,,,40.26478287358927,40.26478287358927,
PH-0148,Q3-T-018,爬升,1,3849.2066619693724,3849.2066619693724,1.0,1.0,True,True,COM-01416,直连,,,36.90275487714975,36.90275487714975,
PH-0149,Q3-T-018,巡航,1,3849.2066619693724,4088.936814291953,0.0,0.6809732911058279,False,True,COM-01417,直连,,,16.807423283516925,16.807423283516925,
PH-0149,Q3-T-018,巡航,1,4088.936814291953,4088.936814291953,0.6809732911058279,0.6809732911058279,True,True,COM-01418,直连,,,10.818805733526602,10.818805733526602,
PH-0149,Q3-T-018,巡航,1,4088.936814291953,4100.324120854927,0.6809732911058279,0.7133198755963149,False,True,COM-01419,直连,,,10.615415977752363,10.615415977752363,
PH-0149,Q3-T-018,巡航,1,4100.324120854927,4100.324120854927,0.7133198755963149,0.7133198755963149,True,True,COM-01420,直连,,,10.416669329587734,10.416669329587734,
PH-0149,Q3-T-018,巡航,1,4100.324120854927,4112.69117031888,0.7133198755963149,0.7484495006899659,False,True,COM-01421,直连,,,0.20584176564561574,0.20584176564561574,
PH-0149,Q3-T-018,巡航,1,4112.69117031888,4112.69117031888,0.7484495006899659,0.7484495006899659,True,True,COM-01422,直连,,,4.121147867408581e-13,4.121147867408581e-13,
PH-0149,Q3-T-018,巡航,1,4112.69117031888,4114.900172870868,0.7484495006899659,0.7547243548262323,False,False,COM-01423,中继,Q3-R-003,0;2;3,10.132066649173566,-0.036260468166730675,0.6489723131086578
PH-0149,Q3-T-018,巡航,1,4114.900172870868,4114.900172870868,0.7547243548262323,0.7547243548262323,True,False,COM-01424,中继,Q3-R-003,0;2;3,10.20000000000067,-0.07237049538358065,0.6489723131086578
PH-0149,Q3-T-018,巡航,1,4114.900172870868,4181.24089742134,0.7547243548262323,0.943170660365182,False,False,COM-01425,中继,Q3-R-003,0;2;3,12.457254919049333,-1.0923923790210068,0.6489723131086578
PH-0149,Q3-T-018,巡航,1,4181.24089742134,4181.24089742134,0.943170660365182,0.943170660365182,True,False,COM-01426,中继,Q3-R-003,2;3,15.13221836201609,-2.0052730626765083,0.6489723131086578
PH-0149,Q3-T-018,巡航,1,4181.24089742134,4201.247124427576,0.943170660365182,1.0,False,False,COM-01427,中继,Q3-R-003,2;3,15.973890619548072,-2.26276451100955,0.6489723131086578
PH-0149,Q3-T-018,巡航,1,4201.247124427576,4201.247124427576,1.0,1.0,True,False,COM-01428,中继,Q3-R-003,2;3,16.775455676094523,-2.5128506814345712,0.6489723131086578
PH-0150,Q3-T-018,下降,1,4201.247124427576,4233.357177404958,0.0,0.6108712394746583,False,False,COM-01429,中继,Q3-R-003,2;3,16.748079703578767,-2.510869061785442,0.6489723131086578
PH-0150,Q3-T-018,下降,1,4233.357177404958,4233.357177404958,0.6108712394746583,0.6108712394746583,True,False,COM-01430,中继,Q3-R-003,2;3,16.704180026895045,-2.5093882156172356,0.6489723131086578
PH-0150,Q3-T-018,下降,1,4233.357177404958,4248.553883782804,0.6108712394746583,0.8999779210334373,False,False,COM-01431,中继,Q3-R-003,2;3,16.67777949674658,-2.5088621133015323,0.6489723131086578
PH-0150,Q3-T-018,下降,1,4248.553883782804,4248.553883782804,0.8999779210334373,0.8999779210334373,True,False,COM-01432,中继,Q3-R-003,2;3,6.647852739593986,-2.508448334367557,0.6489723131086578
PH-0150,Q3-T-018,下降,1,4248.553883782804,4253.811479896326,0.8999779210334373,1.0,False,False,COM-01433,中继,Q3-R-003,2;3,6.636691146690168,-2.5083313380993957,0.6489723131086578
PH-0150,Q3-T-018,下降,1,4253.811479896326,4253.811479896326,1.0,1.0,True,False,COM-01434,中继,Q3-R-003,2;3,6.625119468658468,-2.508227791369876,0.6489723131086578
PH-0151,Q3-T-018,投送交接,1,4253.811479896326,4463.811479896326,0.0,1.0,False,False,COM-01435,中继,Q3-R-003,2;3,6.625119468658468,-2.508227791369876,0.6489723131086578
PH-0151,Q3-T-018,投送交接,1,4463.811479896326,4463.811479896326,1.0,1.0,True,False,COM-01436,中继,Q3-R-003,2;3,6.625119468658468,-2.508227791369876,0.6489723131086578
PH-0152,Q3-T-018,爬升,2,4463.811479896326,4468.192809990927,0.0,0.07651322419725579,False,False,COM-01437,中继,Q3-R-003,2;3,6.636691146690168,-2.5083313380993957,0.6489723131086578
PH-0152,Q3-T-018,爬升,2,4468.192809990927,4468.192809990927,0.07651322419725579,0.07651322419725579,True,False,COM-01438,中继,Q3-R-003,2;3,6.647852739593986,-2.508448334367557,0.6489723131086578
PH-0152,Q3-T-018,爬升,2,4468.192809990927,4480.856731972466,0.07651322419725579,0.29766923866508477,False,False,COM-01439,中继,Q3-R-003,2;3,16.67777949674658,-2.5088621133015323,0.6489723131086578
PH-0152,Q3-T-018,爬升,2,4480.856731972466,4480.856731972466,0.29766923866508477,0.29766923866508477,True,False,COM-01440,中继,Q3-R-003,2;3,16.704180026895045,-2.5093882156172356,0.6489723131086578
PH-0152,Q3-T-018,爬升,2,4480.856731972466,4517.785690336052,0.29766923866508477,0.9425769743606168,False,False,COM-01441,中继,Q3-R-003,2;3,16.760452949936692,-2.511563291660849,0.6489723131086578
PH-0152,Q3-T-018,爬升,2,4517.785690336052,4517.785690336052,0.9425769743606168,0.9425769743606168,True,False,COM-01442,中继,Q3-R-003,2;3,16.785010010335284,-2.51469168230156,0.6489723131086578
PH-0152,Q3-T-018,爬升,2,4517.785690336052,4521.073870033045,0.9425769743606168,1.0,False,False,COM-01443,中继,Q3-R-003,0;2;3,16.785635147847472,-2.515016392553406,0.6489723131086578
PH-0152,Q3-T-018,爬升,2,4521.073870033045,4521.073870033045,1.0,1.0,True,False,COM-01444,中继,Q3-R-003,0;2;3,16.786003960247825,-2.5153486433025165,0.6489723131086578
PH-0153,Q3-T-018,巡航,2,4521.073870033045,4522.855820364208,0.0,0.008792025161001443,False,False,COM-01445,中继,Q3-R-003,0;2;3,16.792549194393175,-2.5345689533098295,0.6489723131086578
PH-0153,Q3-T-018,巡航,2,4522.855820364208,4522.855820364208,0.008792025161001443,0.008792025161001443,True,False,COM-01446,中继,Q3-R-003,0;2;3,16.797216028038363,-2.5537596409897105,0.6489723131086578
PH-0153,Q3-T-018,巡航,2,4522.855820364208,4554.359147781317,0.008792025161001443,0.16422736051390868,False,True,COM-01447,直连,,,7.111833744844475,7.111833744844475,
PH-0153,Q3-T-018,巡航,2,4554.359147781317,4554.359147781317,0.16422736051390868,0.16422736051390868,True,False,COM-01448,中继,Q3-R-003,0;2;3,15.858096877472619,-3.213464694817887,0.6489723131086578
PH-0153,Q3-T-018,巡航,2,4554.359147781317,4592.8073367585675,0.16422736051390868,0.35392818380361557,False,False,COM-01449,中继,Q3-R-003,0;2;3,14.607369923557087,-3.598426787705719,0.6489723131086578
PH-0153,Q3-T-018,巡航,2,4592.8073367585675,4592.8073367585675,0.35392818380361557,0.35392818380361557,True,False,COM-01450,中继,Q3-R-003,2;3,13.23238151710656,-3.9705654235105357,0.6489723131086578
PH-0153,Q3-T-018,巡航,2,4592.8073367585675,4638.782925044121,0.35392818380361557,0.5807686977783723,False,False,COM-01451,中继,Q3-R-003,2;3,11.644454934526053,-4.399426319867359,0.6489723131086578
PH-0153,Q3-T-018,巡航,2,4638.782925044121,4638.782925044121,0.5807686977783723,0.5807686977783723,True,False,COM-01452,中继,Q3-R-003,2;3,10.199999999999747,-4.811567733039709,0.6489723131086578
PH-0153,Q3-T-018,巡航,2,4638.782925044121,4692.069306024283,0.5807686977783723,0.8436801797222144,False,False,COM-01453,中继,Q3-R-003,2;3,8.71646749611861,-5.269531737748949,0.6489723131086578
PH-0153,Q3-T-018,巡航,2,4692.069306024283,4692.069306024283,0.8436801797222144,0.8436801797222144,True,False,COM-01454,中继,Q3-R-003,2;3,7.413655179414718,-5.7076615792509955,0.6489723131086578
PH-0153,Q3-T-018,巡航,2,4692.069306024283,4700.9851857978565,0.8436801797222144,0.8876705412552277,False,False,COM-01455,中继,Q3-R-003,2;3,7.211122819493795,-5.779127866355225,0.6489723131086578
PH-0153,Q3-T-018,巡航,2,4700.9851857978565,4700.9851857978565,0.8876705412552277,0.8876705412552277,True,False,COM-01456,中继,Q3-R-003,2;3,7.01264680399521,-5.850082512153605,0.6489723131086578
PH-0153,Q3-T-018,巡航,2,4700.9851857978565,4723.751899102709,0.8876705412552277,1.0,False,False,COM-01457,中继,Q3-R-003,2;3,6.523340860615065,-6.028985105156437,0.6489723131086578
PH-0153,Q3-T-018,巡航,2,4723.751899102709,4723.751899102709,1.0,1.0,True,False,COM-01458,中继,Q3-R-003,2;3,6.057554970538547,-6.204688245886047,0.6489723131086578
PH-0154,Q3-T-018,下降,2,4723.751899102709,4744.837398654228,0.0,0.5497476737848825,False,False,COM-01459,中继,Q3-R-003,2;3,6.057136698856766,-6.203966519262735,0.6489723131086578
PH-0154,Q3-T-018,下降,2,4744.837398654228,4744.837398654228,0.5497476737848825,0.5497476737848825,True,False,COM-01460,中继,Q3-R-003,2;3,6.056099503293439,-6.203337077690264,0.6489723131086578
PH-0154,Q3-T-018,下降,2,4744.837398654228,4745.04859350993,0.5497476737848825,0.5552540114627522,False,False,COM-01461,中继,Q3-R-003,2;3,6.056085985247492,-6.2033312400682235,0.6489723131086578
PH-0154,Q3-T-018,下降,2,4745.04859350993,4745.04859350993,0.5552540114627522,0.5552540114627522,True,False,COM-01462,中继,Q3-R-003,2;3,6.056072405152321,-6.2033254117085335,0.6489723131086578
PH-0154,Q3-T-018,下降,2,4745.04859350993,4762.106767266771,0.5552540114627522,1.0,False,False,COM-01463,中继,Q3-R-004,3,4.188054628054871,-6.202885246250503,1.6126866692443826
PH-0154,Q3-T-018,下降,2,4762.106767266771,4762.106767266771,1.0,1.0,True,False,COM-01464,中继,Q3-R-004,3,4.18380920269351,-6.202505524891052,1.6126866692443826
PH-0155,Q3-T-018,投送交接,2,4762.106767266771,4942.106767266771,0.0,1.0,False,False,COM-01465,中继,Q3-R-004,3,4.18380920269351,-6.202505524891052,1.6126866692443826
PH-0155,Q3-T-018,投送交接,2,4942.106767266771,4942.106767266771,1.0,1.0,True,False,COM-01466,中继,Q3-R-004,3,4.18380920269351,-6.202505524891052,1.6126866692443826
PH-0156,Q3-T-018,爬升,3,4942.106767266771,4956.32191206414,0.0,0.41805424504668126,False,False,COM-01467,中继,Q3-R-004,3,4.188054628054871,-6.202885246250503,1.6126866692443826
PH-0156,Q3-T-018,爬升,3,4956.32191206414,4956.32191206414,0.41805424504668126,0.41805424504668126,True,False,COM-01468,中继,Q3-R-003,2;3,6.056072405152321,-6.2033254117085335,0.6489723131086578
PH-0156,Q3-T-018,爬升,3,4956.32191206414,4956.497907777224,0.41805424504668126,0.4232301159937467,False,False,COM-01469,中继,Q3-R-003,2;3,6.056085985247492,-6.2033312400682235,0.6489723131086578
PH-0156,Q3-T-018,爬升,3,4956.497907777224,4956.497907777224,0.4232301159937467,0.4232301159937467,True,False,COM-01470,中继,Q3-R-003,2;3,6.056099503293439,-6.203337077690264,0.6489723131086578
PH-0156,Q3-T-018,爬升,3,4956.497907777224,4976.109878025235,0.4232301159937467,1.0,False,False,COM-01471,中继,Q3-R-003,2;3,6.057217049296753,-6.204045604650929,0.6489723131086578
PH-0156,Q3-T-018,爬升,3,4976.109878025235,4976.109878025235,1.0,1.0,True,False,COM-01472,中继,Q3-R-003,2;3,6.05756352371759,-6.204869090937848,0.6489723131086578
PH-0157,Q3-T-018,巡航,3,4976.109878025235,5002.833161744944,0.0,0.049615993673703444,False,False,COM-01473,中继,Q3-R-003,2;3,6.518873658333959,-5.98684545876462,0.6489723131086578
PH-0157,Q3-T-018,巡航,3,5002.833161744944,5002.833161744944,0.049615993673703444,0.049615993673703444,True,False,COM-01474,中继,Q3-R-003,2;3,6.9904634745722944,-5.763212731749292,0.6489723131086578
PH-0157,Q3-T-018,巡航,3,5002.833161744944,5026.146787657575,0.049615993673703444,0.09290141951899818,False,False,COM-01475,中继,Q3-R-003,2;3,7.408271037012952,-5.563301464337314,0.6489723131086578
PH-0157,Q3-T-018,巡航,3,5026.146787657575,5026.146787657575,0.09290141951899818,0.09290141951899818,True,False,COM-01476,中继,Q3-R-003,2,7.829423213629752,-5.358684847710435,0.6489723131086578
PH-0157,Q3-T-018,巡航,3,5026.146787657575,5034.137231791059,0.09290141951899818,0.10773694009855261,False,False,COM-01477,中继,Q3-R-003,2,7.973947928397877,-5.287432186725525,0.6489723131086578
PH-0157,Q3-T-018,巡航,3,5034.137231791059,5034.137231791059,0.10773694009855261,0.10773694009855261,True,False,COM-01478,中继,Q3-R-003,2,8.11830068843355,-5.21559075384279,0.6489723131086578
PH-0157,Q3-T-018,巡航,3,5034.137231791059,5044.462460490391,0.10773694009855261,0.126907356698507,False,False,COM-01479,中继,Q3-R-003,2;3,8.304274345315179,-5.121869541347962,0.6489723131086578
PH-0157,Q3-T-018,巡航,3,5044.462460490391,5044.462460490391,0.126907356698507,0.126907356698507,True,False,COM-01480,中继,Q3-R-003,2;3,8.489203408242076,-5.0271270621048245,0.6489723131086578
PH-0157,Q3-T-018,巡航,3,5044.462460490391,5063.6827151402085,0.126907356698507,0.1625927927816859,False,False,COM-01481,中继,Q3-R-003,2,8.82890877937615,-4.847967832940725,0.6489723131086578
PH-0157,Q3-T-018,巡航,3,5063.6827151402085,5063.6827151402085,0.1625927927816859,0.1625927927816859,True,False,COM-01482,中继,Q3-R-003,2,9.15946268362869,-4.665039307965003,0.6489723131086578
PH-0157,Q3-T-018,巡航,3,5063.6827151402085,5098.3838037676305,0.1625927927816859,0.22702084031758815,False,False,COM-01483,中继,Q3-R-003,2;3,9.7182027705299,-4.324699525929674,0.6489723131086578
PH-0157,Q3-T-018,巡航,3,5098.3838037676305,5098.3838037676305,0.22702084031758815,0.22702084031758815,True,False,COM-01484,中继,Q3-R-003,2;3,10.20000000000259,-3.970495769674244,0.6489723131086578
PH-0157,Q3-T-018,巡航,3,5098.3838037676305,5152.65672395315,0.22702084031758815,0.32778708195248735,False,False,COM-01485,中继,Q3-R-003,2;3,10.711739749599872,-3.3858655373228146,0.6489723131086578
PH-0157,Q3-T-018,巡航,3,5152.65672395315,5152.65672395315,0.32778708195248735,0.32778708195248735,True,False,COM-01486,中继,Q3-R-003,2;3,10.825086509570482,-2.759094616335574,0.6489723131086578
PH-0157,Q3-T-018,巡航,3,5152.65672395315,5193.874047982762,0.32778708195248735,0.4043135488998117,False,False,COM-01487,中继,Q3-R-003,0;2;3,10.621428071157226,-2.2509803639308217,0.6489723131086578
PH-0157,Q3-T-018,巡航,3,5193.874047982762,5193.874047982762,0.4043135488998117,0.4043135488998117,True,False,COM-01488,中继,Q3-R-003,0;2;3,10.20000000000006,-1.7113500945006876,0.6489723131086578
PH-0157,Q3-T-018,巡航,3,5193.874047982762,5224.33967805817,0.4043135488998117,0.4608777991970914,False,False,COM-01489,中继,Q3-R-003,0;2;3,9.781842167894098,-1.2898179772272016,0.6489723131086578
PH-0157,Q3-T-018,巡航,3,5224.33967805817,5224.33967805817,0.4608777991970914,0.4608777991970914,True,False,COM-01490,中继,Q3-R-003,0;2;3,9.301109552469555,-0.8468351977706448,0.6489723131086578
PH-0157,Q3-T-018,巡航,3,5224.33967805817,5251.389226957412,0.4608777991970914,0.5110995556675183,False,True,COM-01491,直连,,,9.566296534619099,9.566296534619099,
PH-0157,Q3-T-018,巡航,3,5251.389226957412,5251.389226957412,0.5110995556675183,0.5110995556675183,True,True,COM-01492,直连,,,9.99999999999936,9.99999999999936,
PH-0157,Q3-T-018,巡航,3,5251.389226957412,5320.323427119212,0.5110995556675183,0.639086777410303,False,True,COM-01493,直连,,,11.213978623170576,11.213978623170576,
PH-0157,Q3-T-018,巡航,3,5320.323427119212,5320.323427119212,0.639086777410303,0.639086777410303,True,True,COM-01494,直连,,,12.624617925181582,12.624617925181582,
PH-0157,Q3-T-018,巡航,3,5320.323427119212,5359.832209031154,0.639086777410303,0.7124410662753698,False,True,COM-01495,直连,,,13.549295386221218,13.549295386221218,
PH-0157,Q3-T-018,巡航,3,5359.832209031154,5359.832209031154,0.7124410662753698,0.7124410662753698,True,True,COM-01496,直连,,,14.583346617362722,14.583346617362722,
PH-0157,Q3-T-018,巡航,3,5359.832209031154,5423.5231109065135,0.7124410662753698,0.8306932772560768,False,True,COM-01497,直连,,,16.559139208859847,16.559139208859847,
PH-0157,Q3-T-018,巡航,3,5423.5231109065135,5423.5231109065135,0.8306932772560768,0.8306932772560768,True,True,COM-01498,直连,,,19.108859130510737,19.108859130510737,
PH-0157,Q3-T-018,巡航,3,5423.5231109065135,5514.712085520114,0.8306932772560768,1.0,False,True,COM-01499,直连,,,24.79852975939312,24.79852975939312,
PH-0157,Q3-T-018,巡航,3,5514.712085520114,5514.712085520114,1.0,1.0,True,True,COM-01500,直连,,,34.89404750685925,34.89404750685925,
PH-0158,Q3-T-018,下降,3,5514.712085520114,5579.197975644521,0.0,0.6574575437853204,False,True,COM-01501,直连,,,38.74229099550223,38.74229099550223,
PH-0158,Q3-T-018,下降,3,5579.197975644521,5579.197975644521,0.6574575437853204,0.6574575437853204,True,True,COM-01502,直连,,,45.822907643684474,45.822907643684474,
PH-0158,Q3-T-018,下降,3,5579.197975644521,5590.372558197973,0.6574575437853204,0.7713865534376038,False,True,COM-01503,直连,,,47.961793825275464,47.961793825275464,
PH-0158,Q3-T-018,下降,3,5590.372558197973,5590.372558197973,0.7713865534376038,0.7713865534376038,True,True,COM-01504,直连,,,50.805706205104215,50.805706205104215,
PH-0158,Q3-T-018,下降,3,5590.372558197973,5600.106548336384,0.7713865534376038,0.8706281896355867,False,True,COM-01505,直连,,,54.38121115513651,54.38121115513651,
PH-0158,Q3-T-018,下降,3,5600.106548336384,5600.106548336384,0.8706281896355867,0.8706281896355867,True,True,COM-01506,直连,,,60.56487003084884,60.56487003084884,
PH-0158,Q3-T-018,下降,3,5600.106548336384,5601.272631113724,0.8706281896355867,0.8825168356194056,False,True,COM-01507,直连,,,61.718112298908174,61.718112298908174,
PH-0158,Q3-T-018,下降,3,5601.272631113724,5601.272631113724,0.8825168356194056,0.8825168356194056,True,True,COM-01508,直连,,,63.048260315590724,63.048260315590724,
PH-0158,Q3-T-018,下降,3,5601.272631113724,5612.385602361816,0.8825168356194056,0.9958176951846961,False,True,COM-01509,直连,,,67.82295300936053,67.82295300936053,
PH-0158,Q3-T-018,下降,3,5612.385602361816,5612.385602361816,0.9958176951846961,0.9958176951846961,True,True,COM-01510,直连,,,56.38238674364726,56.38238674364726,
PH-0158,Q3-T-018,下降,3,5612.385602361816,5612.79581843027,0.9958176951846961,1.0,False,True,COM-01511,直连,,,46.15077298410942,46.15077298410942,
PH-0158,Q3-T-018,下降,3,5612.79581843027,5612.79581843027,1.0,1.0,True,True,COM-01512,直连,,,45.92517525248826,45.92517525248826,
PH-0159,Q3-T-019,爬升,1,4049.847358127293,4049.847358127293,0.0,0.0,True,True,COM-01513,直连,,,45.92517525248826,45.92517525248826,
PH-0159,Q3-T-019,爬升,1,4049.847358127293,4050.189204851004,0.0,0.004182304815303889,False,True,COM-01514,直连,,,46.15077298411023,46.15077298411023,
PH-0159,Q3-T-019,爬升,1,4050.189204851004,4050.189204851004,0.004182304815303889,0.004182304815303889,True,True,COM-01515,直连,,,56.38238674364726,56.38238674364726,
PH-0159,Q3-T-019,爬升,1,4050.189204851004,4059.4500142244146,0.004182304815303889,0.11748316438059436,False,True,COM-01516,直连,,,67.8229530093611,67.8229530093611,
PH-0159,Q3-T-019,爬升,1,4059.4500142244146,4059.4500142244146,0.11748316438059436,0.11748316438059436,True,True,COM-01517,直连,,,63.04826031559002,63.04826031559002,
PH-0159,Q3-T-019,爬升,1,4059.4500142244146,4060.4217498721982,0.11748316438059436,0.12937181036441328,False,True,COM-01518,直连,,,61.718112298906036,61.718112298906036,
PH-0159,Q3-T-019,爬升,1,4060.4217498721982,4060.4217498721982,0.12937181036441328,0.12937181036441328,True,True,COM-01519,直连,,,60.564870030848304,60.564870030848304,
PH-0159,Q3-T-019,爬升,1,4060.4217498721982,4068.533408320873,0.12937181036441328,0.22861344656239624,False,True,COM-01520,直连,,,54.381211155136626,54.381211155136626,
PH-0159,Q3-T-019,爬升,1,4068.533408320873,4068.533408320873,0.22861344656239624,0.22861344656239624,True,True,COM-01521,直连,,,50.805706205104315,50.805706205104315,
PH-0159,Q3-T-019,爬升,1,4068.533408320873,4077.845560448751,0.22861344656239624,0.34254245621467966,False,True,COM-01522,直连,,,47.96179382527531,47.96179382527531,
PH-0159,Q3-T-019,爬升,1,4077.845560448751,4077.845560448751,0.34254245621467966,0.34254245621467966,True,True,COM-01523,直连,,,45.822907643684374,45.822907643684374,
PH-0159,Q3-T-019,爬升,1,4077.845560448751,4131.58380221909,0.34254245621467966,1.0,False,True,COM-01524,直连,,,38.74229099550213,38.74229099550213,
PH-0159,Q3-T-019,爬升,1,4131.58380221909,4131.58380221909,1.0,1.0,True,True,COM-01525,直连,,,34.89404750685925,34.89404750685925,
PH-0160,Q3-T-019,巡航,1,4131.58380221909,4245.57002048609,0.0,0.16930672274392142,False,True,COM-01526,直连,,,24.79852975939312,24.79852975939312,
PH-0160,Q3-T-019,巡航,1,4245.57002048609,4245.57002048609,0.16930672274392142,0.16930672274392142,True,True,COM-01527,直连,,,19.108859130510737,19.108859130510737,
PH-0160,Q3-T-019,巡航,1,4245.57002048609,4325.18364783029,0.16930672274392142,0.28755893372463187,False,True,COM-01528,直连,,,16.559139208859847,16.559139208859847,
PH-0160,Q3-T-019,巡航,1,4325.18364783029,4325.18364783029,0.28755893372463187,0.28755893372463187,True,True,COM-01529,直连,,,14.583346617362722,14.583346617362722,
PH-0160,Q3-T-019,巡航,1,4325.18364783029,4374.569625220217,0.28755893372463187,0.3609132225896973,False,True,COM-01530,直连,,,13.549295386221218,13.549295386221218,
PH-0160,Q3-T-019,巡航,1,4374.569625220217,4374.569625220217,0.3609132225896973,0.3609132225896973,True,True,COM-01531,直连,,,12.624617925181582,12.624617925181582,
PH-0160,Q3-T-019,巡航,1,4374.569625220217,4460.737375422467,0.3609132225896973,0.48890044433248164,False,True,COM-01532,直连,,,11.213978623170576,11.213978623170576,
PH-0160,Q3-T-019,巡航,1,4460.737375422467,4460.737375422467,0.48890044433248164,0.48890044433248164,True,True,COM-01533,直连,,,9.99999999999936,9.99999999999936,
PH-0160,Q3-T-019,巡航,1,4460.737375422467,4494.549311546521,0.48890044433248164,0.5391222008029085,False,True,COM-01534,直连,,,9.566296534619099,9.566296534619099,
PH-0160,Q3-T-019,巡航,1,4494.549311546521,4494.549311546521,0.5391222008029085,0.5391222008029085,True,False,COM-01535,中继,Q3-R-003,0;2;3,9.301109552469555,-0.8468351977706448,0.6489723131086578
PH-0160,Q3-T-019,巡航,1,4494.549311546521,4532.63134914078,0.5391222008029085,0.5956864511001884,False,False,COM-01536,中继,Q3-R-003,0;2;3,9.781842167894098,-1.2898179772272016,0.6489723131086578
PH-0160,Q3-T-019,巡航,1,4532.63134914078,4532.63134914078,0.5956864511001884,0.5956864511001884,True,False,COM-01537,中继,Q3-R-003,0;2;3,10.20000000000006,-1.7113500945006876,0.6489723131086578
PH-0160,Q3-T-019,巡航,1,4532.63134914078,4584.153004177796,0.5956864511001884,0.6722129180475126,False,False,COM-01538,中继,Q3-R-003,0;2;3,10.621428071157226,-2.2509803639308217,0.6489723131086578
PH-0160,Q3-T-019,巡航,1,4584.153004177796,4584.153004177796,0.6722129180475126,0.6722129180475126,True,False,COM-01539,中继,Q3-R-003,2;3,10.825086509570482,-2.759094616335574,0.6489723131086578
PH-0160,Q3-T-019,巡航,1,4584.153004177796,4651.994154409695,0.6722129180475126,0.7729791596824117,False,False,COM-01540,中继,Q3-R-003,2;3,10.711739749599872,-3.3858655373228146,0.6489723131086578
PH-0160,Q3-T-019,巡航,1,4651.994154409695,4651.994154409695,0.7729791596824117,0.7729791596824117,True,False,COM-01541,中继,Q3-R-003,2;3,10.20000000000259,-3.970495769674244,0.6489723131086578
PH-0160,Q3-T-019,巡航,1,4651.994154409695,4695.370515193972,0.7729791596824117,0.8374072072183141,False,False,COM-01542,中继,Q3-R-003,2;3,9.7182027705299,-4.324699525929674,0.6489723131086578
PH-0160,Q3-T-019,巡航,1,4695.370515193972,4695.370515193972,0.8374072072183141,0.8374072072183141,True,False,COM-01543,中继,Q3-R-003,2,9.15946268362869,-4.665039307965003,0.6489723131086578
PH-0160,Q3-T-019,巡航,1,4695.370515193972,4700.9851857978565,0.8374072072183141,0.8457468248815968,False,False,COM-01544,中继,Q3-R-003,2,9.08325684271604,-4.708135226045286,0.6489723131086578
PH-0160,Q3-T-019,巡航,1,4700.9851857978565,4700.9851857978565,0.8457468248815968,0.8457468248815968,True,False,COM-01545,中继,Q3-R-003,2,9.006370208271122,-4.7510186069116855,0.6489723131086578
PH-0160,Q3-T-019,巡航,1,4700.9851857978565,4719.395833506244,0.8457468248815968,0.873092643301493,False,False,COM-01546,中继,Q3-R-003,2,8.750189667086886,-4.890168756487768,0.6489723131086578
PH-0160,Q3-T-019,巡航,1,4719.395833506244,4719.395833506244,0.873092643301493,0.873092643301493,True,False,COM-01547,中继,Q3-R-003,2;3,8.489203408242076,-5.0271270621048245,0.6489723131086578
PH-0160,Q3-T-019,巡航,1,4719.395833506244,4732.30236938041,0.873092643301493,0.8922630599014476,False,False,COM-01548,中继,Q3-R-003,2;3,8.304274345315179,-5.121869541347962,0.6489723131086578
PH-0160,Q3-T-019,巡航,1,4732.30236938041,4732.30236938041,0.8922630599014476,0.8922630599014476,True,False,COM-01549,中继,Q3-R-003,2,8.11830068843355,-5.21559075384279,0.6489723131086578
PH-0160,Q3-T-019,巡航,1,4732.30236938041,4742.290424547264,0.8922630599014476,0.9070985804810018,False,False,COM-01550,中继,Q3-R-003,2,7.973947928397877,-5.287432186725525,0.6489723131086578
PH-0160,Q3-T-019,巡航,1,4742.290424547264,4742.290424547264,0.9070985804810018,0.9070985804810018,True,False,COM-01551,中继,Q3-R-003,2,7.829423213629752,-5.358684847710435,0.6489723131086578
PH-0160,Q3-T-019,巡航,1,4742.290424547264,4771.432456938053,0.9070985804810018,0.9503840063262967,False,False,COM-01552,中继,Q3-R-003,2;3,7.408271037012952,-5.563301464337314,0.6489723131086578
PH-0160,Q3-T-019,巡航,1,4771.432456938053,4771.432456938053,0.9503840063262967,0.9503840063262967,True,False,COM-01553,中继,Q3-R-003,2;3,6.9904634745722944,-5.763212731749292,0.6489723131086578
PH-0160,Q3-T-019,巡航,1,4771.432456938053,4804.836561587689,0.9503840063262967,1.0,False,False,COM-01554,中继,Q3-R-003,2;3,6.518873658333959,-5.98684545876462,0.6489723131086578
PH-0160,Q3-T-019,巡航,1,4804.836561587689,4804.836561587689,1.0,1.0,True,False,COM-01555,中继,Q3-R-003,2;3,6.05756352371759,-6.204869090937848,0.6489723131086578
PH-0161,Q3-T-019,下降,1,4804.836561587689,4828.370925885302,0.0,0.5767698840062533,False,False,COM-01556,中继,Q3-R-003,2;3,6.057217049296753,-6.204045604650929,0.6489723131086578
PH-0161,Q3-T-019,下降,1,4828.370925885302,4828.370925885302,0.5767698840062533,0.5767698840062533,True,False,COM-01557,中继,Q3-R-003,2;3,6.056099503293439,-6.203337077690264,0.6489723131086578
PH-0161,Q3-T-019,下降,1,4828.370925885302,4828.582120741004,0.5767698840062533,0.5819457549533187,False,False,COM-01558,中继,Q3-R-003,2;3,6.056085985247492,-6.2033312400682235,0.6489723131086578
PH-0161,Q3-T-019,下降,1,4828.582120741004,4828.582120741004,0.5819457549533187,0.5819457549533187,True,False,COM-01559,中继,Q3-R-003,2;3,6.056072405152321,-6.2033254117085335,0.6489723131086578
PH-0161,Q3-T-019,下降,1,4828.582120741004,4845.640294497845,0.5819457549533187,1.0,False,False,COM-01560,中继,Q3-R-004,3,4.188054628054871,-6.202885246250503,1.6126866692443826
PH-0161,Q3-T-019,下降,1,4845.640294497845,4845.640294497845,1.0,1.0,True,False,COM-01561,中继,Q3-R-004,3,4.18380920269351,-6.202505524891052,1.6126866692443826
PH-0162,Q3-T-019,投送交接,1,4845.640294497845,5055.640294497845,0.0,1.0,False,False,COM-01562,中继,Q3-R-004,3,4.18380920269351,-6.202505524891052,1.6126866692443826
PH-0162,Q3-T-019,投送交接,1,5055.640294497845,5055.640294497845,1.0,1.0,True,False,COM-01563,中继,Q3-R-004,3,4.18380920269351,-6.202505524891052,1.6126866692443826
PH-0163,Q3-T-019,爬升,2,5055.640294497845,5069.855439295214,0.0,0.41805424504668126,False,False,COM-01564,中继,Q3-R-004,3,4.188054628054871,-6.202885246250503,1.6126866692443826
PH-0163,Q3-T-019,爬升,2,5069.855439295214,5069.855439295214,0.41805424504668126,0.41805424504668126,True,False,COM-01565,中继,Q3-R-003,2;3,6.056072405152321,-6.2033254117085335,0.6489723131086578
PH-0163,Q3-T-019,爬升,2,5069.855439295214,5070.031435008298,0.41805424504668126,0.4232301159937467,False,False,COM-01566,中继,Q3-R-003,2;3,6.056085985247492,-6.2033312400682235,0.6489723131086578
PH-0163,Q3-T-019,爬升,2,5070.031435008298,5070.031435008298,0.4232301159937467,0.4232301159937467,True,False,COM-01567,中继,Q3-R-003,2;3,6.056099503293439,-6.203337077690264,0.6489723131086578
PH-0163,Q3-T-019,爬升,2,5070.031435008298,5089.643405256309,0.4232301159937467,1.0,False,False,COM-01568,中继,Q3-R-003,2;3,6.057217049296753,-6.204045604650929,0.6489723131086578
PH-0163,Q3-T-019,爬升,2,5089.643405256309,5089.643405256309,1.0,1.0,True,False,COM-01569,中继,Q3-R-003,2;3,6.05756352371759,-6.204869090937848,0.6489723131086578
PH-0164,Q3-T-019,巡航,2,5089.643405256309,5123.047509905945,0.0,0.049615993673703444,False,False,COM-01570,中继,Q3-R-003,2;3,6.518873658333959,-5.98684545876462,0.6489723131086578
PH-0164,Q3-T-019,巡航,2,5123.047509905945,5123.047509905945,0.049615993673703444,0.049615993673703444,True,False,COM-01571,中继,Q3-R-003,2;3,6.9904634745722944,-5.763212731749292,0.6489723131086578
PH-0164,Q3-T-019,巡航,2,5123.047509905945,5152.1895422967345,0.049615993673703444,0.09290141951899818,False,False,COM-01572,中继,Q3-R-003,2;3,7.408271037012952,-5.563301464337314,0.6489723131086578
PH-0164,Q3-T-019,巡航,2,5152.1895422967345,5152.1895422967345,0.09290141951899818,0.09290141951899818,True,False,COM-01573,中继,Q3-R-003,2,7.829423213629752,-5.358684847710435,0.6489723131086578
PH-0164,Q3-T-019,巡航,2,5152.1895422967345,5162.177597463589,0.09290141951899818,0.10773694009855261,False,False,COM-01574,中继,Q3-R-003,2,7.973947928397877,-5.287432186725525,0.6489723131086578
PH-0164,Q3-T-019,巡航,2,5162.177597463589,5162.177597463589,0.10773694009855261,0.10773694009855261,True,False,COM-01575,中继,Q3-R-003,2,8.11830068843355,-5.21559075384279,0.6489723131086578
PH-0164,Q3-T-019,巡航,2,5162.177597463589,5175.084133337754,0.10773694009855261,0.126907356698507,False,False,COM-01576,中继,Q3-R-003,2;3,8.304274345315179,-5.121869541347962,0.6489723131086578
PH-0164,Q3-T-019,巡航,2,5175.084133337754,5175.084133337754,0.126907356698507,0.126907356698507,True,False,COM-01577,中继,Q3-R-003,2;3,8.489203408242076,-5.0271270621048245,0.6489723131086578
PH-0164,Q3-T-019,巡航,2,5175.084133337754,5199.109451650026,0.126907356698507,0.1625927927816859,False,False,COM-01578,中继,Q3-R-003,2,8.82890877937615,-4.847967832940725,0.6489723131086578
PH-0164,Q3-T-019,巡航,2,5199.109451650026,5199.109451650026,0.1625927927816859,0.1625927927816859,True,False,COM-01579,中继,Q3-R-003,2,9.15946268362869,-4.665039307965003,0.6489723131086578
PH-0164,Q3-T-019,巡航,2,5199.109451650026,5242.485812434304,0.1625927927816859,0.22702084031758815,False,False,COM-01580,中继,Q3-R-003,2;3,9.7182027705299,-4.324699525929674,0.6489723131086578
PH-0164,Q3-T-019,巡航,2,5242.485812434304,5242.485812434304,0.22702084031758815,0.22702084031758815,True,False,COM-01581,中继,Q3-R-003,2;3,10.20000000000259,-3.970495769674244,0.6489723131086578
PH-0164,Q3-T-019,巡航,2,5242.485812434304,5310.326962666202,0.22702084031758815,0.32778708195248735,False,False,COM-01582,中继,Q3-R-003,2;3,10.711739749599872,-3.3858655373228146,0.6489723131086578
PH-0164,Q3-T-019,巡航,2,5310.326962666202,5310.326962666202,0.32778708195248735,0.32778708195248735,True,False,COM-01583,中继,Q3-R-003,2;3,10.825086509570482,-2.759094616335574,0.6489723131086578
PH-0164,Q3-T-019,巡航,2,5310.326962666202,5361.848617703218,0.32778708195248735,0.4043135488998117,False,False,COM-01584,中继,Q3-R-003,0;2;3,10.621428071157226,-2.2509803639308217,0.6489723131086578
PH-0164,Q3-T-019,巡航,2,5361.848617703218,5361.848617703218,0.4043135488998117,0.4043135488998117,True,False,COM-01585,中继,Q3-R-003,0;2;3,10.20000000000006,-1.7113500945006876,0.6489723131086578
PH-0164,Q3-T-019,巡航,2,5361.848617703218,5399.930655297478,0.4043135488998117,0.4608777991970914,False,False,COM-01586,中继,Q3-R-003,0;2;3,9.781842167894098,-1.2898179772272016,0.6489723131086578
PH-0164,Q3-T-019,巡航,2,5399.930655297478,5399.930655297478,0.4608777991970914,0.4608777991970914,True,False,COM-01587,中继,Q3-R-003,0;2;3,9.301109552469555,-0.8468351977706448,0.6489723131086578
PH-0164,Q3-T-019,巡航,2,5399.930655297478,5433.742591421531,0.4608777991970914,0.5110995556675183,False,True,COM-01588,直连,,,9.566296534619099,9.566296534619099,
PH-0164,Q3-T-019,巡航,2,5433.742591421531,5433.742591421531,0.5110995556675183,0.5110995556675183,True,True,COM-01589,直连,,,9.99999999999936,9.99999999999936,
PH-0164,Q3-T-019,巡航,2,5433.742591421531,5519.910341623781,0.5110995556675183,0.639086777410303,False,True,COM-01590,直连,,,11.213978623170576,11.213978623170576,
PH-0164,Q3-T-019,巡航,2,5519.910341623781,5519.910341623781,0.639086777410303,0.639086777410303,True,True,COM-01591,直连,,,12.624617925181582,12.624617925181582,
PH-0164,Q3-T-019,巡航,2,5519.910341623781,5569.296319013709,0.639086777410303,0.7124410662753698,False,True,COM-01592,直连,,,13.549295386221218,13.549295386221218,
PH-0164,Q3-T-019,巡航,2,5569.296319013709,5569.296319013709,0.7124410662753698,0.7124410662753698,True,True,COM-01593,直连,,,14.583346617362722,14.583346617362722,
PH-0164,Q3-T-019,巡航,2,5569.296319013709,5648.909946357908,0.7124410662753698,0.8306932772560768,False,True,COM-01594,直连,,,16.559139208859847,16.559139208859847,
PH-0164,Q3-T-019,巡航,2,5648.909946357908,5648.909946357908,0.8306932772560768,0.8306932772560768,True,True,COM-01595,直连,,,19.108859130510737,19.108859130510737,
PH-0164,Q3-T-019,巡航,2,5648.909946357908,5762.896164624908,0.8306932772560768,1.0,False,True,COM-01596,直连,,,24.79852975939312,24.79852975939312,
PH-0164,Q3-T-019,巡航,2,5762.896164624908,5762.896164624908,1.0,1.0,True,True,COM-01597,直连,,,34.89404750685925,34.89404750685925,
PH-0165,Q3-T-019,下降,2,5762.896164624908,5827.382054749315,0.0,0.6574575437853204,False,True,COM-01598,直连,,,38.74229099550223,38.74229099550223,
PH-0165,Q3-T-019,下降,2,5827.382054749315,5827.382054749315,0.6574575437853204,0.6574575437853204,True,True,COM-01599,直连,,,45.822907643684474,45.822907643684474,
PH-0165,Q3-T-019,下降,2,5827.382054749315,5838.556637302768,0.6574575437853204,0.7713865534376038,False,True,COM-01600,直连,,,47.961793825275464,47.961793825275464,
PH-0165,Q3-T-019,下降,2,5838.556637302768,5838.556637302768,0.7713865534376038,0.7713865534376038,True,True,COM-01601,直连,,,50.805706205104215,50.805706205104215,
PH-0165,Q3-T-019,下降,2,5838.556637302768,5848.290627441178,0.7713865534376038,0.8706281896355867,False,True,COM-01602,直连,,,54.38121115513651,54.38121115513651,
PH-0165,Q3-T-019,下降,2,5848.290627441178,5848.290627441178,0.8706281896355867,0.8706281896355867,True,True,COM-01603,直连,,,60.56487003084884,60.56487003084884,
PH-0165,Q3-T-019,下降,2,5848.290627441178,5849.456710218518,0.8706281896355867,0.8825168356194056,False,True,COM-01604,直连,,,61.718112298908174,61.718112298908174,
PH-0165,Q3-T-019,下降,2,5849.456710218518,5849.456710218518,0.8825168356194056,0.8825168356194056,True,True,COM-01605,直连,,,63.048260315590724,63.048260315590724,
PH-0165,Q3-T-019,下降,2,5849.456710218518,5860.569681466611,0.8825168356194056,0.9958176951846961,False,True,COM-01606,直连,,,67.82295300936053,67.82295300936053,
PH-0165,Q3-T-019,下降,2,5860.569681466611,5860.569681466611,0.9958176951846961,0.9958176951846961,True,True,COM-01607,直连,,,56.38238674364726,56.38238674364726,
PH-0165,Q3-T-019,下降,2,5860.569681466611,5860.979897535064,0.9958176951846961,1.0,False,True,COM-01608,直连,,,46.15077298410942,46.15077298410942,
PH-0165,Q3-T-019,下降,2,5860.979897535064,5860.979897535064,1.0,1.0,True,True,COM-01609,直连,,,45.92517525248826,45.92517525248826,
PH-0166,Q3-T-020,爬升,1,4150.662761989458,4150.662761989458,0.0,0.0,True,True,COM-01610,直连,,,45.92517525248826,45.92517525248826,
PH-0166,Q3-T-020,爬升,1,4150.662761989458,4151.004608713169,0.0,0.002362428921834167,False,True,COM-01611,直连,,,46.15077298411023,46.15077298411023,
PH-0166,Q3-T-020,爬升,1,4151.004608713169,4151.004608713169,0.002362428921834167,0.002362428921834167,True,True,COM-01612,直连,,,46.38238674364662,46.38238674364662,
PH-0166,Q3-T-020,爬升,1,4151.004608713169,4160.26541808658,0.002362428921834167,0.06636188360678993,False,True,COM-01613,直连,,,67.82295300936349,67.82295300936349,
PH-0166,Q3-T-020,爬升,1,4160.26541808658,4160.26541808658,0.06636188360678993,0.06636188360678993,True,True,COM-01614,直连,,,63.04826031558862,63.04826031558862,
PH-0166,Q3-T-020,爬升,1,4160.26541808658,4161.237153734363,0.06636188360678993,0.07307733892483581,False,True,COM-01615,直连,,,61.71811229890599,61.71811229890599,
PH-0166,Q3-T-020,爬升,1,4161.237153734363,4161.237153734363,0.07307733892483581,0.07307733892483581,True,True,COM-01616,直连,,,60.56487003084826,60.56487003084826,
PH-0166,Q3-T-020,爬升,1,4161.237153734363,4169.348812183039,0.07307733892483581,0.12913525960683758,False,True,COM-01617,直连,,,54.3812111551366,54.3812111551366,
PH-0166,Q3-T-020,爬升,1,4169.348812183039,4169.348812183039,0.12913525960683758,0.12913525960683758,True,True,COM-01618,直连,,,50.80570620510396,50.80570620510396,
PH-0166,Q3-T-020,爬升,1,4169.348812183039,4178.660964310916,0.12913525960683758,0.19348953298586244,False,True,COM-01619,直连,,,47.961793825275294,47.961793825275294,
PH-0166,Q3-T-020,爬升,1,4178.660964310916,4178.660964310916,0.19348953298586244,0.19348953298586244,True,True,COM-01620,直连,,,45.822907643684346,45.822907643684346,
PH-0166,Q3-T-020,爬升,1,4178.660964310916,4295.36414138399,0.19348953298586244,1.0,False,True,COM-01621,直连,,,34.376023002706646,34.376023002706646,
PH-0166,Q3-T-020,爬升,1,4295.36414138399,4295.36414138399,1.0,1.0,True,True,COM-01622,直连,,,29.603583756332725,29.603583756332725,
PH-0167,Q3-T-020,巡航,1,4295.36414138399,4354.301365657322,0.0,0.09737425806221428,False,True,COM-01623,直连,,,27.22473712710756,27.22473712710756,
PH-0167,Q3-T-020,巡航,1,4354.301365657322,4354.301365657322,0.09737425806221428,0.09737425806221428,True,True,COM-01624,直连,,,23.673573405482713,23.673573405482713,
PH-0167,Q3-T-020,巡航,1,4354.301365657322,4425.721079193196,0.09737425806221428,0.21537169859859143,False,True,COM-01625,直连,,,20.29726878491934,20.29726878491934,
PH-0167,Q3-T-020,巡航,1,4425.721079193196,4425.721079193196,0.21537169859859143,0.21537169859859143,True,True,COM-01626,直连,,,17.76458470677896,17.76458470677896,
PH-0167,Q3-T-020,巡航,1,4425.721079193196,4603.991264223013,0.21537169859859143,0.5099041815229131,False,True,COM-01627,直连,,,13.426974209513673,13.426974209513673,
PH-0167,Q3-T-020,巡航,1,4603.991264223013,4603.991264223013,0.5099041815229131,0.5099041815229131,True,True,COM-01628,直连,,,10.518743448774913,10.518743448774913,
PH-0167,Q3-T-020,巡航,1,4603.991264223013,4611.724413105811,0.5099041815229131,0.5226806507956239,False,True,COM-01629,直连,,,10.411918825406246,10.411918825406246,
PH-0167,Q3-T-020,巡航,1,4611.724413105811,4611.724413105811,0.5226806507956239,0.5226806507956239,True,True,COM-01630,直连,,,0.30637641727128084,0.30637641727128084,
PH-0167,Q3-T-020,巡航,1,4611.724413105811,4623.215244037158,0.5226806507956239,0.5416654460630281,False,True,COM-01631,直连,,,0.15185293473422234,0.15185293473422234,
PH-0167,Q3-T-020,巡航,1,4623.215244037158,4623.215244037158,0.5416654460630281,0.5416654460630281,True,True,COM-01632,直连,,,1.1795009413617663e-12,1.1795009413617663e-12,
PH-0167,Q3-T-020,巡航,1,4623.215244037158,4674.861219051464,0.5416654460630281,0.6269933277358196,False,False,COM-01633,中继,Q3-R-003,0;2;3,0.9457270215620923,-0.651832420205082,0.6489723131086578
PH-0167,Q3-T-020,巡航,1,4674.861219051464,4674.861219051464,0.6269933277358196,0.6269933277358196,True,False,COM-01634,中继,Q3-R-003,0;2;3,0.7774787009921056,-1.2585497358181215,0.6489723131086578
PH-0167,Q3-T-020,巡航,1,4674.861219051464,4700.9851857978565,0.6269933277358196,0.6701545371571281,False,False,COM-01635,中继,Q3-R-003,2;3,0.6853215558229238,-1.5501501770927604,0.6489723131086578
PH-0167,Q3-T-020,巡航,1,4700.9851857978565,4700.9851857978565,0.6701545371571281,0.6701545371571281,True,False,COM-01636,中继,Q3-R-004,3,9.092209043914579,-1.8323491317579794,1.6126866692443826
PH-0167,Q3-T-020,巡航,1,4700.9851857978565,4749.288797136034,0.6701545371571287,0.7499602689976229,False,False,COM-01637,中继,Q3-R-004,3,8.932120527200468,-2.331309316822953,1.6126866692443826
PH-0167,Q3-T-020,巡航,1,4749.288797136034,4749.288797136034,0.7499602689976229,0.7499602689976229,True,False,COM-01638,中继,Q3-R-004,3,8.639864322207046,-2.80332304080693,1.6126866692443826
PH-0167,Q3-T-020,巡航,1,4749.288797136034,4900.629079430306,0.7499602689976229,1.0,False,False,COM-01639,中继,Q3-R-004,3,7.15937916572048,-4.13589587470284,1.6126866692443826
PH-0167,Q3-T-020,巡航,1,4900.629079430306,4900.629079430306,1.0,1.0,True,False,COM-01640,中继,Q3-R-004,3,5.378310424991369,-5.291626479183876,1.6126866692443826
PH-0168,Q3-T-020,下降,1,4900.629079430306,4962.118800921463,0.0,0.6884077696827319,False,False,COM-01641,中继,Q3-R-004,3,5.372342278072566,-5.286885874458363,1.6126866692443826
PH-0168,Q3-T-020,下降,1,4962.118800921463,4962.118800921463,0.6884077696827319,0.6884077696827319,True,False,COM-01642,中继,Q3-R-004,3,5.361894085586698,-5.283111492061494,1.6126866692443826
PH-0168,Q3-T-020,下降,1,4962.118800921463,4989.950734703743,0.6884077696827319,1.0,False,False,COM-01643,中继,Q3-R-004,3,5.3557003069872735,-5.281721450519768,1.6126866692443826
PH-0168,Q3-T-020,下降,1,4989.950734703743,4989.950734703743,1.0,1.0,True,False,COM-01644,中继,Q3-R-004,3,5.348599024690614,-5.280530077345318,1.6126866692443826
PH-0169,Q3-T-020,投送交接,1,4989.950734703743,5199.950734703743,0.0,1.0,False,False,COM-01645,中继,Q3-R-004,3,5.348599024690614,-5.280530077345318,1.6126866692443826
PH-0169,Q3-T-020,投送交接,1,5199.950734703743,5199.950734703743,1.0,1.0,True,False,COM-01646,中继,Q3-R-004,3,5.348599024690614,-5.280530077345318,1.6126866692443826
PH-0170,Q3-T-020,爬升,2,5199.950734703743,5223.144012855644,0.0,0.4657320159289943,False,False,COM-01647,中继,Q3-R-004,3,5.3557003069872735,-5.281721450519768,1.6126866692443826
PH-0170,Q3-T-020,爬升,2,5223.144012855644,5223.144012855644,0.4657320159289943,0.4657320159289943,True,False,COM-01648,中继,Q3-R-004,3,5.361894085586698,-5.283111492061494,1.6126866692443826
PH-0170,Q3-T-020,爬升,2,5223.144012855644,5249.750356285775,0.4657320159289943,1.0,False,False,COM-01649,中继,Q3-R-004,3,5.367876660234515,-5.284950513658629,1.6126866692443826
PH-0170,Q3-T-020,爬升,2,5249.750356285775,5249.750356285775,1.0,1.0,True,False,COM-01650,中继,Q3-R-004,3,5.37265489237376,-5.2870503929927395,1.6126866692443826
PH-0171,Q3-T-020,巡航,2,5249.750356285775,5303.117525392491,0.0,0.24476919848758788,False,False,COM-01651,中继,Q3-R-004,3,6.217672106038108,-5.053134508213219,1.6126866692443826
PH-0171,Q3-T-020,巡航,2,5303.117525392491,5303.117525392491,0.24476919848758788,0.24476919848758788,True,False,COM-01652,中继,Q3-R-004,3,7.148671349546262,-4.824681415600807,1.6126866692443826
PH-0171,Q3-T-020,巡航,2,5303.117525392491,5308.206805176563,0.24476919848758788,0.26811124481452164,False,False,COM-01653,中继,Q3-R-004,3,7.242558079109486,-4.80323816320481,1.6126866692443826
PH-0171,Q3-T-020,巡航,2,5308.206805176563,5308.206805176563,0.26811124481452164,0.26811124481452164,True,False,COM-01654,中继,Q3-R-004,3,7.337402938957467,-4.781860645322823,1.6126866692443826
PH-0171,Q3-T-020,巡航,2,5308.206805176563,5309.368612921315,0.26811124481452164,0.2734398907824365,False,False,COM-01655,中继,Q3-R-004,3,7.359190834239868,-4.77698984416115,1.6126866692443826
PH-0171,Q3-T-020,巡航,2,5309.368612921315,5309.368612921315,0.2734398907824365,0.2734398907824365,True,False,COM-01656,中继,Q3-R-004,3,7.381029823524585,-4.772122564742432,1.6126866692443826
PH-0171,Q3-T-020,巡航,2,5309.368612921315,5340.077676279301,0.2734398907824365,0.4142873996583205,False,False,COM-01657,中继,Q3-R-004,3,7.977589683956268,-4.644809381042279,1.6126866692443826
PH-0171,Q3-T-020,巡航,2,5340.077676279301,5340.077676279301,0.4142873996583205,0.4142873996583205,True,False,COM-01658,中继,Q3-R-004,3,8.614459015324513,-4.52031250280659,1.6126866692443826
PH-0171,Q3-T-020,巡航,2,5340.077676279301,5374.179099878637,0.4142873996583205,0.570694011839755,False,False,COM-01659,中继,Q3-R-004,3,9.375152260708106,-4.385800317704039,1.6126866692443826
PH-0171,Q3-T-020,巡航,2,5374.179099878637,5374.179099878637,0.570694011839755,0.570694011839755,True,False,COM-01660,中继,Q3-R-004,3,10.200000000001324,-4.255721062439662,1.6126866692443826
PH-0171,Q3-T-020,巡航,2,5374.179099878637,5382.000494449349,0.570694011839755,0.6065669373138439,False,False,COM-01661,中继,Q3-R-004,3,10.399182595567865,-4.226567465659855,1.6126866692443826
PH-0171,Q3-T-020,巡航,2,5382.000494449349,5382.000494449349,0.6065669373138439,0.6065669373138439,True,False,COM-01662,中继,Q3-R-004,3,10.602346109481516,-4.197681955877229,1.6126866692443826
PH-0171,Q3-T-020,巡航,2,5382.000494449349,5387.493726458284,0.6065669373138439,0.6317617156474031,False,False,COM-01663,中继,Q3-R-004,3,10.747480512267728,-4.177558543599929,1.6126866692443826
PH-0171,Q3-T-020,巡航,2,5387.493726458284,5387.493726458284,0.6317617156474031,0.6317617156474031,True,False,COM-01664,中继,Q3-R-004,3,10.894682003796177,-4.15757300446424,1.6126866692443826
PH-0171,Q3-T-020,巡航,2,5387.493726458284,5467.780931360043,0.6317617156474031,1.0,False,False,COM-01665,中继,Q3-R-004,3,13.308273021595653,-3.8827033916887075,1.6126866692443826
PH-0171,Q3-T-020,巡航,2,5467.780931360043,5467.780931360043,1.0,1.0,True,False,COM-01666,中继,Q3-R-004,3,16.23492151852544,-3.6452688922100265,1.6126866692443826
PH-0172,Q3-T-020,下降,2,5467.780931360043,5473.14047725848,0.0,1.0,False,False,COM-01667,中继,Q3-R-004,3,16.22617509981717,-3.6447278758312507,1.6126866692443826
PH-0172,Q3-T-020,下降,2,5473.14047725848,5473.14047725848,1.0,1.0,True,False,COM-01668,中继,Q3-R-004,3,16.21703127135791,-3.6441975540626004,1.6126866692443826
PH-0173,Q3-T-020,投送交接,2,5473.14047725848,5653.14047725848,0.0,1.0,False,False,COM-01669,中继,Q3-R-004,3,16.21703127135791,-3.6441975540626004,1.6126866692443826
PH-0173,Q3-T-020,投送交接,2,5653.14047725848,5653.14047725848,1.0,1.0,True,False,COM-01670,中继,Q3-R-004,3,16.21703127135791,-3.6441975540626004,1.6126866692443826
PH-0174,Q3-T-020,爬升,3,5653.14047725848,5676.998035416962,0.0,0.7355932396653188,False,False,COM-01671,中继,Q3-R-004,3,16.261235663864255,-3.6471543347584543,1.6126866692443826
PH-0174,Q3-T-020,爬升,3,5676.998035416962,5676.998035416962,0.7355932396653188,0.7355932396653188,True,False,COM-01672,中继,Q3-R-004,3,16.293826010678117,-3.6504157552446372,1.6126866692443826
PH-0174,Q3-T-020,爬升,3,5676.998035416962,5685.573562382178,0.7355932396653188,1.0,False,False,COM-01673,中继,Q3-R-004,0;3,16.302648968376275,-3.651662363782904,1.6126866692443826
PH-0174,Q3-T-020,爬升,3,5685.573562382178,5685.573562382178,1.0,1.0,True,False,COM-01674,中继,Q3-R-004,0;3,16.309926696943194,-3.6529482103014885,1.6126866692443826
PH-0175,Q3-T-020,巡航,3,5685.573562382178,5693.603703569496,0.0,0.01603520606073603,False,False,COM-01675,中继,Q3-R-004,0;3,16.69995319763342,-3.5833767832380374,1.6126866692443826
PH-0175,Q3-T-020,巡航,3,5693.603703569496,5693.603703569496,0.01603520606073603,0.01603520606073603,True,False,COM-01676,中继,Q3-R-004,0;3,17.10209614388461,-3.5132464728640116,1.6126866692443826
PH-0175,Q3-T-020,巡航,3,5693.603703569496,5724.76965294876,0.01603520606073603,0.07826978061146296,False,False,COM-01677,中继,Q3-R-004,0;3,18.771541947539262,-3.2355982948460706,1.6126866692443826
PH-0175,Q3-T-020,巡航,3,5724.76965294876,5724.76965294876,0.07826978061146296,0.07826978061146296,True,False,COM-01678,中继,Q3-R-004,0;3,20.54117644902314,-2.948833073674436,1.6126866692443826
PH-0175,Q3-T-020,巡航,3,5724.76965294876,5735.177421845283,0.07826978061146296,0.09905281729727407,False,False,COM-01679,中继,Q3-R-003,0;2;3,3.06286459152048,-2.8509332178869897,0.6489723131086578
PH-0175,Q3-T-020,巡航,3,5735.177421845283,5735.177421845283,0.09905281729727407,0.09905281729727407,True,False,COM-01680,中继,Q3-R-004,0;3,21.641016497039516,-2.751924096868052,1.6126866692443826
PH-0175,Q3-T-020,巡航,3,5735.177421845283,5743.814911581822,0.09905281729727407,0.11630082384436308,False,False,COM-01681,中继,Q3-R-004,0;3,22.029639288639814,-2.6688952779382475,1.6126866692443826
PH-0175,Q3-T-020,巡航,3,5743.814911581822,5743.814911581822,0.11630082384436308,0.11630082384436308,True,False,COM-01682,中继,Q3-R-004,0;3,22.353246380370834,-2.5850701768120246,1.6126866692443826
PH-0175,Q3-T-020,巡航,3,5743.814911581822,5751.930854224609,0.11630082384436308,0.13250736487750805,False,False,COM-01683,中继,Q3-R-003,0;2;3,3.190958878814172,-2.505567299341692,0.6489723131086578
PH-0175,Q3-T-020,巡航,3,5751.930854224609,5751.930854224609,0.13250736487750805,0.13250736487750805,True,False,COM-01684,中继,Q3-R-004,0;3,22.723985620663342,-2.425334810722404,1.6126866692443826
PH-0175,Q3-T-020,巡航,3,5751.930854224609,5771.185537201537,0.13250736487750805,0.1709566028133009,False,False,COM-01685,中继,Q3-R-004,0;3,22.67454631294838,-2.231989281304351,1.6126866692443826
PH-0175,Q3-T-020,巡航,3,5771.185537201537,5771.185537201537,0.1709566028133009,0.1709566028133009,True,False,COM-01686,中继,Q3-R-004,0;3,22.116865539519765,-2.0342729299543407,1.6126866692443826
PH-0175,Q3-T-020,巡航,3,5771.185537201537,5831.6194477916815,0.1709566028133009,0.29163570256556737,False,False,COM-01687,中继,Q3-R-003,0;2;3,3.4611549635388883,-1.3830026450561945,0.6489723131086578
PH-0175,Q3-T-020,巡航,3,5831.6194477916815,5831.6194477916815,0.29163570256556737,0.29163570256556737,True,False,COM-01688,中继,Q3-R-003,0;2;3,3.5297395006289776,-0.6793966530465525,0.6489723131086578
PH-0175,Q3-T-020,巡航,3,5831.6194477916815,5858.584701913465,0.29163570256556737,0.3454820044221054,False,False,COM-01689,中继,Q3-R-003,0;2;3,3.5394677129759486,-0.34626802619781927,0.6489723131086578
PH-0175,Q3-T-020,巡航,3,5858.584701913465,5858.584701913465,0.3454820044221054,0.3454820044221054,True,True,COM-01690,直连,,,-3.268496584496461e-13,-3.268496584496461e-13,
PH-0175,Q3-T-020,巡航,3,5858.584701913465,5912.185698972191,0.3454820044221054,0.4525166147543678,False,True,COM-01691,直连,,,0.7316588765709042,0.7316588765709042,
PH-0175,Q3-T-020,巡航,3,5912.185698972191,5912.185698972191,0.4525166147543678,0.4525166147543678,True,True,COM-01692,直连,,,1.5296451312263173,1.5296451312263173,
PH-0175,Q3-T-020,巡航,3,5912.185698972191,5912.812900926294,0.4525166147543678,0.45376906005279044,False,True,COM-01693,直连,,,11.53942327345655,11.53942327345655,
PH-0175,Q3-T-020,巡航,3,5912.812900926294,5912.812900926294,0.45376906005279044,0.45376906005279044,True,True,COM-01694,直连,,,11.549212252129323,11.549212252129323,
PH-0175,Q3-T-020,巡航,3,5912.812900926294,5956.538904901849,0.45376906005279044,0.5410845215876351,False,True,COM-01695,直连,,,12.259846007622969,12.259846007622969,
PH-0175,Q3-T-020,巡航,3,5956.538904901849,5956.538904901849,0.5410845215876351,0.5410845215876351,True,True,COM-01696,直连,,,13.032474166233484,13.032474166233484,
PH-0175,Q3-T-020,巡航,3,5956.538904901849,6029.423594507273,0.5410845215876351,0.6866262984049112,False,True,COM-01697,直连,,,14.490950361557708,14.490950361557708,
PH-0175,Q3-T-020,巡航,3,6029.423594507273,6029.423594507273,0.6866262984049112,0.6866262984049112,True,True,COM-01698,直连,,,16.23254526082195,16.23254526082195,
PH-0175,Q3-T-020,巡航,3,6029.423594507273,6123.217118048449,0.6866262984049112,0.8739204495364765,False,True,COM-01699,直连,,,19.10463969125246,19.10463969125246,
PH-0175,Q3-T-020,巡航,3,6123.217118048449,6123.217118048449,0.8739204495364765,0.8739204495364765,True,True,COM-01700,直连,,,23.172163757658097,23.172163757658097,
PH-0175,Q3-T-020,巡航,3,6123.217118048449,6166.30574081574,0.8739204495364765,0.9599631390520826,False,True,COM-01701,直连,,,25.620987914429563,25.620987914429563,
PH-0175,Q3-T-020,巡航,3,6166.30574081574,6166.30574081574,0.9599631390520826,0.9599631390520826,True,True,COM-01702,直连,,,28.184490059912847,28.184490059912847,
PH-0175,Q3-T-020,巡航,3,6166.30574081574,6186.355476683869,0.9599631390520826,1.0,False,True,COM-01703,直连,,,29.0602933758514,29.0602933758514,
PH-0175,Q3-T-020,巡航,3,6186.355476683869,6186.355476683869,1.0,1.0,True,True,COM-01704,直连,,,29.396424967151802,29.396424967151802,
PH-0176,Q3-T-020,下降,3,6186.355476683869,6330.397336046556,0.0,0.8108652380103922,False,True,COM-01705,直连,,,34.19630814823206,34.19630814823206,
PH-0176,Q3-T-020,下降,3,6330.397336046556,6330.397336046556,0.8108652380103922,0.8108652380103922,True,True,COM-01706,直连,,,45.822907643684175,45.822907643684175,
PH-0176,Q3-T-020,下降,3,6330.397336046556,6341.57191860001,0.8108652380103922,0.8737711223273767,False,True,COM-01707,直连,,,47.96179382527548,47.96179382527548,
PH-0176,Q3-T-020,下降,3,6341.57191860001,6341.57191860001,0.8737711223273767,0.8737711223273767,True,True,COM-01708,直连,,,50.80570620510423,50.80570620510423,
PH-0176,Q3-T-020,下降,3,6341.57191860001,6351.30590873842,0.8737711223273767,0.9285673757588085,False,True,COM-01709,直连,,,54.38121115513738,54.38121115513738,
PH-0176,Q3-T-020,下降,3,6351.30590873842,6351.30590873842,0.9285673757588085,0.9285673757588085,True,True,COM-01710,直连,,,60.56487003084885,60.56487003084885,
PH-0176,Q3-T-020,下降,3,6351.30590873842,6352.47199151576,0.9285673757588085,0.9351316897226201,False,True,COM-01711,直连,,,61.71811229890628,61.71811229890628,
PH-0176,Q3-T-020,下降,3,6352.47199151576,6352.47199151576,0.9351316897226201,0.9351316897226201,True,True,COM-01712,直连,,,63.04826031559075,63.04826031559075,
PH-0176,Q3-T-020,下降,3,6352.47199151576,6363.584962763853,0.9351316897226201,0.9976907410703135,False,True,COM-01713,直连,,,67.82295300936043,67.82295300936043,
PH-0176,Q3-T-020,下降,3,6363.584962763853,6363.584962763853,0.9976907410703135,0.9976907410703135,True,True,COM-01714,直连,,,56.38238674364726,56.38238674364726,
PH-0176,Q3-T-020,下降,3,6363.584962763853,6363.995178832306,0.9976907410703135,1.0,False,True,COM-01715,直连,,,46.15077298411043,46.15077298411043,
PH-0176,Q3-T-020,下降,3,6363.995178832306,6363.995178832306,1.0,1.0,True,True,COM-01716,直连,,,45.92517525248826,45.92517525248826,
PH-0177,Q3-T-021,爬升,1,4288.83733090177,4288.83733090177,0.0,0.0,True,True,COM-01717,直连,,,45.92517525248826,45.92517525248826,
PH-0177,Q3-T-021,爬升,1,4288.83733090177,4289.17917762548,0.0,0.006195535006854869,False,True,COM-01718,直连,,,46.15077298410904,46.15077298410904,
PH-0177,Q3-T-021,爬升,1,4289.17917762548,4289.17917762548,0.006195535006854869,0.006195535006854869,True,True,COM-01719,直连,,,46.382386743646634,46.382386743646634,
PH-0177,Q3-T-021,爬升,1,4289.17917762548,4298.439986998892,0.006195535006854869,0.1740358701194212,False,True,COM-01720,直连,,,67.82295300935903,67.82295300935903,
PH-0177,Q3-T-021,爬升,1,4298.439986998892,4298.439986998892,0.1740358701194212,0.1740358701194212,True,True,COM-01721,直连,,,63.04826031558842,63.04826031558842,
PH-0177,Q3-T-021,爬升,1,4298.439986998892,4299.411722646675,0.1740358701194212,0.19164733691335997,False,True,COM-01722,直连,,,61.71811229890582,61.71811229890582,
PH-0177,Q3-T-021,爬升,1,4299.411722646675,4299.411722646675,0.19164733691335997,0.19164733691335997,True,True,COM-01723,直连,,,60.56487003084811,60.56487003084811,
PH-0177,Q3-T-021,爬升,1,4299.411722646675,4307.52338109535,0.19164733691335997,0.33866078006372086,False,True,COM-01724,直连,,,54.381211155137464,54.381211155137464,
PH-0177,Q3-T-021,爬升,1,4307.52338109535,4307.52338109535,0.33866078006372086,0.33866078006372086,True,True,COM-01725,直连,,,50.805706205104514,50.805706205104514,
PH-0177,Q3-T-021,爬升,1,4307.52338109535,4316.835533223228,0.33866078006372086,0.5074316369879167,False,True,COM-01726,直连,,,47.961793825275194,47.961793825275194,
PH-0177,Q3-T-021,爬升,1,4316.835533223228,4316.835533223228,0.5074316369879167,0.5074316369879167,True,True,COM-01727,直连,,,45.82290764368426,45.82290764368426,
PH-0177,Q3-T-021,爬升,1,4316.835533223228,4344.013635019608,0.5074316369879167,1.0,False,True,COM-01728,直连,,,41.541719474607845,41.541719474607845,
PH-0177,Q3-T-021,爬升,1,4344.013635019608,4344.013635019608,1.0,1.0,True,True,COM-01729,直连,,,38.686789494765065,38.686789494765065,
PH-0178,Q3-T-021,巡航,1,4344.013635019608,4468.6192931167925,0.0,0.3276139140751597,False,True,COM-01730,直连,,,22.4295019943079,22.4295019943079,
PH-0178,Q3-T-021,巡航,1,4468.6192931167925,4468.6192931167925,0.3276139140751597,0.3276139140751597,True,True,COM-01731,直连,,,16.486705953000282,16.486705953000282,
PH-0178,Q3-T-021,巡航,1,4468.6192931167925,4607.580869770656,0.3276139140751597,0.692972491918556,False,True,COM-01732,直连,,,2.6529666641466463,2.6529666641466463,
PH-0178,Q3-T-021,巡航,1,4607.580869770656,4607.580869770656,0.692972491918556,0.692972491918556,True,True,COM-01733,直连,,,2.2737367544323206e-13,2.2737367544323206e-13,
PH-0178,Q3-T-021,巡航,1,4607.580869770656,4700.9851857978565,0.692972491918556,0.9385516576841908,False,False,COM-01734,中继,Q3-R-003,0;1;2;3,9.30762957849889,-1.4153141186564824,0.6489723131086578
PH-0178,Q3-T-021,巡航,1,4700.9851857978565,4700.9851857978565,0.9385516576841908,0.9385516576841908,True,False,COM-01735,中继,Q3-R-003,0;1;2;3,9.961600732189709,-2.6321700465047684,0.6489723131086578
PH-0178,Q3-T-021,巡航,1,4700.9851857978565,4724.356632504744,0.9385516576841916,1.0,False,False,COM-01736,中继,Q3-R-004,0;1;3,1.2388743016273338,-2.9117540824495336,1.6126866692443826
PH-0178,Q3-T-021,巡航,1,4724.356632504744,4724.356632504744,1.0,1.0,True,False,COM-01737,中继,Q3-R-004,0;1;3,1.0828705403827712,-3.182624572738618,1.6126866692443826
PH-0179,Q3-T-021,下降,1,4724.356632504744,4746.202315209247,0.0,0.8637536963455402,False,False,COM-01738,中继,Q3-R-004,0;1;3,1.0801949707922063,-3.1816641517371806,1.6126866692443826
PH-0179,Q3-T-021,下降,1,4746.202315209247,4746.202315209247,0.8637536963455402,0.8637536963455402,True,False,COM-01739,中继,Q3-R-004,0;1;3,1.0773099284198224,-3.1809024517218063,1.6126866692443826
PH-0179,Q3-T-021,下降,1,4746.202315209247,4749.64819744615,0.8637536963455402,1.0,False,False,COM-01740,中继,Q3-R-004,0;3,1.0768357494527265,-3.1808004554215614,1.6126866692443826
PH-0179,Q3-T-021,下降,1,4749.64819744615,4749.64819744615,1.0,1.0,True,False,COM-01741,中继,Q3-R-004,0;3,1.0763563706291706,-3.1807034065250974,1.6126866692443826
PH-0180,Q3-T-021,投送交接,1,4749.64819744615,4989.64819744615,0.0,1.0,False,False,COM-01742,中继,Q3-R-004,0;3,1.0763563706291706,-3.1807034065250974,1.6126866692443826
PH-0180,Q3-T-021,投送交接,1,4989.64819744615,4989.64819744615,1.0,1.0,True,False,COM-01743,中继,Q3-R-004,0;3,1.0763563706291706,-3.1807034065250974,1.6126866692443826
PH-0181,Q3-T-021,爬升,2,4989.64819744615,4992.519765976903,0.0,0.1362463036544598,False,False,COM-01744,中继,Q3-R-004,0;3,1.0768357494527265,-3.1808004554215614,1.6126866692443826
PH-0181,Q3-T-021,爬升,2,4992.519765976903,4992.519765976903,0.1362463036544598,0.1362463036544598,True,False,COM-01745,中继,Q3-R-004,0;3,1.0773099284198224,-3.1809024517218063,1.6126866692443826
PH-0181,Q3-T-021,爬升,2,4992.519765976903,5010.724501563989,0.1362463036544598,1.0,False,False,COM-01746,中继,Q3-R-004,0;1;3,1.0801949707922063,-3.1816641517371806,1.6126866692443826
PH-0181,Q3-T-021,爬升,2,5010.724501563989,5010.724501563989,1.0,1.0,True,False,COM-01747,中继,Q3-R-004,0;1;3,1.0828705403827712,-3.182624572738618,1.6126866692443826
PH-0182,Q3-T-021,巡航,2,5010.724501563989,5034.095948270877,0.0,0.061448342315808244,False,False,COM-01748,中继,Q3-R-004,0;1;3,1.2388743016273338,-2.9117540824495336,1.6126866692443826
PH-0182,Q3-T-021,巡航,2,5034.095948270877,5034.095948270877,0.061448342315808244,0.061448342315808244,True,False,COM-01749,中继,Q3-R-003,0;1;2;3,9.961600732189709,-2.6321700465047684,0.6489723131086578
PH-0182,Q3-T-021,巡航,2,5034.095948270877,5127.500264298077,0.061448342315808244,0.307027508081444,False,False,COM-01750,中继,Q3-R-003,0;1;2;3,9.30762957849889,-1.4153141186564824,0.6489723131086578
PH-0182,Q3-T-021,巡航,2,5127.500264298077,5127.500264298077,0.307027508081444,0.307027508081444,True,True,COM-01751,直连,,,2.2737367544323206e-13,2.2737367544323206e-13,
PH-0182,Q3-T-021,巡航,2,5127.500264298077,5266.461840951941,0.307027508081444,0.6723860859248403,False,True,COM-01752,直连,,,2.6529666641466463,2.6529666641466463,
PH-0182,Q3-T-021,巡航,2,5266.461840951941,5266.461840951941,0.6723860859248403,0.6723860859248403,True,True,COM-01753,直连,,,16.486705953000282,16.486705953000282,
PH-0182,Q3-T-021,巡航,2,5266.461840951941,5391.067499049125,0.6723860859248403,1.0,False,True,COM-01754,直连,,,22.4295019943079,22.4295019943079,
PH-0182,Q3-T-021,巡航,2,5391.067499049125,5391.067499049125,1.0,1.0,True,True,COM-01755,直连,,,38.686789494765065,38.686789494765065,
PH-0183,Q3-T-021,下降,2,5391.067499049125,5423.681221204782,0.0,0.4925683630120833,False,True,COM-01756,直连,,,41.54171947460782,41.54171947460782,
PH-0183,Q3-T-021,下降,2,5423.681221204782,5423.681221204782,0.4925683630120833,0.4925683630120833,True,True,COM-01757,直连,,,45.8229076436842,45.8229076436842,
PH-0183,Q3-T-021,下降,2,5423.681221204782,5434.855803758235,0.4925683630120833,0.6613392199362791,False,True,COM-01758,直连,,,47.96179382527551,47.96179382527551,
PH-0183,Q3-T-021,下降,2,5434.855803758235,5434.855803758235,0.6613392199362791,0.6613392199362791,True,True,COM-01759,直连,,,50.80570620510427,50.80570620510427,
PH-0183,Q3-T-021,下降,2,5434.855803758235,5444.5897938966455,0.6613392199362791,0.8083526630866401,False,True,COM-01760,直连,,,54.38121115513741,54.38121115513741,
PH-0183,Q3-T-021,下降,2,5444.5897938966455,5444.5897938966455,0.8083526630866401,0.8083526630866401,True,True,COM-01761,直连,,,60.564870030848915,60.564870030848915,
PH-0183,Q3-T-021,下降,2,5444.5897938966455,5445.755876673986,0.8083526630866401,0.8259641298805788,False,True,COM-01762,直连,,,61.71811229890635,61.71811229890635,
PH-0183,Q3-T-021,下降,2,5445.755876673986,5445.755876673986,0.8259641298805788,0.8259641298805788,True,True,COM-01763,直连,,,63.04826031559084,63.04826031559084,
PH-0183,Q3-T-021,下降,2,5445.755876673986,5456.868847922078,0.8259641298805788,0.993804464993145,False,True,COM-01764,直连,,,67.82295300936038,67.82295300936038,
PH-0183,Q3-T-021,下降,2,5456.868847922078,5456.868847922078,0.993804464993145,0.993804464993145,True,True,COM-01765,直连,,,56.38238674364726,56.38238674364726,
PH-0183,Q3-T-021,下降,2,5456.868847922078,5457.2790639905315,0.993804464993145,1.0,False,True,COM-01766,直连,,,46.15077298411043,46.15077298411043,
PH-0183,Q3-T-021,下降,2,5457.2790639905315,5457.2790639905315,1.0,1.0,True,True,COM-01767,直连,,,45.92517525248826,45.92517525248826,
PH-0184,Q3-T-022,爬升,1,4541.996459920166,4541.996459920166,0.0,0.0,True,True,COM-01768,直连,,,45.92517525248826,45.92517525248826,
PH-0184,Q3-T-022,爬升,1,4541.996459920166,4542.406675988619,0.0,0.002362428921834167,False,True,COM-01769,直连,,,46.15077298411046,46.15077298411046,
PH-0184,Q3-T-022,爬升,1,4542.406675988619,4542.406675988619,0.002362428921834167,0.002362428921834167,True,True,COM-01770,直连,,,56.38238674364726,56.38238674364726,
PH-0184,Q3-T-022,爬升,1,4542.406675988619,4553.5196472367115,0.002362428921834167,0.06636188360678993,False,True,COM-01771,直连,,,67.82295300936048,67.82295300936048,
PH-0184,Q3-T-022,爬升,1,4553.5196472367115,4553.5196472367115,0.06636188360678993,0.06636188360678993,True,True,COM-01772,直连,,,63.04826031559075,63.04826031559075,
PH-0184,Q3-T-022,爬升,1,4553.5196472367115,4554.685730014052,0.06636188360678993,0.07307733892483581,False,True,COM-01773,直连,,,61.71811229890628,61.71811229890628,
PH-0184,Q3-T-022,爬升,1,4554.685730014052,4554.685730014052,0.07307733892483581,0.07307733892483581,True,True,COM-01774,直连,,,60.56487003084885,60.56487003084885,
PH-0184,Q3-T-022,爬升,1,4554.685730014052,4564.419720152462,0.07307733892483581,0.12913525960683758,False,True,COM-01775,直连,,,54.381211155137365,54.381211155137365,
PH-0184,Q3-T-022,爬升,1,4564.419720152462,4564.419720152462,0.12913525960683758,0.12913525960683758,True,True,COM-01776,直连,,,50.80570620510423,50.80570620510423,
PH-0184,Q3-T-022,爬升,1,4564.419720152462,4575.594302705916,0.12913525960683758,0.19348953298586244,False,True,COM-01777,直连,,,47.961793825275464,47.961793825275464,
PH-0184,Q3-T-022,爬升,1,4575.594302705916,4575.594302705916,0.19348953298586244,0.19348953298586244,True,True,COM-01778,直连,,,45.822907643684175,45.822907643684175,
PH-0184,Q3-T-022,爬升,1,4575.594302705916,4700.9851857978565,0.19348953298586244,0.9156139730834045,False,True,COM-01779,直连,,,35.068421552393445,35.068421552393445,
PH-0184,Q3-T-022,爬升,1,4700.9851857978565,4700.9851857978565,0.9156139730834045,0.9156139730834045,True,True,COM-01780,直连,,,30.40808458578853,30.40808458578853,
PH-0184,Q3-T-022,爬升,1,4700.9851857978565,4715.638115193603,0.9156139730834045,1.0,False,True,COM-01781,直连,,,29.996523231197557,29.996523231197557,
PH-0184,Q3-T-022,爬升,1,4715.638115193603,4715.638115193603,1.0,1.0,True,True,COM-01782,直连,,,29.603583756332725,29.603583756332725,
PH-0185,Q3-T-022,巡航,1,4715.638115193603,4762.787894612268,0.0,0.09737425806221428,False,True,COM-01783,直连,,,27.22473712710756,27.22473712710756,
PH-0185,Q3-T-022,巡航,1,4762.787894612268,4762.787894612268,0.09737425806221428,0.09737425806221428,True,True,COM-01784,直连,,,23.673573405482713,23.673573405482713,
PH-0185,Q3-T-022,巡航,1,4762.787894612268,4819.923665440968,0.09737425806221428,0.21537169859859143,False,True,COM-01785,直连,,,20.29726878491934,20.29726878491934,
PH-0185,Q3-T-022,巡航,1,4819.923665440968,4819.923665440968,0.21537169859859143,0.21537169859859143,True,True,COM-01786,直连,,,17.76458470677896,17.76458470677896,
PH-0185,Q3-T-022,巡航,1,4819.923665440968,4962.539813464822,0.21537169859859143,0.5099041815229131,False,True,COM-01787,直连,,,13.426974209513673,13.426974209513673,
PH-0185,Q3-T-022,巡航,1,4962.539813464822,4962.539813464822,0.5099041815229131,0.5099041815229131,True,True,COM-01788,直连,,,10.518743448774913,10.518743448774913,
PH-0185,Q3-T-022,巡航,1,4962.539813464822,4968.72633257106,0.5099041815229131,0.5226806507956239,False,True,COM-01789,直连,,,10.411918825406246,10.411918825406246,
PH-0185,Q3-T-022,巡航,1,4968.72633257106,4968.72633257106,0.5226806507956239,0.5226806507956239,True,True,COM-01790,直连,,,0.30637641727128084,0.30637641727128084,
PH-0185,Q3-T-022,巡航,1,4968.72633257106,4977.918997316138,0.5226806507956239,0.5416654460630281,False,True,COM-01791,直连,,,0.15185293473422234,0.15185293473422234,
PH-0185,Q3-T-022,巡航,1,4977.918997316138,4977.918997316138,0.5416654460630281,0.5416654460630281,True,True,COM-01792,直连,,,1.1795009413617663e-12,1.1795009413617663e-12,
PH-0185,Q3-T-022,巡航,1,4977.918997316138,5019.235777327583,0.5416654460630281,0.6269933277358196,False,False,COM-01793,中继,Q3-R-003,0;2;3,0.9457270215620923,-0.651832420205082,0.6489723131086578
PH-0185,Q3-T-022,巡航,1,5019.235777327583,5019.235777327583,0.6269933277358196,0.6269933277358196,True,False,COM-01794,中继,Q3-R-003,0;2;3,0.7774787009921056,-1.2585497358181215,0.6489723131086578
PH-0185,Q3-T-022,巡航,1,5019.235777327583,5040.134950724697,0.6269933277358196,0.6701545371571287,False,False,COM-01795,中继,Q3-R-003,2;3,0.6853215558229238,-1.5501501770927604,0.6489723131086578
PH-0185,Q3-T-022,巡航,1,5040.134950724697,5040.134950724697,0.6701545371571287,0.6701545371571287,True,False,COM-01796,中继,Q3-R-004,3,9.092209043914579,-1.8323491317579794,1.6126866692443826
PH-0185,Q3-T-022,巡航,1,5040.134950724697,5078.777839795239,0.6701545371571287,0.7499602689976229,False,False,COM-01797,中继,Q3-R-004,3,8.932120527200468,-2.331309316822953,1.6126866692443826
PH-0185,Q3-T-022,巡航,1,5078.777839795239,5078.777839795239,0.7499602689976229,0.7499602689976229,True,False,COM-01798,中继,Q3-R-004,3,8.639864322207046,-2.80332304080693,1.6126866692443826
PH-0185,Q3-T-022,巡航,1,5078.777839795239,5199.850065630656,0.7499602689976229,1.0,False,False,COM-01799,中继,Q3-R-004,3,7.15937916572048,-4.13589587470284,1.6126866692443826
PH-0185,Q3-T-022,巡航,1,5199.850065630656,5199.850065630656,1.0,1.0,True,False,COM-01800,中继,Q3-R-004,3,5.378310424991369,-5.291626479183876,1.6126866692443826
PH-0186,Q3-T-022,下降,1,5199.850065630656,5276.712217494603,0.0,0.6884077696827319,False,False,COM-01801,中继,Q3-R-004,3,5.372342278072566,-5.286885874458363,1.6126866692443826
PH-0186,Q3-T-022,下降,1,5276.712217494603,5276.712217494603,0.6884077696827319,0.6884077696827319,True,False,COM-01802,中继,Q3-R-004,3,5.361894085586698,-5.283111492061494,1.6126866692443826
PH-0186,Q3-T-022,下降,1,5276.712217494603,5311.502134722453,0.6884077696827319,1.0,False,False,COM-01803,中继,Q3-R-004,3,5.3557003069872735,-5.281721450519768,1.6126866692443826
PH-0186,Q3-T-022,下降,1,5311.502134722453,5311.502134722453,1.0,1.0,True,False,COM-01804,中继,Q3-R-004,3,5.348599024690614,-5.280530077345318,1.6126866692443826
PH-0187,Q3-T-022,投送交接,1,5311.502134722453,5707.502134722453,0.0,1.0,False,False,COM-01805,中继,Q3-R-004,3,5.348599024690614,-5.280530077345318,1.6126866692443826
PH-0187,Q3-T-022,投送交接,1,5707.502134722453,5707.502134722453,1.0,1.0,True,False,COM-01806,中继,Q3-R-004,3,5.348599024690614,-5.280530077345318,1.6126866692443826
PH-0188,Q3-T-022,爬升,2,5707.502134722453,5735.334068504733,0.0,0.31159223031726807,False,False,COM-01807,中继,Q3-R-004,3,5.3557003069872735,-5.281721450519768,1.6126866692443826
PH-0188,Q3-T-022,爬升,2,5735.334068504733,5735.334068504733,0.31159223031726807,0.31159223031726807,True,False,COM-01808,中继,Q3-R-004,3,5.361894085586698,-5.283111492061494,1.6126866692443826
PH-0188,Q3-T-022,爬升,2,5735.334068504733,5796.82378999589,0.31159223031726807,1.0,False,False,COM-01809,中继,Q3-R-004,3,5.372342278072566,-5.286885874458363,1.6126866692443826
PH-0188,Q3-T-022,爬升,2,5796.82378999589,5796.82378999589,1.0,1.0,True,False,COM-01810,中继,Q3-R-004,3,5.378310424991369,-5.291626479183876,1.6126866692443826
PH-0189,Q3-T-022,巡航,2,5796.82378999589,5917.8960158313075,0.0,0.2500397310023769,False,False,COM-01811,中继,Q3-R-004,3,7.15937916572048,-4.13589587470284,1.6126866692443826
PH-0189,Q3-T-022,巡航,2,5917.8960158313075,5917.8960158313075,0.2500397310023769,0.2500397310023769,True,False,COM-01812,中继,Q3-R-004,3,8.639864322207046,-2.80332304080693,1.6126866692443826
PH-0189,Q3-T-022,巡航,2,5917.8960158313075,5956.538904901849,0.2500397310023769,0.32984546284286925,False,False,COM-01813,中继,Q3-R-004,3,8.932120527200468,-2.331309316822953,1.6126866692443826
PH-0189,Q3-T-022,巡航,2,5956.538904901849,5956.538904901849,0.32984546284286925,0.32984546284286925,True,False,COM-01814,中继,Q3-R-004,3,9.092209043914579,-1.8323491317579794,1.6126866692443826
PH-0189,Q3-T-022,巡航,2,5956.5389049018495,5977.438078298964,0.32984546284287136,0.37300667226418005,False,False,COM-01815,中继,Q3-R-003,2;3,0.6853215558229238,-1.5501501770927604,0.6489723131086578
PH-0189,Q3-T-022,巡航,2,5977.438078298964,5977.438078298964,0.37300667226418005,0.37300667226418005,True,False,COM-01816,中继,Q3-R-003,0;2;3,0.7774787009921056,-1.2585497358181215,0.6489723131086578
PH-0189,Q3-T-022,巡航,2,5977.438078298964,6018.754858310408,0.37300667226418005,0.45833455393697176,False,False,COM-01817,中继,Q3-R-003,0;2;3,0.9457270215620923,-0.651832420205082,0.6489723131086578
PH-0189,Q3-T-022,巡航,2,6018.754858310408,6018.754858310408,0.45833455393697176,0.45833455393697176,True,True,COM-01818,直连,,,1.1795009413617663e-12,1.1795009413617663e-12,
PH-0189,Q3-T-022,巡航,2,6018.754858310408,6027.947523055486,0.45833455393697176,0.4773193492043761,False,True,COM-01819,直连,,,0.15185293473422234,0.15185293473422234,
PH-0189,Q3-T-022,巡航,2,6027.947523055486,6027.947523055486,0.4773193492043761,0.4773193492043761,True,True,COM-01820,直连,,,0.30637641727128084,0.30637641727128084,
PH-0189,Q3-T-022,巡航,2,6027.947523055486,6034.134042161724,0.4773193492043761,0.49009581847708694,False,True,COM-01821,直连,,,10.411918825406246,10.411918825406246,
PH-0189,Q3-T-022,巡航,2,6034.134042161724,6034.134042161724,0.49009581847708694,0.49009581847708694,True,True,COM-01822,直连,,,10.518743448774913,10.518743448774913,
PH-0189,Q3-T-022,巡航,2,6034.134042161724,6166.30574081574,0.49009581847708694,0.7630583063601649,False,True,COM-01823,直连,,,13.178386134627829,13.178386134627829,
PH-0189,Q3-T-022,巡航,2,6166.30574081574,6166.30574081574,0.7630583063601649,0.7630583063601649,True,True,COM-01824,直连,,,16.985229578941116,16.985229578941116,
PH-0189,Q3-T-022,巡航,2,6166.30574081574,6176.7501901855785,0.7630583063601649,0.7846283014014085,False,True,COM-01825,直连,,,17.366724883061522,17.366724883061522,
PH-0189,Q3-T-022,巡航,2,6176.7501901855785,6176.7501901855785,0.7846283014014085,0.7846283014014085,True,True,COM-01826,直连,,,17.76458470677896,17.76458470677896,
PH-0189,Q3-T-022,巡航,2,6176.7501901855785,6233.885961014278,0.7846283014014085,0.902625741937786,False,True,COM-01827,直连,,,20.29726878491934,20.29726878491934,
PH-0189,Q3-T-022,巡航,2,6233.885961014278,6233.885961014278,0.902625741937786,0.902625741937786,True,True,COM-01828,直连,,,23.673573405482713,23.673573405482713,
PH-0189,Q3-T-022,巡航,2,6233.885961014278,6281.035740432943,0.902625741937786,1.0,False,True,COM-01829,直连,,,27.22473712710756,27.22473712710756,
PH-0189,Q3-T-022,巡航,2,6281.035740432943,6281.035740432943,1.0,1.0,True,True,COM-01830,直连,,,29.603583756332725,29.603583756332725,
PH-0190,Q3-T-022,下降,2,6281.035740432943,6456.090506042553,0.0,0.8065104670141376,False,True,COM-01831,直连,,,34.37602300270663,34.37602300270663,
PH-0190,Q3-T-022,下降,2,6456.090506042553,6456.090506042553,0.8065104670141376,0.8065104670141376,True,True,COM-01832,直连,,,45.82290764368429,45.82290764368429,
PH-0190,Q3-T-022,下降,2,6456.090506042553,6470.05873423437,0.8065104670141376,0.8708647403931623,False,True,COM-01833,直连,,,47.96179382527524,47.96179382527524,
PH-0190,Q3-T-022,下降,2,6470.05873423437,6470.05873423437,0.8708647403931623,0.8708647403931623,True,True,COM-01834,直连,,,50.80570620510434,50.80570620510434,
PH-0190,Q3-T-022,下降,2,6470.05873423437,6482.226221907382,0.8708647403931623,0.9269226610751641,False,True,COM-01835,直连,,,54.38121115513687,54.38121115513687,
PH-0190,Q3-T-022,下降,2,6482.226221907382,6482.226221907382,0.9269226610751641,0.9269226610751641,True,True,COM-01836,直连,,,60.56487003084818,60.56487003084818,
PH-0190,Q3-T-022,下降,2,6482.226221907382,6483.683825379057,0.9269226610751641,0.93363811639321,False,True,COM-01837,直连,,,61.71811229890666,61.71811229890666,
PH-0190,Q3-T-022,下降,2,6483.683825379057,6483.683825379057,0.93363811639321,0.93363811639321,True,True,COM-01838,直连,,,63.048260315590305,63.048260315590305,
PH-0190,Q3-T-022,下降,2,6483.683825379057,6497.575039439173,0.93363811639321,0.9976375710781658,False,True,COM-01839,直连,,,67.82295300935888,67.82295300935888,
PH-0190,Q3-T-022,下降,2,6497.575039439173,6497.575039439173,0.9976375710781658,0.9976375710781658,True,True,COM-01840,直连,,,56.38238674364703,56.38238674364703,
PH-0190,Q3-T-022,下降,2,6497.575039439173,6498.08780952474,0.9976375710781658,1.0,False,True,COM-01841,直连,,,46.150772984109835,46.150772984109835,
PH-0190,Q3-T-022,下降,2,6498.08780952474,6498.08780952474,1.0,1.0,True,True,COM-01842,直连,,,45.92517525248826,45.92517525248826,
PH-0191,Q3-T-023,爬升,1,4823.967695364228,4823.967695364228,0.0,0.0,True,True,COM-01843,直连,,,45.92517525248826,45.92517525248826,
PH-0191,Q3-T-023,爬升,1,4823.967695364228,4824.309542087939,0.0,0.0023092589296864864,False,True,COM-01844,直连,,,46.15077298410904,46.15077298410904,
PH-0191,Q3-T-023,爬升,1,4824.309542087939,4824.309542087939,0.0023092589296864864,0.0023092589296864864,True,True,COM-01845,直连,,,46.382386743646634,46.382386743646634,
PH-0191,Q3-T-023,爬升,1,4824.309542087939,4833.570351461351,0.0023092589296864864,0.06486831027737994,False,True,COM-01846,直连,,,67.82295300935891,67.82295300935891,
PH-0191,Q3-T-023,爬升,1,4833.570351461351,4833.570351461351,0.06486831027737994,0.06486831027737994,True,True,COM-01847,直连,,,63.04826031558851,63.04826031558851,
PH-0191,Q3-T-023,爬升,1,4833.570351461351,4834.542087109134,0.06486831027737994,0.07143262424119139,False,True,COM-01848,直连,,,61.71811229890589,61.71811229890589,
PH-0191,Q3-T-023,爬升,1,4834.542087109134,4834.542087109134,0.07143262424119139,0.07143262424119139,True,True,COM-01849,直连,,,60.56487003084818,60.56487003084818,
PH-0191,Q3-T-023,爬升,1,4834.542087109134,4842.653745557808,0.07143262424119139,0.12622887767262328,False,True,COM-01850,直连,,,54.38121115513752,54.38121115513752,
PH-0191,Q3-T-023,爬升,1,4842.653745557808,4842.653745557808,0.12622887767262328,0.12622887767262328,True,True,COM-01851,直连,,,50.805706205104556,50.805706205104556,
PH-0191,Q3-T-023,爬升,1,4842.653745557808,4851.965897685686,0.12622887767262328,0.18913476198960769,False,True,COM-01852,直连,,,47.96179382527524,47.96179382527524,
PH-0191,Q3-T-023,爬升,1,4851.965897685686,4851.965897685686,0.18913476198960769,0.18913476198960769,True,True,COM-01853,直连,,,45.82290764368429,45.82290764368429,
PH-0191,Q3-T-023,爬升,1,4851.965897685686,4972.000780487926,0.18913476198960769,1.0,False,True,COM-01854,直连,,,34.19630814823208,34.19630814823208,
PH-0191,Q3-T-023,爬升,1,4972.000780487926,4972.000780487926,1.0,1.0,True,True,COM-01855,直连,,,29.396424967151802,29.396424967151802,
PH-0192,Q3-T-023,巡航,1,4972.000780487926,5035.139139123346,0.0,0.12607955046352326,False,True,COM-01856,直连,,,26.848499841558976,26.848499841558976,
PH-0192,Q3-T-023,巡航,1,5035.139139123346,5035.139139123346,0.12607955046352326,0.12607955046352326,True,True,COM-01857,直连,,,23.172163757658097,23.172163757658097,
PH-0192,Q3-T-023,巡航,1,5035.139139123346,5128.932662664522,0.12607955046352326,0.3133737015950885,False,True,COM-01858,直连,,,19.10463969125246,19.10463969125246,
PH-0192,Q3-T-023,巡航,1,5128.932662664522,5128.932662664522,0.3133737015950885,0.3133737015950885,True,True,COM-01859,直连,,,16.23254526082195,16.23254526082195,
PH-0192,Q3-T-023,巡航,1,5128.932662664522,5245.543356245501,0.3133737015950885,0.5462309399472094,False,True,COM-01860,直连,,,13.587724917176303,13.587724917176303,
PH-0192,Q3-T-023,巡航,1,5245.543356245501,5245.543356245501,0.5462309399472094,0.5462309399472094,True,True,COM-01861,直连,,,11.549212252129323,11.549212252129323,
PH-0192,Q3-T-023,巡航,1,5245.543356245501,5246.170558199604,0.5462309399472094,0.5474833852456324,False,True,COM-01862,直连,,,11.53942327345655,11.53942327345655,
PH-0192,Q3-T-023,巡航,1,5246.170558199604,5246.170558199604,0.5474833852456324,0.5474833852456324,True,True,COM-01863,直连,,,1.5296451312263173,1.5296451312263173,
PH-0192,Q3-T-023,巡航,1,5246.170558199604,5299.7715552583295,0.5474833852456324,0.6545179955778945,False,True,COM-01864,直连,,,0.7316588765709042,0.7316588765709042,
PH-0192,Q3-T-023,巡航,1,5299.7715552583295,5299.7715552583295,0.6545179955778945,0.6545179955778945,True,True,COM-01865,直连,,,-3.268496584496461e-13,-3.268496584496461e-13,
PH-0192,Q3-T-023,巡航,1,5299.7715552583295,5326.736809380113,0.6545179955778945,0.7083642974344327,False,False,COM-01866,中继,Q3-R-003,0;2;3,3.5394677129759486,-0.34626802619781927,0.6489723131086578
PH-0192,Q3-T-023,巡航,1,5326.736809380113,5326.736809380113,0.7083642974344327,0.7083642974344327,True,False,COM-01867,中继,Q3-R-003,0;2;3,3.5297395006289776,-0.6793966530465525,0.6489723131086578
PH-0192,Q3-T-023,巡航,1,5326.736809380113,5387.170719970258,0.7083642974344327,0.8290433971866991,False,False,COM-01868,中继,Q3-R-003,0;2;3,3.4611549635388883,-1.3830026450561945,0.6489723131086578
PH-0192,Q3-T-023,巡航,1,5387.170719970258,5387.170719970258,0.8290433971866991,0.8290433971866991,True,False,COM-01869,中继,Q3-R-004,0;3,22.116865539519765,-2.0342729299543407,1.6126866692443826
PH-0192,Q3-T-023,巡航,1,5387.170719970258,5406.425402947186,0.8290433971866991,0.867492635122492,False,False,COM-01870,中继,Q3-R-004,0;3,22.67454631294838,-2.231989281304351,1.6126866692443826
PH-0192,Q3-T-023,巡航,1,5406.425402947186,5406.425402947186,0.867492635122492,0.867492635122492,True,False,COM-01871,中继,Q3-R-004,0;3,22.723985620663342,-2.425334810722404,1.6126866692443826
PH-0192,Q3-T-023,巡航,1,5406.425402947186,5414.5413455899725,0.867492635122492,0.883699176155637,False,False,COM-01872,中继,Q3-R-003,0;2;3,3.190958878814172,-2.505567299341692,0.6489723131086578
PH-0192,Q3-T-023,巡航,1,5414.5413455899725,5414.5413455899725,0.883699176155637,0.883699176155637,True,False,COM-01873,中继,Q3-R-004,0;3,22.353246380370834,-2.5850701768120246,1.6126866692443826
PH-0192,Q3-T-023,巡航,1,5414.5413455899725,5423.178835326512,0.883699176155637,0.9009471827027259,False,False,COM-01874,中继,Q3-R-004,0;3,22.029639288639814,-2.6688952779382475,1.6126866692443826
PH-0192,Q3-T-023,巡航,1,5423.178835326512,5423.178835326512,0.9009471827027259,0.9009471827027259,True,False,COM-01875,中继,Q3-R-004,0;3,21.641016497039516,-2.751924096868052,1.6126866692443826
PH-0192,Q3-T-023,巡航,1,5423.178835326512,5433.586604223035,0.9009471827027259,0.9217302193885369,False,False,COM-01876,中继,Q3-R-003,0;2;3,3.06286459152048,-2.8509332178869897,0.6489723131086578
PH-0192,Q3-T-023,巡航,1,5433.586604223035,5433.586604223035,0.9217302193885369,0.9217302193885369,True,False,COM-01877,中继,Q3-R-004,0;3,20.54117644902314,-2.948833073674436,1.6126866692443826
PH-0192,Q3-T-023,巡航,1,5433.586604223035,5464.752553602299,0.9217302193885369,0.983964793939264,False,False,COM-01878,中继,Q3-R-004,0;3,18.771541947539262,-3.2355982948460706,1.6126866692443826
PH-0192,Q3-T-023,巡航,1,5464.752553602299,5464.752553602299,0.983964793939264,0.983964793939264,True,False,COM-01879,中继,Q3-R-004,0;3,17.10209614388461,-3.5132464728640116,1.6126866692443826
PH-0192,Q3-T-023,巡航,1,5464.752553602299,5472.7826947896165,0.983964793939264,1.0,False,False,COM-01880,中继,Q3-R-004,0;3,16.69995319763342,-3.5833767832380374,1.6126866692443826
PH-0192,Q3-T-023,巡航,1,5472.7826947896165,5472.7826947896165,1.0,1.0,True,False,COM-01881,中继,Q3-R-004,0;3,16.309926696943194,-3.6529482103014885,1.6126866692443826
PH-0193,Q3-T-023,下降,1,5472.7826947896165,5483.073327147876,0.0,0.2644067603346812,False,False,COM-01882,中继,Q3-R-004,0;3,16.302648968376275,-3.651662363782904,1.6126866692443826
PH-0193,Q3-T-023,下降,1,5483.073327147876,5483.073327147876,0.2644067603346812,0.2644067603346812,True,False,COM-01883,中继,Q3-R-004,3,16.293826010678117,-3.6504157552446372,1.6126866692443826
PH-0193,Q3-T-023,下降,1,5483.073327147876,5511.702396938054,0.2644067603346812,1.0,False,False,COM-01884,中继,Q3-R-004,3,16.261235663864255,-3.6471543347584543,1.6126866692443826
PH-0193,Q3-T-023,下降,1,5511.702396938054,5511.702396938054,1.0,1.0,True,False,COM-01885,中继,Q3-R-004,3,16.21703127135791,-3.6441975540626004,1.6126866692443826
PH-0194,Q3-T-023,投送交接,1,5511.702396938054,5721.702396938054,0.0,1.0,False,False,COM-01886,中继,Q3-R-004,3,16.21703127135791,-3.6441975540626004,1.6126866692443826
PH-0194,Q3-T-023,投送交接,1,5721.702396938054,5721.702396938054,1.0,1.0,True,False,COM-01887,中继,Q3-R-004,3,16.21703127135791,-3.6441975540626004,1.6126866692443826
PH-0195,Q3-T-023,爬升,2,5721.702396938054,5745.559955096536,0.0,0.7355932396653188,False,False,COM-01888,中继,Q3-R-004,3,16.261235663864255,-3.6471543347584543,1.6126866692443826
PH-0195,Q3-T-023,爬升,2,5745.559955096536,5745.559955096536,0.7355932396653188,0.7355932396653188,True,False,COM-01889,中继,Q3-R-004,3,16.293826010678117,-3.6504157552446372,1.6126866692443826
PH-0195,Q3-T-023,爬升,2,5745.559955096536,5754.135482061753,0.7355932396653188,1.0,False,False,COM-01890,中继,Q3-R-004,0;3,16.302648968376275,-3.651662363782904,1.6126866692443826
PH-0195,Q3-T-023,爬升,2,5754.135482061753,5754.135482061753,1.0,1.0,True,False,COM-01891,中继,Q3-R-004,0;3,16.309926696943194,-3.6529482103014885,1.6126866692443826
PH-0196,Q3-T-023,巡航,2,5754.135482061753,5762.16562324907,0.0,0.01603520606073603,False,False,COM-01892,中继,Q3-R-004,0;3,16.69995319763342,-3.5833767832380374,1.6126866692443826
PH-0196,Q3-T-023,巡航,2,5762.16562324907,5762.16562324907,0.01603520606073603,0.01603520606073603,True,False,COM-01893,中继,Q3-R-004,0;3,17.10209614388461,-3.5132464728640116,1.6126866692443826
PH-0196,Q3-T-023,巡航,2,5762.16562324907,5793.3315726283345,0.01603520606073603,0.07826978061146296,False,False,COM-01894,中继,Q3-R-004,0;3,18.771541947539262,-3.2355982948460706,1.6126866692443826
PH-0196,Q3-T-023,巡航,2,5793.3315726283345,5793.3315726283345,0.07826978061146296,0.07826978061146296,True,False,COM-01895,中继,Q3-R-004,0;3,20.54117644902314,-2.948833073674436,1.6126866692443826
PH-0196,Q3-T-023,巡航,2,5793.3315726283345,5803.739341524857,0.07826978061146296,0.09905281729727407,False,False,COM-01896,中继,Q3-R-003,0;2;3,3.06286459152048,-2.8509332178869897,0.6489723131086578
PH-0196,Q3-T-023,巡航,2,5803.739341524857,5803.739341524857,0.09905281729727407,0.09905281729727407,True,False,COM-01897,中继,Q3-R-004,0;3,21.641016497039516,-2.751924096868052,1.6126866692443826
PH-0196,Q3-T-023,巡航,2,5803.739341524857,5812.376831261397,0.09905281729727407,0.11630082384436308,False,False,COM-01898,中继,Q3-R-004,0;3,22.029639288639814,-2.6688952779382475,1.6126866692443826
PH-0196,Q3-T-023,巡航,2,5812.376831261397,5812.376831261397,0.11630082384436308,0.11630082384436308,True,False,COM-01899,中继,Q3-R-004,0;3,22.353246380370834,-2.5850701768120246,1.6126866692443826
PH-0196,Q3-T-023,巡航,2,5812.376831261397,5820.492773904183,0.11630082384436308,0.13250736487750805,False,False,COM-01900,中继,Q3-R-003,0;2;3,3.190958878814172,-2.505567299341692,0.6489723131086578
PH-0196,Q3-T-023,巡航,2,5820.492773904183,5820.492773904183,0.13250736487750805,0.13250736487750805,True,False,COM-01901,中继,Q3-R-004,0;3,22.723985620663342,-2.425334810722404,1.6126866692443826
PH-0196,Q3-T-023,巡航,2,5820.492773904183,5839.747456881111,0.13250736487750805,0.1709566028133009,False,False,COM-01902,中继,Q3-R-004,0;3,22.67454631294838,-2.231989281304351,1.6126866692443826
PH-0196,Q3-T-023,巡航,2,5839.747456881111,5839.747456881111,0.1709566028133009,0.1709566028133009,True,False,COM-01903,中继,Q3-R-004,0;3,22.116865539519765,-2.0342729299543407,1.6126866692443826
PH-0196,Q3-T-023,巡航,2,5839.747456881111,5900.181367471256,0.1709566028133009,0.29163570256556737,False,False,COM-01904,中继,Q3-R-003,0;2;3,3.4611549635388883,-1.3830026450561945,0.6489723131086578
PH-0196,Q3-T-023,巡航,2,5900.181367471256,5900.181367471256,0.29163570256556737,0.29163570256556737,True,False,COM-01905,中继,Q3-R-003,0;2;3,3.5297395006289776,-0.6793966530465525,0.6489723131086578
PH-0196,Q3-T-023,巡航,2,5900.181367471256,5927.1466215930395,0.29163570256556737,0.3454820044221054,False,False,COM-01906,中继,Q3-R-003,0;2;3,3.5394677129759486,-0.34626802619781927,0.6489723131086578
PH-0196,Q3-T-023,巡航,2,5927.1466215930395,5927.1466215930395,0.3454820044221054,0.3454820044221054,True,True,COM-01907,直连,,,-3.268496584496461e-13,-3.268496584496461e-13,
PH-0196,Q3-T-023,巡航,2,5927.1466215930395,5956.538904901849,0.3454820044221054,0.40417478558972153,False,True,COM-01908,直连,,,0.3936544376866493,0.3936544376866493,
PH-0196,Q3-T-023,巡航,2,5956.538904901849,5956.538904901849,0.40417478558972153,0.40417478558972153,True,True,COM-01909,直连,,,0.8057503504010697,0.8057503504010697,
PH-0196,Q3-T-023,巡航,2,5956.538904901849,5980.747618651765,0.40417478558972153,0.4525166147543678,False,True,COM-01910,直连,,,1.1602736079236138,1.1602736079236138,
PH-0196,Q3-T-023,巡航,2,5980.747618651765,5980.747618651765,0.4525166147543678,0.4525166147543678,True,True,COM-01911,直连,,,1.5296451312263173,1.5296451312263173,
PH-0196,Q3-T-023,巡航,2,5980.747618651765,5981.374820605868,0.4525166147543678,0.45376906005279044,False,True,COM-01912,直连,,,11.53942327345655,11.53942327345655,
PH-0196,Q3-T-023,巡航,2,5981.374820605868,5981.374820605868,0.45376906005279044,0.45376906005279044,True,True,COM-01913,直连,,,11.549212252129323,11.549212252129323,
PH-0196,Q3-T-023,巡航,2,5981.374820605868,6097.9855141868475,0.45376906005279044,0.6866262984049112,False,True,COM-01914,直连,,,13.587724917176303,13.587724917176303,
PH-0196,Q3-T-023,巡航,2,6097.9855141868475,6097.9855141868475,0.6866262984049112,0.6866262984049112,True,True,COM-01915,直连,,,16.23254526082195,16.23254526082195,
PH-0196,Q3-T-023,巡航,2,6097.9855141868475,6166.30574081574,0.6866262984049112,0.8230534030541691,False,True,COM-01916,直连,,,18.23392370683905,18.23392370683905,
PH-0196,Q3-T-023,巡航,2,6166.30574081574,6166.30574081574,0.8230534030541691,0.8230534030541691,True,True,COM-01917,直连,,,20.770756833950117,20.770756833950117,
PH-0196,Q3-T-023,巡航,2,6166.30574081574,6191.7790377280235,0.8230534030541691,0.8739204495364765,False,True,COM-01918,直连,,,21.906966974971354,21.906966974971354,
PH-0196,Q3-T-023,巡航,2,6191.7790377280235,6191.7790377280235,0.8739204495364765,0.8739204495364765,True,True,COM-01919,直连,,,23.172163757658097,23.172163757658097,
PH-0196,Q3-T-023,巡航,2,6191.7790377280235,6254.917396363443,0.8739204495364765,1.0,False,True,COM-01920,直连,,,26.848499841558976,26.848499841558976,
PH-0196,Q3-T-023,巡航,2,6254.917396363443,6254.917396363443,1.0,1.0,True,True,COM-01921,直连,,,29.396424967151802,29.396424967151802,
PH-0197,Q3-T-023,下降,2,6254.917396363443,6398.95925572613,0.0,0.8108652380103922,False,True,COM-01922,直连,,,34.19630814823206,34.19630814823206,
PH-0197,Q3-T-023,下降,2,6398.95925572613,6398.95925572613,0.8108652380103922,0.8108652380103922,True,True,COM-01923,直连,,,45.822907643684175,45.822907643684175,
PH-0197,Q3-T-023,下降,2,6398.95925572613,6410.133838279584,0.8108652380103922,0.8737711223273767,False,True,COM-01924,直连,,,47.96179382527548,47.96179382527548,
PH-0197,Q3-T-023,下降,2,6410.133838279584,6410.133838279584,0.8737711223273767,0.8737711223273767,True,True,COM-01925,直连,,,50.80570620510423,50.80570620510423,
PH-0197,Q3-T-023,下降,2,6410.133838279584,6419.867828417994,0.8737711223273767,0.9285673757588085,False,True,COM-01926,直连,,,54.38121115513738,54.38121115513738,
PH-0197,Q3-T-023,下降,2,6419.867828417994,6419.867828417994,0.9285673757588085,0.9285673757588085,True,True,COM-01927,直连,,,60.56487003084885,60.56487003084885,
PH-0197,Q3-T-023,下降,2,6419.867828417994,6421.033911195334,0.9285673757588085,0.9351316897226201,False,True,COM-01928,直连,,,61.71811229890628,61.71811229890628,
PH-0197,Q3-T-023,下降,2,6421.033911195334,6421.033911195334,0.9351316897226201,0.9351316897226201,True,True,COM-01929,直连,,,63.04826031559075,63.04826031559075,
PH-0197,Q3-T-023,下降,2,6421.033911195334,6432.146882443427,0.9351316897226201,0.9976907410703135,False,True,COM-01930,直连,,,67.82295300936043,67.82295300936043,
PH-0197,Q3-T-023,下降,2,6432.146882443427,6432.146882443427,0.9976907410703135,0.9976907410703135,True,True,COM-01931,直连,,,56.38238674364726,56.38238674364726,
PH-0197,Q3-T-023,下降,2,6432.146882443427,6432.55709851188,0.9976907410703135,1.0,False,True,COM-01932,直连,,,46.15077298411043,46.15077298411043,
PH-0197,Q3-T-023,下降,2,6432.55709851188,6432.55709851188,1.0,1.0,True,True,COM-01933,直连,,,45.92517525248826,45.92517525248826,
PH-0198,Q3-T-024,爬升,1,5197.945123347221,5197.945123347221,0.0,0.0,True,True,COM-01934,直连,,,45.92517525248826,45.92517525248826,
PH-0198,Q3-T-024,爬升,1,5197.945123347221,5198.355339415674,0.0,0.005160966155338672,False,True,COM-01935,直连,,,46.15077298410942,46.15077298410942,
PH-0198,Q3-T-024,爬升,1,5198.355339415674,5198.355339415674,0.005160966155338672,0.005160966155338672,True,True,COM-01936,直连,,,56.38238674364726,56.38238674364726,
PH-0198,Q3-T-024,爬升,1,5198.355339415674,5209.468310663768,0.005160966155338672,0.1449742813990188,False,True,COM-01937,直连,,,67.82295300936033,67.82295300936033,
PH-0198,Q3-T-024,爬升,1,5209.468310663768,5209.468310663768,0.1449742813990188,0.1449742813990188,True,True,COM-01938,直连,,,63.048260315588706,63.048260315588706,
PH-0198,Q3-T-024,爬升,1,5209.468310663768,5210.634393441108,0.1449742813990188,0.1596448762659389,False,True,COM-01939,直连,,,61.71811229890452,61.71811229890452,
PH-0198,Q3-T-024,爬升,1,5210.634393441108,5210.634393441108,0.1596448762659389,0.1596448762659389,True,True,COM-01940,直连,,,60.56487003084734,60.56487003084734,
PH-0198,Q3-T-024,爬升,1,5210.634393441108,5220.368383579517,0.1596448762659389,0.282109103106614,False,True,COM-01941,直连,,,54.38121115513664,54.38121115513664,
PH-0198,Q3-T-024,爬升,1,5220.368383579517,5220.368383579517,0.282109103106614,0.282109103106614,True,True,COM-01942,直连,,,50.805706205104315,50.805706205104315,
PH-0198,Q3-T-024,爬升,1,5220.368383579517,5231.542966132971,0.282109103106614,0.42269755586001867,False,True,COM-01943,直连,,,47.96179382527515,47.96179382527515,
PH-0198,Q3-T-024,爬升,1,5231.542966132971,5231.542966132971,0.42269755586001867,0.42269755586001867,True,True,COM-01944,直连,,,45.82290764368426,45.82290764368426,
PH-0198,Q3-T-024,爬升,1,5231.542966132971,5277.429478815971,0.42269755586001867,1.0,False,True,COM-01945,直连,,,40.26478287358921,40.26478287358921,
PH-0198,Q3-T-024,爬升,1,5277.429478815971,5277.429478815971,1.0,1.0,True,True,COM-01946,直连,,,36.90275487714975,36.90275487714975,
PH-0199,Q3-T-024,巡航,1,5277.429478815971,5517.159631138552,0.0,0.6809732911058279,False,True,COM-01947,直连,,,16.807423283516925,16.807423283516925,
PH-0199,Q3-T-024,巡航,1,5517.159631138552,5517.159631138552,0.6809732911058279,0.6809732911058279,True,True,COM-01948,直连,,,10.818805733526602,10.818805733526602,
PH-0199,Q3-T-024,巡航,1,5517.159631138552,5528.546937701526,0.6809732911058279,0.7133198755963149,False,True,COM-01949,直连,,,10.615415977752363,10.615415977752363,
PH-0199,Q3-T-024,巡航,1,5528.546937701526,5528.546937701526,0.7133198755963149,0.7133198755963149,True,True,COM-01950,直连,,,10.416669329587734,10.416669329587734,
PH-0199,Q3-T-024,巡航,1,5528.546937701526,5540.913987165479,0.7133198755963149,0.7484495006899659,False,True,COM-01951,直连,,,0.20584176564561574,0.20584176564561574,
PH-0199,Q3-T-024,巡航,1,5540.913987165479,5540.913987165479,0.7484495006899659,0.7484495006899659,True,True,COM-01952,直连,,,4.121147867408581e-13,4.121147867408581e-13,
PH-0199,Q3-T-024,巡航,1,5540.913987165479,5543.122989717467,0.7484495006899659,0.7547243548262323,False,False,COM-01953,中继,Q3-R-003,0;2;3,10.132066649173566,-0.036260468166730675,0.6489723131086578
PH-0199,Q3-T-024,巡航,1,5543.122989717467,5543.122989717467,0.7547243548262323,0.7547243548262323,True,False,COM-01954,中继,Q3-R-003,0;2;3,10.20000000000067,-0.07237049538358065,0.6489723131086578
PH-0199,Q3-T-024,巡航,1,5543.122989717467,5609.463714267939,0.7547243548262323,0.943170660365182,False,False,COM-01955,中继,Q3-R-003,0;2;3,12.457254919049333,-1.0923923790210068,0.6489723131086578
PH-0199,Q3-T-024,巡航,1,5609.463714267939,5609.463714267939,0.943170660365182,0.943170660365182,True,False,COM-01956,中继,Q3-R-003,2;3,15.13221836201609,-2.0052730626765083,0.6489723131086578
PH-0199,Q3-T-024,巡航,1,5609.463714267939,5629.469941274175,0.943170660365182,1.0,False,False,COM-01957,中继,Q3-R-003,2;3,15.973890619548072,-2.26276451100955,0.6489723131086578
PH-0199,Q3-T-024,巡航,1,5629.469941274175,5629.469941274175,1.0,1.0,True,False,COM-01958,中继,Q3-R-003,2;3,16.775455676094523,-2.5128506814345712,0.6489723131086578
PH-0200,Q3-T-024,下降,1,5629.469941274175,5669.607507495902,0.0,0.6108712394746583,False,False,COM-01959,中继,Q3-R-003,2;3,16.748079703578767,-2.510869061785442,0.6489723131086578
PH-0200,Q3-T-024,下降,1,5669.607507495902,5669.607507495902,0.6108712394746583,0.6108712394746583,True,False,COM-01960,中继,Q3-R-003,2;3,16.704180026895045,-2.5093882156172356,0.6489723131086578
PH-0200,Q3-T-024,下降,1,5669.607507495902,5688.60339046821,0.6108712394746583,0.8999779210334373,False,False,COM-01961,中继,Q3-R-003,2;3,16.67777949674658,-2.5088621133015323,0.6489723131086578
PH-0200,Q3-T-024,下降,1,5688.60339046821,5688.60339046821,0.8999779210334373,0.8999779210334373,True,False,COM-01962,中继,Q3-R-003,2;3,16.647852739593986,-2.508448334367557,0.6489723131086578
PH-0200,Q3-T-024,下降,1,5688.60339046821,5695.175385610112,0.8999779210334373,1.0,False,False,COM-01963,中继,Q3-R-003,2;3,6.636691146690183,-2.5083313380993957,0.6489723131086578
PH-0200,Q3-T-024,下降,1,5695.175385610112,5695.175385610112,1.0,1.0,True,False,COM-01964,中继,Q3-R-003,2;3,6.625119468658468,-2.508227791369876,0.6489723131086578
PH-0201,Q3-T-024,投送交接,1,5695.175385610112,5956.538904901849,0.0,0.8066775286781985,False,False,COM-01965,中继,Q3-R-003,2;3,6.625119468658468,-2.508227791369876,0.6489723131086578
PH-0201,Q3-T-024,投送交接,1,5956.538904901849,5956.538904901849,0.8066775286781985,0.8066775286781985,True,False,COM-01966,中继,Q3-R-003,2;3,6.625119468658468,-2.508227791369876,0.6489723131086578
PH-0201,Q3-T-024,投送交接,1,5956.538904901849,6019.175385610112,0.8066775286781985,1.0,False,False,COM-01967,中继,Q3-R-003,2;3,6.625119468658468,-2.508227791369876,0.6489723131086578
PH-0201,Q3-T-024,投送交接,1,6019.175385610112,6019.175385610112,1.0,1.0,True,False,COM-01968,中继,Q3-R-003,2;3,6.625119468658468,-2.508227791369876,0.6489723131086578
PH-0202,Q3-T-024,爬升,2,6019.175385610112,6024.432981723634,0.0,0.10002207896656277,False,False,COM-01969,中继,Q3-R-003,2;3,6.636691146690168,-2.5083313380993957,0.6489723131086578
PH-0202,Q3-T-024,爬升,2,6024.432981723634,6024.432981723634,0.10002207896656277,0.10002207896656277,True,False,COM-01970,中继,Q3-R-003,2;3,6.647852739593986,-2.508448334367557,0.6489723131086578
PH-0202,Q3-T-024,爬升,2,6024.432981723634,6039.6296881014805,0.10002207896656277,0.3891287605253418,False,False,COM-01971,中继,Q3-R-003,2;3,16.67777949674658,-2.5088621133015323,0.6489723131086578
PH-0202,Q3-T-024,爬升,2,6039.6296881014805,6039.6296881014805,0.3891287605253418,0.3891287605253418,True,False,COM-01972,中继,Q3-R-003,2;3,16.704180026895045,-2.5093882156172356,0.6489723131086578
PH-0202,Q3-T-024,爬升,2,6039.6296881014805,6071.739741078863,0.3891287605253418,1.0,False,False,COM-01973,中继,Q3-R-003,2;3,16.748079703578767,-2.510869061785442,0.6489723131086578
PH-0202,Q3-T-024,爬升,2,6071.739741078863,6071.739741078863,1.0,1.0,True,False,COM-01974,中继,Q3-R-003,2;3,16.775455676094523,-2.5128506814345712,0.6489723131086578
PH-0203,Q3-T-024,巡航,2,6071.739741078863,6091.745968085098,0.0,0.056829339634817795,False,False,COM-01975,中继,Q3-R-003,2;3,15.973890619548072,-2.26276451100955,0.6489723131086578
PH-0203,Q3-T-024,巡航,2,6091.745968085098,6091.745968085098,0.056829339634817795,0.056829339634817795,True,False,COM-01976,中继,Q3-R-003,2;3,15.13221836201609,-2.0052730626765083,0.6489723131086578
PH-0203,Q3-T-024,巡航,2,6091.745968085098,6158.08669263557,0.056829339634817795,0.24527564517376804,False,False,COM-01977,中继,Q3-R-003,0;2;3,12.457254919049333,-1.0923923790210068,0.6489723131086578
PH-0203,Q3-T-024,巡航,2,6158.08669263557,6158.08669263557,0.24527564517376804,0.24527564517376804,True,False,COM-01978,中继,Q3-R-003,0;2;3,10.20000000000067,-0.07237049538358065,0.6489723131086578
PH-0203,Q3-T-024,巡航,2,6158.08669263557,6160.295695187559,0.24527564517376804,0.25155049931003415,False,False,COM-01979,中继,Q3-R-003,0;2;3,10.132066649173566,-0.036260468166730675,0.6489723131086578
PH-0203,Q3-T-024,巡航,2,6160.295695187559,6160.295695187559,0.25155049931003415,0.25155049931003415,True,True,COM-01980,直连,,,4.121147867408581e-13,4.121147867408581e-13,
PH-0203,Q3-T-024,巡航,2,6160.295695187559,6166.30574081574,0.25155049931003415,0.2686225301391457,False,True,COM-01981,直连,,,0.09942557078454684,0.09942557078454684,
PH-0203,Q3-T-024,巡航,2,6166.30574081574,6166.30574081574,0.2686225301391457,0.2686225301391457,True,True,COM-01982,直连,,,0.19999999999986073,0.19999999999986073,
PH-0203,Q3-T-024,巡航,2,6166.30574081574,6172.662744651511,0.2686225301391457,0.28668012440368495,False,True,COM-01983,直连,,,0.3076605638918295,0.3076605638918295,
PH-0203,Q3-T-024,巡航,2,6172.662744651511,6172.662744651511,0.28668012440368495,0.28668012440368495,True,True,COM-01984,直连,,,10.416669329587734,10.416669329587734,
PH-0203,Q3-T-024,巡航,2,6172.662744651511,6184.050051214485,0.28668012440368495,0.31902670889417206,False,True,COM-01985,直连,,,10.615415977752363,10.615415977752363,
PH-0203,Q3-T-024,巡航,2,6184.050051214485,6184.050051214485,0.31902670889417206,0.31902670889417206,True,True,COM-01986,直连,,,10.818805733526602,10.818805733526602,
PH-0203,Q3-T-024,巡航,2,6184.050051214485,6423.780203537066,0.31902670889417206,1.0,False,True,COM-01987,直连,,,16.807423283516925,16.807423283516925,
PH-0203,Q3-T-024,巡航,2,6423.780203537066,6423.780203537066,1.0,1.0,True,True,COM-01988,直连,,,36.90275487714975,36.90275487714975,
PH-0204,Q3-T-024,下降,2,6423.780203537066,6481.138344390816,0.0,0.5773024441399813,False,True,COM-01989,直连,,,40.264782873589226,40.264782873589226,
PH-0204,Q3-T-024,下降,2,6481.138344390816,6481.138344390816,0.5773024441399813,0.5773024441399813,True,True,COM-01990,直连,,,45.822907643684275,45.822907643684275,
PH-0204,Q3-T-024,下降,2,6481.138344390816,6495.106572582633,0.5773024441399813,0.717890896893386,False,True,COM-01991,直连,,,47.96179382527552,47.96179382527552,
PH-0204,Q3-T-024,下降,2,6495.106572582633,6495.106572582633,0.717890896893386,0.717890896893386,True,True,COM-01992,直连,,,50.805706205104315,50.805706205104315,
PH-0204,Q3-T-024,下降,2,6495.106572582633,6507.274060255645,0.717890896893386,0.840355123734061,False,True,COM-01993,直连,,,54.38121115513684,54.38121115513684,
PH-0204,Q3-T-024,下降,2,6507.274060255645,6507.274060255645,0.840355123734061,0.840355123734061,True,True,COM-01994,直连,,,60.564870030848134,60.564870030848134,
PH-0204,Q3-T-024,下降,2,6507.274060255645,6508.731663727321,0.840355123734061,0.8550257186009812,False,True,COM-01995,直连,,,61.71811229890661,61.71811229890661,
PH-0204,Q3-T-024,下降,2,6508.731663727321,6508.731663727321,0.8550257186009812,0.8550257186009812,True,True,COM-01996,直连,,,63.04826031559024,63.04826031559024,
PH-0204,Q3-T-024,下降,2,6508.731663727321,6522.622877787437,0.8550257186009812,0.9948390338446612,False,True,COM-01997,直连,,,67.82295300936208,67.82295300936208,
PH-0204,Q3-T-024,下降,2,6522.622877787437,6522.622877787437,0.9948390338446612,0.9948390338446612,True,True,COM-01998,直连,,,56.38238674364703,56.38238674364703,
PH-0204,Q3-T-024,下降,2,6522.622877787437,6523.135647873003,0.9948390338446612,1.0,False,True,COM-01999,直连,,,46.150772984109835,46.150772984109835,
PH-0204,Q3-T-024,下降,2,6523.135647873003,6523.135647873003,1.0,1.0,True,True,COM-02000,直连,,,45.92517525248826,45.92517525248826,
PH-0205,Q3-T-025,爬升,1,5817.279063990531,5817.279063990531,0.0,0.0,True,True,COM-02001,直连,,,45.92517525248826,45.92517525248826,
PH-0205,Q3-T-025,爬升,1,5817.279063990531,5817.620910714241,0.0,0.006116720947260397,False,True,COM-02002,直连,,,46.150772984109025,46.150772984109025,
PH-0205,Q3-T-025,爬升,1,5817.620910714241,5817.620910714241,0.006116720947260397,0.006116720947260397,True,True,COM-02003,直连,,,46.38238674364662,46.38238674364662,
PH-0205,Q3-T-025,爬升,1,5817.620910714241,5826.881720087653,0.006116720947260397,0.17182194131036893,False,True,COM-02004,直连,,,67.82295300935888,67.82295300935888,
PH-0205,Q3-T-025,爬升,1,5826.881720087653,5826.881720087653,0.17182194131036893,0.17182194131036893,True,True,COM-02005,直连,,,63.048260315588564,63.048260315588564,
PH-0205,Q3-T-025,爬升,1,5826.881720087653,5827.853455735436,0.17182194131036893,0.1892093707625918,False,True,COM-02006,直连,,,61.718112298905965,61.718112298905965,
PH-0205,Q3-T-025,爬升,1,5827.853455735436,5827.853455735436,0.1892093707625918,0.1892093707625918,True,True,COM-02007,直连,,,60.56487003084824,60.56487003084824,
PH-0205,Q3-T-025,爬升,1,5827.853455735436,5835.965114184111,0.1892093707625918,0.33435264027067296,False,True,COM-02008,直连,,,54.38121115513657,54.38121115513657,
PH-0205,Q3-T-025,爬升,1,5835.965114184111,5835.965114184111,0.33435264027067296,0.33435264027067296,True,True,COM-02009,直连,,,50.805706205103945,50.805706205103945,
PH-0205,Q3-T-025,爬升,1,5835.965114184111,5845.277266311989,0.33435264027067296,0.5009765451785029,False,True,COM-02010,直连,,,47.961793825275265,47.961793825275265,
PH-0205,Q3-T-025,爬升,1,5845.277266311989,5845.277266311989,0.5009765451785029,0.5009765451785029,True,True,COM-02011,直连,,,45.82290764368433,45.82290764368433,
PH-0205,Q3-T-025,爬升,1,5845.277266311989,5873.166315780895,0.5009765451785029,1.0,False,True,COM-02012,直连,,,41.4537485233282,41.4537485233282,
PH-0205,Q3-T-025,爬升,1,5873.166315780895,5873.166315780895,1.0,1.0,True,True,COM-02013,直连,,,38.56041462744295,38.56041462744295,
PH-0206,Q3-T-025,巡航,1,5873.166315780895,5937.825529076382,0.0,0.34539264957610377,False,True,COM-02014,直连,,,27.846779148865465,27.846779148865465,
PH-0206,Q3-T-025,巡航,1,5937.825529076382,5937.825529076382,0.34539264957610377,0.34539264957610377,True,True,COM-02015,直连,,,22.11172864838477,22.11172864838477,
PH-0206,Q3-T-025,巡航,1,5937.825529076382,5956.538904901849,0.34539264957610377,0.44535462141968224,False,True,COM-02016,直连,,,20.9612007126008,20.9612007126008,
PH-0206,Q3-T-025,巡航,1,5956.538904901849,5956.538904901849,0.44535462141968224,0.44535462141968224,True,True,COM-02017,直连,,,19.943257404879404,19.943257404879404,
PH-0206,Q3-T-025,巡航,1,5956.538904901849,5996.372008550335,0.44535462141968224,0.6581326697252977,False,True,COM-02018,直连,,,18.103487797957214,18.103487797957214,
PH-0206,Q3-T-025,巡航,1,5996.372008550335,5996.372008550335,0.6581326697252977,0.6581326697252977,True,True,COM-02019,直连,,,6.583598399403556,6.583598399403556,
PH-0206,Q3-T-025,巡航,1,5996.372008550335,6036.849821125564,0.6581326697252977,0.8743545849303681,False,True,COM-02020,直连,,,5.269761323710469,5.269761323710469,
PH-0206,Q3-T-025,巡航,1,6036.849821125564,6036.849821125564,0.8743545849303681,0.8743545849303681,True,True,COM-02021,直连,,,4.128072547475469,4.128072547475469,
PH-0206,Q3-T-025,巡航,1,6036.849821125564,6055.002515789083,0.8743545849303681,0.9713215442734503,False,True,COM-02022,直连,,,3.6609160379091605,3.6609160379091605,
PH-0206,Q3-T-025,巡航,1,6055.002515789083,6055.002515789083,0.9713215442734503,0.9713215442734503,True,True,COM-02023,直连,,,3.217533917305559,3.217533917305559,
PH-0206,Q3-T-025,巡航,1,6055.002515789083,6060.371264626338,0.9713215442734503,1.0,False,True,COM-02024,直连,,,3.090611481187338,3.090611481187338,
PH-0206,Q3-T-025,巡航,1,6060.371264626338,6060.371264626338,1.0,1.0,True,True,COM-02025,直连,,,2.9655118891521965,2.9655118891521965,
PH-0207,Q3-T-025,下降,1,6060.371264626338,6077.834903540356,0.0,0.5243595584846749,False,True,COM-02026,直连,,,2.9687921961294137,2.9687921961294137,
PH-0207,Q3-T-025,下降,1,6077.834903540356,6077.834903540356,0.5243595584846749,0.5243595584846749,True,True,COM-02027,直连,,,2.971550769894037,2.971550769894037,
PH-0207,Q3-T-025,下降,1,6077.834903540356,6093.675966774776,0.5243595584846749,1.0,False,True,COM-02028,直连,,,2.973600928856058,2.973600928856058,
PH-0207,Q3-T-025,下降,1,6093.675966774776,6093.675966774776,1.0,1.0,True,True,COM-02029,直连,,,2.9752203689650543,2.9752203689650543,
PH-0208,Q3-T-025,投送交接,1,6093.675966774776,6166.30574081574,0.0,0.3458560668617359,False,True,COM-02030,直连,,,2.9752203689650543,2.9752203689650543,
PH-0208,Q3-T-025,投送交接,1,6166.30574081574,6166.30574081574,0.3458560668617359,0.3458560668617359,True,True,COM-02031,直连,,,2.9752203689650543,2.9752203689650543,
PH-0208,Q3-T-025,投送交接,1,6166.30574081574,6303.675966774776,0.3458560668617359,1.0,False,True,COM-02032,直连,,,2.9752203689650543,2.9752203689650543,
PH-0208,Q3-T-025,投送交接,1,6303.675966774776,6303.675966774776,1.0,1.0,True,True,COM-02033,直连,,,2.9752203689650543,2.9752203689650543,
PH-0209,Q3-T-025,爬升,2,6303.675966774776,6316.876852803458,0.0,0.4756404415153251,False,True,COM-02034,直连,,,2.973600928856058,2.973600928856058,
PH-0209,Q3-T-025,爬升,2,6316.876852803458,6316.876852803458,0.4756404415153251,0.4756404415153251,True,True,COM-02035,直连,,,2.971550769894037,2.971550769894037,
PH-0209,Q3-T-025,爬升,2,6316.876852803458,6331.429885231807,0.4756404415153251,1.0,False,True,COM-02036,直连,,,2.9687921961294137,2.9687921961294137,
PH-0209,Q3-T-025,爬升,2,6331.429885231807,6331.429885231807,1.0,1.0,True,True,COM-02037,直连,,,2.9655118891521965,2.9655118891521965,
PH-0210,Q3-T-025,巡航,2,6331.429885231807,6336.798634069062,0.0,0.028678455726549642,False,True,COM-02038,直连,,,3.090611481187338,3.090611481187338,
PH-0210,Q3-T-025,巡航,2,6336.798634069062,6336.798634069062,0.028678455726549642,0.028678455726549642,True,True,COM-02039,直连,,,3.217533917305559,3.217533917305559,
PH-0210,Q3-T-025,巡航,2,6336.798634069062,6354.951328732582,0.028678455726549642,0.1256454150696322,False,True,COM-02040,直连,,,3.6609160379091605,3.6609160379091605,
PH-0210,Q3-T-025,巡航,2,6354.951328732582,6354.951328732582,0.1256454150696322,0.1256454150696322,True,True,COM-02041,直连,,,4.128072547475469,4.128072547475469,
PH-0210,Q3-T-025,巡航,2,6354.951328732582,6395.429141307811,0.1256454150696322,0.34186733027470195,False,True,COM-02042,直连,,,5.269761323710469,5.269761323710469,
PH-0210,Q3-T-025,巡航,2,6395.429141307811,6395.429141307811,0.34186733027470195,0.34186733027470195,True,True,COM-02043,直连,,,6.583598399403556,6.583598399403556,
PH-0210,Q3-T-025,巡航,2,6395.429141307811,6453.975620781764,0.34186733027470195,0.6546073504238962,False,True,COM-02044,直连,,,18.920099586903177,18.920099586903177,
PH-0210,Q3-T-025,巡航,2,6453.975620781764,6453.975620781764,0.6546073504238962,0.6546073504238962,True,True,COM-02045,直连,,,22.11172864838477,22.11172864838477,
PH-0210,Q3-T-025,巡航,2,6453.975620781764,6518.63483407725,0.6546073504238962,1.0,False,True,COM-02046,直连,,,27.846779148865465,27.846779148865465,
PH-0210,Q3-T-025,巡航,2,6518.63483407725,6518.63483407725,1.0,1.0,True,True,COM-02047,直连,,,38.56041462744295,38.56041462744295,
PH-0211,Q3-T-025,下降,2,6518.63483407725,6552.101693439938,0.0,0.4990234548214971,False,True,COM-02048,直连,,,41.45374852332817,41.45374852332817,
PH-0211,Q3-T-025,下降,2,6552.101693439938,6552.101693439938,0.4990234548214971,0.4990234548214971,True,True,COM-02049,直连,,,45.822907643684175,45.822907643684175,
PH-0211,Q3-T-025,下降,2,6552.101693439938,6563.276275993391,0.4990234548214971,0.665647359729327,False,True,COM-02050,直连,,,47.96179382527508,47.96179382527508,
PH-0211,Q3-T-025,下降,2,6563.276275993391,6563.276275993391,0.665647359729327,0.665647359729327,True,True,COM-02051,直连,,,50.80570620510423,50.80570620510423,
PH-0211,Q3-T-025,下降,2,6563.276275993391,6573.0102661318015,0.665647359729327,0.8107906292374082,False,True,COM-02052,直连,,,54.381211155136555,54.381211155136555,
PH-0211,Q3-T-025,下降,2,6573.0102661318015,6573.0102661318015,0.8107906292374082,0.8107906292374082,True,True,COM-02053,直连,,,60.56487003084885,60.56487003084885,
PH-0211,Q3-T-025,下降,2,6573.0102661318015,6574.176348909142,0.8107906292374082,0.828178058689631,False,True,COM-02054,直连,,,61.7181122989082,61.7181122989082,
PH-0211,Q3-T-025,下降,2,6574.176348909142,6574.176348909142,0.828178058689631,0.828178058689631,True,True,COM-02055,直连,,,63.048260315590774,63.048260315590774,
PH-0211,Q3-T-025,下降,2,6574.176348909142,6585.289320157234,0.828178058689631,0.9938832790527395,False,True,COM-02056,直连,,,67.82295300936048,67.82295300936048,
PH-0211,Q3-T-025,下降,2,6585.289320157234,6585.289320157234,0.9938832790527395,0.9938832790527395,True,True,COM-02057,直连,,,56.38238674364726,56.38238674364726,
PH-0211,Q3-T-025,下降,2,6585.289320157234,6585.699536225688,0.9938832790527395,1.0,False,True,COM-02058,直连,,,46.15077298410942,46.15077298410942,
PH-0211,Q3-T-025,下降,2,6585.699536225688,6585.699536225688,1.0,1.0,True,True,COM-02059,直连,,,45.92517525248826,45.92517525248826,
