phase_id,anchor,s,local_line_distance_m,geodesic_plus_height_m,difference_m,absolute_relative_difference,loss_difference_db
IV-PH-0001,G01,0.0,19.999999999999986,19.999999999999986,0.0,0.0,0.0
IV-PH-0001,Q3-R-001,0.0,2642.4341213047032,2642.347533755259,0.08658754944417524,3.2769175264814046e-05,0.0002846247764467422
IV-PH-0001,Q3-R-002,0.0,4720.527622296987,4720.5449856715995,-0.01736337461261428,3.678256359237717e-06,-3.194898755548509e-05
IV-PH-0001,Q3-R-003,0.0,5819.693181225441,5819.704537545414,-0.011356319972946949,1.951356791342662e-06,-1.694928627142333e-05
IV-PH-0001,Q3-R-004,0.0,5209.67383011785,5209.43272380445,0.24110631340045074,4.6282642695185965e-05,0.0004019966239475446
IV-PH-0001,G01,0.5,212.12369384765628,212.12369384765628,0.0,0.0,0.0
IV-PH-0001,Q3-R-001,0.5,2632.899202921169,2632.8123017887297,0.08690113243937958,3.300696080018278e-05,0.0002866900874394676
IV-PH-0001,Q3-R-002,0.5,4703.605336410542,4703.622762253598,-0.01742584305611672,3.7047705432413663e-06,-3.21792876813566e-05
IV-PH-0001,Q3-R-003,0.5,5814.599358017729,5814.610724286277,-0.0113662685480449,1.9547772133000476e-06,-1.697899573698367e-05
IV-PH-0001,Q3-R-004,0.5,5192.645361514826,5192.403464494193,0.2418970206326776,4.658671505147404e-05,0.0004046376402405943
IV-PH-0001,G01,1.0,444.2473876953125,444.2473876953125,0.0,0.0,0.0
IV-PH-0001,Q3-R-001,1.0,2643.7891668099137,2643.7026236414335,0.08654316848014787,3.2735591252295764e-05,0.0002843330789746995
IV-PH-0001,Q3-R-002,1.0,4698.1047356398485,4698.122181885227,-0.017446245378778258,3.713450758272438e-06,-3.225468335045598e-05
IV-PH-0001,Q3-R-003,1.0,5818.768382004,5818.7797401288735,-0.01135812487336807,1.9519771121490347e-06,-1.695467431990223e-05
IV-PH-0001,Q3-R-004,1.0,5185.961155195731,5185.718946378497,0.24220881723431376,4.670689247504686e-05,0.0004056814393888004
IV-PH-0002,G01,0.0,444.2473876953125,444.2473876953125,0.0,0.0,0.0
IV-PH-0002,Q3-R-001,0.0,2643.7891668099137,2643.7026236414335,0.08654316848014787,3.2735591252295764e-05,0.0002843330789746995
IV-PH-0002,Q3-R-002,0.0,4698.1047356398485,4698.122181885227,-0.017446245378778258,3.713450758272438e-06,-3.225468335045598e-05
IV-PH-0002,Q3-R-003,0.0,5818.768382004,5818.7797401288735,-0.01135812487336807,1.9519771121490347e-06,-1.695467431990223e-05
IV-PH-0002,Q3-R-004,0.0,5185.961155195731,5185.718946378497,0.24220881723431376,4.670689247504686e-05,0.0004056814393888004
IV-PH-0002,G01,0.5,2745.942309676362,2745.9584873402946,-0.016177663932467112,5.891445193746035e-06,-5.1172593501559385e-05
IV-PH-0002,Q3-R-001,0.5,5196.705399422885,5196.51982090573,0.18557851715559082,3.5712077226955584e-05,0.0003101856228860069
IV-PH-0002,Q3-R-002,0.5,1994.4379396810477,1994.4574562766284,-0.019516595580626017,9.785415837879419e-06,-8.499545788875416e-05
IV-PH-0002,Q3-R-003,0.5,6380.514713342035,6380.388121302853,0.1265920391824693,1.9840805414298162e-05,0.00017233333654931337
IV-PH-0002,Q3-R-004,0.5,7228.828486754673,7228.223071504537,0.6054152501355929,8.375713424261784e-05,0.0007274747592573374
IV-PH-0002,G01,1.0,5437.713623193152,5437.778962317902,-0.06533912475060788,1.2015774308479154e-05,-0.00010436831659321879
IV-PH-0002,Q3-R-001,1.0,7855.415947703368,7855.167739339387,0.24820836398157553,3.1598098502534286e-05,0.0002744532602886937
IV-PH-0002,Q3-R-002,1.0,754.3633982570228,754.373998133775,-0.010599876752166892,1.4051222309344747e-05,-0.00012204822372432339
IV-PH-0002,Q3-R-003,1.0,7889.838869338676,7889.297975302745,0.54089403593116,6.85604774498841e-05,0.0005954883274146616
IV-PH-0002,Q3-R-004,1.0,9607.466696888538,9606.522431997955,0.9442648905824171,9.829414309565401e-05,0.0008537301213484507
IV-PH-0003,G01,0.0,5437.713623193152,5437.778962317902,-0.06533912475060788,1.2015774308479154e-05,-0.00010436831659321879
IV-PH-0003,Q3-R-001,0.0,7855.415947703368,7855.167739339387,0.24820836398157553,3.1598098502534286e-05,0.0002744532602886937
IV-PH-0003,Q3-R-002,0.0,754.3633982570228,754.373998133775,-0.010599876752166892,1.4051222309344747e-05,-0.00012204822372432339
IV-PH-0003,Q3-R-003,0.0,7889.838869338676,7889.297975302745,0.54089403593116,6.85604774498841e-05,0.0005954883274146616
IV-PH-0003,Q3-R-004,0.0,9607.466696888538,9606.522431997955,0.9442648905824171,9.829414309565401e-05,0.0008537301213484507
IV-PH-0003,G01,0.5,5429.199122450202,5429.264564043717,-0.06544159351506096,1.2053491360222102e-05,-0.00010469592668542512
IV-PH-0003,Q3-R-001,0.5,7852.661025672892,7852.412730228072,0.2482954448196324,3.162027434750245e-05,0.0002746458711421849
IV-PH-0003,Q3-R-002,0.5,763.1865401235955,763.1970174576664,-0.010477334070969846,1.3728216739986159e-05,-0.00011924259402660271
IV-PH-0003,Q3-R-003,0.5,7887.390873597727,7886.849811673942,0.5410619237845822,6.860304642592714e-05,0.0005958580514850048
IV-PH-0003,Q3-R-004,0.5,9608.640400548406,9607.696251011925,0.9441495364808361,9.827012759498867e-05,0.0008535215458590192
IV-PH-0003,G01,1.0,5423.348098396994,5423.413610591862,-0.06551219486846094,1.2079512936375792e-05,-0.00010492194995108818
IV-PH-0003,Q3-R-001,1.0,7851.7538473025415,7851.505523169178,0.24832413336389436,3.1627581822506434e-05,0.0002747093410550748
IV-PH-0003,Q3-R-002,1.0,790.4878716592449,790.4979871390034,-0.010115479758496804,1.2796338413342561e-05,-0.00011114829437666683
IV-PH-0003,Q3-R-003,1.0,7886.782615459653,7886.241511804289,0.5411036553641679,6.861362976954648e-05,0.0005959499709344384
IV-PH-0003,Q3-R-004,1.0,9611.324163927588,9610.380278051223,0.9438858763642202,9.821524737370952e-05,0.0008530449091399463
IV-PH-0004,G01,0.0,5423.348098396994,5423.413610591862,-0.06551219486846094,1.2079512936375792e-05,-0.00010492194995108818
IV-PH-0004,Q3-R-001,0.0,7851.7538473025415,7851.505523169178,0.24832413336389436,3.1627581822506434e-05,0.0002747093410550748
IV-PH-0004,Q3-R-002,0.0,790.4878716592449,790.4979871390034,-0.010115479758496804,1.2796338413342561e-05,-0.00011114829437666683
IV-PH-0004,Q3-R-003,0.0,7886.782615459653,7886.241511804289,0.5411036553641679,6.861362976954648e-05,0.0005959499709344384
IV-PH-0004,Q3-R-004,0.0,9611.324163927588,9610.380278051223,0.9438858763642202,9.821524737370952e-05,0.0008530449091399463
IV-PH-0004,G01,0.5,5423.348098396994,5423.413610591862,-0.06551219486846094,1.2079512936375792e-05,-0.00010492194995108818
IV-PH-0004,Q3-R-001,0.5,7851.7538473025415,7851.505523169178,0.24832413336389436,3.1627581822506434e-05,0.0002747093410550748
IV-PH-0004,Q3-R-002,0.5,790.4878716592449,790.4979871390034,-0.010115479758496804,1.2796338413342561e-05,-0.00011114829437666683
IV-PH-0004,Q3-R-003,0.5,7886.782615459653,7886.241511804289,0.5411036553641679,6.861362976954648e-05,0.0005959499709344384
IV-PH-0004,Q3-R-004,0.5,9611.324163927588,9610.380278051223,0.9438858763642202,9.821524737370952e-05,0.0008530449091399463
IV-PH-0004,G01,1.0,5423.348098396994,5423.413610591862,-0.06551219486846094,1.2079512936375792e-05,-0.00010492194995108818
IV-PH-0004,Q3-R-001,1.0,7851.7538473025415,7851.505523169178,0.24832413336389436,3.1627581822506434e-05,0.0002747093410550748
IV-PH-0004,Q3-R-002,1.0,790.4878716592449,790.4979871390034,-0.010115479758496804,1.2796338413342561e-05,-0.00011114829437666683
IV-PH-0004,Q3-R-003,1.0,7886.782615459653,7886.241511804289,0.5411036553641679,6.861362976954648e-05,0.0005959499709344384
IV-PH-0004,Q3-R-004,1.0,9611.324163927588,9610.380278051223,0.9438858763642202,9.821524737370952e-05,0.0008530449091399463
IV-PH-0005,G01,0.0,5423.348098396994,5423.413610591862,-0.06551219486846094,1.2079512936375792e-05,-0.00010492194995108818
IV-PH-0005,Q3-R-001,0.0,7851.7538473025415,7851.505523169178,0.24832413336389436,3.1627581822506434e-05,0.0002747093410550748
IV-PH-0005,Q3-R-002,0.0,790.4878716592449,790.4979871390034,-0.010115479758496804,1.2796338413342561e-05,-0.00011114829437666683
IV-PH-0005,Q3-R-003,0.0,7886.782615459653,7886.241511804289,0.5411036553641679,6.861362976954648e-05,0.0005959499709344384
IV-PH-0005,Q3-R-004,0.0,9611.324163927588,9610.380278051223,0.9438858763642202,9.821524737370952e-05,0.0008530449091399463
IV-PH-0005,G01,0.5,5427.52824258101,5427.593704320661,-0.0654617396512549,1.206091377089331e-05,-0.00010476039770283287
IV-PH-0005,Q3-R-001,0.5,7852.269803152581,7852.021495336581,0.24830781599939655,3.162342540030867e-05,0.0002746732399731799
IV-PH-0005,Q3-R-002,0.5,768.1869110433971,768.1973201781228,-0.010409134725705371,1.3550079455226155e-05,-0.00011769529212738591
IV-PH-0005,Q3-R-003,0.5,7887.073204494329,7886.532120776598,0.5410837177305439,6.860857338107976e-05,0.0005959060547138747
IV-PH-0005,Q3-R-004,0.5,9609.15500711294,9608.210908144203,0.9440989687373076,9.825960085212757e-05,0.0008534301207165958
IV-PH-0005,G01,1.0,5433.233886263687,5433.299279260325,-0.06539299663836573,1.2035596288240568e-05,-0.00010454049019298169
IV-PH-0005,Q3-R-001,1.0,7853.843202889573,7853.594944819894,0.24825806967874087,3.1610755510441484e-05,0.0002745631941879437
IV-PH-0005,Q3-R-002,1.0,756.2807656933365,756.2913386970346,-0.010573003698027605,1.3980067147460857e-05,-0.00012143016917867662
IV-PH-0005,Q3-R-003,1.0,7888.4166252670475,7887.875633703801,0.5409915632462798,6.85852044794796e-05,0.0005957030889374723
IV-PH-0005,Q3-R-004,1.0,9607.849766131354,9606.905538892732,0.9442272386222612,9.828630403407615e-05,0.0008536620388161831
IV-PH-0006,G01,0.0,5433.233886263687,5433.299279260325,-0.06539299663836573,1.2035596288240568e-05,-0.00010454049019298169
IV-PH-0006,Q3-R-001,0.0,7853.843202889573,7853.594944819894,0.24825806967874087,3.1610755510441484e-05,0.0002745631941879437
IV-PH-0006,Q3-R-002,0.0,756.2807656933365,756.2913386970346,-0.010573003698027605,1.3980067147460857e-05,-0.00012143016917867662
IV-PH-0006,Q3-R-003,0.0,7888.4166252670475,7887.875633703801,0.5409915632462798,6.85852044794796e-05,0.0005957030889374723
IV-PH-0006,Q3-R-004,0.0,9607.849766131354,9606.905538892732,0.9442272386222612,9.828630403407615e-05,0.0008536620388161831
IV-PH-0006,G01,0.5,4914.0755282859245,4913.910394413459,0.16513387246595812,3.360538943764543e-05,0.00029188779942542864
IV-PH-0006,Q3-R-001,0.5,7041.355478836275,7040.786846831214,0.5686320050617724,8.076256495645678e-05,0.0007014664003665053
IV-PH-0006,Q3-R-002,0.5,1183.5606115840603,1183.5610601694782,-0.0004485854178710724,3.790133293223063e-07,-3.2920685733239287e-06
IV-PH-0006,Q3-R-003,0.5,6391.5874152175975,6390.94042403983,0.6469911777676316,0.00010123567657334798,0.0008792774077795874
IV-PH-0006,Q3-R-004,0.5,8432.051532523856,8430.781081387178,1.2704511366773659,0.00015069198505013597,0.0013087953414798496
IV-PH-0006,G01,1.0,4864.839612986701,4864.546062027364,0.293550959336244,6.03449850393446e-05,0.000524134065990546
IV-PH-0006,Q3-R-001,1.0,6509.1427416082915,6508.331840267656,0.8109013406356098,0.0001245943446857592,0.0010821453142737276
IV-PH-0006,Q3-R-002,1.0,2668.34952237524,2668.3442661990935,0.005256176146758662,1.969826837316532e-06,1.7109681664400265e-05
IV-PH-0006,Q3-R-003,1.0,4936.40363488216,4935.659171392509,0.7444634896510252,0.0001508336503391477,0.0013100256450601642
IV-PH-0006,Q3-R-004,1.0,7401.258493881761,7399.696795547773,1.561698333987806,0.00021104896283418586,0.0018329545846267365
IV-PH-0007,G01,0.0,4864.839612986701,4864.546062027364,0.293550959336244,6.03449850393446e-05,0.000524134065990546
IV-PH-0007,Q3-R-001,0.0,6509.1427416082915,6508.331840267656,0.8109013406356098,0.0001245943446857592,0.0010821453142737276
IV-PH-0007,Q3-R-002,0.0,2668.34952237524,2668.3442661990935,0.005256176146758662,1.969826837316532e-06,1.7109681664400265e-05
IV-PH-0007,Q3-R-003,0.0,4936.40363488216,4935.659171392509,0.7444634896510252,0.0001508336503391477,0.0013100256450601642
IV-PH-0007,Q3-R-004,0.0,7401.258493881761,7399.696795547773,1.561698333987806,0.00021104896283418586,0.0018329545846267365
IV-PH-0007,G01,0.5,4858.4877322954435,4858.193797530793,0.2939347646506576,6.050288994235919e-05,0.0005255055276815985
IV-PH-0007,Q3-R-001,0.5,6507.249063458727,6506.4379261078275,0.8111373508991164,0.00012466688533895558,0.0010827753158647484
IV-PH-0007,Q3-R-002,0.5,2671.7294444249023,2671.724194898194,0.0052495267082122155,1.964846041457602e-06,1.706641910516509e-05
IV-PH-0007,Q3-R-003,0.5,4934.261580851604,4933.5167941278305,0.744786723773359,0.00015096466777205444,0.0013111634763252392
IV-PH-0007,Q3-R-004,0.5,7402.944144579897,7401.382801919709,1.56134266018762,0.00021095283164960092,0.0018321197759121886
IV-PH-0007,G01,1.0,4853.825677095014,4853.531459991603,0.2942171034110288,6.061918127786027e-05,0.0005265155602185658
IV-PH-0007,Q3-R-001,1.0,6506.621518969567,6505.810303377105,0.8112155924618492,0.00012469093850473242,0.0010829842129622407
IV-PH-0007,Q3-R-002,1.0,2678.183964710907,2678.178727835773,0.005236875133959984,1.9553867258858728e-06,1.698425669526735e-05
IV-PH-0007,Q3-R-003,1.0,4933.789205472741,4933.044347430146,0.7448580425943874,0.00015099358329961473,0.001311414595492421
IV-PH-0007,Q3-R-004,1.0,7405.74228529885,7404.181532691275,1.5607526075755231,0.00021079340109158833,0.001830735271634426
IV-PH-0008,G01,0.0,4853.825677095014,4853.531459991603,0.2942171034110288,6.061918127786027e-05,0.0005265155602185658
IV-PH-0008,Q3-R-001,0.0,6506.621518969567,6505.810303377105,0.8112155924618492,0.00012469093850473242,0.0010829842129622407
IV-PH-0008,Q3-R-002,0.0,2678.183964710907,2678.178727835773,0.005236875133959984,1.9553867258858728e-06,1.698425669526735e-05
IV-PH-0008,Q3-R-003,0.0,4933.789205472741,4933.044347430146,0.7448580425943874,0.00015099358329961473,0.001311414595492421
IV-PH-0008,Q3-R-004,0.0,7405.74228529885,7404.181532691275,1.5607526075755231,0.00021079340109158833,0.001830735271634426
IV-PH-0008,G01,0.5,4853.825677095014,4853.531459991603,0.2942171034110288,6.061918127786027e-05,0.0005265155602185658
IV-PH-0008,Q3-R-001,0.5,6506.621518969567,6505.810303377105,0.8112155924618492,0.00012469093850473242,0.0010829842129622407
IV-PH-0008,Q3-R-002,0.5,2678.183964710907,2678.178727835773,0.005236875133959984,1.9553867258858728e-06,1.698425669526735e-05
IV-PH-0008,Q3-R-003,0.5,4933.789205472741,4933.044347430146,0.7448580425943874,0.00015099358329961473,0.001311414595492421
IV-PH-0008,Q3-R-004,0.5,7405.74228529885,7404.181532691275,1.5607526075755231,0.00021079340109158833,0.001830735271634426
IV-PH-0008,G01,1.0,4853.825677095014,4853.531459991603,0.2942171034110288,6.061918127786027e-05,0.0005265155602185658
IV-PH-0008,Q3-R-001,1.0,6506.621518969567,6505.810303377105,0.8112155924618492,0.00012469093850473242,0.0010829842129622407
IV-PH-0008,Q3-R-002,1.0,2678.183964710907,2678.178727835773,0.005236875133959984,1.9553867258858728e-06,1.698425669526735e-05
IV-PH-0008,Q3-R-003,1.0,4933.789205472741,4933.044347430146,0.7448580425943874,0.00015099358329961473,0.001311414595492421
IV-PH-0008,Q3-R-004,1.0,7405.74228529885,7404.181532691275,1.5607526075755231,0.00021079340109158833,0.001830735271634426
IV-PH-0009,G01,0.0,4853.825677095014,4853.531459991603,0.2942171034110288,6.061918127786027e-05,0.0005265155602185658
IV-PH-0009,Q3-R-001,0.0,6506.621518969567,6505.810303377105,0.8112155924618492,0.00012469093850473242,0.0010829842129622407
IV-PH-0009,Q3-R-002,0.0,2678.183964710907,2678.178727835773,0.005236875133959984,1.9553867258858728e-06,1.698425669526735e-05
IV-PH-0009,Q3-R-003,0.0,4933.789205472741,4933.044347430146,0.7448580425943874,0.00015099358329961473,0.001311414595492421
IV-PH-0009,Q3-R-004,0.0,7405.74228529885,7404.181532691275,1.5607526075755231,0.00021079340109158833,0.001830735271634426
IV-PH-0009,G01,0.5,4854.881422502931,4854.587269384023,0.2941531189080706,6.0592817182045304e-05,0.0005262865784697476
IV-PH-0009,Q3-R-001,0.5,6506.663338684416,6505.85212830646,0.8112103779558311,0.00012468933537949892,0.0010829702901298203
IV-PH-0009,Q3-R-002,0.5,2676.20013525453,2676.1948944973665,0.005240757163392118,1.9582868101900396e-06,1.7009446458969857e-05
IV-PH-0009,Q3-R-003,0.5,4933.751454142288,4933.006590399441,0.7448637428469738,0.0001509958945314646,0.0013114346675666163
IV-PH-0009,Q3-R-004,0.5,7404.903148298336,7403.342218786167,1.560929512169423,0.00021084119388788017,0.0018311503070926856
IV-PH-0009,G01,1.0,4856.0530074633325,4855.758925316929,0.29408214640352526,6.056358046735833e-05,0.0005260326469760227
IV-PH-0009,Q3-R-001,1.0,6506.791780642302,6505.980586279372,0.8111943629301095,0.00012468441185343497,0.0010829275302576772
IV-PH-0009,Q3-R-002,1.0,2674.4255908195464,2674.4203465850105,0.005244234535894066,1.960886418842301e-06,1.7032026327502867e-05
IV-PH-0009,Q3-R-003,1.0,4933.82794189819,4933.083089704502,0.74485219368853,0.00015099121181296534,0.0013113940001316022
IV-PH-0009,Q3-R-004,1.0,7404.140040334608,7402.578949911256,1.561090423351743,0.0002108846705877359,0.0018315278612967534
IV-PH-0010,G01,0.0,4856.0530074633325,4855.758925316929,0.29408214640352526,6.056358046735833e-05,0.0005260326469760227
IV-PH-0010,Q3-R-001,0.0,6506.791780642302,6505.980586279372,0.8111943629301095,0.00012468441185343497,0.0010829275302576772
IV-PH-0010,Q3-R-002,0.0,2674.4255908195464,2674.4203465850105,0.005244234535894066,1.960886418842301e-06,1.7032026327502867e-05
IV-PH-0010,Q3-R-003,0.0,4933.82794189819,4933.083089704502,0.74485219368853,0.00015099121181296534,0.0013113940001316022
IV-PH-0010,Q3-R-004,0.0,7404.140040334608,7402.578949911256,1.561090423351743,0.0002108846705877359,0.0018315278612967534
IV-PH-0010,G01,0.5,2437.7746068031006,2437.7013941746513,0.07321262844925513,3.0033468670203234e-05,0.0002608634770201873
IV-PH-0010,Q3-R-001,0.5,4330.915028807815,4330.53840948596,0.3766193218552871,8.69682441865219e-05,0.0007553637251671097
IV-PH-0010,Q3-R-002,0.5,2958.1325209714496,2958.0450671364547,0.08745383499490345,2.9564740566837753e-05,0.0002567922777615221
IV-PH-0010,Q3-R-003,0.5,4816.318956178434,4816.212226835018,0.10672934341619111,2.216043197214515e-05,0.00019248093371922333
IV-PH-0010,Q3-R-004,0.5,5916.354546028604,5915.553837183884,0.8007088447202477,0.0001353565307253509,0.0011756123260638555
IV-PH-0010,G01,1.0,251.48182373046876,251.48182373046876,0.0,0.0,0.0
IV-PH-0010,Q3-R-001,1.0,2633.30866946625,2633.221781846955,0.08688761929533939,3.299669625032343e-05,0.00028660093363429246
IV-PH-0010,Q3-R-002,1.0,4701.86639902068,4701.8838313084825,-0.01743228780287609,3.7075113780565005e-06,-3.220309435801453e-05
IV-PH-0010,Q3-R-003,1.0,5814.654096921769,5814.665463083316,-0.011366161546902731,1.9547404092402673e-06,-1.697867605987496e-05
IV-PH-0010,Q3-R-004,1.0,5190.781862451577,5190.539878585476,0.2419838661007816,4.662017280690404e-05,0.0004049282370692011
IV-PH-0011,G01,0.0,251.48182373046876,251.48182373046876,0.0,0.0,0.0
IV-PH-0011,Q3-R-001,0.0,2633.30866946625,2633.221781846955,0.08688761929533939,3.299669625032343e-05,0.00028660093363429246
IV-PH-0011,Q3-R-002,0.0,4701.86639902068,4701.8838313084825,-0.01743228780287609,3.7075113780565005e-06,-3.220309435801453e-05
IV-PH-0011,Q3-R-003,0.0,5814.654096921769,5814.665463083316,-0.011366161546902731,1.9547404092402673e-06,-1.697867605987496e-05
IV-PH-0011,Q3-R-004,0.0,5190.781862451577,5190.539878585476,0.2419838661007816,4.662017280690404e-05,0.0004049282370692011
IV-PH-0011,G01,0.5,115.74091186523441,115.74091186523441,0.0,0.0,0.0
IV-PH-0011,Q3-R-001,0.5,2634.380519573194,2634.2936673070203,0.08685226617353692,3.296984966081024e-05,0.0002863677548126411
IV-PH-0011,Q3-R-002,0.5,4709.250337198084,4709.267742152776,-0.017404954692210595,3.6958940636180865e-06,-3.210218727333723e-05
IV-PH-0011,Q3-R-003,0.5,5815.590245200525,5815.601609532439,-0.011364331914592185,1.954111144058551e-06,-1.697321032115134e-05
IV-PH-0011,Q3-R-004,0.5,5198.464512212382,5198.22288598338,0.24162622900166753,4.648246800905644e-05,0.00040373220406990785
IV-PH-0011,G01,1.0,20.0,20.0,0.0,0.0,0.0
IV-PH-0011,Q3-R-001,1.0,2642.4341213047032,2642.347533755259,0.08658754944417524,3.2769175264814046e-05,0.0002846247764467422
IV-PH-0011,Q3-R-002,1.0,4720.527622296987,4720.5449856715995,-0.01736337461261428,3.678256359237717e-06,-3.194898755548509e-05
IV-PH-0011,Q3-R-003,1.0,5819.693181225441,5819.704537545414,-0.011356319972946949,1.951356791342662e-06,-1.694928627142333e-05
IV-PH-0011,Q3-R-004,1.0,5209.67383011785,5209.43272380445,0.24110631340045074,4.6282642695185965e-05,0.0004019966239475446
IV-PH-0012,G01,0.0,19.999999999999986,19.999999999999986,0.0,0.0,0.0
IV-PH-0012,Q3-R-001,0.0,2642.4341213047032,2642.347533755259,0.08658754944417524,3.2769175264814046e-05,0.0002846247764467422
IV-PH-0012,Q3-R-002,0.0,4720.527622296987,4720.5449856715995,-0.01736337461261428,3.678256359237717e-06,-3.194898755548509e-05
IV-PH-0012,Q3-R-003,0.0,5819.693181225441,5819.704537545414,-0.011356319972946949,1.951356791342662e-06,-1.694928627142333e-05
IV-PH-0012,Q3-R-004,0.0,5209.67383011785,5209.43272380445,0.24110631340045074,4.6282642695185965e-05,0.0004019966239475446
IV-PH-0012,G01,0.5,52.67830505371097,52.67830505371097,0.0,0.0,0.0
IV-PH-0012,Q3-R-001,0.5,2637.25631918887,2637.1695616339816,0.08675755488820869,3.289798128659349e-05,0.000285743534604403
IV-PH-0012,Q3-R-002,0.5,4714.006791659601,4714.024179052679,-0.017387393078024616,3.688439519527189e-06,-3.2037437686976016e-05
IV-PH-0012,Q3-R-003,0.5,5817.102814321131,5817.114175698085,-0.011361376954482694,1.953095059049493e-06,-1.696438470178949e-05
IV-PH-0012,Q3-R-004,0.5,5203.234740298889,5202.993335598568,0.2414047003212545,4.639727263719099e-05,0.00040299224083598204
IV-PH-0012,G01,1.0,125.35661010742189,125.35661010742189,0.0,0.0,0.0
IV-PH-0012,Q3-R-001,1.0,2634.0744053308085,2633.987542970922,0.08686235988670887,3.29775135491853e-05,0.00028643432030668354
IV-PH-0012,Q3-R-002,1.0,4708.598868326735,4708.61627568952,-0.01740736278497934,3.6969168362376785e-06,-3.2111070996488776e-05
IV-PH-0012,Q3-R-003,1.0,5815.419662691138,5815.4310273564,-0.011364665261680784,1.9542257845068067e-06,-1.6974206077995902e-05
IV-PH-0012,Q3-R-004,1.0,5197.803996029734,5197.562339094408,0.241656935325409,4.649428319651743e-05,0.00040383482471387585
IV-PH-0013,G01,0.0,125.35661010742189,125.35661010742189,0.0,0.0,0.0
IV-PH-0013,Q3-R-001,0.0,2634.0744053308085,2633.987542970922,0.08686235988670887,3.29775135491853e-05,0.00028643432030668354
IV-PH-0013,Q3-R-002,0.0,4708.598868326735,4708.61627568952,-0.01740736278497934,3.6969168362376785e-06,-3.2111070996488776e-05
IV-PH-0013,Q3-R-003,0.0,5815.419662691138,5815.4310273564,-0.011364665261680784,1.9542257845068067e-06,-1.6974206077995902e-05
IV-PH-0013,Q3-R-004,0.0,5197.803996029734,5197.562339094408,0.241656935325409,4.649428319651743e-05,0.00040383482471387585
IV-PH-0013,G01,0.5,1532.1485987047301,1532.137447241365,0.011151463365195013,7.278370087013655e-06,6.321888925634013e-05
IV-PH-0013,Q3-R-001,0.5,2887.3100357359526,2887.0456382039274,0.2643975320252139,9.158065550695602e-05,0.0007954230445881567
IV-PH-0013,Q3-R-002,0.5,4341.913851199035,4341.7526921219005,0.16115907713447086,3.7118437774425434e-05,0.0003224006705775242
IV-PH-0013,Q3-R-003,0.5,4409.379791708463,4409.396565830299,-0.0167741218356241,3.804176282444557e-06,-3.30427182031272e-05
IV-PH-0013,Q3-R-004,0.5,4643.895986029485,4643.358264882265,0.537721147220509,0.00011580436325305674,0.0010058056816025021
IV-PH-0013,G01,1.0,3056.5952422518126,3056.5505159176114,0.044726334201186546,1.4632944545907231e-05,0.00012709921148954518
IV-PH-0013,Q3-R-001,1.0,3794.509271267316,3794.0600658640615,0.44920540325438196,0.00011839701940830493,0.001028322570093867
IV-PH-0013,Q3-R-002,1.0,4494.113769953812,4493.884608506524,0.22916144728787913,5.099406576975672e-05,0.000442917534485791
IV-PH-0013,Q3-R-003,1.0,3119.244225685461,3119.2018220544123,0.04240363104872813,1.3594385188195248e-05,0.00011807852684155793
IV-PH-0013,Q3-R-004,1.0,4558.278575801447,4557.330699261254,0.9478765401927376,0.00020798941370359385,0.0018063852453234386
IV-PH-0014,G01,0.0,3056.5952422518126,3056.5505159176114,0.044726334201186546,1.4632944545907231e-05,0.00012709921148954518
IV-PH-0014,Q3-R-001,0.0,3794.509271267316,3794.0600658640615,0.44920540325438196,0.00011839701940830493,0.001028322570093867
IV-PH-0014,Q3-R-002,0.0,4494.113769953812,4493.884608506524,0.22916144728787913,5.099406576975672e-05,0.000442917534485791
IV-PH-0014,Q3-R-003,0.0,3119.244225685461,3119.2018220544123,0.04240363104872813,1.3594385188195248e-05,0.00011807852684155793
IV-PH-0014,Q3-R-004,0.0,4558.278575801447,4557.330699261254,0.9478765401927376,0.00020798941370359385,0.0018063852453234386
IV-PH-0014,G01,0.5,3055.093028069137,3055.04827974231,0.044748326826720586,1.4647338676590426e-05,0.00012722423549053403
IV-PH-0014,Q3-R-001,0.5,3795.6980274534785,3795.2489627513264,0.4490647021520999,0.00011832285748826214,0.0010276784840759158
IV-PH-0014,Q3-R-002,0.5,4497.446509602771,4497.21751797948,0.22899162329031242,5.091851180753967e-05,0.00044226131454695576
IV-PH-0014,Q3-R-003,0.5,3120.9656916319786,3120.9233113902924,0.04238024168625998,1.3579392204732084e-05,0.00011794830121070716
IV-PH-0014,Q3-R-004,0.5,4561.935705454988,4560.988588949077,0.9471165059112536,0.0002076559691918642,0.0018034895848776486
IV-PH-0014,G01,1.0,3054.2393300556505,3054.194569220925,0.044760834725366294,1.4655528228767707e-05,0.0001272953679944796
IV-PH-0014,Q3-R-001,1.0,3797.4085849953985,3796.959722600115,0.4488623952834132,0.00011821626461079163,0.0010267527395919633
IV-PH-0014,Q3-R-002,1.0,4501.217299363555,4500.9884995824095,0.2287997811454261,5.0833229448743e-05,0.00044152059907356467
IV-PH-0014,Q3-R-003,1.0,3123.321100546271,3123.2787522654844,0.042348280786427495,1.355891809391332e-05,0.00011777046775646627
IV-PH-0014,Q3-R-004,1.0,4566.024170621706,4565.077902349557,0.9462682721486999,0.00020728414550421451,0.0018002606352725478
IV-PH-0015,G01,0.0,3054.2393300556505,3054.194569220925,0.044760834725366294,1.4655528228767707e-05,0.0001272953679944796
IV-PH-0015,Q3-R-001,0.0,3797.4085849953985,3796.959722600115,0.4488623952834132,0.00011821626461079163,0.0010267527395919633
IV-PH-0015,Q3-R-002,0.0,4501.217299363555,4500.9884995824095,0.2287997811454261,5.0833229448743e-05,0.00044152059907356467
IV-PH-0015,Q3-R-003,0.0,3123.321100546271,3123.2787522654844,0.042348280786427495,1.355891809391332e-05,0.00011777046775646627
IV-PH-0015,Q3-R-004,0.0,4566.024170621706,4565.077902349557,0.9462682721486999,0.00020728414550421451,0.0018002606352725478
IV-PH-0015,G01,0.5,3054.2393300556505,3054.194569220925,0.044760834725366294,1.4655528228767707e-05,0.0001272953679944796
IV-PH-0015,Q3-R-001,0.5,3797.4085849953985,3796.959722600115,0.4488623952834132,0.00011821626461079163,0.0010267527395919633
IV-PH-0015,Q3-R-002,0.5,4501.217299363555,4500.9884995824095,0.2287997811454261,5.0833229448743e-05,0.00044152059907356467
IV-PH-0015,Q3-R-003,0.5,3123.321100546271,3123.2787522654844,0.042348280786427495,1.355891809391332e-05,0.00011777046775646627
IV-PH-0015,Q3-R-004,0.5,4566.024170621706,4565.077902349557,0.9462682721486999,0.00020728414550421451,0.0018002606352725478
IV-PH-0015,G01,1.0,3054.2393300556505,3054.194569220925,0.044760834725366294,1.4655528228767707e-05,0.0001272953679944796
IV-PH-0015,Q3-R-001,1.0,3797.4085849953985,3796.959722600115,0.4488623952834132,0.00011821626461079163,0.0010267527395919633
IV-PH-0015,Q3-R-002,1.0,4501.217299363555,4500.9884995824095,0.2287997811454261,5.0833229448743e-05,0.00044152059907356467
IV-PH-0015,Q3-R-003,1.0,3123.321100546271,3123.2787522654844,0.042348280786427495,1.355891809391332e-05,0.00011777046775646627
IV-PH-0015,Q3-R-004,1.0,4566.024170621706,4565.077902349557,0.9462682721486999,0.00020728414550421451,0.0018002606352725478
IV-PH-0016,G01,0.0,3054.2393300556505,3054.194569220925,0.044760834725366294,1.4655528228767707e-05,0.0001272953679944796
IV-PH-0016,Q3-R-001,0.0,3797.4085849953985,3796.959722600115,0.4488623952834132,0.00011821626461079163,0.0010267527395919633
IV-PH-0016,Q3-R-002,0.0,4501.217299363555,4500.9884995824095,0.2287997811454261,5.0833229448743e-05,0.00044152059907356467
IV-PH-0016,Q3-R-003,0.0,3123.321100546271,3123.2787522654844,0.042348280786427495,1.355891809391332e-05,0.00011777046775646627
IV-PH-0016,Q3-R-004,0.0,4566.024170621706,4565.077902349557,0.9462682721486999,0.00020728414550421451,0.0018002606352725478
IV-PH-0016,G01,0.5,3055.093028069137,3055.04827974231,0.044748326826720586,1.4647338676590426e-05,0.00012722423549053403
IV-PH-0016,Q3-R-001,0.5,3795.6980274534785,3795.2489627513264,0.4490647021520999,0.00011832285748826214,0.0010276784840759158
IV-PH-0016,Q3-R-002,0.5,4497.446509602771,4497.21751797948,0.22899162329031242,5.091851180753967e-05,0.00044226131454695576
IV-PH-0016,Q3-R-003,0.5,3120.9656916319786,3120.9233113902924,0.04238024168625998,1.3579392204732084e-05,0.00011794830121070716
IV-PH-0016,Q3-R-004,0.5,4561.935705454988,4560.988588949077,0.9471165059112536,0.0002076559691918642,0.0018034895848776486
IV-PH-0016,G01,1.0,3056.5952422518126,3056.5505159176114,0.044726334201186546,1.4632944545907231e-05,0.00012709921148954518
IV-PH-0016,Q3-R-001,1.0,3794.509271267316,3794.0600658640615,0.44920540325438196,0.00011839701940830493,0.001028322570093867
IV-PH-0016,Q3-R-002,1.0,4494.113769953812,4493.884608506524,0.22916144728787913,5.099406576975672e-05,0.000442917534485791
IV-PH-0016,Q3-R-003,1.0,3119.244225685461,3119.2018220544123,0.04240363104872813,1.3594385188195248e-05,0.00011807852684155793
IV-PH-0016,Q3-R-004,1.0,4558.278575801447,4557.330699261254,0.9478765401927376,0.00020798941370359385,0.0018063852453234386
IV-PH-0017,G01,0.0,3056.5952422518126,3056.5505159176114,0.044726334201186546,1.4632944545907231e-05,0.00012709921148954518
IV-PH-0017,Q3-R-001,0.0,3794.509271267316,3794.0600658640615,0.44920540325438196,0.00011839701940830493,0.001028322570093867
IV-PH-0017,Q3-R-002,0.0,4494.113769953812,4493.884608506524,0.22916144728787913,5.099406576975672e-05,0.000442917534485791
IV-PH-0017,Q3-R-003,0.0,3119.244225685461,3119.2018220544123,0.04240363104872813,1.3594385188195248e-05,0.00011807852684155793
IV-PH-0017,Q3-R-004,0.0,4558.278575801447,4557.330699261254,0.9478765401927376,0.00020798941370359385,0.0018063852453234386
IV-PH-0017,G01,0.5,1532.1485987047301,1532.137447241365,0.011151463365195013,7.278370087013655e-06,6.321888925634013e-05
IV-PH-0017,Q3-R-001,0.5,2887.3100357359526,2887.0456382039274,0.2643975320252139,9.158065550695602e-05,0.0007954230445881567
IV-PH-0017,Q3-R-002,0.5,4341.913851199035,4341.7526921219005,0.16115907713447086,3.7118437774425434e-05,0.0003224006705775242
IV-PH-0017,Q3-R-003,0.5,4409.379791708463,4409.396565830299,-0.0167741218356241,3.804176282444557e-06,-3.30427182031272e-05
IV-PH-0017,Q3-R-004,0.5,4643.895986029485,4643.358264882265,0.537721147220509,0.00011580436325305674,0.0010058056816025021
IV-PH-0017,G01,1.0,125.35661010742189,125.35661010742189,0.0,0.0,0.0
IV-PH-0017,Q3-R-001,1.0,2634.0744053308085,2633.987542970922,0.08686235988670887,3.29775135491853e-05,0.00028643432030668354
IV-PH-0017,Q3-R-002,1.0,4708.598868326735,4708.61627568952,-0.01740736278497934,3.6969168362376785e-06,-3.2111070996488776e-05
IV-PH-0017,Q3-R-003,1.0,5815.419662691138,5815.4310273564,-0.011364665261680784,1.9542257845068067e-06,-1.6974206077995902e-05
IV-PH-0017,Q3-R-004,1.0,5197.803996029734,5197.562339094408,0.241656935325409,4.649428319651743e-05,0.00040383482471387585
IV-PH-0018,G01,0.0,125.35661010742189,125.35661010742189,0.0,0.0,0.0
IV-PH-0018,Q3-R-001,0.0,2634.0744053308085,2633.987542970922,0.08686235988670887,3.29775135491853e-05,0.00028643432030668354
IV-PH-0018,Q3-R-002,0.0,4708.598868326735,4708.61627568952,-0.01740736278497934,3.6969168362376785e-06,-3.2111070996488776e-05
IV-PH-0018,Q3-R-003,0.0,5815.419662691138,5815.4310273564,-0.011364665261680784,1.9542257845068067e-06,-1.6974206077995902e-05
IV-PH-0018,Q3-R-004,0.0,5197.803996029734,5197.562339094408,0.241656935325409,4.649428319651743e-05,0.00040383482471387585
IV-PH-0018,G01,0.5,52.67830505371066,52.67830505371066,0.0,0.0,0.0
IV-PH-0018,Q3-R-001,0.5,2637.25631918887,2637.1695616339816,0.08675755488820869,3.289798128659349e-05,0.000285743534604403
IV-PH-0018,Q3-R-002,0.5,4714.006791659601,4714.024179052679,-0.017387393078024616,3.688439519527189e-06,-3.2037437686976016e-05
IV-PH-0018,Q3-R-003,0.5,5817.102814321131,5817.114175698085,-0.011361376954482694,1.953095059049493e-06,-1.696438470178949e-05
IV-PH-0018,Q3-R-004,0.5,5203.234740298889,5202.993335598568,0.2414047003212545,4.639727263719099e-05,0.00040299224083598204
IV-PH-0018,G01,1.0,20.0,20.0,0.0,0.0,0.0
IV-PH-0018,Q3-R-001,1.0,2642.4341213047032,2642.347533755259,0.08658754944417524,3.2769175264814046e-05,0.0002846247764467422
IV-PH-0018,Q3-R-002,1.0,4720.527622296987,4720.5449856715995,-0.01736337461261428,3.678256359237717e-06,-3.194898755548509e-05
IV-PH-0018,Q3-R-003,1.0,5819.693181225441,5819.704537545414,-0.011356319972946949,1.951356791342662e-06,-1.694928627142333e-05
IV-PH-0018,Q3-R-004,1.0,5209.67383011785,5209.43272380445,0.24110631340045074,4.6282642695185965e-05,0.0004019966239475446
IV-PH-0019,G01,0.0,19.999999999999986,19.999999999999986,0.0,0.0,0.0
IV-PH-0019,Q3-R-001,0.0,2642.4341213047032,2642.347533755259,0.08658754944417524,3.2769175264814046e-05,0.0002846247764467422
IV-PH-0019,Q3-R-002,0.0,4720.527622296987,4720.5449856715995,-0.01736337461261428,3.678256359237717e-06,-3.194898755548509e-05
IV-PH-0019,Q3-R-003,0.0,5819.693181225441,5819.704537545414,-0.011356319972946949,1.951356791342662e-06,-1.694928627142333e-05
IV-PH-0019,Q3-R-004,0.0,5209.67383011785,5209.43272380445,0.24110631340045074,4.6282642695185965e-05,0.0004019966239475446
IV-PH-0019,G01,0.5,52.67830505371097,52.67830505371097,0.0,0.0,0.0
IV-PH-0019,Q3-R-001,0.5,2637.25631918887,2637.1695616339816,0.08675755488820869,3.289798128659349e-05,0.000285743534604403
IV-PH-0019,Q3-R-002,0.5,4714.006791659601,4714.024179052679,-0.017387393078024616,3.688439519527189e-06,-3.2037437686976016e-05
IV-PH-0019,Q3-R-003,0.5,5817.102814321131,5817.114175698085,-0.011361376954482694,1.953095059049493e-06,-1.696438470178949e-05
IV-PH-0019,Q3-R-004,0.5,5203.234740298889,5202.993335598568,0.2414047003212545,4.639727263719099e-05,0.00040299224083598204
IV-PH-0019,G01,1.0,125.35661010742189,125.35661010742189,0.0,0.0,0.0
IV-PH-0019,Q3-R-001,1.0,2634.0744053308085,2633.987542970922,0.08686235988670887,3.29775135491853e-05,0.00028643432030668354
IV-PH-0019,Q3-R-002,1.0,4708.598868326735,4708.61627568952,-0.01740736278497934,3.6969168362376785e-06,-3.2111070996488776e-05
IV-PH-0019,Q3-R-003,1.0,5815.419662691138,5815.4310273564,-0.011364665261680784,1.9542257845068067e-06,-1.6974206077995902e-05
IV-PH-0019,Q3-R-004,1.0,5197.803996029734,5197.562339094408,0.241656935325409,4.649428319651743e-05,0.00040383482471387585
IV-PH-0020,G01,0.0,125.35661010742189,125.35661010742189,0.0,0.0,0.0
IV-PH-0020,Q3-R-001,0.0,2634.0744053308085,2633.987542970922,0.08686235988670887,3.29775135491853e-05,0.00028643432030668354
IV-PH-0020,Q3-R-002,0.0,4708.598868326735,4708.61627568952,-0.01740736278497934,3.6969168362376785e-06,-3.2111070996488776e-05
IV-PH-0020,Q3-R-003,0.0,5815.419662691138,5815.4310273564,-0.011364665261680784,1.9542257845068067e-06,-1.6974206077995902e-05
IV-PH-0020,Q3-R-004,0.0,5197.803996029734,5197.562339094408,0.241656935325409,4.649428319651743e-05,0.00040383482471387585
IV-PH-0020,G01,0.5,1532.1485987047301,1532.137447241365,0.011151463365195013,7.278370087013655e-06,6.321888925634013e-05
IV-PH-0020,Q3-R-001,0.5,2887.3100357359526,2887.0456382039274,0.2643975320252139,9.158065550695602e-05,0.0007954230445881567
IV-PH-0020,Q3-R-002,0.5,4341.913851199035,4341.7526921219005,0.16115907713447086,3.7118437774425434e-05,0.0003224006705775242
IV-PH-0020,Q3-R-003,0.5,4409.379791708463,4409.396565830299,-0.0167741218356241,3.804176282444557e-06,-3.30427182031272e-05
IV-PH-0020,Q3-R-004,0.5,4643.895986029485,4643.358264882265,0.537721147220509,0.00011580436325305674,0.0010058056816025021
IV-PH-0020,G01,1.0,3056.5952422518126,3056.5505159176114,0.044726334201186546,1.4632944545907231e-05,0.00012709921148954518
IV-PH-0020,Q3-R-001,1.0,3794.509271267316,3794.0600658640615,0.44920540325438196,0.00011839701940830493,0.001028322570093867
IV-PH-0020,Q3-R-002,1.0,4494.113769953812,4493.884608506524,0.22916144728787913,5.099406576975672e-05,0.000442917534485791
IV-PH-0020,Q3-R-003,1.0,3119.244225685461,3119.2018220544123,0.04240363104872813,1.3594385188195248e-05,0.00011807852684155793
IV-PH-0020,Q3-R-004,1.0,4558.278575801447,4557.330699261254,0.9478765401927376,0.00020798941370359385,0.0018063852453234386
IV-PH-0021,G01,0.0,3056.5952422518126,3056.5505159176114,0.044726334201186546,1.4632944545907231e-05,0.00012709921148954518
IV-PH-0021,Q3-R-001,0.0,3794.509271267316,3794.0600658640615,0.44920540325438196,0.00011839701940830493,0.001028322570093867
IV-PH-0021,Q3-R-002,0.0,4494.113769953812,4493.884608506524,0.22916144728787913,5.099406576975672e-05,0.000442917534485791
IV-PH-0021,Q3-R-003,0.0,3119.244225685461,3119.2018220544123,0.04240363104872813,1.3594385188195248e-05,0.00011807852684155793
IV-PH-0021,Q3-R-004,0.0,4558.278575801447,4557.330699261254,0.9478765401927376,0.00020798941370359385,0.0018063852453234386
IV-PH-0021,G01,0.5,3055.093028069137,3055.04827974231,0.044748326826720586,1.4647338676590426e-05,0.00012722423549053403
IV-PH-0021,Q3-R-001,0.5,3795.6980274534785,3795.2489627513264,0.4490647021520999,0.00011832285748826214,0.0010276784840759158
IV-PH-0021,Q3-R-002,0.5,4497.446509602771,4497.21751797948,0.22899162329031242,5.091851180753967e-05,0.00044226131454695576
IV-PH-0021,Q3-R-003,0.5,3120.9656916319786,3120.9233113902924,0.04238024168625998,1.3579392204732084e-05,0.00011794830121070716
IV-PH-0021,Q3-R-004,0.5,4561.935705454988,4560.988588949077,0.9471165059112536,0.0002076559691918642,0.0018034895848776486
IV-PH-0021,G01,1.0,3054.2393300556505,3054.194569220925,0.044760834725366294,1.4655528228767707e-05,0.0001272953679944796
IV-PH-0021,Q3-R-001,1.0,3797.4085849953985,3796.959722600115,0.4488623952834132,0.00011821626461079163,0.0010267527395919633
IV-PH-0021,Q3-R-002,1.0,4501.217299363555,4500.9884995824095,0.2287997811454261,5.0833229448743e-05,0.00044152059907356467
IV-PH-0021,Q3-R-003,1.0,3123.321100546271,3123.2787522654844,0.042348280786427495,1.355891809391332e-05,0.00011777046775646627
IV-PH-0021,Q3-R-004,1.0,4566.024170621706,4565.077902349557,0.9462682721486999,0.00020728414550421451,0.0018002606352725478
IV-PH-0022,G01,0.0,3054.2393300556505,3054.194569220925,0.044760834725366294,1.4655528228767707e-05,0.0001272953679944796
IV-PH-0022,Q3-R-001,0.0,3797.4085849953985,3796.959722600115,0.4488623952834132,0.00011821626461079163,0.0010267527395919633
IV-PH-0022,Q3-R-002,0.0,4501.217299363555,4500.9884995824095,0.2287997811454261,5.0833229448743e-05,0.00044152059907356467
IV-PH-0022,Q3-R-003,0.0,3123.321100546271,3123.2787522654844,0.042348280786427495,1.355891809391332e-05,0.00011777046775646627
IV-PH-0022,Q3-R-004,0.0,4566.024170621706,4565.077902349557,0.9462682721486999,0.00020728414550421451,0.0018002606352725478
IV-PH-0022,G01,0.5,3054.2393300556505,3054.194569220925,0.044760834725366294,1.4655528228767707e-05,0.0001272953679944796
IV-PH-0022,Q3-R-001,0.5,3797.4085849953985,3796.959722600115,0.4488623952834132,0.00011821626461079163,0.0010267527395919633
IV-PH-0022,Q3-R-002,0.5,4501.217299363555,4500.9884995824095,0.2287997811454261,5.0833229448743e-05,0.00044152059907356467
IV-PH-0022,Q3-R-003,0.5,3123.321100546271,3123.2787522654844,0.042348280786427495,1.355891809391332e-05,0.00011777046775646627
IV-PH-0022,Q3-R-004,0.5,4566.024170621706,4565.077902349557,0.9462682721486999,0.00020728414550421451,0.0018002606352725478
IV-PH-0022,G01,1.0,3054.2393300556505,3054.194569220925,0.044760834725366294,1.4655528228767707e-05,0.0001272953679944796
IV-PH-0022,Q3-R-001,1.0,3797.4085849953985,3796.959722600115,0.4488623952834132,0.00011821626461079163,0.0010267527395919633
IV-PH-0022,Q3-R-002,1.0,4501.217299363555,4500.9884995824095,0.2287997811454261,5.0833229448743e-05,0.00044152059907356467
IV-PH-0022,Q3-R-003,1.0,3123.321100546271,3123.2787522654844,0.042348280786427495,1.355891809391332e-05,0.00011777046775646627
IV-PH-0022,Q3-R-004,1.0,4566.024170621706,4565.077902349557,0.9462682721486999,0.00020728414550421451,0.0018002606352725478
IV-PH-0023,G01,0.0,3054.2393300556505,3054.194569220925,0.044760834725366294,1.4655528228767707e-05,0.0001272953679944796
IV-PH-0023,Q3-R-001,0.0,3797.4085849953985,3796.959722600115,0.4488623952834132,0.00011821626461079163,0.0010267527395919633
IV-PH-0023,Q3-R-002,0.0,4501.217299363555,4500.9884995824095,0.2287997811454261,5.0833229448743e-05,0.00044152059907356467
IV-PH-0023,Q3-R-003,0.0,3123.321100546271,3123.2787522654844,0.042348280786427495,1.355891809391332e-05,0.00011777046775646627
IV-PH-0023,Q3-R-004,0.0,4566.024170621706,4565.077902349557,0.9462682721486999,0.00020728414550421451,0.0018002606352725478
IV-PH-0023,G01,0.5,3058.203552730464,3058.158849918204,0.04470281225985673,1.461755731264659e-05,0.00012696556163423005
IV-PH-0023,Q3-R-001,0.5,3793.9475142449314,3793.49824232147,0.4492719234613105,0.00011843208952862832,0.0010286271492223346
IV-PH-0023,Q3-R-002,0.5,4491.834449964568,4491.605172226502,0.22927773806623009,5.1045835347227646e-05,0.00044336717638197734
IV-PH-0023,Q3-R-003,0.5,3118.347341969738,3118.3049261426,0.04241582713802927,1.3602206372581536e-05,0.00011814645986203378
IV-PH-0023,Q3-R-004,0.5,4555.743471409779,4554.795067301208,0.9484041085706849,0.00020822102741334313,0.0018083965978702428
IV-PH-0023,G01,1.0,3067.1426831967183,3067.098110671872,0.04457252484644414,1.4532474423089185e-05,0.00012622655181788884
IV-PH-0023,Q3-R-001,1.0,3794.5075707887745,3794.0583651841885,0.44920560458604086,0.0001183971255445443,0.001028323491872146
IV-PH-0023,Q3-R-002,1.0,4485.83553645993,4485.605952092774,0.2295843671563489,5.1182464444794925e-05,0.00044455386098670005
IV-PH-0023,Q3-R-003,1.0,3118.2639044348684,3118.221487472765,0.042416962103288824,1.3602934324484639e-05,0.00011815278268607444
IV-PH-0023,Q3-R-004,1.0,4548.795951937557,4547.846098999185,0.9498529383718051,0.00020885775764945805,0.0018139260133311454
IV-PH-0024,G01,0.0,3067.1426831967183,3067.098110671872,0.04457252484644414,1.4532474423089185e-05,0.00012622655181788884
IV-PH-0024,Q3-R-001,0.0,3794.5075707887745,3794.0583651841885,0.44920560458604086,0.0001183971255445443,0.001028323491872146
IV-PH-0024,Q3-R-002,0.0,4485.83553645993,4485.605952092774,0.2295843671563489,5.1182464444794925e-05,0.00044455386098670005
IV-PH-0024,Q3-R-003,0.0,3118.2639044348684,3118.221487472765,0.042416962103288824,1.3602934324484639e-05,0.00011815278268607444
IV-PH-0024,Q3-R-004,0.0,4548.795951937557,4547.846098999185,0.9498529383718051,0.00020885775764945805,0.0018139260133311454
IV-PH-0024,G01,0.5,3570.548186230402,3570.387897569514,0.16028866088799987,4.489390662485549e-05,0.0003899347655832869
IV-PH-0024,Q3-R-001,0.5,5239.4764257265315,5238.899690338408,0.5767353881237796,0.00011008712176478516,0.000956151961177717
IV-PH-0024,Q3-R-002,0.5,2739.1068709632236,2739.0388695206652,0.06800144255839768,2.4826753397003823e-05,0.0002156397632721325
IV-PH-0024,Q3-R-003,0.5,4533.359683449408,4533.025657166722,0.33402628268595436,7.368726937555673e-05,0.0006400159093042509
IV-PH-0024,Q3-R-004,0.5,6393.217793599886,6392.061142797193,1.156650802693548,0.00018095114812800316,0.0015715795172507132
IV-PH-0024,G01,1.0,4793.058957982869,4792.879617644922,0.17934033794699644,3.741807686693348e-05,0.0003250032056755763
IV-PH-0024,Q3-R-001,1.0,6883.973303268644,6883.3846293534525,0.588673915191066,8.552099684808103e-05,0.0007427941785624261
IV-PH-0024,Q3-R-002,1.0,1328.8499367308966,1328.8506304935338,-0.0006937626371836814,5.220772156506549e-07,-4.53470626168777e-06
IV-PH-0024,Q3-R-003,1.0,6185.651135874719,6185.016347871623,0.6347880030962187,0.0001026331972937567,0.0008914148812980661
IV-PH-0024,Q3-R-004,1.0,8242.455496624865,8241.172373602194,1.283123022671134,0.00015569666116694566,0.0013522587475562424
IV-PH-0025,G01,0.0,4793.058957982869,4792.879617644922,0.17934033794699644,3.741807686693348e-05,0.0003250032056755763
IV-PH-0025,Q3-R-001,0.0,6883.973303268644,6883.3846293534525,0.588673915191066,8.552099684808103e-05,0.0007427941785624261
IV-PH-0025,Q3-R-002,0.0,1328.8499367308966,1328.8506304935338,-0.0006937626371836814,5.220772156506549e-07,-4.53470626168777e-06
IV-PH-0025,Q3-R-003,0.0,6185.651135874719,6185.016347871623,0.6347880030962187,0.0001026331972937567,0.0008914148812980661
IV-PH-0025,Q3-R-004,0.0,8242.455496624865,8241.172373602194,1.283123022671134,0.00015569666116694566,0.0013522587475562424
IV-PH-0025,G01,0.5,4790.8736680116,4790.694245867005,0.1794221445952644,3.7452222034427316e-05,0.0003252997757287962
IV-PH-0025,Q3-R-001,0.5,6883.632117474763,6883.0434143795765,0.5887030951862471,8.552947580664236e-05,0.0007428678195633096
IV-PH-0025,Q3-R-002,0.5,1334.1050336425724,1334.1057246724502,-0.0006910298777711432,5.179723503103961e-07,-4.499051835854372e-06
IV-PH-0025,Q3-R-003,0.5,6185.395473693441,6184.760659449832,0.6348142436090711,0.0001026416830923157,0.0008914885804431087
IV-PH-0025,Q3-R-004,0.5,8243.487715617204,8242.204753287455,1.2829623297493526,0.0001556576629860639,0.0013519200663857241
IV-PH-0025,G01,1.0,4789.017158130827,4788.837666428855,0.17949170197152853,3.748126674449994e-05,0.0003255520454243736
IV-PH-0025,Q3-R-001,1.0,6883.520344069757,6882.9316314144935,0.5887126552634072,8.553225381121829e-05,0.0007428919469401154
IV-PH-0025,Q3-R-002,1.0,1340.5181226334219,1340.5188103573882,-0.0006877239663936052,5.130282104808772e-07,-4.456107560404706e-06
IV-PH-0025,Q3-R-003,1.0,6185.395126190714,6184.760311911437,0.6348142792767248,0.00010264169462705204,0.0008914886806225925
IV-PH-0025,Q3-R-004,1.0,8244.711355232486,8243.428583343344,1.2827718891421682,0.00015561145173673667,0.0013515187430342959
IV-PH-0026,G01,0.0,4789.017158130827,4788.837666428855,0.17949170197152853,3.748126674449994e-05,0.0003255520454243736
IV-PH-0026,Q3-R-001,0.0,6883.520344069757,6882.9316314144935,0.5887126552634072,8.553225381121829e-05,0.0007428919469401154
IV-PH-0026,Q3-R-002,0.0,1340.5181226334219,1340.5188103573882,-0.0006877239663936052,5.130282104808772e-07,-4.456107560404706e-06
IV-PH-0026,Q3-R-003,0.0,6185.395126190714,6184.760311911437,0.6348142792767248,0.00010264169462705204,0.0008914886806225925
IV-PH-0026,Q3-R-004,0.0,8244.711355232486,8243.428583343344,1.2827718891421682,0.00015561145173673667,0.0013515187430342959
IV-PH-0026,G01,0.5,4789.017158130827,4788.837666428855,0.17949170197152853,3.748126674449994e-05,0.0003255520454243736
IV-PH-0026,Q3-R-001,0.5,6883.520344069757,6882.9316314144935,0.5887126552634072,8.553225381121829e-05,0.0007428919469401154
IV-PH-0026,Q3-R-002,0.5,1340.5181226334219,1340.5188103573882,-0.0006877239663936052,5.130282104808772e-07,-4.456107560404706e-06
IV-PH-0026,Q3-R-003,0.5,6185.395126190714,6184.760311911437,0.6348142792767248,0.00010264169462705204,0.0008914886806225925
IV-PH-0026,Q3-R-004,0.5,8244.711355232486,8243.428583343344,1.2827718891421682,0.00015561145173673667,0.0013515187430342959
IV-PH-0026,G01,1.0,4789.017158130827,4788.837666428855,0.17949170197152853,3.748126674449994e-05,0.0003255520454243736
IV-PH-0026,Q3-R-001,1.0,6883.520344069757,6882.9316314144935,0.5887126552634072,8.553225381121829e-05,0.0007428919469401154
IV-PH-0026,Q3-R-002,1.0,1340.5181226334219,1340.5188103573882,-0.0006877239663936052,5.130282104808772e-07,-4.456107560404706e-06
IV-PH-0026,Q3-R-003,1.0,6185.395126190714,6184.760311911437,0.6348142792767248,0.00010264169462705204,0.0008914886806225925
IV-PH-0026,Q3-R-004,1.0,8244.711355232486,8243.428583343344,1.2827718891421682,0.00015561145173673667,0.0013515187430342959
IV-PH-0027,G01,0.0,4789.017158130827,4788.837666428855,0.17949170197152853,3.748126674449994e-05,0.0003255520454243736
IV-PH-0027,Q3-R-001,0.0,6883.520344069757,6882.9316314144935,0.5887126552634072,8.553225381121829e-05,0.0007428919469401154
IV-PH-0027,Q3-R-002,0.0,1340.5181226334219,1340.5188103573882,-0.0006877239663936052,5.130282104808772e-07,-4.456107560404706e-06
IV-PH-0027,Q3-R-003,0.0,6185.395126190714,6184.760311911437,0.6348142792767248,0.00010264169462705204,0.0008914886806225925
IV-PH-0027,Q3-R-004,0.0,8244.711355232486,8243.428583343344,1.2827718891421682,0.00015561145173673667,0.0013515187430342959
IV-PH-0027,G01,0.5,4790.990077773086,4790.810659988189,0.17941778489694116,3.7450401952930334e-05,0.0003252839672945058
IV-PH-0027,Q3-R-001,0.5,6883.645479633764,6883.056777681433,0.5887019523306662,8.552914371410594e-05,0.0007428649352905375
IV-PH-0027,Q3-R-002,0.5,1333.7723031648907,1333.7729943671566,-0.0006912022658980277,5.182308150016088e-07,-4.501296832825726e-06
IV-PH-0027,Q3-R-003,0.5,6185.403232451282,6184.7684190040445,0.6348134472373204,0.00010264142555228392,0.0008914863437087658
IV-PH-0027,Q3-R-004,0.5,8243.423361264777,8242.140388917702,1.282972347074974,0.00015566009392415175,0.0013519411779597255
IV-PH-0027,G01,1.0,4793.3305310014275,4793.1512008246455,0.17933017678205943,3.7413836799307787e-05,0.00032496637829401297
IV-PH-0027,Q3-R-001,1.0,6884.027086016154,6883.43841670048,0.5886693156735419,8.551966038445589e-05,0.0007427825711797024
IV-PH-0027,Q3-R-002,1.0,1328.322003857682,1328.3226978960502,-0.0006940383682376705,5.224922899661114e-07,-4.53831155320388e-06
IV-PH-0027,Q3-R-003,1.0,6185.696767430107,6185.061984110287,0.6347833198196895,0.00010263168282718547,0.0008914017281586722
IV-PH-0027,Q3-R-004,1.0,8242.349371669088,8241.066232122903,1.283139546185339,0.00015570067149609616,0.0013522935754102603
IV-PH-0028,G01,0.0,4793.3305310014275,4793.1512008246455,0.17933017678205943,3.7413836799307787e-05,0.00032496637829401297
IV-PH-0028,Q3-R-001,0.0,6884.027086016154,6883.43841670048,0.5886693156735419,8.551966038445589e-05,0.0007427825711797024
IV-PH-0028,Q3-R-002,0.0,1328.322003857682,1328.3226978960502,-0.0006940383682376705,5.224922899661114e-07,-4.53831155320388e-06
IV-PH-0028,Q3-R-003,0.0,6185.696767430107,6185.061984110287,0.6347833198196895,0.00010263168282718547,0.0008914017281586722
IV-PH-0028,Q3-R-004,0.0,8242.349371669088,8241.066232122903,1.283139546185339,0.00015570067149609616,0.0013522935754102603
IV-PH-0028,G01,0.5,2409.6026604559934,2409.558074586896,0.04458586909731821,1.8503753683115598e-05,0.00016072007542327049
IV-PH-0028,Q3-R-001,0.5,4630.461607891601,4630.1667921911585,0.2948157004420864,6.367280352390268e-05,0.0005530373378230056
IV-PH-0028,Q3-R-002,0.5,2491.289491183739,2491.252323618375,0.03716756536368848,1.4919229582375306e-05,0.0001295858149799165
IV-PH-0028,Q3-R-003,0.5,5505.898884308297,5505.786775381511,0.11210892678627715,2.0362017520830858e-05,0.00017686043638211443
IV-PH-0028,Q3-R-004,0.5,6458.282514296235,6457.5763510929755,0.706163203259166,0.00010935421663882373,0.0009497867265365909
IV-PH-0028,G01,1.0,287.93653564453126,287.93653564453126,0.0,0.0,0.0
IV-PH-0028,Q3-R-001,1.0,2634.2125101721035,2634.1256523663324,0.0868578057711602,3.2974055619986325e-05,0.00028640428610501514
IV-PH-0028,Q3-R-002,1.0,4700.54915698888,4700.566594161741,-0.01743717286080937,3.709589580640537e-06,-3.222114546347397e-05
IV-PH-0028,Q3-R-003,1.0,5814.942442990392,5814.953808588325,-0.011365597933036042,1.9545465548238338e-06,-1.6976992258859298e-05
IV-PH-0028,Q3-R-004,1.0,5189.321532696551,5189.079480730464,0.2420519660872742,4.664641715088948e-05,0.0004051561819152613
IV-PH-0029,G01,0.0,287.93653564453126,287.93653564453126,0.0,0.0,0.0
IV-PH-0029,Q3-R-001,0.0,2634.2125101721035,2634.1256523663324,0.0868578057711602,3.2974055619986325e-05,0.00028640428610501514
IV-PH-0029,Q3-R-002,0.0,4700.54915698888,4700.566594161741,-0.01743717286080937,3.709589580640537e-06,-3.222114546347397e-05
IV-PH-0029,Q3-R-003,0.0,5814.942442990392,5814.953808588325,-0.011365597933036042,1.9545465548238338e-06,-1.6976992258859298e-05
IV-PH-0029,Q3-R-004,0.0,5189.321532696551,5189.079480730464,0.2420519660872742,4.664641715088948e-05,0.0004051561819152613
IV-PH-0029,G01,0.5,133.96826782226566,133.96826782226566,0.0,0.0,0.0
IV-PH-0029,Q3-R-001,0.5,2633.830022912469,2633.74315249271,0.08687041975872489,3.2983633835556915e-05,0.0002864874786846519
IV-PH-0029,Q3-R-002,0.5,4708.032017475313,4708.0494269339515,-0.017409458638212527,3.697807108526935e-06,-3.2118803832028304e-05
IV-PH-0029,Q3-R-003,0.5,5815.280383777749,5815.2917487152,-0.011364937450707657,1.954319394760988e-06,-1.6975019167717566e-05
IV-PH-0029,Q3-R-004,0.5,5197.227478710668,5196.985794967609,0.24168374305918405,4.650459951097296e-05,0.00040392442691637574
IV-PH-0029,G01,1.0,20.0,20.0,0.0,0.0,0.0
IV-PH-0029,Q3-R-001,1.0,2642.4341213047032,2642.347533755259,0.08658754944417524,3.2769175264814046e-05,0.0002846247764467422
IV-PH-0029,Q3-R-002,1.0,4720.527622296987,4720.5449856715995,-0.01736337461261428,3.678256359237717e-06,-3.194898755548509e-05
IV-PH-0029,Q3-R-003,1.0,5819.693181225441,5819.704537545414,-0.011356319972946949,1.951356791342662e-06,-1.694928627142333e-05
IV-PH-0029,Q3-R-004,1.0,5209.67383011785,5209.43272380445,0.24110631340045074,4.6282642695185965e-05,0.0004019966239475446
IV-PH-0030,G01,0.0,19.999999999999986,19.999999999999986,0.0,0.0,0.0
IV-PH-0030,Q3-R-001,0.0,2642.4341213047032,2642.347533755259,0.08658754944417524,3.2769175264814046e-05,0.0002846247764467422
IV-PH-0030,Q3-R-002,0.0,4720.527622296987,4720.5449856715995,-0.01736337461261428,3.678256359237717e-06,-3.194898755548509e-05
IV-PH-0030,Q3-R-003,0.0,5819.693181225441,5819.704537545414,-0.011356319972946949,1.951356791342662e-06,-1.694928627142333e-05
IV-PH-0030,Q3-R-004,0.0,5209.67383011785,5209.43272380445,0.24110631340045074,4.6282642695185965e-05,0.0004019966239475446
IV-PH-0030,G01,0.5,52.67830505371097,52.67830505371097,0.0,0.0,0.0
IV-PH-0030,Q3-R-001,0.5,2637.25631918887,2637.1695616339816,0.08675755488820869,3.289798128659349e-05,0.000285743534604403
IV-PH-0030,Q3-R-002,0.5,4714.006791659601,4714.024179052679,-0.017387393078024616,3.688439519527189e-06,-3.2037437686976016e-05
IV-PH-0030,Q3-R-003,0.5,5817.102814321131,5817.114175698085,-0.011361376954482694,1.953095059049493e-06,-1.696438470178949e-05
IV-PH-0030,Q3-R-004,0.5,5203.234740298889,5202.993335598568,0.2414047003212545,4.639727263719099e-05,0.00040299224083598204
IV-PH-0030,G01,1.0,125.35661010742189,125.35661010742189,0.0,0.0,0.0
IV-PH-0030,Q3-R-001,1.0,2634.0744053308085,2633.987542970922,0.08686235988670887,3.29775135491853e-05,0.00028643432030668354
IV-PH-0030,Q3-R-002,1.0,4708.598868326735,4708.61627568952,-0.01740736278497934,3.6969168362376785e-06,-3.2111070996488776e-05
IV-PH-0030,Q3-R-003,1.0,5815.419662691138,5815.4310273564,-0.011364665261680784,1.9542257845068067e-06,-1.6974206077995902e-05
IV-PH-0030,Q3-R-004,1.0,5197.803996029734,5197.562339094408,0.241656935325409,4.649428319651743e-05,0.00040383482471387585
IV-PH-0031,G01,0.0,125.35661010742189,125.35661010742189,0.0,0.0,0.0
IV-PH-0031,Q3-R-001,0.0,2634.0744053308085,2633.987542970922,0.08686235988670887,3.29775135491853e-05,0.00028643432030668354
IV-PH-0031,Q3-R-002,0.0,4708.598868326735,4708.61627568952,-0.01740736278497934,3.6969168362376785e-06,-3.2111070996488776e-05
IV-PH-0031,Q3-R-003,0.0,5815.419662691138,5815.4310273564,-0.011364665261680784,1.9542257845068067e-06,-1.6974206077995902e-05
IV-PH-0031,Q3-R-004,0.0,5197.803996029734,5197.562339094408,0.241656935325409,4.649428319651743e-05,0.00040383482471387585
IV-PH-0031,G01,0.5,1532.1485987047301,1532.137447241365,0.011151463365195013,7.278370087013655e-06,6.321888925634013e-05
IV-PH-0031,Q3-R-001,0.5,2887.3100357359526,2887.0456382039274,0.2643975320252139,9.158065550695602e-05,0.0007954230445881567
IV-PH-0031,Q3-R-002,0.5,4341.913851199035,4341.7526921219005,0.16115907713447086,3.7118437774425434e-05,0.0003224006705775242
IV-PH-0031,Q3-R-003,0.5,4409.379791708463,4409.396565830299,-0.0167741218356241,3.804176282444557e-06,-3.30427182031272e-05
IV-PH-0031,Q3-R-004,0.5,4643.895986029485,4643.358264882265,0.537721147220509,0.00011580436325305674,0.0010058056816025021
IV-PH-0031,G01,1.0,3056.5952422518126,3056.5505159176114,0.044726334201186546,1.4632944545907231e-05,0.00012709921148954518
IV-PH-0031,Q3-R-001,1.0,3794.509271267316,3794.0600658640615,0.44920540325438196,0.00011839701940830493,0.001028322570093867
IV-PH-0031,Q3-R-002,1.0,4494.113769953812,4493.884608506524,0.22916144728787913,5.099406576975672e-05,0.000442917534485791
IV-PH-0031,Q3-R-003,1.0,3119.244225685461,3119.2018220544123,0.04240363104872813,1.3594385188195248e-05,0.00011807852684155793
IV-PH-0031,Q3-R-004,1.0,4558.278575801447,4557.330699261254,0.9478765401927376,0.00020798941370359385,0.0018063852453234386
IV-PH-0032,G01,0.0,3056.5952422518126,3056.5505159176114,0.044726334201186546,1.4632944545907231e-05,0.00012709921148954518
IV-PH-0032,Q3-R-001,0.0,3794.509271267316,3794.0600658640615,0.44920540325438196,0.00011839701940830493,0.001028322570093867
IV-PH-0032,Q3-R-002,0.0,4494.113769953812,4493.884608506524,0.22916144728787913,5.099406576975672e-05,0.000442917534485791
IV-PH-0032,Q3-R-003,0.0,3119.244225685461,3119.2018220544123,0.04240363104872813,1.3594385188195248e-05,0.00011807852684155793
IV-PH-0032,Q3-R-004,0.0,4558.278575801447,4557.330699261254,0.9478765401927376,0.00020798941370359385,0.0018063852453234386
IV-PH-0032,G01,0.5,3055.093028069137,3055.04827974231,0.044748326826720586,1.4647338676590426e-05,0.00012722423549053403
IV-PH-0032,Q3-R-001,0.5,3795.6980274534785,3795.2489627513264,0.4490647021520999,0.00011832285748826214,0.0010276784840759158
IV-PH-0032,Q3-R-002,0.5,4497.446509602771,4497.21751797948,0.22899162329031242,5.091851180753967e-05,0.00044226131454695576
IV-PH-0032,Q3-R-003,0.5,3120.9656916319786,3120.9233113902924,0.04238024168625998,1.3579392204732084e-05,0.00011794830121070716
IV-PH-0032,Q3-R-004,0.5,4561.935705454988,4560.988588949077,0.9471165059112536,0.0002076559691918642,0.0018034895848776486
IV-PH-0032,G01,1.0,3054.2393300556505,3054.194569220925,0.044760834725366294,1.4655528228767707e-05,0.0001272953679944796
IV-PH-0032,Q3-R-001,1.0,3797.4085849953985,3796.959722600115,0.4488623952834132,0.00011821626461079163,0.0010267527395919633
IV-PH-0032,Q3-R-002,1.0,4501.217299363555,4500.9884995824095,0.2287997811454261,5.0833229448743e-05,0.00044152059907356467
IV-PH-0032,Q3-R-003,1.0,3123.321100546271,3123.2787522654844,0.042348280786427495,1.355891809391332e-05,0.00011777046775646627
IV-PH-0032,Q3-R-004,1.0,4566.024170621706,4565.077902349557,0.9462682721486999,0.00020728414550421451,0.0018002606352725478
IV-PH-0033,G01,0.0,3054.2393300556505,3054.194569220925,0.044760834725366294,1.4655528228767707e-05,0.0001272953679944796
IV-PH-0033,Q3-R-001,0.0,3797.4085849953985,3796.959722600115,0.4488623952834132,0.00011821626461079163,0.0010267527395919633
IV-PH-0033,Q3-R-002,0.0,4501.217299363555,4500.9884995824095,0.2287997811454261,5.0833229448743e-05,0.00044152059907356467
IV-PH-0033,Q3-R-003,0.0,3123.321100546271,3123.2787522654844,0.042348280786427495,1.355891809391332e-05,0.00011777046775646627
IV-PH-0033,Q3-R-004,0.0,4566.024170621706,4565.077902349557,0.9462682721486999,0.00020728414550421451,0.0018002606352725478
IV-PH-0033,G01,0.5,3054.2393300556505,3054.194569220925,0.044760834725366294,1.4655528228767707e-05,0.0001272953679944796
IV-PH-0033,Q3-R-001,0.5,3797.4085849953985,3796.959722600115,0.4488623952834132,0.00011821626461079163,0.0010267527395919633
IV-PH-0033,Q3-R-002,0.5,4501.217299363555,4500.9884995824095,0.2287997811454261,5.0833229448743e-05,0.00044152059907356467
IV-PH-0033,Q3-R-003,0.5,3123.321100546271,3123.2787522654844,0.042348280786427495,1.355891809391332e-05,0.00011777046775646627
IV-PH-0033,Q3-R-004,0.5,4566.024170621706,4565.077902349557,0.9462682721486999,0.00020728414550421451,0.0018002606352725478
IV-PH-0033,G01,1.0,3054.2393300556505,3054.194569220925,0.044760834725366294,1.4655528228767707e-05,0.0001272953679944796
IV-PH-0033,Q3-R-001,1.0,3797.4085849953985,3796.959722600115,0.4488623952834132,0.00011821626461079163,0.0010267527395919633
IV-PH-0033,Q3-R-002,1.0,4501.217299363555,4500.9884995824095,0.2287997811454261,5.0833229448743e-05,0.00044152059907356467
IV-PH-0033,Q3-R-003,1.0,3123.321100546271,3123.2787522654844,0.042348280786427495,1.355891809391332e-05,0.00011777046775646627
IV-PH-0033,Q3-R-004,1.0,4566.024170621706,4565.077902349557,0.9462682721486999,0.00020728414550421451,0.0018002606352725478
IV-PH-0034,G01,0.0,3054.2393300556505,3054.194569220925,0.044760834725366294,1.4655528228767707e-05,0.0001272953679944796
IV-PH-0034,Q3-R-001,0.0,3797.4085849953985,3796.959722600115,0.4488623952834132,0.00011821626461079163,0.0010267527395919633
IV-PH-0034,Q3-R-002,0.0,4501.217299363555,4500.9884995824095,0.2287997811454261,5.0833229448743e-05,0.00044152059907356467
IV-PH-0034,Q3-R-003,0.0,3123.321100546271,3123.2787522654844,0.042348280786427495,1.355891809391332e-05,0.00011777046775646627
IV-PH-0034,Q3-R-004,0.0,4566.024170621706,4565.077902349557,0.9462682721486999,0.00020728414550421451,0.0018002606352725478
IV-PH-0034,G01,0.5,3055.093028069137,3055.04827974231,0.044748326826720586,1.4647338676590426e-05,0.00012722423549053403
IV-PH-0034,Q3-R-001,0.5,3795.6980274534785,3795.2489627513264,0.4490647021520999,0.00011832285748826214,0.0010276784840759158
IV-PH-0034,Q3-R-002,0.5,4497.446509602771,4497.21751797948,0.22899162329031242,5.091851180753967e-05,0.00044226131454695576
IV-PH-0034,Q3-R-003,0.5,3120.9656916319786,3120.9233113902924,0.04238024168625998,1.3579392204732084e-05,0.00011794830121070716
IV-PH-0034,Q3-R-004,0.5,4561.935705454988,4560.988588949077,0.9471165059112536,0.0002076559691918642,0.0018034895848776486
IV-PH-0034,G01,1.0,3056.5952422518126,3056.5505159176114,0.044726334201186546,1.4632944545907231e-05,0.00012709921148954518
IV-PH-0034,Q3-R-001,1.0,3794.509271267316,3794.0600658640615,0.44920540325438196,0.00011839701940830493,0.001028322570093867
IV-PH-0034,Q3-R-002,1.0,4494.113769953812,4493.884608506524,0.22916144728787913,5.099406576975672e-05,0.000442917534485791
IV-PH-0034,Q3-R-003,1.0,3119.244225685461,3119.2018220544123,0.04240363104872813,1.3594385188195248e-05,0.00011807852684155793
IV-PH-0034,Q3-R-004,1.0,4558.278575801447,4557.330699261254,0.9478765401927376,0.00020798941370359385,0.0018063852453234386
IV-PH-0035,G01,0.0,3056.5952422518126,3056.5505159176114,0.044726334201186546,1.4632944545907231e-05,0.00012709921148954518
IV-PH-0035,Q3-R-001,0.0,3794.509271267316,3794.0600658640615,0.44920540325438196,0.00011839701940830493,0.001028322570093867
IV-PH-0035,Q3-R-002,0.0,4494.113769953812,4493.884608506524,0.22916144728787913,5.099406576975672e-05,0.000442917534485791
IV-PH-0035,Q3-R-003,0.0,3119.244225685461,3119.2018220544123,0.04240363104872813,1.3594385188195248e-05,0.00011807852684155793
IV-PH-0035,Q3-R-004,0.0,4558.278575801447,4557.330699261254,0.9478765401927376,0.00020798941370359385,0.0018063852453234386
IV-PH-0035,G01,0.5,1532.1485987047301,1532.137447241365,0.011151463365195013,7.278370087013655e-06,6.321888925634013e-05
IV-PH-0035,Q3-R-001,0.5,2887.3100357359526,2887.0456382039274,0.2643975320252139,9.158065550695602e-05,0.0007954230445881567
IV-PH-0035,Q3-R-002,0.5,4341.913851199035,4341.7526921219005,0.16115907713447086,3.7118437774425434e-05,0.0003224006705775242
IV-PH-0035,Q3-R-003,0.5,4409.379791708463,4409.396565830299,-0.0167741218356241,3.804176282444557e-06,-3.30427182031272e-05
IV-PH-0035,Q3-R-004,0.5,4643.895986029485,4643.358264882265,0.537721147220509,0.00011580436325305674,0.0010058056816025021
IV-PH-0035,G01,1.0,125.35661010742189,125.35661010742189,0.0,0.0,0.0
IV-PH-0035,Q3-R-001,1.0,2634.0744053308085,2633.987542970922,0.08686235988670887,3.29775135491853e-05,0.00028643432030668354
IV-PH-0035,Q3-R-002,1.0,4708.598868326735,4708.61627568952,-0.01740736278497934,3.6969168362376785e-06,-3.2111070996488776e-05
IV-PH-0035,Q3-R-003,1.0,5815.419662691138,5815.4310273564,-0.011364665261680784,1.9542257845068067e-06,-1.6974206077995902e-05
IV-PH-0035,Q3-R-004,1.0,5197.803996029734,5197.562339094408,0.241656935325409,4.649428319651743e-05,0.00040383482471387585
IV-PH-0036,G01,0.0,125.35661010742189,125.35661010742189,0.0,0.0,0.0
IV-PH-0036,Q3-R-001,0.0,2634.0744053308085,2633.987542970922,0.08686235988670887,3.29775135491853e-05,0.00028643432030668354
IV-PH-0036,Q3-R-002,0.0,4708.598868326735,4708.61627568952,-0.01740736278497934,3.6969168362376785e-06,-3.2111070996488776e-05
IV-PH-0036,Q3-R-003,0.0,5815.419662691138,5815.4310273564,-0.011364665261680784,1.9542257845068067e-06,-1.6974206077995902e-05
IV-PH-0036,Q3-R-004,0.0,5197.803996029734,5197.562339094408,0.241656935325409,4.649428319651743e-05,0.00040383482471387585
IV-PH-0036,G01,0.5,52.67830505371066,52.67830505371066,0.0,0.0,0.0
IV-PH-0036,Q3-R-001,0.5,2637.25631918887,2637.1695616339816,0.08675755488820869,3.289798128659349e-05,0.000285743534604403
IV-PH-0036,Q3-R-002,0.5,4714.006791659601,4714.024179052679,-0.017387393078024616,3.688439519527189e-06,-3.2037437686976016e-05
IV-PH-0036,Q3-R-003,0.5,5817.102814321131,5817.114175698085,-0.011361376954482694,1.953095059049493e-06,-1.696438470178949e-05
IV-PH-0036,Q3-R-004,0.5,5203.234740298889,5202.993335598568,0.2414047003212545,4.639727263719099e-05,0.00040299224083598204
IV-PH-0036,G01,1.0,20.0,20.0,0.0,0.0,0.0
IV-PH-0036,Q3-R-001,1.0,2642.4341213047032,2642.347533755259,0.08658754944417524,3.2769175264814046e-05,0.0002846247764467422
IV-PH-0036,Q3-R-002,1.0,4720.527622296987,4720.5449856715995,-0.01736337461261428,3.678256359237717e-06,-3.194898755548509e-05
IV-PH-0036,Q3-R-003,1.0,5819.693181225441,5819.704537545414,-0.011356319972946949,1.951356791342662e-06,-1.694928627142333e-05
IV-PH-0036,Q3-R-004,1.0,5209.67383011785,5209.43272380445,0.24110631340045074,4.6282642695185965e-05,0.0004019966239475446
IV-PH-0037,G01,0.0,19.999999999999986,19.999999999999986,0.0,0.0,0.0
IV-PH-0037,Q3-R-001,0.0,2642.4341213047032,2642.347533755259,0.08658754944417524,3.2769175264814046e-05,0.0002846247764467422
IV-PH-0037,Q3-R-002,0.0,4720.527622296987,4720.5449856715995,-0.01736337461261428,3.678256359237717e-06,-3.194898755548509e-05
IV-PH-0037,Q3-R-003,0.0,5819.693181225441,5819.704537545414,-0.011356319972946949,1.951356791342662e-06,-1.694928627142333e-05
IV-PH-0037,Q3-R-004,0.0,5209.67383011785,5209.43272380445,0.24110631340045074,4.6282642695185965e-05,0.0004019966239475446
IV-PH-0037,G01,0.5,172.1365875244141,172.1365875244141,0.0,0.0,0.0
IV-PH-0037,Q3-R-001,0.5,2633.0856809285638,2632.9987859507605,0.08689497780324018,3.3002285556262765e-05,0.0002866494801284731
IV-PH-0037,Q3-R-002,0.5,4705.708538447813,4705.725956502471,-0.017418054657355242,3.7014596298976165e-06,-3.2150529347151286e-05
IV-PH-0037,Q3-R-003,0.5,5814.816569342103,5814.827935186067,-0.011365843964085798,1.954631175810038e-06,-1.6977727268762286e-05
IV-PH-0037,Q3-R-004,0.5,5194.843343678913,5194.601549011721,0.2417946671921527,4.6547298173072475e-05,0.00040429528552712667
IV-PH-0037,G01,1.0,364.27317504882814,364.27317504882814,0.0,0.0,0.0
IV-PH-0037,Q3-R-001,1.0,2637.7367680111242,2637.6500262591535,0.08674175197074874,3.288599742467358e-05,0.0002856394475241797
IV-PH-0037,Q3-R-002,1.0,4698.7059496528955,4698.723393665981,-0.017444013085878396,3.7125005292700232e-06,-3.2246429735528374e-05
IV-PH-0037,Q3-R-003,1.0,5816.28641687461,5816.297779846291,-0.011362971680682676,1.9536433846382208e-06,-1.6969147406802164e-05
IV-PH-0037,Q3-R-004,1.0,5187.0922732342515,5186.850117236505,0.2421559977465222,4.668652308687496e-05,0.0004055045213925952
IV-PH-0038,G01,0.0,364.27317504882814,364.27317504882814,0.0,0.0,0.0
IV-PH-0038,Q3-R-001,0.0,2637.7367680111242,2637.6500262591535,0.08674175197074874,3.288599742467358e-05,0.0002856394475241797
IV-PH-0038,Q3-R-002,0.0,4698.7059496528955,4698.723393665981,-0.017444013085878396,3.7125005292700232e-06,-3.2246429735528374e-05
IV-PH-0038,Q3-R-003,0.0,5816.28641687461,5816.297779846291,-0.011362971680682676,1.9536433846382208e-06,-1.6969147406802164e-05
IV-PH-0038,Q3-R-004,0.0,5187.0922732342515,5186.850117236505,0.2421559977465222,4.668652308687496e-05,0.0004055045213925952
IV-PH-0038,G01,0.5,2296.4342715745875,2296.37089363167,0.0633779429176684,2.75991753307051e-05,0.00023972008300084135
IV-PH-0038,Q3-R-001,0.5,399.56697487545796,399.5479585774597,0.019016297998234677,4.759453174517476e-05,0.0004133910126153153
IV-PH-0038,Q3-R-002,0.5,6766.8399369967565,6766.61280319631,0.2271338004466088,3.3566838690595505e-05,0.0002915529631370321
IV-PH-0038,Q3-R-003,0.5,5237.6154079347725,5237.370341779536,0.24506615523660003,4.679183239757918e-05,0.00040641918369373697
IV-PH-0038,Q3-R-004,0.5,3231.992069036602,3231.9341412198696,0.057927816732444626,1.7923575853120635e-05,0.0001556808066049847
IV-PH-0038,G01,1.0,4549.324852818337,4549.0688693468355,0.2559834715011675,5.6271619281490926e-05,0.0004887553234371297
IV-PH-0038,Q3-R-001,1.0,1908.7910081277962,1908.6178333869025,0.17317474089372809,9.073306235770838e-05,0.0007880616150808212
IV-PH-0038,Q3-R-002,1.0,8932.202343194607,8931.59632238472,0.606020809887923,6.785134347922663e-05,0.0005893292880898293
IV-PH-0038,Q3-R-003,1.0,5596.237439115048,5595.321171194447,0.916267920601058,0.00016375609059192934,0.001422250882497411
IV-PH-0038,Q3-R-004,1.0,2065.7807368613308,2065.7112698866713,0.06946697465946272,3.362859837777513e-05,0.00029208938294114883
IV-PH-0039,G01,0.0,4549.324852818337,4549.0688693468355,0.2559834715011675,5.6271619281490926e-05,0.0004887553234371297
IV-PH-0039,Q3-R-001,0.0,1908.7910081277962,1908.6178333869025,0.17317474089372809,9.073306235770838e-05,0.0007880616150808212
IV-PH-0039,Q3-R-002,0.0,8932.202343194607,8931.59632238472,0.606020809887923,6.785134347922663e-05,0.0005893292880898293
IV-PH-0039,Q3-R-003,0.0,5596.237439115048,5595.321171194447,0.916267920601058,0.00016375609059192934,0.001422250882497411
IV-PH-0039,Q3-R-004,0.0,2065.7807368613308,2065.7112698866713,0.06946697465946272,3.362859837777513e-05,0.00029208938294114883
IV-PH-0039,G01,0.5,4543.510602353687,4543.254291286179,0.25631106750824983,5.641574322613782e-05,0.0004900070975841868
IV-PH-0039,Q3-R-001,0.5,1903.6886496026186,1903.5150106681133,0.17363893450533396,9.12201550984295e-05,0.0007922920639990905
IV-PH-0039,Q3-R-002,0.5,8933.265381691066,8932.659433001183,0.6059486898830073,6.783519448243663e-05,0.0005891890292014243
IV-PH-0039,Q3-R-003,0.5,5594.781228040413,5593.864721594297,0.9165064461158181,0.00016384136759292354,0.0014229914678099702
IV-PH-0039,Q3-R-004,0.5,2071.873415658923,2071.804152969975,0.06926268894812893,3.343109861462504e-05,0.00029037397931158334
IV-PH-0039,G01,1.0,4539.160969872122,4538.904413181703,0.25655669041952933,5.652392451236641e-05,0.0004909466952376787
IV-PH-0039,Q3-R-001,1.0,1902.0882145742944,1901.9144295250019,0.17378504929251903,9.137374773265766e-05,0.0007936260308815725
IV-PH-0039,Q3-R-002,1.0,8935.07603768144,8934.470211792866,0.6058258885732357,6.780770143187546e-05,0.0005889502437917864
IV-PH-0039,Q3-R-003,1.0,5594.518946593542,5593.60239717286,0.9165494206818039,0.0001638567341048498,0.0014231249177722202
IV-PH-0039,Q3-R-004,1.0,2081.1608750217456,2081.0919214370947,0.06895358465089885,3.313336808461736e-05,0.00028778801085285857
IV-PH-0040,G01,0.0,4539.160969872122,4538.904413181703,0.25655669041952933,5.652392451236641e-05,0.0004909466952376787
IV-PH-0040,Q3-R-001,0.0,1902.0882145742944,1901.9144295250019,0.17378504929251903,9.137374773265766e-05,0.0007936260308815725
IV-PH-0040,Q3-R-002,0.0,8935.07603768144,8934.470211792866,0.6058258885732357,6.780770143187546e-05,0.0005889502437917864
IV-PH-0040,Q3-R-003,0.0,5594.518946593542,5593.60239717286,0.9165494206818039,0.0001638567341048498,0.0014231249177722202
IV-PH-0040,Q3-R-004,0.0,2081.1608750217456,2081.0919214370947,0.06895358465089885,3.313336808461736e-05,0.00028778801085285857
IV-PH-0040,G01,0.5,4539.160969872122,4538.904413181703,0.25655669041952933,5.652392451236641e-05,0.0004909466952376787
IV-PH-0040,Q3-R-001,0.5,1902.0882145742944,1901.9144295250019,0.17378504929251903,9.137374773265766e-05,0.0007936260308815725
IV-PH-0040,Q3-R-002,0.5,8935.07603768144,8934.470211792866,0.6058258885732357,6.780770143187546e-05,0.0005889502437917864
IV-PH-0040,Q3-R-003,0.5,5594.518946593542,5593.60239717286,0.9165494206818039,0.0001638567341048498,0.0014231249177722202
IV-PH-0040,Q3-R-004,0.5,2081.1608750217456,2081.0919214370947,0.06895358465089885,3.313336808461736e-05,0.00028778801085285857
IV-PH-0040,G01,1.0,4539.160969872122,4538.904413181703,0.25655669041952933,5.652392451236641e-05,0.0004909466952376787
IV-PH-0040,Q3-R-001,1.0,1902.0882145742944,1901.9144295250019,0.17378504929251903,9.137374773265766e-05,0.0007936260308815725
IV-PH-0040,Q3-R-002,1.0,8935.07603768144,8934.470211792866,0.6058258885732357,6.780770143187546e-05,0.0005889502437917864
IV-PH-0040,Q3-R-003,1.0,5594.518946593542,5593.60239717286,0.9165494206818039,0.0001638567341048498,0.0014231249177722202
IV-PH-0040,Q3-R-004,1.0,2081.1608750217456,2081.0919214370947,0.06895358465089885,3.313336808461736e-05,0.00028778801085285857
IV-PH-0041,G01,0.0,4539.160969872122,4538.904413181703,0.25655669041952933,5.652392451236641e-05,0.0004909466952376787
IV-PH-0041,Q3-R-001,0.0,1902.0882145742944,1901.9144295250019,0.17378504929251903,9.137374773265766e-05,0.0007936260308815725
IV-PH-0041,Q3-R-002,0.0,8935.07603768144,8934.470211792866,0.6058258885732357,6.780770143187546e-05,0.0005889502437917864
IV-PH-0041,Q3-R-003,0.0,5594.518946593542,5593.60239717286,0.9165494206818039,0.0001638567341048498,0.0014231249177722202
IV-PH-0041,Q3-R-004,0.0,2081.1608750217456,2081.0919214370947,0.06895358465089885,3.313336808461736e-05,0.00028778801085285857
IV-PH-0041,G01,0.5,4543.510602353687,4543.254291286179,0.25631106750824983,5.641574322613782e-05,0.0004900070975841868
IV-PH-0041,Q3-R-001,0.5,1903.6886496026186,1903.5150106681133,0.17363893450533396,9.12201550984295e-05,0.0007922920639990905
IV-PH-0041,Q3-R-002,0.5,8933.265381691066,8932.659433001183,0.6059486898830073,6.783519448243663e-05,0.0005891890292014243
IV-PH-0041,Q3-R-003,0.5,5594.781228040413,5593.864721594297,0.9165064461158181,0.00016384136759292354,0.0014229914678099702
IV-PH-0041,Q3-R-004,0.5,2071.873415658923,2071.804152969975,0.06926268894812893,3.343109861462504e-05,0.00029037397931158334
IV-PH-0041,G01,1.0,4549.324852818337,4549.0688693468355,0.2559834715011675,5.6271619281490926e-05,0.0004887553234371297
IV-PH-0041,Q3-R-001,1.0,1908.7910081277962,1908.6178333869025,0.17317474089372809,9.073306235770838e-05,0.0007880616150808212
IV-PH-0041,Q3-R-002,1.0,8932.202343194607,8931.59632238472,0.606020809887923,6.785134347922663e-05,0.0005893292880898293
IV-PH-0041,Q3-R-003,1.0,5596.237439115048,5595.321171194447,0.916267920601058,0.00016375609059192934,0.001422250882497411
IV-PH-0041,Q3-R-004,1.0,2065.7807368613308,2065.7112698866713,0.06946697465946272,3.362859837777513e-05,0.00029208938294114883
IV-PH-0042,G01,0.0,4549.324852818337,4549.0688693468355,0.2559834715011675,5.6271619281490926e-05,0.0004887553234371297
IV-PH-0042,Q3-R-001,0.0,1908.7910081277962,1908.6178333869025,0.17317474089372809,9.073306235770838e-05,0.0007880616150808212
IV-PH-0042,Q3-R-002,0.0,8932.202343194607,8931.59632238472,0.606020809887923,6.785134347922663e-05,0.0005893292880898293
IV-PH-0042,Q3-R-003,0.0,5596.237439115048,5595.321171194447,0.916267920601058,0.00016375609059192934,0.001422250882497411
IV-PH-0042,Q3-R-004,0.0,2065.7807368613308,2065.7112698866713,0.06946697465946272,3.362859837777513e-05,0.00029208938294114883
IV-PH-0042,G01,0.5,2296.4342715745875,2296.37089363167,0.0633779429176684,2.75991753307051e-05,0.00023972008300084135
IV-PH-0042,Q3-R-001,0.5,399.56697487545796,399.5479585774597,0.019016297998234677,4.759453174517476e-05,0.0004133910126153153
IV-PH-0042,Q3-R-002,0.5,6766.8399369967565,6766.61280319631,0.2271338004466088,3.3566838690595505e-05,0.0002915529631370321
IV-PH-0042,Q3-R-003,0.5,5237.6154079347725,5237.370341779536,0.24506615523660003,4.679183239757918e-05,0.00040641918369373697
IV-PH-0042,Q3-R-004,0.5,3231.992069036602,3231.9341412198696,0.057927816732444626,1.7923575853120635e-05,0.0001556808066049847
IV-PH-0042,G01,1.0,364.27317504882814,364.27317504882814,0.0,0.0,0.0
IV-PH-0042,Q3-R-001,1.0,2637.7367680111242,2637.6500262591535,0.08674175197074874,3.288599742467358e-05,0.0002856394475241797
IV-PH-0042,Q3-R-002,1.0,4698.7059496528955,4698.723393665981,-0.017444013085878396,3.7125005292700232e-06,-3.2246429735528374e-05
IV-PH-0042,Q3-R-003,1.0,5816.28641687461,5816.297779846291,-0.011362971680682676,1.9536433846382208e-06,-1.6969147406802164e-05
IV-PH-0042,Q3-R-004,1.0,5187.0922732342515,5186.850117236505,0.2421559977465222,4.668652308687496e-05,0.0004055045213925952
IV-PH-0043,G01,0.0,364.27317504882814,364.27317504882814,0.0,0.0,0.0
IV-PH-0043,Q3-R-001,0.0,2637.7367680111242,2637.6500262591535,0.08674175197074874,3.288599742467358e-05,0.0002856394475241797
IV-PH-0043,Q3-R-002,0.0,4698.7059496528955,4698.723393665981,-0.017444013085878396,3.7125005292700232e-06,-3.2246429735528374e-05
IV-PH-0043,Q3-R-003,0.0,5816.28641687461,5816.297779846291,-0.011362971680682676,1.9536433846382208e-06,-1.6969147406802164e-05
IV-PH-0043,Q3-R-004,0.0,5187.0922732342515,5186.850117236505,0.2421559977465222,4.668652308687496e-05,0.0004055045213925952
IV-PH-0043,G01,0.5,172.1365875244141,172.1365875244141,0.0,0.0,0.0
IV-PH-0043,Q3-R-001,0.5,2633.0856809285638,2632.9987859507605,0.08689497780324018,3.3002285556262765e-05,0.0002866494801284731
IV-PH-0043,Q3-R-002,0.5,4705.708538447813,4705.725956502471,-0.017418054657355242,3.7014596298976165e-06,-3.2150529347151286e-05
IV-PH-0043,Q3-R-003,0.5,5814.816569342103,5814.827935186067,-0.011365843964085798,1.954631175810038e-06,-1.6977727268762286e-05
IV-PH-0043,Q3-R-004,0.5,5194.843343678913,5194.601549011721,0.2417946671921527,4.6547298173072475e-05,0.00040429528552712667
IV-PH-0043,G01,1.0,20.0,20.0,0.0,0.0,0.0
IV-PH-0043,Q3-R-001,1.0,2642.4341213047032,2642.347533755259,0.08658754944417524,3.2769175264814046e-05,0.0002846247764467422
IV-PH-0043,Q3-R-002,1.0,4720.527622296987,4720.5449856715995,-0.01736337461261428,3.678256359237717e-06,-3.194898755548509e-05
IV-PH-0043,Q3-R-003,1.0,5819.693181225441,5819.704537545414,-0.011356319972946949,1.951356791342662e-06,-1.694928627142333e-05
IV-PH-0043,Q3-R-004,1.0,5209.67383011785,5209.43272380445,0.24110631340045074,4.6282642695185965e-05,0.0004019966239475446
IV-PH-0044,G01,0.0,19.999999999999986,19.999999999999986,0.0,0.0,0.0
IV-PH-0044,Q3-R-001,0.0,2642.4341213047032,2642.347533755259,0.08658754944417524,3.2769175264814046e-05,0.0002846247764467422
IV-PH-0044,Q3-R-002,0.0,4720.527622296987,4720.5449856715995,-0.01736337461261428,3.678256359237717e-06,-3.194898755548509e-05
IV-PH-0044,Q3-R-003,0.0,5819.693181225441,5819.704537545414,-0.011356319972946949,1.951356791342662e-06,-1.694928627142333e-05
IV-PH-0044,Q3-R-004,0.0,5209.67383011785,5209.43272380445,0.24110631340045074,4.6282642695185965e-05,0.0004019966239475446
IV-PH-0044,G01,0.5,172.1365875244141,172.1365875244141,0.0,0.0,0.0
IV-PH-0044,Q3-R-001,0.5,2633.0856809285638,2632.9987859507605,0.08689497780324018,3.3002285556262765e-05,0.0002866494801284731
IV-PH-0044,Q3-R-002,0.5,4705.708538447813,4705.725956502471,-0.017418054657355242,3.7014596298976165e-06,-3.2150529347151286e-05
IV-PH-0044,Q3-R-003,0.5,5814.816569342103,5814.827935186067,-0.011365843964085798,1.954631175810038e-06,-1.6977727268762286e-05
IV-PH-0044,Q3-R-004,0.5,5194.843343678913,5194.601549011721,0.2417946671921527,4.6547298173072475e-05,0.00040429528552712667
IV-PH-0044,G01,1.0,364.27317504882814,364.27317504882814,0.0,0.0,0.0
IV-PH-0044,Q3-R-001,1.0,2637.7367680111242,2637.6500262591535,0.08674175197074874,3.288599742467358e-05,0.0002856394475241797
IV-PH-0044,Q3-R-002,1.0,4698.7059496528955,4698.723393665981,-0.017444013085878396,3.7125005292700232e-06,-3.2246429735528374e-05
IV-PH-0044,Q3-R-003,1.0,5816.28641687461,5816.297779846291,-0.011362971680682676,1.9536433846382208e-06,-1.6969147406802164e-05
IV-PH-0044,Q3-R-004,1.0,5187.0922732342515,5186.850117236505,0.2421559977465222,4.668652308687496e-05,0.0004055045213925952
IV-PH-0045,G01,0.0,364.27317504882814,364.27317504882814,0.0,0.0,0.0
IV-PH-0045,Q3-R-001,0.0,2637.7367680111242,2637.6500262591535,0.08674175197074874,3.288599742467358e-05,0.0002856394475241797
IV-PH-0045,Q3-R-002,0.0,4698.7059496528955,4698.723393665981,-0.017444013085878396,3.7125005292700232e-06,-3.2246429735528374e-05
IV-PH-0045,Q3-R-003,0.0,5816.28641687461,5816.297779846291,-0.011362971680682676,1.9536433846382208e-06,-1.6969147406802164e-05
IV-PH-0045,Q3-R-004,0.0,5187.0922732342515,5186.850117236505,0.2421559977465222,4.668652308687496e-05,0.0004055045213925952
IV-PH-0045,G01,0.5,2296.4342715745875,2296.37089363167,0.0633779429176684,2.75991753307051e-05,0.00023972008300084135
IV-PH-0045,Q3-R-001,0.5,399.56697487545796,399.5479585774597,0.019016297998234677,4.759453174517476e-05,0.0004133910126153153
IV-PH-0045,Q3-R-002,0.5,6766.8399369967565,6766.61280319631,0.2271338004466088,3.3566838690595505e-05,0.0002915529631370321
IV-PH-0045,Q3-R-003,0.5,5237.6154079347725,5237.370341779536,0.24506615523660003,4.679183239757918e-05,0.00040641918369373697
IV-PH-0045,Q3-R-004,0.5,3231.992069036602,3231.9341412198696,0.057927816732444626,1.7923575853120635e-05,0.0001556808066049847
IV-PH-0045,G01,1.0,4549.324852818337,4549.0688693468355,0.2559834715011675,5.6271619281490926e-05,0.0004887553234371297
IV-PH-0045,Q3-R-001,1.0,1908.7910081277962,1908.6178333869025,0.17317474089372809,9.073306235770838e-05,0.0007880616150808212
IV-PH-0045,Q3-R-002,1.0,8932.202343194607,8931.59632238472,0.606020809887923,6.785134347922663e-05,0.0005893292880898293
IV-PH-0045,Q3-R-003,1.0,5596.237439115048,5595.321171194447,0.916267920601058,0.00016375609059192934,0.001422250882497411
IV-PH-0045,Q3-R-004,1.0,2065.7807368613308,2065.7112698866713,0.06946697465946272,3.362859837777513e-05,0.00029208938294114883
IV-PH-0046,G01,0.0,4549.324852818337,4549.0688693468355,0.2559834715011675,5.6271619281490926e-05,0.0004887553234371297
IV-PH-0046,Q3-R-001,0.0,1908.7910081277962,1908.6178333869025,0.17317474089372809,9.073306235770838e-05,0.0007880616150808212
IV-PH-0046,Q3-R-002,0.0,8932.202343194607,8931.59632238472,0.606020809887923,6.785134347922663e-05,0.0005893292880898293
IV-PH-0046,Q3-R-003,0.0,5596.237439115048,5595.321171194447,0.916267920601058,0.00016375609059192934,0.001422250882497411
IV-PH-0046,Q3-R-004,0.0,2065.7807368613308,2065.7112698866713,0.06946697465946272,3.362859837777513e-05,0.00029208938294114883
IV-PH-0046,G01,0.5,4543.510602353687,4543.254291286179,0.25631106750824983,5.641574322613782e-05,0.0004900070975841868
IV-PH-0046,Q3-R-001,0.5,1903.6886496026186,1903.5150106681133,0.17363893450533396,9.12201550984295e-05,0.0007922920639990905
IV-PH-0046,Q3-R-002,0.5,8933.265381691066,8932.659433001183,0.6059486898830073,6.783519448243663e-05,0.0005891890292014243
IV-PH-0046,Q3-R-003,0.5,5594.781228040413,5593.864721594297,0.9165064461158181,0.00016384136759292354,0.0014229914678099702
IV-PH-0046,Q3-R-004,0.5,2071.873415658923,2071.804152969975,0.06926268894812893,3.343109861462504e-05,0.00029037397931158334
IV-PH-0046,G01,1.0,4539.160969872122,4538.904413181703,0.25655669041952933,5.652392451236641e-05,0.0004909466952376787
IV-PH-0046,Q3-R-001,1.0,1902.0882145742944,1901.9144295250019,0.17378504929251903,9.137374773265766e-05,0.0007936260308815725
IV-PH-0046,Q3-R-002,1.0,8935.07603768144,8934.470211792866,0.6058258885732357,6.780770143187546e-05,0.0005889502437917864
IV-PH-0046,Q3-R-003,1.0,5594.518946593542,5593.60239717286,0.9165494206818039,0.0001638567341048498,0.0014231249177722202
IV-PH-0046,Q3-R-004,1.0,2081.1608750217456,2081.0919214370947,0.06895358465089885,3.313336808461736e-05,0.00028778801085285857
IV-PH-0047,G01,0.0,4539.160969872122,4538.904413181703,0.25655669041952933,5.652392451236641e-05,0.0004909466952376787
IV-PH-0047,Q3-R-001,0.0,1902.0882145742944,1901.9144295250019,0.17378504929251903,9.137374773265766e-05,0.0007936260308815725
IV-PH-0047,Q3-R-002,0.0,8935.07603768144,8934.470211792866,0.6058258885732357,6.780770143187546e-05,0.0005889502437917864
IV-PH-0047,Q3-R-003,0.0,5594.518946593542,5593.60239717286,0.9165494206818039,0.0001638567341048498,0.0014231249177722202
IV-PH-0047,Q3-R-004,0.0,2081.1608750217456,2081.0919214370947,0.06895358465089885,3.313336808461736e-05,0.00028778801085285857
IV-PH-0047,G01,0.5,4539.160969872122,4538.904413181703,0.25655669041952933,5.652392451236641e-05,0.0004909466952376787
IV-PH-0047,Q3-R-001,0.5,1902.0882145742944,1901.9144295250019,0.17378504929251903,9.137374773265766e-05,0.0007936260308815725
IV-PH-0047,Q3-R-002,0.5,8935.07603768144,8934.470211792866,0.6058258885732357,6.780770143187546e-05,0.0005889502437917864
IV-PH-0047,Q3-R-003,0.5,5594.518946593542,5593.60239717286,0.9165494206818039,0.0001638567341048498,0.0014231249177722202
IV-PH-0047,Q3-R-004,0.5,2081.1608750217456,2081.0919214370947,0.06895358465089885,3.313336808461736e-05,0.00028778801085285857
IV-PH-0047,G01,1.0,4539.160969872122,4538.904413181703,0.25655669041952933,5.652392451236641e-05,0.0004909466952376787
IV-PH-0047,Q3-R-001,1.0,1902.0882145742944,1901.9144295250019,0.17378504929251903,9.137374773265766e-05,0.0007936260308815725
IV-PH-0047,Q3-R-002,1.0,8935.07603768144,8934.470211792866,0.6058258885732357,6.780770143187546e-05,0.0005889502437917864
IV-PH-0047,Q3-R-003,1.0,5594.518946593542,5593.60239717286,0.9165494206818039,0.0001638567341048498,0.0014231249177722202
IV-PH-0047,Q3-R-004,1.0,2081.1608750217456,2081.0919214370947,0.06895358465089885,3.313336808461736e-05,0.00028778801085285857
IV-PH-0048,G01,0.0,4539.160969872122,4538.904413181703,0.25655669041952933,5.652392451236641e-05,0.0004909466952376787
IV-PH-0048,Q3-R-001,0.0,1902.0882145742944,1901.9144295250019,0.17378504929251903,9.137374773265766e-05,0.0007936260308815725
IV-PH-0048,Q3-R-002,0.0,8935.07603768144,8934.470211792866,0.6058258885732357,6.780770143187546e-05,0.0005889502437917864
IV-PH-0048,Q3-R-003,0.0,5594.518946593542,5593.60239717286,0.9165494206818039,0.0001638567341048498,0.0014231249177722202
IV-PH-0048,Q3-R-004,0.0,2081.1608750217456,2081.0919214370947,0.06895358465089885,3.313336808461736e-05,0.00028778801085285857
IV-PH-0048,G01,0.5,4543.510602353687,4543.254291286179,0.25631106750824983,5.641574322613782e-05,0.0004900070975841868
IV-PH-0048,Q3-R-001,0.5,1903.6886496026186,1903.5150106681133,0.17363893450533396,9.12201550984295e-05,0.0007922920639990905
IV-PH-0048,Q3-R-002,0.5,8933.265381691066,8932.659433001183,0.6059486898830073,6.783519448243663e-05,0.0005891890292014243
IV-PH-0048,Q3-R-003,0.5,5594.781228040413,5593.864721594297,0.9165064461158181,0.00016384136759292354,0.0014229914678099702
IV-PH-0048,Q3-R-004,0.5,2071.873415658923,2071.804152969975,0.06926268894812893,3.343109861462504e-05,0.00029037397931158334
IV-PH-0048,G01,1.0,4549.324852818337,4549.0688693468355,0.2559834715011675,5.6271619281490926e-05,0.0004887553234371297
IV-PH-0048,Q3-R-001,1.0,1908.7910081277962,1908.6178333869025,0.17317474089372809,9.073306235770838e-05,0.0007880616150808212
IV-PH-0048,Q3-R-002,1.0,8932.202343194607,8931.59632238472,0.606020809887923,6.785134347922663e-05,0.0005893292880898293
IV-PH-0048,Q3-R-003,1.0,5596.237439115048,5595.321171194447,0.916267920601058,0.00016375609059192934,0.001422250882497411
IV-PH-0048,Q3-R-004,1.0,2065.7807368613308,2065.7112698866713,0.06946697465946272,3.362859837777513e-05,0.00029208938294114883
IV-PH-0049,G01,0.0,4549.324852818337,4549.0688693468355,0.2559834715011675,5.6271619281490926e-05,0.0004887553234371297
IV-PH-0049,Q3-R-001,0.0,1908.7910081277962,1908.6178333869025,0.17317474089372809,9.073306235770838e-05,0.0007880616150808212
IV-PH-0049,Q3-R-002,0.0,8932.202343194607,8931.59632238472,0.606020809887923,6.785134347922663e-05,0.0005893292880898293
IV-PH-0049,Q3-R-003,0.0,5596.237439115048,5595.321171194447,0.916267920601058,0.00016375609059192934,0.001422250882497411
IV-PH-0049,Q3-R-004,0.0,2065.7807368613308,2065.7112698866713,0.06946697465946272,3.362859837777513e-05,0.00029208938294114883
IV-PH-0049,G01,0.5,2296.4342715745875,2296.37089363167,0.0633779429176684,2.75991753307051e-05,0.00023972008300084135
IV-PH-0049,Q3-R-001,0.5,399.56697487545796,399.5479585774597,0.019016297998234677,4.759453174517476e-05,0.0004133910126153153
IV-PH-0049,Q3-R-002,0.5,6766.8399369967565,6766.61280319631,0.2271338004466088,3.3566838690595505e-05,0.0002915529631370321
IV-PH-0049,Q3-R-003,0.5,5237.6154079347725,5237.370341779536,0.24506615523660003,4.679183239757918e-05,0.00040641918369373697
IV-PH-0049,Q3-R-004,0.5,3231.992069036602,3231.9341412198696,0.057927816732444626,1.7923575853120635e-05,0.0001556808066049847
IV-PH-0049,G01,1.0,364.27317504882814,364.27317504882814,0.0,0.0,0.0
IV-PH-0049,Q3-R-001,1.0,2637.7367680111242,2637.6500262591535,0.08674175197074874,3.288599742467358e-05,0.0002856394475241797
IV-PH-0049,Q3-R-002,1.0,4698.7059496528955,4698.723393665981,-0.017444013085878396,3.7125005292700232e-06,-3.2246429735528374e-05
IV-PH-0049,Q3-R-003,1.0,5816.28641687461,5816.297779846291,-0.011362971680682676,1.9536433846382208e-06,-1.6969147406802164e-05
IV-PH-0049,Q3-R-004,1.0,5187.0922732342515,5186.850117236505,0.2421559977465222,4.668652308687496e-05,0.0004055045213925952
IV-PH-0050,G01,0.0,364.27317504882814,364.27317504882814,0.0,0.0,0.0
IV-PH-0050,Q3-R-001,0.0,2637.7367680111242,2637.6500262591535,0.08674175197074874,3.288599742467358e-05,0.0002856394475241797
IV-PH-0050,Q3-R-002,0.0,4698.7059496528955,4698.723393665981,-0.017444013085878396,3.7125005292700232e-06,-3.2246429735528374e-05
IV-PH-0050,Q3-R-003,0.0,5816.28641687461,5816.297779846291,-0.011362971680682676,1.9536433846382208e-06,-1.6969147406802164e-05
IV-PH-0050,Q3-R-004,0.0,5187.0922732342515,5186.850117236505,0.2421559977465222,4.668652308687496e-05,0.0004055045213925952
IV-PH-0050,G01,0.5,172.1365875244141,172.1365875244141,0.0,0.0,0.0
IV-PH-0050,Q3-R-001,0.5,2633.0856809285638,2632.9987859507605,0.08689497780324018,3.3002285556262765e-05,0.0002866494801284731
IV-PH-0050,Q3-R-002,0.5,4705.708538447813,4705.725956502471,-0.017418054657355242,3.7014596298976165e-06,-3.2150529347151286e-05
IV-PH-0050,Q3-R-003,0.5,5814.816569342103,5814.827935186067,-0.011365843964085798,1.954631175810038e-06,-1.6977727268762286e-05
IV-PH-0050,Q3-R-004,0.5,5194.843343678913,5194.601549011721,0.2417946671921527,4.6547298173072475e-05,0.00040429528552712667
IV-PH-0050,G01,1.0,20.0,20.0,0.0,0.0,0.0
IV-PH-0050,Q3-R-001,1.0,2642.4341213047032,2642.347533755259,0.08658754944417524,3.2769175264814046e-05,0.0002846247764467422
IV-PH-0050,Q3-R-002,1.0,4720.527622296987,4720.5449856715995,-0.01736337461261428,3.678256359237717e-06,-3.194898755548509e-05
IV-PH-0050,Q3-R-003,1.0,5819.693181225441,5819.704537545414,-0.011356319972946949,1.951356791342662e-06,-1.694928627142333e-05
IV-PH-0050,Q3-R-004,1.0,5209.67383011785,5209.43272380445,0.24110631340045074,4.6282642695185965e-05,0.0004019966239475446
IV-PH-0051,G01,0.0,19.999999999999986,19.999999999999986,0.0,0.0,0.0
IV-PH-0051,Q3-R-001,0.0,2642.4341213047032,2642.347533755259,0.08658754944417524,3.2769175264814046e-05,0.0002846247764467422
IV-PH-0051,Q3-R-002,0.0,4720.527622296987,4720.5449856715995,-0.01736337461261428,3.678256359237717e-06,-3.194898755548509e-05
IV-PH-0051,Q3-R-003,0.0,5819.693181225441,5819.704537545414,-0.011356319972946949,1.951356791342662e-06,-1.694928627142333e-05
IV-PH-0051,Q3-R-004,0.0,5209.67383011785,5209.43272380445,0.24110631340045074,4.6282642695185965e-05,0.0004019966239475446
IV-PH-0051,G01,0.5,99.19891967773424,99.19891967773424,0.0,0.0,0.0
IV-PH-0051,Q3-R-001,0.5,2634.9891560186365,2634.90232381448,0.08683220415650794,3.2954619748789475e-05,0.00028623547383810376
IV-PH-0051,Q3-R-002,0.5,4710.416785860408,4710.4341865050965,-0.017400644688677858,3.6940638590236316e-06,-3.20862902599184e-05
IV-PH-0051,Q3-R-003,0.5,5815.920888231274,5815.932251917112,-0.011363685837750381,1.953888963201825e-06,-1.697128047921752e-05
IV-PH-0051,Q3-R-004,0.5,5199.642218012941,5199.400646514212,0.24157149872917216,4.646141260360976e-05,0.0004035493276407745
IV-PH-0051,G01,1.0,218.39783935546876,218.39783935546876,0.0,0.0,0.0
IV-PH-0051,Q3-R-001,1.0,2632.925062386116,2632.8381621072103,0.08690027890588681,3.3006312410913845e-05,0.0002866844557890091
IV-PH-0051,Q3-R-002,1.0,4703.306105822459,4703.323532774166,-0.017426951706511318,3.705241960302136e-06,-3.218338237270658e-05
IV-PH-0051,Q3-R-003,1.0,5814.590234714093,5814.601601000475,-0.011366286382326507,1.9547833475591508e-06,-1.6979049018109007e-05
IV-PH-0051,Q3-R-004,1.0,5192.328354348844,5192.086442558987,0.24191178985711304,4.6592404139150595e-05,0.00040468705272591774
IV-PH-0052,G01,0.0,218.39783935546876,218.39783935546876,0.0,0.0,0.0
IV-PH-0052,Q3-R-001,0.0,2632.925062386116,2632.8381621072103,0.08690027890588681,3.3006312410913845e-05,0.0002866844557890091
IV-PH-0052,Q3-R-002,0.0,4703.306105822459,4703.323532774166,-0.017426951706511318,3.705241960302136e-06,-3.218338237270658e-05
IV-PH-0052,Q3-R-003,0.0,5814.590234714093,5814.601601000475,-0.011366286382326507,1.9547833475591508e-06,-1.6979049018109007e-05
IV-PH-0052,Q3-R-004,0.0,5192.328354348844,5192.086442558987,0.24191178985711304,4.6592404139150595e-05,0.00040468705272591774
IV-PH-0052,G01,0.5,1607.9998127846923,1608.0021234480473,-0.002310663355046927,1.4369778008079736e-06,-1.2481439558411233e-05
IV-PH-0052,Q3-R-001,0.5,1555.4345517391253,1555.4232389367191,0.011312802406109768,7.273134490290342e-06,6.317341377082382e-05
IV-PH-0052,Q3-R-002,0.5,6293.515203376781,6293.547746847469,-0.032543470688324305,5.170926160785196e-06,-4.4914210083541374e-05
IV-PH-0052,Q3-R-003,0.5,6196.270869752814,6196.1558981905,0.11497156231416739,1.8555304967026927e-05,0.00016116783588920807
IV-PH-0052,Q3-R-004,0.5,4489.6709465376625,4489.615135715735,0.05581082192747999,1.2431092697343784e-05,0.00010797442813185011
IV-PH-0052,G01,1.0,3193.675115436281,3193.684419667317,-0.00930423103591238,2.9133219859217003e-06,-2.53048301100415e-05
IV-PH-0052,Q3-R-001,1.0,1726.9598920376368,1726.9393456222115,0.02054641542531499,1.189758949982819e-05,0.00010334053460403401
IV-PH-0052,Q3-R-002,1.0,7884.89127817014,7884.943587089606,-0.05230891946575866,6.634025835188796e-06,-5.7622607396008854e-05
IV-PH-0052,Q3-R-003,1.0,6932.100500455717,6931.748118132649,0.35238232306801365,5.0835996499385535e-05,0.0004415446321498173
IV-PH-0052,Q3-R-004,1.0,4293.011558376168,4293.020974562246,-0.009416186077942257,2.19337062030134e-06,-1.9051396037140397e-05
IV-PH-0053,G01,0.0,3193.675115436281,3193.684419667317,-0.00930423103591238,2.9133219859217003e-06,-2.53048301100415e-05
IV-PH-0053,Q3-R-001,0.0,1726.9598920376368,1726.9393456222115,0.02054641542531499,1.189758949982819e-05,0.00010334053460403401
IV-PH-0053,Q3-R-002,0.0,7884.89127817014,7884.943587089606,-0.05230891946575866,6.634025835188796e-06,-5.7622607396008854e-05
IV-PH-0053,Q3-R-003,0.0,6932.100500455717,6931.748118132649,0.35238232306801365,5.0835996499385535e-05,0.0004415446321498173
IV-PH-0053,Q3-R-004,0.0,4293.011558376168,4293.020974562246,-0.009416186077942257,2.19337062030134e-06,-1.9051396037140397e-05
IV-PH-0053,G01,0.5,3192.023695519621,3192.033004564264,-0.009309044643032394,2.916337215098171e-06,-2.5331020134249762e-05
IV-PH-0053,Q3-R-001,0.5,1726.9425981886684,1726.922051567486,0.020546621182347735,1.1897827793500035e-05,0.00010334260437138097
IV-PH-0053,Q3-R-002,0.5,7885.652449492535,7885.704753362859,-0.05230387032406725,6.632745196523146e-06,-5.761148383575377e-05
IV-PH-0053,Q3-R-003,0.5,6932.1676275937,6931.815248683074,0.3523789106257027,5.0835011895715e-05,0.00044153608042519615
IV-PH-0053,Q3-R-004,0.5,4294.636590467191,4294.64600309032,-0.009412623128810083,2.1917110565194417e-06,-1.903698121735007e-05
IV-PH-0053,G01,1.0,3190.5776180374933,3190.586931301297,-0.00931326380396058,2.9189813675323113e-06,-2.535398701764834e-05
IV-PH-0053,Q3-R-001,1.0,1727.3062091973968,1727.2856669014848,0.020542295912036934,1.1892819066163511e-05,0.00010329909963710398
IV-PH-0053,Q3-R-002,1.0,7886.496964684193,7886.549262953662,-0.052298269469247316,6.631324768985292e-06,-5.759914607696201e-05
IV-PH-0053,Q3-R-003,1.0,6932.3296531439555,6931.9772824697075,0.3523706742480499,5.0832635464510376e-05,0.0004415154400546468
IV-PH-0053,Q3-R-004,1.0,4296.414130663991,4296.4235393928775,-0.009408728886228346,2.189897899953756e-06,-1.9021232304507383e-05
IV-PH-0054,G01,0.0,3190.5776180374933,3190.586931301297,-0.00931326380396058,2.9189813675323113e-06,-2.535398701764834e-05
IV-PH-0054,Q3-R-001,0.0,1727.3062091973968,1727.2856669014848,0.020542295912036934,1.1892819066163511e-05,0.00010329909963710398
IV-PH-0054,Q3-R-002,0.0,7886.496964684193,7886.549262953662,-0.052298269469247316,6.631324768985292e-06,-5.759914607696201e-05
IV-PH-0054,Q3-R-003,0.0,6932.3296531439555,6931.9772824697075,0.3523706742480499,5.0832635464510376e-05,0.0004415154400546468
IV-PH-0054,Q3-R-004,0.0,4296.414130663991,4296.4235393928775,-0.009408728886228346,2.189897899953756e-06,-1.9021232304507383e-05
IV-PH-0054,G01,0.5,3190.5776180374933,3190.586931301297,-0.00931326380396058,2.9189813675323113e-06,-2.535398701764834e-05
IV-PH-0054,Q3-R-001,0.5,1727.3062091973968,1727.2856669014848,0.020542295912036934,1.1892819066163511e-05,0.00010329909963710398
IV-PH-0054,Q3-R-002,0.5,7886.496964684193,7886.549262953662,-0.052298269469247316,6.631324768985292e-06,-5.759914607696201e-05
IV-PH-0054,Q3-R-003,0.5,6932.3296531439555,6931.9772824697075,0.3523706742480499,5.0832635464510376e-05,0.0004415154400546468
IV-PH-0054,Q3-R-004,0.5,4296.414130663991,4296.4235393928775,-0.009408728886228346,2.189897899953756e-06,-1.9021232304507383e-05
IV-PH-0054,G01,1.0,3190.5776180374933,3190.586931301297,-0.00931326380396058,2.9189813675323113e-06,-2.535398701764834e-05
IV-PH-0054,Q3-R-001,1.0,1727.3062091973968,1727.2856669014848,0.020542295912036934,1.1892819066163511e-05,0.00010329909963710398
IV-PH-0054,Q3-R-002,1.0,7886.496964684193,7886.549262953662,-0.052298269469247316,6.631324768985292e-06,-5.759914607696201e-05
IV-PH-0054,Q3-R-003,1.0,6932.3296531439555,6931.9772824697075,0.3523706742480499,5.0832635464510376e-05,0.0004415154400546468
IV-PH-0054,Q3-R-004,1.0,4296.414130663991,4296.4235393928775,-0.009408728886228346,2.189897899953756e-06,-1.9021232304507383e-05
IV-PH-0055,G01,0.0,3190.5776180374933,3190.586931301297,-0.00931326380396058,2.9189813675323113e-06,-2.535398701764834e-05
IV-PH-0055,Q3-R-001,0.0,1727.3062091973968,1727.2856669014848,0.020542295912036934,1.1892819066163511e-05,0.00010329909963710398
IV-PH-0055,Q3-R-002,0.0,7886.496964684193,7886.549262953662,-0.052298269469247316,6.631324768985292e-06,-5.759914607696201e-05
IV-PH-0055,Q3-R-003,0.0,6932.3296531439555,6931.9772824697075,0.3523706742480499,5.0832635464510376e-05,0.0004415154400546468
IV-PH-0055,Q3-R-004,0.0,4296.414130663991,4296.4235393928775,-0.009408728886228346,2.189897899953756e-06,-1.9021232304507383e-05
IV-PH-0055,G01,0.5,3192.023695519621,3192.033004564264,-0.009309044643032394,2.916337215098171e-06,-2.5331020134249762e-05
IV-PH-0055,Q3-R-001,0.5,1726.9425981886684,1726.922051567486,0.020546621182347735,1.1897827793500035e-05,0.00010334260437138097
IV-PH-0055,Q3-R-002,0.5,7885.652449492535,7885.704753362859,-0.05230387032406725,6.632745196523146e-06,-5.761148383575377e-05
IV-PH-0055,Q3-R-003,0.5,6932.1676275937,6931.815248683074,0.3523789106257027,5.0835011895715e-05,0.00044153608042519615
IV-PH-0055,Q3-R-004,0.5,4294.636590467191,4294.64600309032,-0.009412623128810083,2.1917110565194417e-06,-1.903698121735007e-05
IV-PH-0055,G01,1.0,3193.675115436281,3193.684419667317,-0.00930423103591238,2.9133219859217003e-06,-2.53048301100415e-05
IV-PH-0055,Q3-R-001,1.0,1726.9598920376368,1726.9393456222115,0.02054641542531499,1.189758949982819e-05,0.00010334053460403401
IV-PH-0055,Q3-R-002,1.0,7884.89127817014,7884.943587089606,-0.05230891946575866,6.634025835188796e-06,-5.7622607396008854e-05
IV-PH-0055,Q3-R-003,1.0,6932.100500455717,6931.748118132649,0.35238232306801365,5.0835996499385535e-05,0.0004415446321498173
IV-PH-0055,Q3-R-004,1.0,4293.011558376168,4293.020974562246,-0.009416186077942257,2.19337062030134e-06,-1.9051396037140397e-05
IV-PH-0056,G01,0.0,3193.675115436281,3193.684419667317,-0.00930423103591238,2.9133219859217003e-06,-2.53048301100415e-05
IV-PH-0056,Q3-R-001,0.0,1726.9598920376368,1726.9393456222115,0.02054641542531499,1.189758949982819e-05,0.00010334053460403401
IV-PH-0056,Q3-R-002,0.0,7884.89127817014,7884.943587089606,-0.05230891946575866,6.634025835188796e-06,-5.7622607396008854e-05
IV-PH-0056,Q3-R-003,0.0,6932.100500455717,6931.748118132649,0.35238232306801365,5.0835996499385535e-05,0.0004415446321498173
IV-PH-0056,Q3-R-004,0.0,4293.011558376168,4293.020974562246,-0.009416186077942257,2.19337062030134e-06,-1.9051396037140397e-05
IV-PH-0056,G01,0.5,1607.9998127846923,1608.0021234480473,-0.002310663355046927,1.4369778008079736e-06,-1.2481439558411233e-05
IV-PH-0056,Q3-R-001,0.5,1555.4345517391253,1555.4232389367191,0.011312802406109768,7.273134490290342e-06,6.317341377082382e-05
IV-PH-0056,Q3-R-002,0.5,6293.515203376781,6293.547746847469,-0.032543470688324305,5.170926160785196e-06,-4.4914210083541374e-05
IV-PH-0056,Q3-R-003,0.5,6196.270869752814,6196.1558981905,0.11497156231416739,1.8555304967026927e-05,0.00016116783588920807
IV-PH-0056,Q3-R-004,0.5,4489.6709465376625,4489.615135715735,0.05581082192747999,1.2431092697343784e-05,0.00010797442813185011
IV-PH-0056,G01,1.0,218.39783935546876,218.39783935546876,0.0,0.0,0.0
IV-PH-0056,Q3-R-001,1.0,2632.925062386116,2632.8381621072103,0.08690027890588681,3.3006312410913845e-05,0.0002866844557890091
IV-PH-0056,Q3-R-002,1.0,4703.306105822459,4703.323532774166,-0.017426951706511318,3.705241960302136e-06,-3.218338237270658e-05
IV-PH-0056,Q3-R-003,1.0,5814.590234714093,5814.601601000475,-0.011366286382326507,1.9547833475591508e-06,-1.6979049018109007e-05
IV-PH-0056,Q3-R-004,1.0,5192.328354348844,5192.086442558987,0.24191178985711304,4.6592404139150595e-05,0.00040468705272591774
IV-PH-0057,G01,0.0,218.39783935546876,218.39783935546876,0.0,0.0,0.0
IV-PH-0057,Q3-R-001,0.0,2632.925062386116,2632.8381621072103,0.08690027890588681,3.3006312410913845e-05,0.0002866844557890091
IV-PH-0057,Q3-R-002,0.0,4703.306105822459,4703.323532774166,-0.017426951706511318,3.705241960302136e-06,-3.218338237270658e-05
IV-PH-0057,Q3-R-003,0.0,5814.590234714093,5814.601601000475,-0.011366286382326507,1.9547833475591508e-06,-1.6979049018109007e-05
IV-PH-0057,Q3-R-004,0.0,5192.328354348844,5192.086442558987,0.24191178985711304,4.6592404139150595e-05,0.00040468705272591774
IV-PH-0057,G01,0.5,99.19891967773438,99.19891967773438,0.0,0.0,0.0
IV-PH-0057,Q3-R-001,0.5,2634.9891560186365,2634.90232381448,0.08683220415650794,3.2954619748789475e-05,0.00028623547383810376
IV-PH-0057,Q3-R-002,0.5,4710.416785860408,4710.4341865050965,-0.017400644688677858,3.6940638590236316e-06,-3.20862902599184e-05
IV-PH-0057,Q3-R-003,0.5,5815.920888231274,5815.932251917112,-0.011363685837750381,1.953888963201825e-06,-1.697128047921752e-05
IV-PH-0057,Q3-R-004,0.5,5199.642218012941,5199.400646514212,0.24157149872917216,4.646141260360976e-05,0.0004035493276407745
IV-PH-0057,G01,1.0,20.0,20.0,0.0,0.0,0.0
IV-PH-0057,Q3-R-001,1.0,2642.4341213047032,2642.347533755259,0.08658754944417524,3.2769175264814046e-05,0.0002846247764467422
IV-PH-0057,Q3-R-002,1.0,4720.527622296987,4720.5449856715995,-0.01736337461261428,3.678256359237717e-06,-3.194898755548509e-05
IV-PH-0057,Q3-R-003,1.0,5819.693181225441,5819.704537545414,-0.011356319972946949,1.951356791342662e-06,-1.694928627142333e-05
IV-PH-0057,Q3-R-004,1.0,5209.67383011785,5209.43272380445,0.24110631340045074,4.6282642695185965e-05,0.0004019966239475446
IV-PH-0058,G01,0.0,19.999999999999986,19.999999999999986,0.0,0.0,0.0
IV-PH-0058,Q3-R-001,0.0,2642.4341213047032,2642.347533755259,0.08658754944417524,3.2769175264814046e-05,0.0002846247764467422
IV-PH-0058,Q3-R-002,0.0,4720.527622296987,4720.5449856715995,-0.01736337461261428,3.678256359237717e-06,-3.194898755548509e-05
IV-PH-0058,Q3-R-003,0.0,5819.693181225441,5819.704537545414,-0.011356319972946949,1.951356791342662e-06,-1.694928627142333e-05
IV-PH-0058,Q3-R-004,0.0,5209.67383011785,5209.43272380445,0.24110631340045074,4.6282642695185965e-05,0.0004019966239475446
IV-PH-0058,G01,0.5,52.67830505371097,52.67830505371097,0.0,0.0,0.0
IV-PH-0058,Q3-R-001,0.5,2637.25631918887,2637.1695616339816,0.08675755488820869,3.289798128659349e-05,0.000285743534604403
IV-PH-0058,Q3-R-002,0.5,4714.006791659601,4714.024179052679,-0.017387393078024616,3.688439519527189e-06,-3.2037437686976016e-05
IV-PH-0058,Q3-R-003,0.5,5817.102814321131,5817.114175698085,-0.011361376954482694,1.953095059049493e-06,-1.696438470178949e-05
IV-PH-0058,Q3-R-004,0.5,5203.234740298889,5202.993335598568,0.2414047003212545,4.639727263719099e-05,0.00040299224083598204
IV-PH-0058,G01,1.0,125.35661010742189,125.35661010742189,0.0,0.0,0.0
IV-PH-0058,Q3-R-001,1.0,2634.0744053308085,2633.987542970922,0.08686235988670887,3.29775135491853e-05,0.00028643432030668354
IV-PH-0058,Q3-R-002,1.0,4708.598868326735,4708.61627568952,-0.01740736278497934,3.6969168362376785e-06,-3.2111070996488776e-05
IV-PH-0058,Q3-R-003,1.0,5815.419662691138,5815.4310273564,-0.011364665261680784,1.9542257845068067e-06,-1.6974206077995902e-05
IV-PH-0058,Q3-R-004,1.0,5197.803996029734,5197.562339094408,0.241656935325409,4.649428319651743e-05,0.00040383482471387585
IV-PH-0059,G01,0.0,125.35661010742189,125.35661010742189,0.0,0.0,0.0
IV-PH-0059,Q3-R-001,0.0,2634.0744053308085,2633.987542970922,0.08686235988670887,3.29775135491853e-05,0.00028643432030668354
IV-PH-0059,Q3-R-002,0.0,4708.598868326735,4708.61627568952,-0.01740736278497934,3.6969168362376785e-06,-3.2111070996488776e-05
IV-PH-0059,Q3-R-003,0.0,5815.419662691138,5815.4310273564,-0.011364665261680784,1.9542257845068067e-06,-1.6974206077995902e-05
IV-PH-0059,Q3-R-004,0.0,5197.803996029734,5197.562339094408,0.241656935325409,4.649428319651743e-05,0.00040383482471387585
IV-PH-0059,G01,0.5,1532.1485987043734,1532.137447241012,0.011151463361329661,7.278370084492482e-06,6.321888923319644e-05
IV-PH-0059,Q3-R-001,0.5,2887.3100357359494,2887.0456382039497,0.264397531999748,9.158065549813459e-05,0.0007954230445129461
IV-PH-0059,Q3-R-002,0.5,4341.913851198899,4341.752692121197,0.16115907770199556,3.711843790514472e-05,0.00032240067171345984
IV-PH-0059,Q3-R-003,0.5,4409.379791708857,4409.3965658303,-0.01677412144272239,3.804176193339005e-06,-3.304271742973362e-05
IV-PH-0059,Q3-R-004,0.5,4643.895986029723,4643.3582648829715,0.5377211467512097,0.00011580436315197017,0.0010058056807250655
IV-PH-0059,G01,1.0,3056.5952422518126,3056.5505159176114,0.044726334201186546,1.4632944545907231e-05,0.00012709921148954518
IV-PH-0059,Q3-R-001,1.0,3794.509271267316,3794.0600658640615,0.44920540325438196,0.00011839701940830493,0.001028322570093867
IV-PH-0059,Q3-R-002,1.0,4494.113769953812,4493.884608506524,0.22916144728787913,5.099406576975672e-05,0.000442917534485791
IV-PH-0059,Q3-R-003,1.0,3119.244225685461,3119.2018220544123,0.04240363104872813,1.3594385188195248e-05,0.00011807852684155793
IV-PH-0059,Q3-R-004,1.0,4558.278575801447,4557.330699261254,0.9478765401927376,0.00020798941370359385,0.0018063852453234386
IV-PH-0060,G01,0.0,3056.5952422518126,3056.5505159176114,0.044726334201186546,1.4632944545907231e-05,0.00012709921148954518
IV-PH-0060,Q3-R-001,0.0,3794.509271267316,3794.0600658640615,0.44920540325438196,0.00011839701940830493,0.001028322570093867
IV-PH-0060,Q3-R-002,0.0,4494.113769953812,4493.884608506524,0.22916144728787913,5.099406576975672e-05,0.000442917534485791
IV-PH-0060,Q3-R-003,0.0,3119.244225685461,3119.2018220544123,0.04240363104872813,1.3594385188195248e-05,0.00011807852684155793
IV-PH-0060,Q3-R-004,0.0,4558.278575801447,4557.330699261254,0.9478765401927376,0.00020798941370359385,0.0018063852453234386
IV-PH-0060,G01,0.5,3055.093028069137,3055.04827974231,0.044748326826720586,1.4647338676590426e-05,0.00012722423549053403
IV-PH-0060,Q3-R-001,0.5,3795.6980274534785,3795.2489627513264,0.4490647021520999,0.00011832285748826214,0.0010276784840759158
IV-PH-0060,Q3-R-002,0.5,4497.446509602771,4497.21751797948,0.22899162329031242,5.091851180753967e-05,0.00044226131454695576
IV-PH-0060,Q3-R-003,0.5,3120.9656916319786,3120.9233113902924,0.04238024168625998,1.3579392204732084e-05,0.00011794830121070716
IV-PH-0060,Q3-R-004,0.5,4561.935705454988,4560.988588949077,0.9471165059112536,0.0002076559691918642,0.0018034895848776486
IV-PH-0060,G01,1.0,3054.2393300556505,3054.194569220925,0.044760834725366294,1.4655528228767707e-05,0.0001272953679944796
IV-PH-0060,Q3-R-001,1.0,3797.4085849953985,3796.959722600115,0.4488623952834132,0.00011821626461079163,0.0010267527395919633
IV-PH-0060,Q3-R-002,1.0,4501.217299363555,4500.9884995824095,0.2287997811454261,5.0833229448743e-05,0.00044152059907356467
IV-PH-0060,Q3-R-003,1.0,3123.321100546271,3123.2787522654844,0.042348280786427495,1.355891809391332e-05,0.00011777046775646627
IV-PH-0060,Q3-R-004,1.0,4566.024170621706,4565.077902349557,0.9462682721486999,0.00020728414550421451,0.0018002606352725478
IV-PH-0061,G01,0.0,3054.2393300556505,3054.194569220925,0.044760834725366294,1.4655528228767707e-05,0.0001272953679944796
IV-PH-0061,Q3-R-001,0.0,3797.4085849953985,3796.959722600115,0.4488623952834132,0.00011821626461079163,0.0010267527395919633
IV-PH-0061,Q3-R-002,0.0,4501.217299363555,4500.9884995824095,0.2287997811454261,5.0833229448743e-05,0.00044152059907356467
IV-PH-0061,Q3-R-003,0.0,3123.321100546271,3123.2787522654844,0.042348280786427495,1.355891809391332e-05,0.00011777046775646627
IV-PH-0061,Q3-R-004,0.0,4566.024170621706,4565.077902349557,0.9462682721486999,0.00020728414550421451,0.0018002606352725478
IV-PH-0061,G01,0.5,3054.2393300556505,3054.194569220925,0.044760834725366294,1.4655528228767707e-05,0.0001272953679944796
IV-PH-0061,Q3-R-001,0.5,3797.4085849953985,3796.959722600115,0.4488623952834132,0.00011821626461079163,0.0010267527395919633
IV-PH-0061,Q3-R-002,0.5,4501.217299363555,4500.9884995824095,0.2287997811454261,5.0833229448743e-05,0.00044152059907356467
IV-PH-0061,Q3-R-003,0.5,3123.321100546271,3123.2787522654844,0.042348280786427495,1.355891809391332e-05,0.00011777046775646627
IV-PH-0061,Q3-R-004,0.5,4566.024170621706,4565.077902349557,0.9462682721486999,0.00020728414550421451,0.0018002606352725478
IV-PH-0061,G01,1.0,3054.2393300556505,3054.194569220925,0.044760834725366294,1.4655528228767707e-05,0.0001272953679944796
IV-PH-0061,Q3-R-001,1.0,3797.4085849953985,3796.959722600115,0.4488623952834132,0.00011821626461079163,0.0010267527395919633
IV-PH-0061,Q3-R-002,1.0,4501.217299363555,4500.9884995824095,0.2287997811454261,5.0833229448743e-05,0.00044152059907356467
IV-PH-0061,Q3-R-003,1.0,3123.321100546271,3123.2787522654844,0.042348280786427495,1.355891809391332e-05,0.00011777046775646627
IV-PH-0061,Q3-R-004,1.0,4566.024170621706,4565.077902349557,0.9462682721486999,0.00020728414550421451,0.0018002606352725478
IV-PH-0062,G01,0.0,3054.2393300556505,3054.194569220925,0.044760834725366294,1.4655528228767707e-05,0.0001272953679944796
IV-PH-0062,Q3-R-001,0.0,3797.4085849953985,3796.959722600115,0.4488623952834132,0.00011821626461079163,0.0010267527395919633
IV-PH-0062,Q3-R-002,0.0,4501.217299363555,4500.9884995824095,0.2287997811454261,5.0833229448743e-05,0.00044152059907356467
IV-PH-0062,Q3-R-003,0.0,3123.321100546271,3123.2787522654844,0.042348280786427495,1.355891809391332e-05,0.00011777046775646627
IV-PH-0062,Q3-R-004,0.0,4566.024170621706,4565.077902349557,0.9462682721486999,0.00020728414550421451,0.0018002606352725478
IV-PH-0062,G01,0.5,3058.3225045665995,3058.277803493057,0.04470107354245556,1.4616420225592185e-05,0.00012695568516561169
IV-PH-0062,Q3-R-001,0.5,3793.921638488416,3793.4723635004143,0.44927498800188914,0.00011843370531038273,0.0010286411820621762
IV-PH-0062,Q3-R-002,0.5,4491.694270919001,4491.464986025155,0.22928489384594286,5.1049021768920615e-05,0.00044339485187532094
IV-PH-0062,Q3-R-003,0.5,3118.3018676395614,3118.2594511938623,0.04241644569901837,1.3602603106928364e-05,0.00011814990580657525
IV-PH-0062,Q3-R-004,0.5,4555.5863902378005,4554.637953420499,0.9484368173016264,0.0002082353914847079,0.001808521336635809
IV-PH-0062,G01,1.0,3067.563590267864,3067.519023859,0.04456640886428431,1.4528486544875241e-05,0.00012619191405082404
IV-PH-0062,Q3-R-001,1.0,3794.604329611104,3794.155135462192,0.44919414891182896,0.00011839108651974231,0.0010282710437784462
IV-PH-0062,Q3-R-002,1.0,4485.6804224601465,4485.450830153599,0.22959230654760177,5.1186004538085566e-05,0.00044458460827289303
IV-PH-0062,Q3-R-003,1.0,3118.3536617981626,3118.311246056988,0.0424157411748638,1.3602151237628138e-05,0.0001181459809719559
IV-PH-0062,Q3-R-004,1.0,4548.605189819946,4547.655297037754,0.9498927821914549,0.00020887528190850234,0.001814078195324502
IV-PH-0063,G01,0.0,3067.563590267864,3067.519023859,0.04456640886428431,1.4528486544875241e-05,0.00012619191405082404
IV-PH-0063,Q3-R-001,0.0,3794.604329611104,3794.155135462192,0.44919414891182896,0.00011839108651974231,0.0010282710437784462
IV-PH-0063,Q3-R-002,0.0,4485.6804224601465,4485.450830153599,0.22959230654760177,5.1186004538085566e-05,0.00044458460827289303
IV-PH-0063,Q3-R-003,0.0,3118.3536617981626,3118.311246056988,0.0424157411748638,1.3602151237628138e-05,0.0001181459809719559
IV-PH-0063,Q3-R-004,0.0,4548.605189819946,4547.655297037754,0.9498927821914549,0.00020887528190850234,0.001814078195324502
IV-PH-0063,G01,0.5,5151.859419556032,5151.586911746833,0.2725078091989417,5.289783786381622e-05,0.00045945262985877674
IV-PH-0063,Q3-R-001,0.5,6130.803687180996,6129.915577640472,0.8881095405240558,0.00014488120256721495,0.001258330984077385
IV-PH-0063,Q3-R-002,0.5,4277.612511706989,4277.564026801342,0.048484905646546395,1.1334700157089694e-05,9.845139668789946e-05
IV-PH-0063,Q3-R-003,0.5,3389.6591389416963,3388.8981063336564,0.7610326080398409,0.00022456638829521447,0.0019503398829542416
IV-PH-0063,Q3-R-004,0.5,6371.642854791485,6369.922756226193,1.7200985652916643,0.00027003444643192533,0.0023451727757161527
IV-PH-0063,G01,1.0,7396.745168452557,7396.097184350469,0.6479841020873209,8.761162623152138e-05,0.0007609515828430574
IV-PH-0063,Q3-R-001,1.0,8474.25278079562,8472.789644776123,1.4631360194962326,0.00017268645639023097,0.0014998060078285145
IV-PH-0063,Q3-R-002,1.0,5245.291532205108,5245.292274507621,-0.0007423025135722128,1.4151785538812385e-07,-1.2292085610950967e-06
IV-PH-0063,Q3-R-003,1.0,4928.88659902059,4927.1374000771475,1.7491989434429343,0.00035501322601954346,0.003083058470367199
IV-PH-0063,Q3-R-004,1.0,8458.388184210695,8455.804017454708,2.5841667559870984,0.0003056086388299432,0.0026540773754833063
IV-PH-0064,G01,0.0,7396.745168452557,7396.097184350469,0.6479841020873209,8.761162623152138e-05,0.0007609515828430574
IV-PH-0064,Q3-R-001,0.0,8474.25278079562,8472.789644776123,1.4631360194962326,0.00017268645639023097,0.0014998060078285145
IV-PH-0064,Q3-R-002,0.0,5245.291532205108,5245.292274507621,-0.0007423025135722128,1.4151785538812385e-07,-1.2292085610950967e-06
IV-PH-0064,Q3-R-003,0.0,4928.88659902059,4927.1374000771475,1.7491989434429343,0.00035501322601954346,0.003083058470367199
IV-PH-0064,Q3-R-004,0.0,8458.388184210695,8455.804017454708,2.5841667559870984,0.0003056086388299432,0.0026540773754833063
IV-PH-0064,G01,0.5,7394.122856696172,7393.474642767597,0.6482139285744779,8.767378802178892e-05,0.00076149146597527
IV-PH-0064,Q3-R-001,0.5,8473.843329014304,8472.380122284614,1.463206729689773,0.00017270314935954656,0.0014999509760817062
IV-PH-0064,Q3-R-002,0.5,5248.12190595023,5248.122647852411,-0.0007419021812893334,1.4136525212361944e-07,-1.2278830658036702e-06
IV-PH-0064,Q3-R-003,0.5,4928.487767887105,4926.73842734187,1.7493405452350999,0.00035507071687159244,0.003083557652333005
IV-PH-0064,Q3-R-004,0.5,8460.493886864062,8457.91036346876,2.583523395302109,0.0003054564643367246,0.002652756008350065
IV-PH-0064,G01,1.0,7392.320563391983,7391.672191410998,0.6483719809857575,8.771654967859035e-05,0.0007618628564385394
IV-PH-0064,Q3-R-001,1.0,8474.149992517177,8472.686838747322,1.4631537698551256,0.00017269064674547223,0.0014998423985068462
IV-PH-0064,Q3-R-002,1.0,5252.106299452386,5252.1070407917405,-0.0007413393541355617,1.4115084638941534e-07,-1.2260207601945064e-06
IV-PH-0064,Q3-R-003,1.0,4929.320136647809,4927.571091602414,1.749045045395178,0.0003549507481233315,0.003082515986827959
IV-PH-0064,Q3-R-004,1.0,8463.3161174373,8460.733455822967,2.5826616143331194,0.00030525268616701817,0.00265098655396864
IV-PH-0065,G01,0.0,7392.320563391983,7391.672191410998,0.6483719809857575,8.771654967859035e-05,0.0007618628564385394
IV-PH-0065,Q3-R-001,0.0,8474.149992517177,8472.686838747322,1.4631537698551256,0.00017269064674547223,0.0014998423985068462
IV-PH-0065,Q3-R-002,0.0,5252.106299452386,5252.1070407917405,-0.0007413393541355617,1.4115084638941534e-07,-1.2260207601945064e-06
IV-PH-0065,Q3-R-003,0.0,4929.320136647809,4927.571091602414,1.749045045395178,0.0003549507481233315,0.003082515986827959
IV-PH-0065,Q3-R-004,0.0,8463.3161174373,8460.733455822967,2.5826616143331194,0.00030525268616701817,0.00265098655396864
IV-PH-0065,G01,0.5,7392.320563391983,7391.672191410998,0.6483719809857575,8.771654967859035e-05,0.0007618628564385394
IV-PH-0065,Q3-R-001,0.5,8474.149992517177,8472.686838747322,1.4631537698551256,0.00017269064674547223,0.0014998423985068462
IV-PH-0065,Q3-R-002,0.5,5252.106299452386,5252.1070407917405,-0.0007413393541355617,1.4115084638941534e-07,-1.2260207601945064e-06
IV-PH-0065,Q3-R-003,0.5,4929.320136647809,4927.571091602414,1.749045045395178,0.0003549507481233315,0.003082515986827959
IV-PH-0065,Q3-R-004,0.5,8463.3161174373,8460.733455822967,2.5826616143331194,0.00030525268616701817,0.00265098655396864
IV-PH-0065,G01,1.0,7392.320563391983,7391.672191410998,0.6483719809857575,8.771654967859035e-05,0.0007618628564385394
IV-PH-0065,Q3-R-001,1.0,8474.149992517177,8472.686838747322,1.4631537698551256,0.00017269064674547223,0.0014998423985068462
IV-PH-0065,Q3-R-002,1.0,5252.106299452386,5252.1070407917405,-0.0007413393541355617,1.4115084638941534e-07,-1.2260207601945064e-06
IV-PH-0065,Q3-R-003,1.0,4929.320136647809,4927.571091602414,1.749045045395178,0.0003549507481233315,0.003082515986827959
IV-PH-0065,Q3-R-004,1.0,8463.3161174373,8460.733455822967,2.5826616143331194,0.00030525268616701817,0.00265098655396864
IV-PH-0066,G01,0.0,7392.320563391983,7391.672191410998,0.6483719809857575,8.771654967859035e-05,0.0007618628564385394
IV-PH-0066,Q3-R-001,0.0,8474.149992517177,8472.686838747322,1.4631537698551256,0.00017269064674547223,0.0014998423985068462
IV-PH-0066,Q3-R-002,0.0,5252.106299452386,5252.1070407917405,-0.0007413393541355617,1.4115084638941534e-07,-1.2260207601945064e-06
IV-PH-0066,Q3-R-003,0.0,4929.320136647809,4927.571091602414,1.749045045395178,0.0003549507481233315,0.003082515986827959
IV-PH-0066,Q3-R-004,0.0,8463.3161174373,8460.733455822967,2.5826616143331194,0.00030525268616701817,0.00265098655396864
IV-PH-0066,G01,0.5,7393.8146056199375,7393.1663646646975,0.6482409552399986,8.768109944586622e-05,0.0007615549666308095
IV-PH-0066,Q3-R-001,0.5,8473.843307735246,8472.38010100188,1.4632067333659506,0.00017270315022728064,0.0014999509836175883
IV-PH-0066,Q3-R-002,0.5,5248.621456103372,5248.62219793494,-0.0007418315681206877,1.413383436919045e-07,-1.227649341722564e-06
IV-PH-0066,Q3-R-003,0.5,4928.531407395322,4926.782082345062,1.7493250502602677,0.00035506442562761365,0.0030835030266779923
IV-PH-0066,Q3-R-004,0.5,8460.853892447494,8458.270479013543,2.5834134339511365,0.00030543045890540384,0.0026525301970158435
IV-PH-0066,G01,1.0,7395.910815472664,7395.262758263307,0.6480572093569208,8.763139736080313e-05,0.0007611232976432094
IV-PH-0066,Q3-R-001,1.0,8474.062424258862,8472.599255366631,1.4631688922308967,0.00017269421674866902,0.001499873401806457
IV-PH-0066,Q3-R-002,1.0,5245.983707180757,5245.984449385328,-0.0007422045709972735,1.4148051298250372e-07,-1.2288842085414985e-06
IV-PH-0066,Q3-R-003,1.0,4928.646661672828,4926.897377544304,1.7492841285238683,0.00035504781091985274,0.0030833587643806087
IV-PH-0066,Q3-R-004,1.0,8458.917704578402,8456.333699638277,2.5840049401249416,0.0003055703608569129,0.002653744998804965
IV-PH-0067,G01,0.0,7395.910815472664,7395.262758263307,0.6480572093569208,8.763139736080313e-05,0.0007611232976432094
IV-PH-0067,Q3-R-001,0.0,8474.062424258862,8472.599255366631,1.4631688922308967,0.00017269421674866902,0.001499873401806457
IV-PH-0067,Q3-R-002,0.0,5245.983707180757,5245.984449385328,-0.0007422045709972735,1.4148051298250372e-07,-1.2288842085414985e-06
IV-PH-0067,Q3-R-003,0.0,4928.646661672828,4926.897377544304,1.7492841285238683,0.00035504781091985274,0.0030833587643806087
IV-PH-0067,Q3-R-004,0.0,8458.917704578402,8456.333699638277,2.5840049401249416,0.0003055703608569129,0.002653744998804965
IV-PH-0067,G01,0.5,3705.1021732158006,3704.9405287986874,0.16164441711316613,4.362942288997516e-05,0.0003789520855251198
IV-PH-0067,Q3-R-001,0.5,5071.050220520333,5070.426758342378,0.6234621779549343,0.00012296049379456107,0.0010679556221107722
IV-PH-0067,Q3-R-002,0.5,3339.7832250889446,3339.687539233657,0.09568585528768381,2.8651140013427848e-05,0.0002488570751585432
IV-PH-0067,Q3-R-003,0.5,3923.5358509931903,3923.2068245327546,0.32902646043567074,8.386671290898793e-05,0.0007284264676955376
IV-PH-0067,Q3-R-004,0.5,5965.603168133823,5964.37043922244,1.2327289113827646,0.000206682150940221,0.001795032858988733
IV-PH-0067,G01,1.0,265.6009948730469,265.6009948730469,0.0,0.0,0.0
IV-PH-0067,Q3-R-001,1.0,2633.598898618063,2633.5120205743156,0.08687804374721964,3.298942365498423e-05,0.0002865377667591346
IV-PH-0067,Q3-R-002,1.0,4701.322726227687,4701.340160531396,-0.017434303708796506,3.7083689147108843e-06,-3.221054285484208e-05
IV-PH-0067,Q3-R-003,1.0,5814.7386599404945,5814.750025936744,-0.011365996249878663,1.95468355461207e-06,-1.697818222584971e-05
IV-PH-0067,Q3-R-004,1.0,5190.185934764185,5189.943923112642,0.24201165154318005,4.663087985698983e-05,0.0004050212329890427
IV-PH-0068,G01,0.0,265.6009948730469,265.6009948730469,0.0,0.0,0.0
IV-PH-0068,Q3-R-001,0.0,2633.598898618063,2633.5120205743156,0.08687804374721964,3.298942365498423e-05,0.0002865377667591346
IV-PH-0068,Q3-R-002,0.0,4701.322726227687,4701.340160531396,-0.017434303708796506,3.7083689147108843e-06,-3.221054285484208e-05
IV-PH-0068,Q3-R-003,0.0,5814.7386599404945,5814.750025936744,-0.011365996249878663,1.95468355461207e-06,-1.697818222584971e-05
IV-PH-0068,Q3-R-004,0.0,5190.185934764185,5189.943923112642,0.24201165154318005,4.663087985698983e-05,0.0004050212329890427
IV-PH-0068,G01,0.5,122.80049743652302,122.80049743652302,0.0,0.0,0.0
IV-PH-0068,Q3-R-001,0.5,2634.1523570307577,2634.065497241448,0.08685978930952842,3.297556169369866e-05,0.00028641736726369994
IV-PH-0068,Q3-R-002,0.5,4708.770139053166,4708.7875457828,-0.017406729634785734,3.6966479089453155e-06,-3.210873511478919e-05
IV-PH-0068,Q3-R-003,0.5,5815.4634571490615,5815.474821728739,-0.011364579677319853,1.9541963512347487e-06,-1.6973950422712985e-05
IV-PH-0068,Q3-R-004,0.5,5197.977851506416,5197.736202654106,0.2416488523103908,4.649117286617938e-05,0.0004038078099829449
IV-PH-0068,G01,1.0,20.0,20.0,0.0,0.0,0.0
IV-PH-0068,Q3-R-001,1.0,2642.4341213047032,2642.347533755259,0.08658754944417524,3.2769175264814046e-05,0.0002846247764467422
IV-PH-0068,Q3-R-002,1.0,4720.527622296987,4720.5449856715995,-0.01736337461261428,3.678256359237717e-06,-3.194898755548509e-05
IV-PH-0068,Q3-R-003,1.0,5819.693181225441,5819.704537545414,-0.011356319972946949,1.951356791342662e-06,-1.694928627142333e-05
IV-PH-0068,Q3-R-004,1.0,5209.67383011785,5209.43272380445,0.24110631340045074,4.6282642695185965e-05,0.0004019966239475446
IV-PH-0069,G01,0.0,19.999999999999986,19.999999999999986,0.0,0.0,0.0
IV-PH-0069,Q3-R-001,0.0,2642.4341213047032,2642.347533755259,0.08658754944417524,3.2769175264814046e-05,0.0002846247764467422
IV-PH-0069,Q3-R-002,0.0,4720.527622296987,4720.5449856715995,-0.01736337461261428,3.678256359237717e-06,-3.194898755548509e-05
IV-PH-0069,Q3-R-003,0.0,5819.693181225441,5819.704537545414,-0.011356319972946949,1.951356791342662e-06,-1.694928627142333e-05
IV-PH-0069,Q3-R-004,0.0,5209.67383011785,5209.43272380445,0.24110631340045074,4.6282642695185965e-05,0.0004019966239475446
IV-PH-0069,G01,0.5,52.67830505371097,52.67830505371097,0.0,0.0,0.0
IV-PH-0069,Q3-R-001,0.5,2637.25631918887,2637.1695616339816,0.08675755488820869,3.289798128659349e-05,0.000285743534604403
IV-PH-0069,Q3-R-002,0.5,4714.006791659601,4714.024179052679,-0.017387393078024616,3.688439519527189e-06,-3.2037437686976016e-05
IV-PH-0069,Q3-R-003,0.5,5817.102814321131,5817.114175698085,-0.011361376954482694,1.953095059049493e-06,-1.696438470178949e-05
IV-PH-0069,Q3-R-004,0.5,5203.234740298889,5202.993335598568,0.2414047003212545,4.639727263719099e-05,0.00040299224083598204
IV-PH-0069,G01,1.0,125.35661010742189,125.35661010742189,0.0,0.0,0.0
IV-PH-0069,Q3-R-001,1.0,2634.0744053308085,2633.987542970922,0.08686235988670887,3.29775135491853e-05,0.00028643432030668354
IV-PH-0069,Q3-R-002,1.0,4708.598868326735,4708.61627568952,-0.01740736278497934,3.6969168362376785e-06,-3.2111070996488776e-05
IV-PH-0069,Q3-R-003,1.0,5815.419662691138,5815.4310273564,-0.011364665261680784,1.9542257845068067e-06,-1.6974206077995902e-05
IV-PH-0069,Q3-R-004,1.0,5197.803996029734,5197.562339094408,0.241656935325409,4.649428319651743e-05,0.00040383482471387585
IV-PH-0070,G01,0.0,125.35661010742189,125.35661010742189,0.0,0.0,0.0
IV-PH-0070,Q3-R-001,0.0,2634.0744053308085,2633.987542970922,0.08686235988670887,3.29775135491853e-05,0.00028643432030668354
IV-PH-0070,Q3-R-002,0.0,4708.598868326735,4708.61627568952,-0.01740736278497934,3.6969168362376785e-06,-3.2111070996488776e-05
IV-PH-0070,Q3-R-003,0.0,5815.419662691138,5815.4310273564,-0.011364665261680784,1.9542257845068067e-06,-1.6974206077995902e-05
IV-PH-0070,Q3-R-004,0.0,5197.803996029734,5197.562339094408,0.241656935325409,4.649428319651743e-05,0.00040383482471387585
IV-PH-0070,G01,0.5,1532.1485987047301,1532.137447241365,0.011151463365195013,7.278370087013655e-06,6.321888925634013e-05
IV-PH-0070,Q3-R-001,0.5,2887.3100357359526,2887.0456382039274,0.2643975320252139,9.158065550695602e-05,0.0007954230445881567
IV-PH-0070,Q3-R-002,0.5,4341.913851199035,4341.7526921219005,0.16115907713447086,3.7118437774425434e-05,0.0003224006705775242
IV-PH-0070,Q3-R-003,0.5,4409.379791708463,4409.396565830299,-0.0167741218356241,3.804176282444557e-06,-3.30427182031272e-05
IV-PH-0070,Q3-R-004,0.5,4643.895986029485,4643.358264882265,0.537721147220509,0.00011580436325305674,0.0010058056816025021
IV-PH-0070,G01,1.0,3056.5952422518126,3056.5505159176114,0.044726334201186546,1.4632944545907231e-05,0.00012709921148954518
IV-PH-0070,Q3-R-001,1.0,3794.509271267316,3794.0600658640615,0.44920540325438196,0.00011839701940830493,0.001028322570093867
IV-PH-0070,Q3-R-002,1.0,4494.113769953812,4493.884608506524,0.22916144728787913,5.099406576975672e-05,0.000442917534485791
IV-PH-0070,Q3-R-003,1.0,3119.244225685461,3119.2018220544123,0.04240363104872813,1.3594385188195248e-05,0.00011807852684155793
IV-PH-0070,Q3-R-004,1.0,4558.278575801447,4557.330699261254,0.9478765401927376,0.00020798941370359385,0.0018063852453234386
IV-PH-0071,G01,0.0,3056.5952422518126,3056.5505159176114,0.044726334201186546,1.4632944545907231e-05,0.00012709921148954518
IV-PH-0071,Q3-R-001,0.0,3794.509271267316,3794.0600658640615,0.44920540325438196,0.00011839701940830493,0.001028322570093867
IV-PH-0071,Q3-R-002,0.0,4494.113769953812,4493.884608506524,0.22916144728787913,5.099406576975672e-05,0.000442917534485791
IV-PH-0071,Q3-R-003,0.0,3119.244225685461,3119.2018220544123,0.04240363104872813,1.3594385188195248e-05,0.00011807852684155793
IV-PH-0071,Q3-R-004,0.0,4558.278575801447,4557.330699261254,0.9478765401927376,0.00020798941370359385,0.0018063852453234386
IV-PH-0071,G01,0.5,3055.093028069137,3055.04827974231,0.044748326826720586,1.4647338676590426e-05,0.00012722423549053403
IV-PH-0071,Q3-R-001,0.5,3795.6980274534785,3795.2489627513264,0.4490647021520999,0.00011832285748826214,0.0010276784840759158
IV-PH-0071,Q3-R-002,0.5,4497.446509602771,4497.21751797948,0.22899162329031242,5.091851180753967e-05,0.00044226131454695576
IV-PH-0071,Q3-R-003,0.5,3120.9656916319786,3120.9233113902924,0.04238024168625998,1.3579392204732084e-05,0.00011794830121070716
IV-PH-0071,Q3-R-004,0.5,4561.935705454988,4560.988588949077,0.9471165059112536,0.0002076559691918642,0.0018034895848776486
IV-PH-0071,G01,1.0,3054.2393300556505,3054.194569220925,0.044760834725366294,1.4655528228767707e-05,0.0001272953679944796
IV-PH-0071,Q3-R-001,1.0,3797.4085849953985,3796.959722600115,0.4488623952834132,0.00011821626461079163,0.0010267527395919633
IV-PH-0071,Q3-R-002,1.0,4501.217299363555,4500.9884995824095,0.2287997811454261,5.0833229448743e-05,0.00044152059907356467
IV-PH-0071,Q3-R-003,1.0,3123.321100546271,3123.2787522654844,0.042348280786427495,1.355891809391332e-05,0.00011777046775646627
IV-PH-0071,Q3-R-004,1.0,4566.024170621706,4565.077902349557,0.9462682721486999,0.00020728414550421451,0.0018002606352725478
IV-PH-0072,G01,0.0,3054.2393300556505,3054.194569220925,0.044760834725366294,1.4655528228767707e-05,0.0001272953679944796
IV-PH-0072,Q3-R-001,0.0,3797.4085849953985,3796.959722600115,0.4488623952834132,0.00011821626461079163,0.0010267527395919633
IV-PH-0072,Q3-R-002,0.0,4501.217299363555,4500.9884995824095,0.2287997811454261,5.0833229448743e-05,0.00044152059907356467
IV-PH-0072,Q3-R-003,0.0,3123.321100546271,3123.2787522654844,0.042348280786427495,1.355891809391332e-05,0.00011777046775646627
IV-PH-0072,Q3-R-004,0.0,4566.024170621706,4565.077902349557,0.9462682721486999,0.00020728414550421451,0.0018002606352725478
IV-PH-0072,G01,0.5,3054.2393300556505,3054.194569220925,0.044760834725366294,1.4655528228767707e-05,0.0001272953679944796
IV-PH-0072,Q3-R-001,0.5,3797.4085849953985,3796.959722600115,0.4488623952834132,0.00011821626461079163,0.0010267527395919633
IV-PH-0072,Q3-R-002,0.5,4501.217299363555,4500.9884995824095,0.2287997811454261,5.0833229448743e-05,0.00044152059907356467
IV-PH-0072,Q3-R-003,0.5,3123.321100546271,3123.2787522654844,0.042348280786427495,1.355891809391332e-05,0.00011777046775646627
IV-PH-0072,Q3-R-004,0.5,4566.024170621706,4565.077902349557,0.9462682721486999,0.00020728414550421451,0.0018002606352725478
IV-PH-0072,G01,1.0,3054.2393300556505,3054.194569220925,0.044760834725366294,1.4655528228767707e-05,0.0001272953679944796
IV-PH-0072,Q3-R-001,1.0,3797.4085849953985,3796.959722600115,0.4488623952834132,0.00011821626461079163,0.0010267527395919633
IV-PH-0072,Q3-R-002,1.0,4501.217299363555,4500.9884995824095,0.2287997811454261,5.0833229448743e-05,0.00044152059907356467
IV-PH-0072,Q3-R-003,1.0,3123.321100546271,3123.2787522654844,0.042348280786427495,1.355891809391332e-05,0.00011777046775646627
IV-PH-0072,Q3-R-004,1.0,4566.024170621706,4565.077902349557,0.9462682721486999,0.00020728414550421451,0.0018002606352725478
IV-PH-0073,G01,0.0,3054.2393300556505,3054.194569220925,0.044760834725366294,1.4655528228767707e-05,0.0001272953679944796
IV-PH-0073,Q3-R-001,0.0,3797.4085849953985,3796.959722600115,0.4488623952834132,0.00011821626461079163,0.0010267527395919633
IV-PH-0073,Q3-R-002,0.0,4501.217299363555,4500.9884995824095,0.2287997811454261,5.0833229448743e-05,0.00044152059907356467
IV-PH-0073,Q3-R-003,0.0,3123.321100546271,3123.2787522654844,0.042348280786427495,1.355891809391332e-05,0.00011777046775646627
IV-PH-0073,Q3-R-004,0.0,4566.024170621706,4565.077902349557,0.9462682721486999,0.00020728414550421451,0.0018002606352725478
IV-PH-0073,G01,0.5,3055.093028069137,3055.04827974231,0.044748326826720586,1.4647338676590426e-05,0.00012722423549053403
IV-PH-0073,Q3-R-001,0.5,3795.6980274534785,3795.2489627513264,0.4490647021520999,0.00011832285748826214,0.0010276784840759158
IV-PH-0073,Q3-R-002,0.5,4497.446509602771,4497.21751797948,0.22899162329031242,5.091851180753967e-05,0.00044226131454695576
IV-PH-0073,Q3-R-003,0.5,3120.9656916319786,3120.9233113902924,0.04238024168625998,1.3579392204732084e-05,0.00011794830121070716
IV-PH-0073,Q3-R-004,0.5,4561.935705454988,4560.988588949077,0.9471165059112536,0.0002076559691918642,0.0018034895848776486
IV-PH-0073,G01,1.0,3056.5952422518126,3056.5505159176114,0.044726334201186546,1.4632944545907231e-05,0.00012709921148954518
IV-PH-0073,Q3-R-001,1.0,3794.509271267316,3794.0600658640615,0.44920540325438196,0.00011839701940830493,0.001028322570093867
IV-PH-0073,Q3-R-002,1.0,4494.113769953812,4493.884608506524,0.22916144728787913,5.099406576975672e-05,0.000442917534485791
IV-PH-0073,Q3-R-003,1.0,3119.244225685461,3119.2018220544123,0.04240363104872813,1.3594385188195248e-05,0.00011807852684155793
IV-PH-0073,Q3-R-004,1.0,4558.278575801447,4557.330699261254,0.9478765401927376,0.00020798941370359385,0.0018063852453234386
IV-PH-0074,G01,0.0,3056.5952422518126,3056.5505159176114,0.044726334201186546,1.4632944545907231e-05,0.00012709921148954518
IV-PH-0074,Q3-R-001,0.0,3794.509271267316,3794.0600658640615,0.44920540325438196,0.00011839701940830493,0.001028322570093867
IV-PH-0074,Q3-R-002,0.0,4494.113769953812,4493.884608506524,0.22916144728787913,5.099406576975672e-05,0.000442917534485791
IV-PH-0074,Q3-R-003,0.0,3119.244225685461,3119.2018220544123,0.04240363104872813,1.3594385188195248e-05,0.00011807852684155793
IV-PH-0074,Q3-R-004,0.0,4558.278575801447,4557.330699261254,0.9478765401927376,0.00020798941370359385,0.0018063852453234386
IV-PH-0074,G01,0.5,1532.1485987047301,1532.137447241365,0.011151463365195013,7.278370087013655e-06,6.321888925634013e-05
IV-PH-0074,Q3-R-001,0.5,2887.3100357359526,2887.0456382039274,0.2643975320252139,9.158065550695602e-05,0.0007954230445881567
IV-PH-0074,Q3-R-002,0.5,4341.913851199035,4341.7526921219005,0.16115907713447086,3.7118437774425434e-05,0.0003224006705775242
IV-PH-0074,Q3-R-003,0.5,4409.379791708463,4409.396565830299,-0.0167741218356241,3.804176282444557e-06,-3.30427182031272e-05
IV-PH-0074,Q3-R-004,0.5,4643.895986029485,4643.358264882265,0.537721147220509,0.00011580436325305674,0.0010058056816025021
IV-PH-0074,G01,1.0,125.35661010742189,125.35661010742189,0.0,0.0,0.0
IV-PH-0074,Q3-R-001,1.0,2634.0744053308085,2633.987542970922,0.08686235988670887,3.29775135491853e-05,0.00028643432030668354
IV-PH-0074,Q3-R-002,1.0,4708.598868326735,4708.61627568952,-0.01740736278497934,3.6969168362376785e-06,-3.2111070996488776e-05
IV-PH-0074,Q3-R-003,1.0,5815.419662691138,5815.4310273564,-0.011364665261680784,1.9542257845068067e-06,-1.6974206077995902e-05
IV-PH-0074,Q3-R-004,1.0,5197.803996029734,5197.562339094408,0.241656935325409,4.649428319651743e-05,0.00040383482471387585
IV-PH-0075,G01,0.0,125.35661010742189,125.35661010742189,0.0,0.0,0.0
IV-PH-0075,Q3-R-001,0.0,2634.0744053308085,2633.987542970922,0.08686235988670887,3.29775135491853e-05,0.00028643432030668354
IV-PH-0075,Q3-R-002,0.0,4708.598868326735,4708.61627568952,-0.01740736278497934,3.6969168362376785e-06,-3.2111070996488776e-05
IV-PH-0075,Q3-R-003,0.0,5815.419662691138,5815.4310273564,-0.011364665261680784,1.9542257845068067e-06,-1.6974206077995902e-05
IV-PH-0075,Q3-R-004,0.0,5197.803996029734,5197.562339094408,0.241656935325409,4.649428319651743e-05,0.00040383482471387585
IV-PH-0075,G01,0.5,52.67830505371094,52.67830505371094,0.0,0.0,0.0
IV-PH-0075,Q3-R-001,0.5,2637.25631918887,2637.1695616339816,0.08675755488820869,3.289798128659349e-05,0.000285743534604403
IV-PH-0075,Q3-R-002,0.5,4714.006791659601,4714.024179052679,-0.017387393078024616,3.688439519527189e-06,-3.2037437686976016e-05
IV-PH-0075,Q3-R-003,0.5,5817.102814321131,5817.114175698085,-0.011361376954482694,1.953095059049493e-06,-1.696438470178949e-05
IV-PH-0075,Q3-R-004,0.5,5203.234740298889,5202.993335598568,0.2414047003212545,4.639727263719099e-05,0.00040299224083598204
IV-PH-0075,G01,1.0,20.0,20.0,0.0,0.0,0.0
IV-PH-0075,Q3-R-001,1.0,2642.4341213047032,2642.347533755259,0.08658754944417524,3.2769175264814046e-05,0.0002846247764467422
IV-PH-0075,Q3-R-002,1.0,4720.527622296987,4720.5449856715995,-0.01736337461261428,3.678256359237717e-06,-3.194898755548509e-05
IV-PH-0075,Q3-R-003,1.0,5819.693181225441,5819.704537545414,-0.011356319972946949,1.951356791342662e-06,-1.694928627142333e-05
IV-PH-0075,Q3-R-004,1.0,5209.67383011785,5209.43272380445,0.24110631340045074,4.6282642695185965e-05,0.0004019966239475446
IV-PH-0076,G01,0.0,19.999999999999986,19.999999999999986,0.0,0.0,0.0
IV-PH-0076,Q3-R-001,0.0,2642.4341213047032,2642.347533755259,0.08658754944417524,3.2769175264814046e-05,0.0002846247764467422
IV-PH-0076,Q3-R-002,0.0,4720.527622296987,4720.5449856715995,-0.01736337461261428,3.678256359237717e-06,-3.194898755548509e-05
IV-PH-0076,Q3-R-003,0.0,5819.693181225441,5819.704537545414,-0.011356319972946949,1.951356791342662e-06,-1.694928627142333e-05
IV-PH-0076,Q3-R-004,0.0,5209.67383011785,5209.43272380445,0.24110631340045074,4.6282642695185965e-05,0.0004019966239475446
IV-PH-0076,G01,0.5,52.67830505371097,52.67830505371097,0.0,0.0,0.0
IV-PH-0076,Q3-R-001,0.5,2637.25631918887,2637.1695616339816,0.08675755488820869,3.289798128659349e-05,0.000285743534604403
IV-PH-0076,Q3-R-002,0.5,4714.006791659601,4714.024179052679,-0.017387393078024616,3.688439519527189e-06,-3.2037437686976016e-05
IV-PH-0076,Q3-R-003,0.5,5817.102814321131,5817.114175698085,-0.011361376954482694,1.953095059049493e-06,-1.696438470178949e-05
IV-PH-0076,Q3-R-004,0.5,5203.234740298889,5202.993335598568,0.2414047003212545,4.639727263719099e-05,0.00040299224083598204
IV-PH-0076,G01,1.0,125.35661010742189,125.35661010742189,0.0,0.0,0.0
IV-PH-0076,Q3-R-001,1.0,2634.0744053308085,2633.987542970922,0.08686235988670887,3.29775135491853e-05,0.00028643432030668354
IV-PH-0076,Q3-R-002,1.0,4708.598868326735,4708.61627568952,-0.01740736278497934,3.6969168362376785e-06,-3.2111070996488776e-05
IV-PH-0076,Q3-R-003,1.0,5815.419662691138,5815.4310273564,-0.011364665261680784,1.9542257845068067e-06,-1.6974206077995902e-05
IV-PH-0076,Q3-R-004,1.0,5197.803996029734,5197.562339094408,0.241656935325409,4.649428319651743e-05,0.00040383482471387585
IV-PH-0077,G01,0.0,125.35661010742189,125.35661010742189,0.0,0.0,0.0
IV-PH-0077,Q3-R-001,0.0,2634.0744053308085,2633.987542970922,0.08686235988670887,3.29775135491853e-05,0.00028643432030668354
IV-PH-0077,Q3-R-002,0.0,4708.598868326735,4708.61627568952,-0.01740736278497934,3.6969168362376785e-06,-3.2111070996488776e-05
IV-PH-0077,Q3-R-003,0.0,5815.419662691138,5815.4310273564,-0.011364665261680784,1.9542257845068067e-06,-1.6974206077995902e-05
IV-PH-0077,Q3-R-004,0.0,5197.803996029734,5197.562339094408,0.241656935325409,4.649428319651743e-05,0.00040383482471387585
IV-PH-0077,G01,0.5,1532.1485987047301,1532.137447241365,0.011151463365195013,7.278370087013655e-06,6.321888925634013e-05
IV-PH-0077,Q3-R-001,0.5,2887.3100357359526,2887.0456382039274,0.2643975320252139,9.158065550695602e-05,0.0007954230445881567
IV-PH-0077,Q3-R-002,0.5,4341.913851199035,4341.7526921219005,0.16115907713447086,3.7118437774425434e-05,0.0003224006705775242
IV-PH-0077,Q3-R-003,0.5,4409.379791708463,4409.396565830299,-0.0167741218356241,3.804176282444557e-06,-3.30427182031272e-05
IV-PH-0077,Q3-R-004,0.5,4643.895986029485,4643.358264882265,0.537721147220509,0.00011580436325305674,0.0010058056816025021
IV-PH-0077,G01,1.0,3056.5952422518126,3056.5505159176114,0.044726334201186546,1.4632944545907231e-05,0.00012709921148954518
IV-PH-0077,Q3-R-001,1.0,3794.509271267316,3794.0600658640615,0.44920540325438196,0.00011839701940830493,0.001028322570093867
IV-PH-0077,Q3-R-002,1.0,4494.113769953812,4493.884608506524,0.22916144728787913,5.099406576975672e-05,0.000442917534485791
IV-PH-0077,Q3-R-003,1.0,3119.244225685461,3119.2018220544123,0.04240363104872813,1.3594385188195248e-05,0.00011807852684155793
IV-PH-0077,Q3-R-004,1.0,4558.278575801447,4557.330699261254,0.9478765401927376,0.00020798941370359385,0.0018063852453234386
IV-PH-0078,G01,0.0,3056.5952422518126,3056.5505159176114,0.044726334201186546,1.4632944545907231e-05,0.00012709921148954518
IV-PH-0078,Q3-R-001,0.0,3794.509271267316,3794.0600658640615,0.44920540325438196,0.00011839701940830493,0.001028322570093867
IV-PH-0078,Q3-R-002,0.0,4494.113769953812,4493.884608506524,0.22916144728787913,5.099406576975672e-05,0.000442917534485791
IV-PH-0078,Q3-R-003,0.0,3119.244225685461,3119.2018220544123,0.04240363104872813,1.3594385188195248e-05,0.00011807852684155793
IV-PH-0078,Q3-R-004,0.0,4558.278575801447,4557.330699261254,0.9478765401927376,0.00020798941370359385,0.0018063852453234386
IV-PH-0078,G01,0.5,3055.093028069137,3055.04827974231,0.044748326826720586,1.4647338676590426e-05,0.00012722423549053403
IV-PH-0078,Q3-R-001,0.5,3795.6980274534785,3795.2489627513264,0.4490647021520999,0.00011832285748826214,0.0010276784840759158
IV-PH-0078,Q3-R-002,0.5,4497.446509602771,4497.21751797948,0.22899162329031242,5.091851180753967e-05,0.00044226131454695576
IV-PH-0078,Q3-R-003,0.5,3120.9656916319786,3120.9233113902924,0.04238024168625998,1.3579392204732084e-05,0.00011794830121070716
IV-PH-0078,Q3-R-004,0.5,4561.935705454988,4560.988588949077,0.9471165059112536,0.0002076559691918642,0.0018034895848776486
IV-PH-0078,G01,1.0,3054.2393300556505,3054.194569220925,0.044760834725366294,1.4655528228767707e-05,0.0001272953679944796
IV-PH-0078,Q3-R-001,1.0,3797.4085849953985,3796.959722600115,0.4488623952834132,0.00011821626461079163,0.0010267527395919633
IV-PH-0078,Q3-R-002,1.0,4501.217299363555,4500.9884995824095,0.2287997811454261,5.0833229448743e-05,0.00044152059907356467
IV-PH-0078,Q3-R-003,1.0,3123.321100546271,3123.2787522654844,0.042348280786427495,1.355891809391332e-05,0.00011777046775646627
IV-PH-0078,Q3-R-004,1.0,4566.024170621706,4565.077902349557,0.9462682721486999,0.00020728414550421451,0.0018002606352725478
IV-PH-0079,G01,0.0,3054.2393300556505,3054.194569220925,0.044760834725366294,1.4655528228767707e-05,0.0001272953679944796
IV-PH-0079,Q3-R-001,0.0,3797.4085849953985,3796.959722600115,0.4488623952834132,0.00011821626461079163,0.0010267527395919633
IV-PH-0079,Q3-R-002,0.0,4501.217299363555,4500.9884995824095,0.2287997811454261,5.0833229448743e-05,0.00044152059907356467
IV-PH-0079,Q3-R-003,0.0,3123.321100546271,3123.2787522654844,0.042348280786427495,1.355891809391332e-05,0.00011777046775646627
IV-PH-0079,Q3-R-004,0.0,4566.024170621706,4565.077902349557,0.9462682721486999,0.00020728414550421451,0.0018002606352725478
IV-PH-0079,G01,0.5,3054.2393300556505,3054.194569220925,0.044760834725366294,1.4655528228767707e-05,0.0001272953679944796
IV-PH-0079,Q3-R-001,0.5,3797.4085849953985,3796.959722600115,0.4488623952834132,0.00011821626461079163,0.0010267527395919633
IV-PH-0079,Q3-R-002,0.5,4501.217299363555,4500.9884995824095,0.2287997811454261,5.0833229448743e-05,0.00044152059907356467
IV-PH-0079,Q3-R-003,0.5,3123.321100546271,3123.2787522654844,0.042348280786427495,1.355891809391332e-05,0.00011777046775646627
IV-PH-0079,Q3-R-004,0.5,4566.024170621706,4565.077902349557,0.9462682721486999,0.00020728414550421451,0.0018002606352725478
IV-PH-0079,G01,1.0,3054.2393300556505,3054.194569220925,0.044760834725366294,1.4655528228767707e-05,0.0001272953679944796
IV-PH-0079,Q3-R-001,1.0,3797.4085849953985,3796.959722600115,0.4488623952834132,0.00011821626461079163,0.0010267527395919633
IV-PH-0079,Q3-R-002,1.0,4501.217299363555,4500.9884995824095,0.2287997811454261,5.0833229448743e-05,0.00044152059907356467
IV-PH-0079,Q3-R-003,1.0,3123.321100546271,3123.2787522654844,0.042348280786427495,1.355891809391332e-05,0.00011777046775646627
IV-PH-0079,Q3-R-004,1.0,4566.024170621706,4565.077902349557,0.9462682721486999,0.00020728414550421451,0.0018002606352725478
IV-PH-0080,G01,0.0,3054.2393300556505,3054.194569220925,0.044760834725366294,1.4655528228767707e-05,0.0001272953679944796
IV-PH-0080,Q3-R-001,0.0,3797.4085849953985,3796.959722600115,0.4488623952834132,0.00011821626461079163,0.0010267527395919633
IV-PH-0080,Q3-R-002,0.0,4501.217299363555,4500.9884995824095,0.2287997811454261,5.0833229448743e-05,0.00044152059907356467
IV-PH-0080,Q3-R-003,0.0,3123.321100546271,3123.2787522654844,0.042348280786427495,1.355891809391332e-05,0.00011777046775646627
IV-PH-0080,Q3-R-004,0.0,4566.024170621706,4565.077902349557,0.9462682721486999,0.00020728414550421451,0.0018002606352725478
IV-PH-0080,G01,0.5,3058.203552730464,3058.158849918204,0.04470281225985673,1.461755731264659e-05,0.00012696556163423005
IV-PH-0080,Q3-R-001,0.5,3793.9475142449314,3793.49824232147,0.4492719234613105,0.00011843208952862832,0.0010286271492223346
IV-PH-0080,Q3-R-002,0.5,4491.834449964568,4491.605172226502,0.22927773806623009,5.1045835347227646e-05,0.00044336717638197734
IV-PH-0080,Q3-R-003,0.5,3118.347341969738,3118.3049261426,0.04241582713802927,1.3602206372581536e-05,0.00011814645986203378
IV-PH-0080,Q3-R-004,0.5,4555.743471409779,4554.795067301208,0.9484041085706849,0.00020822102741334313,0.0018083965978702428
IV-PH-0080,G01,1.0,3067.1426831967183,3067.098110671872,0.04457252484644414,1.4532474423089185e-05,0.00012622655181788884
IV-PH-0080,Q3-R-001,1.0,3794.5075707887745,3794.0583651841885,0.44920560458604086,0.0001183971255445443,0.001028323491872146
IV-PH-0080,Q3-R-002,1.0,4485.83553645993,4485.605952092774,0.2295843671563489,5.1182464444794925e-05,0.00044455386098670005
IV-PH-0080,Q3-R-003,1.0,3118.2639044348684,3118.221487472765,0.042416962103288824,1.3602934324484639e-05,0.00011815278268607444
IV-PH-0080,Q3-R-004,1.0,4548.795951937557,4547.846098999185,0.9498529383718051,0.00020885775764945805,0.0018139260133311454
IV-PH-0081,G01,0.0,3067.1426831967183,3067.098110671872,0.04457252484644414,1.4532474423089185e-05,0.00012622655181788884
IV-PH-0081,Q3-R-001,0.0,3794.5075707887745,3794.0583651841885,0.44920560458604086,0.0001183971255445443,0.001028323491872146
IV-PH-0081,Q3-R-002,0.0,4485.83553645993,4485.605952092774,0.2295843671563489,5.1182464444794925e-05,0.00044455386098670005
IV-PH-0081,Q3-R-003,0.0,3118.2639044348684,3118.221487472765,0.042416962103288824,1.3602934324484639e-05,0.00011815278268607444
IV-PH-0081,Q3-R-004,0.0,4548.795951937557,4547.846098999185,0.9498529383718051,0.00020885775764945805,0.0018139260133311454
IV-PH-0081,G01,0.5,3570.548186230402,3570.387897569514,0.16028866088799987,4.489390662485549e-05,0.0003899347655832869
IV-PH-0081,Q3-R-001,0.5,5239.4764257265315,5238.899690338408,0.5767353881237796,0.00011008712176478516,0.000956151961177717
IV-PH-0081,Q3-R-002,0.5,2739.1068709632236,2739.0388695206652,0.06800144255839768,2.4826753397003823e-05,0.0002156397632721325
IV-PH-0081,Q3-R-003,0.5,4533.359683449408,4533.025657166722,0.33402628268595436,7.368726937555673e-05,0.0006400159093042509
IV-PH-0081,Q3-R-004,0.5,6393.217793599886,6392.061142797193,1.156650802693548,0.00018095114812800316,0.0015715795172507132
IV-PH-0081,G01,1.0,4793.058957982869,4792.879617644922,0.17934033794699644,3.741807686693348e-05,0.0003250032056755763
IV-PH-0081,Q3-R-001,1.0,6883.973303268644,6883.3846293534525,0.588673915191066,8.552099684808103e-05,0.0007427941785624261
IV-PH-0081,Q3-R-002,1.0,1328.8499367308966,1328.8506304935338,-0.0006937626371836814,5.220772156506549e-07,-4.53470626168777e-06
IV-PH-0081,Q3-R-003,1.0,6185.651135874719,6185.016347871623,0.6347880030962187,0.0001026331972937567,0.0008914148812980661
IV-PH-0081,Q3-R-004,1.0,8242.455496624865,8241.172373602194,1.283123022671134,0.00015569666116694566,0.0013522587475562424
IV-PH-0082,G01,0.0,4793.058957982869,4792.879617644922,0.17934033794699644,3.741807686693348e-05,0.0003250032056755763
IV-PH-0082,Q3-R-001,0.0,6883.973303268644,6883.3846293534525,0.588673915191066,8.552099684808103e-05,0.0007427941785624261
IV-PH-0082,Q3-R-002,0.0,1328.8499367308966,1328.8506304935338,-0.0006937626371836814,5.220772156506549e-07,-4.53470626168777e-06
IV-PH-0082,Q3-R-003,0.0,6185.651135874719,6185.016347871623,0.6347880030962187,0.0001026331972937567,0.0008914148812980661
IV-PH-0082,Q3-R-004,0.0,8242.455496624865,8241.172373602194,1.283123022671134,0.00015569666116694566,0.0013522587475562424
IV-PH-0082,G01,0.5,4790.8736680116,4790.694245867005,0.1794221445952644,3.7452222034427316e-05,0.0003252997757287962
IV-PH-0082,Q3-R-001,0.5,6883.632117474763,6883.0434143795765,0.5887030951862471,8.552947580664236e-05,0.0007428678195633096
IV-PH-0082,Q3-R-002,0.5,1334.1050336425726,1334.1057246724502,-0.0006910298775437695,5.179723501399646e-07,-4.4990518339257154e-06
IV-PH-0082,Q3-R-003,0.5,6185.395473693441,6184.760659449832,0.6348142436090711,0.0001026416830923157,0.0008914885804431087
IV-PH-0082,Q3-R-004,0.5,8243.487715617204,8242.204753287455,1.2829623297493526,0.0001556576629860639,0.0013519200663857241
IV-PH-0082,G01,1.0,4789.017158130827,4788.837666428855,0.17949170197152853,3.748126674449994e-05,0.0003255520454243736
IV-PH-0082,Q3-R-001,1.0,6883.520344069757,6882.9316314144935,0.5887126552634072,8.553225381121829e-05,0.0007428919469401154
IV-PH-0082,Q3-R-002,1.0,1340.5181226334219,1340.5188103573882,-0.0006877239663936052,5.130282104808772e-07,-4.456107560404706e-06
IV-PH-0082,Q3-R-003,1.0,6185.395126190714,6184.760311911437,0.6348142792767248,0.00010264169462705204,0.0008914886806225925
IV-PH-0082,Q3-R-004,1.0,8244.711355232486,8243.428583343344,1.2827718891421682,0.00015561145173673667,0.0013515187430342959
IV-PH-0083,G01,0.0,4789.017158130827,4788.837666428855,0.17949170197152853,3.748126674449994e-05,0.0003255520454243736
IV-PH-0083,Q3-R-001,0.0,6883.520344069757,6882.9316314144935,0.5887126552634072,8.553225381121829e-05,0.0007428919469401154
IV-PH-0083,Q3-R-002,0.0,1340.5181226334219,1340.5188103573882,-0.0006877239663936052,5.130282104808772e-07,-4.456107560404706e-06
IV-PH-0083,Q3-R-003,0.0,6185.395126190714,6184.760311911437,0.6348142792767248,0.00010264169462705204,0.0008914886806225925
IV-PH-0083,Q3-R-004,0.0,8244.711355232486,8243.428583343344,1.2827718891421682,0.00015561145173673667,0.0013515187430342959
IV-PH-0083,G01,0.5,4789.017158130827,4788.837666428855,0.17949170197152853,3.748126674449994e-05,0.0003255520454243736
IV-PH-0083,Q3-R-001,0.5,6883.520344069757,6882.9316314144935,0.5887126552634072,8.553225381121829e-05,0.0007428919469401154
IV-PH-0083,Q3-R-002,0.5,1340.5181226334219,1340.5188103573882,-0.0006877239663936052,5.130282104808772e-07,-4.456107560404706e-06
IV-PH-0083,Q3-R-003,0.5,6185.395126190714,6184.760311911437,0.6348142792767248,0.00010264169462705204,0.0008914886806225925
IV-PH-0083,Q3-R-004,0.5,8244.711355232486,8243.428583343344,1.2827718891421682,0.00015561145173673667,0.0013515187430342959
IV-PH-0083,G01,1.0,4789.017158130827,4788.837666428855,0.17949170197152853,3.748126674449994e-05,0.0003255520454243736
IV-PH-0083,Q3-R-001,1.0,6883.520344069757,6882.9316314144935,0.5887126552634072,8.553225381121829e-05,0.0007428919469401154
IV-PH-0083,Q3-R-002,1.0,1340.5181226334219,1340.5188103573882,-0.0006877239663936052,5.130282104808772e-07,-4.456107560404706e-06
IV-PH-0083,Q3-R-003,1.0,6185.395126190714,6184.760311911437,0.6348142792767248,0.00010264169462705204,0.0008914886806225925
IV-PH-0083,Q3-R-004,1.0,8244.711355232486,8243.428583343344,1.2827718891421682,0.00015561145173673667,0.0013515187430342959
IV-PH-0084,G01,0.0,4789.017158130827,4788.837666428855,0.17949170197152853,3.748126674449994e-05,0.0003255520454243736
IV-PH-0084,Q3-R-001,0.0,6883.520344069757,6882.9316314144935,0.5887126552634072,8.553225381121829e-05,0.0007428919469401154
IV-PH-0084,Q3-R-002,0.0,1340.5181226334219,1340.5188103573882,-0.0006877239663936052,5.130282104808772e-07,-4.456107560404706e-06
IV-PH-0084,Q3-R-003,0.0,6185.395126190714,6184.760311911437,0.6348142792767248,0.00010264169462705204,0.0008914886806225925
IV-PH-0084,Q3-R-004,0.0,8244.711355232486,8243.428583343344,1.2827718891421682,0.00015561145173673667,0.0013515187430342959
IV-PH-0084,G01,0.5,4790.990077773086,4790.810659988189,0.17941778489694116,3.7450401952930334e-05,0.0003252839672945058
IV-PH-0084,Q3-R-001,0.5,6883.645479633764,6883.056777681433,0.5887019523306662,8.552914371410594e-05,0.0007428649352905375
IV-PH-0084,Q3-R-002,0.5,1333.7723031648907,1333.7729943671566,-0.0006912022658980277,5.182308150016088e-07,-4.501296832825726e-06
IV-PH-0084,Q3-R-003,0.5,6185.403232451282,6184.7684190040445,0.6348134472373204,0.00010264142555228392,0.0008914863437087658
IV-PH-0084,Q3-R-004,0.5,8243.423361264777,8242.140388917702,1.282972347074974,0.00015566009392415175,0.0013519411779597255
IV-PH-0084,G01,1.0,4793.3305310014275,4793.1512008246455,0.17933017678205943,3.7413836799307787e-05,0.00032496637829401297
IV-PH-0084,Q3-R-001,1.0,6884.027086016154,6883.43841670048,0.5886693156735419,8.551966038445589e-05,0.0007427825711797024
IV-PH-0084,Q3-R-002,1.0,1328.322003857682,1328.3226978960502,-0.0006940383682376705,5.224922899661114e-07,-4.53831155320388e-06
IV-PH-0084,Q3-R-003,1.0,6185.696767430107,6185.061984110287,0.6347833198196895,0.00010263168282718547,0.0008914017281586722
IV-PH-0084,Q3-R-004,1.0,8242.349371669088,8241.066232122903,1.283139546185339,0.00015570067149609616,0.0013522935754102603
IV-PH-0085,G01,0.0,4793.3305310014275,4793.1512008246455,0.17933017678205943,3.7413836799307787e-05,0.00032496637829401297
IV-PH-0085,Q3-R-001,0.0,6884.027086016154,6883.43841670048,0.5886693156735419,8.551966038445589e-05,0.0007427825711797024
IV-PH-0085,Q3-R-002,0.0,1328.322003857682,1328.3226978960502,-0.0006940383682376705,5.224922899661114e-07,-4.53831155320388e-06
IV-PH-0085,Q3-R-003,0.0,6185.696767430107,6185.061984110287,0.6347833198196895,0.00010263168282718547,0.0008914017281586722
IV-PH-0085,Q3-R-004,0.0,8242.349371669088,8241.066232122903,1.283139546185339,0.00015570067149609616,0.0013522935754102603
IV-PH-0085,G01,0.5,2409.6026604560916,2409.5580745865464,0.04458586954524435,1.850375386901384e-05,0.0001607200770375248
IV-PH-0085,Q3-R-001,0.5,4630.461607891535,4630.166792191864,0.2948156996708349,6.367280335732197e-05,0.0005530373363766065
IV-PH-0085,Q3-R-002,0.5,2491.2894911838516,2491.2523236190796,0.03716756477206218,1.4919229344889602e-05,0.0001295858129162865
IV-PH-0085,Q3-R-003,0.5,5505.898884307926,5505.78677538151,0.11210892641611281,2.036201745359899e-05,0.00017686043579967248
IV-PH-0085,Q3-R-004,0.5,6458.282514296016,6457.576351093328,0.7061632026880034,0.00010935421655036928,0.00094978672576907
IV-PH-0085,G01,1.0,287.93653564453126,287.93653564453126,0.0,0.0,0.0
IV-PH-0085,Q3-R-001,1.0,2634.2125101721035,2634.1256523663324,0.0868578057711602,3.2974055619986325e-05,0.00028640428610501514
IV-PH-0085,Q3-R-002,1.0,4700.54915698888,4700.566594161741,-0.01743717286080937,3.709589580640537e-06,-3.222114546347397e-05
IV-PH-0085,Q3-R-003,1.0,5814.942442990392,5814.953808588325,-0.011365597933036042,1.9545465548238338e-06,-1.6976992258859298e-05
IV-PH-0085,Q3-R-004,1.0,5189.321532696551,5189.079480730464,0.2420519660872742,4.664641715088948e-05,0.0004051561819152613
IV-PH-0086,G01,0.0,287.93653564453126,287.93653564453126,0.0,0.0,0.0
IV-PH-0086,Q3-R-001,0.0,2634.2125101721035,2634.1256523663324,0.0868578057711602,3.2974055619986325e-05,0.00028640428610501514
IV-PH-0086,Q3-R-002,0.0,4700.54915698888,4700.566594161741,-0.01743717286080937,3.709589580640537e-06,-3.222114546347397e-05
IV-PH-0086,Q3-R-003,0.0,5814.942442990392,5814.953808588325,-0.011365597933036042,1.9545465548238338e-06,-1.6976992258859298e-05
IV-PH-0086,Q3-R-004,0.0,5189.321532696551,5189.079480730464,0.2420519660872742,4.664641715088948e-05,0.0004051561819152613
IV-PH-0086,G01,0.5,133.9682678222651,133.9682678222651,0.0,0.0,0.0
IV-PH-0086,Q3-R-001,0.5,2633.8300229124693,2633.74315249271,0.08687041975917964,3.298363383572958e-05,0.0002864874786865805
IV-PH-0086,Q3-R-002,0.5,4708.032017475313,4708.0494269339515,-0.017409458638212527,3.697807108526935e-06,-3.2118803832028304e-05
IV-PH-0086,Q3-R-003,0.5,5815.280383777749,5815.2917487152,-0.011364937450707657,1.954319394760988e-06,-1.6975019167717566e-05
IV-PH-0086,Q3-R-004,0.5,5197.227478710668,5196.985794967609,0.24168374305918405,4.650459951097296e-05,0.00040392442691637574
IV-PH-0086,G01,1.0,20.0,20.0,0.0,0.0,0.0
IV-PH-0086,Q3-R-001,1.0,2642.4341213047032,2642.347533755259,0.08658754944417524,3.2769175264814046e-05,0.0002846247764467422
IV-PH-0086,Q3-R-002,1.0,4720.527622296987,4720.5449856715995,-0.01736337461261428,3.678256359237717e-06,-3.194898755548509e-05
IV-PH-0086,Q3-R-003,1.0,5819.693181225441,5819.704537545414,-0.011356319972946949,1.951356791342662e-06,-1.694928627142333e-05
IV-PH-0086,Q3-R-004,1.0,5209.67383011785,5209.43272380445,0.24110631340045074,4.6282642695185965e-05,0.0004019966239475446
IV-PH-0087,G01,0.0,19.999999999999986,19.999999999999986,0.0,0.0,0.0
IV-PH-0087,Q3-R-001,0.0,2642.4341213047032,2642.347533755259,0.08658754944417524,3.2769175264814046e-05,0.0002846247764467422
IV-PH-0087,Q3-R-002,0.0,4720.527622296987,4720.5449856715995,-0.01736337461261428,3.678256359237717e-06,-3.194898755548509e-05
IV-PH-0087,Q3-R-003,0.0,5819.693181225441,5819.704537545414,-0.011356319972946949,1.951356791342662e-06,-1.694928627142333e-05
IV-PH-0087,Q3-R-004,0.0,5209.67383011785,5209.43272380445,0.24110631340045074,4.6282642695185965e-05,0.0004019966239475446
IV-PH-0087,G01,0.5,52.67830505371097,52.67830505371097,0.0,0.0,0.0
IV-PH-0087,Q3-R-001,0.5,2637.25631918887,2637.1695616339816,0.08675755488820869,3.289798128659349e-05,0.000285743534604403
IV-PH-0087,Q3-R-002,0.5,4714.006791659601,4714.024179052679,-0.017387393078024616,3.688439519527189e-06,-3.2037437686976016e-05
IV-PH-0087,Q3-R-003,0.5,5817.102814321131,5817.114175698085,-0.011361376954482694,1.953095059049493e-06,-1.696438470178949e-05
IV-PH-0087,Q3-R-004,0.5,5203.234740298889,5202.993335598568,0.2414047003212545,4.639727263719099e-05,0.00040299224083598204
IV-PH-0087,G01,1.0,125.35661010742189,125.35661010742189,0.0,0.0,0.0
IV-PH-0087,Q3-R-001,1.0,2634.0744053308085,2633.987542970922,0.08686235988670887,3.29775135491853e-05,0.00028643432030668354
IV-PH-0087,Q3-R-002,1.0,4708.598868326735,4708.61627568952,-0.01740736278497934,3.6969168362376785e-06,-3.2111070996488776e-05
IV-PH-0087,Q3-R-003,1.0,5815.419662691138,5815.4310273564,-0.011364665261680784,1.9542257845068067e-06,-1.6974206077995902e-05
IV-PH-0087,Q3-R-004,1.0,5197.803996029734,5197.562339094408,0.241656935325409,4.649428319651743e-05,0.00040383482471387585
IV-PH-0088,G01,0.0,125.35661010742189,125.35661010742189,0.0,0.0,0.0
IV-PH-0088,Q3-R-001,0.0,2634.0744053308085,2633.987542970922,0.08686235988670887,3.29775135491853e-05,0.00028643432030668354
IV-PH-0088,Q3-R-002,0.0,4708.598868326735,4708.61627568952,-0.01740736278497934,3.6969168362376785e-06,-3.2111070996488776e-05
IV-PH-0088,Q3-R-003,0.0,5815.419662691138,5815.4310273564,-0.011364665261680784,1.9542257845068067e-06,-1.6974206077995902e-05
IV-PH-0088,Q3-R-004,0.0,5197.803996029734,5197.562339094408,0.241656935325409,4.649428319651743e-05,0.00040383482471387585
IV-PH-0088,G01,0.5,1532.1485987047301,1532.137447241365,0.011151463365195013,7.278370087013655e-06,6.321888925634013e-05
IV-PH-0088,Q3-R-001,0.5,2887.3100357359526,2887.0456382039274,0.2643975320252139,9.158065550695602e-05,0.0007954230445881567
IV-PH-0088,Q3-R-002,0.5,4341.913851199035,4341.7526921219005,0.16115907713447086,3.7118437774425434e-05,0.0003224006705775242
IV-PH-0088,Q3-R-003,0.5,4409.379791708463,4409.396565830299,-0.0167741218356241,3.804176282444557e-06,-3.30427182031272e-05
IV-PH-0088,Q3-R-004,0.5,4643.895986029485,4643.358264882265,0.537721147220509,0.00011580436325305674,0.0010058056816025021
IV-PH-0088,G01,1.0,3056.5952422518126,3056.5505159176114,0.044726334201186546,1.4632944545907231e-05,0.00012709921148954518
IV-PH-0088,Q3-R-001,1.0,3794.509271267316,3794.0600658640615,0.44920540325438196,0.00011839701940830493,0.001028322570093867
IV-PH-0088,Q3-R-002,1.0,4494.113769953812,4493.884608506524,0.22916144728787913,5.099406576975672e-05,0.000442917534485791
IV-PH-0088,Q3-R-003,1.0,3119.244225685461,3119.2018220544123,0.04240363104872813,1.3594385188195248e-05,0.00011807852684155793
IV-PH-0088,Q3-R-004,1.0,4558.278575801447,4557.330699261254,0.9478765401927376,0.00020798941370359385,0.0018063852453234386
IV-PH-0089,G01,0.0,3056.5952422518126,3056.5505159176114,0.044726334201186546,1.4632944545907231e-05,0.00012709921148954518
IV-PH-0089,Q3-R-001,0.0,3794.509271267316,3794.0600658640615,0.44920540325438196,0.00011839701940830493,0.001028322570093867
IV-PH-0089,Q3-R-002,0.0,4494.113769953812,4493.884608506524,0.22916144728787913,5.099406576975672e-05,0.000442917534485791
IV-PH-0089,Q3-R-003,0.0,3119.244225685461,3119.2018220544123,0.04240363104872813,1.3594385188195248e-05,0.00011807852684155793
IV-PH-0089,Q3-R-004,0.0,4558.278575801447,4557.330699261254,0.9478765401927376,0.00020798941370359385,0.0018063852453234386
IV-PH-0089,G01,0.5,3055.093028069137,3055.04827974231,0.044748326826720586,1.4647338676590426e-05,0.00012722423549053403
IV-PH-0089,Q3-R-001,0.5,3795.6980274534785,3795.2489627513264,0.4490647021520999,0.00011832285748826214,0.0010276784840759158
IV-PH-0089,Q3-R-002,0.5,4497.446509602771,4497.21751797948,0.22899162329031242,5.091851180753967e-05,0.00044226131454695576
IV-PH-0089,Q3-R-003,0.5,3120.9656916319786,3120.9233113902924,0.04238024168625998,1.3579392204732084e-05,0.00011794830121070716
IV-PH-0089,Q3-R-004,0.5,4561.935705454988,4560.988588949077,0.9471165059112536,0.0002076559691918642,0.0018034895848776486
IV-PH-0089,G01,1.0,3054.2393300556505,3054.194569220925,0.044760834725366294,1.4655528228767707e-05,0.0001272953679944796
IV-PH-0089,Q3-R-001,1.0,3797.4085849953985,3796.959722600115,0.4488623952834132,0.00011821626461079163,0.0010267527395919633
IV-PH-0089,Q3-R-002,1.0,4501.217299363555,4500.9884995824095,0.2287997811454261,5.0833229448743e-05,0.00044152059907356467
IV-PH-0089,Q3-R-003,1.0,3123.321100546271,3123.2787522654844,0.042348280786427495,1.355891809391332e-05,0.00011777046775646627
IV-PH-0089,Q3-R-004,1.0,4566.024170621706,4565.077902349557,0.9462682721486999,0.00020728414550421451,0.0018002606352725478
IV-PH-0090,G01,0.0,3054.2393300556505,3054.194569220925,0.044760834725366294,1.4655528228767707e-05,0.0001272953679944796
IV-PH-0090,Q3-R-001,0.0,3797.4085849953985,3796.959722600115,0.4488623952834132,0.00011821626461079163,0.0010267527395919633
IV-PH-0090,Q3-R-002,0.0,4501.217299363555,4500.9884995824095,0.2287997811454261,5.0833229448743e-05,0.00044152059907356467
IV-PH-0090,Q3-R-003,0.0,3123.321100546271,3123.2787522654844,0.042348280786427495,1.355891809391332e-05,0.00011777046775646627
IV-PH-0090,Q3-R-004,0.0,4566.024170621706,4565.077902349557,0.9462682721486999,0.00020728414550421451,0.0018002606352725478
IV-PH-0090,G01,0.5,3054.2393300556505,3054.194569220925,0.044760834725366294,1.4655528228767707e-05,0.0001272953679944796
IV-PH-0090,Q3-R-001,0.5,3797.4085849953985,3796.959722600115,0.4488623952834132,0.00011821626461079163,0.0010267527395919633
IV-PH-0090,Q3-R-002,0.5,4501.217299363555,4500.9884995824095,0.2287997811454261,5.0833229448743e-05,0.00044152059907356467
IV-PH-0090,Q3-R-003,0.5,3123.321100546271,3123.2787522654844,0.042348280786427495,1.355891809391332e-05,0.00011777046775646627
IV-PH-0090,Q3-R-004,0.5,4566.024170621706,4565.077902349557,0.9462682721486999,0.00020728414550421451,0.0018002606352725478
IV-PH-0090,G01,1.0,3054.2393300556505,3054.194569220925,0.044760834725366294,1.4655528228767707e-05,0.0001272953679944796
IV-PH-0090,Q3-R-001,1.0,3797.4085849953985,3796.959722600115,0.4488623952834132,0.00011821626461079163,0.0010267527395919633
IV-PH-0090,Q3-R-002,1.0,4501.217299363555,4500.9884995824095,0.2287997811454261,5.0833229448743e-05,0.00044152059907356467
IV-PH-0090,Q3-R-003,1.0,3123.321100546271,3123.2787522654844,0.042348280786427495,1.355891809391332e-05,0.00011777046775646627
IV-PH-0090,Q3-R-004,1.0,4566.024170621706,4565.077902349557,0.9462682721486999,0.00020728414550421451,0.0018002606352725478
IV-PH-0091,G01,0.0,3054.2393300556505,3054.194569220925,0.044760834725366294,1.4655528228767707e-05,0.0001272953679944796
IV-PH-0091,Q3-R-001,0.0,3797.4085849953985,3796.959722600115,0.4488623952834132,0.00011821626461079163,0.0010267527395919633
IV-PH-0091,Q3-R-002,0.0,4501.217299363555,4500.9884995824095,0.2287997811454261,5.0833229448743e-05,0.00044152059907356467
IV-PH-0091,Q3-R-003,0.0,3123.321100546271,3123.2787522654844,0.042348280786427495,1.355891809391332e-05,0.00011777046775646627
IV-PH-0091,Q3-R-004,0.0,4566.024170621706,4565.077902349557,0.9462682721486999,0.00020728414550421451,0.0018002606352725478
IV-PH-0091,G01,0.5,3055.625278185735,3055.580537653598,0.04474053213698426,1.4642236257775364e-05,0.00012717991709183866
IV-PH-0091,Q3-R-001,0.5,3795.152005721303,3794.702876403002,0.4491293183009475,0.00011835691302573789,0.0010279742517131788
IV-PH-0091,Q3-R-002,0.5,4496.039354549832,4495.810291253873,0.22906329595844,5.095039183571837e-05,0.0004425382068499663
IV-PH-0091,Q3-R-003,0.5,3120.1896414050234,3120.1472506224254,0.042390782597976795,1.358614808628677e-05,0.00011800698125593215
IV-PH-0091,Q3-R-004,0.5,4560.397540649499,4559.450104626719,0.9474360227804937,0.00020779611598755723,0.0018047066316661232
IV-PH-0091,G01,1.0,3058.2931402019994,3058.2484386992514,0.04470150274801199,1.4616700913619903e-05,0.00012695812315617814
IV-PH-0091,Q3-R-001,1.0,3793.9278679165996,3793.4785936663707,0.449274250228882,0.00011843331631790271,0.0010286378037172826
IV-PH-0091,Q3-R-002,1.0,4491.728588697462,4491.499305555492,0.22928314196997235,5.104824166094699e-05,0.00044338807628940076
IV-PH-0091,Q3-R-003,1.0,3118.31288276769,3118.270466471826,0.042416295864313724,1.3602507005207197e-05,0.00011814907108835987
IV-PH-0091,Q3-R-004,1.0,4555.624860116607,4554.676431310028,0.9484288065787041,0.00020823187352211414,0.0018084907863626142
IV-PH-0092,G01,0.0,3058.2931402019994,3058.2484386992514,0.04470150274801199,1.4616700913619903e-05,0.00012695812315617814
IV-PH-0092,Q3-R-001,0.0,3793.9278679165996,3793.4785936663707,0.449274250228882,0.00011843331631790271,0.0010286378037172826
IV-PH-0092,Q3-R-002,0.0,4491.728588697462,4491.499305555492,0.22928314196997235,5.104824166094699e-05,0.00044338807628940076
IV-PH-0092,Q3-R-003,0.0,3118.31288276769,3118.270466471826,0.042416295864313724,1.3602507005207197e-05,0.00011814907108835987
IV-PH-0092,Q3-R-004,0.0,4555.624860116607,4554.676431310028,0.9484288065787041,0.00020823187352211414,0.0018084907863626142
IV-PH-0092,G01,0.5,5234.59559418079,5234.478558226751,0.11703595403832878,2.2358665287565196e-05,0.00019420272809422904
IV-PH-0092,Q3-R-001,0.5,5515.953005590281,5515.269330902071,0.683674688209976,0.00012396034485194488,0.0010766391459792555
IV-PH-0092,Q3-R-002,0.5,5594.7975670894375,5594.613902131234,0.1836649582037353,3.282888889504408e-05,0.0002851434254379073
IV-PH-0092,Q3-R-003,0.5,1855.103654652576,1854.6361270430484,0.4675276095276786,0.0002520858958318063,0.002189314334466561
IV-PH-0092,Q3-R-004,0.5,5150.198220895858,5148.681864966906,1.51635592895218,0.0002945134247407859,0.0025577344791411585
IV-PH-0092,G01,1.0,7413.294154051505,7413.070848021618,0.22330602988677128,3.012328284254381e-05,0.00026164356954499053
IV-PH-0092,Q3-R-001,1.0,7481.02209123016,7480.093486215685,0.9286050144755791,0.00012414350384615008,0.0010782298474594605
IV-PH-0092,Q3-R-002,1.0,7206.663513413447,7206.581998787431,0.08151462601563253,1.1311135574305275e-05,9.824671964048482e-05
IV-PH-0092,Q3-R-003,1.0,2582.062931232062,2581.1596977204035,0.9032335116585273,0.00034993321508011835,0.0030389496031812437
IV-PH-0092,Q3-R-004,1.0,6465.560350007741,6463.594957057577,1.9653929501646417,0.00030407118070086307,0.002640727253501378
IV-PH-0093,G01,0.0,7413.294154051505,7413.070848021618,0.22330602988677128,3.012328284254381e-05,0.00026164356954499053
IV-PH-0093,Q3-R-001,0.0,7481.02209123016,7480.093486215685,0.9286050144755791,0.00012414350384615008,0.0010782298474594605
IV-PH-0093,Q3-R-002,0.0,7206.663513413447,7206.581998787431,0.08151462601563253,1.1311135574305275e-05,9.824671964048482e-05
IV-PH-0093,Q3-R-003,0.0,2582.062931232062,2581.1596977204035,0.9032335116585273,0.00034993321508011835,0.0030389496031812437
IV-PH-0093,Q3-R-004,0.0,6465.560350007741,6463.594957057577,1.9653929501646417,0.00030407118070086307,0.002640727253501378
IV-PH-0093,G01,0.5,7412.452086336219,7412.228754937606,0.22333139861257223,3.013012765746086e-05,0.0002617030210610486
IV-PH-0093,Q3-R-001,0.5,7481.413763372279,7480.485206978809,0.9285563934699894,0.0001241305032731976,0.0010781169399326099
IV-PH-0093,Q3-R-002,0.5,7208.534167322113,7208.452673849826,0.08149347228663828,1.1305265633812502e-05,9.819573456137709e-05
IV-PH-0093,Q3-R-003,0.5,2583.5328603947396,2582.6301409673047,0.9027194274349313,0.00034953492299010517,0.0030354912915334037
IV-PH-0093,Q3-R-004,0.5,6467.909240172478,6465.944561192621,1.9646789798571263,0.00030385026677289483,0.0026388090025758542
IV-PH-0093,G01,1.0,7411.881590955592,7411.658242366559,0.22334858903377608,3.013476630061944e-05,0.0002617433105884142
IV-PH-0093,Q3-R-001,1.0,7482.0745342758355,7481.146059896945,0.9284743788903143,0.00012410857527130065,0.001077926499365877
IV-PH-0093,Q3-R-002,1.0,7210.683584495736,7210.602115315937,0.08146917979865975,1.1298526599548771e-05,9.813720071542239e-05
IV-PH-0093,Q3-R-003,1.0,2585.7807658454817,2584.878831456094,0.9019343893878613,0.0003489271444417341,0.0030302140371188213
IV-PH-0093,Q3-R-004,1.0,6470.568468612718,6468.604597307912,1.9638713048061618,0.00030360045590411893,0.002636639831770562
IV-PH-0094,G01,0.0,7411.881590955592,7411.658242366559,0.22334858903377608,3.013476630061944e-05,0.0002617433105884142
IV-PH-0094,Q3-R-001,0.0,7482.0745342758355,7481.146059896945,0.9284743788903143,0.00012410857527130065,0.001077926499365877
IV-PH-0094,Q3-R-002,0.0,7210.683584495736,7210.602115315937,0.08146917979865975,1.1298526599548771e-05,9.813720071542239e-05
IV-PH-0094,Q3-R-003,0.0,2585.7807658454817,2584.878831456094,0.9019343893878613,0.0003489271444417341,0.0030302140371188213
IV-PH-0094,Q3-R-004,0.0,6470.568468612718,6468.604597307912,1.9638713048061618,0.00030360045590411893,0.002636639831770562
IV-PH-0094,G01,0.5,7411.881590955592,7411.658242366559,0.22334858903377608,3.013476630061944e-05,0.0002617433105884142
IV-PH-0094,Q3-R-001,0.5,7482.0745342758355,7481.146059896945,0.9284743788903143,0.00012410857527130065,0.001077926499365877
IV-PH-0094,Q3-R-002,0.5,7210.683584495736,7210.602115315937,0.08146917979865975,1.1298526599548771e-05,9.813720071542239e-05
IV-PH-0094,Q3-R-003,0.5,2585.7807658454817,2584.878831456094,0.9019343893878613,0.0003489271444417341,0.0030302140371188213
IV-PH-0094,Q3-R-004,0.5,6470.568468612718,6468.604597307912,1.9638713048061618,0.00030360045590411893,0.002636639831770562
IV-PH-0094,G01,1.0,7411.881590955592,7411.658242366559,0.22334858903377608,3.013476630061944e-05,0.0002617433105884142
IV-PH-0094,Q3-R-001,1.0,7482.0745342758355,7481.146059896945,0.9284743788903143,0.00012410857527130065,0.001077926499365877
IV-PH-0094,Q3-R-002,1.0,7210.683584495736,7210.602115315937,0.08146917979865975,1.1298526599548771e-05,9.813720071542239e-05
IV-PH-0094,Q3-R-003,1.0,2585.7807658454817,2584.878831456094,0.9019343893878613,0.0003489271444417341,0.0030302140371188213
IV-PH-0094,Q3-R-004,1.0,6470.568468612718,6468.604597307912,1.9638713048061618,0.00030360045590411893,0.002636639831770562
IV-PH-0095,G01,0.0,7411.881590955592,7411.658242366559,0.22334858903377608,3.013476630061944e-05,0.0002617433105884142
IV-PH-0095,Q3-R-001,0.0,7482.0745342758355,7481.146059896945,0.9284743788903143,0.00012410857527130065,0.001077926499365877
IV-PH-0095,Q3-R-002,0.0,7210.683584495736,7210.602115315937,0.08146917979865975,1.1298526599548771e-05,9.813720071542239e-05
IV-PH-0095,Q3-R-003,0.0,2585.7807658454817,2584.878831456094,0.9019343893878613,0.0003489271444417341,0.0030302140371188213
IV-PH-0095,Q3-R-004,0.0,6470.568468612718,6468.604597307912,1.9638713048061618,0.00030360045590411893,0.002636639831770562
IV-PH-0095,G01,0.5,7412.4498008209675,7412.226469353493,0.22333146747496357,3.013014623856237e-05,0.000261703182449888
IV-PH-0095,Q3-R-001,0.5,7481.415468687089,7480.4869125053,0.9285561817887356,0.00012413044667405903,0.0010781164483814126
IV-PH-0095,Q3-R-002,0.5,7208.540677282944,7208.459183884253,0.08149339869032701,1.1305245214194938e-05,9.819555720041724e-05
IV-PH-0095,Q3-R-003,0.5,2583.5388844414897,2582.6361671196646,0.9027173218250937,0.00034953329211364167,0.003035477130871284
IV-PH-0095,Q3-R-004,0.5,6467.917349986603,6465.952673470912,1.9646765156912807,0.0003038495044592781,0.002638802383215819
IV-PH-0095,G01,1.0,7413.287827464141,7413.064521243677,0.22330622046411008,3.0123334259964918e-05,0.00026164401613666
IV-PH-0095,Q3-R-001,1.0,7481.023761862726,7480.095157055647,0.9286048070789548,0.00012414344838956257,0.0010782293658299677
IV-PH-0095,Q3-R-002,1.0,7206.674730287347,7206.593215788207,0.08151449914021214,1.131110036315497e-05,9.824641380363084e-05
IV-PH-0095,Q3-R-003,1.0,2582.0699443699637,2581.1667133124283,0.9032310575353222,0.0003499313131836416,0.003038933089297594
IV-PH-0095,Q3-R-004,1.0,6465.574562040338,6463.6091734116335,1.9653886287042042,0.00030406984332978,0.002640715640774662
IV-PH-0096,G01,0.0,7413.287827464141,7413.064521243677,0.22330622046411008,3.0123334259964918e-05,0.00026164401613666
IV-PH-0096,Q3-R-001,0.0,7481.023761862726,7480.095157055647,0.9286048070789548,0.00012414344838956257,0.0010782293658299677
IV-PH-0096,Q3-R-002,0.0,7206.674730287347,7206.593215788207,0.08151449914021214,1.131110036315497e-05,9.824641380363084e-05
IV-PH-0096,Q3-R-003,0.0,2582.0699443699637,2581.1667133124283,0.9032310575353222,0.0003499313131836416,0.003038933089297594
IV-PH-0096,Q3-R-004,0.0,6465.574562040338,6463.6091734116335,1.9653886287042042,0.00030406984332978,0.002640715640774662
IV-PH-0096,G01,0.5,3709.27368956101,3709.217927385338,0.05576217567204367,1.5033405090692781e-05,0.0001305775159930557
IV-PH-0096,Q3-R-001,0.5,4209.172175885871,4208.664542214926,0.5076336709453244,0.00012061632991974414,0.001047596952850794
IV-PH-0096,Q3-R-002,0.5,4828.062553531737,4827.822289730418,0.2402638013190881,4.9766496548592775e-05,0.00043225554086192116
IV-PH-0096,Q3-R-003,0.5,2550.9803236988323,2550.8861387678503,0.09418493098200997,3.692243630580232e-05,0.00032069828647527494
IV-PH-0096,Q3-R-004,0.5,4545.95436231408,4544.84068804369,1.11367427039022,0.0002450414319956278,0.0021281421042208325
IV-PH-0096,G01,1.0,161.25425415039064,161.25425415039064,0.0,0.0,0.0
IV-PH-0096,Q3-R-001,1.0,2633.2415434442155,2633.154653609927,0.08688983428828578,3.299837864409675e-05,0.00028661554623881204
IV-PH-0096,Q3-R-002,1.0,4706.339566227558,4706.356981946805,-0.017415719246855588,3.700467115788463e-06,-3.214190844756133e-05
IV-PH-0096,Q3-R-003,1.0,5814.923281123626,5814.934646759012,-0.011365635386027861,1.9545594364267815e-06,-1.6977104147100947e-05
IV-PH-0096,Q3-R-004,1.0,5195.494629999683,5195.252865644309,0.24176435537356156,4.653562812549996e-05,0.00040419392549909003
IV-PH-0097,G01,0.0,161.25425415039064,161.25425415039064,0.0,0.0,0.0
IV-PH-0097,Q3-R-001,0.0,2633.2415434442155,2633.154653609927,0.08688983428828578,3.299837864409675e-05,0.00028661554623881204
IV-PH-0097,Q3-R-002,0.0,4706.339566227558,4706.356981946805,-0.017415719246855588,3.700467115788463e-06,-3.214190844756133e-05
IV-PH-0097,Q3-R-003,0.0,5814.923281123626,5814.934646759012,-0.011365635386027861,1.9545594364267815e-06,-1.6977104147100947e-05
IV-PH-0097,Q3-R-004,0.0,5195.494629999683,5195.252865644309,0.24176435537356156,4.653562812549996e-05,0.00040419392549909003
IV-PH-0097,G01,0.5,70.62712707519484,70.62712707519484,0.0,0.0,0.0
IV-PH-0097,Q3-R-001,0.5,2636.284559681677,2636.197770146078,0.08678953559910951,3.2922239970751624e-05,0.0002859542359217581
IV-PH-0097,Q3-R-002,0.5,4712.567590665625,4712.584983368731,-0.01739270310554275,3.6906927231919754e-06,-3.205700883815678e-05
IV-PH-0097,Q3-R-003,0.5,5816.602742865961,5816.614105219686,-0.011362353725417051,1.953430899811757e-06,-1.6967301783608728e-05
IV-PH-0097,Q3-R-004,0.5,5201.799655611821,5201.558184309114,0.2414713027073958,4.642287832823093e-05,0.0004032146387197514
IV-PH-0097,G01,1.0,20.0,20.0,0.0,0.0,0.0
IV-PH-0097,Q3-R-001,1.0,2642.4341213047032,2642.347533755259,0.08658754944417524,3.2769175264814046e-05,0.0002846247764467422
IV-PH-0097,Q3-R-002,1.0,4720.527622296987,4720.5449856715995,-0.01736337461261428,3.678256359237717e-06,-3.194898755548509e-05
IV-PH-0097,Q3-R-003,1.0,5819.693181225441,5819.704537545414,-0.011356319972946949,1.951356791342662e-06,-1.694928627142333e-05
IV-PH-0097,Q3-R-004,1.0,5209.67383011785,5209.43272380445,0.24110631340045074,4.6282642695185965e-05,0.0004019966239475446
IV-PH-0098,G01,0.0,19.999999999999986,19.999999999999986,0.0,0.0,0.0
IV-PH-0098,Q3-R-001,0.0,2642.4341213047032,2642.347533755259,0.08658754944417524,3.2769175264814046e-05,0.0002846247764467422
IV-PH-0098,Q3-R-002,0.0,4720.527622296987,4720.5449856715995,-0.01736337461261428,3.678256359237717e-06,-3.194898755548509e-05
IV-PH-0098,Q3-R-003,0.0,5819.693181225441,5819.704537545414,-0.011356319972946949,1.951356791342662e-06,-1.694928627142333e-05
IV-PH-0098,Q3-R-004,0.0,5209.67383011785,5209.43272380445,0.24110631340045074,4.6282642695185965e-05,0.0004019966239475446
IV-PH-0098,G01,0.5,133.96826782226532,133.96826782226532,0.0,0.0,0.0
IV-PH-0098,Q3-R-001,0.5,2633.830022912469,2633.74315249271,0.08687041975872489,3.2983633835556915e-05,0.0002864874786846519
IV-PH-0098,Q3-R-002,0.5,4708.032017475313,4708.0494269339515,-0.017409458638212527,3.697807108526935e-06,-3.2118803832028304e-05
IV-PH-0098,Q3-R-003,0.5,5815.280383777749,5815.2917487152,-0.011364937450707657,1.954319394760988e-06,-1.6975019167717566e-05
IV-PH-0098,Q3-R-004,0.5,5197.227478710668,5196.985794967609,0.24168374305918405,4.650459951097296e-05,0.00040392442691637574
IV-PH-0098,G01,1.0,287.93653564453126,287.93653564453126,0.0,0.0,0.0
IV-PH-0098,Q3-R-001,1.0,2634.2125101721035,2634.1256523663324,0.0868578057711602,3.2974055619986325e-05,0.00028640428610501514
IV-PH-0098,Q3-R-002,1.0,4700.54915698888,4700.566594161741,-0.01743717286080937,3.709589580640537e-06,-3.222114546347397e-05
IV-PH-0098,Q3-R-003,1.0,5814.942442990392,5814.953808588325,-0.011365597933036042,1.9545465548238338e-06,-1.6976992258859298e-05
IV-PH-0098,Q3-R-004,1.0,5189.321532696551,5189.079480730464,0.2420519660872742,4.664641715088948e-05,0.0004051561819152613
IV-PH-0099,G01,0.0,287.93653564453126,287.93653564453126,0.0,0.0,0.0
IV-PH-0099,Q3-R-001,0.0,2634.2125101721035,2634.1256523663324,0.0868578057711602,3.2974055619986325e-05,0.00028640428610501514
IV-PH-0099,Q3-R-002,0.0,4700.54915698888,4700.566594161741,-0.01743717286080937,3.709589580640537e-06,-3.222114546347397e-05
IV-PH-0099,Q3-R-003,0.0,5814.942442990392,5814.953808588325,-0.011365597933036042,1.9545465548238338e-06,-1.6976992258859298e-05
IV-PH-0099,Q3-R-004,0.0,5189.321532696551,5189.079480730464,0.2420519660872742,4.664641715088948e-05,0.0004051561819152613
IV-PH-0099,G01,0.5,2409.6026604560916,2409.5580745865464,0.04458586954524435,1.850375386901384e-05,0.0001607200770375248
IV-PH-0099,Q3-R-001,0.5,4630.461607891535,4630.166792191864,0.2948156996708349,6.367280335732197e-05,0.0005530373363766065
IV-PH-0099,Q3-R-002,0.5,2491.2894911838516,2491.2523236190796,0.03716756477206218,1.4919229344889602e-05,0.0001295858129162865
IV-PH-0099,Q3-R-003,0.5,5505.898884307926,5505.78677538151,0.11210892641611281,2.036201745359899e-05,0.00017686043579967248
IV-PH-0099,Q3-R-004,0.5,6458.282514296016,6457.576351093328,0.7061632026880034,0.00010935421655036928,0.00094978672576907
IV-PH-0099,G01,1.0,4793.3305310014275,4793.1512008246455,0.17933017678205943,3.7413836799307787e-05,0.00032496637829401297
IV-PH-0099,Q3-R-001,1.0,6884.027086016154,6883.43841670048,0.5886693156735419,8.551966038445589e-05,0.0007427825711797024
IV-PH-0099,Q3-R-002,1.0,1328.322003857682,1328.3226978960502,-0.0006940383682376705,5.224922899661114e-07,-4.53831155320388e-06
IV-PH-0099,Q3-R-003,1.0,6185.696767430107,6185.061984110287,0.6347833198196895,0.00010263168282718547,0.0008914017281586722
IV-PH-0099,Q3-R-004,1.0,8242.349371669088,8241.066232122903,1.283139546185339,0.00015570067149609616,0.0013522935754102603
IV-PH-0100,G01,0.0,4793.3305310014275,4793.1512008246455,0.17933017678205943,3.7413836799307787e-05,0.00032496637829401297
IV-PH-0100,Q3-R-001,0.0,6884.027086016154,6883.43841670048,0.5886693156735419,8.551966038445589e-05,0.0007427825711797024
IV-PH-0100,Q3-R-002,0.0,1328.322003857682,1328.3226978960502,-0.0006940383682376705,5.224922899661114e-07,-4.53831155320388e-06
IV-PH-0100,Q3-R-003,0.0,6185.696767430107,6185.061984110287,0.6347833198196895,0.00010263168282718547,0.0008914017281586722
IV-PH-0100,Q3-R-004,0.0,8242.349371669088,8241.066232122903,1.283139546185339,0.00015570067149609616,0.0013522935754102603
IV-PH-0100,G01,0.5,4790.990077773086,4790.810659988189,0.17941778489694116,3.7450401952930334e-05,0.0003252839672945058
IV-PH-0100,Q3-R-001,0.5,6883.645479633764,6883.056777681433,0.5887019523306662,8.552914371410594e-05,0.0007428649352905375
IV-PH-0100,Q3-R-002,0.5,1333.7723031648904,1333.7729943671563,-0.0006912022658980277,5.182308150016089e-07,-4.501296832825726e-06
IV-PH-0100,Q3-R-003,0.5,6185.403232451282,6184.7684190040445,0.6348134472373204,0.00010264142555228392,0.0008914863437087658
IV-PH-0100,Q3-R-004,0.5,8243.423361264777,8242.140388917702,1.282972347074974,0.00015566009392415175,0.0013519411779597255
IV-PH-0100,G01,1.0,4789.017158130827,4788.837666428855,0.17949170197152853,3.748126674449994e-05,0.0003255520454243736
IV-PH-0100,Q3-R-001,1.0,6883.520344069757,6882.9316314144935,0.5887126552634072,8.553225381121829e-05,0.0007428919469401154
IV-PH-0100,Q3-R-002,1.0,1340.5181226334219,1340.5188103573882,-0.0006877239663936052,5.130282104808772e-07,-4.456107560404706e-06
IV-PH-0100,Q3-R-003,1.0,6185.395126190714,6184.760311911437,0.6348142792767248,0.00010264169462705204,0.0008914886806225925
IV-PH-0100,Q3-R-004,1.0,8244.711355232486,8243.428583343344,1.2827718891421682,0.00015561145173673667,0.0013515187430342959
IV-PH-0101,G01,0.0,4789.017158130827,4788.837666428855,0.17949170197152853,3.748126674449994e-05,0.0003255520454243736
IV-PH-0101,Q3-R-001,0.0,6883.520344069757,6882.9316314144935,0.5887126552634072,8.553225381121829e-05,0.0007428919469401154
IV-PH-0101,Q3-R-002,0.0,1340.5181226334219,1340.5188103573882,-0.0006877239663936052,5.130282104808772e-07,-4.456107560404706e-06
IV-PH-0101,Q3-R-003,0.0,6185.395126190714,6184.760311911437,0.6348142792767248,0.00010264169462705204,0.0008914886806225925
IV-PH-0101,Q3-R-004,0.0,8244.711355232486,8243.428583343344,1.2827718891421682,0.00015561145173673667,0.0013515187430342959
IV-PH-0101,G01,0.5,4789.017158130827,4788.837666428855,0.17949170197152853,3.748126674449994e-05,0.0003255520454243736
IV-PH-0101,Q3-R-001,0.5,6883.520344069757,6882.9316314144935,0.5887126552634072,8.553225381121829e-05,0.0007428919469401154
IV-PH-0101,Q3-R-002,0.5,1340.5181226334219,1340.5188103573882,-0.0006877239663936052,5.130282104808772e-07,-4.456107560404706e-06
IV-PH-0101,Q3-R-003,0.5,6185.395126190714,6184.760311911437,0.6348142792767248,0.00010264169462705204,0.0008914886806225925
IV-PH-0101,Q3-R-004,0.5,8244.711355232486,8243.428583343344,1.2827718891421682,0.00015561145173673667,0.0013515187430342959
IV-PH-0101,G01,1.0,4789.017158130827,4788.837666428855,0.17949170197152853,3.748126674449994e-05,0.0003255520454243736
IV-PH-0101,Q3-R-001,1.0,6883.520344069757,6882.9316314144935,0.5887126552634072,8.553225381121829e-05,0.0007428919469401154
IV-PH-0101,Q3-R-002,1.0,1340.5181226334219,1340.5188103573882,-0.0006877239663936052,5.130282104808772e-07,-4.456107560404706e-06
IV-PH-0101,Q3-R-003,1.0,6185.395126190714,6184.760311911437,0.6348142792767248,0.00010264169462705204,0.0008914886806225925
IV-PH-0101,Q3-R-004,1.0,8244.711355232486,8243.428583343344,1.2827718891421682,0.00015561145173673667,0.0013515187430342959
IV-PH-0102,G01,0.0,4789.017158130827,4788.837666428855,0.17949170197152853,3.748126674449994e-05,0.0003255520454243736
IV-PH-0102,Q3-R-001,0.0,6883.520344069757,6882.9316314144935,0.5887126552634072,8.553225381121829e-05,0.0007428919469401154
IV-PH-0102,Q3-R-002,0.0,1340.5181226334219,1340.5188103573882,-0.0006877239663936052,5.130282104808772e-07,-4.456107560404706e-06
IV-PH-0102,Q3-R-003,0.0,6185.395126190714,6184.760311911437,0.6348142792767248,0.00010264169462705204,0.0008914886806225925
IV-PH-0102,Q3-R-004,0.0,8244.711355232486,8243.428583343344,1.2827718891421682,0.00015561145173673667,0.0013515187430342959
IV-PH-0102,G01,0.5,4793.876189950747,4793.696880186835,0.17930976391198783,3.740531960898604e-05,0.00032489240168659275
IV-PH-0102,Q3-R-001,0.5,6884.141434338294,6883.552774801488,0.5886595368056078,8.55168190124879e-05,0.0007427578934481838
IV-PH-0102,Q3-R-002,0.5,1327.3305422872534,1327.3312368440397,-0.0006945567863567703,5.232731416825536e-07,-4.54509394858453e-06
IV-PH-0102,Q3-R-003,0.5,6185.796105300422,6185.161332175652,0.6347731247697084,0.00010262838601599171,0.0008913730953584224
IV-PH-0102,Q3-R-004,0.5,8242.1483680203,8240.865197176947,1.2831708433532185,0.00015570826759704688,0.0013523595440343241
IV-PH-0102,G01,1.0,4800.531609375674,4800.352548214694,0.17906116097947233,3.7301668821400885e-05,0.0003239921360115353
IV-PH-0102,Q3-R-001,1.0,6886.018114488043,6885.429615395209,0.5884990928334446,8.547020675625133e-05,0.0007423530591450873
IV-PH-0102,Q3-R-002,1.0,1320.5737859739568,1320.574484084462,-0.00069811050525459,5.286415220558963e-07,-4.591723131894458e-06
IV-PH-0102,Q3-R-003,1.0,6187.594465535777,6186.959876920166,0.634588615611392,0.00010256872975347089,0.0008908549808050243
IV-PH-0102,Q3-R-004,1.0,8240.63379444524,8239.350387726905,1.2834067183357547,0.00015576552251588666,0.0013528567765028689
IV-PH-0103,G01,0.0,4800.531609375674,4800.352548214694,0.17906116097947233,3.7301668821400885e-05,0.0003239921360115353
IV-PH-0103,Q3-R-001,0.0,6886.018114488043,6885.429615395209,0.5884990928334446,8.547020675625133e-05,0.0007423530591450873
IV-PH-0103,Q3-R-002,0.0,1320.5737859739568,1320.574484084462,-0.00069811050525459,5.286415220558963e-07,-4.591723131894458e-06
IV-PH-0103,Q3-R-003,0.0,6187.594465535777,6186.959876920166,0.634588615611392,0.00010256872975347089,0.0008908549808050243
IV-PH-0103,Q3-R-004,0.0,8240.63379444524,8239.350387726905,1.2834067183357547,0.00015576552251588666,0.0013528567765028689
IV-PH-0103,G01,0.5,5051.31743374447,5051.247674672676,0.06975907179366914,1.3810265559427269e-05,0.00011995361422720323
IV-PH-0103,Q3-R-001,0.5,7333.649184372874,7333.221065967885,0.4281184049887088,5.838067625910348e-05,0.0005070733094845712
IV-PH-0103,Q3-R-002,0.5,623.9286423480988,623.9270169485083,0.0016253995905799457,2.6051117301017395e-06,2.262768350878996e-05
IV-PH-0103,Q3-R-003,0.5,7034.84179457607,7034.250965622347,0.5908289537228484,8.399315813586066e-05,0.0007295246648085925
IV-PH-0103,Q3-R-004,0.5,8907.333868620291,8906.215286150129,1.118582470162437,0.00012559571425383364,0.0010908420119159856
IV-PH-0103,G01,1.0,5433.54095485898,5433.606344160074,-0.06538930109400098,1.2034236003180472e-05,-0.00010452867476447021
IV-PH-0103,Q3-R-001,1.0,7853.943637033027,7853.695382138106,0.2482548949210468,3.160994701750979e-05,0.0002745561719285118
IV-PH-0103,Q3-R-002,1.0,755.9855720357943,755.996149167931,-0.010577132136631917,1.399098679043985e-05,-0.00012152501731888168
IV-PH-0103,Q3-R-003,1.0,7888.506087171558,7887.965101744006,0.5409854275521866,6.858364870713948e-05,0.0005956895765968419
IV-PH-0103,Q3-R-004,1.0,9607.809498935254,9606.865267738902,0.9442311963521206,9.828712801073326e-05,0.0008536691950831907
IV-PH-0104,G01,0.0,5433.54095485898,5433.606344160074,-0.06538930109400098,1.2034236003180472e-05,-0.00010452867476447021
IV-PH-0104,Q3-R-001,0.0,7853.943637033027,7853.695382138106,0.2482548949210468,3.160994701750979e-05,0.0002745561719285118
IV-PH-0104,Q3-R-002,0.0,755.9855720357943,755.996149167931,-0.010577132136631917,1.399098679043985e-05,-0.00012152501731888168
IV-PH-0104,Q3-R-003,0.0,7888.506087171558,7887.965101744006,0.5409854275521866,6.858364870713948e-05,0.0005956895765968419
IV-PH-0104,Q3-R-004,0.0,9607.809498935254,9606.865267738902,0.9442311963521206,9.828712801073326e-05,0.0008536691950831907
IV-PH-0104,G01,0.5,5427.645388289574,5427.7108486163725,-0.06546032679852942,1.2060393160998346e-05,-0.00010475587568825815
IV-PH-0104,Q3-R-001,0.5,7852.294764903056,7852.0464578764295,0.24830702662620752,3.162322433499224e-05,0.00027467149359664846
IV-PH-0104,Q3-R-002,0.5,767.783263002231,767.7936776092952,-0.010414607064149095,1.3564330324492127e-05,-0.0001178190752831995
IV-PH-0104,Q3-R-003,0.5,7887.092789120254,7886.551706746192,0.5410823740612614,6.860823261938636e-05,0.0005959030950989215
IV-PH-0104,Q3-R-004,0.5,9609.11422997601,9608.17012700051,0.9441029754998453,9.826043492368681e-05,0.0008534373646595474
IV-PH-0104,G01,1.0,5423.348098396994,5423.413610591862,-0.06551219486846094,1.2079512936375792e-05,-0.00010492194995108818
IV-PH-0104,Q3-R-001,1.0,7851.7538473025415,7851.505523169178,0.24832413336389436,3.1627581822506434e-05,0.0002747093410550748
IV-PH-0104,Q3-R-002,1.0,790.4878716592449,790.4979871390034,-0.010115479758496804,1.2796338413342561e-05,-0.00011114829437666683
IV-PH-0104,Q3-R-003,1.0,7886.782615459653,7886.241511804289,0.5411036553641679,6.861362976954648e-05,0.0005959499709344384
IV-PH-0104,Q3-R-004,1.0,9611.324163927588,9610.380278051223,0.9438858763642202,9.821524737370952e-05,0.0008530449091399463
IV-PH-0105,G01,0.0,5423.348098396994,5423.413610591862,-0.06551219486846094,1.2079512936375792e-05,-0.00010492194995108818
IV-PH-0105,Q3-R-001,0.0,7851.7538473025415,7851.505523169178,0.24832413336389436,3.1627581822506434e-05,0.0002747093410550748
IV-PH-0105,Q3-R-002,0.0,790.4878716592449,790.4979871390034,-0.010115479758496804,1.2796338413342561e-05,-0.00011114829437666683
IV-PH-0105,Q3-R-003,0.0,7886.782615459653,7886.241511804289,0.5411036553641679,6.861362976954648e-05,0.0005959499709344384
IV-PH-0105,Q3-R-004,0.0,9611.324163927588,9610.380278051223,0.9438858763642202,9.821524737370952e-05,0.0008530449091399463
IV-PH-0105,G01,0.5,5423.348098396994,5423.413610591862,-0.06551219486846094,1.2079512936375792e-05,-0.00010492194995108818
IV-PH-0105,Q3-R-001,0.5,7851.7538473025415,7851.505523169178,0.24832413336389436,3.1627581822506434e-05,0.0002747093410550748
IV-PH-0105,Q3-R-002,0.5,790.4878716592449,790.4979871390034,-0.010115479758496804,1.2796338413342561e-05,-0.00011114829437666683
IV-PH-0105,Q3-R-003,0.5,7886.782615459653,7886.241511804289,0.5411036553641679,6.861362976954648e-05,0.0005959499709344384
IV-PH-0105,Q3-R-004,0.5,9611.324163927588,9610.380278051223,0.9438858763642202,9.821524737370952e-05,0.0008530449091399463
IV-PH-0105,G01,1.0,5423.348098396994,5423.413610591862,-0.06551219486846094,1.2079512936375792e-05,-0.00010492194995108818
IV-PH-0105,Q3-R-001,1.0,7851.7538473025415,7851.505523169178,0.24832413336389436,3.1627581822506434e-05,0.0002747093410550748
IV-PH-0105,Q3-R-002,1.0,790.4878716592449,790.4979871390034,-0.010115479758496804,1.2796338413342561e-05,-0.00011114829437666683
IV-PH-0105,Q3-R-003,1.0,7886.782615459653,7886.241511804289,0.5411036553641679,6.861362976954648e-05,0.0005959499709344384
IV-PH-0105,Q3-R-004,1.0,9611.324163927588,9610.380278051223,0.9438858763642202,9.821524737370952e-05,0.0008530449091399463
IV-PH-0106,G01,0.0,5423.348098396994,5423.413610591862,-0.06551219486846094,1.2079512936375792e-05,-0.00010492194995108818
IV-PH-0106,Q3-R-001,0.0,7851.7538473025415,7851.505523169178,0.24832413336389436,3.1627581822506434e-05,0.0002747093410550748
IV-PH-0106,Q3-R-002,0.0,790.4878716592449,790.4979871390034,-0.010115479758496804,1.2796338413342561e-05,-0.00011114829437666683
IV-PH-0106,Q3-R-003,0.0,7886.782615459653,7886.241511804289,0.5411036553641679,6.861362976954648e-05,0.0005959499709344384
IV-PH-0106,Q3-R-004,0.0,9611.324163927588,9610.380278051223,0.9438858763642202,9.821524737370952e-05,0.0008530449091399463
IV-PH-0106,G01,0.5,5429.199122450202,5429.264564043717,-0.06544159351506096,1.2053491360222102e-05,-0.00010469592668542512
IV-PH-0106,Q3-R-001,0.5,7852.661025672892,7852.412730228072,0.2482954448196324,3.162027434750245e-05,0.0002746458711421849
IV-PH-0106,Q3-R-002,0.5,763.1865401235955,763.1970174576664,-0.010477334070969846,1.3728216739986159e-05,-0.00011924259402660271
IV-PH-0106,Q3-R-003,0.5,7887.390873597727,7886.849811673942,0.5410619237845822,6.860304642592714e-05,0.0005958580514850048
IV-PH-0106,Q3-R-004,0.5,9608.640400548406,9607.696251011925,0.9441495364808361,9.827012759498867e-05,0.0008535215458590192
IV-PH-0106,G01,1.0,5437.713623193152,5437.778962317902,-0.06533912475060788,1.2015774308479154e-05,-0.00010436831659321879
IV-PH-0106,Q3-R-001,1.0,7855.415947703368,7855.167739339387,0.24820836398157553,3.1598098502534286e-05,0.0002744532602886937
IV-PH-0106,Q3-R-002,1.0,754.3633982570228,754.373998133775,-0.010599876752166892,1.4051222309344747e-05,-0.00012204822372432339
IV-PH-0106,Q3-R-003,1.0,7889.838869338676,7889.297975302745,0.54089403593116,6.85604774498841e-05,0.0005954883274146616
IV-PH-0106,Q3-R-004,1.0,9607.466696888538,9606.522431997955,0.9442648905824171,9.829414309565401e-05,0.0008537301213484507
IV-PH-0107,G01,0.0,5437.713623193152,5437.778962317902,-0.06533912475060788,1.2015774308479154e-05,-0.00010436831659321879
IV-PH-0107,Q3-R-001,0.0,7855.415947703368,7855.167739339387,0.24820836398157553,3.1598098502534286e-05,0.0002744532602886937
IV-PH-0107,Q3-R-002,0.0,754.3633982570228,754.373998133775,-0.010599876752166892,1.4051222309344747e-05,-0.00012204822372432339
IV-PH-0107,Q3-R-003,0.0,7889.838869338676,7889.297975302745,0.54089403593116,6.85604774498841e-05,0.0005954883274146616
IV-PH-0107,Q3-R-004,0.0,9607.466696888538,9606.522431997955,0.9442648905824171,9.829414309565401e-05,0.0008537301213484507
IV-PH-0107,G01,0.5,2745.942309676362,2745.9584873402946,-0.016177663932467112,5.891445193746035e-06,-5.1172593501559385e-05
IV-PH-0107,Q3-R-001,0.5,5196.705399422885,5196.51982090573,0.18557851715559082,3.5712077226955584e-05,0.0003101856228860069
IV-PH-0107,Q3-R-002,0.5,1994.4379396810477,1994.4574562766284,-0.019516595580626017,9.785415837879419e-06,-8.499545788875416e-05
IV-PH-0107,Q3-R-003,0.5,6380.514713342035,6380.388121302853,0.1265920391824693,1.9840805414298162e-05,0.00017233333654931337
IV-PH-0107,Q3-R-004,0.5,7228.828486754673,7228.223071504537,0.6054152501355929,8.375713424261784e-05,0.0007274747592573374
IV-PH-0107,G01,1.0,444.2473876953125,444.2473876953125,0.0,0.0,0.0
IV-PH-0107,Q3-R-001,1.0,2643.7891668099137,2643.7026236414335,0.08654316848014787,3.2735591252295764e-05,0.0002843330789746995
IV-PH-0107,Q3-R-002,1.0,4698.1047356398485,4698.122181885227,-0.017446245378778258,3.713450758272438e-06,-3.225468335045598e-05
IV-PH-0107,Q3-R-003,1.0,5818.768382004,5818.7797401288735,-0.01135812487336807,1.9519771121490347e-06,-1.695467431990223e-05
IV-PH-0107,Q3-R-004,1.0,5185.961155195731,5185.718946378497,0.24220881723431376,4.670689247504686e-05,0.0004056814393888004
IV-PH-0108,G01,0.0,444.2473876953125,444.2473876953125,0.0,0.0,0.0
IV-PH-0108,Q3-R-001,0.0,2643.7891668099137,2643.7026236414335,0.08654316848014787,3.2735591252295764e-05,0.0002843330789746995
IV-PH-0108,Q3-R-002,0.0,4698.1047356398485,4698.122181885227,-0.017446245378778258,3.713450758272438e-06,-3.225468335045598e-05
IV-PH-0108,Q3-R-003,0.0,5818.768382004,5818.7797401288735,-0.01135812487336807,1.9519771121490347e-06,-1.695467431990223e-05
IV-PH-0108,Q3-R-004,0.0,5185.961155195731,5185.718946378497,0.24220881723431376,4.670689247504686e-05,0.0004056814393888004
IV-PH-0108,G01,0.5,212.12369384765572,212.12369384765572,0.0,0.0,0.0
IV-PH-0108,Q3-R-001,0.5,2632.899202921169,2632.8123017887297,0.08690113243937958,3.300696080018278e-05,0.0002866900874394676
IV-PH-0108,Q3-R-002,0.5,4703.605336410542,4703.622762253598,-0.01742584305611672,3.7047705432413663e-06,-3.21792876813566e-05
IV-PH-0108,Q3-R-003,0.5,5814.599358017729,5814.610724286277,-0.0113662685480449,1.9547772133000476e-06,-1.697899573698367e-05
IV-PH-0108,Q3-R-004,0.5,5192.645361514826,5192.403464494193,0.2418970206326776,4.658671505147404e-05,0.0004046376402405943
IV-PH-0108,G01,1.0,20.0,20.0,0.0,0.0,0.0
IV-PH-0108,Q3-R-001,1.0,2642.4341213047032,2642.347533755259,0.08658754944417524,3.2769175264814046e-05,0.0002846247764467422
IV-PH-0108,Q3-R-002,1.0,4720.527622296987,4720.5449856715995,-0.01736337461261428,3.678256359237717e-06,-3.194898755548509e-05
IV-PH-0108,Q3-R-003,1.0,5819.693181225441,5819.704537545414,-0.011356319972946949,1.951356791342662e-06,-1.694928627142333e-05
IV-PH-0108,Q3-R-004,1.0,5209.67383011785,5209.43272380445,0.24110631340045074,4.6282642695185965e-05,0.0004019966239475446
IV-PH-0109,G01,0.0,19.999999999999986,19.999999999999986,0.0,0.0,0.0
IV-PH-0109,Q3-R-001,0.0,2642.4341213047032,2642.347533755259,0.08658754944417524,3.2769175264814046e-05,0.0002846247764467422
IV-PH-0109,Q3-R-002,0.0,4720.527622296987,4720.5449856715995,-0.01736337461261428,3.678256359237717e-06,-3.194898755548509e-05
IV-PH-0109,Q3-R-003,0.0,5819.693181225441,5819.704537545414,-0.011356319972946949,1.951356791342662e-06,-1.694928627142333e-05
IV-PH-0109,Q3-R-004,0.0,5209.67383011785,5209.43272380445,0.24110631340045074,4.6282642695185965e-05,0.0004019966239475446
IV-PH-0109,G01,0.5,70.62712707519535,70.62712707519535,0.0,0.0,0.0
IV-PH-0109,Q3-R-001,0.5,2636.284559681677,2636.197770146078,0.08678953559910951,3.2922239970751624e-05,0.0002859542359217581
IV-PH-0109,Q3-R-002,0.5,4712.567590665625,4712.584983368731,-0.01739270310554275,3.6906927231919754e-06,-3.205700883815678e-05
IV-PH-0109,Q3-R-003,0.5,5816.602742865961,5816.614105219686,-0.011362353725417051,1.953430899811757e-06,-1.6967301783608728e-05
IV-PH-0109,Q3-R-004,0.5,5201.799655611821,5201.558184309114,0.2414713027073958,4.642287832823093e-05,0.0004032146387197514
IV-PH-0109,G01,1.0,161.25425415039064,161.25425415039064,0.0,0.0,0.0
IV-PH-0109,Q3-R-001,1.0,2633.2415434442155,2633.154653609927,0.08688983428828578,3.299837864409675e-05,0.00028661554623881204
IV-PH-0109,Q3-R-002,1.0,4706.339566227558,4706.356981946805,-0.017415719246855588,3.700467115788463e-06,-3.214190844756133e-05
IV-PH-0109,Q3-R-003,1.0,5814.923281123626,5814.934646759012,-0.011365635386027861,1.9545594364267815e-06,-1.6977104147100947e-05
IV-PH-0109,Q3-R-004,1.0,5195.494629999683,5195.252865644309,0.24176435537356156,4.653562812549996e-05,0.00040419392549909003
IV-PH-0110,G01,0.0,161.25425415039064,161.25425415039064,0.0,0.0,0.0
IV-PH-0110,Q3-R-001,0.0,2633.2415434442155,2633.154653609927,0.08688983428828578,3.299837864409675e-05,0.00028661554623881204
IV-PH-0110,Q3-R-002,0.0,4706.339566227558,4706.356981946805,-0.017415719246855588,3.700467115788463e-06,-3.214190844756133e-05
IV-PH-0110,Q3-R-003,0.0,5814.923281123626,5814.934646759012,-0.011365635386027861,1.9545594364267815e-06,-1.6977104147100947e-05
IV-PH-0110,Q3-R-004,0.0,5195.494629999683,5195.252865644309,0.24176435537356156,4.653562812549996e-05,0.00040419392549909003
IV-PH-0110,G01,0.5,3709.27368956101,3709.217927385338,0.05576217567204367,1.5033405090692781e-05,0.0001305775159930557
IV-PH-0110,Q3-R-001,0.5,4209.172175885871,4208.664542214926,0.5076336709453244,0.00012061632991974414,0.001047596952850794
IV-PH-0110,Q3-R-002,0.5,4828.062553531737,4827.822289730418,0.2402638013190881,4.9766496548592775e-05,0.00043225554086192116
IV-PH-0110,Q3-R-003,0.5,2550.9803236988323,2550.8861387678503,0.09418493098200997,3.692243630580232e-05,0.00032069828647527494
IV-PH-0110,Q3-R-004,0.5,4545.95436231408,4544.84068804369,1.11367427039022,0.0002450414319956278,0.0021281421042208325
IV-PH-0110,G01,1.0,7413.287827464141,7413.064521243677,0.22330622046411008,3.0123334259964918e-05,0.00026164401613666
IV-PH-0110,Q3-R-001,1.0,7481.023761862726,7480.095157055647,0.9286048070789548,0.00012414344838956257,0.0010782293658299677
IV-PH-0110,Q3-R-002,1.0,7206.674730287347,7206.593215788207,0.08151449914021214,1.131110036315497e-05,9.824641380363084e-05
IV-PH-0110,Q3-R-003,1.0,2582.0699443699637,2581.1667133124283,0.9032310575353222,0.0003499313131836416,0.003038933089297594
IV-PH-0110,Q3-R-004,1.0,6465.574562040338,6463.6091734116335,1.9653886287042042,0.00030406984332978,0.002640715640774662
IV-PH-0111,G01,0.0,7413.287827464141,7413.064521243677,0.22330622046411008,3.0123334259964918e-05,0.00026164401613666
IV-PH-0111,Q3-R-001,0.0,7481.023761862726,7480.095157055647,0.9286048070789548,0.00012414344838956257,0.0010782293658299677
IV-PH-0111,Q3-R-002,0.0,7206.674730287347,7206.593215788207,0.08151449914021214,1.131110036315497e-05,9.824641380363084e-05
IV-PH-0111,Q3-R-003,0.0,2582.0699443699637,2581.1667133124283,0.9032310575353222,0.0003499313131836416,0.003038933089297594
IV-PH-0111,Q3-R-004,0.0,6465.574562040338,6463.6091734116335,1.9653886287042042,0.00030406984332978,0.002640715640774662
IV-PH-0111,G01,0.5,7412.4498008209675,7412.226469353493,0.22333146747496357,3.013014623856237e-05,0.000261703182449888
IV-PH-0111,Q3-R-001,0.5,7481.415468687089,7480.4869125053,0.9285561817887356,0.00012413044667405903,0.0010781164483814126
IV-PH-0111,Q3-R-002,0.5,7208.540677282944,7208.459183884253,0.08149339869032701,1.1305245214194938e-05,9.819555720041724e-05
IV-PH-0111,Q3-R-003,0.5,2583.5388844414897,2582.6361671196646,0.9027173218250937,0.00034953329211364167,0.003035477130871284
IV-PH-0111,Q3-R-004,0.5,6467.917349986603,6465.952673470912,1.9646765156912807,0.0003038495044592781,0.002638802383215819
IV-PH-0111,G01,1.0,7411.881590955592,7411.658242366559,0.22334858903377608,3.013476630061944e-05,0.0002617433105884142
IV-PH-0111,Q3-R-001,1.0,7482.0745342758355,7481.146059896945,0.9284743788903143,0.00012410857527130065,0.001077926499365877
IV-PH-0111,Q3-R-002,1.0,7210.683584495736,7210.602115315937,0.08146917979865975,1.1298526599548771e-05,9.813720071542239e-05
IV-PH-0111,Q3-R-003,1.0,2585.7807658454817,2584.878831456094,0.9019343893878613,0.0003489271444417341,0.0030302140371188213
IV-PH-0111,Q3-R-004,1.0,6470.568468612718,6468.604597307912,1.9638713048061618,0.00030360045590411893,0.002636639831770562
IV-PH-0112,G01,0.0,7411.881590955592,7411.658242366559,0.22334858903377608,3.013476630061944e-05,0.0002617433105884142
IV-PH-0112,Q3-R-001,0.0,7482.0745342758355,7481.146059896945,0.9284743788903143,0.00012410857527130065,0.001077926499365877
IV-PH-0112,Q3-R-002,0.0,7210.683584495736,7210.602115315937,0.08146917979865975,1.1298526599548771e-05,9.813720071542239e-05
IV-PH-0112,Q3-R-003,0.0,2585.7807658454817,2584.878831456094,0.9019343893878613,0.0003489271444417341,0.0030302140371188213
IV-PH-0112,Q3-R-004,0.0,6470.568468612718,6468.604597307912,1.9638713048061618,0.00030360045590411893,0.002636639831770562
IV-PH-0112,G01,0.5,7411.881590955592,7411.658242366559,0.22334858903377608,3.013476630061944e-05,0.0002617433105884142
IV-PH-0112,Q3-R-001,0.5,7482.0745342758355,7481.146059896945,0.9284743788903143,0.00012410857527130065,0.001077926499365877
IV-PH-0112,Q3-R-002,0.5,7210.683584495736,7210.602115315937,0.08146917979865975,1.1298526599548771e-05,9.813720071542239e-05
IV-PH-0112,Q3-R-003,0.5,2585.7807658454817,2584.878831456094,0.9019343893878613,0.0003489271444417341,0.0030302140371188213
IV-PH-0112,Q3-R-004,0.5,6470.568468612718,6468.604597307912,1.9638713048061618,0.00030360045590411893,0.002636639831770562
IV-PH-0112,G01,1.0,7411.881590955592,7411.658242366559,0.22334858903377608,3.013476630061944e-05,0.0002617433105884142
IV-PH-0112,Q3-R-001,1.0,7482.0745342758355,7481.146059896945,0.9284743788903143,0.00012410857527130065,0.001077926499365877
IV-PH-0112,Q3-R-002,1.0,7210.683584495736,7210.602115315937,0.08146917979865975,1.1298526599548771e-05,9.813720071542239e-05
IV-PH-0112,Q3-R-003,1.0,2585.7807658454817,2584.878831456094,0.9019343893878613,0.0003489271444417341,0.0030302140371188213
IV-PH-0112,Q3-R-004,1.0,6470.568468612718,6468.604597307912,1.9638713048061618,0.00030360045590411893,0.002636639831770562
IV-PH-0113,G01,0.0,7411.881590955592,7411.658242366559,0.22334858903377608,3.013476630061944e-05,0.0002617433105884142
IV-PH-0113,Q3-R-001,0.0,7482.0745342758355,7481.146059896945,0.9284743788903143,0.00012410857527130065,0.001077926499365877
IV-PH-0113,Q3-R-002,0.0,7210.683584495736,7210.602115315937,0.08146917979865975,1.1298526599548771e-05,9.813720071542239e-05
IV-PH-0113,Q3-R-003,0.0,2585.7807658454817,2584.878831456094,0.9019343893878613,0.0003489271444417341,0.0030302140371188213
IV-PH-0113,Q3-R-004,0.0,6470.568468612718,6468.604597307912,1.9638713048061618,0.00030360045590411893,0.002636639831770562
IV-PH-0113,G01,0.5,7412.4498008209675,7412.226469353493,0.22333146747496357,3.013014623856237e-05,0.000261703182449888
IV-PH-0113,Q3-R-001,0.5,7481.415468687089,7480.4869125053,0.9285561817887356,0.00012413044667405903,0.0010781164483814126
IV-PH-0113,Q3-R-002,0.5,7208.540677282944,7208.459183884253,0.08149339869032701,1.1305245214194938e-05,9.819555720041724e-05
IV-PH-0113,Q3-R-003,0.5,2583.5388844414897,2582.6361671196646,0.9027173218250937,0.00034953329211364167,0.003035477130871284
IV-PH-0113,Q3-R-004,0.5,6467.917349986603,6465.952673470912,1.9646765156912807,0.0003038495044592781,0.002638802383215819
IV-PH-0113,G01,1.0,7413.287827464141,7413.064521243677,0.22330622046411008,3.0123334259964918e-05,0.00026164401613666
IV-PH-0113,Q3-R-001,1.0,7481.023761862726,7480.095157055647,0.9286048070789548,0.00012414344838956257,0.0010782293658299677
IV-PH-0113,Q3-R-002,1.0,7206.674730287347,7206.593215788207,0.08151449914021214,1.131110036315497e-05,9.824641380363084e-05
IV-PH-0113,Q3-R-003,1.0,2582.0699443699637,2581.1667133124283,0.9032310575353222,0.0003499313131836416,0.003038933089297594
IV-PH-0113,Q3-R-004,1.0,6465.574562040338,6463.6091734116335,1.9653886287042042,0.00030406984332978,0.002640715640774662
IV-PH-0114,G01,0.0,7413.287827464141,7413.064521243677,0.22330622046411008,3.0123334259964918e-05,0.00026164401613666
IV-PH-0114,Q3-R-001,0.0,7481.023761862726,7480.095157055647,0.9286048070789548,0.00012414344838956257,0.0010782293658299677
IV-PH-0114,Q3-R-002,0.0,7206.674730287347,7206.593215788207,0.08151449914021214,1.131110036315497e-05,9.824641380363084e-05
IV-PH-0114,Q3-R-003,0.0,2582.0699443699637,2581.1667133124283,0.9032310575353222,0.0003499313131836416,0.003038933089297594
IV-PH-0114,Q3-R-004,0.0,6465.574562040338,6463.6091734116335,1.9653886287042042,0.00030406984332978,0.002640715640774662
IV-PH-0114,G01,0.5,3709.27368956101,3709.217927385338,0.05576217567204367,1.5033405090692781e-05,0.0001305775159930557
IV-PH-0114,Q3-R-001,0.5,4209.172175885871,4208.664542214926,0.5076336709453244,0.00012061632991974414,0.001047596952850794
IV-PH-0114,Q3-R-002,0.5,4828.062553531737,4827.822289730418,0.2402638013190881,4.9766496548592775e-05,0.00043225554086192116
IV-PH-0114,Q3-R-003,0.5,2550.9803236988323,2550.8861387678503,0.09418493098200997,3.692243630580232e-05,0.00032069828647527494
IV-PH-0114,Q3-R-004,0.5,4545.95436231408,4544.84068804369,1.11367427039022,0.0002450414319956278,0.0021281421042208325
IV-PH-0114,G01,1.0,161.25425415039064,161.25425415039064,0.0,0.0,0.0
IV-PH-0114,Q3-R-001,1.0,2633.2415434442155,2633.154653609927,0.08688983428828578,3.299837864409675e-05,0.00028661554623881204
IV-PH-0114,Q3-R-002,1.0,4706.339566227558,4706.356981946805,-0.017415719246855588,3.700467115788463e-06,-3.214190844756133e-05
IV-PH-0114,Q3-R-003,1.0,5814.923281123626,5814.934646759012,-0.011365635386027861,1.9545594364267815e-06,-1.6977104147100947e-05
IV-PH-0114,Q3-R-004,1.0,5195.494629999683,5195.252865644309,0.24176435537356156,4.653562812549996e-05,0.00040419392549909003
IV-PH-0115,G01,0.0,161.25425415039064,161.25425415039064,0.0,0.0,0.0
IV-PH-0115,Q3-R-001,0.0,2633.2415434442155,2633.154653609927,0.08688983428828578,3.299837864409675e-05,0.00028661554623881204
IV-PH-0115,Q3-R-002,0.0,4706.339566227558,4706.356981946805,-0.017415719246855588,3.700467115788463e-06,-3.214190844756133e-05
IV-PH-0115,Q3-R-003,0.0,5814.923281123626,5814.934646759012,-0.011365635386027861,1.9545594364267815e-06,-1.6977104147100947e-05
IV-PH-0115,Q3-R-004,0.0,5195.494629999683,5195.252865644309,0.24176435537356156,4.653562812549996e-05,0.00040419392549909003
IV-PH-0115,G01,0.5,70.62712707519589,70.62712707519589,0.0,0.0,0.0
IV-PH-0115,Q3-R-001,0.5,2636.284559681677,2636.197770146078,0.08678953559910951,3.2922239970751624e-05,0.0002859542359217581
IV-PH-0115,Q3-R-002,0.5,4712.567590665625,4712.584983368731,-0.01739270310554275,3.6906927231919754e-06,-3.205700883815678e-05
IV-PH-0115,Q3-R-003,0.5,5816.602742865961,5816.614105219686,-0.011362353725417051,1.953430899811757e-06,-1.6967301783608728e-05
IV-PH-0115,Q3-R-004,0.5,5201.799655611821,5201.558184309114,0.2414713027073958,4.642287832823093e-05,0.0004032146387197514
IV-PH-0115,G01,1.0,20.0,20.0,0.0,0.0,0.0
IV-PH-0115,Q3-R-001,1.0,2642.4341213047032,2642.347533755259,0.08658754944417524,3.2769175264814046e-05,0.0002846247764467422
IV-PH-0115,Q3-R-002,1.0,4720.527622296987,4720.5449856715995,-0.01736337461261428,3.678256359237717e-06,-3.194898755548509e-05
IV-PH-0115,Q3-R-003,1.0,5819.693181225441,5819.704537545414,-0.011356319972946949,1.951356791342662e-06,-1.694928627142333e-05
IV-PH-0115,Q3-R-004,1.0,5209.67383011785,5209.43272380445,0.24110631340045074,4.6282642695185965e-05,0.0004019966239475446
IV-PH-0116,G01,0.0,19.999999999999986,19.999999999999986,0.0,0.0,0.0
IV-PH-0116,Q3-R-001,0.0,2642.4341213047032,2642.347533755259,0.08658754944417524,3.2769175264814046e-05,0.0002846247764467422
IV-PH-0116,Q3-R-002,0.0,4720.527622296987,4720.5449856715995,-0.01736337461261428,3.678256359237717e-06,-3.194898755548509e-05
IV-PH-0116,Q3-R-003,0.0,5819.693181225441,5819.704537545414,-0.011356319972946949,1.951356791342662e-06,-1.694928627142333e-05
IV-PH-0116,Q3-R-004,0.0,5209.67383011785,5209.43272380445,0.24110631340045074,4.6282642695185965e-05,0.0004019966239475446
IV-PH-0116,G01,0.5,115.74091186523441,115.74091186523441,0.0,0.0,0.0
IV-PH-0116,Q3-R-001,0.5,2634.380519573194,2634.2936673070203,0.08685226617353692,3.296984966081024e-05,0.0002863677548126411
IV-PH-0116,Q3-R-002,0.5,4709.250337198084,4709.267742152776,-0.017404954692210595,3.6958940636180865e-06,-3.210218727333723e-05
IV-PH-0116,Q3-R-003,0.5,5815.590245200525,5815.601609532439,-0.011364331914592185,1.954111144058551e-06,-1.697321032115134e-05
IV-PH-0116,Q3-R-004,0.5,5198.464512212382,5198.22288598338,0.24162622900166753,4.648246800905644e-05,0.00040373220406990785
IV-PH-0116,G01,1.0,251.48182373046876,251.48182373046876,0.0,0.0,0.0
IV-PH-0116,Q3-R-001,1.0,2633.30866946625,2633.221781846955,0.08688761929533939,3.299669625032343e-05,0.00028660093363429246
IV-PH-0116,Q3-R-002,1.0,4701.86639902068,4701.8838313084825,-0.01743228780287609,3.7075113780565005e-06,-3.220309435801453e-05
IV-PH-0116,Q3-R-003,1.0,5814.654096921769,5814.665463083316,-0.011366161546902731,1.9547404092402673e-06,-1.697867605987496e-05
IV-PH-0116,Q3-R-004,1.0,5190.781862451577,5190.539878585476,0.2419838661007816,4.662017280690404e-05,0.0004049282370692011
IV-PH-0117,G01,0.0,251.48182373046876,251.48182373046876,0.0,0.0,0.0
IV-PH-0117,Q3-R-001,0.0,2633.30866946625,2633.221781846955,0.08688761929533939,3.299669625032343e-05,0.00028660093363429246
IV-PH-0117,Q3-R-002,0.0,4701.86639902068,4701.8838313084825,-0.01743228780287609,3.7075113780565005e-06,-3.220309435801453e-05
IV-PH-0117,Q3-R-003,0.0,5814.654096921769,5814.665463083316,-0.011366161546902731,1.9547404092402673e-06,-1.697867605987496e-05
IV-PH-0117,Q3-R-004,0.0,5190.781862451577,5190.539878585476,0.2419838661007816,4.662017280690404e-05,0.0004049282370692011
IV-PH-0117,G01,0.5,2437.7746068031006,2437.7013941746513,0.07321262844925513,3.0033468670203234e-05,0.0002608634770201873
IV-PH-0117,Q3-R-001,0.5,4330.915028807815,4330.53840948596,0.3766193218552871,8.69682441865219e-05,0.0007553637251671097
IV-PH-0117,Q3-R-002,0.5,2958.1325209714496,2958.0450671364547,0.08745383499490345,2.9564740566837753e-05,0.0002567922777615221
IV-PH-0117,Q3-R-003,0.5,4816.318956178434,4816.212226835018,0.10672934341619111,2.216043197214515e-05,0.00019248093371922333
IV-PH-0117,Q3-R-004,0.5,5916.354546028604,5915.553837183884,0.8007088447202477,0.0001353565307253509,0.0011756123260638555
IV-PH-0117,G01,1.0,4856.0530074633325,4855.758925316929,0.29408214640352526,6.056358046735833e-05,0.0005260326469760227
IV-PH-0117,Q3-R-001,1.0,6506.791780642302,6505.980586279372,0.8111943629301095,0.00012468441185343497,0.0010829275302576772
IV-PH-0117,Q3-R-002,1.0,2674.4255908195464,2674.4203465850105,0.005244234535894066,1.960886418842301e-06,1.7032026327502867e-05
IV-PH-0117,Q3-R-003,1.0,4933.82794189819,4933.083089704502,0.74485219368853,0.00015099121181296534,0.0013113940001316022
IV-PH-0117,Q3-R-004,1.0,7404.140040334608,7402.578949911256,1.561090423351743,0.0002108846705877359,0.0018315278612967534
IV-PH-0118,G01,0.0,4856.0530074633325,4855.758925316929,0.29408214640352526,6.056358046735833e-05,0.0005260326469760227
IV-PH-0118,Q3-R-001,0.0,6506.791780642302,6505.980586279372,0.8111943629301095,0.00012468441185343497,0.0010829275302576772
IV-PH-0118,Q3-R-002,0.0,2674.4255908195464,2674.4203465850105,0.005244234535894066,1.960886418842301e-06,1.7032026327502867e-05
IV-PH-0118,Q3-R-003,0.0,4933.82794189819,4933.083089704502,0.74485219368853,0.00015099121181296534,0.0013113940001316022
IV-PH-0118,Q3-R-004,0.0,7404.140040334608,7402.578949911256,1.561090423351743,0.0002108846705877359,0.0018315278612967534
IV-PH-0118,G01,0.5,4854.881422502931,4854.587269384023,0.2941531189080706,6.0592817182045304e-05,0.0005262865784697476
IV-PH-0118,Q3-R-001,0.5,6506.663338684416,6505.85212830646,0.8112103779558311,0.00012468933537949892,0.0010829702901298203
IV-PH-0118,Q3-R-002,0.5,2676.20013525453,2676.1948944973665,0.005240757163392118,1.9582868101900396e-06,1.7009446458969857e-05
IV-PH-0118,Q3-R-003,0.5,4933.751454142288,4933.006590399441,0.7448637428469738,0.0001509958945314646,0.0013114346675666163
IV-PH-0118,Q3-R-004,0.5,7404.903148298336,7403.342218786167,1.560929512169423,0.00021084119388788017,0.0018311503070926856
IV-PH-0118,G01,1.0,4853.825677095014,4853.531459991603,0.2942171034110288,6.061918127786027e-05,0.0005265155602185658
IV-PH-0118,Q3-R-001,1.0,6506.621518969567,6505.810303377105,0.8112155924618492,0.00012469093850473242,0.0010829842129622407
IV-PH-0118,Q3-R-002,1.0,2678.183964710907,2678.178727835773,0.005236875133959984,1.9553867258858728e-06,1.698425669526735e-05
IV-PH-0118,Q3-R-003,1.0,4933.789205472741,4933.044347430146,0.7448580425943874,0.00015099358329961473,0.001311414595492421
IV-PH-0118,Q3-R-004,1.0,7405.74228529885,7404.181532691275,1.5607526075755231,0.00021079340109158833,0.001830735271634426
IV-PH-0119,G01,0.0,4853.825677095014,4853.531459991603,0.2942171034110288,6.061918127786027e-05,0.0005265155602185658
IV-PH-0119,Q3-R-001,0.0,6506.621518969567,6505.810303377105,0.8112155924618492,0.00012469093850473242,0.0010829842129622407
IV-PH-0119,Q3-R-002,0.0,2678.183964710907,2678.178727835773,0.005236875133959984,1.9553867258858728e-06,1.698425669526735e-05
IV-PH-0119,Q3-R-003,0.0,4933.789205472741,4933.044347430146,0.7448580425943874,0.00015099358329961473,0.001311414595492421
IV-PH-0119,Q3-R-004,0.0,7405.74228529885,7404.181532691275,1.5607526075755231,0.00021079340109158833,0.001830735271634426
IV-PH-0119,G01,0.5,4853.825677095014,4853.531459991603,0.2942171034110288,6.061918127786027e-05,0.0005265155602185658
IV-PH-0119,Q3-R-001,0.5,6506.621518969567,6505.810303377105,0.8112155924618492,0.00012469093850473242,0.0010829842129622407
IV-PH-0119,Q3-R-002,0.5,2678.183964710907,2678.178727835773,0.005236875133959984,1.9553867258858728e-06,1.698425669526735e-05
IV-PH-0119,Q3-R-003,0.5,4933.789205472741,4933.044347430146,0.7448580425943874,0.00015099358329961473,0.001311414595492421
IV-PH-0119,Q3-R-004,0.5,7405.74228529885,7404.181532691275,1.5607526075755231,0.00021079340109158833,0.001830735271634426
IV-PH-0119,G01,1.0,4853.825677095014,4853.531459991603,0.2942171034110288,6.061918127786027e-05,0.0005265155602185658
IV-PH-0119,Q3-R-001,1.0,6506.621518969567,6505.810303377105,0.8112155924618492,0.00012469093850473242,0.0010829842129622407
IV-PH-0119,Q3-R-002,1.0,2678.183964710907,2678.178727835773,0.005236875133959984,1.9553867258858728e-06,1.698425669526735e-05
IV-PH-0119,Q3-R-003,1.0,4933.789205472741,4933.044347430146,0.7448580425943874,0.00015099358329961473,0.001311414595492421
IV-PH-0119,Q3-R-004,1.0,7405.74228529885,7404.181532691275,1.5607526075755231,0.00021079340109158833,0.001830735271634426
IV-PH-0120,G01,0.0,4853.825677095014,4853.531459991603,0.2942171034110288,6.061918127786027e-05,0.0005265155602185658
IV-PH-0120,Q3-R-001,0.0,6506.621518969567,6505.810303377105,0.8112155924618492,0.00012469093850473242,0.0010829842129622407
IV-PH-0120,Q3-R-002,0.0,2678.183964710907,2678.178727835773,0.005236875133959984,1.9553867258858728e-06,1.698425669526735e-05
IV-PH-0120,Q3-R-003,0.0,4933.789205472741,4933.044347430146,0.7448580425943874,0.00015099358329961473,0.001311414595492421
IV-PH-0120,Q3-R-004,0.0,7405.74228529885,7404.181532691275,1.5607526075755231,0.00021079340109158833,0.001830735271634426
IV-PH-0120,G01,0.5,4854.881422502931,4854.587269384023,0.2941531189080706,6.0592817182045304e-05,0.0005262865784697476
IV-PH-0120,Q3-R-001,0.5,6506.663338684416,6505.85212830646,0.8112103779558311,0.00012468933537949892,0.0010829702901298203
IV-PH-0120,Q3-R-002,0.5,2676.20013525453,2676.1948944973665,0.005240757163392118,1.9582868101900396e-06,1.7009446458969857e-05
IV-PH-0120,Q3-R-003,0.5,4933.751454142288,4933.006590399441,0.7448637428469738,0.0001509958945314646,0.0013114346675666163
IV-PH-0120,Q3-R-004,0.5,7404.903148298336,7403.342218786167,1.560929512169423,0.00021084119388788017,0.0018311503070926856
IV-PH-0120,G01,1.0,4856.0530074633325,4855.758925316929,0.29408214640352526,6.056358046735833e-05,0.0005260326469760227
IV-PH-0120,Q3-R-001,1.0,6506.791780642302,6505.980586279372,0.8111943629301095,0.00012468441185343497,0.0010829275302576772
IV-PH-0120,Q3-R-002,1.0,2674.4255908195464,2674.4203465850105,0.005244234535894066,1.960886418842301e-06,1.7032026327502867e-05
IV-PH-0120,Q3-R-003,1.0,4933.82794189819,4933.083089704502,0.74485219368853,0.00015099121181296534,0.0013113940001316022
IV-PH-0120,Q3-R-004,1.0,7404.140040334608,7402.578949911256,1.561090423351743,0.0002108846705877359,0.0018315278612967534
IV-PH-0121,G01,0.0,4856.0530074633325,4855.758925316929,0.29408214640352526,6.056358046735833e-05,0.0005260326469760227
IV-PH-0121,Q3-R-001,0.0,6506.791780642302,6505.980586279372,0.8111943629301095,0.00012468441185343497,0.0010829275302576772
IV-PH-0121,Q3-R-002,0.0,2674.4255908195464,2674.4203465850105,0.005244234535894066,1.960886418842301e-06,1.7032026327502867e-05
IV-PH-0121,Q3-R-003,0.0,4933.82794189819,4933.083089704502,0.74485219368853,0.00015099121181296534,0.0013113940001316022
IV-PH-0121,Q3-R-004,0.0,7404.140040334608,7402.578949911256,1.561090423351743,0.0002108846705877359,0.0018315278612967534
IV-PH-0121,G01,0.5,2437.7746068031006,2437.7013941746513,0.07321262844925513,3.0033468670203234e-05,0.0002608634770201873
IV-PH-0121,Q3-R-001,0.5,4330.915028807815,4330.53840948596,0.3766193218552871,8.69682441865219e-05,0.0007553637251671097
IV-PH-0121,Q3-R-002,0.5,2958.1325209714496,2958.0450671364547,0.08745383499490345,2.9564740566837753e-05,0.0002567922777615221
IV-PH-0121,Q3-R-003,0.5,4816.318956178434,4816.212226835018,0.10672934341619111,2.216043197214515e-05,0.00019248093371922333
IV-PH-0121,Q3-R-004,0.5,5916.354546028604,5915.553837183884,0.8007088447202477,0.0001353565307253509,0.0011756123260638555
IV-PH-0121,G01,1.0,251.48182373046876,251.48182373046876,0.0,0.0,0.0
IV-PH-0121,Q3-R-001,1.0,2633.30866946625,2633.221781846955,0.08688761929533939,3.299669625032343e-05,0.00028660093363429246
IV-PH-0121,Q3-R-002,1.0,4701.86639902068,4701.8838313084825,-0.01743228780287609,3.7075113780565005e-06,-3.220309435801453e-05
IV-PH-0121,Q3-R-003,1.0,5814.654096921769,5814.665463083316,-0.011366161546902731,1.9547404092402673e-06,-1.697867605987496e-05
IV-PH-0121,Q3-R-004,1.0,5190.781862451577,5190.539878585476,0.2419838661007816,4.662017280690404e-05,0.0004049282370692011
IV-PH-0122,G01,0.0,251.48182373046876,251.48182373046876,0.0,0.0,0.0
IV-PH-0122,Q3-R-001,0.0,2633.30866946625,2633.221781846955,0.08688761929533939,3.299669625032343e-05,0.00028660093363429246
IV-PH-0122,Q3-R-002,0.0,4701.86639902068,4701.8838313084825,-0.01743228780287609,3.7075113780565005e-06,-3.220309435801453e-05
IV-PH-0122,Q3-R-003,0.0,5814.654096921769,5814.665463083316,-0.011366161546902731,1.9547404092402673e-06,-1.697867605987496e-05
IV-PH-0122,Q3-R-004,0.0,5190.781862451577,5190.539878585476,0.2419838661007816,4.662017280690404e-05,0.0004049282370692011
IV-PH-0122,G01,0.5,115.74091186523441,115.74091186523441,0.0,0.0,0.0
IV-PH-0122,Q3-R-001,0.5,2634.380519573194,2634.2936673070203,0.08685226617353692,3.296984966081024e-05,0.0002863677548126411
IV-PH-0122,Q3-R-002,0.5,4709.250337198084,4709.267742152776,-0.017404954692210595,3.6958940636180865e-06,-3.210218727333723e-05
IV-PH-0122,Q3-R-003,0.5,5815.590245200525,5815.601609532439,-0.011364331914592185,1.954111144058551e-06,-1.697321032115134e-05
IV-PH-0122,Q3-R-004,0.5,5198.464512212382,5198.22288598338,0.24162622900166753,4.648246800905644e-05,0.00040373220406990785
IV-PH-0122,G01,1.0,20.0,20.0,0.0,0.0,0.0
IV-PH-0122,Q3-R-001,1.0,2642.4341213047032,2642.347533755259,0.08658754944417524,3.2769175264814046e-05,0.0002846247764467422
IV-PH-0122,Q3-R-002,1.0,4720.527622296987,4720.5449856715995,-0.01736337461261428,3.678256359237717e-06,-3.194898755548509e-05
IV-PH-0122,Q3-R-003,1.0,5819.693181225441,5819.704537545414,-0.011356319972946949,1.951356791342662e-06,-1.694928627142333e-05
IV-PH-0122,Q3-R-004,1.0,5209.67383011785,5209.43272380445,0.24110631340045074,4.6282642695185965e-05,0.0004019966239475446
IV-PH-0123,G01,0.0,19.999999999999986,19.999999999999986,0.0,0.0,0.0
IV-PH-0123,Q3-R-001,0.0,2642.4341213047032,2642.347533755259,0.08658754944417524,3.2769175264814046e-05,0.0002846247764467422
IV-PH-0123,Q3-R-002,0.0,4720.527622296987,4720.5449856715995,-0.01736337461261428,3.678256359237717e-06,-3.194898755548509e-05
IV-PH-0123,Q3-R-003,0.0,5819.693181225441,5819.704537545414,-0.011356319972946949,1.951356791342662e-06,-1.694928627142333e-05
IV-PH-0123,Q3-R-004,0.0,5209.67383011785,5209.43272380445,0.24110631340045074,4.6282642695185965e-05,0.0004019966239475446
IV-PH-0123,G01,0.5,52.678305053711654,52.678305053711654,0.0,0.0,0.0
IV-PH-0123,Q3-R-001,0.5,2637.25631918887,2637.1695616339816,0.08675755488820869,3.289798128659349e-05,0.000285743534604403
IV-PH-0123,Q3-R-002,0.5,4714.006791659601,4714.024179052679,-0.017387393078024616,3.688439519527189e-06,-3.2037437686976016e-05
IV-PH-0123,Q3-R-003,0.5,5817.102814321131,5817.114175698085,-0.011361376954482694,1.953095059049493e-06,-1.696438470178949e-05
IV-PH-0123,Q3-R-004,0.5,5203.234740298889,5202.993335598568,0.2414047003212545,4.639727263719099e-05,0.00040299224083598204
IV-PH-0123,G01,1.0,125.35661010742189,125.35661010742189,0.0,0.0,0.0
IV-PH-0123,Q3-R-001,1.0,2634.0744053308085,2633.987542970922,0.08686235988670887,3.29775135491853e-05,0.00028643432030668354
IV-PH-0123,Q3-R-002,1.0,4708.598868326735,4708.61627568952,-0.01740736278497934,3.6969168362376785e-06,-3.2111070996488776e-05
IV-PH-0123,Q3-R-003,1.0,5815.419662691138,5815.4310273564,-0.011364665261680784,1.9542257845068067e-06,-1.6974206077995902e-05
IV-PH-0123,Q3-R-004,1.0,5197.803996029734,5197.562339094408,0.241656935325409,4.649428319651743e-05,0.00040383482471387585
IV-PH-0124,G01,0.0,125.35661010742189,125.35661010742189,0.0,0.0,0.0
IV-PH-0124,Q3-R-001,0.0,2634.0744053308085,2633.987542970922,0.08686235988670887,3.29775135491853e-05,0.00028643432030668354
IV-PH-0124,Q3-R-002,0.0,4708.598868326735,4708.61627568952,-0.01740736278497934,3.6969168362376785e-06,-3.2111070996488776e-05
IV-PH-0124,Q3-R-003,0.0,5815.419662691138,5815.4310273564,-0.011364665261680784,1.9542257845068067e-06,-1.6974206077995902e-05
IV-PH-0124,Q3-R-004,0.0,5197.803996029734,5197.562339094408,0.241656935325409,4.649428319651743e-05,0.00040383482471387585
IV-PH-0124,G01,0.5,1532.1485987047301,1532.137447241365,0.011151463365195013,7.278370087013655e-06,6.321888925634013e-05
IV-PH-0124,Q3-R-001,0.5,2887.3100357359526,2887.0456382039274,0.2643975320252139,9.158065550695602e-05,0.0007954230445881567
IV-PH-0124,Q3-R-002,0.5,4341.913851199035,4341.7526921219005,0.16115907713447086,3.7118437774425434e-05,0.0003224006705775242
IV-PH-0124,Q3-R-003,0.5,4409.379791708463,4409.396565830299,-0.0167741218356241,3.804176282444557e-06,-3.30427182031272e-05
IV-PH-0124,Q3-R-004,0.5,4643.895986029485,4643.358264882265,0.537721147220509,0.00011580436325305674,0.0010058056816025021
IV-PH-0124,G01,1.0,3056.5952422518126,3056.5505159176114,0.044726334201186546,1.4632944545907231e-05,0.00012709921148954518
IV-PH-0124,Q3-R-001,1.0,3794.509271267316,3794.0600658640615,0.44920540325438196,0.00011839701940830493,0.001028322570093867
IV-PH-0124,Q3-R-002,1.0,4494.113769953812,4493.884608506524,0.22916144728787913,5.099406576975672e-05,0.000442917534485791
IV-PH-0124,Q3-R-003,1.0,3119.244225685461,3119.2018220544123,0.04240363104872813,1.3594385188195248e-05,0.00011807852684155793
IV-PH-0124,Q3-R-004,1.0,4558.278575801447,4557.330699261254,0.9478765401927376,0.00020798941370359385,0.0018063852453234386
IV-PH-0125,G01,0.0,3056.5952422518126,3056.5505159176114,0.044726334201186546,1.4632944545907231e-05,0.00012709921148954518
IV-PH-0125,Q3-R-001,0.0,3794.509271267316,3794.0600658640615,0.44920540325438196,0.00011839701940830493,0.001028322570093867
IV-PH-0125,Q3-R-002,0.0,4494.113769953812,4493.884608506524,0.22916144728787913,5.099406576975672e-05,0.000442917534485791
IV-PH-0125,Q3-R-003,0.0,3119.244225685461,3119.2018220544123,0.04240363104872813,1.3594385188195248e-05,0.00011807852684155793
IV-PH-0125,Q3-R-004,0.0,4558.278575801447,4557.330699261254,0.9478765401927376,0.00020798941370359385,0.0018063852453234386
IV-PH-0125,G01,0.5,3055.093028069137,3055.04827974231,0.044748326826720586,1.4647338676590426e-05,0.00012722423549053403
IV-PH-0125,Q3-R-001,0.5,3795.6980274534785,3795.2489627513264,0.4490647021520999,0.00011832285748826214,0.0010276784840759158
IV-PH-0125,Q3-R-002,0.5,4497.446509602771,4497.21751797948,0.22899162329031242,5.091851180753967e-05,0.00044226131454695576
IV-PH-0125,Q3-R-003,0.5,3120.9656916319786,3120.9233113902924,0.04238024168625998,1.3579392204732084e-05,0.00011794830121070716
IV-PH-0125,Q3-R-004,0.5,4561.935705454988,4560.988588949077,0.9471165059112536,0.0002076559691918642,0.0018034895848776486
IV-PH-0125,G01,1.0,3054.2393300556505,3054.194569220925,0.044760834725366294,1.4655528228767707e-05,0.0001272953679944796
IV-PH-0125,Q3-R-001,1.0,3797.4085849953985,3796.959722600115,0.4488623952834132,0.00011821626461079163,0.0010267527395919633
IV-PH-0125,Q3-R-002,1.0,4501.217299363555,4500.9884995824095,0.2287997811454261,5.0833229448743e-05,0.00044152059907356467
IV-PH-0125,Q3-R-003,1.0,3123.321100546271,3123.2787522654844,0.042348280786427495,1.355891809391332e-05,0.00011777046775646627
IV-PH-0125,Q3-R-004,1.0,4566.024170621706,4565.077902349557,0.9462682721486999,0.00020728414550421451,0.0018002606352725478
IV-PH-0126,G01,0.0,3054.2393300556505,3054.194569220925,0.044760834725366294,1.4655528228767707e-05,0.0001272953679944796
IV-PH-0126,Q3-R-001,0.0,3797.4085849953985,3796.959722600115,0.4488623952834132,0.00011821626461079163,0.0010267527395919633
IV-PH-0126,Q3-R-002,0.0,4501.217299363555,4500.9884995824095,0.2287997811454261,5.0833229448743e-05,0.00044152059907356467
IV-PH-0126,Q3-R-003,0.0,3123.321100546271,3123.2787522654844,0.042348280786427495,1.355891809391332e-05,0.00011777046775646627
IV-PH-0126,Q3-R-004,0.0,4566.024170621706,4565.077902349557,0.9462682721486999,0.00020728414550421451,0.0018002606352725478
IV-PH-0126,G01,0.5,3054.2393300556505,3054.194569220925,0.044760834725366294,1.4655528228767707e-05,0.0001272953679944796
IV-PH-0126,Q3-R-001,0.5,3797.4085849953985,3796.959722600115,0.4488623952834132,0.00011821626461079163,0.0010267527395919633
IV-PH-0126,Q3-R-002,0.5,4501.217299363555,4500.9884995824095,0.2287997811454261,5.0833229448743e-05,0.00044152059907356467
IV-PH-0126,Q3-R-003,0.5,3123.321100546271,3123.2787522654844,0.042348280786427495,1.355891809391332e-05,0.00011777046775646627
IV-PH-0126,Q3-R-004,0.5,4566.024170621706,4565.077902349557,0.9462682721486999,0.00020728414550421451,0.0018002606352725478
IV-PH-0126,G01,1.0,3054.2393300556505,3054.194569220925,0.044760834725366294,1.4655528228767707e-05,0.0001272953679944796
IV-PH-0126,Q3-R-001,1.0,3797.4085849953985,3796.959722600115,0.4488623952834132,0.00011821626461079163,0.0010267527395919633
IV-PH-0126,Q3-R-002,1.0,4501.217299363555,4500.9884995824095,0.2287997811454261,5.0833229448743e-05,0.00044152059907356467
IV-PH-0126,Q3-R-003,1.0,3123.321100546271,3123.2787522654844,0.042348280786427495,1.355891809391332e-05,0.00011777046775646627
IV-PH-0126,Q3-R-004,1.0,4566.024170621706,4565.077902349557,0.9462682721486999,0.00020728414550421451,0.0018002606352725478
IV-PH-0127,G01,0.0,3054.2393300556505,3054.194569220925,0.044760834725366294,1.4655528228767707e-05,0.0001272953679944796
IV-PH-0127,Q3-R-001,0.0,3797.4085849953985,3796.959722600115,0.4488623952834132,0.00011821626461079163,0.0010267527395919633
IV-PH-0127,Q3-R-002,0.0,4501.217299363555,4500.9884995824095,0.2287997811454261,5.0833229448743e-05,0.00044152059907356467
IV-PH-0127,Q3-R-003,0.0,3123.321100546271,3123.2787522654844,0.042348280786427495,1.355891809391332e-05,0.00011777046775646627
IV-PH-0127,Q3-R-004,0.0,4566.024170621706,4565.077902349557,0.9462682721486999,0.00020728414550421451,0.0018002606352725478
IV-PH-0127,G01,0.5,3055.093028069137,3055.04827974231,0.044748326826720586,1.4647338676590426e-05,0.00012722423549053403
IV-PH-0127,Q3-R-001,0.5,3795.6980274534785,3795.2489627513264,0.4490647021520999,0.00011832285748826214,0.0010276784840759158
IV-PH-0127,Q3-R-002,0.5,4497.446509602771,4497.21751797948,0.22899162329031242,5.091851180753967e-05,0.00044226131454695576
IV-PH-0127,Q3-R-003,0.5,3120.9656916319786,3120.9233113902924,0.04238024168625998,1.3579392204732084e-05,0.00011794830121070716
IV-PH-0127,Q3-R-004,0.5,4561.935705454988,4560.988588949077,0.9471165059112536,0.0002076559691918642,0.0018034895848776486
IV-PH-0127,G01,1.0,3056.5952422518126,3056.5505159176114,0.044726334201186546,1.4632944545907231e-05,0.00012709921148954518
IV-PH-0127,Q3-R-001,1.0,3794.509271267316,3794.0600658640615,0.44920540325438196,0.00011839701940830493,0.001028322570093867
IV-PH-0127,Q3-R-002,1.0,4494.113769953812,4493.884608506524,0.22916144728787913,5.099406576975672e-05,0.000442917534485791
IV-PH-0127,Q3-R-003,1.0,3119.244225685461,3119.2018220544123,0.04240363104872813,1.3594385188195248e-05,0.00011807852684155793
IV-PH-0127,Q3-R-004,1.0,4558.278575801447,4557.330699261254,0.9478765401927376,0.00020798941370359385,0.0018063852453234386
IV-PH-0128,G01,0.0,3056.5952422518126,3056.5505159176114,0.044726334201186546,1.4632944545907231e-05,0.00012709921148954518
IV-PH-0128,Q3-R-001,0.0,3794.509271267316,3794.0600658640615,0.44920540325438196,0.00011839701940830493,0.001028322570093867
IV-PH-0128,Q3-R-002,0.0,4494.113769953812,4493.884608506524,0.22916144728787913,5.099406576975672e-05,0.000442917534485791
IV-PH-0128,Q3-R-003,0.0,3119.244225685461,3119.2018220544123,0.04240363104872813,1.3594385188195248e-05,0.00011807852684155793
IV-PH-0128,Q3-R-004,0.0,4558.278575801447,4557.330699261254,0.9478765401927376,0.00020798941370359385,0.0018063852453234386
IV-PH-0128,G01,0.5,1532.1485987047301,1532.137447241365,0.011151463365195013,7.278370087013655e-06,6.321888925634013e-05
IV-PH-0128,Q3-R-001,0.5,2887.3100357359526,2887.0456382039274,0.2643975320252139,9.158065550695602e-05,0.0007954230445881567
IV-PH-0128,Q3-R-002,0.5,4341.913851199035,4341.7526921219005,0.16115907713447086,3.7118437774425434e-05,0.0003224006705775242
IV-PH-0128,Q3-R-003,0.5,4409.379791708463,4409.396565830299,-0.0167741218356241,3.804176282444557e-06,-3.30427182031272e-05
IV-PH-0128,Q3-R-004,0.5,4643.895986029485,4643.358264882265,0.537721147220509,0.00011580436325305674,0.0010058056816025021
IV-PH-0128,G01,1.0,125.35661010742189,125.35661010742189,0.0,0.0,0.0
IV-PH-0128,Q3-R-001,1.0,2634.0744053308085,2633.987542970922,0.08686235988670887,3.29775135491853e-05,0.00028643432030668354
IV-PH-0128,Q3-R-002,1.0,4708.598868326735,4708.61627568952,-0.01740736278497934,3.6969168362376785e-06,-3.2111070996488776e-05
IV-PH-0128,Q3-R-003,1.0,5815.419662691138,5815.4310273564,-0.011364665261680784,1.9542257845068067e-06,-1.6974206077995902e-05
IV-PH-0128,Q3-R-004,1.0,5197.803996029734,5197.562339094408,0.241656935325409,4.649428319651743e-05,0.00040383482471387585
IV-PH-0129,G01,0.0,125.35661010742189,125.35661010742189,0.0,0.0,0.0
IV-PH-0129,Q3-R-001,0.0,2634.0744053308085,2633.987542970922,0.08686235988670887,3.29775135491853e-05,0.00028643432030668354
IV-PH-0129,Q3-R-002,0.0,4708.598868326735,4708.61627568952,-0.01740736278497934,3.6969168362376785e-06,-3.2111070996488776e-05
IV-PH-0129,Q3-R-003,0.0,5815.419662691138,5815.4310273564,-0.011364665261680784,1.9542257845068067e-06,-1.6974206077995902e-05
IV-PH-0129,Q3-R-004,0.0,5197.803996029734,5197.562339094408,0.241656935325409,4.649428319651743e-05,0.00040383482471387585
IV-PH-0129,G01,0.5,52.67830505371094,52.67830505371094,0.0,0.0,0.0
IV-PH-0129,Q3-R-001,0.5,2637.25631918887,2637.1695616339816,0.08675755488820869,3.289798128659349e-05,0.000285743534604403
IV-PH-0129,Q3-R-002,0.5,4714.006791659601,4714.024179052679,-0.017387393078024616,3.688439519527189e-06,-3.2037437686976016e-05
IV-PH-0129,Q3-R-003,0.5,5817.102814321131,5817.114175698085,-0.011361376954482694,1.953095059049493e-06,-1.696438470178949e-05
IV-PH-0129,Q3-R-004,0.5,5203.234740298889,5202.993335598568,0.2414047003212545,4.639727263719099e-05,0.00040299224083598204
IV-PH-0129,G01,1.0,20.0,20.0,0.0,0.0,0.0
IV-PH-0129,Q3-R-001,1.0,2642.4341213047032,2642.347533755259,0.08658754944417524,3.2769175264814046e-05,0.0002846247764467422
IV-PH-0129,Q3-R-002,1.0,4720.527622296987,4720.5449856715995,-0.01736337461261428,3.678256359237717e-06,-3.194898755548509e-05
IV-PH-0129,Q3-R-003,1.0,5819.693181225441,5819.704537545414,-0.011356319972946949,1.951356791342662e-06,-1.694928627142333e-05
IV-PH-0129,Q3-R-004,1.0,5209.67383011785,5209.43272380445,0.24110631340045074,4.6282642695185965e-05,0.0004019966239475446
IV-PH-0130,G01,0.0,19.999999999999986,19.999999999999986,0.0,0.0,0.0
IV-PH-0130,Q3-R-001,0.0,2642.4341213047032,2642.347533755259,0.08658754944417524,3.2769175264814046e-05,0.0002846247764467422
IV-PH-0130,Q3-R-002,0.0,4720.527622296987,4720.5449856715995,-0.01736337461261428,3.678256359237717e-06,-3.194898755548509e-05
IV-PH-0130,Q3-R-003,0.0,5819.693181225441,5819.704537545414,-0.011356319972946949,1.951356791342662e-06,-1.694928627142333e-05
IV-PH-0130,Q3-R-004,0.0,5209.67383011785,5209.43272380445,0.24110631340045074,4.6282642695185965e-05,0.0004019966239475446
IV-PH-0130,G01,0.5,115.26958312988228,115.26958312988228,0.0,0.0,0.0
IV-PH-0130,Q3-R-001,0.5,2634.396425687052,2634.309573945298,0.0868517417543444,3.2969451507656365e-05,0.0002863642966111372
IV-PH-0130,Q3-R-002,0.5,4709.282772443693,4709.300177278509,-0.017404834816261427,3.695843153136955e-06,-3.210174506969984e-05
IV-PH-0130,Q3-R-003,0.5,5815.59901519937,5815.610379514146,-0.011364314776074025,1.9541052502598077e-06,-1.697315912876341e-05
IV-PH-0130,Q3-R-004,0.5,5198.497343582361,5198.2557188794335,0.2416247029277656,4.6481880845186976e-05,0.00040372710426635677
IV-PH-0130,G01,1.0,250.53916625976564,250.53916625976564,0.0,0.0,0.0
IV-PH-0130,Q3-R-001,1.0,2633.2919872567,2633.205099086944,0.0868881697560937,3.2997114347918405e-05,0.0002866045650656295
IV-PH-0130,Q3-R-002,1.0,4701.9042045793885,4701.921636727027,-0.01743214763882861,3.7074517581630727e-06,-3.2202576504530435e-05
IV-PH-0130,Q3-R-003,1.0,5814.649671976304,5814.6610381465,-0.011366170196197345,1.954743384288564e-06,-1.6978701901008594e-05
IV-PH-0130,Q3-R-004,1.0,5190.823014367877,5190.581032420269,0.2419819476072007,4.661943356548836e-05,0.00040492181639988144
IV-PH-0131,G01,0.0,250.53916625976564,250.53916625976564,0.0,0.0,0.0
IV-PH-0131,Q3-R-001,0.0,2633.2919872567,2633.205099086944,0.0868881697560937,3.2997114347918405e-05,0.0002866045650656295
IV-PH-0131,Q3-R-002,0.0,4701.9042045793885,4701.921636727027,-0.01743214763882861,3.7074517581630727e-06,-3.2202576504530435e-05
IV-PH-0131,Q3-R-003,0.0,5814.649671976304,5814.6610381465,-0.011366170196197345,1.954743384288564e-06,-1.6978701901008594e-05
IV-PH-0131,Q3-R-004,0.0,5190.823014367877,5190.581032420269,0.2419819476072007,4.661943356548836e-05,0.00040492181639988144
IV-PH-0131,G01,0.5,3865.4686778859123,3865.472369759671,-0.0036918737587257056,9.550899361247384e-07,-8.295809741351009e-06
IV-PH-0131,Q3-R-001,0.5,3608.8531619349455,3608.5269937358894,0.32616819905615557,9.038818321779417e-05,0.0007850663041902859
IV-PH-0131,Q3-R-002,0.5,5858.409886879258,5858.0199855918145,0.3899012874435357,6.655854510611496e-05,0.0005781009386961692
IV-PH-0131,Q3-R-003,0.5,1958.6172565363865,1958.6261083799939,-0.008851843607317278,4.519414690452971e-06,-3.925522593558986e-05
IV-PH-0131,Q3-R-004,0.5,3450.007456562422,3449.098525113988,0.9089314484335773,0.00026352724974811737,0.0022886670581112973
IV-PH-0131,G01,1.0,7718.748783150027,7718.763578180845,-0.014795030818277155,1.9167617544472118e-06,-1.6648797017319392e-05
IV-PH-0131,Q3-R-001,1.0,6990.820556304386,6990.4617524399955,0.35880386439021095,5.132763429611381e-05,0.00044581472566968867
IV-PH-0131,Q3-R-002,1.0,8734.539833791494,8734.120492498478,0.41934129301625944,4.80118511504875e-05,0.00041701562964684824
IV-PH-0131,Q3-R-003,1.0,1902.7266643332491,1902.7240366195163,0.0026277137328634126,1.3810272442513275e-06,1.1995441948487768e-05
IV-PH-0131,Q3-R-004,1.0,5159.323190687548,5158.232702208631,1.0904884789169955,0.0002114073834726523,0.0018360671292796497
IV-PH-0132,G01,0.0,7718.748783150027,7718.763578180845,-0.014795030818277155,1.9167617544472118e-06,-1.6648797017319392e-05
IV-PH-0132,Q3-R-001,0.0,6990.820556304386,6990.4617524399955,0.35880386439021095,5.132763429611381e-05,0.00044581472566968867
IV-PH-0132,Q3-R-002,0.0,8734.539833791494,8734.120492498478,0.41934129301625944,4.80118511504875e-05,0.00041701562964684824
IV-PH-0132,Q3-R-003,0.0,1902.7266643332491,1902.7240366195163,0.0026277137328634126,1.3810272442513275e-06,1.1995441948487768e-05
IV-PH-0132,Q3-R-004,0.0,5159.323190687548,5158.232702208631,1.0904884789169955,0.0002114073834726523,0.0018360671292796497
IV-PH-0132,G01,0.5,7716.458137669619,7716.4729370923615,-0.014799422742726165,1.917899908854307e-06,-1.6658682920300814e-05
IV-PH-0132,Q3-R-001,0.5,6990.776248373215,6990.4174422345895,0.3588061386253685,5.132828498303112e-05,0.0004458203771736701
IV-PH-0132,Q3-R-002,0.5,8736.791834006195,8736.372600808008,0.4192331981867028,4.79871014370345e-05,0.0004168006666839513
IV-PH-0132,Q3-R-003,0.5,1903.4259256009611,1903.4232988525725,0.002626748388593114,1.380012732941001e-06,1.1986630026910218e-05
IV-PH-0132,Q3-R-004,0.5,5163.760730417589,5162.6711792608885,1.0895511567005087,0.00021104407367205088,0.0018329121268641276
IV-PH-0132,G01,1.0,7715.102673558524,7715.117475581368,-0.01480202284437837,1.918573876707298e-06,-1.666453694120423e-05
IV-PH-0132,Q3-R-001,1.0,6991.764635576969,6991.405880163392,0.35875541357745533,5.1313772898716485e-05,0.0004456943332805842
IV-PH-0132,Q3-R-002,1.0,8739.86937279608,8739.45028722805,0.4190855680299137,4.795330990581536e-05,0.00041650717125290144
IV-PH-0132,Q3-R-003,1.0,1907.912841156417,1907.9102205854667,0.002620570950284673,1.3735294889717176e-06,1.1930317363065592e-05
IV-PH-0132,Q3-R-004,1.0,5169.59124459118,5168.502922541691,1.088322049488852,0.00021056814048460532,0.0018287790949924631
IV-PH-0133,G01,0.0,7715.102673558524,7715.117475581368,-0.01480202284437837,1.918573876707298e-06,-1.666453694120423e-05
IV-PH-0133,Q3-R-001,0.0,6991.764635576969,6991.405880163392,0.35875541357745533,5.1313772898716485e-05,0.0004456943332805842
IV-PH-0133,Q3-R-002,0.0,8739.86937279608,8739.45028722805,0.4190855680299137,4.795330990581536e-05,0.00041650717125290144
IV-PH-0133,Q3-R-003,0.0,1907.912841156417,1907.9102205854667,0.002620570950284673,1.3735294889717176e-06,1.1930317363065592e-05
IV-PH-0133,Q3-R-004,0.0,5169.59124459118,5168.502922541691,1.088322049488852,0.00021056814048460532,0.0018287790949924631
IV-PH-0133,G01,0.5,7715.102673558524,7715.117475581368,-0.01480202284437837,1.918573876707298e-06,-1.666453694120423e-05
IV-PH-0133,Q3-R-001,0.5,6991.764635576969,6991.405880163392,0.35875541357745533,5.1313772898716485e-05,0.0004456943332805842
IV-PH-0133,Q3-R-002,0.5,8739.86937279608,8739.45028722805,0.4190855680299137,4.795330990581536e-05,0.00041650717125290144
IV-PH-0133,Q3-R-003,0.5,1907.912841156417,1907.9102205854667,0.002620570950284673,1.3735294889717176e-06,1.1930317363065592e-05
IV-PH-0133,Q3-R-004,0.5,5169.59124459118,5168.502922541691,1.088322049488852,0.00021056814048460532,0.0018287790949924631
IV-PH-0133,G01,1.0,7715.102673558524,7715.117475581368,-0.01480202284437837,1.918573876707298e-06,-1.666453694120423e-05
IV-PH-0133,Q3-R-001,1.0,6991.764635576969,6991.405880163392,0.35875541357745533,5.1313772898716485e-05,0.0004456943332805842
IV-PH-0133,Q3-R-002,1.0,8739.86937279608,8739.45028722805,0.4190855680299137,4.795330990581536e-05,0.00041650717125290144
IV-PH-0133,Q3-R-003,1.0,1907.912841156417,1907.9102205854667,0.002620570950284673,1.3735294889717176e-06,1.1930317363065592e-05
IV-PH-0133,Q3-R-004,1.0,5169.59124459118,5168.502922541691,1.088322049488852,0.00021056814048460532,0.0018287790949924631
IV-PH-0134,G01,0.0,7715.102673558524,7715.117475581368,-0.01480202284437837,1.918573876707298e-06,-1.666453694120423e-05
IV-PH-0134,Q3-R-001,0.0,6991.764635576969,6991.405880163392,0.35875541357745533,5.1313772898716485e-05,0.0004456943332805842
IV-PH-0134,Q3-R-002,0.0,8739.86937279608,8739.45028722805,0.4190855680299137,4.795330990581536e-05,0.00041650717125290144
IV-PH-0134,Q3-R-003,0.0,1907.912841156417,1907.9102205854667,0.002620570950284673,1.3735294889717176e-06,1.1930317363065592e-05
IV-PH-0134,Q3-R-004,0.0,5169.59124459118,5168.502922541691,1.088322049488852,0.00021056814048460532,0.0018287790949924631
IV-PH-0134,G01,0.5,7716.458137669619,7716.4729370923615,-0.014799422742726165,1.917899908854307e-06,-1.6658682920300814e-05
IV-PH-0134,Q3-R-001,0.5,6990.776248373215,6990.4174422345895,0.3588061386253685,5.132828498303112e-05,0.0004458203771736701
IV-PH-0134,Q3-R-002,0.5,8736.791834006195,8736.372600808008,0.4192331981867028,4.79871014370345e-05,0.0004168006666839513
IV-PH-0134,Q3-R-003,0.5,1903.4259256009611,1903.4232988525725,0.002626748388593114,1.380012732941001e-06,1.1986630026910218e-05
IV-PH-0134,Q3-R-004,0.5,5163.760730417589,5162.6711792608885,1.0895511567005087,0.00021104407367205088,0.0018329121268641276
IV-PH-0134,G01,1.0,7718.748783150027,7718.763578180845,-0.014795030818277155,1.9167617544472118e-06,-1.6648797017319392e-05
IV-PH-0134,Q3-R-001,1.0,6990.820556304386,6990.4617524399955,0.35880386439021095,5.132763429611381e-05,0.00044581472566968867
IV-PH-0134,Q3-R-002,1.0,8734.539833791494,8734.120492498478,0.41934129301625944,4.80118511504875e-05,0.00041701562964684824
IV-PH-0134,Q3-R-003,1.0,1902.7266643332491,1902.7240366195163,0.0026277137328634126,1.3810272442513275e-06,1.1995441948487768e-05
IV-PH-0134,Q3-R-004,1.0,5159.323190687548,5158.232702208631,1.0904884789169955,0.0002114073834726523,0.0018360671292796497
IV-PH-0135,G01,0.0,7718.748783150027,7718.763578180845,-0.014795030818277155,1.9167617544472118e-06,-1.6648797017319392e-05
IV-PH-0135,Q3-R-001,0.0,6990.820556304386,6990.4617524399955,0.35880386439021095,5.132763429611381e-05,0.00044581472566968867
IV-PH-0135,Q3-R-002,0.0,8734.539833791494,8734.120492498478,0.41934129301625944,4.80118511504875e-05,0.00041701562964684824
IV-PH-0135,Q3-R-003,0.0,1902.7266643332491,1902.7240366195163,0.0026277137328634126,1.3810272442513275e-06,1.1995441948487768e-05
IV-PH-0135,Q3-R-004,0.0,5159.323190687548,5158.232702208631,1.0904884789169955,0.0002114073834726523,0.0018360671292796497
IV-PH-0135,G01,0.5,3865.4686778859123,3865.472369759671,-0.0036918737587257056,9.550899361247384e-07,-8.295809741351009e-06
IV-PH-0135,Q3-R-001,0.5,3608.8531619349455,3608.5269937358894,0.32616819905615557,9.038818321779417e-05,0.0007850663041902859
IV-PH-0135,Q3-R-002,0.5,5858.409886879258,5858.0199855918145,0.3899012874435357,6.655854510611496e-05,0.0005781009386961692
IV-PH-0135,Q3-R-003,0.5,1958.6172565363865,1958.6261083799939,-0.008851843607317278,4.519414690452971e-06,-3.925522593558986e-05
IV-PH-0135,Q3-R-004,0.5,3450.007456562422,3449.098525113988,0.9089314484335773,0.00026352724974811737,0.0022886670581112973
IV-PH-0135,G01,1.0,250.53916625976564,250.53916625976564,0.0,0.0,0.0
IV-PH-0135,Q3-R-001,1.0,2633.2919872567,2633.205099086944,0.0868881697560937,3.2997114347918405e-05,0.0002866045650656295
IV-PH-0135,Q3-R-002,1.0,4701.9042045793885,4701.921636727027,-0.01743214763882861,3.7074517581630727e-06,-3.2202576504530435e-05
IV-PH-0135,Q3-R-003,1.0,5814.649671976304,5814.6610381465,-0.011366170196197345,1.954743384288564e-06,-1.6978701901008594e-05
IV-PH-0135,Q3-R-004,1.0,5190.823014367877,5190.581032420269,0.2419819476072007,4.661943356548836e-05,0.00040492181639988144
IV-PH-0136,G01,0.0,250.53916625976564,250.53916625976564,0.0,0.0,0.0
IV-PH-0136,Q3-R-001,0.0,2633.2919872567,2633.205099086944,0.0868881697560937,3.2997114347918405e-05,0.0002866045650656295
IV-PH-0136,Q3-R-002,0.0,4701.9042045793885,4701.921636727027,-0.01743214763882861,3.7074517581630727e-06,-3.2202576504530435e-05
IV-PH-0136,Q3-R-003,0.0,5814.649671976304,5814.6610381465,-0.011366170196197345,1.954743384288564e-06,-1.6978701901008594e-05
IV-PH-0136,Q3-R-004,0.0,5190.823014367877,5190.581032420269,0.2419819476072007,4.661943356548836e-05,0.00040492181639988144
IV-PH-0136,G01,0.5,115.26958312988285,115.26958312988285,0.0,0.0,0.0
IV-PH-0136,Q3-R-001,0.5,2634.396425687052,2634.309573945298,0.0868517417543444,3.2969451507656365e-05,0.0002863642966111372
IV-PH-0136,Q3-R-002,0.5,4709.282772443693,4709.300177278509,-0.017404834816261427,3.695843153136955e-06,-3.210174506969984e-05
IV-PH-0136,Q3-R-003,0.5,5815.59901519937,5815.610379514146,-0.011364314776074025,1.9541052502598077e-06,-1.697315912876341e-05
IV-PH-0136,Q3-R-004,0.5,5198.497343582361,5198.255718879433,0.2416247029286751,4.6481880845361946e-05,0.0004037271042682853
IV-PH-0136,G01,1.0,20.0,20.0,0.0,0.0,0.0
IV-PH-0136,Q3-R-001,1.0,2642.4341213047032,2642.347533755259,0.08658754944417524,3.2769175264814046e-05,0.0002846247764467422
IV-PH-0136,Q3-R-002,1.0,4720.527622296987,4720.5449856715995,-0.01736337461261428,3.678256359237717e-06,-3.194898755548509e-05
IV-PH-0136,Q3-R-003,1.0,5819.693181225441,5819.704537545414,-0.011356319972946949,1.951356791342662e-06,-1.694928627142333e-05
IV-PH-0136,Q3-R-004,1.0,5209.67383011785,5209.43272380445,0.24110631340045074,4.6282642695185965e-05,0.0004019966239475446
IV-PH-0137,G01,0.0,19.999999999999986,19.999999999999986,0.0,0.0,0.0
IV-PH-0137,Q3-R-001,0.0,2642.4341213047032,2642.347533755259,0.08658754944417524,3.2769175264814046e-05,0.0002846247764467422
IV-PH-0137,Q3-R-002,0.0,4720.527622296987,4720.5449856715995,-0.01736337461261428,3.678256359237717e-06,-3.194898755548509e-05
IV-PH-0137,Q3-R-003,0.0,5819.693181225441,5819.704537545414,-0.011356319972946949,1.951356791342662e-06,-1.694928627142333e-05
IV-PH-0137,Q3-R-004,0.0,5209.67383011785,5209.43272380445,0.24110631340045074,4.6282642695185965e-05,0.0004019966239475446
IV-PH-0137,G01,0.5,63.83087768554691,63.83087768554691,0.0,0.0,0.0
IV-PH-0137,Q3-R-001,0.5,2636.6381811448564,2636.5514032497067,0.08677789514968026,3.2913409176366266e-05,0.0002858775351417182
IV-PH-0137,Q3-R-002,0.5,4713.104549099752,4713.121939821334,-0.01739072158216004,3.6898518231037517e-06,-3.204970484550063e-05
IV-PH-0137,Q3-R-003,0.5,5816.785582722081,5816.796944718653,-0.011361996572304633,1.9533080972717693e-06,-1.6966235132164115e-05
IV-PH-0137,Q3-R-004,0.5,5202.335806468215,5202.094360052609,0.24144641560633318,4.64133095048071e-05,0.00040313152883449696
IV-PH-0137,G01,1.0,147.66175537109376,147.66175537109376,0.0,0.0,0.0
IV-PH-0137,Q3-R-001,1.0,2633.4993721687906,2633.412490841599,0.0868813271918043,3.299191732930466e-05,0.0002865594258231004
IV-PH-0137,Q3-R-002,1.0,4707.162965176346,4707.180377849165,-0.01741267281886394,3.6991726301383524e-06,-3.2130664645678466e-05
IV-PH-0137,Q3-R-003,1.0,5815.085170419441,5815.096535738413,-0.01136531897191162,1.954450610073738e-06,-1.6976158891219848e-05
IV-PH-0137,Q3-R-004,1.0,5196.340010277893,5196.098285256421,0.24172502147212072,4.652048675791972e-05,0.00040406241537098593
IV-PH-0138,G01,0.0,147.66175537109376,147.66175537109376,0.0,0.0,0.0
IV-PH-0138,Q3-R-001,0.0,2633.4993721687906,2633.412490841599,0.0868813271918043,3.299191732930466e-05,0.0002865594258231004
IV-PH-0138,Q3-R-002,0.0,4707.162965176346,4707.180377849165,-0.01741267281886394,3.6991726301383524e-06,-3.2130664645678466e-05
IV-PH-0138,Q3-R-003,0.0,5815.085170419441,5815.096535738413,-0.01136531897191162,1.954450610073738e-06,-1.6976158891219848e-05
IV-PH-0138,Q3-R-004,0.0,5196.340010277893,5196.098285256421,0.24172502147212072,4.652048675791972e-05,0.00040406241537098593
IV-PH-0138,G01,0.5,1411.7965150119912,1411.7885155614567,0.007999450534498465,5.666181900705679e-06,4.9215691227043975e-05
IV-PH-0138,Q3-R-001,0.5,1714.8090787558383,1714.6576116072122,0.15146714862612498,8.833667293154183e-05,0.000767248704477884
IV-PH-0138,Q3-R-002,0.5,5429.739813554619,5429.540990073385,0.19882348123428528,3.661883787189127e-05,0.0003180613609470706
IV-PH-0138,Q3-R-003,0.5,4613.201997431842,4613.166356474568,0.03564095727415406,7.72592066274221e-06,6.71062350009826e-05
IV-PH-0138,Q3-R-004,0.5,3848.287082719311,3847.994671813268,0.2924109060431874,7.599046541958863e-05,0.0006600197188938162
IV-PH-0138,G01,1.0,2811.9860627683233,2811.953927476389,0.032135291934537236,1.14281004466447e-05,9.926265206145981e-05
IV-PH-0138,Q3-R-001,1.0,1699.574129466131,1699.4694015248942,0.10472794123666063,6.162390516869011e-05,0.0005352419476820241
IV-PH-0138,Q3-R-002,1.0,6383.533231423542,6383.103389945306,0.4298414782360851,6.734051635653801e-05,0.0005848925999789099
IV-PH-0138,Q3-R-003,1.0,3562.412189878469,3562.235101844919,0.17708803354980773,4.9712618198077935e-05,0.00043178758273015237
IV-PH-0138,Q3-R-004,1.0,2561.134172828658,2560.795330297228,0.33884253143014575,0.00013231925543648066,0.0011492344184682057
IV-PH-0139,G01,0.0,2811.9860627683233,2811.953927476389,0.032135291934537236,1.14281004466447e-05,9.926265206145981e-05
IV-PH-0139,Q3-R-001,0.0,1699.574129466131,1699.4694015248942,0.10472794123666063,6.162390516869011e-05,0.0005352419476820241
IV-PH-0139,Q3-R-002,0.0,6383.533231423542,6383.103389945306,0.4298414782360851,6.734051635653801e-05,0.0005848925999789099
IV-PH-0139,Q3-R-003,0.0,3562.412189878469,3562.235101844919,0.17708803354980773,4.9712618198077935e-05,0.00043178758273015237
IV-PH-0139,Q3-R-004,0.0,2561.134172828658,2560.795330297228,0.33884253143014575,0.00013231925543648066,0.0011492344184682057
IV-PH-0139,G01,0.5,2810.107501542742,2810.0753447680695,0.03215677467233036,1.1443385221752631e-05,9.939541241397858e-05
IV-PH-0139,Q3-R-001,0.5,1701.4729574455619,1701.368346386923,0.10461105863896591,6.14864258296101e-05,0.0005340478908161148
IV-PH-0139,Q3-R-002,0.5,6385.572437603994,6385.142733403099,0.42970420089568506,6.729750905140143e-05,0.0005845190684193859
IV-PH-0139,Q3-R-003,0.5,3563.544041616167,3563.367009832057,0.17703178410965847,4.968104144793159e-05,0.00043151332419340385
IV-PH-0139,Q3-R-004,0.5,2566.829553987402,2566.4914633920994,0.33809059530267405,0.00013173260076066023,0.0011441394733621118
IV-PH-0139,G01,1.0,2808.844777342462,2808.8126061114535,0.03217123100830577,1.1453676524488374e-05,9.948480051009094e-05
IV-PH-0139,Q3-R-001,1.0,1704.3868364430284,1704.2824042420614,0.10443220096703953,6.12763475742644e-05,0.0005322232862706052
IV-PH-0139,Q3-R-002,1.0,6387.882313806407,6387.452764998209,0.42954880819797836,6.72488430054322e-05,0.000584096388948988
IV-PH-0139,Q3-R-003,1.0,3565.161696534282,3564.984745080485,0.17695145379684618,4.963596381191562e-05,0.00043112180426559165
IV-PH-0139,Q3-R-004,1.0,2573.1859488131313,2572.848693493399,0.33725531973232137,0.00013108245369625605,0.0011384931096868481
IV-PH-0140,G01,0.0,2808.844777342462,2808.8126061114535,0.03217123100830577,1.1453676524488374e-05,9.948480051009094e-05
IV-PH-0140,Q3-R-001,0.0,1704.3868364430284,1704.2824042420614,0.10443220096703953,6.12763475742644e-05,0.0005322232862706052
IV-PH-0140,Q3-R-002,0.0,6387.882313806407,6387.452764998209,0.42954880819797836,6.72488430054322e-05,0.000584096388948988
IV-PH-0140,Q3-R-003,0.0,3565.161696534282,3564.984745080485,0.17695145379684618,4.963596381191562e-05,0.00043112180426559165
IV-PH-0140,Q3-R-004,0.0,2573.1859488131313,2572.848693493399,0.33725531973232137,0.00013108245369625605,0.0011384931096868481
IV-PH-0140,G01,0.5,2808.844777342462,2808.8126061114535,0.03217123100830577,1.1453676524488374e-05,9.948480051009094e-05
IV-PH-0140,Q3-R-001,0.5,1704.3868364430284,1704.2824042420614,0.10443220096703953,6.12763475742644e-05,0.0005322232862706052
IV-PH-0140,Q3-R-002,0.5,6387.882313806407,6387.452764998209,0.42954880819797836,6.72488430054322e-05,0.000584096388948988
IV-PH-0140,Q3-R-003,0.5,3565.161696534282,3564.984745080485,0.17695145379684618,4.963596381191562e-05,0.00043112180426559165
IV-PH-0140,Q3-R-004,0.5,2573.1859488131313,2572.848693493399,0.33725531973232137,0.00013108245369625605,0.0011384931096868481
IV-PH-0140,G01,1.0,2808.844777342462,2808.8126061114535,0.03217123100830577,1.1453676524488374e-05,9.948480051009094e-05
IV-PH-0140,Q3-R-001,1.0,1704.3868364430284,1704.2824042420614,0.10443220096703953,6.12763475742644e-05,0.0005322232862706052
IV-PH-0140,Q3-R-002,1.0,6387.882313806407,6387.452764998209,0.42954880819797836,6.72488430054322e-05,0.000584096388948988
IV-PH-0140,Q3-R-003,1.0,3565.161696534282,3564.984745080485,0.17695145379684618,4.963596381191562e-05,0.00043112180426559165
IV-PH-0140,Q3-R-004,1.0,2573.1859488131313,2572.848693493399,0.33725531973232137,0.00013108245369625605,0.0011384931096868481
IV-PH-0141,G01,0.0,2808.844777342462,2808.8126061114535,0.03217123100830577,1.1453676524488374e-05,9.948480051009094e-05
IV-PH-0141,Q3-R-001,0.0,1704.3868364430284,1704.2824042420614,0.10443220096703953,6.12763475742644e-05,0.0005322232862706052
IV-PH-0141,Q3-R-002,0.0,6387.882313806407,6387.452764998209,0.42954880819797836,6.72488430054322e-05,0.000584096388948988
IV-PH-0141,Q3-R-003,0.0,3565.161696534282,3564.984745080485,0.17695145379684618,4.963596381191562e-05,0.00043112180426559165
IV-PH-0141,Q3-R-004,0.0,2573.1859488131313,2572.848693493399,0.33725531973232137,0.00013108245369625605,0.0011384931096868481
IV-PH-0141,G01,0.5,2812.9385672488243,2812.906442838521,0.03212441030336777,1.142036216140585e-05,9.919543893874492e-05
IV-PH-0141,Q3-R-001,0.5,1699.0880470913187,1698.9832891872177,0.10475790410100672,6.165917273449006e-05,0.0005355482589844896
IV-PH-0141,Q3-R-002,0.5,6382.772104201455,6382.342211462406,0.42989273904822767,6.735657926272884e-05,0.0005850321112147526
IV-PH-0141,Q3-R-003,0.5,3562.0873783488237,3561.9102741665697,0.17710418225397007,4.972168545020681e-05,0.0004318663359674106
IV-PH-0141,Q3-R-004,0.5,2558.981659069506,2558.6425314794315,0.3391275900744404,0.00013254199674323148,0.0011511688686958667
IV-PH-0141,G01,1.0,2820.603023672115,2820.570986554827,0.032037117287927686,1.1358380072915403e-05,9.865707548948615e-05
IV-PH-0141,Q3-R-001,1.0,1699.7145435094308,1699.6098242203411,0.10471928908964401,6.161372310123101e-05,0.0005351535128174526
IV-PH-0141,Q3-R-002,1.0,6379.238406536035,6378.808275647339,0.4301308886961124,6.74312301152305e-05,0.0005856804765841132
IV-PH-0141,Q3-R-003,1.0,3561.8420365969846,3561.664920215085,0.1771163818993955,4.972853591423744e-05,0.00043192583538284205
IV-PH-0141,Q3-R-004,1.0,2548.656895280232,2548.316393680507,0.34050159972503025,0.0001336182589294759,0.0011605159193606596
IV-PH-0142,G01,0.0,2820.603023672115,2820.570986554827,0.032037117287927686,1.1358380072915403e-05,9.865707548948615e-05
IV-PH-0142,Q3-R-001,0.0,1699.7145435094308,1699.6098242203411,0.10471928908964401,6.161372310123101e-05,0.0005351535128174526
IV-PH-0142,Q3-R-002,0.0,6379.238406536035,6378.808275647339,0.4301308886961124,6.74312301152305e-05,0.0005856804765841132
IV-PH-0142,Q3-R-003,0.0,3561.8420365969846,3561.664920215085,0.1771163818993955,4.972853591423744e-05,0.00043192583538284205
IV-PH-0142,Q3-R-004,0.0,2548.656895280232,2548.316393680507,0.34050159972503025,0.0001336182589294759,0.0011605159193606596
IV-PH-0142,G01,0.5,5436.383334843513,5436.329414330558,0.0539205129543916,9.918551442495964e-06,8.615101595212961e-05
IV-PH-0142,Q3-R-001,0.5,3942.503345044999,3942.4833128050996,0.02003223989959224,5.081122305458584e-06,4.4133955456866415e-05
IV-PH-0142,Q3-R-002,0.5,8156.966271914409,8156.183011016774,0.7832608976350457,9.603277618673764e-05,0.0008340900462447302
IV-PH-0142,Q3-R-003,0.5,2030.3548688503065,2029.6688369617852,0.6860318885212564,0.0003380018828826178,0.0029353510030353477
IV-PH-0142,Q3-R-004,0.5,1901.204107794639,1900.7941387880542,0.4099690065847881,0.00021568301280967974,0.0018731968449618862
IV-PH-0142,G01,1.0,8083.462465903293,8083.385171175164,0.07729472812934546,9.562173086218077e-06,8.305558303177662e-05
IV-PH-0142,Q3-R-001,1.0,6510.551055790257,6510.577810726489,-0.026754936231554893,4.109456489019278e-06,-3.5694358878034455e-05
IV-PH-0142,Q3-R-002,1.0,10323.136839302344,10322.090193682741,1.0466456196027139,0.00010139861209925051,0.0008806925044026495
IV-PH-0142,Q3-R-003,1.0,3122.1150557508336,3121.3290308897576,0.78602486107593,0.0002518237754806221,0.0021870381595193423
IV-PH-0142,Q3-R-004,1.0,3863.0482105738774,3862.924239953435,0.12397062044237828,3.209242862186514e-05,0.00027874682042000175
IV-PH-0143,G01,0.0,8083.462465903293,8083.385171175164,0.07729472812934546,9.562173086218077e-06,8.305558303177662e-05
IV-PH-0143,Q3-R-001,0.0,6510.551055790257,6510.577810726489,-0.026754936231554893,4.109456489019278e-06,-3.5694358878034455e-05
IV-PH-0143,Q3-R-002,0.0,10323.136839302344,10322.090193682741,1.0466456196027139,0.00010139861209925051,0.0008806925044026495
IV-PH-0143,Q3-R-003,0.0,3122.1150557508336,3121.3290308897576,0.78602486107593,0.0002518237754806221,0.0021870381595193423
IV-PH-0143,Q3-R-004,0.0,3863.0482105738774,3862.924239953435,0.12397062044237828,3.209242862186514e-05,0.00027874682042000175
IV-PH-0143,G01,0.5,8081.444331853669,8081.367017822973,0.07731403069556109,9.56694956744937e-06,8.309707062361918e-05
IV-PH-0143,Q3-R-001,0.5,6510.275074810221,6510.301830880633,-0.026756070412375266,4.109804907272024e-06,-3.569738521332301e-05
IV-PH-0143,Q3-R-002,0.5,10324.580331024568,10323.533831752555,1.0464992720135342,0.0001013702564517946,0.0008804462353466905
IV-PH-0143,Q3-R-003,0.5,3121.978669518958,3121.192610311086,0.786059207872313,0.0002518457865354126,0.002187229296976716
IV-PH-0143,Q3-R-004,0.5,3867.602344771805,3867.4785201324844,0.1238246393204463,3.201689128352407e-05,0.00027809073246591896
IV-PH-0143,G01,1.0,8080.049745126765,8079.9724177518265,0.0773273749382497,9.57025234001545e-06,8.312575786655649e-05
IV-PH-0143,Q3-R-001,1.0,6510.773563335597,6510.800317357475,-0.026754021878332424,4.10917561194551e-06,-3.569191920148651e-05
IV-PH-0143,Q3-R-002,1.0,10326.51190694556,10325.465603441262,1.0463035042976117,0.00010133233158501837,0.000880116857521974
IV-PH-0143,Q3-R-003,1.0,3123.45698677084,3122.671299694661,0.7856870761793289,0.0002516073581795671,0.002185158855775437
IV-PH-0143,Q3-R-004,1.0,3873.453066843791,3873.329429243446,0.12363760034486404,3.192023880318732e-05,0.00027725124652645697
IV-PH-0144,G01,0.0,8080.049745126765,8079.9724177518265,0.0773273749382497,9.57025234001545e-06,8.312575786655649e-05
IV-PH-0144,Q3-R-001,0.0,6510.773563335597,6510.800317357475,-0.026754021878332424,4.10917561194551e-06,-3.569191920148651e-05
IV-PH-0144,Q3-R-002,0.0,10326.51190694556,10325.465603441262,1.0463035042976117,0.00010133233158501837,0.000880116857521974
IV-PH-0144,Q3-R-003,0.0,3123.45698677084,3122.671299694661,0.7856870761793289,0.0002516073581795671,0.002185158855775437
IV-PH-0144,Q3-R-004,0.0,3873.453066843791,3873.329429243446,0.12363760034486404,3.192023880318732e-05,0.00027725124652645697
IV-PH-0144,G01,0.5,8080.049745126765,8079.9724177518265,0.0773273749382497,9.57025234001545e-06,8.312575786655649e-05
IV-PH-0144,Q3-R-001,0.5,6510.773563335597,6510.800317357475,-0.026754021878332424,4.10917561194551e-06,-3.569191920148651e-05
IV-PH-0144,Q3-R-002,0.5,10326.51190694556,10325.465603441262,1.0463035042976117,0.00010133233158501837,0.000880116857521974
IV-PH-0144,Q3-R-003,0.5,3123.45698677084,3122.671299694661,0.7856870761793289,0.0002516073581795671,0.002185158855775437
IV-PH-0144,Q3-R-004,0.5,3873.453066843791,3873.329429243446,0.12363760034486404,3.192023880318732e-05,0.00027725124652645697
IV-PH-0144,G01,1.0,8080.049745126765,8079.9724177518265,0.0773273749382497,9.57025234001545e-06,8.312575786655649e-05
IV-PH-0144,Q3-R-001,1.0,6510.773563335597,6510.800317357475,-0.026754021878332424,4.10917561194551e-06,-3.569191920148651e-05
IV-PH-0144,Q3-R-002,1.0,10326.51190694556,10325.465603441262,1.0463035042976117,0.00010133233158501837,0.000880116857521974
IV-PH-0144,Q3-R-003,1.0,3123.45698677084,3122.671299694661,0.7856870761793289,0.0002516073581795671,0.002185158855775437
IV-PH-0144,Q3-R-004,1.0,3873.453066843791,3873.329429243446,0.12363760034486404,3.192023880318732e-05,0.00027725124652645697
IV-PH-0145,G01,0.0,8080.049745126765,8079.9724177518265,0.0773273749382497,9.57025234001545e-06,8.312575786655649e-05
IV-PH-0145,Q3-R-001,0.0,6510.773563335597,6510.800317357475,-0.026754021878332424,4.10917561194551e-06,-3.569191920148651e-05
IV-PH-0145,Q3-R-002,0.0,10326.51190694556,10325.465603441262,1.0463035042976117,0.00010133233158501837,0.000880116857521974
IV-PH-0145,Q3-R-003,0.0,3123.45698677084,3122.671299694661,0.7856870761793289,0.0002516073581795671,0.002185158855775437
IV-PH-0145,Q3-R-004,0.0,3873.453066843791,3873.329429243446,0.12363760034486404,3.192023880318732e-05,0.00027725124652645697
IV-PH-0145,G01,0.5,8080.988362163829,8080.911043770649,0.0773183931805761,9.568029243457483e-06,8.310644848157435e-05
IV-PH-0145,Q3-R-001,0.5,6510.337149130549,6510.36390494585,-0.026755815300930408,4.109726536270011e-06,-3.569670448887378e-05
IV-PH-0145,Q3-R-002,0.5,10325.075100216169,10324.02865109663,1.0464491195380106,0.00010136054004720875,0.0008803618482828466
IV-PH-0145,Q3-R-003,0.5,3122.2318093339854,3121.445813873138,0.7859954608475164,0.00025180493518554506,0.0021868745559930555
IV-PH-0145,Q3-R-004,0.5,3869.1195881222334,3868.995812041278,0.12377608095539472,3.1991784682261157e-05,0.0002778726662774042
IV-PH-0145,G01,1.0,8082.248751867702,8082.171445532086,0.07730633561550349,9.565045252565049e-06,8.30805301125452e-05
IV-PH-0145,Q3-R-001,1.0,6510.300311783205,6510.327067749898,-0.02675596669268998,4.109773044311488e-06,-3.569710845406e-05
IV-PH-0145,Q3-R-002,1.0,10323.89008261203,10322.84351336468,1.0465692473499075,0.00010138381406198257,0.0008805639833152314
IV-PH-0145,Q3-R-003,1.0,3121.8395772624194,3121.0534830231873,0.7860942392321704,0.0002518682372820877,0.002187424252582997
IV-PH-0145,Q3-R-004,1.0,3865.454315507607,3865.3304220568484,0.12389345075871461,3.2052486393333356e-05,0.0002783998977568362
IV-PH-0146,G01,0.0,8082.248751867702,8082.171445532086,0.07730633561550349,9.565045252565049e-06,8.30805301125452e-05
IV-PH-0146,Q3-R-001,0.0,6510.300311783205,6510.327067749898,-0.02675596669268998,4.109773044311488e-06,-3.569710845406e-05
IV-PH-0146,Q3-R-002,0.0,10323.89008261203,10322.84351336468,1.0465692473499075,0.00010138381406198257,0.0008805639833152314
IV-PH-0146,Q3-R-003,0.0,3121.8395772624194,3121.0534830231873,0.7860942392321704,0.0002518682372820877,0.002187424252582997
IV-PH-0146,Q3-R-004,0.0,3865.454315507607,3865.3304220568484,0.12389345075871461,3.2052486393333356e-05,0.0002783998977568362
IV-PH-0146,G01,0.5,4045.8281790351043,4045.80888516596,0.01929386914434872,4.768853322530898e-06,4.142163489220553e-05
IV-PH-0146,Q3-R-001,0.5,2887.951581863022,2887.8515279650014,0.10005389802063291,3.46464827058261e-05,0.000300930312072272
IV-PH-0146,Q3-R-002,0.5,6930.5416513561195,6929.966274185813,0.5753771703066377,8.302741276677245e-05,0.0007211370075705648
IV-PH-0146,Q3-R-003,0.5,2336.5897234461963,2336.322306388003,0.2674170581931321,0.00011446068783487487,0.0009941360087709135
IV-PH-0146,Q3-R-004,0.5,2152.0354379645805,2151.4700003158564,0.5654376487241279,0.0002628145633641725,0.002282478371514454
IV-PH-0146,G01,1.0,225.20933227539064,225.20933227539064,0.0,0.0,0.0
IV-PH-0146,Q3-R-001,1.0,2632.9700626162075,2632.883163822568,0.08689879363964792,3.3005184139460014e-05,0.00028667465607093174
IV-PH-0146,Q3-R-002,1.0,4702.990702346468,4703.0081304669,-0.017428120431759453,3.705738954363501e-06,-3.2187699224714847e-05
IV-PH-0146,Q3-R-003,1.0,5814.587994615157,5814.599360905919,-0.011366290761543496,1.954784853787866e-06,-1.6979062101165317e-05
IV-PH-0146,Q3-R-004,1.0,5191.992758960854,5191.750831533791,0.24192742706327408,4.6598427951096764e-05,0.0004047393724552963
IV-PH-0147,G01,0.0,225.20933227539064,225.20933227539064,0.0,0.0,0.0
IV-PH-0147,Q3-R-001,0.0,2632.9700626162075,2632.883163822568,0.08689879363964792,3.3005184139460014e-05,0.00028667465607093174
IV-PH-0147,Q3-R-002,0.0,4702.990702346468,4703.0081304669,-0.017428120431759453,3.705738954363501e-06,-3.2187699224714847e-05
IV-PH-0147,Q3-R-003,0.0,5814.587994615157,5814.599360905919,-0.011366290761543496,1.954784853787866e-06,-1.6979062101165317e-05
IV-PH-0147,Q3-R-004,0.0,5191.992758960854,5191.750831533791,0.24192742706327408,4.6598427951096764e-05,0.0004047393724552963
IV-PH-0147,G01,0.5,102.60466613769532,102.60466613769532,0.0,0.0,0.0
IV-PH-0147,Q3-R-001,0.5,2634.855368682604,2634.7685320693126,0.0868366132913252,3.2957966604802604e-05,0.0002862645433010946
IV-PH-0147,Q3-R-002,0.5,4710.171906146776,4710.189307696113,-0.01740154933759186,3.6944479724326514e-06,-3.2089626638912036e-05
IV-PH-0147,Q3-R-003,0.5,5815.8489690847,5815.860332911061,-0.011363826361048268,1.953937287101294e-06,-1.697170021610372e-05
IV-PH-0147,Q3-R-004,0.5,5199.39546567672,5199.153882712984,0.2415829637357092,4.646582293687529e-05,0.0004035876335284714
IV-PH-0147,G01,1.0,20.0,20.0,0.0,0.0,0.0
IV-PH-0147,Q3-R-001,1.0,2642.4341213047032,2642.347533755259,0.08658754944417524,3.2769175264814046e-05,0.0002846247764467422
IV-PH-0147,Q3-R-002,1.0,4720.527622296987,4720.5449856715995,-0.01736337461261428,3.678256359237717e-06,-3.194898755548509e-05
IV-PH-0147,Q3-R-003,1.0,5819.693181225441,5819.704537545414,-0.011356319972946949,1.951356791342662e-06,-1.694928627142333e-05
IV-PH-0147,Q3-R-004,1.0,5209.67383011785,5209.43272380445,0.24110631340045074,4.6282642695185965e-05,0.0004019966239475446
IV-PH-0148,G01,0.0,19.999999999999986,19.999999999999986,0.0,0.0,0.0
IV-PH-0148,Q3-R-001,0.0,2642.4341213047032,2642.347533755259,0.08658754944417524,3.2769175264814046e-05,0.0002846247764467422
IV-PH-0148,Q3-R-002,0.0,4720.527622296987,4720.5449856715995,-0.01736337461261428,3.678256359237717e-06,-3.194898755548509e-05
IV-PH-0148,Q3-R-003,0.0,5819.693181225441,5819.704537545414,-0.011356319972946949,1.951356791342662e-06,-1.694928627142333e-05
IV-PH-0148,Q3-R-004,0.0,5209.67383011785,5209.43272380445,0.24110631340045074,4.6282642695185965e-05,0.0004019966239475446
IV-PH-0148,G01,0.5,79.35544433593685,79.35544433593685,0.0,0.0,0.0
IV-PH-0148,Q3-R-001,0.5,2635.8560435380905,2635.7692398924864,0.08680364560404996,3.293294583238656e-05,0.0002860472227935883
IV-PH-0148,Q3-R-002,0.5,4711.892272441827,4711.909667637681,-0.017395195854078338,3.691750708540096e-06,-3.206619841620516e-05
IV-PH-0148,Q3-R-003,0.5,5816.37956449351,5816.390927283216,-0.011362789706254262,1.9535808112474515e-06,-1.696860390017261e-05
IV-PH-0148,Q3-R-004,0.5,5201.124030714139,5200.882528042905,0.24150267123422964,4.6434940595573735e-05,0.0004033194053790328
IV-PH-0148,G01,1.0,178.710888671875,178.710888671875,0.0,0.0,0.0
IV-PH-0148,Q3-R-001,1.0,2633.013309445202,2632.926412078909,0.08689736629321487,3.3004099884661175e-05,0.0002866652386632788
IV-PH-0148,Q3-R-002,1.0,4705.339472340284,4705.356891761133,-0.017419420848455047,3.7020403019706467e-06,-3.215557301930276e-05
IV-PH-0148,Q3-R-003,1.0,5814.761969466328,5814.773335417016,-0.011365950687832083,1.954667883372784e-06,-1.6978046106904426e-05
IV-PH-0148,Q3-R-004,1.0,5194.460891966342,5194.219079495746,0.24181247059641464,4.655415316442328e-05,0.000404354824454867
IV-PH-0149,G01,0.0,178.710888671875,178.710888671875,0.0,0.0,0.0
IV-PH-0149,Q3-R-001,0.0,2633.013309445202,2632.926412078909,0.08689736629321487,3.3004099884661175e-05,0.0002866652386632788
IV-PH-0149,Q3-R-002,0.0,4705.339472340284,4705.356891761133,-0.017419420848455047,3.7020403019706467e-06,-3.215557301930276e-05
IV-PH-0149,Q3-R-003,0.0,5814.761969466328,5814.773335417016,-0.011365950687832083,1.954667883372784e-06,-1.6978046106904426e-05
IV-PH-0149,Q3-R-004,0.0,5194.460891966342,5194.219079495746,0.24181247059641464,4.655415316442328e-05,0.000404354824454867
IV-PH-0149,G01,0.5,2646.337877939424,2646.3412612580137,-0.0033833185898402007,1.2784891500470518e-06,-1.1104822758991004e-05
IV-PH-0149,Q3-R-001,0.5,2473.2462588227827,2473.0055224000785,0.2407364227042308,9.734568747367515e-05,0.0008454927462700632
IV-PH-0149,Q3-R-002,0.5,5561.42945364904,5561.079168168353,0.35028548068657983,6.29887599319959e-05,0.0005470961869330682
IV-PH-0149,Q3-R-003,0.5,3216.770299232464,3216.7524086065127,0.01789062595116775,5.561704377154073e-06,4.830821608066314e-05
IV-PH-0149,Q3-R-004,0.5,3321.3925829223153,3320.812267573772,0.580315348543536,0.00017475102528681087,0.0015177355107231154
IV-PH-0149,G01,1.0,5283.616556079634,5283.630116073759,-0.013559994124989316,2.5664162379076005e-06,-2.229163681220411e-05
IV-PH-0149,Q3-R-001,1.0,4386.737761801415,4386.551417714827,0.18634408658817847,4.2480771075802045e-05,0.00036897545217819193
IV-PH-0149,Q3-R-002,1.0,7325.374307900935,7324.809083203978,0.5652246969566477,7.716579238259275e-05,0.0006702276974759391
IV-PH-0149,Q3-R-003,1.0,908.8997301531936,908.6772366752,0.22249347799356656,0.0002448542441842804,0.0021265166097101497
IV-PH-0149,Q3-R-004,1.0,3003.8652743724924,3003.051792666446,0.813481706046332,0.00027088500705611595,0.002352558653845466
IV-PH-0150,G01,0.0,5283.616556079634,5283.630116073759,-0.013559994124989316,2.5664162379076005e-06,-2.229163681220411e-05
IV-PH-0150,Q3-R-001,0.0,4386.737761801415,4386.551417714827,0.18634408658817847,4.2480771075802045e-05,0.00036897545217819193
IV-PH-0150,Q3-R-002,0.0,7325.374307900935,7324.809083203978,0.5652246969566477,7.716579238259275e-05,0.0006702276974759391
IV-PH-0150,Q3-R-003,0.0,908.8997301531936,908.6772366752,0.22249347799356656,0.0002448542441842804,0.0021265166097101497
IV-PH-0150,Q3-R-004,0.0,3003.8652743724924,3003.051792666446,0.813481706046332,0.00027088500705611595,0.002352558653845466
IV-PH-0150,G01,0.5,5281.802396947322,5281.815961598934,-0.013564651611886802,2.5681795258501305e-06,-2.2306952576145692e-05
IV-PH-0150,Q3-R-001,0.5,4387.614660042666,4387.428353199947,0.18630684271920472,4.2463791478970325e-05,0.0003688279755376131
IV-PH-0150,Q3-R-002,0.5,7328.008401346032,7327.443379837911,0.5650215081204806,7.711032058946859e-05,0.0006697459127664715
IV-PH-0150,Q3-R-003,0.5,914.5108334807081,914.2897054723458,0.22112800836237057,0.00024185770335030744,0.0021004953191673266
IV-PH-0150,Q3-R-004,0.5,3011.1132810950103,3010.3017580373876,0.8115230576227077,0.000269581963155678,0.0023412436160356945
IV-PH-0150,G01,1.0,5280.805205643257,5280.818772856319,-0.013567213061833172,2.5691495287756033e-06,-2.2315377936506166e-05
IV-PH-0150,Q3-R-001,1.0,4389.475028982273,4389.288801104389,0.1862278778844484,4.2427802389669965e-05,0.0003685153915479657
IV-PH-0150,Q3-R-002,1.0,7331.230450638673,7330.665677474599,0.564773164073813,7.704254823804437e-05,0.0006691572949712455
IV-PH-0150,Q3-R-003,1.0,924.7679819637879,924.5493072002737,0.2186747635141728,0.00023652039086629698,0.00205414709795439
IV-PH-0150,Q3-R-004,1.0,3019.7738669349656,3018.964671916447,0.8091950185184942,0.00026803725994077794,0.0023278301000695645
IV-PH-0151,G01,0.0,5280.805205643257,5280.818772856319,-0.013567213061833172,2.5691495287756033e-06,-2.2315377936506166e-05
IV-PH-0151,Q3-R-001,0.0,4389.475028982273,4389.288801104389,0.1862278778844484,4.2427802389669965e-05,0.0003685153915479657
IV-PH-0151,Q3-R-002,0.0,7331.230450638673,7330.665677474599,0.564773164073813,7.704254823804437e-05,0.0006691572949712455
IV-PH-0151,Q3-R-003,0.0,924.7679819637879,924.5493072002737,0.2186747635141728,0.00023652039086629698,0.00205414709795439
IV-PH-0151,Q3-R-004,0.0,3019.7738669349656,3018.964671916447,0.8091950185184942,0.00026803725994077794,0.0023278301000695645
IV-PH-0151,G01,0.5,5280.805205643257,5280.818772856319,-0.013567213061833172,2.5691495287756033e-06,-2.2315377936506166e-05
IV-PH-0151,Q3-R-001,0.5,4389.475028982273,4389.288801104389,0.1862278778844484,4.2427802389669965e-05,0.0003685153915479657
IV-PH-0151,Q3-R-002,0.5,7331.230450638673,7330.665677474599,0.564773164073813,7.704254823804437e-05,0.0006691572949712455
IV-PH-0151,Q3-R-003,0.5,924.7679819637879,924.5493072002737,0.2186747635141728,0.00023652039086629698,0.00205414709795439
IV-PH-0151,Q3-R-004,0.5,3019.7738669349656,3018.964671916447,0.8091950185184942,0.00026803725994077794,0.0023278301000695645
IV-PH-0151,G01,1.0,5280.805205643257,5280.818772856319,-0.013567213061833172,2.5691495287756033e-06,-2.2315377936506166e-05
IV-PH-0151,Q3-R-001,1.0,4389.475028982273,4389.288801104389,0.1862278778844484,4.2427802389669965e-05,0.0003685153915479657
IV-PH-0151,Q3-R-002,1.0,7331.230450638673,7330.665677474599,0.564773164073813,7.704254823804437e-05,0.0006691572949712455
IV-PH-0151,Q3-R-003,1.0,924.7679819637879,924.5493072002737,0.2186747635141728,0.00023652039086629698,0.00205414709795439
IV-PH-0151,Q3-R-004,1.0,3019.7738669349656,3018.964671916447,0.8091950185184942,0.00026803725994077794,0.0023278301000695645
IV-PH-0152,G01,0.0,5280.805205643257,5280.818772856319,-0.013567213061833172,2.5691495287756033e-06,-2.2315377936506166e-05
IV-PH-0152,Q3-R-001,0.0,4389.475028982273,4389.288801104389,0.1862278778844484,4.2427802389669965e-05,0.0003685153915479657
IV-PH-0152,Q3-R-002,0.0,7331.230450638673,7330.665677474599,0.564773164073813,7.704254823804437e-05,0.0006691572949712455
IV-PH-0152,Q3-R-003,0.0,924.7679819637879,924.5493072002737,0.2186747635141728,0.00023652039086629698,0.00205414709795439
IV-PH-0152,Q3-R-004,0.0,3019.7738669349656,3018.964671916447,0.8091950185184942,0.00026803725994077794,0.0023278301000695645
IV-PH-0152,G01,0.5,5282.2728877907,5282.286451234115,-0.01356344341456861,2.5677220536572275e-06,-2.2302979013149762e-05
IV-PH-0152,Q3-R-001,0.5,4387.24052579922,4387.054203067987,0.18632273123330378,4.247103468724029e-05,0.00036889088657347606
IV-PH-0152,Q3-R-002,0.5,7327.136465519724,7326.57137676835,0.565088751373878,7.712867619985311e-05,0.0006699053352777571
IV-PH-0152,Q3-R-003,0.5,912.2869898012776,912.0653226276097,0.22166717366792454,0.00024303870366358595,0.0021107508711112155
IV-PH-0152,Q3-R-004,0.5,3008.735470262759,3007.923305683423,0.8121645793357857,0.0002700084067307214,0.0023449466588010026
IV-PH-0152,G01,1.0,5285.1362818935195,5285.149837988516,-0.013556094996602042,2.5649405243279494e-06,-2.2278818894272964e-05
IV-PH-0152,Q3-R-001,1.0,4386.687047001402,4386.500700760385,0.18634624101650843,4.248175339039748e-05,0.000368983984092594
IV-PH-0152,Q3-R-002,1.0,7324.047587521861,7323.482260428927,0.5653270929342398,7.719375466898848e-05,0.0006704705560666158
IV-PH-0152,Q3-R-003,1.0,907.7966176488763,907.5738537407683,0.2227639081080497,0.0002454498961047396,0.0021316891085051285
IV-PH-0152,Q3-R-004,1.0,3000.116575830003,2999.302077388366,0.8144984416371699,0.0002715626571186828,0.0023584430515127563
IV-PH-0153,G01,0.0,5285.1362818935195,5285.149837988516,-0.013556094996602042,2.5649405243279494e-06,-2.2278818894272964e-05
IV-PH-0153,Q3-R-001,0.0,4386.687047001402,4386.500700760385,0.18634624101650843,4.248175339039748e-05,0.000368983984092594
IV-PH-0153,Q3-R-002,0.0,7324.047587521861,7323.482260428927,0.5653270929342398,7.719375466898848e-05,0.0006704705560666158
IV-PH-0153,Q3-R-003,0.0,907.7966176488763,907.5738537407683,0.2227639081080497,0.0002454498961047396,0.0021316891085051285
IV-PH-0153,Q3-R-004,0.0,3000.116575830003,2999.302077388366,0.8144984416371699,0.0002715626571186828,0.0023584430515127563
IV-PH-0153,G01,0.5,6656.962898784961,6656.950345523723,0.012553261238281266,1.8857375504869659e-06,1.6379292806960685e-05
IV-PH-0153,Q3-R-001,0.5,5338.746852679068,5338.699407403489,0.04744527557886613,8.887047566879485e-06,7.719157137280279e-05
IV-PH-0153,Q3-R-002,0.5,8820.562950872978,8819.77403497077,0.7889159022088279,8.944853905335258e-05,0.0007769053924963187
IV-PH-0153,Q3-R-003,0.5,1724.4732471966365,1723.9086154882013,0.5646317084351722,0.00032752995336430386,0.002844423236601618
IV-PH-0153,Q3-R-004,0.5,3108.310174865767,3107.8645666398234,0.4456082259434879,0.00014338083799619135,0.0012453008610415013
IV-PH-0153,G01,1.0,8082.080476706566,8082.003168761357,0.07730794520830386,9.565443565663936e-06,8.308398978360376e-05
IV-PH-0153,Q3-R-001,1.0,6510.283630088805,6510.310386124056,-0.026756035251310095,4.109794105721498e-06,-3.5697291391589555e-05
IV-PH-0153,Q3-R-002,1.0,10324.019021432057,10322.972465256853,1.0465561752043868,0.0001013812812856657,0.0008805419861287872
IV-PH-0153,Q3-R-003,1.0,3121.842651405321,3121.0565579403665,0.7860934649543196,0.00025186774105531587,0.002187419943496773
IV-PH-0153,Q3-R-004,1.0,3865.8589079700287,3865.735027486107,0.12388048392176643,3.2045777333664304e-05,0.00027834162547375817
IV-PH-0154,G01,0.0,8082.080476706566,8082.003168761357,0.07730794520830386,9.565443565663936e-06,8.308398978360376e-05
IV-PH-0154,Q3-R-001,0.0,6510.283630088805,6510.310386124056,-0.026756035251310095,4.109794105721498e-06,-3.5697291391589555e-05
IV-PH-0154,Q3-R-002,0.0,10324.019021432057,10322.972465256853,1.0465561752043868,0.0001013812812856657,0.0008805419861287872
IV-PH-0154,Q3-R-003,0.0,3121.842651405321,3121.0565579403665,0.7860934649543196,0.00025186774105531587,0.002187419943496773
IV-PH-0154,Q3-R-004,0.0,3865.8589079700287,3865.735027486107,0.12388048392176643,3.2045777333664304e-05,0.00027834162547375817
IV-PH-0154,G01,0.5,8080.92295288601,8080.845633866987,0.07731901902297977,9.568184138914151e-06,8.310779387331031e-05
IV-PH-0154,Q3-R-001,0.5,6510.352070453154,6510.378826207132,-0.02675575397825014,4.109707697891018e-06,-3.569654086015245e-05
IV-PH-0154,Q3-R-002,0.5,10325.154229948692,10324.107788849726,1.04644109896617,0.00010135898620666772,0.0008803483531626402
IV-PH-0154,Q3-R-003,0.5,3122.2818509558315,3121.4958680955096,0.7859828603218375,0.0002517968607151744,0.0021868044396894017
IV-PH-0154,Q3-R-004,0.5,3869.360837570474,3869.237069207038,0.12376836343582909,3.1987795325550884e-05,0.0002778380162744978
IV-PH-0154,G01,1.0,8080.049745126765,8079.9724177518265,0.0773273749382497,9.57025234001545e-06,8.312575786655649e-05
IV-PH-0154,Q3-R-001,1.0,6510.773563335597,6510.800317357475,-0.026754021878332424,4.10917561194551e-06,-3.569191920148651e-05
IV-PH-0154,Q3-R-002,1.0,10326.51190694556,10325.465603441262,1.0463035042976117,0.00010133233158501837,0.000880116857521974
IV-PH-0154,Q3-R-003,1.0,3123.45698677084,3122.671299694661,0.7856870761793289,0.0002516073581795671,0.002185158855775437
IV-PH-0154,Q3-R-004,1.0,3873.453066843791,3873.329429243446,0.12363760034486404,3.192023880318732e-05,0.00027725124652645697
IV-PH-0155,G01,0.0,8080.049745126765,8079.9724177518265,0.0773273749382497,9.57025234001545e-06,8.312575786655649e-05
IV-PH-0155,Q3-R-001,0.0,6510.773563335597,6510.800317357475,-0.026754021878332424,4.10917561194551e-06,-3.569191920148651e-05
IV-PH-0155,Q3-R-002,0.0,10326.51190694556,10325.465603441262,1.0463035042976117,0.00010133233158501837,0.000880116857521974
IV-PH-0155,Q3-R-003,0.0,3123.45698677084,3122.671299694661,0.7856870761793289,0.0002516073581795671,0.002185158855775437
IV-PH-0155,Q3-R-004,0.0,3873.453066843791,3873.329429243446,0.12363760034486404,3.192023880318732e-05,0.00027725124652645697
IV-PH-0155,G01,0.5,8080.049745126765,8079.9724177518265,0.0773273749382497,9.57025234001545e-06,8.312575786655649e-05
IV-PH-0155,Q3-R-001,0.5,6510.773563335597,6510.800317357475,-0.026754021878332424,4.10917561194551e-06,-3.569191920148651e-05
IV-PH-0155,Q3-R-002,0.5,10326.51190694556,10325.465603441262,1.0463035042976117,0.00010133233158501837,0.000880116857521974
IV-PH-0155,Q3-R-003,0.5,3123.45698677084,3122.671299694661,0.7856870761793289,0.0002516073581795671,0.002185158855775437
IV-PH-0155,Q3-R-004,0.5,3873.453066843791,3873.329429243446,0.12363760034486404,3.192023880318732e-05,0.00027725124652645697
IV-PH-0155,G01,1.0,8080.049745126765,8079.9724177518265,0.0773273749382497,9.57025234001545e-06,8.312575786655649e-05
IV-PH-0155,Q3-R-001,1.0,6510.773563335597,6510.800317357475,-0.026754021878332424,4.10917561194551e-06,-3.569191920148651e-05
IV-PH-0155,Q3-R-002,1.0,10326.51190694556,10325.465603441262,1.0463035042976117,0.00010133233158501837,0.000880116857521974
IV-PH-0155,Q3-R-003,1.0,3123.45698677084,3122.671299694661,0.7856870761793289,0.0002516073581795671,0.002185158855775437
IV-PH-0155,Q3-R-004,1.0,3873.453066843791,3873.329429243446,0.12363760034486404,3.192023880318732e-05,0.00027725124652645697
IV-PH-0156,G01,0.0,8080.049745126765,8079.9724177518265,0.0773273749382497,9.57025234001545e-06,8.312575786655649e-05
IV-PH-0156,Q3-R-001,0.0,6510.773563335597,6510.800317357475,-0.026754021878332424,4.10917561194551e-06,-3.569191920148651e-05
IV-PH-0156,Q3-R-002,0.0,10326.51190694556,10325.465603441262,1.0463035042976117,0.00010133233158501837,0.000880116857521974
IV-PH-0156,Q3-R-003,0.0,3123.45698677084,3122.671299694661,0.7856870761793289,0.0002516073581795671,0.002185158855775437
IV-PH-0156,Q3-R-004,0.0,3873.453066843791,3873.329429243446,0.12363760034486404,3.192023880318732e-05,0.00027725124652645697
IV-PH-0156,G01,0.5,8080.988362163829,8080.911043770649,0.0773183931805761,9.568029243457483e-06,8.310644848157435e-05
IV-PH-0156,Q3-R-001,0.5,6510.337149130549,6510.36390494585,-0.026755815300930408,4.109726536270011e-06,-3.569670448887378e-05
IV-PH-0156,Q3-R-002,0.5,10325.075100216169,10324.02865109663,1.0464491195380106,0.00010136054004720875,0.0008803618482828466
IV-PH-0156,Q3-R-003,0.5,3122.2318093339854,3121.445813873138,0.7859954608475164,0.00025180493518554506,0.0021868745559930555
IV-PH-0156,Q3-R-004,0.5,3869.1195881222334,3868.995812041278,0.12377608095539472,3.1991784682261157e-05,0.0002778726662774042
IV-PH-0156,G01,1.0,8082.248751867702,8082.171445532086,0.07730633561550349,9.565045252565049e-06,8.30805301125452e-05
IV-PH-0156,Q3-R-001,1.0,6510.300311783205,6510.327067749898,-0.02675596669268998,4.109773044311488e-06,-3.569710845406e-05
IV-PH-0156,Q3-R-002,1.0,10323.89008261203,10322.84351336468,1.0465692473499075,0.00010138381406198257,0.0008805639833152314
IV-PH-0156,Q3-R-003,1.0,3121.8395772624194,3121.0534830231873,0.7860942392321704,0.0002518682372820877,0.002187424252582997
IV-PH-0156,Q3-R-004,1.0,3865.454315507607,3865.3304220568484,0.12389345075871461,3.2052486393333356e-05,0.0002783998977568362
IV-PH-0157,G01,0.0,8082.248751867702,8082.171445532086,0.07730633561550349,9.565045252565049e-06,8.30805301125452e-05
IV-PH-0157,Q3-R-001,0.0,6510.300311783205,6510.327067749898,-0.02675596669268998,4.109773044311488e-06,-3.569710845406e-05
IV-PH-0157,Q3-R-002,0.0,10323.89008261203,10322.84351336468,1.0465692473499075,0.00010138381406198257,0.0008805639833152314
IV-PH-0157,Q3-R-003,0.0,3121.8395772624194,3121.0534830231873,0.7860942392321704,0.0002518682372820877,0.002187424252582997
IV-PH-0157,Q3-R-004,0.0,3865.454315507607,3865.3304220568484,0.12389345075871461,3.2052486393333356e-05,0.0002783998977568362
IV-PH-0157,G01,0.5,4045.82817903477,4045.8088851656057,0.019293869164357602,4.768853327476899e-06,4.142163493656438e-05
IV-PH-0157,Q3-R-001,0.5,2887.9515818636896,2887.8515279653543,0.10005389833531808,3.464648281479048e-05,0.0003009303130172801
IV-PH-0157,Q3-R-002,0.5,6930.541651354936,6929.966274184402,0.5753771705340114,8.302741279959957e-05,0.0007211370078559818
IV-PH-0157,Q3-R-003,0.5,2336.589723445317,2336.3223063876503,0.2674170576665347,0.00011446068760949626,0.0009941360068135528
IV-PH-0157,Q3-R-004,0.5,2152.035437966016,2151.47000031761,0.5654376484062595,0.00026281456321621357,0.0022824783702303075
IV-PH-0157,G01,1.0,225.20933227539064,225.20933227539064,0.0,0.0,0.0
IV-PH-0157,Q3-R-001,1.0,2632.9700626162075,2632.883163822568,0.08689879363964792,3.3005184139460014e-05,0.00028667465607093174
IV-PH-0157,Q3-R-002,1.0,4702.990702346468,4703.0081304669,-0.017428120431759453,3.705738954363501e-06,-3.2187699224714847e-05
IV-PH-0157,Q3-R-003,1.0,5814.587994615157,5814.599360905919,-0.011366290761543496,1.954784853787866e-06,-1.6979062101165317e-05
IV-PH-0157,Q3-R-004,1.0,5191.992758960854,5191.750831533791,0.24192742706327408,4.6598427951096764e-05,0.0004047393724552963
IV-PH-0158,G01,0.0,225.20933227539064,225.20933227539064,0.0,0.0,0.0
IV-PH-0158,Q3-R-001,0.0,2632.9700626162075,2632.883163822568,0.08689879363964792,3.3005184139460014e-05,0.00028667465607093174
IV-PH-0158,Q3-R-002,0.0,4702.990702346468,4703.0081304669,-0.017428120431759453,3.705738954363501e-06,-3.2187699224714847e-05
IV-PH-0158,Q3-R-003,0.0,5814.587994615157,5814.599360905919,-0.011366290761543496,1.954784853787866e-06,-1.6979062101165317e-05
IV-PH-0158,Q3-R-004,0.0,5191.992758960854,5191.750831533791,0.24192742706327408,4.6598427951096764e-05,0.0004047393724552963
IV-PH-0158,G01,0.5,102.60466613769532,102.60466613769532,0.0,0.0,0.0
IV-PH-0158,Q3-R-001,0.5,2634.855368682604,2634.7685320693126,0.0868366132913252,3.2957966604802604e-05,0.0002862645433010946
IV-PH-0158,Q3-R-002,0.5,4710.171906146776,4710.189307696113,-0.01740154933759186,3.6944479724326514e-06,-3.2089626638912036e-05
IV-PH-0158,Q3-R-003,0.5,5815.8489690847,5815.860332911061,-0.011363826361048268,1.953937287101294e-06,-1.697170021610372e-05
IV-PH-0158,Q3-R-004,0.5,5199.39546567672,5199.153882712984,0.2415829637357092,4.646582293687529e-05,0.0004035876335284714
IV-PH-0158,G01,1.0,20.0,20.0,0.0,0.0,0.0
IV-PH-0158,Q3-R-001,1.0,2642.4341213047032,2642.347533755259,0.08658754944417524,3.2769175264814046e-05,0.0002846247764467422
IV-PH-0158,Q3-R-002,1.0,4720.527622296987,4720.5449856715995,-0.01736337461261428,3.678256359237717e-06,-3.194898755548509e-05
IV-PH-0158,Q3-R-003,1.0,5819.693181225441,5819.704537545414,-0.011356319972946949,1.951356791342662e-06,-1.694928627142333e-05
IV-PH-0158,Q3-R-004,1.0,5209.67383011785,5209.43272380445,0.24110631340045074,4.6282642695185965e-05,0.0004019966239475446
IV-PH-0159,G01,0.0,19.999999999999986,19.999999999999986,0.0,0.0,0.0
IV-PH-0159,Q3-R-001,0.0,2642.4341213047032,2642.347533755259,0.08658754944417524,3.2769175264814046e-05,0.0002846247764467422
IV-PH-0159,Q3-R-002,0.0,4720.527622296987,4720.5449856715995,-0.01736337461261428,3.678256359237717e-06,-3.194898755548509e-05
IV-PH-0159,Q3-R-003,0.0,5819.693181225441,5819.704537545414,-0.011356319972946949,1.951356791342662e-06,-1.694928627142333e-05
IV-PH-0159,Q3-R-004,0.0,5209.67383011785,5209.43272380445,0.24110631340045074,4.6282642695185965e-05,0.0004019966239475446
IV-PH-0159,G01,0.5,102.60466613769535,102.60466613769535,0.0,0.0,0.0
IV-PH-0159,Q3-R-001,0.5,2634.855368682604,2634.7685320693126,0.0868366132913252,3.2957966604802604e-05,0.0002862645433010946
IV-PH-0159,Q3-R-002,0.5,4710.171906146776,4710.189307696113,-0.01740154933759186,3.6944479724326514e-06,-3.2089626638912036e-05
IV-PH-0159,Q3-R-003,0.5,5815.8489690847,5815.860332911061,-0.011363826361048268,1.953937287101294e-06,-1.697170021610372e-05
IV-PH-0159,Q3-R-004,0.5,5199.39546567672,5199.153882712984,0.2415829637357092,4.646582293687529e-05,0.0004035876335284714
IV-PH-0159,G01,1.0,225.20933227539064,225.20933227539064,0.0,0.0,0.0
IV-PH-0159,Q3-R-001,1.0,2632.9700626162075,2632.883163822568,0.08689879363964792,3.3005184139460014e-05,0.00028667465607093174
IV-PH-0159,Q3-R-002,1.0,4702.990702346468,4703.0081304669,-0.017428120431759453,3.705738954363501e-06,-3.2187699224714847e-05
IV-PH-0159,Q3-R-003,1.0,5814.587994615157,5814.599360905919,-0.011366290761543496,1.954784853787866e-06,-1.6979062101165317e-05
IV-PH-0159,Q3-R-004,1.0,5191.992758960854,5191.750831533791,0.24192742706327408,4.6598427951096764e-05,0.0004047393724552963
IV-PH-0160,G01,0.0,225.20933227539064,225.20933227539064,0.0,0.0,0.0
IV-PH-0160,Q3-R-001,0.0,2632.9700626162075,2632.883163822568,0.08689879363964792,3.3005184139460014e-05,0.00028667465607093174
IV-PH-0160,Q3-R-002,0.0,4702.990702346468,4703.0081304669,-0.017428120431759453,3.705738954363501e-06,-3.2187699224714847e-05
IV-PH-0160,Q3-R-003,0.0,5814.587994615157,5814.599360905919,-0.011366290761543496,1.954784853787866e-06,-1.6979062101165317e-05
IV-PH-0160,Q3-R-004,0.0,5191.992758960854,5191.750831533791,0.24192742706327408,4.6598427951096764e-05,0.0004047393724552963
IV-PH-0160,G01,0.5,4045.8281790351043,4045.80888516596,0.01929386914434872,4.768853322530898e-06,4.142163489220553e-05
IV-PH-0160,Q3-R-001,0.5,2887.951581863022,2887.8515279650014,0.10005389802063291,3.46464827058261e-05,0.000300930312072272
IV-PH-0160,Q3-R-002,0.5,6930.5416513561195,6929.966274185813,0.5753771703066377,8.302741276677245e-05,0.0007211370075705648
IV-PH-0160,Q3-R-003,0.5,2336.5897234461963,2336.322306388003,0.2674170581931321,0.00011446068783487487,0.0009941360087709135
IV-PH-0160,Q3-R-004,0.5,2152.0354379645805,2151.4700003158564,0.5654376487241279,0.0002628145633641725,0.002282478371514454
IV-PH-0160,G01,1.0,8082.248751867702,8082.171445532086,0.07730633561550349,9.565045252565049e-06,8.30805301125452e-05
IV-PH-0160,Q3-R-001,1.0,6510.300311783205,6510.327067749898,-0.02675596669268998,4.109773044311488e-06,-3.569710845406e-05
IV-PH-0160,Q3-R-002,1.0,10323.89008261203,10322.84351336468,1.0465692473499075,0.00010138381406198257,0.0008805639833152314
IV-PH-0160,Q3-R-003,1.0,3121.8395772624194,3121.0534830231873,0.7860942392321704,0.0002518682372820877,0.002187424252582997
IV-PH-0160,Q3-R-004,1.0,3865.454315507607,3865.3304220568484,0.12389345075871461,3.2052486393333356e-05,0.0002783998977568362
IV-PH-0161,G01,0.0,8082.248751867702,8082.171445532086,0.07730633561550349,9.565045252565049e-06,8.30805301125452e-05
IV-PH-0161,Q3-R-001,0.0,6510.300311783205,6510.327067749898,-0.02675596669268998,4.109773044311488e-06,-3.569710845406e-05
IV-PH-0161,Q3-R-002,0.0,10323.89008261203,10322.84351336468,1.0465692473499075,0.00010138381406198257,0.0008805639833152314
IV-PH-0161,Q3-R-003,0.0,3121.8395772624194,3121.0534830231873,0.7860942392321704,0.0002518682372820877,0.002187424252582997
IV-PH-0161,Q3-R-004,0.0,3865.454315507607,3865.3304220568484,0.12389345075871461,3.2052486393333356e-05,0.0002783998977568362
IV-PH-0161,G01,0.5,8080.988362163829,8080.911043770649,0.0773183931805761,9.568029243457483e-06,8.310644848157435e-05
IV-PH-0161,Q3-R-001,0.5,6510.337149130549,6510.36390494585,-0.026755815300930408,4.109726536270011e-06,-3.569670448887378e-05
IV-PH-0161,Q3-R-002,0.5,10325.075100216169,10324.02865109663,1.0464491195380106,0.00010136054004720875,0.0008803618482828466
IV-PH-0161,Q3-R-003,0.5,3122.2318093339854,3121.445813873138,0.7859954608475164,0.00025180493518554506,0.0021868745559930555
IV-PH-0161,Q3-R-004,0.5,3869.1195881222334,3868.995812041278,0.12377608095539472,3.1991784682261157e-05,0.0002778726662774042
IV-PH-0161,G01,1.0,8080.049745126765,8079.9724177518265,0.0773273749382497,9.57025234001545e-06,8.312575786655649e-05
IV-PH-0161,Q3-R-001,1.0,6510.773563335597,6510.800317357475,-0.026754021878332424,4.10917561194551e-06,-3.569191920148651e-05
IV-PH-0161,Q3-R-002,1.0,10326.51190694556,10325.465603441262,1.0463035042976117,0.00010133233158501837,0.000880116857521974
IV-PH-0161,Q3-R-003,1.0,3123.45698677084,3122.671299694661,0.7856870761793289,0.0002516073581795671,0.002185158855775437
IV-PH-0161,Q3-R-004,1.0,3873.453066843791,3873.329429243446,0.12363760034486404,3.192023880318732e-05,0.00027725124652645697
IV-PH-0162,G01,0.0,8080.049745126765,8079.9724177518265,0.0773273749382497,9.57025234001545e-06,8.312575786655649e-05
IV-PH-0162,Q3-R-001,0.0,6510.773563335597,6510.800317357475,-0.026754021878332424,4.10917561194551e-06,-3.569191920148651e-05
IV-PH-0162,Q3-R-002,0.0,10326.51190694556,10325.465603441262,1.0463035042976117,0.00010133233158501837,0.000880116857521974
IV-PH-0162,Q3-R-003,0.0,3123.45698677084,3122.671299694661,0.7856870761793289,0.0002516073581795671,0.002185158855775437
IV-PH-0162,Q3-R-004,0.0,3873.453066843791,3873.329429243446,0.12363760034486404,3.192023880318732e-05,0.00027725124652645697
IV-PH-0162,G01,0.5,8080.049745126765,8079.9724177518265,0.0773273749382497,9.57025234001545e-06,8.312575786655649e-05
IV-PH-0162,Q3-R-001,0.5,6510.773563335597,6510.800317357475,-0.026754021878332424,4.10917561194551e-06,-3.569191920148651e-05
IV-PH-0162,Q3-R-002,0.5,10326.51190694556,10325.465603441262,1.0463035042976117,0.00010133233158501837,0.000880116857521974
IV-PH-0162,Q3-R-003,0.5,3123.45698677084,3122.671299694661,0.7856870761793289,0.0002516073581795671,0.002185158855775437
IV-PH-0162,Q3-R-004,0.5,3873.453066843791,3873.329429243446,0.12363760034486404,3.192023880318732e-05,0.00027725124652645697
IV-PH-0162,G01,1.0,8080.049745126765,8079.9724177518265,0.0773273749382497,9.57025234001545e-06,8.312575786655649e-05
IV-PH-0162,Q3-R-001,1.0,6510.773563335597,6510.800317357475,-0.026754021878332424,4.10917561194551e-06,-3.569191920148651e-05
IV-PH-0162,Q3-R-002,1.0,10326.51190694556,10325.465603441262,1.0463035042976117,0.00010133233158501837,0.000880116857521974
IV-PH-0162,Q3-R-003,1.0,3123.45698677084,3122.671299694661,0.7856870761793289,0.0002516073581795671,0.002185158855775437
IV-PH-0162,Q3-R-004,1.0,3873.453066843791,3873.329429243446,0.12363760034486404,3.192023880318732e-05,0.00027725124652645697
IV-PH-0163,G01,0.0,8080.049745126765,8079.9724177518265,0.0773273749382497,9.57025234001545e-06,8.312575786655649e-05
IV-PH-0163,Q3-R-001,0.0,6510.773563335597,6510.800317357475,-0.026754021878332424,4.10917561194551e-06,-3.569191920148651e-05
IV-PH-0163,Q3-R-002,0.0,10326.51190694556,10325.465603441262,1.0463035042976117,0.00010133233158501837,0.000880116857521974
IV-PH-0163,Q3-R-003,0.0,3123.45698677084,3122.671299694661,0.7856870761793289,0.0002516073581795671,0.002185158855775437
IV-PH-0163,Q3-R-004,0.0,3873.453066843791,3873.329429243446,0.12363760034486404,3.192023880318732e-05,0.00027725124652645697
IV-PH-0163,G01,0.5,8080.988362163829,8080.911043770649,0.0773183931805761,9.568029243457483e-06,8.310644848157435e-05
IV-PH-0163,Q3-R-001,0.5,6510.337149130549,6510.36390494585,-0.026755815300930408,4.109726536270011e-06,-3.569670448887378e-05
IV-PH-0163,Q3-R-002,0.5,10325.075100216169,10324.02865109663,1.0464491195380106,0.00010136054004720875,0.0008803618482828466
IV-PH-0163,Q3-R-003,0.5,3122.2318093339854,3121.445813873138,0.7859954608475164,0.00025180493518554506,0.0021868745559930555
IV-PH-0163,Q3-R-004,0.5,3869.1195881222334,3868.995812041278,0.12377608095539472,3.1991784682261157e-05,0.0002778726662774042
IV-PH-0163,G01,1.0,8082.248751867702,8082.171445532086,0.07730633561550349,9.565045252565049e-06,8.30805301125452e-05
IV-PH-0163,Q3-R-001,1.0,6510.300311783205,6510.327067749898,-0.02675596669268998,4.109773044311488e-06,-3.569710845406e-05
IV-PH-0163,Q3-R-002,1.0,10323.89008261203,10322.84351336468,1.0465692473499075,0.00010138381406198257,0.0008805639833152314
IV-PH-0163,Q3-R-003,1.0,3121.8395772624194,3121.0534830231873,0.7860942392321704,0.0002518682372820877,0.002187424252582997
IV-PH-0163,Q3-R-004,1.0,3865.454315507607,3865.3304220568484,0.12389345075871461,3.2052486393333356e-05,0.0002783998977568362
IV-PH-0164,G01,0.0,8082.248751867702,8082.171445532086,0.07730633561550349,9.565045252565049e-06,8.30805301125452e-05
IV-PH-0164,Q3-R-001,0.0,6510.300311783205,6510.327067749898,-0.02675596669268998,4.109773044311488e-06,-3.569710845406e-05
IV-PH-0164,Q3-R-002,0.0,10323.89008261203,10322.84351336468,1.0465692473499075,0.00010138381406198257,0.0008805639833152314
IV-PH-0164,Q3-R-003,0.0,3121.8395772624194,3121.0534830231873,0.7860942392321704,0.0002518682372820877,0.002187424252582997
IV-PH-0164,Q3-R-004,0.0,3865.454315507607,3865.3304220568484,0.12389345075871461,3.2052486393333356e-05,0.0002783998977568362
IV-PH-0164,G01,0.5,4045.8281790351043,4045.80888516596,0.01929386914434872,4.768853322530898e-06,4.142163489220553e-05
IV-PH-0164,Q3-R-001,0.5,2887.951581863022,2887.8515279650014,0.10005389802063291,3.46464827058261e-05,0.000300930312072272
IV-PH-0164,Q3-R-002,0.5,6930.5416513561195,6929.966274185813,0.5753771703066377,8.302741276677245e-05,0.0007211370075705648
IV-PH-0164,Q3-R-003,0.5,2336.5897234461963,2336.322306388003,0.2674170581931321,0.00011446068783487487,0.0009941360087709135
IV-PH-0164,Q3-R-004,0.5,2152.0354379645805,2151.4700003158564,0.5654376487241279,0.0002628145633641725,0.002282478371514454
IV-PH-0164,G01,1.0,225.20933227539064,225.20933227539064,0.0,0.0,0.0
IV-PH-0164,Q3-R-001,1.0,2632.9700626162075,2632.883163822568,0.08689879363964792,3.3005184139460014e-05,0.00028667465607093174
IV-PH-0164,Q3-R-002,1.0,4702.990702346468,4703.0081304669,-0.017428120431759453,3.705738954363501e-06,-3.2187699224714847e-05
IV-PH-0164,Q3-R-003,1.0,5814.587994615157,5814.599360905919,-0.011366290761543496,1.954784853787866e-06,-1.6979062101165317e-05
IV-PH-0164,Q3-R-004,1.0,5191.992758960854,5191.750831533791,0.24192742706327408,4.6598427951096764e-05,0.0004047393724552963
IV-PH-0165,G01,0.0,225.20933227539064,225.20933227539064,0.0,0.0,0.0
IV-PH-0165,Q3-R-001,0.0,2632.9700626162075,2632.883163822568,0.08689879363964792,3.3005184139460014e-05,0.00028667465607093174
IV-PH-0165,Q3-R-002,0.0,4702.990702346468,4703.0081304669,-0.017428120431759453,3.705738954363501e-06,-3.2187699224714847e-05
IV-PH-0165,Q3-R-003,0.0,5814.587994615157,5814.599360905919,-0.011366290761543496,1.954784853787866e-06,-1.6979062101165317e-05
IV-PH-0165,Q3-R-004,0.0,5191.992758960854,5191.750831533791,0.24192742706327408,4.6598427951096764e-05,0.0004047393724552963
IV-PH-0165,G01,0.5,102.60466613769532,102.60466613769532,0.0,0.0,0.0
IV-PH-0165,Q3-R-001,0.5,2634.855368682604,2634.7685320693126,0.0868366132913252,3.2957966604802604e-05,0.0002862645433010946
IV-PH-0165,Q3-R-002,0.5,4710.171906146776,4710.189307696113,-0.01740154933759186,3.6944479724326514e-06,-3.2089626638912036e-05
IV-PH-0165,Q3-R-003,0.5,5815.8489690847,5815.860332911061,-0.011363826361048268,1.953937287101294e-06,-1.697170021610372e-05
IV-PH-0165,Q3-R-004,0.5,5199.39546567672,5199.153882712984,0.2415829637357092,4.646582293687529e-05,0.0004035876335284714
IV-PH-0165,G01,1.0,20.0,20.0,0.0,0.0,0.0
IV-PH-0165,Q3-R-001,1.0,2642.4341213047032,2642.347533755259,0.08658754944417524,3.2769175264814046e-05,0.0002846247764467422
IV-PH-0165,Q3-R-002,1.0,4720.527622296987,4720.5449856715995,-0.01736337461261428,3.678256359237717e-06,-3.194898755548509e-05
IV-PH-0165,Q3-R-003,1.0,5819.693181225441,5819.704537545414,-0.011356319972946949,1.951356791342662e-06,-1.694928627142333e-05
IV-PH-0165,Q3-R-004,1.0,5209.67383011785,5209.43272380445,0.24110631340045074,4.6282642695185965e-05,0.0004019966239475446
IV-PH-0166,G01,0.0,19.999999999999986,19.999999999999986,0.0,0.0,0.0
IV-PH-0166,Q3-R-001,0.0,2642.4341213047032,2642.347533755259,0.08658754944417524,3.2769175264814046e-05,0.0002846247764467422
IV-PH-0166,Q3-R-002,0.0,4720.527622296987,4720.5449856715995,-0.01736337461261428,3.678256359237717e-06,-3.194898755548509e-05
IV-PH-0166,Q3-R-003,0.0,5819.693181225441,5819.704537545414,-0.011356319972946949,1.951356791342662e-06,-1.694928627142333e-05
IV-PH-0166,Q3-R-004,0.0,5209.67383011785,5209.43272380445,0.24110631340045074,4.6282642695185965e-05,0.0004019966239475446
IV-PH-0166,G01,0.5,197.0520690917969,197.0520690917969,0.0,0.0,0.0
IV-PH-0166,Q3-R-001,0.5,2632.8981788172487,2632.8112776510065,0.08690116624211441,3.3006986478593184e-05,0.00028669031047333436
IV-PH-0166,Q3-R-002,0.5,4704.358257732051,4704.375680786153,-0.01742305410152767,3.7035847652830493e-06,-3.216898810705418e-05
IV-PH-0166,Q3-R-003,0.5,5814.648938058198,5814.660304229828,-0.01136617163047049,1.954743877677989e-06,-1.6978706186488236e-05
IV-PH-0166,Q3-R-004,0.5,5193.437763967979,5193.19590385714,0.2418601108383882,4.657249896133353e-05,0.00040451416660240296
IV-PH-0166,G01,1.0,414.10413818359376,414.10413818359376,0.0,0.0,0.0
IV-PH-0166,Q3-R-001,1.0,2641.2252376495785,2641.138610467882,0.0866271816967128,3.279918038128512e-05,0.0002848853890323268
IV-PH-0166,Q3-R-002,1.0,4698.17149566815,4698.188941665622,-0.017445997472350427,3.7133452249294592e-06,-3.2253766696899806e-05
IV-PH-0166,Q3-R-003,1.0,5817.703930548101,5817.71529075114,-0.011360203038748296,1.9526914726831794e-06,-1.6960879188130745e-05
IV-PH-0166,Q3-R-004,1.0,5186.242705620004,5186.000509952401,0.24219566760257294,4.670182101559336e-05,0.00040563739130873745
IV-PH-0167,G01,0.0,414.10413818359376,414.10413818359376,0.0,0.0,0.0
IV-PH-0167,Q3-R-001,0.0,2641.2252376495785,2641.138610467882,0.0866271816967128,3.279918038128512e-05,0.0002848853890323268
IV-PH-0167,Q3-R-002,0.0,4698.17149566815,4698.188941665622,-0.017445997472350427,3.7133452249294592e-06,-3.2253766696899806e-05
IV-PH-0167,Q3-R-003,0.0,5817.703930548101,5817.71529075114,-0.011360203038748296,1.9526914726831794e-06,-1.6960879188130745e-05
IV-PH-0167,Q3-R-004,0.0,5186.242705620004,5186.000509952401,0.24219566760257294,4.670182101559336e-05,0.00040563739130873745
IV-PH-0167,G01,0.5,3655.444951257287,3655.284109812917,0.16084144436990755,4.4002446742269686e-05,0.0003821919875788047
IV-PH-0167,Q3-R-001,0.5,1028.054886375232,1027.9684202993872,0.08646607584478261,8.411355265135488e-05,0.0007305703103929576
IV-PH-0167,Q3-R-002,0.5,8093.614021413383,8093.194417972035,0.4196034413480447,5.184645514214491e-05,0.0004503209138195873
IV-PH-0167,Q3-R-003,0.5,5451.526256384705,5450.92115857129,0.6050978134153411,0.00011100835910346203,0.0009641528425522154
IV-PH-0167,Q3-R-004,0.5,2440.426779439073,2440.433688476386,-0.006909037313107547,2.831069471681078e-06,-2.4590391796857236e-05
IV-PH-0167,G01,1.0,7275.621241853128,7274.9745807200725,0.6466611330552041,8.888843883646918e-05,0.000772040857587601
IV-PH-0167,Q3-R-001,1.0,4638.89146797211,4638.304202270737,0.587265701373326,0.00012661215732375275,0.0010996696110498186
IV-PH-0167,Q3-R-002,1.0,11632.796377541828,11631.607893731338,1.188483810490652,0.00010217708689536945,0.0008874535623747456
IV-PH-0167,Q3-R-003,1.0,7209.312667197468,7207.305386171356,2.007281026111741,0.0002785064484659007,0.002418739473225556
IV-PH-0167,Q3-R-004,1.0,3375.7730135235383,3374.941950770631,0.8310627529072008,0.00024624505103485904,0.0021385940389136372
IV-PH-0168,G01,0.0,7275.621241853128,7274.9745807200725,0.6466611330552041,8.888843883646918e-05,0.000772040857587601
IV-PH-0168,Q3-R-001,0.0,4638.89146797211,4638.304202270737,0.587265701373326,0.00012661215732375275,0.0010996696110498186
IV-PH-0168,Q3-R-002,0.0,11632.796377541828,11631.607893731338,1.188483810490652,0.00010217708689536945,0.0008874535623747456
IV-PH-0168,Q3-R-003,0.0,7209.312667197468,7207.305386171356,2.007281026111741,0.0002785064484659007,0.002418739473225556
IV-PH-0168,Q3-R-004,0.0,3375.7730135235383,3374.941950770631,0.8310627529072008,0.00024624505103485904,0.0021385940389136372
IV-PH-0168,G01,0.5,7270.121008053551,7269.4738576433665,0.6471504101846222,8.902300535879729e-05,0.0007732095835850158
IV-PH-0168,Q3-R-001,0.5,4635.186559265061,4634.5988241021905,0.5877351628705583,0.0001268146791506628,0.0011014284704161778
IV-PH-0168,Q3-R-002,0.5,11633.576700046411,11632.388295961651,1.1884040847598953,0.00010216337819228977,0.0008873345022572714
IV-PH-0168,Q3-R-003,0.5,7207.228373059216,7205.220511375802,2.007861683414376,0.00027866762443207784,0.0024201390399804356
IV-PH-0168,Q3-R-004,0.5,3379.71775559793,3378.88766308405,0.8300925138801176,0.00024567034972759587,0.002133603474252168
IV-PH-0168,G01,1.0,7266.33242135561,7265.684933498178,0.64748785743177,8.911587322573685e-05,0.0007740161517877063
IV-PH-0168,Q3-R-001,1.0,4634.169526012559,4633.581661846633,0.5878641659255663,0.00012687035835930069,0.0011019120325407752
IV-PH-0168,Q3-R-002,1.0,11635.428418388388,11634.24020345132,1.188214937068551,0.00010213085825029337,0.0008870520664793938
IV-PH-0168,Q3-R-003,1.0,7206.8734468221855,7204.865486227446,2.0079605947394157,0.0002786950843950881,0.0024203774877373163
IV-PH-0168,Q3-R-004,1.0,3387.3401283660587,3386.51190422781,0.8282241382485154,0.00024456554758143286,0.0021240096363601326
IV-PH-0169,G01,0.0,7266.33242135561,7265.684933498178,0.64748785743177,8.911587322573685e-05,0.0007740161517877063
IV-PH-0169,Q3-R-001,0.0,4634.169526012559,4633.581661846633,0.5878641659255663,0.00012687035835930069,0.0011019120325407752
IV-PH-0169,Q3-R-002,0.0,11635.428418388388,11634.24020345132,1.188214937068551,0.00010213085825029337,0.0008870520664793938
IV-PH-0169,Q3-R-003,0.0,7206.8734468221855,7204.865486227446,2.0079605947394157,0.0002786950843950881,0.0024203774877373163
IV-PH-0169,Q3-R-004,0.0,3387.3401283660587,3386.51190422781,0.8282241382485154,0.00024456554758143286,0.0021240096363601326
IV-PH-0169,G01,0.5,7266.33242135561,7265.684933498178,0.64748785743177,8.911587322573685e-05,0.0007740161517877063
IV-PH-0169,Q3-R-001,0.5,4634.169526012559,4633.581661846633,0.5878641659255663,0.00012687035835930069,0.0011019120325407752
IV-PH-0169,Q3-R-002,0.5,11635.428418388388,11634.24020345132,1.188214937068551,0.00010213085825029337,0.0008870520664793938
IV-PH-0169,Q3-R-003,0.5,7206.8734468221855,7204.865486227446,2.0079605947394157,0.0002786950843950881,0.0024203774877373163
IV-PH-0169,Q3-R-004,0.5,3387.3401283660587,3386.51190422781,0.8282241382485154,0.00024456554758143286,0.0021240096363601326
IV-PH-0169,G01,1.0,7266.33242135561,7265.684933498178,0.64748785743177,8.911587322573685e-05,0.0007740161517877063
IV-PH-0169,Q3-R-001,1.0,4634.169526012559,4633.581661846633,0.5878641659255663,0.00012687035835930069,0.0011019120325407752
IV-PH-0169,Q3-R-002,1.0,11635.428418388388,11634.24020345132,1.188214937068551,0.00010213085825029337,0.0008870520664793938
IV-PH-0169,Q3-R-003,1.0,7206.8734468221855,7204.865486227446,2.0079605947394157,0.0002786950843950881,0.0024203774877373163
IV-PH-0169,Q3-R-004,1.0,3387.3401283660587,3386.51190422781,0.8282241382485154,0.00024456554758143286,0.0021240096363601326
IV-PH-0170,G01,0.0,7266.33242135561,7265.684933498178,0.64748785743177,8.911587322573685e-05,0.0007740161517877063
IV-PH-0170,Q3-R-001,0.0,4634.169526012559,4633.581661846633,0.5878641659255663,0.00012687035835930069,0.0011019120325407752
IV-PH-0170,Q3-R-002,0.0,11635.428418388388,11634.24020345132,1.188214937068551,0.00010213085825029337,0.0008870520664793938
IV-PH-0170,Q3-R-003,0.0,7206.8734468221855,7204.865486227446,2.0079605947394157,0.0002786950843950881,0.0024203774877373163
IV-PH-0170,Q3-R-004,0.0,3387.3401283660587,3386.51190422781,0.8282241382485154,0.00024456554758143286,0.0021240096363601326
IV-PH-0170,G01,0.5,7268.677470230337,7268.030191286552,0.64727894378575,8.90583730048006e-05,0.0007735167557053728
IV-PH-0170,Q3-R-001,0.5,4634.552193590683,4633.96437796992,0.5878156207627399,0.00012684940427191077,0.0011017300507367407
IV-PH-0170,Q3-R-002,0.5,11634.070950651418,11632.882597058824,1.1883535925935576,0.00010215469662644171,0.0008872591028366184
IV-PH-0170,Q3-R-003,0.5,7206.9194039962,7204.911456209418,2.007947786782097,0.000278691528547736,0.0024203466106445183
IV-PH-0170,Q3-R-004,0.5,3381.8342878598373,3381.004714989634,0.8295728702032648,0.0002453628255900874,0.0021309330091763756
IV-PH-0170,G01,1.0,7271.789152967666,7271.142151026684,0.6470019409825909,8.898216092381503e-05,0.0007728548449034105
IV-PH-0170,Q3-R-001,1.0,4636.138574805833,4635.550960347712,0.5876144581206972,0.00012676259265557085,0.0011009761102220897
IV-PH-0170,Q3-R-002,1.0,11633.192996788799,11632.004553502326,1.1884432864735572,0.00010217011874498659,0.0008873930439718952
IV-PH-0170,Q3-R-003,1.0,7207.739570994288,7205.73185175508,2.0077192392081997,0.00027862808116002613,0.0024197956671621708
IV-PH-0170,Q3-R-004,1.0,3377.9717533223443,3377.1412316456817,0.8305216766625563,0.00024592447271085636,0.0021358102160283924
IV-PH-0171,G01,0.0,7271.789152967666,7271.142151026684,0.6470019409825909,8.898216092381503e-05,0.0007728548449034105
IV-PH-0171,Q3-R-001,0.0,4636.138574805833,4635.550960347712,0.5876144581206972,0.00012676259265557085,0.0011009761102220897
IV-PH-0171,Q3-R-002,0.0,11633.192996788799,11632.004553502326,1.1884432864735572,0.00010217011874498659,0.0008873930439718952
IV-PH-0171,Q3-R-003,0.0,7207.739570994288,7205.73185175508,2.0077192392081997,0.00027862808116002613,0.0024197956671621708
IV-PH-0171,Q3-R-004,0.0,3377.9717533223443,3377.1412316456817,0.8305216766625563,0.00024592447271085636,0.0021358102160283924
IV-PH-0171,G01,0.5,6545.520798659828,6544.983443924724,0.5373547351036905,8.21017714876699e-05,0.0007130976533411602
IV-PH-0171,Q3-R-001,0.5,3936.9730523935923,3936.5957050998168,0.37734729377552867,9.585624789629256e-05,0.0008325568880941713
IV-PH-0171,Q3-R-002,0.5,10681.042045268057,10679.862639175593,1.179406092463978,0.00011043270239616298,0.0009591533054755384
IV-PH-0171,Q3-R-003,0.5,5904.283636791723,5902.529587017505,1.7540497742184016,0.00029716916253607587,0.0025807951022536204
IV-PH-0171,Q3-R-004,0.5,2112.1128000407343,2111.540844859924,0.5719551808101642,0.0002708710002946245,0.0023524370256070575
IV-PH-0171,G01,1.0,6019.386125456614,6019.004815347337,0.3813101092764555,6.33510224654059e-05,0.0005502425605632048
IV-PH-0171,Q3-R-001,1.0,3595.8273744612607,3595.6803083130644,0.1470661481962452,4.090078527177022e-05,0.00035525244197818953
IV-PH-0171,Q3-R-002,1.0,9811.339399195867,9810.22429837325,1.1151008226170234,0.00011366720970915328,0.000987244731385688
IV-PH-0171,Q3-R-003,1.0,4603.679242223233,4602.217256990226,1.461985233006999,0.00031766975598260065,0.0027588062703548556
IV-PH-0171,Q3-R-004,1.0,967.2587839503864,967.0185355363298,0.240248414056623,0.0002484424085246473,0.00215767532393064
IV-PH-0172,G01,0.0,6019.386125456614,6019.004815347337,0.3813101092764555,6.33510224654059e-05,0.0005502425605632048
IV-PH-0172,Q3-R-001,0.0,3595.8273744612607,3595.6803083130644,0.1470661481962452,4.090078527177022e-05,0.00035525244197818953
IV-PH-0172,Q3-R-002,0.0,9811.339399195867,9810.22429837325,1.1151008226170234,0.00011366720970915328,0.000987244731385688
IV-PH-0172,Q3-R-003,0.0,4603.679242223233,4602.217256990226,1.461985233006999,0.00031766975598260065,0.0027588062703548556
IV-PH-0172,Q3-R-004,0.0,967.2587839503864,967.0185355363298,0.240248414056623,0.0002484424085246473,0.00215767532393064
IV-PH-0172,G01,0.5,6019.011208758312,6018.6298748962,0.38133386211211473,6.335891557357004e-05,0.0005503111148863884
IV-PH-0172,Q3-R-001,0.5,3595.580615004526,3595.4335387629812,0.14707624154470977,4.090639973150825e-05,0.0003553012065616212
IV-PH-0172,Q3-R-002,0.5,9811.409546873181,9810.294454023999,1.1150928491824743,0.00011366558408703871,0.0009872306130164802
IV-PH-0172,Q3-R-003,0.5,4603.514603786674,4602.052566251144,1.462037535530726,0.00031769248927152293,0.0027590036664854475
IV-PH-0172,Q3-R-004,0.5,968.2332737964773,967.9932672432654,0.24000655321185604,0.000247942378664851,0.0021533331974340395
IV-PH-0172,G01,1.0,6018.6437259373515,6018.262368790505,0.3813571468463124,6.336665360818326e-05,0.0005503783223429872
IV-PH-0172,Q3-R-001,1.0,3595.3463221024936,3595.1992362762453,0.14708582624825794,4.09117316125721e-05,0.0003553475167964928
IV-PH-0172,Q3-R-002,1.0,9811.484268525508,9810.36918416954,1.1150843559680652,0.00011366385250490025,0.0009872155743957858
IV-PH-0172,Q3-R-003,1.0,4603.359709393295,4601.897622647323,1.4620867459716465,0.0003177138793301871,0.0027591893991660496
IV-PH-0172,Q3-R-004,1.0,969.2530911131258,969.0133371496995,0.23975396342632393,0.00024742070540695267,0.0021488031231043686
IV-PH-0173,G01,0.0,6018.6437259373515,6018.262368790505,0.3813571468463124,6.336665360818326e-05,0.0005503783223429872
IV-PH-0173,Q3-R-001,0.0,3595.3463221024936,3595.1992362762453,0.14708582624825794,4.09117316125721e-05,0.0003553475167964928
IV-PH-0173,Q3-R-002,0.0,9811.484268525508,9810.36918416954,1.1150843559680652,0.00011366385250490025,0.0009872155743957858
IV-PH-0173,Q3-R-003,0.0,4603.359709393295,4601.897622647323,1.4620867459716465,0.0003177138793301871,0.0027591893991660496
IV-PH-0173,Q3-R-004,0.0,969.2530911131258,969.0133371496995,0.23975396342632393,0.00024742070540695267,0.0021488031231043686
IV-PH-0173,G01,0.5,6018.6437259373515,6018.262368790505,0.3813571468463124,6.336665360818326e-05,0.0005503783223429872
IV-PH-0173,Q3-R-001,0.5,3595.3463221024936,3595.1992362762453,0.14708582624825794,4.09117316125721e-05,0.0003553475167964928
IV-PH-0173,Q3-R-002,0.5,9811.484268525508,9810.36918416954,1.1150843559680652,0.00011366385250490025,0.0009872155743957858
IV-PH-0173,Q3-R-003,0.5,4603.359709393295,4601.897622647323,1.4620867459716465,0.0003177138793301871,0.0027591893991660496
IV-PH-0173,Q3-R-004,0.5,969.2530911131258,969.0133371496995,0.23975396342632393,0.00024742070540695267,0.0021488031231043686
IV-PH-0173,G01,1.0,6018.6437259373515,6018.262368790505,0.3813571468463124,6.336665360818326e-05,0.0005503783223429872
IV-PH-0173,Q3-R-001,1.0,3595.3463221024936,3595.1992362762453,0.14708582624825794,4.09117316125721e-05,0.0003553475167964928
IV-PH-0173,Q3-R-002,1.0,9811.484268525508,9810.36918416954,1.1150843559680652,0.00011366385250490025,0.0009872155743957858
IV-PH-0173,Q3-R-003,1.0,4603.359709393295,4601.897622647323,1.4620867459716465,0.0003177138793301871,0.0027591893991660496
IV-PH-0173,Q3-R-004,1.0,969.2530911131258,969.0133371496995,0.23975396342632393,0.00024742070540695267,0.0021488031231043686
IV-PH-0174,G01,0.0,6018.6437259373515,6018.262368790505,0.3813571468463124,6.336665360818326e-05,0.0005503783223429872
IV-PH-0174,Q3-R-001,0.0,3595.3463221024936,3595.1992362762453,0.14708582624825794,4.09117316125721e-05,0.0003553475167964928
IV-PH-0174,Q3-R-002,0.0,9811.484268525508,9810.36918416954,1.1150843559680652,0.00011366385250490025,0.0009872155743957858
IV-PH-0174,Q3-R-003,0.0,4603.359709393295,4601.897622647323,1.4620867459716465,0.0003177138793301871,0.0027591893991660496
IV-PH-0174,Q3-R-004,0.0,969.2530911131258,969.0133371496995,0.23975396342632393,0.00024742070540695267,0.0021488031231043686
IV-PH-0174,G01,0.5,6021.481253204585,6021.100075777608,0.3811774269770467,6.330694095427715e-05,0.0005498596976689588
IV-PH-0174,Q3-R-001,0.5,3597.3310269431922,3597.1840222698547,0.14700467333750566,4.086659799093192e-05,0.0003549555071700645
IV-PH-0174,Q3-R-002,0.5,9811.0456542566,9809.930520043818,1.1151342127832322,0.0001136740174157983,0.0009873038556533918
IV-PH-0174,Q3-R-003,0.5,4604.706007236061,4603.24434810248,1.4616591335807243,0.0003175280352395892,0.0027575756904532553
IV-PH-0174,Q3-R-004,0.5,962.8831946678678,962.6418542300385,0.24134043782930803,0.0002507063626714447,0.002177334873275613
IV-PH-0174,G01,1.0,6024.710303257026,6024.329330141756,0.38097311526962585,6.323909175474331e-05,0.0005492704042956406
IV-PH-0174,Q3-R-001,1.0,3599.9721431572607,3599.8252463381677,0.1468968190929445,4.080665283470958e-05,0.00035443485142103967
IV-PH-0174,Q3-R-002,1.0,9810.848265101191,9809.733108449936,1.1151566512544377,0.00011367859236596976,0.0009873435886491976
IV-PH-0174,Q3-R-003,1.0,4606.565725639231,4605.10465677987,1.461068859360239,0.0003172715862622533,0.0027553489097176605
IV-PH-0174,Q3-R-004,1.0,958.9421833787127,958.6998508421602,0.24233253655245335,0.0002527720603477499,0.0021952727796426914
IV-PH-0175,G01,0.0,6024.710303257026,6024.329330141756,0.38097311526962585,6.323909175474331e-05,0.0005492704042956406
IV-PH-0175,Q3-R-001,0.0,3599.9721431572607,3599.8252463381677,0.1468968190929445,4.080665283470958e-05,0.00035443485142103967
IV-PH-0175,Q3-R-002,0.0,9810.848265101191,9809.733108449936,1.1151566512544377,0.00011367859236596976,0.0009873435886491976
IV-PH-0175,Q3-R-003,0.0,4606.565725639231,4605.10465677987,1.461068859360239,0.0003172715862622533,0.0027553489097176605
IV-PH-0175,Q3-R-004,0.0,958.9421833787127,958.6998508421602,0.24233253655245335,0.0002527720603477499,0.0021952727796426914
IV-PH-0175,G01,0.5,3034.6628632104207,3034.5683492330977,0.09451397732300393,3.114577312021649e-05,0.0002705245351876638
IV-PH-0175,Q3-R-001,0.5,969.9290993121808,969.921102818421,0.007996493759833356,8.24447858346101e-06,7.161033590414447e-05
IV-PH-0175,Q3-R-002,0.5,7080.4841878037805,7080.034514464543,0.44967333923796105,6.351287388772984e-05,0.0005516482949862856
IV-PH-0175,Q3-R-003,0.5,4301.82493759821,4301.462372517378,0.36256508083260997,8.428879516628742e-05,0.0007320923193827121
IV-PH-0175,Q3-R-004,0.5,2208.7187197694034,2208.611977504359,0.1067422650444314,4.833002181082337e-05,0.00041977909176940334
IV-PH-0175,G01,1.0,424.09925537109376,424.09925537109376,0.0,0.0,0.0
IV-PH-0175,Q3-R-001,1.0,2642.0375685744157,2641.950968028315,0.0866005461007262,3.277901336880453e-05,0.00028471022633081084
IV-PH-0175,Q3-R-002,1.0,4698.1279267938535,4698.145372953113,-0.01744615925963444,3.713414097416128e-06,-3.225436491773645e-05
IV-PH-0175,Q3-R-003,1.0,5818.039603915988,5818.050963463598,-0.011359547610481968,1.952466157793745e-06,-1.695892212414646e-05
IV-PH-0175,Q3-R-004,1.0,5186.129933287489,5185.887732353098,0.24220093439089396,4.670385224112733e-05,0.0004056550334864684
IV-PH-0176,G01,0.0,424.09925537109376,424.09925537109376,0.0,0.0,0.0
IV-PH-0176,Q3-R-001,0.0,2642.0375685744157,2641.950968028315,0.0866005461007262,3.277901336880453e-05,0.00028471022633081084
IV-PH-0176,Q3-R-002,0.0,4698.1279267938535,4698.145372953113,-0.01744615925963444,3.713414097416128e-06,-3.225436491773645e-05
IV-PH-0176,Q3-R-003,0.0,5818.039603915988,5818.050963463598,-0.011359547610481968,1.952466157793745e-06,-1.695892212414646e-05
IV-PH-0176,Q3-R-004,0.0,5186.129933287489,5185.887732353098,0.24220093439089396,4.670385224112733e-05,0.0004056550334864684
IV-PH-0176,G01,0.5,202.0496276855469,202.0496276855469,0.0,0.0,0.0
IV-PH-0176,Q3-R-001,0.5,2632.888957484097,2632.802056013485,0.08690147061179232,3.3007217695422226e-05,0.0002866923187308587
IV-PH-0176,Q3-R-002,0.5,4704.103260722418,4704.120684720974,-0.017423998556296283,3.703986297139354e-06,-3.217247578094053e-05
IV-PH-0176,Q3-R-003,0.5,5814.6281687665205,5814.639534978751,-0.011366212230313977,1.9547578421566787e-06,-1.6978827480798406e-05
IV-PH-0176,Q3-R-004,0.5,5193.170179516781,5192.928306943224,0.2418725735569751,4.657729883033018e-05,0.0004045558557926818
IV-PH-0176,G01,1.0,20.0,20.0,0.0,0.0,0.0
IV-PH-0176,Q3-R-001,1.0,2642.4341213047032,2642.347533755259,0.08658754944417524,3.2769175264814046e-05,0.0002846247764467422
IV-PH-0176,Q3-R-002,1.0,4720.527622296987,4720.5449856715995,-0.01736337461261428,3.678256359237717e-06,-3.194898755548509e-05
IV-PH-0176,Q3-R-003,1.0,5819.693181225441,5819.704537545414,-0.011356319972946949,1.951356791342662e-06,-1.694928627142333e-05
IV-PH-0176,Q3-R-004,1.0,5209.67383011785,5209.43272380445,0.24110631340045074,4.6282642695185965e-05,0.0004019966239475446
IV-PH-0177,G01,0.0,19.999999999999986,19.999999999999986,0.0,0.0,0.0
IV-PH-0177,Q3-R-001,0.0,2642.4341213047032,2642.347533755259,0.08658754944417524,3.2769175264814046e-05,0.0002846247764467422
IV-PH-0177,Q3-R-002,0.0,4720.527622296987,4720.5449856715995,-0.01736337461261428,3.678256359237717e-06,-3.194898755548509e-05
IV-PH-0177,Q3-R-003,0.0,5819.693181225441,5819.704537545414,-0.011356319972946949,1.951356791342662e-06,-1.694928627142333e-05
IV-PH-0177,Q3-R-004,0.0,5209.67383011785,5209.43272380445,0.24110631340045074,4.6282642695185965e-05,0.0004019966239475446
IV-PH-0177,G01,0.5,62.76445617675785,62.76445617675785,0.0,0.0,0.0
IV-PH-0177,Q3-R-001,0.5,2636.695254773663,2636.60847875696,0.08677601670297008,3.291198424116462e-05,0.0002858651587203971
IV-PH-0177,Q3-R-002,0.5,4713.189688951299,4713.207079358733,-0.0173904074335951,3.689718516666829e-06,-3.204854695684561e-05
IV-PH-0177,Q3-R-003,0.5,5816.8149929431165,5816.8263548822415,-0.01136193912498129,1.953288345189274e-06,-1.6966063567365096e-05
IV-PH-0177,Q3-R-004,0.5,5202.420736488026,5202.179294014238,0.2414424737880836,4.641179400830985e-05,0.00040311836600905433
IV-PH-0177,G01,1.0,145.52891235351564,145.52891235351564,0.0,0.0,0.0
IV-PH-0177,Q3-R-001,1.0,2633.5461944057506,2633.459314623287,0.08687978246371131,3.299074414450916e-05,0.0002865492360067895
IV-PH-0177,Q3-R-002,1.0,4707.295716822697,4707.3131290044585,-0.017412181761756074,3.6989639916812898e-06,-3.212885242851208e-05
IV-PH-0177,Q3-R-003,1.0,5815.113456422518,5815.124821686207,-0.011365263689185667,1.9544315965156e-06,-1.697599374210381e-05
IV-PH-0177,Q3-R-004,1.0,5196.475876310685,5196.234157609601,0.2417187010833004,4.6518053989025216e-05,0.0004040412855919627
IV-PH-0178,G01,0.0,145.52891235351564,145.52891235351564,0.0,0.0,0.0
IV-PH-0178,Q3-R-001,0.0,2633.5461944057506,2633.459314623287,0.08687978246371131,3.299074414450916e-05,0.0002865492360067895
IV-PH-0178,Q3-R-002,0.0,4707.295716822697,4707.3131290044585,-0.017412181761756074,3.6989639916812898e-06,-3.212885242851208e-05
IV-PH-0178,Q3-R-003,0.0,5815.113456422518,5815.124821686207,-0.011365263689185667,1.9544315965156e-06,-1.697599374210381e-05
IV-PH-0178,Q3-R-004,0.0,5196.475876310685,5196.234157609601,0.2417187010833004,4.6518053989025216e-05,0.0004040412855919627
IV-PH-0178,G01,0.5,2856.3614125018817,2856.321856212,0.039556289881602424,1.3848680881524055e-05,0.00012028728086230071
IV-PH-0178,Q3-R-001,0.5,3657.492812134115,3657.0664109131963,0.4264012209187058,0.00011659652109304471,0.0010126854777412347
IV-PH-0178,Q3-R-002,0.5,4434.094375397368,4433.868357796509,0.2260176008585404,5.0975261920239755e-05,0.00044275421465030123
IV-PH-0178,Q3-R-003,0.5,3282.7436006288835,3282.715484285509,0.028116343374676944,8.56496504472319e-06,7.439402254198029e-05
IV-PH-0178,Q3-R-004,0.5,4547.979654345357,4547.0876409390685,0.8920134062882425,0.00019617246834152137,0.001703765299582067
IV-PH-0178,G01,1.0,5707.1591954608675,5707.000762653342,0.1584328075259691,2.7761133056570567e-05,0.00024112679099612142
IV-PH-0178,Q3-R-001,1.0,6007.843664125076,6007.071880961017,0.7717831640593431,0.0001284790958645683,0.0011158835651579615
IV-PH-0178,Q3-R-002,1.0,5782.646159262644,5782.504525100145,0.14163416249903094,2.449356708399256e-05,0.00021274581509193624
IV-PH-0178,Q3-R-003,1.0,2003.1251316073517,2002.4636895218646,0.6614420854871241,0.000330314146992128,0.0028685984834125665
IV-PH-0178,Q3-R-004,1.0,5535.351845060389,5533.685466792062,1.6663782683272075,0.0003011335353856361,0.0026152189093826047
IV-PH-0179,G01,0.0,5707.1591954608675,5707.000762653342,0.1584328075259691,2.7761133056570567e-05,0.00024112679099612142
IV-PH-0179,Q3-R-001,0.0,6007.843664125076,6007.071880961017,0.7717831640593431,0.0001284790958645683,0.0011158835651579615
IV-PH-0179,Q3-R-002,0.0,5782.646159262644,5782.504525100145,0.14163416249903094,2.449356708399256e-05,0.00021274581509193624
IV-PH-0179,Q3-R-003,0.0,2003.1251316073517,2002.4636895218646,0.6614420854871241,0.000330314146992128,0.0028685984834125665
IV-PH-0179,Q3-R-004,0.0,5535.351845060389,5533.685466792062,1.6663782683272075,0.0003011335353856361,0.0026152189093826047
IV-PH-0179,G01,0.5,5706.44056495192,5706.282112191884,0.15845276003619801,2.7768125886670102e-05,0.00024118752826021722
IV-PH-0179,Q3-R-001,0.5,6008.236670516108,6007.46493784185,0.7717326742576915,0.0001284622852139246,0.0011157375684579744
IV-PH-0179,Q3-R-002,0.5,5784.339951206362,5784.198358518719,0.14159268764251465,2.4479224062913233e-05,0.00021262123624500047
IV-PH-0179,Q3-R-003,0.5,2004.6080516247287,2003.9470990061686,0.6609526185600316,0.0003298253825601596,0.0028643545302974764
IV-PH-0179,Q3-R-004,0.5,5537.338443169439,5535.672662917704,1.6657802517356686,0.0003009174048339919,0.002613342188204191
IV-PH-0179,G01,1.0,5705.897011689112,5705.738543834183,0.15846785492976778,2.777341683505873e-05,0.00024123348357741765
IV-PH-0179,Q3-R-001,1.0,6008.795988630321,6008.0243278006565,0.7716608296641425,0.0001284383663517259,0.0011155298385434021
IV-PH-0179,Q3-R-002,1.0,5786.205983776219,5786.064436752874,0.1415470233450833,2.446343708963586e-05,0.00021248411569285727
IV-PH-0179,Q3-R-003,1.0,2006.5880334735168,2005.9277332585198,0.6603002149970507,0.0003291744782472443,0.002858702709545289
IV-PH-0179,Q3-R-004,1.0,5539.504758321772,5537.839629696926,1.6651286248461474,0.00030068198723502514,0.002611297991814328
IV-PH-0180,G01,0.0,5705.897011689112,5705.738543834183,0.15846785492976778,2.777341683505873e-05,0.00024123348357741765
IV-PH-0180,Q3-R-001,0.0,6008.795988630321,6008.0243278006565,0.7716608296641425,0.0001284383663517259,0.0011155298385434021
IV-PH-0180,Q3-R-002,0.0,5786.205983776219,5786.064436752874,0.1415470233450833,2.446343708963586e-05,0.00021248411569285727
IV-PH-0180,Q3-R-003,0.0,2006.5880334735168,2005.9277332585198,0.6603002149970507,0.0003291744782472443,0.002858702709545289
IV-PH-0180,Q3-R-004,0.0,5539.504758321772,5537.839629696926,1.6651286248461474,0.00030068198723502514,0.002611297991814328
IV-PH-0180,G01,0.5,5705.897011689112,5705.738543834183,0.15846785492976778,2.777341683505873e-05,0.00024123348357741765
IV-PH-0180,Q3-R-001,0.5,6008.795988630321,6008.0243278006565,0.7716608296641425,0.0001284383663517259,0.0011155298385434021
IV-PH-0180,Q3-R-002,0.5,5786.205983776219,5786.064436752874,0.1415470233450833,2.446343708963586e-05,0.00021248411569285727
IV-PH-0180,Q3-R-003,0.5,2006.5880334735168,2005.9277332585198,0.6603002149970507,0.0003291744782472443,0.002858702709545289
IV-PH-0180,Q3-R-004,0.5,5539.504758321772,5537.839629696926,1.6651286248461474,0.00030068198723502514,0.002611297991814328
IV-PH-0180,G01,1.0,5705.897011689112,5705.738543834183,0.15846785492976778,2.777341683505873e-05,0.00024123348357741765
IV-PH-0180,Q3-R-001,1.0,6008.795988630321,6008.0243278006565,0.7716608296641425,0.0001284383663517259,0.0011155298385434021
IV-PH-0180,Q3-R-002,1.0,5786.205983776219,5786.064436752874,0.1415470233450833,2.446343708963586e-05,0.00021248411569285727
IV-PH-0180,Q3-R-003,1.0,2006.5880334735168,2005.9277332585198,0.6603002149970507,0.0003291744782472443,0.002858702709545289
IV-PH-0180,Q3-R-004,1.0,5539.504758321772,5537.839629696926,1.6651286248461474,0.00030068198723502514,0.002611297991814328
IV-PH-0181,G01,0.0,5705.897011689112,5705.738543834183,0.15846785492976778,2.777341683505873e-05,0.00024123348357741765
IV-PH-0181,Q3-R-001,0.0,6008.795988630321,6008.0243278006565,0.7716608296641425,0.0001284383663517259,0.0011155298385434021
IV-PH-0181,Q3-R-002,0.0,5786.205983776219,5786.064436752874,0.1415470233450833,2.446343708963586e-05,0.00021248411569285727
IV-PH-0181,Q3-R-003,0.0,2006.5880334735168,2005.9277332585198,0.6603002149970507,0.0003291744782472443,0.002858702709545289
IV-PH-0181,Q3-R-004,0.0,5539.504758321772,5537.839629696926,1.6651286248461474,0.00030068198723502514,0.002611297991814328
IV-PH-0181,G01,0.5,5706.44056495192,5706.282112191884,0.15845276003619801,2.7768125886670102e-05,0.00024118752826021722
IV-PH-0181,Q3-R-001,0.5,6008.236670516108,6007.46493784185,0.7717326742576915,0.0001284622852139246,0.0011157375684579744
IV-PH-0181,Q3-R-002,0.5,5784.339951206362,5784.198358518719,0.14159268764251465,2.4479224062913233e-05,0.00021262123624500047
IV-PH-0181,Q3-R-003,0.5,2004.6080516247287,2003.9470990061686,0.6609526185600316,0.0003298253825601596,0.0028643545302974764
IV-PH-0181,Q3-R-004,0.5,5537.338443169439,5535.672662917704,1.6657802517356686,0.0003009174048339919,0.002613342188204191
IV-PH-0181,G01,1.0,5707.1591954608675,5707.000762653342,0.1584328075259691,2.7761133056570567e-05,0.00024112679099612142
IV-PH-0181,Q3-R-001,1.0,6007.843664125076,6007.071880961017,0.7717831640593431,0.0001284790958645683,0.0011158835651579615
IV-PH-0181,Q3-R-002,1.0,5782.646159262644,5782.504525100145,0.14163416249903094,2.449356708399256e-05,0.00021274581509193624
IV-PH-0181,Q3-R-003,1.0,2003.1251316073517,2002.4636895218646,0.6614420854871241,0.000330314146992128,0.0028685984834125665
IV-PH-0181,Q3-R-004,1.0,5535.351845060389,5533.685466792062,1.6663782683272075,0.0003011335353856361,0.0026152189093826047
IV-PH-0182,G01,0.0,5707.1591954608675,5707.000762653342,0.1584328075259691,2.7761133056570567e-05,0.00024112679099612142
IV-PH-0182,Q3-R-001,0.0,6007.843664125076,6007.071880961017,0.7717831640593431,0.0001284790958645683,0.0011158835651579615
IV-PH-0182,Q3-R-002,0.0,5782.646159262644,5782.504525100145,0.14163416249903094,2.449356708399256e-05,0.00021274581509193624
IV-PH-0182,Q3-R-003,0.0,2003.1251316073517,2002.4636895218646,0.6614420854871241,0.000330314146992128,0.0028685984834125665
IV-PH-0182,Q3-R-004,0.0,5535.351845060389,5533.685466792062,1.6663782683272075,0.0003011335353856361,0.0026152189093826047
IV-PH-0182,G01,0.5,2856.3614125024906,2856.321856212352,0.03955629013853468,1.3848680971474485e-05,0.00012028728164339514
IV-PH-0182,Q3-R-001,0.5,3657.4928121354874,3657.066410914608,0.42640122087959753,0.00011659652108230581,0.0010126854776486701
IV-PH-0182,Q3-R-002,0.5,4434.094375396217,4433.8683577961565,0.22601760006091354,5.097526174034969e-05,0.00044275421308817044
IV-PH-0182,Q3-R-003,0.5,3282.743600629199,3282.7154842862146,0.028116342984503717,8.564964925864498e-06,7.439402151015873e-05
IV-PH-0182,Q3-R-004,0.5,4547.9796543467155,4547.087640939773,0.8920134069421692,0.00019617246848530317,0.0017037653008315904
IV-PH-0182,G01,1.0,145.52891235351564,145.52891235351564,0.0,0.0,0.0
IV-PH-0182,Q3-R-001,1.0,2633.5461944057506,2633.459314623287,0.08687978246371131,3.299074414450916e-05,0.0002865492360067895
IV-PH-0182,Q3-R-002,1.0,4707.295716822697,4707.3131290044585,-0.017412181761756074,3.6989639916812898e-06,-3.212885242851208e-05
IV-PH-0182,Q3-R-003,1.0,5815.113456422518,5815.124821686207,-0.011365263689185667,1.9544315965156e-06,-1.697599374210381e-05
IV-PH-0182,Q3-R-004,1.0,5196.475876310685,5196.234157609601,0.2417187010833004,4.6518053989025216e-05,0.0004040412855919627
IV-PH-0183,G01,0.0,145.52891235351564,145.52891235351564,0.0,0.0,0.0
IV-PH-0183,Q3-R-001,0.0,2633.5461944057506,2633.459314623287,0.08687978246371131,3.299074414450916e-05,0.0002865492360067895
IV-PH-0183,Q3-R-002,0.0,4707.295716822697,4707.3131290044585,-0.017412181761756074,3.6989639916812898e-06,-3.212885242851208e-05
IV-PH-0183,Q3-R-003,0.0,5815.113456422518,5815.124821686207,-0.011365263689185667,1.9544315965156e-06,-1.697599374210381e-05
IV-PH-0183,Q3-R-004,0.0,5196.475876310685,5196.234157609601,0.2417187010833004,4.6518053989025216e-05,0.0004040412855919627
IV-PH-0183,G01,0.5,62.76445617675782,62.76445617675782,0.0,0.0,0.0
IV-PH-0183,Q3-R-001,0.5,2636.695254773663,2636.60847875696,0.08677601670297008,3.291198424116462e-05,0.0002858651587203971
IV-PH-0183,Q3-R-002,0.5,4713.189688951299,4713.207079358733,-0.0173904074335951,3.689718516666829e-06,-3.204854695684561e-05
IV-PH-0183,Q3-R-003,0.5,5816.8149929431165,5816.8263548822415,-0.01136193912498129,1.953288345189274e-06,-1.6966063567365096e-05
IV-PH-0183,Q3-R-004,0.5,5202.420736488026,5202.179294014238,0.2414424737880836,4.641179400830985e-05,0.00040311836600905433
IV-PH-0183,G01,1.0,20.0,20.0,0.0,0.0,0.0
IV-PH-0183,Q3-R-001,1.0,2642.4341213047032,2642.347533755259,0.08658754944417524,3.2769175264814046e-05,0.0002846247764467422
IV-PH-0183,Q3-R-002,1.0,4720.527622296987,4720.5449856715995,-0.01736337461261428,3.678256359237717e-06,-3.194898755548509e-05
IV-PH-0183,Q3-R-003,1.0,5819.693181225441,5819.704537545414,-0.011356319972946949,1.951356791342662e-06,-1.694928627142333e-05
IV-PH-0183,Q3-R-004,1.0,5209.67383011785,5209.43272380445,0.24110631340045074,4.6282642695185965e-05,0.0004019966239475446
IV-PH-0184,G01,0.0,19.999999999999986,19.999999999999986,0.0,0.0,0.0
IV-PH-0184,Q3-R-001,0.0,2642.4341213047032,2642.347533755259,0.08658754944417524,3.2769175264814046e-05,0.0002846247764467422
IV-PH-0184,Q3-R-002,0.0,4720.527622296987,4720.5449856715995,-0.01736337461261428,3.678256359237717e-06,-3.194898755548509e-05
IV-PH-0184,Q3-R-003,0.0,5819.693181225441,5819.704537545414,-0.011356319972946949,1.951356791342662e-06,-1.694928627142333e-05
IV-PH-0184,Q3-R-004,0.0,5209.67383011785,5209.43272380445,0.24110631340045074,4.6282642695185965e-05,0.0004019966239475446
IV-PH-0184,G01,0.5,197.0520690917969,197.0520690917969,0.0,0.0,0.0
IV-PH-0184,Q3-R-001,0.5,2632.8981788172487,2632.8112776510065,0.08690116624211441,3.3006986478593184e-05,0.00028669031047333436
IV-PH-0184,Q3-R-002,0.5,4704.358257732051,4704.375680786153,-0.01742305410152767,3.7035847652830493e-06,-3.216898810705418e-05
IV-PH-0184,Q3-R-003,0.5,5814.648938058198,5814.660304229828,-0.01136617163047049,1.954743877677989e-06,-1.6978706186488236e-05
IV-PH-0184,Q3-R-004,0.5,5193.437763967979,5193.19590385714,0.2418601108383882,4.657249896133353e-05,0.00040451416660240296
IV-PH-0184,G01,1.0,414.10413818359376,414.10413818359376,0.0,0.0,0.0
IV-PH-0184,Q3-R-001,1.0,2641.2252376495785,2641.138610467882,0.0866271816967128,3.279918038128512e-05,0.0002848853890323268
IV-PH-0184,Q3-R-002,1.0,4698.17149566815,4698.188941665622,-0.017445997472350427,3.7133452249294592e-06,-3.2253766696899806e-05
IV-PH-0184,Q3-R-003,1.0,5817.703930548101,5817.71529075114,-0.011360203038748296,1.9526914726831794e-06,-1.6960879188130745e-05
IV-PH-0184,Q3-R-004,1.0,5186.242705620004,5186.000509952401,0.24219566760257294,4.670182101559336e-05,0.00040563739130873745
IV-PH-0185,G01,0.0,414.10413818359376,414.10413818359376,0.0,0.0,0.0
IV-PH-0185,Q3-R-001,0.0,2641.2252376495785,2641.138610467882,0.0866271816967128,3.279918038128512e-05,0.0002848853890323268
IV-PH-0185,Q3-R-002,0.0,4698.17149566815,4698.188941665622,-0.017445997472350427,3.7133452249294592e-06,-3.2253766696899806e-05
IV-PH-0185,Q3-R-003,0.0,5817.703930548101,5817.71529075114,-0.011360203038748296,1.9526914726831794e-06,-1.6960879188130745e-05
IV-PH-0185,Q3-R-004,0.0,5186.242705620004,5186.000509952401,0.24219566760257294,4.670182101559336e-05,0.00040563739130873745
IV-PH-0185,G01,0.5,3655.4449512570977,3655.284109812918,0.16084144417982316,4.400244669026705e-05,0.00038219198712751936
IV-PH-0185,Q3-R-001,0.5,1028.054886375081,1027.9684203000788,0.08646607500213577,8.411355183157773e-05,0.0007305703032748909
IV-PH-0185,Q3-R-002,0.5,8093.614021413293,8093.194417972034,0.41960344125891424,5.1846455131131904e-05,0.00045032091372315956
IV-PH-0185,Q3-R-003,0.5,5451.5262563849965,5450.921158571645,0.6050978133516765,0.0001110083590917752,0.0009641528424519365
IV-PH-0185,Q3-R-004,0.5,2440.426779439466,2440.433688476739,-0.00690903727308978,2.8310694552828588e-06,-2.4590391655100695e-05
IV-PH-0185,G01,1.0,7275.621241853128,7274.9745807200725,0.6466611330552041,8.888843883646918e-05,0.000772040857587601
IV-PH-0185,Q3-R-001,1.0,4638.89146797211,4638.304202270737,0.587265701373326,0.00012661215732375275,0.0010996696110498186
IV-PH-0185,Q3-R-002,1.0,11632.796377541828,11631.607893731338,1.188483810490652,0.00010217708689536945,0.0008874535623747456
IV-PH-0185,Q3-R-003,1.0,7209.312667197468,7207.305386171356,2.007281026111741,0.0002785064484659007,0.002418739473225556
IV-PH-0185,Q3-R-004,1.0,3375.7730135235383,3374.941950770631,0.8310627529072008,0.00024624505103485904,0.0021385940389136372
IV-PH-0186,G01,0.0,7275.621241853128,7274.9745807200725,0.6466611330552041,8.888843883646918e-05,0.000772040857587601
IV-PH-0186,Q3-R-001,0.0,4638.89146797211,4638.304202270737,0.587265701373326,0.00012661215732375275,0.0010996696110498186
IV-PH-0186,Q3-R-002,0.0,11632.796377541828,11631.607893731338,1.188483810490652,0.00010217708689536945,0.0008874535623747456
IV-PH-0186,Q3-R-003,0.0,7209.312667197468,7207.305386171356,2.007281026111741,0.0002785064484659007,0.002418739473225556
IV-PH-0186,Q3-R-004,0.0,3375.7730135235383,3374.941950770631,0.8310627529072008,0.00024624505103485904,0.0021385940389136372
IV-PH-0186,G01,0.5,7270.121008053551,7269.4738576433665,0.6471504101846222,8.902300535879729e-05,0.0007732095835850158
IV-PH-0186,Q3-R-001,0.5,4635.186559265061,4634.5988241021905,0.5877351628705583,0.0001268146791506628,0.0011014284704161778
IV-PH-0186,Q3-R-002,0.5,11633.576700046411,11632.388295961651,1.1884040847598953,0.00010216337819228977,0.0008873345022572714
IV-PH-0186,Q3-R-003,0.5,7207.228373059216,7205.220511375802,2.007861683414376,0.00027866762443207784,0.0024201390399804356
IV-PH-0186,Q3-R-004,0.5,3379.71775559793,3378.88766308405,0.8300925138801176,0.00024567034972759587,0.002133603474252168
IV-PH-0186,G01,1.0,7266.33242135561,7265.684933498178,0.64748785743177,8.911587322573685e-05,0.0007740161517877063
IV-PH-0186,Q3-R-001,1.0,4634.169526012559,4633.581661846633,0.5878641659255663,0.00012687035835930069,0.0011019120325407752
IV-PH-0186,Q3-R-002,1.0,11635.428418388388,11634.24020345132,1.188214937068551,0.00010213085825029337,0.0008870520664793938
IV-PH-0186,Q3-R-003,1.0,7206.8734468221855,7204.865486227446,2.0079605947394157,0.0002786950843950881,0.0024203774877373163
IV-PH-0186,Q3-R-004,1.0,3387.3401283660587,3386.51190422781,0.8282241382485154,0.00024456554758143286,0.0021240096363601326
IV-PH-0187,G01,0.0,7266.33242135561,7265.684933498178,0.64748785743177,8.911587322573685e-05,0.0007740161517877063
IV-PH-0187,Q3-R-001,0.0,4634.169526012559,4633.581661846633,0.5878641659255663,0.00012687035835930069,0.0011019120325407752
IV-PH-0187,Q3-R-002,0.0,11635.428418388388,11634.24020345132,1.188214937068551,0.00010213085825029337,0.0008870520664793938
IV-PH-0187,Q3-R-003,0.0,7206.8734468221855,7204.865486227446,2.0079605947394157,0.0002786950843950881,0.0024203774877373163
IV-PH-0187,Q3-R-004,0.0,3387.3401283660587,3386.51190422781,0.8282241382485154,0.00024456554758143286,0.0021240096363601326
IV-PH-0187,G01,0.5,7266.33242135561,7265.684933498178,0.64748785743177,8.911587322573685e-05,0.0007740161517877063
IV-PH-0187,Q3-R-001,0.5,4634.169526012559,4633.581661846633,0.5878641659255663,0.00012687035835930069,0.0011019120325407752
IV-PH-0187,Q3-R-002,0.5,11635.428418388388,11634.24020345132,1.188214937068551,0.00010213085825029337,0.0008870520664793938
IV-PH-0187,Q3-R-003,0.5,7206.8734468221855,7204.865486227446,2.0079605947394157,0.0002786950843950881,0.0024203774877373163
IV-PH-0187,Q3-R-004,0.5,3387.3401283660587,3386.51190422781,0.8282241382485154,0.00024456554758143286,0.0021240096363601326
IV-PH-0187,G01,1.0,7266.33242135561,7265.684933498178,0.64748785743177,8.911587322573685e-05,0.0007740161517877063
IV-PH-0187,Q3-R-001,1.0,4634.169526012559,4633.581661846633,0.5878641659255663,0.00012687035835930069,0.0011019120325407752
IV-PH-0187,Q3-R-002,1.0,11635.428418388388,11634.24020345132,1.188214937068551,0.00010213085825029337,0.0008870520664793938
IV-PH-0187,Q3-R-003,1.0,7206.8734468221855,7204.865486227446,2.0079605947394157,0.0002786950843950881,0.0024203774877373163
IV-PH-0187,Q3-R-004,1.0,3387.3401283660587,3386.51190422781,0.8282241382485154,0.00024456554758143286,0.0021240096363601326
IV-PH-0188,G01,0.0,7266.33242135561,7265.684933498178,0.64748785743177,8.911587322573685e-05,0.0007740161517877063
IV-PH-0188,Q3-R-001,0.0,4634.169526012559,4633.581661846633,0.5878641659255663,0.00012687035835930069,0.0011019120325407752
IV-PH-0188,Q3-R-002,0.0,11635.428418388388,11634.24020345132,1.188214937068551,0.00010213085825029337,0.0008870520664793938
IV-PH-0188,Q3-R-003,0.0,7206.8734468221855,7204.865486227446,2.0079605947394157,0.0002786950843950881,0.0024203774877373163
IV-PH-0188,Q3-R-004,0.0,3387.3401283660587,3386.51190422781,0.8282241382485154,0.00024456554758143286,0.0021240096363601326
IV-PH-0188,G01,0.5,7270.121008053551,7269.4738576433665,0.6471504101846222,8.902300535879729e-05,0.0007732095835850158
IV-PH-0188,Q3-R-001,0.5,4635.186559265061,4634.5988241021905,0.5877351628705583,0.0001268146791506628,0.0011014284704161778
IV-PH-0188,Q3-R-002,0.5,11633.576700046411,11632.388295961651,1.1884040847598953,0.00010216337819228977,0.0008873345022572714
IV-PH-0188,Q3-R-003,0.5,7207.228373059216,7205.220511375802,2.007861683414376,0.00027866762443207784,0.0024201390399804356
IV-PH-0188,Q3-R-004,0.5,3379.71775559793,3378.88766308405,0.8300925138801176,0.00024567034972759587,0.002133603474252168
IV-PH-0188,G01,1.0,7275.621241853128,7274.9745807200725,0.6466611330552041,8.888843883646918e-05,0.000772040857587601
IV-PH-0188,Q3-R-001,1.0,4638.89146797211,4638.304202270737,0.587265701373326,0.00012661215732375275,0.0010996696110498186
IV-PH-0188,Q3-R-002,1.0,11632.796377541828,11631.607893731338,1.188483810490652,0.00010217708689536945,0.0008874535623747456
IV-PH-0188,Q3-R-003,1.0,7209.312667197468,7207.305386171356,2.007281026111741,0.0002785064484659007,0.002418739473225556
IV-PH-0188,Q3-R-004,1.0,3375.7730135235383,3374.941950770631,0.8310627529072008,0.00024624505103485904,0.0021385940389136372
IV-PH-0189,G01,0.0,7275.621241853128,7274.9745807200725,0.6466611330552041,8.888843883646918e-05,0.000772040857587601
IV-PH-0189,Q3-R-001,0.0,4638.89146797211,4638.304202270737,0.587265701373326,0.00012661215732375275,0.0010996696110498186
IV-PH-0189,Q3-R-002,0.0,11632.796377541828,11631.607893731338,1.188483810490652,0.00010217708689536945,0.0008874535623747456
IV-PH-0189,Q3-R-003,0.0,7209.312667197468,7207.305386171356,2.007281026111741,0.0002785064484659007,0.002418739473225556
IV-PH-0189,Q3-R-004,0.0,3375.7730135235383,3374.941950770631,0.8310627529072008,0.00024624505103485904,0.0021385940389136372
IV-PH-0189,G01,0.5,3655.4449512570977,3655.284109812918,0.16084144417982316,4.400244669026705e-05,0.00038219198712751936
IV-PH-0189,Q3-R-001,0.5,1028.054886375081,1027.9684203000788,0.08646607500213577,8.411355183157773e-05,0.0007305703032748909
IV-PH-0189,Q3-R-002,0.5,8093.614021413293,8093.194417972034,0.41960344125891424,5.1846455131131904e-05,0.00045032091372315956
IV-PH-0189,Q3-R-003,0.5,5451.5262563849965,5450.921158571645,0.6050978133516765,0.0001110083590917752,0.0009641528424519365
IV-PH-0189,Q3-R-004,0.5,2440.426779439466,2440.433688476739,-0.00690903727308978,2.8310694552828588e-06,-2.4590391655100695e-05
IV-PH-0189,G01,1.0,414.10413818359376,414.10413818359376,0.0,0.0,0.0
IV-PH-0189,Q3-R-001,1.0,2641.2252376495785,2641.138610467882,0.0866271816967128,3.279918038128512e-05,0.0002848853890323268
IV-PH-0189,Q3-R-002,1.0,4698.17149566815,4698.188941665622,-0.017445997472350427,3.7133452249294592e-06,-3.2253766696899806e-05
IV-PH-0189,Q3-R-003,1.0,5817.703930548101,5817.71529075114,-0.011360203038748296,1.9526914726831794e-06,-1.6960879188130745e-05
IV-PH-0189,Q3-R-004,1.0,5186.242705620004,5186.000509952401,0.24219566760257294,4.670182101559336e-05,0.00040563739130873745
IV-PH-0190,G01,0.0,414.10413818359376,414.10413818359376,0.0,0.0,0.0
IV-PH-0190,Q3-R-001,0.0,2641.2252376495785,2641.138610467882,0.0866271816967128,3.279918038128512e-05,0.0002848853890323268
IV-PH-0190,Q3-R-002,0.0,4698.17149566815,4698.188941665622,-0.017445997472350427,3.7133452249294592e-06,-3.2253766696899806e-05
IV-PH-0190,Q3-R-003,0.0,5817.703930548101,5817.71529075114,-0.011360203038748296,1.9526914726831794e-06,-1.6960879188130745e-05
IV-PH-0190,Q3-R-004,0.0,5186.242705620004,5186.000509952401,0.24219566760257294,4.670182101559336e-05,0.00040563739130873745
IV-PH-0190,G01,0.5,197.0520690917969,197.0520690917969,0.0,0.0,0.0
IV-PH-0190,Q3-R-001,0.5,2632.8981788172487,2632.8112776510065,0.08690116624211441,3.3006986478593184e-05,0.00028669031047333436
IV-PH-0190,Q3-R-002,0.5,4704.358257732051,4704.375680786153,-0.01742305410152767,3.7035847652830493e-06,-3.216898810705418e-05
IV-PH-0190,Q3-R-003,0.5,5814.648938058198,5814.660304229828,-0.01136617163047049,1.954743877677989e-06,-1.6978706186488236e-05
IV-PH-0190,Q3-R-004,0.5,5193.437763967979,5193.19590385714,0.2418601108383882,4.657249896133353e-05,0.00040451416660240296
IV-PH-0190,G01,1.0,20.0,20.0,0.0,0.0,0.0
IV-PH-0190,Q3-R-001,1.0,2642.4341213047032,2642.347533755259,0.08658754944417524,3.2769175264814046e-05,0.0002846247764467422
IV-PH-0190,Q3-R-002,1.0,4720.527622296987,4720.5449856715995,-0.01736337461261428,3.678256359237717e-06,-3.194898755548509e-05
IV-PH-0190,Q3-R-003,1.0,5819.693181225441,5819.704537545414,-0.011356319972946949,1.951356791342662e-06,-1.694928627142333e-05
IV-PH-0190,Q3-R-004,1.0,5209.67383011785,5209.43272380445,0.24110631340045074,4.6282642695185965e-05,0.0004019966239475446
IV-PH-0191,G01,0.0,19.999999999999986,19.999999999999986,0.0,0.0,0.0
IV-PH-0191,Q3-R-001,0.0,2642.4341213047032,2642.347533755259,0.08658754944417524,3.2769175264814046e-05,0.0002846247764467422
IV-PH-0191,Q3-R-002,0.0,4720.527622296987,4720.5449856715995,-0.01736337461261428,3.678256359237717e-06,-3.194898755548509e-05
IV-PH-0191,Q3-R-003,0.0,5819.693181225441,5819.704537545414,-0.011356319972946949,1.951356791342662e-06,-1.694928627142333e-05
IV-PH-0191,Q3-R-004,0.0,5209.67383011785,5209.43272380445,0.24110631340045074,4.6282642695185965e-05,0.0004019966239475446
IV-PH-0191,G01,0.5,202.0496276855469,202.0496276855469,0.0,0.0,0.0
IV-PH-0191,Q3-R-001,0.5,2632.888957484097,2632.802056013485,0.08690147061179232,3.3007217695422226e-05,0.0002866923187308587
IV-PH-0191,Q3-R-002,0.5,4704.103260722418,4704.120684720974,-0.017423998556296283,3.703986297139354e-06,-3.217247578094053e-05
IV-PH-0191,Q3-R-003,0.5,5814.6281687665205,5814.639534978751,-0.011366212230313977,1.9547578421566787e-06,-1.6978827480798406e-05
IV-PH-0191,Q3-R-004,0.5,5193.170179516781,5192.928306943224,0.2418725735569751,4.657729883033018e-05,0.0004045558557926818
IV-PH-0191,G01,1.0,424.09925537109376,424.09925537109376,0.0,0.0,0.0
IV-PH-0191,Q3-R-001,1.0,2642.0375685744157,2641.950968028315,0.0866005461007262,3.277901336880453e-05,0.00028471022633081084
IV-PH-0191,Q3-R-002,1.0,4698.1279267938535,4698.145372953113,-0.01744615925963444,3.713414097416128e-06,-3.225436491773645e-05
IV-PH-0191,Q3-R-003,1.0,5818.039603915988,5818.050963463598,-0.011359547610481968,1.952466157793745e-06,-1.695892212414646e-05
IV-PH-0191,Q3-R-004,1.0,5186.129933287489,5185.887732353098,0.24220093439089396,4.670385224112733e-05,0.0004056550334864684
IV-PH-0192,G01,0.0,424.09925537109376,424.09925537109376,0.0,0.0,0.0
IV-PH-0192,Q3-R-001,0.0,2642.0375685744157,2641.950968028315,0.0866005461007262,3.277901336880453e-05,0.00028471022633081084
IV-PH-0192,Q3-R-002,0.0,4698.1279267938535,4698.145372953113,-0.01744615925963444,3.713414097416128e-06,-3.225436491773645e-05
IV-PH-0192,Q3-R-003,0.0,5818.039603915988,5818.050963463598,-0.011359547610481968,1.952466157793745e-06,-1.695892212414646e-05
IV-PH-0192,Q3-R-004,0.0,5186.129933287489,5185.887732353098,0.24220093439089396,4.670385224112733e-05,0.0004056550334864684
IV-PH-0192,G01,0.5,3034.662863210127,3034.5683492327485,0.0945139773784831,3.1145773138502466e-05,0.0002705245353477372
IV-PH-0192,Q3-R-001,0.5,969.9290993118149,969.921102817733,0.007996494081908168,8.244478915529756e-06,7.161033878938847e-05
IV-PH-0192,Q3-R-002,0.5,7080.484187803648,7080.034514464541,0.4496733391069938,6.351287386923175e-05,0.0005516482948262173
IV-PH-0192,Q3-R-003,0.5,4301.824937598533,4301.462372517732,0.36256508080168715,8.428879515909158e-05,0.0007320923193210002
IV-PH-0192,Q3-R-004,0.5,2208.7187197697467,2208.611977504358,0.10674226538867515,4.8330021966687685e-05,0.00041977909312325364
IV-PH-0192,G01,1.0,6024.710303257026,6024.329330141756,0.38097311526962585,6.323909175474331e-05,0.0005492704042956406
IV-PH-0192,Q3-R-001,1.0,3599.9721431572607,3599.8252463381677,0.1468968190929445,4.080665283470958e-05,0.00035443485142103967
IV-PH-0192,Q3-R-002,1.0,9810.848265101191,9809.733108449936,1.1151566512544377,0.00011367859236596976,0.0009873435886491976
IV-PH-0192,Q3-R-003,1.0,4606.565725639231,4605.10465677987,1.461068859360239,0.0003172715862622533,0.0027553489097176605
IV-PH-0192,Q3-R-004,1.0,958.9421833787127,958.6998508421602,0.24233253655245335,0.0002527720603477499,0.0021952727796426914
IV-PH-0193,G01,0.0,6024.710303257026,6024.329330141756,0.38097311526962585,6.323909175474331e-05,0.0005492704042956406
IV-PH-0193,Q3-R-001,0.0,3599.9721431572607,3599.8252463381677,0.1468968190929445,4.080665283470958e-05,0.00035443485142103967
IV-PH-0193,Q3-R-002,0.0,9810.848265101191,9809.733108449936,1.1151566512544377,0.00011367859236596976,0.0009873435886491976
IV-PH-0193,Q3-R-003,0.0,4606.565725639231,4605.10465677987,1.461068859360239,0.0003172715862622533,0.0027553489097176605
IV-PH-0193,Q3-R-004,0.0,958.9421833787127,958.6998508421602,0.24233253655245335,0.0002527720603477499,0.0021952727796426914
IV-PH-0193,G01,0.5,6021.481253204585,6021.100075777608,0.3811774269770467,6.330694095427715e-05,0.0005498596976689588
IV-PH-0193,Q3-R-001,0.5,3597.3310269431922,3597.1840222698547,0.14700467333750566,4.086659799093192e-05,0.0003549555071700645
IV-PH-0193,Q3-R-002,0.5,9811.0456542566,9809.930520043818,1.1151342127832322,0.0001136740174157983,0.0009873038556533918
IV-PH-0193,Q3-R-003,0.5,4604.706007236061,4603.24434810248,1.4616591335807243,0.0003175280352395892,0.0027575756904532553
IV-PH-0193,Q3-R-004,0.5,962.8831946678677,962.6418542300383,0.24134043782930803,0.00025070636267144475,0.002177334873275613
IV-PH-0193,G01,1.0,6018.6437259373515,6018.262368790505,0.3813571468463124,6.336665360818326e-05,0.0005503783223429872
IV-PH-0193,Q3-R-001,1.0,3595.3463221024936,3595.1992362762453,0.14708582624825794,4.09117316125721e-05,0.0003553475167964928
IV-PH-0193,Q3-R-002,1.0,9811.484268525508,9810.36918416954,1.1150843559680652,0.00011366385250490025,0.0009872155743957858
IV-PH-0193,Q3-R-003,1.0,4603.359709393295,4601.897622647323,1.4620867459716465,0.0003177138793301871,0.0027591893991660496
IV-PH-0193,Q3-R-004,1.0,969.2530911131258,969.0133371496995,0.23975396342632393,0.00024742070540695267,0.0021488031231043686
IV-PH-0194,G01,0.0,6018.6437259373515,6018.262368790505,0.3813571468463124,6.336665360818326e-05,0.0005503783223429872
IV-PH-0194,Q3-R-001,0.0,3595.3463221024936,3595.1992362762453,0.14708582624825794,4.09117316125721e-05,0.0003553475167964928
IV-PH-0194,Q3-R-002,0.0,9811.484268525508,9810.36918416954,1.1150843559680652,0.00011366385250490025,0.0009872155743957858
IV-PH-0194,Q3-R-003,0.0,4603.359709393295,4601.897622647323,1.4620867459716465,0.0003177138793301871,0.0027591893991660496
IV-PH-0194,Q3-R-004,0.0,969.2530911131258,969.0133371496995,0.23975396342632393,0.00024742070540695267,0.0021488031231043686
IV-PH-0194,G01,0.5,6018.6437259373515,6018.262368790505,0.3813571468463124,6.336665360818326e-05,0.0005503783223429872
IV-PH-0194,Q3-R-001,0.5,3595.3463221024936,3595.1992362762453,0.14708582624825794,4.09117316125721e-05,0.0003553475167964928
IV-PH-0194,Q3-R-002,0.5,9811.484268525508,9810.36918416954,1.1150843559680652,0.00011366385250490025,0.0009872155743957858
IV-PH-0194,Q3-R-003,0.5,4603.359709393295,4601.897622647323,1.4620867459716465,0.0003177138793301871,0.0027591893991660496
IV-PH-0194,Q3-R-004,0.5,969.2530911131258,969.0133371496995,0.23975396342632393,0.00024742070540695267,0.0021488031231043686
IV-PH-0194,G01,1.0,6018.6437259373515,6018.262368790505,0.3813571468463124,6.336665360818326e-05,0.0005503783223429872
IV-PH-0194,Q3-R-001,1.0,3595.3463221024936,3595.1992362762453,0.14708582624825794,4.09117316125721e-05,0.0003553475167964928
IV-PH-0194,Q3-R-002,1.0,9811.484268525508,9810.36918416954,1.1150843559680652,0.00011366385250490025,0.0009872155743957858
IV-PH-0194,Q3-R-003,1.0,4603.359709393295,4601.897622647323,1.4620867459716465,0.0003177138793301871,0.0027591893991660496
IV-PH-0194,Q3-R-004,1.0,969.2530911131258,969.0133371496995,0.23975396342632393,0.00024742070540695267,0.0021488031231043686
IV-PH-0195,G01,0.0,6018.6437259373515,6018.262368790505,0.3813571468463124,6.336665360818326e-05,0.0005503783223429872
IV-PH-0195,Q3-R-001,0.0,3595.3463221024936,3595.1992362762453,0.14708582624825794,4.09117316125721e-05,0.0003553475167964928
IV-PH-0195,Q3-R-002,0.0,9811.484268525508,9810.36918416954,1.1150843559680652,0.00011366385250490025,0.0009872155743957858
IV-PH-0195,Q3-R-003,0.0,4603.359709393295,4601.897622647323,1.4620867459716465,0.0003177138793301871,0.0027591893991660496
IV-PH-0195,Q3-R-004,0.0,969.2530911131258,969.0133371496995,0.23975396342632393,0.00024742070540695267,0.0021488031231043686
IV-PH-0195,G01,0.5,6021.481253204585,6021.100075777608,0.3811774269770467,6.330694095427715e-05,0.0005498596976689588
IV-PH-0195,Q3-R-001,0.5,3597.3310269431922,3597.1840222698547,0.14700467333750566,4.086659799093192e-05,0.0003549555071700645
IV-PH-0195,Q3-R-002,0.5,9811.0456542566,9809.930520043818,1.1151342127832322,0.0001136740174157983,0.0009873038556533918
IV-PH-0195,Q3-R-003,0.5,4604.706007236061,4603.24434810248,1.4616591335807243,0.0003175280352395892,0.0027575756904532553
IV-PH-0195,Q3-R-004,0.5,962.8831946678678,962.6418542300385,0.24134043782930803,0.0002507063626714447,0.002177334873275613
IV-PH-0195,G01,1.0,6024.710303257026,6024.329330141756,0.38097311526962585,6.323909175474331e-05,0.0005492704042956406
IV-PH-0195,Q3-R-001,1.0,3599.9721431572607,3599.8252463381677,0.1468968190929445,4.080665283470958e-05,0.00035443485142103967
IV-PH-0195,Q3-R-002,1.0,9810.848265101191,9809.733108449936,1.1151566512544377,0.00011367859236596976,0.0009873435886491976
IV-PH-0195,Q3-R-003,1.0,4606.565725639231,4605.10465677987,1.461068859360239,0.0003172715862622533,0.0027553489097176605
IV-PH-0195,Q3-R-004,1.0,958.9421833787127,958.6998508421602,0.24233253655245335,0.0002527720603477499,0.0021952727796426914
IV-PH-0196,G01,0.0,6024.710303257026,6024.329330141756,0.38097311526962585,6.323909175474331e-05,0.0005492704042956406
IV-PH-0196,Q3-R-001,0.0,3599.9721431572607,3599.8252463381677,0.1468968190929445,4.080665283470958e-05,0.00035443485142103967
IV-PH-0196,Q3-R-002,0.0,9810.848265101191,9809.733108449936,1.1151566512544377,0.00011367859236596976,0.0009873435886491976
IV-PH-0196,Q3-R-003,0.0,4606.565725639231,4605.10465677987,1.461068859360239,0.0003172715862622533,0.0027553489097176605
IV-PH-0196,Q3-R-004,0.0,958.9421833787127,958.6998508421602,0.24233253655245335,0.0002527720603477499,0.0021952727796426914
IV-PH-0196,G01,0.5,3034.6628632104207,3034.5683492330977,0.09451397732300393,3.114577312021649e-05,0.0002705245351876638
IV-PH-0196,Q3-R-001,0.5,969.9290993121808,969.921102818421,0.007996493759833356,8.24447858346101e-06,7.161033590414447e-05
IV-PH-0196,Q3-R-002,0.5,7080.4841878037805,7080.034514464543,0.44967333923796105,6.351287388772984e-05,0.0005516482949862856
IV-PH-0196,Q3-R-003,0.5,4301.82493759821,4301.462372517378,0.36256508083260997,8.428879516628742e-05,0.0007320923193827121
IV-PH-0196,Q3-R-004,0.5,2208.7187197694034,2208.611977504359,0.1067422650444314,4.833002181082337e-05,0.00041977909176940334
IV-PH-0196,G01,1.0,424.09925537109376,424.09925537109376,0.0,0.0,0.0
IV-PH-0196,Q3-R-001,1.0,2642.0375685744157,2641.950968028315,0.0866005461007262,3.277901336880453e-05,0.00028471022633081084
IV-PH-0196,Q3-R-002,1.0,4698.1279267938535,4698.145372953113,-0.01744615925963444,3.713414097416128e-06,-3.225436491773645e-05
IV-PH-0196,Q3-R-003,1.0,5818.039603915988,5818.050963463598,-0.011359547610481968,1.952466157793745e-06,-1.695892212414646e-05
IV-PH-0196,Q3-R-004,1.0,5186.129933287489,5185.887732353098,0.24220093439089396,4.670385224112733e-05,0.0004056550334864684
IV-PH-0197,G01,0.0,424.09925537109376,424.09925537109376,0.0,0.0,0.0
IV-PH-0197,Q3-R-001,0.0,2642.0375685744157,2641.950968028315,0.0866005461007262,3.277901336880453e-05,0.00028471022633081084
IV-PH-0197,Q3-R-002,0.0,4698.1279267938535,4698.145372953113,-0.01744615925963444,3.713414097416128e-06,-3.225436491773645e-05
IV-PH-0197,Q3-R-003,0.0,5818.039603915988,5818.050963463598,-0.011359547610481968,1.952466157793745e-06,-1.695892212414646e-05
IV-PH-0197,Q3-R-004,0.0,5186.129933287489,5185.887732353098,0.24220093439089396,4.670385224112733e-05,0.0004056550334864684
IV-PH-0197,G01,0.5,202.0496276855469,202.0496276855469,0.0,0.0,0.0
IV-PH-0197,Q3-R-001,0.5,2632.888957484097,2632.802056013485,0.08690147061179232,3.3007217695422226e-05,0.0002866923187308587
IV-PH-0197,Q3-R-002,0.5,4704.103260722418,4704.120684720974,-0.017423998556296283,3.703986297139354e-06,-3.217247578094053e-05
IV-PH-0197,Q3-R-003,0.5,5814.6281687665205,5814.639534978751,-0.011366212230313977,1.9547578421566787e-06,-1.6978827480798406e-05
IV-PH-0197,Q3-R-004,0.5,5193.170179516781,5192.928306943224,0.2418725735569751,4.657729883033018e-05,0.0004045558557926818
IV-PH-0197,G01,1.0,20.0,20.0,0.0,0.0,0.0
IV-PH-0197,Q3-R-001,1.0,2642.4341213047032,2642.347533755259,0.08658754944417524,3.2769175264814046e-05,0.0002846247764467422
IV-PH-0197,Q3-R-002,1.0,4720.527622296987,4720.5449856715995,-0.01736337461261428,3.678256359237717e-06,-3.194898755548509e-05
IV-PH-0197,Q3-R-003,1.0,5819.693181225441,5819.704537545414,-0.011356319972946949,1.951356791342662e-06,-1.694928627142333e-05
IV-PH-0197,Q3-R-004,1.0,5209.67383011785,5209.43272380445,0.24110631340045074,4.6282642695185965e-05,0.0004019966239475446
IV-PH-0198,G01,0.0,19.999999999999986,19.999999999999986,0.0,0.0,0.0
IV-PH-0198,Q3-R-001,0.0,2642.4341213047032,2642.347533755259,0.08658754944417524,3.2769175264814046e-05,0.0002846247764467422
IV-PH-0198,Q3-R-002,0.0,4720.527622296987,4720.5449856715995,-0.01736337461261428,3.678256359237717e-06,-3.194898755548509e-05
IV-PH-0198,Q3-R-003,0.0,5819.693181225441,5819.704537545414,-0.011356319972946949,1.951356791342662e-06,-1.694928627142333e-05
IV-PH-0198,Q3-R-004,0.0,5209.67383011785,5209.43272380445,0.24110631340045074,4.6282642695185965e-05,0.0004019966239475446
IV-PH-0198,G01,0.5,79.35544433593753,79.35544433593753,0.0,0.0,0.0
IV-PH-0198,Q3-R-001,0.5,2635.8560435380905,2635.7692398924864,0.08680364560404996,3.293294583238656e-05,0.0002860472227935883
IV-PH-0198,Q3-R-002,0.5,4711.892272441827,4711.909667637681,-0.017395195854078338,3.691750708540096e-06,-3.206619841620516e-05
IV-PH-0198,Q3-R-003,0.5,5816.37956449351,5816.390927283216,-0.011362789706254262,1.9535808112474515e-06,-1.696860390017261e-05
IV-PH-0198,Q3-R-004,0.5,5201.124030714139,5200.882528042905,0.24150267123422964,4.6434940595573735e-05,0.0004033194053790328
IV-PH-0198,G01,1.0,178.710888671875,178.710888671875,0.0,0.0,0.0
IV-PH-0198,Q3-R-001,1.0,2633.013309445202,2632.926412078909,0.08689736629321487,3.3004099884661175e-05,0.0002866652386632788
IV-PH-0198,Q3-R-002,1.0,4705.339472340284,4705.356891761133,-0.017419420848455047,3.7020403019706467e-06,-3.215557301930276e-05
IV-PH-0198,Q3-R-003,1.0,5814.761969466328,5814.773335417016,-0.011365950687832083,1.954667883372784e-06,-1.6978046106904426e-05
IV-PH-0198,Q3-R-004,1.0,5194.460891966342,5194.219079495746,0.24181247059641464,4.655415316442328e-05,0.000404354824454867
IV-PH-0199,G01,0.0,178.710888671875,178.710888671875,0.0,0.0,0.0
IV-PH-0199,Q3-R-001,0.0,2633.013309445202,2632.926412078909,0.08689736629321487,3.3004099884661175e-05,0.0002866652386632788
IV-PH-0199,Q3-R-002,0.0,4705.339472340284,4705.356891761133,-0.017419420848455047,3.7020403019706467e-06,-3.215557301930276e-05
IV-PH-0199,Q3-R-003,0.0,5814.761969466328,5814.773335417016,-0.011365950687832083,1.954667883372784e-06,-1.6978046106904426e-05
IV-PH-0199,Q3-R-004,0.0,5194.460891966342,5194.219079495746,0.24181247059641464,4.655415316442328e-05,0.000404354824454867
IV-PH-0199,G01,0.5,2646.3378779394957,2646.3412612587185,-0.003383319222848513,1.2784893892480272e-06,-1.1104824837119353e-05
IV-PH-0199,Q3-R-001,0.5,2473.246258821534,2473.0055223993745,0.24073642215944346,9.734568725340925e-05,0.0008454927443570237
IV-PH-0199,Q3-R-002,0.5,5561.429453650304,5561.0791681704695,0.3502854798343833,6.29887597787289e-05,0.0005470961856023801
IV-PH-0199,Q3-R-003,0.5,3216.7702992327413,3216.7524086068656,0.01789062587567969,5.561704353686298e-06,4.830821587815549e-05
IV-PH-0199,Q3-R-004,0.5,3321.3925829210352,3320.8122675730697,0.5803153479655521,0.00017475102511279887,0.0015177355092132424
IV-PH-0199,G01,1.0,5283.616556079634,5283.630116073759,-0.013559994124989316,2.5664162379076005e-06,-2.229163681220411e-05
IV-PH-0199,Q3-R-001,1.0,4386.737761801415,4386.551417714827,0.18634408658817847,4.2480771075802045e-05,0.00036897545217819193
IV-PH-0199,Q3-R-002,1.0,7325.374307900935,7324.809083203978,0.5652246969566477,7.716579238259275e-05,0.0006702276974759391
IV-PH-0199,Q3-R-003,1.0,908.8997301531936,908.6772366752,0.22249347799356656,0.0002448542441842804,0.0021265166097101497
IV-PH-0199,Q3-R-004,1.0,3003.8652743724924,3003.051792666446,0.813481706046332,0.00027088500705611595,0.002352558653845466
IV-PH-0200,G01,0.0,5283.616556079634,5283.630116073759,-0.013559994124989316,2.5664162379076005e-06,-2.229163681220411e-05
IV-PH-0200,Q3-R-001,0.0,4386.737761801415,4386.551417714827,0.18634408658817847,4.2480771075802045e-05,0.00036897545217819193
IV-PH-0200,Q3-R-002,0.0,7325.374307900935,7324.809083203978,0.5652246969566477,7.716579238259275e-05,0.0006702276974759391
IV-PH-0200,Q3-R-003,0.0,908.8997301531936,908.6772366752,0.22249347799356656,0.0002448542441842804,0.0021265166097101497
IV-PH-0200,Q3-R-004,0.0,3003.8652743724924,3003.051792666446,0.813481706046332,0.00027088500705611595,0.002352558653845466
IV-PH-0200,G01,0.5,5281.802396947322,5281.815961598934,-0.013564651611886802,2.5681795258501305e-06,-2.2306952576145692e-05
IV-PH-0200,Q3-R-001,0.5,4387.614660042666,4387.428353199947,0.18630684271920472,4.2463791478970325e-05,0.0003688279755376131
IV-PH-0200,Q3-R-002,0.5,7328.008401346032,7327.443379837911,0.5650215081204806,7.711032058946859e-05,0.0006697459127664715
IV-PH-0200,Q3-R-003,0.5,914.5108334807081,914.2897054723458,0.22112800836237057,0.00024185770335030744,0.0021004953191673266
IV-PH-0200,Q3-R-004,0.5,3011.1132810950103,3010.3017580373876,0.8115230576227077,0.000269581963155678,0.0023412436160356945
IV-PH-0200,G01,1.0,5280.805205643257,5280.818772856319,-0.013567213061833172,2.5691495287756033e-06,-2.2315377936506166e-05
IV-PH-0200,Q3-R-001,1.0,4389.475028982273,4389.288801104389,0.1862278778844484,4.2427802389669965e-05,0.0003685153915479657
IV-PH-0200,Q3-R-002,1.0,7331.230450638673,7330.665677474599,0.564773164073813,7.704254823804437e-05,0.0006691572949712455
IV-PH-0200,Q3-R-003,1.0,924.7679819637879,924.5493072002737,0.2186747635141728,0.00023652039086629698,0.00205414709795439
IV-PH-0200,Q3-R-004,1.0,3019.7738669349656,3018.964671916447,0.8091950185184942,0.00026803725994077794,0.0023278301000695645
IV-PH-0201,G01,0.0,5280.805205643257,5280.818772856319,-0.013567213061833172,2.5691495287756033e-06,-2.2315377936506166e-05
IV-PH-0201,Q3-R-001,0.0,4389.475028982273,4389.288801104389,0.1862278778844484,4.2427802389669965e-05,0.0003685153915479657
IV-PH-0201,Q3-R-002,0.0,7331.230450638673,7330.665677474599,0.564773164073813,7.704254823804437e-05,0.0006691572949712455
IV-PH-0201,Q3-R-003,0.0,924.7679819637879,924.5493072002737,0.2186747635141728,0.00023652039086629698,0.00205414709795439
IV-PH-0201,Q3-R-004,0.0,3019.7738669349656,3018.964671916447,0.8091950185184942,0.00026803725994077794,0.0023278301000695645
IV-PH-0201,G01,0.5,5280.805205643257,5280.818772856319,-0.013567213061833172,2.5691495287756033e-06,-2.2315377936506166e-05
IV-PH-0201,Q3-R-001,0.5,4389.475028982273,4389.288801104389,0.1862278778844484,4.2427802389669965e-05,0.0003685153915479657
IV-PH-0201,Q3-R-002,0.5,7331.230450638673,7330.665677474599,0.564773164073813,7.704254823804437e-05,0.0006691572949712455
IV-PH-0201,Q3-R-003,0.5,924.7679819637879,924.5493072002737,0.2186747635141728,0.00023652039086629698,0.00205414709795439
IV-PH-0201,Q3-R-004,0.5,3019.7738669349656,3018.964671916447,0.8091950185184942,0.00026803725994077794,0.0023278301000695645
IV-PH-0201,G01,1.0,5280.805205643257,5280.818772856319,-0.013567213061833172,2.5691495287756033e-06,-2.2315377936506166e-05
IV-PH-0201,Q3-R-001,1.0,4389.475028982273,4389.288801104389,0.1862278778844484,4.2427802389669965e-05,0.0003685153915479657
IV-PH-0201,Q3-R-002,1.0,7331.230450638673,7330.665677474599,0.564773164073813,7.704254823804437e-05,0.0006691572949712455
IV-PH-0201,Q3-R-003,1.0,924.7679819637879,924.5493072002737,0.2186747635141728,0.00023652039086629698,0.00205414709795439
IV-PH-0201,Q3-R-004,1.0,3019.7738669349656,3018.964671916447,0.8091950185184942,0.00026803725994077794,0.0023278301000695645
IV-PH-0202,G01,0.0,5280.805205643257,5280.818772856319,-0.013567213061833172,2.5691495287756033e-06,-2.2315377936506166e-05
IV-PH-0202,Q3-R-001,0.0,4389.475028982273,4389.288801104389,0.1862278778844484,4.2427802389669965e-05,0.0003685153915479657
IV-PH-0202,Q3-R-002,0.0,7331.230450638673,7330.665677474599,0.564773164073813,7.704254823804437e-05,0.0006691572949712455
IV-PH-0202,Q3-R-003,0.0,924.7679819637879,924.5493072002737,0.2186747635141728,0.00023652039086629698,0.00205414709795439
IV-PH-0202,Q3-R-004,0.0,3019.7738669349656,3018.964671916447,0.8091950185184942,0.00026803725994077794,0.0023278301000695645
IV-PH-0202,G01,0.5,5281.802396947322,5281.815961598934,-0.013564651611886802,2.5681795258501305e-06,-2.2306952576145692e-05
IV-PH-0202,Q3-R-001,0.5,4387.614660042666,4387.428353199947,0.18630684271920472,4.2463791478970325e-05,0.0003688279755376131
IV-PH-0202,Q3-R-002,0.5,7328.008401346032,7327.443379837911,0.5650215081204806,7.711032058946859e-05,0.0006697459127664715
IV-PH-0202,Q3-R-003,0.5,914.5108334807081,914.2897054723458,0.22112800836237057,0.00024185770335030744,0.0021004953191673266
IV-PH-0202,Q3-R-004,0.5,3011.1132810950103,3010.3017580373876,0.8115230576227077,0.000269581963155678,0.0023412436160356945
IV-PH-0202,G01,1.0,5283.616556079634,5283.630116073759,-0.013559994124989316,2.5664162379076005e-06,-2.229163681220411e-05
IV-PH-0202,Q3-R-001,1.0,4386.737761801415,4386.551417714827,0.18634408658817847,4.2480771075802045e-05,0.00036897545217819193
IV-PH-0202,Q3-R-002,1.0,7325.374307900935,7324.809083203978,0.5652246969566477,7.716579238259275e-05,0.0006702276974759391
IV-PH-0202,Q3-R-003,1.0,908.8997301531936,908.6772366752,0.22249347799356656,0.0002448542441842804,0.0021265166097101497
IV-PH-0202,Q3-R-004,1.0,3003.8652743724924,3003.051792666446,0.813481706046332,0.00027088500705611595,0.002352558653845466
IV-PH-0203,G01,0.0,5283.616556079634,5283.630116073759,-0.013559994124989316,2.5664162379076005e-06,-2.229163681220411e-05
IV-PH-0203,Q3-R-001,0.0,4386.737761801415,4386.551417714827,0.18634408658817847,4.2480771075802045e-05,0.00036897545217819193
IV-PH-0203,Q3-R-002,0.0,7325.374307900935,7324.809083203978,0.5652246969566477,7.716579238259275e-05,0.0006702276974759391
IV-PH-0203,Q3-R-003,0.0,908.8997301531936,908.6772366752,0.22249347799356656,0.0002448542441842804,0.0021265166097101497
IV-PH-0203,Q3-R-004,0.0,3003.8652743724924,3003.051792666446,0.813481706046332,0.00027088500705611595,0.002352558653845466
IV-PH-0203,G01,0.5,2646.3378779394957,2646.3412612587185,-0.003383319222848513,1.2784893892480272e-06,-1.1104824837119353e-05
IV-PH-0203,Q3-R-001,0.5,2473.246258821534,2473.0055223993745,0.24073642215944346,9.734568725340925e-05,0.0008454927443570237
IV-PH-0203,Q3-R-002,0.5,5561.429453650304,5561.0791681704695,0.3502854798343833,6.29887597787289e-05,0.0005470961856023801
IV-PH-0203,Q3-R-003,0.5,3216.7702992327413,3216.7524086068656,0.01789062587567969,5.561704353686298e-06,4.830821587815549e-05
IV-PH-0203,Q3-R-004,0.5,3321.3925829210352,3320.8122675730697,0.5803153479655521,0.00017475102511279887,0.0015177355092132424
IV-PH-0203,G01,1.0,178.710888671875,178.710888671875,0.0,0.0,0.0
IV-PH-0203,Q3-R-001,1.0,2633.013309445202,2632.926412078909,0.08689736629321487,3.3004099884661175e-05,0.0002866652386632788
IV-PH-0203,Q3-R-002,1.0,4705.339472340284,4705.356891761133,-0.017419420848455047,3.7020403019706467e-06,-3.215557301930276e-05
IV-PH-0203,Q3-R-003,1.0,5814.761969466328,5814.773335417016,-0.011365950687832083,1.954667883372784e-06,-1.6978046106904426e-05
IV-PH-0203,Q3-R-004,1.0,5194.460891966342,5194.219079495746,0.24181247059641464,4.655415316442328e-05,0.000404354824454867
IV-PH-0204,G01,0.0,178.710888671875,178.710888671875,0.0,0.0,0.0
IV-PH-0204,Q3-R-001,0.0,2633.013309445202,2632.926412078909,0.08689736629321487,3.3004099884661175e-05,0.0002866652386632788
IV-PH-0204,Q3-R-002,0.0,4705.339472340284,4705.356891761133,-0.017419420848455047,3.7020403019706467e-06,-3.215557301930276e-05
IV-PH-0204,Q3-R-003,0.0,5814.761969466328,5814.773335417016,-0.011365950687832083,1.954667883372784e-06,-1.6978046106904426e-05
IV-PH-0204,Q3-R-004,0.0,5194.460891966342,5194.219079495746,0.24181247059641464,4.655415316442328e-05,0.000404354824454867
IV-PH-0204,G01,0.5,79.3554443359375,79.3554443359375,0.0,0.0,0.0
IV-PH-0204,Q3-R-001,0.5,2635.8560435380905,2635.7692398924864,0.08680364560404996,3.293294583238656e-05,0.0002860472227935883
IV-PH-0204,Q3-R-002,0.5,4711.892272441827,4711.909667637681,-0.017395195854078338,3.691750708540096e-06,-3.206619841620516e-05
IV-PH-0204,Q3-R-003,0.5,5816.37956449351,5816.390927283216,-0.011362789706254262,1.9535808112474515e-06,-1.696860390017261e-05
IV-PH-0204,Q3-R-004,0.5,5201.124030714139,5200.882528042905,0.24150267123422964,4.6434940595573735e-05,0.0004033194053790328
IV-PH-0204,G01,1.0,20.0,20.0,0.0,0.0,0.0
IV-PH-0204,Q3-R-001,1.0,2642.4341213047032,2642.347533755259,0.08658754944417524,3.2769175264814046e-05,0.0002846247764467422
IV-PH-0204,Q3-R-002,1.0,4720.527622296987,4720.5449856715995,-0.01736337461261428,3.678256359237717e-06,-3.194898755548509e-05
IV-PH-0204,Q3-R-003,1.0,5819.693181225441,5819.704537545414,-0.011356319972946949,1.951356791342662e-06,-1.694928627142333e-05
IV-PH-0204,Q3-R-004,1.0,5209.67383011785,5209.43272380445,0.24110631340045074,4.6282642695185965e-05,0.0004019966239475446
IV-PH-0205,G01,0.0,19.999999999999986,19.999999999999986,0.0,0.0,0.0
IV-PH-0205,Q3-R-001,0.0,2642.4341213047032,2642.347533755259,0.08658754944417524,3.2769175264814046e-05,0.0002846247764467422
IV-PH-0205,Q3-R-002,0.0,4720.527622296987,4720.5449856715995,-0.01736337461261428,3.678256359237717e-06,-3.194898755548509e-05
IV-PH-0205,Q3-R-003,0.0,5819.693181225441,5819.704537545414,-0.011356319972946949,1.951356791342662e-06,-1.694928627142333e-05
IV-PH-0205,Q3-R-004,0.0,5209.67383011785,5209.43272380445,0.24110631340045074,4.6282642695185965e-05,0.0004019966239475446
IV-PH-0205,G01,0.5,63.83087768554827,63.83087768554827,0.0,0.0,0.0
IV-PH-0205,Q3-R-001,0.5,2636.6381811448564,2636.5514032497067,0.08677789514968026,3.2913409176366266e-05,0.0002858775351417182
IV-PH-0205,Q3-R-002,0.5,4713.104549099752,4713.121939821334,-0.01739072158216004,3.6898518231037517e-06,-3.204970484550063e-05
IV-PH-0205,Q3-R-003,0.5,5816.785582722081,5816.796944718653,-0.011361996572304633,1.9533080972717693e-06,-1.6966235132164115e-05
IV-PH-0205,Q3-R-004,0.5,5202.335806468215,5202.094360052609,0.24144641560633318,4.64133095048071e-05,0.00040313152883449696
IV-PH-0205,G01,1.0,147.66175537109376,147.66175537109376,0.0,0.0,0.0
IV-PH-0205,Q3-R-001,1.0,2633.4993721687906,2633.412490841599,0.0868813271918043,3.299191732930466e-05,0.0002865594258231004
IV-PH-0205,Q3-R-002,1.0,4707.162965176346,4707.180377849165,-0.01741267281886394,3.6991726301383524e-06,-3.2130664645678466e-05
IV-PH-0205,Q3-R-003,1.0,5815.085170419441,5815.096535738413,-0.01136531897191162,1.954450610073738e-06,-1.6976158891219848e-05
IV-PH-0205,Q3-R-004,1.0,5196.340010277893,5196.098285256421,0.24172502147212072,4.652048675791972e-05,0.00040406241537098593
IV-PH-0206,G01,0.0,147.66175537109376,147.66175537109376,0.0,0.0,0.0
IV-PH-0206,Q3-R-001,0.0,2633.4993721687906,2633.412490841599,0.0868813271918043,3.299191732930466e-05,0.0002865594258231004
IV-PH-0206,Q3-R-002,0.0,4707.162965176346,4707.180377849165,-0.01741267281886394,3.6991726301383524e-06,-3.2130664645678466e-05
IV-PH-0206,Q3-R-003,0.0,5815.085170419441,5815.096535738413,-0.01136531897191162,1.954450610073738e-06,-1.6976158891219848e-05
IV-PH-0206,Q3-R-004,0.0,5196.340010277893,5196.098285256421,0.24172502147212072,4.652048675791972e-05,0.00040406241537098593
IV-PH-0206,G01,0.5,1411.7965150119912,1411.7885155614567,0.007999450534498465,5.666181900705679e-06,4.9215691227043975e-05
IV-PH-0206,Q3-R-001,0.5,1714.8090787558383,1714.6576116072122,0.15146714862612498,8.833667293154183e-05,0.000767248704477884
IV-PH-0206,Q3-R-002,0.5,5429.739813554619,5429.540990073385,0.19882348123428528,3.661883787189127e-05,0.0003180613609470706
IV-PH-0206,Q3-R-003,0.5,4613.201997431842,4613.166356474568,0.03564095727415406,7.72592066274221e-06,6.71062350009826e-05
IV-PH-0206,Q3-R-004,0.5,3848.287082719311,3847.994671813268,0.2924109060431874,7.599046541958863e-05,0.0006600197188938162
IV-PH-0206,G01,1.0,2811.9860627683233,2811.953927476389,0.032135291934537236,1.14281004466447e-05,9.926265206145981e-05
IV-PH-0206,Q3-R-001,1.0,1699.574129466131,1699.4694015248942,0.10472794123666063,6.162390516869011e-05,0.0005352419476820241
IV-PH-0206,Q3-R-002,1.0,6383.533231423542,6383.103389945306,0.4298414782360851,6.734051635653801e-05,0.0005848925999789099
IV-PH-0206,Q3-R-003,1.0,3562.412189878469,3562.235101844919,0.17708803354980773,4.9712618198077935e-05,0.00043178758273015237
IV-PH-0206,Q3-R-004,1.0,2561.134172828658,2560.795330297228,0.33884253143014575,0.00013231925543648066,0.0011492344184682057
IV-PH-0207,G01,0.0,2811.9860627683233,2811.953927476389,0.032135291934537236,1.14281004466447e-05,9.926265206145981e-05
IV-PH-0207,Q3-R-001,0.0,1699.574129466131,1699.4694015248942,0.10472794123666063,6.162390516869011e-05,0.0005352419476820241
IV-PH-0207,Q3-R-002,0.0,6383.533231423542,6383.103389945306,0.4298414782360851,6.734051635653801e-05,0.0005848925999789099
IV-PH-0207,Q3-R-003,0.0,3562.412189878469,3562.235101844919,0.17708803354980773,4.9712618198077935e-05,0.00043178758273015237
IV-PH-0207,Q3-R-004,0.0,2561.134172828658,2560.795330297228,0.33884253143014575,0.00013231925543648066,0.0011492344184682057
IV-PH-0207,G01,0.5,2810.107501542742,2810.0753447680695,0.03215677467233036,1.1443385221752631e-05,9.939541241397858e-05
IV-PH-0207,Q3-R-001,0.5,1701.4729574455616,1701.368346386923,0.10461105863873854,6.148642582947646e-05,0.0005340478908141863
IV-PH-0207,Q3-R-002,0.5,6385.572437603994,6385.142733403099,0.42970420089568506,6.729750905140143e-05,0.0005845190684193859
IV-PH-0207,Q3-R-003,0.5,3563.544041616167,3563.367009832057,0.17703178410965847,4.968104144793159e-05,0.00043151332419340385
IV-PH-0207,Q3-R-004,0.5,2566.829553987402,2566.4914633920994,0.33809059530267405,0.00013173260076066023,0.0011441394733621118
IV-PH-0207,G01,1.0,2808.844777342462,2808.8126061114535,0.03217123100830577,1.1453676524488374e-05,9.948480051009094e-05
IV-PH-0207,Q3-R-001,1.0,1704.3868364430284,1704.2824042420614,0.10443220096703953,6.12763475742644e-05,0.0005322232862706052
IV-PH-0207,Q3-R-002,1.0,6387.882313806407,6387.452764998209,0.42954880819797836,6.72488430054322e-05,0.000584096388948988
IV-PH-0207,Q3-R-003,1.0,3565.161696534282,3564.984745080485,0.17695145379684618,4.963596381191562e-05,0.00043112180426559165
IV-PH-0207,Q3-R-004,1.0,2573.1859488131313,2572.848693493399,0.33725531973232137,0.00013108245369625605,0.0011384931096868481
IV-PH-0208,G01,0.0,2808.844777342462,2808.8126061114535,0.03217123100830577,1.1453676524488374e-05,9.948480051009094e-05
IV-PH-0208,Q3-R-001,0.0,1704.3868364430284,1704.2824042420614,0.10443220096703953,6.12763475742644e-05,0.0005322232862706052
IV-PH-0208,Q3-R-002,0.0,6387.882313806407,6387.452764998209,0.42954880819797836,6.72488430054322e-05,0.000584096388948988
IV-PH-0208,Q3-R-003,0.0,3565.161696534282,3564.984745080485,0.17695145379684618,4.963596381191562e-05,0.00043112180426559165
IV-PH-0208,Q3-R-004,0.0,2573.1859488131313,2572.848693493399,0.33725531973232137,0.00013108245369625605,0.0011384931096868481
IV-PH-0208,G01,0.5,2808.844777342462,2808.8126061114535,0.03217123100830577,1.1453676524488374e-05,9.948480051009094e-05
IV-PH-0208,Q3-R-001,0.5,1704.3868364430284,1704.2824042420614,0.10443220096703953,6.12763475742644e-05,0.0005322232862706052
IV-PH-0208,Q3-R-002,0.5,6387.882313806407,6387.452764998209,0.42954880819797836,6.72488430054322e-05,0.000584096388948988
IV-PH-0208,Q3-R-003,0.5,3565.161696534282,3564.984745080485,0.17695145379684618,4.963596381191562e-05,0.00043112180426559165
IV-PH-0208,Q3-R-004,0.5,2573.1859488131313,2572.848693493399,0.33725531973232137,0.00013108245369625605,0.0011384931096868481
IV-PH-0208,G01,1.0,2808.844777342462,2808.8126061114535,0.03217123100830577,1.1453676524488374e-05,9.948480051009094e-05
IV-PH-0208,Q3-R-001,1.0,1704.3868364430284,1704.2824042420614,0.10443220096703953,6.12763475742644e-05,0.0005322232862706052
IV-PH-0208,Q3-R-002,1.0,6387.882313806407,6387.452764998209,0.42954880819797836,6.72488430054322e-05,0.000584096388948988
IV-PH-0208,Q3-R-003,1.0,3565.161696534282,3564.984745080485,0.17695145379684618,4.963596381191562e-05,0.00043112180426559165
IV-PH-0208,Q3-R-004,1.0,2573.1859488131313,2572.848693493399,0.33725531973232137,0.00013108245369625605,0.0011384931096868481
IV-PH-0209,G01,0.0,2808.844777342462,2808.8126061114535,0.03217123100830577,1.1453676524488374e-05,9.948480051009094e-05
IV-PH-0209,Q3-R-001,0.0,1704.3868364430284,1704.2824042420614,0.10443220096703953,6.12763475742644e-05,0.0005322232862706052
IV-PH-0209,Q3-R-002,0.0,6387.882313806407,6387.452764998209,0.42954880819797836,6.72488430054322e-05,0.000584096388948988
IV-PH-0209,Q3-R-003,0.0,3565.161696534282,3564.984745080485,0.17695145379684618,4.963596381191562e-05,0.00043112180426559165
IV-PH-0209,Q3-R-004,0.0,2573.1859488131313,2572.848693493399,0.33725531973232137,0.00013108245369625605,0.0011384931096868481
IV-PH-0209,G01,0.5,2810.107501542742,2810.075344768069,0.032156774672785104,1.144338522191446e-05,9.939541241397858e-05
IV-PH-0209,Q3-R-001,0.5,1701.4729574455619,1701.3683463869231,0.10461105863873854,6.148642582947644e-05,0.0005340478908141863
IV-PH-0209,Q3-R-002,0.5,6385.572437603994,6385.142733403099,0.42970420089568506,6.729750905140143e-05,0.0005845190684193859
IV-PH-0209,Q3-R-003,0.5,3563.544041616167,3563.367009832057,0.17703178410965847,4.968104144793159e-05,0.00043151332419340385
IV-PH-0209,Q3-R-004,0.5,2566.829553987402,2566.4914633920994,0.33809059530267405,0.00013173260076066023,0.0011441394733621118
IV-PH-0209,G01,1.0,2811.9860627683233,2811.953927476389,0.032135291934537236,1.14281004466447e-05,9.926265206145981e-05
IV-PH-0209,Q3-R-001,1.0,1699.574129466131,1699.4694015248942,0.10472794123666063,6.162390516869011e-05,0.0005352419476820241
IV-PH-0209,Q3-R-002,1.0,6383.533231423542,6383.103389945306,0.4298414782360851,6.734051635653801e-05,0.0005848925999789099
IV-PH-0209,Q3-R-003,1.0,3562.412189878469,3562.235101844919,0.17708803354980773,4.9712618198077935e-05,0.00043178758273015237
IV-PH-0209,Q3-R-004,1.0,2561.134172828658,2560.795330297228,0.33884253143014575,0.00013231925543648066,0.0011492344184682057
IV-PH-0210,G01,0.0,2811.9860627683233,2811.953927476389,0.032135291934537236,1.14281004466447e-05,9.926265206145981e-05
IV-PH-0210,Q3-R-001,0.0,1699.574129466131,1699.4694015248942,0.10472794123666063,6.162390516869011e-05,0.0005352419476820241
IV-PH-0210,Q3-R-002,0.0,6383.533231423542,6383.103389945306,0.4298414782360851,6.734051635653801e-05,0.0005848925999789099
IV-PH-0210,Q3-R-003,0.0,3562.412189878469,3562.235101844919,0.17708803354980773,4.9712618198077935e-05,0.00043178758273015237
IV-PH-0210,Q3-R-004,0.0,2561.134172828658,2560.795330297228,0.33884253143014575,0.00013231925543648066,0.0011492344184682057
IV-PH-0210,G01,0.5,1411.7965150119912,1411.7885155614567,0.007999450534498465,5.666181900705679e-06,4.9215691227043975e-05
IV-PH-0210,Q3-R-001,0.5,1714.8090787558383,1714.6576116072122,0.15146714862612498,8.833667293154183e-05,0.000767248704477884
IV-PH-0210,Q3-R-002,0.5,5429.739813554619,5429.540990073385,0.19882348123428528,3.661883787189127e-05,0.0003180613609470706
IV-PH-0210,Q3-R-003,0.5,4613.201997431842,4613.166356474568,0.03564095727415406,7.72592066274221e-06,6.71062350009826e-05
IV-PH-0210,Q3-R-004,0.5,3848.287082719311,3847.994671813268,0.2924109060431874,7.599046541958863e-05,0.0006600197188938162
IV-PH-0210,G01,1.0,147.66175537109376,147.66175537109376,0.0,0.0,0.0
IV-PH-0210,Q3-R-001,1.0,2633.4993721687906,2633.412490841599,0.0868813271918043,3.299191732930466e-05,0.0002865594258231004
IV-PH-0210,Q3-R-002,1.0,4707.162965176346,4707.180377849165,-0.01741267281886394,3.6991726301383524e-06,-3.2130664645678466e-05
IV-PH-0210,Q3-R-003,1.0,5815.085170419441,5815.096535738413,-0.01136531897191162,1.954450610073738e-06,-1.6976158891219848e-05
IV-PH-0210,Q3-R-004,1.0,5196.340010277893,5196.098285256421,0.24172502147212072,4.652048675791972e-05,0.00040406241537098593
IV-PH-0211,G01,0.0,147.66175537109376,147.66175537109376,0.0,0.0,0.0
IV-PH-0211,Q3-R-001,0.0,2633.4993721687906,2633.412490841599,0.0868813271918043,3.299191732930466e-05,0.0002865594258231004
IV-PH-0211,Q3-R-002,0.0,4707.162965176346,4707.180377849165,-0.01741267281886394,3.6991726301383524e-06,-3.2130664645678466e-05
IV-PH-0211,Q3-R-003,0.0,5815.085170419441,5815.096535738413,-0.01136531897191162,1.954450610073738e-06,-1.6976158891219848e-05
IV-PH-0211,Q3-R-004,0.0,5196.340010277893,5196.098285256421,0.24172502147212072,4.652048675791972e-05,0.00040406241537098593
IV-PH-0211,G01,0.5,63.830877685545744,63.830877685545744,0.0,0.0,0.0
IV-PH-0211,Q3-R-001,0.5,2636.6381811448564,2636.5514032497067,0.08677789514968026,3.2913409176366266e-05,0.0002858775351417182
IV-PH-0211,Q3-R-002,0.5,4713.104549099752,4713.121939821334,-0.01739072158216004,3.6898518231037517e-06,-3.204970484550063e-05
IV-PH-0211,Q3-R-003,0.5,5816.785582722081,5816.796944718653,-0.011361996572304633,1.9533080972717693e-06,-1.6966235132164115e-05
IV-PH-0211,Q3-R-004,0.5,5202.335806468215,5202.094360052609,0.24144641560633318,4.64133095048071e-05,0.00040313152883449696
IV-PH-0211,G01,1.0,20.0,20.0,0.0,0.0,0.0
IV-PH-0211,Q3-R-001,1.0,2642.4341213047032,2642.347533755259,0.08658754944417524,3.2769175264814046e-05,0.0002846247764467422
IV-PH-0211,Q3-R-002,1.0,4720.527622296987,4720.5449856715995,-0.01736337461261428,3.678256359237717e-06,-3.194898755548509e-05
IV-PH-0211,Q3-R-003,1.0,5819.693181225441,5819.704537545414,-0.011356319972946949,1.951356791342662e-06,-1.694928627142333e-05
IV-PH-0211,Q3-R-004,1.0,5209.67383011785,5209.43272380445,0.24110631340045074,4.6282642695185965e-05,0.0004019966239475446
