phase_id,trip_id,phase,leg_index,start_s,end_s,s0,s1,is_boundary,direct,atom_id,mode,relay_trip_id,eligible_relay_indices,selected_margin_mid_db,direct_margin_mid_db,backhaul_margin_db
PH-0001,Q3-T-001,爬升,1,390.0,390.0,0.0,0.0,True,True,COM-00001,直连,,,45.92517525248826,45.92517525248826,
PH-0001,Q3-T-001,爬升,1,390.0,390.34184672371094,0.0,0.0033303621117458347,False,True,COM-00002,直连,,,46.15077298410979,46.15077298410979,
PH-0001,Q3-T-001,爬升,1,390.34184672371094,390.34184672371094,0.0033303621117458347,0.0033303621117458347,True,True,COM-00003,直连,,,56.38238674364703,56.38238674364703,
PH-0001,Q3-T-001,爬升,1,390.34184672371094,399.60265609712184,0.0033303621117458347,0.09355164118823557,False,True,COM-00004,直连,,,67.82295300936096,67.82295300936096,
PH-0001,Q3-T-001,爬升,1,399.60265609712184,399.60265609712184,0.09355164118823557,0.09355164118823557,True,True,COM-00005,直连,,,63.04826031558971,63.04826031558971,
PH-0001,Q3-T-001,爬升,1,399.60265609712184,400.5743917449054,0.09355164118823557,0.10301854948233914,False,True,COM-00006,直连,,,61.71811229890635,61.71811229890635,
PH-0001,Q3-T-001,爬升,1,400.5743917449054,400.5743917449054,0.10301854948233914,0.10301854948233914,True,True,COM-00007,直连,,,60.56487003084808,60.56487003084808,
PH-0001,Q3-T-001,爬升,1,400.5743917449054,408.6860501935803,0.10301854948233914,0.18204449323756763,False,True,COM-00008,直连,,,54.38121115513681,54.38121115513681,
PH-0001,Q3-T-001,爬升,1,408.6860501935803,408.6860501935803,0.18204449323756763,0.18204449323756763,True,True,COM-00009,直连,,,50.80570620510426,50.80570620510426,
PH-0001,Q3-T-001,爬升,1,408.6860501935803,417.99820232145794,0.18204449323756763,0.2727659671450406,False,True,COM-00010,直连,,,47.961793825275365,47.961793825275365,
PH-0001,Q3-T-001,爬升,1,417.99820232145794,417.99820232145794,0.2727659671450406,0.2727659671450406,True,True,COM-00011,直连,,,45.82290764368432,45.82290764368432,
PH-0001,Q3-T-001,爬升,1,417.99820232145794,442.62231115873317,0.2727659671450406,0.5126606141287319,False,True,COM-00012,直连,,,41.86530341691349,41.86530341691349,
PH-0001,Q3-T-001,爬升,1,442.62231115873317,442.62231115873317,0.5126606141287319,0.5126606141287319,True,True,COM-00013,直连,,,39.15657284889858,39.15657284889858,
PH-0001,Q3-T-001,爬升,1,442.62231115873317,492.6455118815104,0.5126606141287319,1.0,False,True,COM-00014,直连,,,35.382191170733094,35.382191170733094,
PH-0001,Q3-T-001,爬升,1,492.6455118815104,492.6455118815104,1.0,1.0,True,True,COM-00015,直连,,,32.7598396645181,32.7598396645181,
PH-0002,Q3-T-001,巡航,1,492.6455118815104,639.1032424286232,0.0,0.3673308930328283,False,True,COM-00016,直连,,,22.62529809584204,22.62529809584204,
PH-0002,Q3-T-001,巡航,1,639.1032424286232,639.1032424286232,0.3673308930328283,0.3673308930328283,True,True,COM-00017,直连,,,16.93255258302078,16.93255258302078,
PH-0002,Q3-T-001,巡航,1,639.1032424286232,641.0121914181283,0.3673308930328283,0.3721187313698662,False,True,COM-00018,直连,,,16.877595220876017,16.877595220876017,
PH-0002,Q3-T-001,巡航,1,641.0121914181283,641.0121914181283,0.3721187313698662,0.3721187313698662,True,True,COM-00019,直连,,,6.82297430105038,6.82297430105038,
PH-0002,Q3-T-001,巡航,1,641.0121914181283,648.9339572893757,0.3721187313698662,0.39198732636319267,False,True,COM-00020,直连,,,6.599817146250075,6.599817146250075,
PH-0002,Q3-T-001,巡航,1,648.9339572893757,648.9339572893757,0.39198732636319267,0.39198732636319267,True,True,COM-00021,直连,,,6.382114616510577,6.382114616510577,
PH-0002,Q3-T-001,巡航,1,648.9339572893757,749.3812221939677,0.39198732636319267,0.6439192891368449,False,True,COM-00022,直连,,,4.004680937026933,4.004680937026933,
PH-0002,Q3-T-001,巡航,1,749.3812221939677,749.3812221939677,0.6439192891368449,0.6439192891368449,True,True,COM-00023,直连,,,2.1343308002043955,2.1343308002043955,
PH-0002,Q3-T-001,巡航,1,749.3812221939677,821.4501659020625,0.6439192891368449,0.8246755343233098,False,True,COM-00024,直连,,,1.0022152593915763,1.0022152593915763,
PH-0002,Q3-T-001,巡航,1,821.4501659020625,821.4501659020625,0.8246755343233098,0.8246755343233098,True,True,COM-00025,直连,,,-7.673861546209082e-13,-7.673861546209082e-13,
PH-0002,Q3-T-001,巡航,1,821.4501659020625,825.465405859537,0.8246755343233098,0.8347461647626209,False,False,COM-00026,中继,Q3-R-001,0;1;2,0.23254019409287707,-0.05259480008864159,7.511029389008797
PH-0002,Q3-T-001,巡航,1,825.465405859537,825.465405859537,0.8347461647626209,0.8347461647626209,True,False,COM-00027,中继,Q3-R-001,0;1;2,0.2000000000009976,-0.10487469934817284,7.511029389008797
PH-0002,Q3-T-001,巡航,1,825.465405859537,880.678511911715,0.8347461647626209,0.9732262537104599,False,False,COM-00028,中继,Q3-R-002,1;2,13.56667403701708,-0.793712788918711,2.4694705795379406
PH-0002,Q3-T-001,巡航,1,880.678511911715,880.678511911715,0.9732262537104599,0.9732262537104599,True,False,COM-00029,中继,Q3-R-002,1;2,13.610115612277099,-1.4321227140815154,2.4694705795379406
PH-0002,Q3-T-001,巡航,1,880.678511911715,891.3534161851755,0.9732262537104599,1.0,False,False,COM-00030,中继,Q3-R-002,1,13.55468409815704,-1.5503383061428195,2.4694705795379406
PH-0002,Q3-T-001,巡航,1,891.3534161851755,891.3534161851755,1.0,1.0,True,False,COM-00031,中继,Q3-R-002,1,13.479707828576096,-1.6669723827331495,2.4694705795379406
PH-0003,Q3-T-001,下降,1,891.3534161851755,898.1787454566407,0.0,0.20304648505311743,False,False,COM-00032,中继,Q3-R-002,1,13.473164649536812,-1.6660573567824173,2.4694705795379406
PH-0003,Q3-T-001,下降,1,898.1787454566407,898.1787454566407,0.20304648505311743,0.20304648505311743,True,False,COM-00033,中继,Q3-R-002,1,13.466274082637625,-1.6651696668755562,2.4694705795379406
PH-0003,Q3-T-001,下降,1,898.1787454566407,904.6688193685209,0.20304648505311743,0.39611946997876374,False,False,COM-00034,中继,Q3-R-002,1,13.45940128360236,-1.6643509499378695,2.4694705795379406
PH-0003,Q3-T-001,下降,1,904.6688193685209,904.6688193685209,0.39611946997876374,0.39611946997876374,True,False,COM-00035,中继,Q3-R-002,1,13.452217389645583,-1.6635569787613917,2.4694705795379406
PH-0003,Q3-T-001,下降,1,904.6688193685209,918.4111389498785,0.39611946997876374,0.8049392611552698,False,False,COM-00036,中继,Q3-R-002,1,13.435986326686972,-1.6619575293378261,2.4694705795379406
PH-0003,Q3-T-001,下降,1,918.4111389498785,918.4111389498785,0.8049392611552698,0.8049392611552698,True,False,COM-00037,中继,Q3-R-002,1,13.418383224606885,-1.6604692118352347,2.4694705795379406
PH-0003,Q3-T-001,下降,1,918.4111389498785,924.968030442988,0.8049392611552698,1.0,False,False,COM-00038,中继,Q3-R-002,1,13.409505600762913,-1.6597982846236619,2.4694705795379406
PH-0003,Q3-T-001,下降,1,924.968030442988,924.968030442988,1.0,1.0,True,False,COM-00039,中继,Q3-R-002,1,13.40032137295961,-1.6591526950182356,2.4694705795379406
PH-0004,Q3-T-001,投送交接,1,924.968030442988,1134.968030442988,0.0,1.0,False,False,COM-00040,中继,Q3-R-002,1,13.40032137295961,-1.6591526950182356,2.4694705795379406
PH-0004,Q3-T-001,投送交接,1,1134.968030442988,1134.968030442988,1.0,1.0,True,False,COM-00041,中继,Q3-R-002,1,13.40032137295961,-1.6591526950182356,2.4694705795379406
PH-0005,Q3-T-001,爬升,2,1134.968030442988,1140.432106687246,0.0,0.10751091082618804,False,False,COM-00042,中继,Q3-R-002,1,13.409505600762913,-1.6597982846236619,2.4694705795379406
PH-0005,Q3-T-001,爬升,2,1140.432106687246,1140.432106687246,0.10751091082618804,0.10751091082618804,True,False,COM-00043,中继,Q3-R-002,1,13.418383224606885,-1.6604692118352347,2.4694705795379406
PH-0005,Q3-T-001,爬升,2,1140.432106687246,1151.8840396717108,0.10751091082618804,0.33283861323043645,False,False,COM-00044,中继,Q3-R-002,1,13.435986326686972,-1.6619575293378261,2.4694705795379406
PH-0005,Q3-T-001,爬升,2,1151.8840396717108,1151.8840396717108,0.33283861323043645,0.33283861323043645,True,False,COM-00045,中继,Q3-R-002,1,13.452217389645583,-1.6635569787613917,2.4694705795379406
PH-0005,Q3-T-001,爬升,2,1151.8840396717108,1157.2924345982774,0.33283861323043645,0.43925394103153853,False,False,COM-00046,中继,Q3-R-002,1,13.45940128360236,-1.6643509499378695,2.4694705795379406
PH-0005,Q3-T-001,爬升,2,1157.2924345982774,1157.2924345982774,0.43925394103153853,0.43925394103153853,True,False,COM-00047,中继,Q3-R-002,1,13.466274082637625,-1.6651696668755562,2.4694705795379406
PH-0005,Q3-T-001,爬升,2,1157.2924345982774,1185.79148828804,0.43925394103153853,1.0,False,False,COM-00048,中继,Q3-R-002,1,13.49729377409787,-1.6698919953598192,2.4694705795379406
PH-0005,Q3-T-001,爬升,2,1185.79148828804,1185.79148828804,1.0,1.0,True,False,COM-00049,中继,Q3-R-002,1,13.519448389005305,-1.6752987747760386,2.4694705795379406
PH-0006,Q3-T-001,巡航,2,1185.79148828804,1191.1170346711465,0.0,0.04635368687523763,False,False,COM-00050,中继,Q3-R-002,1,13.321438673987487,-1.6699092170036778,2.4694705795379406
PH-0006,Q3-T-001,巡航,2,1191.1170346711465,1191.1170346711465,0.04635368687523763,0.04635368687523763,True,False,COM-00051,中继,Q3-R-002,1;2,13.127427428335153,-1.6648991588382387,2.4694705795379406
PH-0006,Q3-T-001,巡航,2,1191.1170346711465,1225.977956606348,0.04635368687523763,0.3497840099482772,False,False,COM-00052,中继,Q3-R-002,1;2,11.946935947419846,-1.6415597118896414,2.4694705795379406
PH-0006,Q3-T-001,巡航,2,1225.977956606348,1225.977956606348,0.3497840099482772,0.3497840099482772,True,False,COM-00053,中继,Q3-R-002,1;2,10.899156914572302,-1.634789053515135,2.4694705795379406
PH-0006,Q3-T-001,巡航,2,1225.977956606348,1238.7653270274513,0.3497840099482772,0.4610855970188131,False,False,COM-00054,中继,Q3-R-002,1;2,10.54288637031182,-1.636480288979385,2.4694705795379406
PH-0006,Q3-T-001,巡航,2,1238.7653270274513,1238.7653270274513,0.4610855970188131,0.4610855970188131,True,False,COM-00055,中继,Q3-R-002,1;2,10.200000000000585,-1.6404105349301972,2.4694705795379406
PH-0006,Q3-T-001,巡航,2,1238.7653270274513,1300.6808690926412,0.4610855970188131,1.0,False,False,COM-00056,中继,Q3-R-002,1;2,8.701872262753014,-1.690806072474345,2.4694705795379406
PH-0006,Q3-T-001,巡航,2,1300.6808690926412,1300.6808690926412,1.0,1.0,True,False,COM-00057,中继,Q3-R-002,1;2,7.418478175977327,-1.791619403881441,2.4694705795379406
PH-0007,Q3-T-001,下降,2,1300.6808690926412,1361.6290185067037,0.0,1.0,False,False,COM-00058,中继,Q3-R-002,1;2,7.407225269032111,-1.7827028413667705,2.4694705795379406
PH-0007,Q3-T-001,下降,2,1361.6290185067037,1361.6290185067037,1.0,1.0,True,False,COM-00059,中继,Q3-R-002,1;2,7.3889670571714845,-1.7759083300417018,2.4694705795379406
PH-0008,Q3-T-001,投送交接,2,1361.6290185067037,1541.6290185067037,0.0,1.0,False,False,COM-00060,中继,Q3-R-002,1;2,7.3889670571714845,-1.7759083300417018,2.4694705795379406
PH-0008,Q3-T-001,投送交接,2,1541.6290185067037,1541.6290185067037,1.0,1.0,True,False,COM-00061,中继,Q3-R-002,1;2,7.3889670571714845,-1.7759083300417018,2.4694705795379406
PH-0009,Q3-T-001,爬升,3,1541.6290185067037,1557.4562930835266,0.0,1.0,False,False,COM-00062,中继,Q3-R-002,1;2,7.395403399497923,-1.77779737418345,2.4694705795379406
PH-0009,Q3-T-001,爬升,3,1557.4562930835266,1557.4562930835266,1.0,1.0,True,False,COM-00063,中继,Q3-R-002,1;2,7.401164780866878,-1.7798932090982902,2.4694705795379406
PH-0010,Q3-T-001,巡航,3,1557.4562930835266,1591.4571197274638,0.0,0.08413890005643894,False,False,COM-00064,中继,Q3-R-002,1;2,7.5990672996919955,-1.4076190666182384,2.4694705795379406
PH-0010,Q3-T-001,巡航,3,1591.4571197274638,1591.4571197274638,0.08413890005643894,0.08413890005643894,True,False,COM-00065,中继,Q3-R-002,0;1;2,7.751282071593323,-1.0187232705291507,2.4694705795379406
PH-0010,Q3-T-001,巡航,3,1591.4571197274638,1632.5552185727386,0.08413890005643894,0.18584080476200668,False,False,COM-00066,中继,Q3-R-002,0;1;2,7.866919656244846,-0.5242344454750167,2.4694705795379406
PH-0010,Q3-T-001,巡航,3,1632.5552185727386,1632.5552185727386,0.18584080476200668,0.18584080476200668,True,True,COM-00067,直连,,,-2.1316282072803006e-13,-2.1316282072803006e-13,
PH-0010,Q3-T-001,巡航,3,1632.5552185727386,1725.1025110660835,0.18584080476200668,0.414859571721311,False,True,COM-00068,直连,,,1.3103626611056285,1.3103626611056285,
PH-0010,Q3-T-001,巡航,3,1725.1025110660835,1725.1025110660835,0.414859571721311,0.414859571721311,True,True,COM-00069,直连,,,2.8525914180765,2.8525914180765,
PH-0010,Q3-T-001,巡航,3,1725.1025110660835,1759.8076502257975,0.414859571721311,0.5007413729428903,False,True,COM-00070,直连,,,3.5090414245369175,3.5090414245369175,
PH-0010,Q3-T-001,巡航,3,1759.8076502257975,1759.8076502257975,0.5007413729428903,0.5007413729428903,True,True,COM-00071,直连,,,14.218655350641484,14.218655350641484,
PH-0010,Q3-T-001,巡航,3,1759.8076502257975,1961.5598245194026,0.5007413729428903,1.0,False,True,COM-00072,直连,,,20.102373770055465,20.102373770055465,
PH-0010,Q3-T-001,巡航,3,1961.5598245194026,1961.5598245194026,1.0,1.0,True,True,COM-00073,直连,,,33.935643142447674,33.935643142447674,
PH-0011,Q3-T-001,下降,3,1961.5598245194026,2036.5547112258405,0.0,0.690606885535862,False,True,COM-00074,直连,,,37.98703670769994,37.98703670769994,
PH-0011,Q3-T-001,下降,3,2036.5547112258405,2036.5547112258405,0.690606885535862,0.690606885535862,True,True,COM-00075,直连,,,45.82290764368433,45.82290764368433,
PH-0011,Q3-T-001,下降,3,2036.5547112258405,2047.7292937792936,0.690606885535862,0.793510483278629,False,True,COM-00076,直连,,,47.96179382527538,47.96179382527538,
PH-0011,Q3-T-001,下降,3,2047.7292937792936,2047.7292937792936,0.793510483278629,0.793510483278629,True,True,COM-00077,直连,,,50.80570620510423,50.80570620510423,
PH-0011,Q3-T-001,下降,3,2047.7292937792936,2057.4632839177034,0.793510483278629,0.883148069366841,False,True,COM-00078,直连,,,54.381211155136526,54.381211155136526,
PH-0011,Q3-T-001,下降,3,2057.4632839177034,2057.4632839177034,0.883148069366841,0.883148069366841,True,True,COM-00079,直连,,,60.56487003084801,60.56487003084801,
PH-0011,Q3-T-001,下降,3,2057.4632839177034,2058.6293666950437,0.883148069366841,0.8938861987314242,False,True,COM-00080,直连,,,61.718112298906306,61.718112298906306,
PH-0011,Q3-T-001,下降,3,2058.6293666950437,2058.6293666950437,0.8938861987314242,0.8938861987314242,True,True,COM-00081,直连,,,63.04826031558963,63.04826031558963,
PH-0011,Q3-T-001,下降,3,2058.6293666950437,2069.7423379431366,0.8938861987314242,0.9962224352369498,False,True,COM-00082,直连,,,67.82295300936043,67.82295300936043,
PH-0011,Q3-T-001,下降,3,2069.7423379431366,2069.7423379431366,0.9962224352369498,0.9962224352369498,True,True,COM-00083,直连,,,56.38238674364726,56.38238674364726,
PH-0011,Q3-T-001,下降,3,2069.7423379431366,2070.15255401159,0.9962224352369498,1.0,False,True,COM-00084,直连,,,46.150772984109935,46.150772984109935,
PH-0011,Q3-T-001,下降,3,2070.15255401159,2070.15255401159,1.0,1.0,True,True,COM-00085,直连,,,45.92517525248826,45.92517525248826,
PH-0012,Q3-T-002,爬升,1,360.0,360.0,0.0,0.0,True,True,COM-00086,直连,,,45.92517525248826,45.92517525248826,
PH-0012,Q3-T-002,爬升,1,360.0,360.34184672371094,0.0,0.00705533907522279,False,True,COM-00087,直连,,,46.15077298410978,46.15077298410978,
PH-0012,Q3-T-002,爬升,1,360.34184672371094,360.34184672371094,0.00705533907522279,0.00705533907522279,True,True,COM-00088,直连,,,46.38238674364702,46.38238674364702,
PH-0012,Q3-T-002,爬升,1,360.34184672371094,369.60265609712184,0.00705533907522279,0.19818822322614532,False,True,COM-00089,直连,,,67.82295300936092,67.82295300936092,
PH-0012,Q3-T-002,爬升,1,369.60265609712184,369.60265609712184,0.19818822322614532,0.19818822322614532,True,True,COM-00090,直连,,,63.04826031558974,63.04826031558974,
PH-0012,Q3-T-002,爬升,1,369.60265609712184,370.5743917449054,0.19818822322614532,0.21824377447487314,False,True,COM-00091,直连,,,61.71811229890638,61.71811229890638,
PH-0012,Q3-T-002,爬升,1,370.5743917449054,370.5743917449054,0.21824377447487314,0.21824377447487314,True,True,COM-00092,直连,,,60.56487003084809,60.56487003084809,
PH-0012,Q3-T-002,爬升,1,370.5743917449054,378.6860501935803,0.21824377447487314,0.3856594518770947,False,True,COM-00093,直连,,,54.38121115513681,54.38121115513681,
PH-0012,Q3-T-002,爬升,1,378.6860501935803,378.6860501935803,0.3856594518770947,0.3856594518770947,True,True,COM-00094,直连,,,50.80570620510426,50.80570620510426,
PH-0012,Q3-T-002,爬升,1,378.6860501935803,387.99820232145794,0.3856594518770947,0.5778519938123206,False,True,COM-00095,直连,,,47.96179382527538,47.96179382527538,
PH-0012,Q3-T-002,爬升,1,387.99820232145794,387.99820232145794,0.5778519938123206,0.5778519938123206,True,True,COM-00096,直连,,,45.82290764368433,45.82290764368433,
PH-0012,Q3-T-002,爬升,1,387.99820232145794,408.45220336914065,0.5778519938123206,1.0,False,True,COM-00097,直连,,,42.421013060402686,42.421013060402686,
PH-0012,Q3-T-002,爬升,1,408.45220336914065,408.45220336914065,1.0,1.0,True,True,COM-00098,直连,,,39.982830377148545,39.982830377148545,
PH-0013,Q3-T-002,巡航,1,408.45220336914065,442.62231115873317,0.0,0.13426461494497463,False,True,COM-00099,直连,,,34.3303321742722,34.3303321742722,
PH-0013,Q3-T-002,巡航,1,442.62231115873317,442.62231115873317,0.13426461494497463,0.13426461494497463,True,True,COM-00100,直连,,,29.301066281299228,29.301066281299228,
PH-0013,Q3-T-002,巡航,1,442.62231115873317,542.4228357746762,0.13426461494497463,0.5264108467150513,False,True,COM-00101,直连,,,21.802623197763452,21.802623197763452,
PH-0013,Q3-T-002,巡航,1,542.4228357746762,542.4228357746762,0.5264108467150513,0.5264108467150513,True,True,COM-00102,直连,,,17.79550583936357,17.79550583936357,
PH-0013,Q3-T-002,巡航,1,542.4228357746762,595.2985493120008,0.5264108467150513,0.7341754040218321,False,True,COM-00103,直连,,,6.239096637791931,6.239096637791931,
PH-0013,Q3-T-002,巡航,1,595.2985493120008,595.2985493120008,0.7341754040218321,0.7341754040218321,True,True,COM-00104,直连,,,4.918777094567162,4.918777094567162,
PH-0013,Q3-T-002,巡航,1,595.2985493120008,607.6266838664694,0.7341754040218321,0.7826163468815358,False,True,COM-00105,直连,,,4.6377051069436845,4.6377051069436845,
PH-0013,Q3-T-002,巡航,1,607.6266838664694,607.6266838664694,0.7826163468815358,0.7826163468815358,True,True,COM-00106,直连,,,4.365419094587921,4.365419094587921,
PH-0013,Q3-T-002,巡航,1,607.6266838664694,639.1032424286232,0.7826163468815358,0.90629719802675,False,True,COM-00107,直连,,,3.706530259297921,3.706530259297921,
PH-0013,Q3-T-002,巡航,1,639.1032424286232,639.1032424286232,0.90629719802675,0.90629719802675,True,True,COM-00108,直连,,,3.0940154903199755,3.0940154903199755,
PH-0013,Q3-T-002,巡航,1,639.1032424286232,662.9504403290156,0.90629719802675,1.0,False,True,COM-00109,直连,,,2.657068529648498,2.657068529648498,
PH-0013,Q3-T-002,巡航,1,662.9504403290156,662.9504403290156,1.0,1.0,True,True,COM-00110,直连,,,2.2410165102830177,2.2410165102830177,
PH-0014,Q3-T-002,下降,1,662.9504403290156,688.4143651774021,0.0,0.714824110688457,False,True,COM-00111,直连,,,2.244256312054077,2.244256312054077,
PH-0014,Q3-T-002,下降,1,688.4143651774021,688.4143651774021,0.714824110688457,0.714824110688457,True,True,COM-00112,直连,,,2.2465553185876814,2.2465553185876814,
PH-0014,Q3-T-002,下降,1,688.4143651774021,694.3842982433409,0.714824110688457,0.8824122621669849,False,True,COM-00113,直连,,,2.2469580005630974,2.2469580005630974,
PH-0014,Q3-T-002,下降,1,694.3842982433409,694.3842982433409,0.8824122621669849,0.8824122621669849,True,True,COM-00114,直连,,,2.2473088722119314,2.2473088722119314,
PH-0014,Q3-T-002,下降,1,694.3842982433409,697.0820771027705,0.8824122621669849,0.9581443963728433,False,True,COM-00115,直连,,,2.247450429231904,2.247450429231904,
PH-0014,Q3-T-002,下降,1,697.0820771027705,697.0820771027705,0.9581443963728433,0.9581443963728433,True,True,COM-00116,直连,,,2.2475814025186764,2.2475814025186764,
PH-0014,Q3-T-002,下降,1,697.0820771027705,698.5730843719844,0.9581443963728433,1.0,False,True,COM-00117,直连,,,2.247649247293978,2.247649247293978,
PH-0014,Q3-T-002,下降,1,698.5730843719844,698.5730843719844,1.0,1.0,True,True,COM-00118,直连,,,2.24771385877267,2.24771385877267,
PH-0015,Q3-T-002,投送交接,1,698.5730843719844,908.5730843719844,0.0,1.0,False,True,COM-00119,直连,,,2.24771385877267,2.24771385877267,
PH-0015,Q3-T-002,投送交接,1,908.5730843719844,908.5730843719844,1.0,1.0,True,True,COM-00120,直连,,,2.24771385877267,2.24771385877267,
PH-0016,Q3-T-002,爬升,2,908.5730843719844,909.8155904296625,0.0,0.04185560362715678,False,True,COM-00121,直连,,,2.247649247293978,2.247649247293978,
PH-0016,Q3-T-002,爬升,2,909.8155904296625,909.8155904296625,0.04185560362715678,0.04185560362715678,True,True,COM-00122,直连,,,2.2475814025186764,2.2475814025186764,
PH-0016,Q3-T-002,爬升,2,909.8155904296625,912.0637394791872,0.04185560362715678,0.11758773783301517,False,True,COM-00123,直连,,,2.247450429231904,2.247450429231904,
PH-0016,Q3-T-002,爬升,2,912.0637394791872,912.0637394791872,0.11758773783301517,0.11758773783301517,True,True,COM-00124,直连,,,2.2473088722119314,2.2473088722119314,
PH-0016,Q3-T-002,爬升,2,912.0637394791872,917.0386837008028,0.11758773783301517,0.28517588931154303,False,True,COM-00125,直连,,,2.2469580005630974,2.2469580005630974,
PH-0016,Q3-T-002,爬升,2,917.0386837008028,917.0386837008028,0.28517588931154303,0.28517588931154303,True,True,COM-00126,直连,,,2.2465553185876814,2.2465553185876814,
PH-0016,Q3-T-002,爬升,2,917.0386837008028,938.2586210744583,0.28517588931154303,1.0,False,True,COM-00127,直连,,,2.244256312054077,2.244256312054077,
PH-0016,Q3-T-002,爬升,2,938.2586210744583,938.2586210744583,1.0,1.0,True,True,COM-00128,直连,,,2.2410165102830177,2.2410165102830177,
PH-0017,Q3-T-002,巡航,2,938.2586210744583,993.5823775370045,0.0,0.21738365311846422,False,True,COM-00129,直连,,,3.2385689458567555,3.2385689458567555,
PH-0017,Q3-T-002,巡航,2,993.5823775370045,993.5823775370045,0.21738365311846422,0.21738365311846422,True,True,COM-00130,直连,,,4.365419094587921,4.365419094587921,
PH-0017,Q3-T-002,巡航,2,993.5823775370045,1005.910512091473,0.21738365311846422,0.2658245959781675,False,True,COM-00131,直连,,,4.6377051069436845,4.6377051069436845,
PH-0017,Q3-T-002,巡航,2,1005.910512091473,1005.910512091473,0.2658245959781675,0.2658245959781675,True,True,COM-00132,直连,,,4.918777094567162,4.918777094567162,
PH-0017,Q3-T-002,巡航,2,1005.910512091473,1058.7862256287979,0.2658245959781675,0.47358915328494855,False,True,COM-00133,直连,,,6.239096637791931,6.239096637791931,
PH-0017,Q3-T-002,巡航,2,1058.7862256287979,1058.7862256287979,0.47358915328494855,0.47358915328494855,True,True,COM-00134,直连,,,17.79550583936357,17.79550583936357,
PH-0017,Q3-T-002,巡航,2,1058.7862256287979,1192.7568580343334,0.47358915328494855,1.0,False,True,COM-00135,直连,,,23.738075011207812,23.738075011207812,
PH-0017,Q3-T-002,巡航,2,1192.7568580343334,1192.7568580343334,1.0,1.0,True,True,COM-00136,直连,,,39.982830377148545,39.982830377148545,
PH-0018,Q3-T-002,下降,2,1192.7568580343334,1217.3016592915526,0.0,0.4221480061876795,False,True,COM-00137,直连,,,42.421013060402686,42.421013060402686,
PH-0018,Q3-T-002,下降,2,1217.3016592915526,1217.3016592915526,0.4221480061876795,0.4221480061876795,True,True,COM-00138,直连,,,45.82290764368429,45.82290764368429,
PH-0018,Q3-T-002,下降,2,1217.3016592915526,1225.977956606348,0.4221480061876795,0.5713723398520267,False,True,COM-00139,直连,,,47.43583475502051,47.43583475502051,
PH-0018,Q3-T-002,下降,2,1225.977956606348,1225.977956606348,0.5713723398520267,0.5713723398520267,True,True,COM-00140,直连,,,49.41817448628592,49.41817448628592,
PH-0018,Q3-T-002,下降,2,1225.977956606348,1228.476241845006,0.5713723398520267,0.6143405481229054,False,True,COM-00141,直连,,,50.084263263081965,50.084263263081965,
PH-0018,Q3-T-002,下降,2,1228.476241845006,1228.476241845006,0.6143405481229054,0.6143405481229054,True,True,COM-00142,直连,,,50.805706205104286,50.805706205104286,
PH-0018,Q3-T-002,下降,2,1228.476241845006,1238.2102319834157,0.6143405481229054,0.7817562255251269,False,True,COM-00143,直连,,,54.38121115513681,54.38121115513681,
PH-0018,Q3-T-002,下降,2,1238.2102319834157,1238.2102319834157,0.7817562255251269,0.7817562255251269,True,True,COM-00144,直连,,,60.56487003084809,60.56487003084809,
PH-0018,Q3-T-002,下降,2,1238.2102319834157,1239.376314760756,0.7817562255251269,0.8018117767738546,False,True,COM-00145,直连,,,61.71811229890638,61.71811229890638,
PH-0018,Q3-T-002,下降,2,1239.376314760756,1239.376314760756,0.8018117767738546,0.8018117767738546,True,True,COM-00146,直连,,,63.04826031558974,63.04826031558974,
PH-0018,Q3-T-002,下降,2,1239.376314760756,1250.4892860088491,0.8018117767738546,0.9929446609247771,False,True,COM-00147,直连,,,67.82295300936038,67.82295300936038,
PH-0018,Q3-T-002,下降,2,1250.4892860088491,1250.4892860088491,0.9929446609247771,0.9929446609247771,True,True,COM-00148,直连,,,46.38238674364699,46.38238674364699,
PH-0018,Q3-T-002,下降,2,1250.4892860088491,1250.8995020773023,0.9929446609247771,1.0,False,True,COM-00149,直连,,,46.150772984109935,46.150772984109935,
PH-0018,Q3-T-002,下降,2,1250.8995020773023,1250.8995020773023,1.0,1.0,True,True,COM-00150,直连,,,45.92517525248826,45.92517525248826,
PH-0019,Q3-T-003,爬升,1,360.0,360.0,0.0,0.0,True,True,COM-00151,直连,,,45.92517525248826,45.92517525248826,
PH-0019,Q3-T-003,爬升,1,360.0,360.34184672371094,0.0,0.00705533907522279,False,True,COM-00152,直连,,,46.15077298410978,46.15077298410978,
PH-0019,Q3-T-003,爬升,1,360.34184672371094,360.34184672371094,0.00705533907522279,0.00705533907522279,True,True,COM-00153,直连,,,46.38238674364702,46.38238674364702,
PH-0019,Q3-T-003,爬升,1,360.34184672371094,369.60265609712184,0.00705533907522279,0.19818822322614532,False,True,COM-00154,直连,,,67.82295300936092,67.82295300936092,
PH-0019,Q3-T-003,爬升,1,369.60265609712184,369.60265609712184,0.19818822322614532,0.19818822322614532,True,True,COM-00155,直连,,,63.04826031558974,63.04826031558974,
PH-0019,Q3-T-003,爬升,1,369.60265609712184,370.5743917449054,0.19818822322614532,0.21824377447487314,False,True,COM-00156,直连,,,61.71811229890638,61.71811229890638,
PH-0019,Q3-T-003,爬升,1,370.5743917449054,370.5743917449054,0.21824377447487314,0.21824377447487314,True,True,COM-00157,直连,,,60.56487003084809,60.56487003084809,
PH-0019,Q3-T-003,爬升,1,370.5743917449054,378.6860501935803,0.21824377447487314,0.3856594518770947,False,True,COM-00158,直连,,,54.38121115513681,54.38121115513681,
PH-0019,Q3-T-003,爬升,1,378.6860501935803,378.6860501935803,0.3856594518770947,0.3856594518770947,True,True,COM-00159,直连,,,50.80570620510426,50.80570620510426,
PH-0019,Q3-T-003,爬升,1,378.6860501935803,387.99820232145794,0.3856594518770947,0.5778519938123206,False,True,COM-00160,直连,,,47.96179382527538,47.96179382527538,
PH-0019,Q3-T-003,爬升,1,387.99820232145794,387.99820232145794,0.5778519938123206,0.5778519938123206,True,True,COM-00161,直连,,,45.82290764368433,45.82290764368433,
PH-0019,Q3-T-003,爬升,1,387.99820232145794,408.45220336914065,0.5778519938123206,1.0,False,True,COM-00162,直连,,,42.421013060402686,42.421013060402686,
PH-0019,Q3-T-003,爬升,1,408.45220336914065,408.45220336914065,1.0,1.0,True,True,COM-00163,直连,,,39.982830377148545,39.982830377148545,
PH-0020,Q3-T-003,巡航,1,408.45220336914065,442.62231115873317,0.0,0.13426461494497463,False,True,COM-00164,直连,,,34.3303321742722,34.3303321742722,
PH-0020,Q3-T-003,巡航,1,442.62231115873317,442.62231115873317,0.13426461494497463,0.13426461494497463,True,True,COM-00165,直连,,,29.301066281299228,29.301066281299228,
PH-0020,Q3-T-003,巡航,1,442.62231115873317,542.4228357746762,0.13426461494497463,0.5264108467150513,False,True,COM-00166,直连,,,21.802623197763452,21.802623197763452,
PH-0020,Q3-T-003,巡航,1,542.4228357746762,542.4228357746762,0.5264108467150513,0.5264108467150513,True,True,COM-00167,直连,,,17.79550583936357,17.79550583936357,
PH-0020,Q3-T-003,巡航,1,542.4228357746762,595.2985493120008,0.5264108467150513,0.7341754040218321,False,True,COM-00168,直连,,,6.239096637791931,6.239096637791931,
PH-0020,Q3-T-003,巡航,1,595.2985493120008,595.2985493120008,0.7341754040218321,0.7341754040218321,True,True,COM-00169,直连,,,4.918777094567162,4.918777094567162,
PH-0020,Q3-T-003,巡航,1,595.2985493120008,607.6266838664694,0.7341754040218321,0.7826163468815358,False,True,COM-00170,直连,,,4.6377051069436845,4.6377051069436845,
PH-0020,Q3-T-003,巡航,1,607.6266838664694,607.6266838664694,0.7826163468815358,0.7826163468815358,True,True,COM-00171,直连,,,4.365419094587921,4.365419094587921,
PH-0020,Q3-T-003,巡航,1,607.6266838664694,639.1032424286232,0.7826163468815358,0.90629719802675,False,True,COM-00172,直连,,,3.706530259297921,3.706530259297921,
PH-0020,Q3-T-003,巡航,1,639.1032424286232,639.1032424286232,0.90629719802675,0.90629719802675,True,True,COM-00173,直连,,,3.0940154903199755,3.0940154903199755,
PH-0020,Q3-T-003,巡航,1,639.1032424286232,662.9504403290156,0.90629719802675,1.0,False,True,COM-00174,直连,,,2.657068529648498,2.657068529648498,
PH-0020,Q3-T-003,巡航,1,662.9504403290156,662.9504403290156,1.0,1.0,True,True,COM-00175,直连,,,2.2410165102830177,2.2410165102830177,
PH-0021,Q3-T-003,下降,1,662.9504403290156,688.4143651774021,0.0,0.714824110688457,False,True,COM-00176,直连,,,2.244256312054077,2.244256312054077,
PH-0021,Q3-T-003,下降,1,688.4143651774021,688.4143651774021,0.714824110688457,0.714824110688457,True,True,COM-00177,直连,,,2.2465553185876814,2.2465553185876814,
PH-0021,Q3-T-003,下降,1,688.4143651774021,694.3842982433409,0.714824110688457,0.8824122621669849,False,True,COM-00178,直连,,,2.2469580005630974,2.2469580005630974,
PH-0021,Q3-T-003,下降,1,694.3842982433409,694.3842982433409,0.8824122621669849,0.8824122621669849,True,True,COM-00179,直连,,,2.2473088722119314,2.2473088722119314,
PH-0021,Q3-T-003,下降,1,694.3842982433409,697.0820771027705,0.8824122621669849,0.9581443963728433,False,True,COM-00180,直连,,,2.247450429231904,2.247450429231904,
PH-0021,Q3-T-003,下降,1,697.0820771027705,697.0820771027705,0.9581443963728433,0.9581443963728433,True,True,COM-00181,直连,,,2.2475814025186764,2.2475814025186764,
PH-0021,Q3-T-003,下降,1,697.0820771027705,698.5730843719844,0.9581443963728433,1.0,False,True,COM-00182,直连,,,2.247649247293978,2.247649247293978,
PH-0021,Q3-T-003,下降,1,698.5730843719844,698.5730843719844,1.0,1.0,True,True,COM-00183,直连,,,2.24771385877267,2.24771385877267,
PH-0022,Q3-T-003,投送交接,1,698.5730843719844,908.5730843719844,0.0,1.0,False,True,COM-00184,直连,,,2.24771385877267,2.24771385877267,
PH-0022,Q3-T-003,投送交接,1,908.5730843719844,908.5730843719844,1.0,1.0,True,True,COM-00185,直连,,,2.24771385877267,2.24771385877267,
PH-0023,Q3-T-003,爬升,2,908.5730843719844,909.8155904296625,0.0,0.04185560362715678,False,True,COM-00186,直连,,,2.247649247293978,2.247649247293978,
PH-0023,Q3-T-003,爬升,2,909.8155904296625,909.8155904296625,0.04185560362715678,0.04185560362715678,True,True,COM-00187,直连,,,2.2475814025186764,2.2475814025186764,
PH-0023,Q3-T-003,爬升,2,909.8155904296625,912.0637394791872,0.04185560362715678,0.11758773783301517,False,True,COM-00188,直连,,,2.247450429231904,2.247450429231904,
PH-0023,Q3-T-003,爬升,2,912.0637394791872,912.0637394791872,0.11758773783301517,0.11758773783301517,True,True,COM-00189,直连,,,2.2473088722119314,2.2473088722119314,
PH-0023,Q3-T-003,爬升,2,912.0637394791872,917.0386837008028,0.11758773783301517,0.28517588931154303,False,True,COM-00190,直连,,,2.2469580005630974,2.2469580005630974,
PH-0023,Q3-T-003,爬升,2,917.0386837008028,917.0386837008028,0.28517588931154303,0.28517588931154303,True,True,COM-00191,直连,,,2.2465553185876814,2.2465553185876814,
PH-0023,Q3-T-003,爬升,2,917.0386837008028,938.2586210744583,0.28517588931154303,1.0,False,True,COM-00192,直连,,,2.244256312054077,2.244256312054077,
PH-0023,Q3-T-003,爬升,2,938.2586210744583,938.2586210744583,1.0,1.0,True,True,COM-00193,直连,,,2.2410165102830177,2.2410165102830177,
PH-0024,Q3-T-003,巡航,2,938.2586210744583,993.5823775370045,0.0,0.21738365311846422,False,True,COM-00194,直连,,,3.2385689458567555,3.2385689458567555,
PH-0024,Q3-T-003,巡航,2,993.5823775370045,993.5823775370045,0.21738365311846422,0.21738365311846422,True,True,COM-00195,直连,,,4.365419094587921,4.365419094587921,
PH-0024,Q3-T-003,巡航,2,993.5823775370045,1005.910512091473,0.21738365311846422,0.2658245959781675,False,True,COM-00196,直连,,,4.6377051069436845,4.6377051069436845,
PH-0024,Q3-T-003,巡航,2,1005.910512091473,1005.910512091473,0.2658245959781675,0.2658245959781675,True,True,COM-00197,直连,,,4.918777094567162,4.918777094567162,
PH-0024,Q3-T-003,巡航,2,1005.910512091473,1058.7862256287979,0.2658245959781675,0.47358915328494855,False,True,COM-00198,直连,,,6.239096637791931,6.239096637791931,
PH-0024,Q3-T-003,巡航,2,1058.7862256287979,1058.7862256287979,0.47358915328494855,0.47358915328494855,True,True,COM-00199,直连,,,17.79550583936357,17.79550583936357,
PH-0024,Q3-T-003,巡航,2,1058.7862256287979,1192.7568580343334,0.47358915328494855,1.0,False,True,COM-00200,直连,,,23.738075011207812,23.738075011207812,
PH-0024,Q3-T-003,巡航,2,1192.7568580343334,1192.7568580343334,1.0,1.0,True,True,COM-00201,直连,,,39.982830377148545,39.982830377148545,
PH-0025,Q3-T-003,下降,2,1192.7568580343334,1217.3016592915526,0.0,0.4221480061876795,False,True,COM-00202,直连,,,42.421013060402686,42.421013060402686,
PH-0025,Q3-T-003,下降,2,1217.3016592915526,1217.3016592915526,0.4221480061876795,0.4221480061876795,True,True,COM-00203,直连,,,45.82290764368429,45.82290764368429,
PH-0025,Q3-T-003,下降,2,1217.3016592915526,1225.977956606348,0.4221480061876795,0.5713723398520267,False,True,COM-00204,直连,,,47.43583475502051,47.43583475502051,
PH-0025,Q3-T-003,下降,2,1225.977956606348,1225.977956606348,0.5713723398520267,0.5713723398520267,True,True,COM-00205,直连,,,49.41817448628592,49.41817448628592,
PH-0025,Q3-T-003,下降,2,1225.977956606348,1228.476241845006,0.5713723398520267,0.6143405481229054,False,True,COM-00206,直连,,,50.084263263081965,50.084263263081965,
PH-0025,Q3-T-003,下降,2,1228.476241845006,1228.476241845006,0.6143405481229054,0.6143405481229054,True,True,COM-00207,直连,,,50.805706205104286,50.805706205104286,
PH-0025,Q3-T-003,下降,2,1228.476241845006,1238.2102319834157,0.6143405481229054,0.7817562255251269,False,True,COM-00208,直连,,,54.38121115513681,54.38121115513681,
PH-0025,Q3-T-003,下降,2,1238.2102319834157,1238.2102319834157,0.7817562255251269,0.7817562255251269,True,True,COM-00209,直连,,,60.56487003084809,60.56487003084809,
PH-0025,Q3-T-003,下降,2,1238.2102319834157,1239.376314760756,0.7817562255251269,0.8018117767738546,False,True,COM-00210,直连,,,61.71811229890638,61.71811229890638,
PH-0025,Q3-T-003,下降,2,1239.376314760756,1239.376314760756,0.8018117767738546,0.8018117767738546,True,True,COM-00211,直连,,,63.04826031558974,63.04826031558974,
PH-0025,Q3-T-003,下降,2,1239.376314760756,1250.4892860088491,0.8018117767738546,0.9929446609247771,False,True,COM-00212,直连,,,67.82295300936038,67.82295300936038,
PH-0025,Q3-T-003,下降,2,1250.4892860088491,1250.4892860088491,0.9929446609247771,0.9929446609247771,True,True,COM-00213,直连,,,46.38238674364699,46.38238674364699,
PH-0025,Q3-T-003,下降,2,1250.4892860088491,1250.8995020773023,0.9929446609247771,1.0,False,True,COM-00214,直连,,,46.150772984109935,46.150772984109935,
PH-0025,Q3-T-003,下降,2,1250.8995020773023,1250.8995020773023,1.0,1.0,True,True,COM-00215,直连,,,45.92517525248826,45.92517525248826,
PH-0026,Q3-T-004,爬升,1,360.0,360.0,0.0,0.0,True,True,COM-00216,直连,,,45.92517525248826,45.92517525248826,
PH-0026,Q3-T-004,爬升,1,360.0,360.34184672371094,0.0,0.00705533907522279,False,True,COM-00217,直连,,,46.15077298410978,46.15077298410978,
PH-0026,Q3-T-004,爬升,1,360.34184672371094,360.34184672371094,0.00705533907522279,0.00705533907522279,True,True,COM-00218,直连,,,46.38238674364702,46.38238674364702,
PH-0026,Q3-T-004,爬升,1,360.34184672371094,369.60265609712184,0.00705533907522279,0.19818822322614532,False,True,COM-00219,直连,,,67.82295300936092,67.82295300936092,
PH-0026,Q3-T-004,爬升,1,369.60265609712184,369.60265609712184,0.19818822322614532,0.19818822322614532,True,True,COM-00220,直连,,,63.04826031558974,63.04826031558974,
PH-0026,Q3-T-004,爬升,1,369.60265609712184,370.5743917449054,0.19818822322614532,0.21824377447487314,False,True,COM-00221,直连,,,61.71811229890638,61.71811229890638,
PH-0026,Q3-T-004,爬升,1,370.5743917449054,370.5743917449054,0.21824377447487314,0.21824377447487314,True,True,COM-00222,直连,,,60.56487003084809,60.56487003084809,
PH-0026,Q3-T-004,爬升,1,370.5743917449054,378.6860501935803,0.21824377447487314,0.3856594518770947,False,True,COM-00223,直连,,,54.38121115513681,54.38121115513681,
PH-0026,Q3-T-004,爬升,1,378.6860501935803,378.6860501935803,0.3856594518770947,0.3856594518770947,True,True,COM-00224,直连,,,50.80570620510426,50.80570620510426,
PH-0026,Q3-T-004,爬升,1,378.6860501935803,387.99820232145794,0.3856594518770947,0.5778519938123206,False,True,COM-00225,直连,,,47.96179382527538,47.96179382527538,
PH-0026,Q3-T-004,爬升,1,387.99820232145794,387.99820232145794,0.5778519938123206,0.5778519938123206,True,True,COM-00226,直连,,,45.82290764368433,45.82290764368433,
PH-0026,Q3-T-004,爬升,1,387.99820232145794,408.45220336914065,0.5778519938123206,1.0,False,True,COM-00227,直连,,,42.421013060402686,42.421013060402686,
PH-0026,Q3-T-004,爬升,1,408.45220336914065,408.45220336914065,1.0,1.0,True,True,COM-00228,直连,,,39.982830377148545,39.982830377148545,
PH-0027,Q3-T-004,巡航,1,408.45220336914065,442.62231115873317,0.0,0.13426461494497463,False,True,COM-00229,直连,,,34.3303321742722,34.3303321742722,
PH-0027,Q3-T-004,巡航,1,442.62231115873317,442.62231115873317,0.13426461494497463,0.13426461494497463,True,True,COM-00230,直连,,,29.301066281299228,29.301066281299228,
PH-0027,Q3-T-004,巡航,1,442.62231115873317,542.4228357746762,0.13426461494497463,0.5264108467150513,False,True,COM-00231,直连,,,21.802623197763452,21.802623197763452,
PH-0027,Q3-T-004,巡航,1,542.4228357746762,542.4228357746762,0.5264108467150513,0.5264108467150513,True,True,COM-00232,直连,,,17.79550583936357,17.79550583936357,
PH-0027,Q3-T-004,巡航,1,542.4228357746762,595.2985493120008,0.5264108467150513,0.7341754040218321,False,True,COM-00233,直连,,,6.239096637791931,6.239096637791931,
PH-0027,Q3-T-004,巡航,1,595.2985493120008,595.2985493120008,0.7341754040218321,0.7341754040218321,True,True,COM-00234,直连,,,4.918777094567162,4.918777094567162,
PH-0027,Q3-T-004,巡航,1,595.2985493120008,607.6266838664694,0.7341754040218321,0.7826163468815358,False,True,COM-00235,直连,,,4.6377051069436845,4.6377051069436845,
PH-0027,Q3-T-004,巡航,1,607.6266838664694,607.6266838664694,0.7826163468815358,0.7826163468815358,True,True,COM-00236,直连,,,4.365419094587921,4.365419094587921,
PH-0027,Q3-T-004,巡航,1,607.6266838664694,639.1032424286232,0.7826163468815358,0.90629719802675,False,True,COM-00237,直连,,,3.706530259297921,3.706530259297921,
PH-0027,Q3-T-004,巡航,1,639.1032424286232,639.1032424286232,0.90629719802675,0.90629719802675,True,True,COM-00238,直连,,,3.0940154903199755,3.0940154903199755,
PH-0027,Q3-T-004,巡航,1,639.1032424286232,662.9504403290156,0.90629719802675,1.0,False,True,COM-00239,直连,,,2.657068529648498,2.657068529648498,
PH-0027,Q3-T-004,巡航,1,662.9504403290156,662.9504403290156,1.0,1.0,True,True,COM-00240,直连,,,2.2410165102830177,2.2410165102830177,
PH-0028,Q3-T-004,下降,1,662.9504403290156,688.4143651774021,0.0,0.714824110688457,False,True,COM-00241,直连,,,2.244256312054077,2.244256312054077,
PH-0028,Q3-T-004,下降,1,688.4143651774021,688.4143651774021,0.714824110688457,0.714824110688457,True,True,COM-00242,直连,,,2.2465553185876814,2.2465553185876814,
PH-0028,Q3-T-004,下降,1,688.4143651774021,694.3842982433409,0.714824110688457,0.8824122621669849,False,True,COM-00243,直连,,,2.2469580005630974,2.2469580005630974,
PH-0028,Q3-T-004,下降,1,694.3842982433409,694.3842982433409,0.8824122621669849,0.8824122621669849,True,True,COM-00244,直连,,,2.2473088722119314,2.2473088722119314,
PH-0028,Q3-T-004,下降,1,694.3842982433409,697.0820771027705,0.8824122621669849,0.9581443963728433,False,True,COM-00245,直连,,,2.247450429231904,2.247450429231904,
PH-0028,Q3-T-004,下降,1,697.0820771027705,697.0820771027705,0.9581443963728433,0.9581443963728433,True,True,COM-00246,直连,,,2.2475814025186764,2.2475814025186764,
PH-0028,Q3-T-004,下降,1,697.0820771027705,698.5730843719844,0.9581443963728433,1.0,False,True,COM-00247,直连,,,2.247649247293978,2.247649247293978,
PH-0028,Q3-T-004,下降,1,698.5730843719844,698.5730843719844,1.0,1.0,True,True,COM-00248,直连,,,2.24771385877267,2.24771385877267,
PH-0029,Q3-T-004,投送交接,1,698.5730843719844,908.5730843719844,0.0,1.0,False,True,COM-00249,直连,,,2.24771385877267,2.24771385877267,
PH-0029,Q3-T-004,投送交接,1,908.5730843719844,908.5730843719844,1.0,1.0,True,True,COM-00250,直连,,,2.24771385877267,2.24771385877267,
PH-0030,Q3-T-004,爬升,2,908.5730843719844,909.8155904296625,0.0,0.04185560362715678,False,True,COM-00251,直连,,,2.247649247293978,2.247649247293978,
PH-0030,Q3-T-004,爬升,2,909.8155904296625,909.8155904296625,0.04185560362715678,0.04185560362715678,True,True,COM-00252,直连,,,2.2475814025186764,2.2475814025186764,
PH-0030,Q3-T-004,爬升,2,909.8155904296625,912.0637394791872,0.04185560362715678,0.11758773783301517,False,True,COM-00253,直连,,,2.247450429231904,2.247450429231904,
PH-0030,Q3-T-004,爬升,2,912.0637394791872,912.0637394791872,0.11758773783301517,0.11758773783301517,True,True,COM-00254,直连,,,2.2473088722119314,2.2473088722119314,
PH-0030,Q3-T-004,爬升,2,912.0637394791872,917.0386837008028,0.11758773783301517,0.28517588931154303,False,True,COM-00255,直连,,,2.2469580005630974,2.2469580005630974,
PH-0030,Q3-T-004,爬升,2,917.0386837008028,917.0386837008028,0.28517588931154303,0.28517588931154303,True,True,COM-00256,直连,,,2.2465553185876814,2.2465553185876814,
PH-0030,Q3-T-004,爬升,2,917.0386837008028,938.2586210744583,0.28517588931154303,1.0,False,True,COM-00257,直连,,,2.244256312054077,2.244256312054077,
PH-0030,Q3-T-004,爬升,2,938.2586210744583,938.2586210744583,1.0,1.0,True,True,COM-00258,直连,,,2.2410165102830177,2.2410165102830177,
PH-0031,Q3-T-004,巡航,2,938.2586210744583,993.5823775370045,0.0,0.21738365311846422,False,True,COM-00259,直连,,,3.2385689458567555,3.2385689458567555,
PH-0031,Q3-T-004,巡航,2,993.5823775370045,993.5823775370045,0.21738365311846422,0.21738365311846422,True,True,COM-00260,直连,,,4.365419094587921,4.365419094587921,
PH-0031,Q3-T-004,巡航,2,993.5823775370045,1005.910512091473,0.21738365311846422,0.2658245959781675,False,True,COM-00261,直连,,,4.6377051069436845,4.6377051069436845,
PH-0031,Q3-T-004,巡航,2,1005.910512091473,1005.910512091473,0.2658245959781675,0.2658245959781675,True,True,COM-00262,直连,,,4.918777094567162,4.918777094567162,
PH-0031,Q3-T-004,巡航,2,1005.910512091473,1058.7862256287979,0.2658245959781675,0.47358915328494855,False,True,COM-00263,直连,,,6.239096637791931,6.239096637791931,
PH-0031,Q3-T-004,巡航,2,1058.7862256287979,1058.7862256287979,0.47358915328494855,0.47358915328494855,True,True,COM-00264,直连,,,17.79550583936357,17.79550583936357,
PH-0031,Q3-T-004,巡航,2,1058.7862256287979,1192.7568580343334,0.47358915328494855,1.0,False,True,COM-00265,直连,,,23.738075011207812,23.738075011207812,
PH-0031,Q3-T-004,巡航,2,1192.7568580343334,1192.7568580343334,1.0,1.0,True,True,COM-00266,直连,,,39.982830377148545,39.982830377148545,
PH-0032,Q3-T-004,下降,2,1192.7568580343334,1217.3016592915526,0.0,0.4221480061876795,False,True,COM-00267,直连,,,42.421013060402686,42.421013060402686,
PH-0032,Q3-T-004,下降,2,1217.3016592915526,1217.3016592915526,0.4221480061876795,0.4221480061876795,True,True,COM-00268,直连,,,45.82290764368429,45.82290764368429,
PH-0032,Q3-T-004,下降,2,1217.3016592915526,1225.977956606348,0.4221480061876795,0.5713723398520267,False,True,COM-00269,直连,,,47.43583475502051,47.43583475502051,
PH-0032,Q3-T-004,下降,2,1225.977956606348,1225.977956606348,0.5713723398520267,0.5713723398520267,True,True,COM-00270,直连,,,49.41817448628592,49.41817448628592,
PH-0032,Q3-T-004,下降,2,1225.977956606348,1228.476241845006,0.5713723398520267,0.6143405481229054,False,True,COM-00271,直连,,,50.084263263081965,50.084263263081965,
PH-0032,Q3-T-004,下降,2,1228.476241845006,1228.476241845006,0.6143405481229054,0.6143405481229054,True,True,COM-00272,直连,,,50.805706205104286,50.805706205104286,
PH-0032,Q3-T-004,下降,2,1228.476241845006,1238.2102319834157,0.6143405481229054,0.7817562255251269,False,True,COM-00273,直连,,,54.38121115513681,54.38121115513681,
PH-0032,Q3-T-004,下降,2,1238.2102319834157,1238.2102319834157,0.7817562255251269,0.7817562255251269,True,True,COM-00274,直连,,,60.56487003084809,60.56487003084809,
PH-0032,Q3-T-004,下降,2,1238.2102319834157,1239.376314760756,0.7817562255251269,0.8018117767738546,False,True,COM-00275,直连,,,61.71811229890638,61.71811229890638,
PH-0032,Q3-T-004,下降,2,1239.376314760756,1239.376314760756,0.8018117767738546,0.8018117767738546,True,True,COM-00276,直连,,,63.04826031558974,63.04826031558974,
PH-0032,Q3-T-004,下降,2,1239.376314760756,1250.4892860088491,0.8018117767738546,0.9929446609247771,False,True,COM-00277,直连,,,67.82295300936038,67.82295300936038,
PH-0032,Q3-T-004,下降,2,1250.4892860088491,1250.4892860088491,0.9929446609247771,0.9929446609247771,True,True,COM-00278,直连,,,46.38238674364699,46.38238674364699,
PH-0032,Q3-T-004,下降,2,1250.4892860088491,1250.8995020773023,0.9929446609247771,1.0,False,True,COM-00279,直连,,,46.150772984109935,46.150772984109935,
PH-0032,Q3-T-004,下降,2,1250.8995020773023,1250.8995020773023,1.0,1.0,True,True,COM-00280,直连,,,45.92517525248826,45.92517525248826,
PH-0033,Q3-T-005,爬升,1,360.0,360.0,0.0,0.0,True,True,COM-00281,直连,,,45.92517525248826,45.92517525248826,
PH-0033,Q3-T-005,爬升,1,360.0,360.34184672371094,0.0,0.002668778977357725,False,True,COM-00282,直连,,,46.15077298410978,46.15077298410978,
PH-0033,Q3-T-005,爬升,1,360.34184672371094,360.34184672371094,0.002668778977357725,0.002668778977357725,True,True,COM-00283,直连,,,46.38238674364702,46.38238674364702,
PH-0033,Q3-T-005,爬升,1,360.34184672371094,369.60265609712184,0.002668778977357725,0.07496741943463782,False,True,COM-00284,直连,,,67.82295300936092,67.82295300936092,
PH-0033,Q3-T-005,爬升,1,369.60265609712184,369.60265609712184,0.07496741943463782,0.07496741943463782,True,True,COM-00285,直连,,,63.04826031558974,63.04826031558974,
PH-0033,Q3-T-005,爬升,1,369.60265609712184,370.5743917449054,0.07496741943463782,0.08255370734812625,False,True,COM-00286,直连,,,61.71811229890638,61.71811229890638,
PH-0033,Q3-T-005,爬升,1,370.5743917449054,370.5743917449054,0.08255370734812625,0.08255370734812625,True,True,COM-00287,直连,,,60.56487003084809,60.56487003084809,
PH-0033,Q3-T-005,爬升,1,370.5743917449054,378.6860501935803,0.08255370734812625,0.14588098837140476,False,True,COM-00288,直连,,,54.38121115513681,54.38121115513681,
PH-0033,Q3-T-005,爬升,1,378.6860501935803,378.6860501935803,0.14588098837140476,0.14588098837140476,True,True,COM-00289,直连,,,50.80570620510426,50.80570620510426,
PH-0033,Q3-T-005,爬升,1,378.6860501935803,387.99820232145794,0.14588098837140476,0.218580458950071,False,True,COM-00290,直连,,,47.96179382527538,47.96179382527538,
PH-0033,Q3-T-005,爬升,1,387.99820232145794,387.99820232145794,0.218580458950071,0.218580458950071,True,True,COM-00291,直连,,,45.82290764368432,45.82290764368432,
PH-0033,Q3-T-005,爬升,1,387.99820232145794,442.62231115873317,0.218580458950071,0.6450279373383374,False,True,COM-00292,直连,,,38.66283767225585,38.66283767225585,
PH-0033,Q3-T-005,爬升,1,442.62231115873317,442.62231115873317,0.6450279373383374,0.6450279373383374,True,True,COM-00293,直连,,,34.79214900886767,34.79214900886767,
PH-0033,Q3-T-005,爬升,1,442.62231115873317,488.0910583496094,0.6450279373383374,1.0,False,True,COM-00294,直连,,,32.517885499996595,32.517885499996595,
PH-0033,Q3-T-005,爬升,1,488.0910583496094,488.0910583496094,1.0,1.0,True,True,COM-00295,直连,,,30.717231343301734,30.717231343301734,
PH-0034,Q3-T-005,巡航,1,488.0910583496094,534.8765890021349,0.0,0.1547665812608028,False,True,COM-00296,直连,,,27.866197249686593,27.866197249686593,
PH-0034,Q3-T-005,巡航,1,534.8765890021349,534.8765890021349,0.1547665812608028,0.1547665812608028,True,True,COM-00297,直连,,,23.985237776552594,23.985237776552594,
PH-0034,Q3-T-005,巡航,1,534.8765890021349,593.6038086148992,0.1547665812608028,0.34903628130810316,False,True,COM-00298,直连,,,20.36955058484456,20.36955058484456,
PH-0034,Q3-T-005,巡航,1,593.6038086148992,593.6038086148992,0.34903628130810316,0.34903628130810316,True,True,COM-00299,直连,,,17.733207873753017,17.733207873753017,
PH-0034,Q3-T-005,巡航,1,593.6038086148992,639.1032424286232,0.34903628130810316,0.49954845296543415,False,True,COM-00300,直连,,,16.108520306951462,16.108520306951462,
PH-0034,Q3-T-005,巡航,1,639.1032424286232,639.1032424286232,0.49954845296543415,0.49954845296543415,True,True,COM-00301,直连,,,14.732344854909641,14.732344854909641,
PH-0034,Q3-T-005,巡航,1,639.1032424286232,738.0826087507219,0.49954845296543415,0.8269722937850094,False,True,COM-00302,直连,,,12.317847846709483,12.317847846709483,
PH-0034,Q3-T-005,巡航,1,738.0826087507219,738.0826087507219,0.8269722937850094,0.8269722937850094,True,True,COM-00303,直连,,,10.424165072705932,10.424165072705932,
PH-0034,Q3-T-005,巡航,1,738.0826087507219,742.895688322179,0.8269722937850094,0.8428939657254864,False,True,COM-00304,直连,,,10.341720892777232,10.341720892777232,
PH-0034,Q3-T-005,巡航,1,742.895688322179,742.895688322179,0.8428939657254864,0.8428939657254864,True,True,COM-00305,直连,,,0.26004478985798585,0.26004478985798585,
PH-0034,Q3-T-005,巡航,1,742.895688322179,750.7088541594214,0.8428939657254864,0.8687399259740621,False,True,COM-00306,直连,,,0.1290578285403825,0.1290578285403825,
PH-0034,Q3-T-005,巡航,1,750.7088541594214,750.7088541594214,0.8687399259740621,0.8687399259740621,True,True,COM-00307,直连,,,-8.952838470577262e-13,-8.952838470577262e-13,
PH-0034,Q3-T-005,巡航,1,750.7088541594214,790.3884294706104,0.8687399259740621,1.0,False,False,COM-00308,中继,Q3-R-001,0;2;3,1.7960878338589197,-0.6275883283273487,7.511029389008797
PH-0034,Q3-T-005,巡航,1,790.3884294706104,790.3884294706104,1.0,1.0,True,False,COM-00309,中继,Q3-R-001,0;2;3,0.3306075563598796,-1.213163824729719,7.511029389008797
PH-0035,Q3-T-005,下降,1,790.3884294706104,795.1750902401337,0.0,0.07320254176401689,False,False,COM-00310,中继,Q3-R-001,0;2;3,0.3328457570520271,-1.212256517913616,7.511029389008797
PH-0035,Q3-T-005,下降,1,795.1750902401337,795.1750902401337,0.07320254176401689,0.07320254176401689,True,False,COM-00311,中继,Q3-R-001,0;3,0.33499967869116176,-1.2113640524589329,7.511029389008797
PH-0035,Q3-T-005,下降,1,795.1750902401337,844.7310847644897,0.07320254176401689,0.8310638011044853,False,False,COM-00312,中继,Q3-R-001,0;3,0.3523184139888542,-1.2029987526912151,7.511029389008797
PH-0035,Q3-T-005,下降,1,844.7310847644897,844.7310847644897,0.8310638011044853,0.8310638011044853,True,False,COM-00313,中继,Q3-R-001,0;3,0.36048589855019486,-1.196234296101025,7.511029389008797
PH-0035,Q3-T-005,下降,1,844.7310847644897,855.0413130882181,0.8310638011044853,0.9887384214305557,False,False,COM-00314,中继,Q3-R-001,0;3,0.3610292815047984,-1.1950288400438893,7.511029389008797
PH-0035,Q3-T-005,下降,1,855.0413130882181,855.0413130882181,0.9887384214305557,0.9887384214305557,True,False,COM-00315,中继,Q3-R-001,0;3,0.3611739548907167,-1.1938930669570595,7.511029389008797
PH-0035,Q3-T-005,下降,1,855.0413130882181,855.7776994901417,0.9887384214305557,1.0,False,False,COM-00316,中继,Q3-R-001,0,0.36116903070569606,-1.1938146144316732,7.511029389008797
PH-0035,Q3-T-005,下降,1,855.7776994901417,855.7776994901417,1.0,1.0,True,False,COM-00317,中继,Q3-R-001,0,0.3611620723684297,-1.1937365176753048,7.511029389008797
PH-0036,Q3-T-005,投送交接,1,855.7776994901417,1065.7776994901417,0.0,1.0,False,False,COM-00318,中继,Q3-R-001,0,0.3611620723684297,-1.1937365176753048,7.511029389008797
PH-0036,Q3-T-005,投送交接,1,1065.7776994901417,1065.7776994901417,1.0,1.0,True,False,COM-00319,中继,Q3-R-001,0,0.3611620723684297,-1.1937365176753048,7.511029389008797
PH-0037,Q3-T-005,爬升,2,1065.7776994901417,1066.391354825078,0.0,0.011261578569444318,False,False,COM-00320,中继,Q3-R-001,0,0.36116903070569606,-1.1938146144316732,7.511029389008797
PH-0037,Q3-T-005,爬升,2,1066.391354825078,1066.391354825078,0.011261578569444318,0.011261578569444318,True,False,COM-00321,中继,Q3-R-001,0,0.3611739548907167,-1.1938930669570595,7.511029389008797
PH-0037,Q3-T-005,爬升,2,1066.391354825078,1074.9832117615183,0.011261578569444318,0.16893619889551476,False,False,COM-00322,中继,Q3-R-001,0;3,0.3610292815047984,-1.1950288400438893,7.511029389008797
PH-0037,Q3-T-005,爬升,2,1074.9832117615183,1074.9832117615183,0.16893619889551476,0.16893619889551476,True,False,COM-00323,中继,Q3-R-001,0;3,0.36048589855019486,-1.196234296101025,7.511029389008797
PH-0037,Q3-T-005,爬升,2,1074.9832117615183,1116.2798738651484,0.16893619889551476,0.9267974582359833,False,False,COM-00324,中继,Q3-R-001,0;3,0.3523184139888542,-1.2029987526912151,7.511029389008797
PH-0037,Q3-T-005,爬升,2,1116.2798738651484,1116.2798738651484,0.9267974582359833,0.9267974582359833,True,False,COM-00325,中继,Q3-R-001,0;2;3,0.33499967869116176,-1.2113640524589329,7.511029389008797
PH-0037,Q3-T-005,爬升,2,1116.2798738651484,1120.268757839751,0.9267974582359833,1.0,False,False,COM-00326,中继,Q3-R-001,0;2;3,0.3328457570520271,-1.212256517913616,7.511029389008797
PH-0037,Q3-T-005,爬升,2,1120.268757839751,1120.268757839751,1.0,1.0,True,False,COM-00327,中继,Q3-R-001,0;2;3,0.3306075563598796,-1.213163824729719,7.511029389008797
PH-0038,Q3-T-005,巡航,2,1120.268757839751,1159.94833315094,0.0,0.1312600740259379,False,False,COM-00328,中继,Q3-R-001,0;2;3,1.7960878338589197,-0.6275883283273487,7.511029389008797
PH-0038,Q3-T-005,巡航,2,1159.94833315094,1159.94833315094,0.1312600740259379,0.1312600740259379,True,True,COM-00329,直连,,,-8.952838470577262e-13,-8.952838470577262e-13,
PH-0038,Q3-T-005,巡航,2,1159.94833315094,1167.7614989881824,0.1312600740259379,0.15710603427451367,False,True,COM-00330,直连,,,0.1290578285403825,0.1290578285403825,
PH-0038,Q3-T-005,巡航,2,1167.7614989881824,1167.7614989881824,0.15710603427451367,0.15710603427451367,True,True,COM-00331,直连,,,0.26004478985798585,0.26004478985798585,
PH-0038,Q3-T-005,巡航,2,1167.7614989881824,1172.5745785596396,0.15710603427451367,0.1730277062149906,False,True,COM-00332,直连,,,10.341720892777232,10.341720892777232,
PH-0038,Q3-T-005,巡航,2,1172.5745785596396,1172.5745785596396,0.1730277062149906,0.1730277062149906,True,True,COM-00333,直连,,,10.424165072705932,10.424165072705932,
PH-0038,Q3-T-005,巡航,2,1172.5745785596396,1225.977956606348,0.1730277062149906,0.3496861331429992,False,True,COM-00334,直连,,,11.395014175363826,11.395014175363826,
PH-0038,Q3-T-005,巡航,2,1225.977956606348,1225.977956606348,0.3496861331429992,0.3496861331429992,True,True,COM-00335,直连,,,12.48654462257602,12.48654462257602,
PH-0038,Q3-T-005,巡航,2,1225.977956606348,1317.0533786954622,0.3496861331429992,0.650963718691897,False,True,COM-00336,直连,,,14.730198985820905,14.730198985820905,
PH-0038,Q3-T-005,巡航,2,1317.0533786954622,1317.0533786954622,0.650963718691897,0.650963718691897,True,True,COM-00337,直连,,,17.733207873753017,17.733207873753017,
PH-0038,Q3-T-005,巡航,2,1317.0533786954622,1375.7805983082264,0.650963718691897,0.8452334187391971,False,True,COM-00338,直连,,,20.36955058484456,20.36955058484456,
PH-0038,Q3-T-005,巡航,2,1375.7805983082264,1375.7805983082264,0.8452334187391971,0.8452334187391971,True,True,COM-00339,直连,,,23.985237776552594,23.985237776552594,
PH-0038,Q3-T-005,巡航,2,1375.7805983082264,1422.566128960752,0.8452334187391971,1.0,False,True,COM-00340,直连,,,27.866197249686593,27.866197249686593,
PH-0038,Q3-T-005,巡航,2,1422.566128960752,1422.566128960752,1.0,1.0,True,True,COM-00341,直连,,,30.717231343301734,30.717231343301734,
PH-0039,Q3-T-005,下降,2,1422.566128960752,1542.6775561945337,0.0,0.781419541049929,False,True,COM-00342,直连,,,35.33206699387934,35.33206699387934,
PH-0039,Q3-T-005,下降,2,1542.6775561945337,1542.6775561945337,0.781419541049929,0.781419541049929,True,True,COM-00343,直连,,,45.822907643684346,45.822907643684346,
PH-0039,Q3-T-005,下降,2,1542.6775561945337,1553.8521387479868,0.781419541049929,0.8541190116285953,False,True,COM-00344,直连,,,47.96179382527539,47.96179382527539,
PH-0039,Q3-T-005,下降,2,1553.8521387479868,1553.8521387479868,0.8541190116285953,0.8541190116285953,True,True,COM-00345,直连,,,50.80570620510426,50.80570620510426,
PH-0039,Q3-T-005,下降,2,1553.8521387479868,1563.5861288863966,0.8541190116285953,0.9174462926518738,False,True,COM-00346,直连,,,54.38121115513678,54.38121115513678,
PH-0039,Q3-T-005,下降,2,1563.5861288863966,1563.5861288863966,0.9174462926518738,0.9174462926518738,True,True,COM-00347,直连,,,60.564870030848056,60.564870030848056,
PH-0039,Q3-T-005,下降,2,1563.5861288863966,1564.752211663737,0.9174462926518738,0.9250325805653622,False,True,COM-00348,直连,,,61.71811229890633,61.71811229890633,
PH-0039,Q3-T-005,下降,2,1564.752211663737,1564.752211663737,0.9250325805653622,0.9250325805653622,True,True,COM-00349,直连,,,63.04826031558969,63.04826031558969,
PH-0039,Q3-T-005,下降,2,1564.752211663737,1575.86518291183,0.9250325805653622,0.9973312210226423,False,True,COM-00350,直连,,,67.82295300936043,67.82295300936043,
PH-0039,Q3-T-005,下降,2,1575.86518291183,1575.86518291183,0.9973312210226423,0.9973312210226423,True,True,COM-00351,直连,,,46.38238674364699,46.38238674364699,
PH-0039,Q3-T-005,下降,2,1575.86518291183,1576.2753989802832,0.9973312210226423,1.0,False,True,COM-00352,直连,,,46.150772984109935,46.150772984109935,
PH-0039,Q3-T-005,下降,2,1576.2753989802832,1576.2753989802832,1.0,1.0,True,True,COM-00353,直连,,,45.92517525248826,45.92517525248826,
PH-0040,Q3-T-006,爬升,1,390.0,390.0,0.0,0.0,True,True,COM-00354,直连,,,45.92517525248826,45.92517525248826,
PH-0040,Q3-T-006,爬升,1,390.0,390.34184672371094,0.0,0.002668778977357725,False,True,COM-00355,直连,,,46.15077298410978,46.15077298410978,
PH-0040,Q3-T-006,爬升,1,390.34184672371094,390.34184672371094,0.002668778977357725,0.002668778977357725,True,True,COM-00356,直连,,,46.38238674364702,46.38238674364702,
PH-0040,Q3-T-006,爬升,1,390.34184672371094,399.60265609712184,0.002668778977357725,0.07496741943463782,False,True,COM-00357,直连,,,67.82295300936092,67.82295300936092,
PH-0040,Q3-T-006,爬升,1,399.60265609712184,399.60265609712184,0.07496741943463782,0.07496741943463782,True,True,COM-00358,直连,,,63.04826031558974,63.04826031558974,
PH-0040,Q3-T-006,爬升,1,399.60265609712184,400.5743917449054,0.07496741943463782,0.08255370734812625,False,True,COM-00359,直连,,,61.71811229890638,61.71811229890638,
PH-0040,Q3-T-006,爬升,1,400.5743917449054,400.5743917449054,0.08255370734812625,0.08255370734812625,True,True,COM-00360,直连,,,60.56487003084809,60.56487003084809,
PH-0040,Q3-T-006,爬升,1,400.5743917449054,408.6860501935803,0.08255370734812625,0.14588098837140476,False,True,COM-00361,直连,,,54.38121115513681,54.38121115513681,
PH-0040,Q3-T-006,爬升,1,408.6860501935803,408.6860501935803,0.14588098837140476,0.14588098837140476,True,True,COM-00362,直连,,,50.80570620510426,50.80570620510426,
PH-0040,Q3-T-006,爬升,1,408.6860501935803,417.99820232145794,0.14588098837140476,0.218580458950071,False,True,COM-00363,直连,,,47.96179382527538,47.96179382527538,
PH-0040,Q3-T-006,爬升,1,417.99820232145794,417.99820232145794,0.218580458950071,0.218580458950071,True,True,COM-00364,直连,,,45.82290764368432,45.82290764368432,
PH-0040,Q3-T-006,爬升,1,417.99820232145794,442.62231115873317,0.218580458950071,0.410819551627927,False,True,COM-00365,直连,,,41.86530341691349,41.86530341691349,
PH-0040,Q3-T-006,爬升,1,442.62231115873317,442.62231115873317,0.410819551627927,0.410819551627927,True,True,COM-00366,直连,,,39.15657284889858,39.15657284889858,
PH-0040,Q3-T-006,爬升,1,442.62231115873317,518.0910583496094,0.410819551627927,1.0,False,True,COM-00367,直连,,,33.9498768369655,33.9498768369655,
PH-0040,Q3-T-006,爬升,1,518.0910583496094,518.0910583496094,1.0,1.0,True,True,COM-00368,直连,,,30.717231343301734,30.717231343301734,
PH-0041,Q3-T-006,巡航,1,518.0910583496094,564.8765890021349,0.0,0.1547665812608028,False,True,COM-00369,直连,,,27.866197249686593,27.866197249686593,
PH-0041,Q3-T-006,巡航,1,564.8765890021349,564.8765890021349,0.1547665812608028,0.1547665812608028,True,True,COM-00370,直连,,,23.985237776552594,23.985237776552594,
PH-0041,Q3-T-006,巡航,1,564.8765890021349,623.6038086148992,0.1547665812608028,0.34903628130810316,False,True,COM-00371,直连,,,20.36955058484456,20.36955058484456,
PH-0041,Q3-T-006,巡航,1,623.6038086148992,623.6038086148992,0.34903628130810316,0.34903628130810316,True,True,COM-00372,直连,,,17.733207873753017,17.733207873753017,
PH-0041,Q3-T-006,巡航,1,623.6038086148992,639.1032424286232,0.34903628130810316,0.4003084235574647,False,True,COM-00373,直连,,,17.146555928221986,17.146555928221986,
PH-0041,Q3-T-006,巡航,1,639.1032424286232,639.1032424286232,0.4003084235574647,0.4003084235574647,True,True,COM-00374,直连,,,16.595421987315603,16.595421987315603,
PH-0041,Q3-T-006,巡航,1,639.1032424286232,768.0826087507219,0.4003084235574647,0.8269722937850094,False,True,COM-00375,直连,,,12.982699301911381,12.982699301911381,
PH-0041,Q3-T-006,巡航,1,768.0826087507219,768.0826087507219,0.8269722937850094,0.8269722937850094,True,True,COM-00376,直连,,,10.424165072705932,10.424165072705932,
PH-0041,Q3-T-006,巡航,1,768.0826087507219,772.895688322179,0.8269722937850094,0.8428939657254864,False,True,COM-00377,直连,,,10.341720892777232,10.341720892777232,
PH-0041,Q3-T-006,巡航,1,772.895688322179,772.895688322179,0.8428939657254864,0.8428939657254864,True,True,COM-00378,直连,,,0.26004478985798585,0.26004478985798585,
PH-0041,Q3-T-006,巡航,1,772.895688322179,780.7088541594214,0.8428939657254864,0.8687399259740621,False,True,COM-00379,直连,,,0.1290578285403825,0.1290578285403825,
PH-0041,Q3-T-006,巡航,1,780.7088541594214,780.7088541594214,0.8687399259740621,0.8687399259740621,True,True,COM-00380,直连,,,-8.952838470577262e-13,-8.952838470577262e-13,
PH-0041,Q3-T-006,巡航,1,780.7088541594214,820.3884294706104,0.8687399259740621,1.0,False,False,COM-00381,中继,Q3-R-001,0;2;3,1.7960878338589197,-0.6275883283273487,7.511029389008797
PH-0041,Q3-T-006,巡航,1,820.3884294706104,820.3884294706104,1.0,1.0,True,False,COM-00382,中继,Q3-R-001,0;2;3,0.3306075563598796,-1.213163824729719,7.511029389008797
PH-0042,Q3-T-006,下降,1,820.3884294706104,825.1750902401337,0.0,0.07320254176401689,False,False,COM-00383,中继,Q3-R-001,0;2;3,0.3328457570520271,-1.212256517913616,7.511029389008797
PH-0042,Q3-T-006,下降,1,825.1750902401337,825.1750902401337,0.07320254176401689,0.07320254176401689,True,False,COM-00384,中继,Q3-R-001,0;3,0.33499967869116176,-1.2113640524589329,7.511029389008797
PH-0042,Q3-T-006,下降,1,825.1750902401337,874.7310847644897,0.07320254176401689,0.8310638011044853,False,False,COM-00385,中继,Q3-R-001,0;3,0.3523184139888542,-1.2029987526912151,7.511029389008797
PH-0042,Q3-T-006,下降,1,874.7310847644897,874.7310847644897,0.8310638011044853,0.8310638011044853,True,False,COM-00386,中继,Q3-R-001,0;3,0.36048589855019486,-1.196234296101025,7.511029389008797
PH-0042,Q3-T-006,下降,1,874.7310847644897,885.0413130882181,0.8310638011044853,0.9887384214305557,False,False,COM-00387,中继,Q3-R-001,0;3,0.3610292815047984,-1.1950288400438893,7.511029389008797
PH-0042,Q3-T-006,下降,1,885.0413130882181,885.0413130882181,0.9887384214305557,0.9887384214305557,True,False,COM-00388,中继,Q3-R-001,0;3,0.3611739548907167,-1.1938930669570595,7.511029389008797
PH-0042,Q3-T-006,下降,1,885.0413130882181,885.7776994901417,0.9887384214305557,1.0,False,False,COM-00389,中继,Q3-R-001,0,0.36116903070569606,-1.1938146144316732,7.511029389008797
PH-0042,Q3-T-006,下降,1,885.7776994901417,885.7776994901417,1.0,1.0,True,False,COM-00390,中继,Q3-R-001,0,0.3611620723684297,-1.1937365176753048,7.511029389008797
PH-0043,Q3-T-006,投送交接,1,885.7776994901417,1125.7776994901417,0.0,1.0,False,False,COM-00391,中继,Q3-R-001,0,0.3611620723684297,-1.1937365176753048,7.511029389008797
PH-0043,Q3-T-006,投送交接,1,1125.7776994901417,1125.7776994901417,1.0,1.0,True,False,COM-00392,中继,Q3-R-001,0,0.3611620723684297,-1.1937365176753048,7.511029389008797
PH-0044,Q3-T-006,爬升,2,1125.7776994901417,1126.391354825078,0.0,0.011261578569444318,False,False,COM-00393,中继,Q3-R-001,0,0.36116903070569606,-1.1938146144316732,7.511029389008797
PH-0044,Q3-T-006,爬升,2,1126.391354825078,1126.391354825078,0.011261578569444318,0.011261578569444318,True,False,COM-00394,中继,Q3-R-001,0,0.3611739548907167,-1.1938930669570595,7.511029389008797
PH-0044,Q3-T-006,爬升,2,1126.391354825078,1134.9832117615183,0.011261578569444318,0.16893619889551476,False,False,COM-00395,中继,Q3-R-001,0;3,0.3610292815047984,-1.1950288400438893,7.511029389008797
PH-0044,Q3-T-006,爬升,2,1134.9832117615183,1134.9832117615183,0.16893619889551476,0.16893619889551476,True,False,COM-00396,中继,Q3-R-001,0;3,0.36048589855019486,-1.196234296101025,7.511029389008797
PH-0044,Q3-T-006,爬升,2,1134.9832117615183,1176.2798738651484,0.16893619889551476,0.9267974582359833,False,False,COM-00397,中继,Q3-R-001,0;3,0.3523184139888542,-1.2029987526912151,7.511029389008797
PH-0044,Q3-T-006,爬升,2,1176.2798738651484,1176.2798738651484,0.9267974582359833,0.9267974582359833,True,False,COM-00398,中继,Q3-R-001,0;2;3,0.33499967869116176,-1.2113640524589329,7.511029389008797
PH-0044,Q3-T-006,爬升,2,1176.2798738651484,1180.268757839751,0.9267974582359833,1.0,False,False,COM-00399,中继,Q3-R-001,0;2;3,0.3328457570520271,-1.212256517913616,7.511029389008797
PH-0044,Q3-T-006,爬升,2,1180.268757839751,1180.268757839751,1.0,1.0,True,False,COM-00400,中继,Q3-R-001,0;2;3,0.3306075563598796,-1.213163824729719,7.511029389008797
PH-0045,Q3-T-006,巡航,2,1180.268757839751,1219.94833315094,0.0,0.1312600740259379,False,False,COM-00401,中继,Q3-R-001,0;2;3,1.7960878338589197,-0.6275883283273487,7.511029389008797
PH-0045,Q3-T-006,巡航,2,1219.94833315094,1219.94833315094,0.1312600740259379,0.1312600740259379,True,True,COM-00402,直连,,,-8.952838470577262e-13,-8.952838470577262e-13,
PH-0045,Q3-T-006,巡航,2,1219.94833315094,1225.977956606348,0.1312600740259379,0.15120607432706018,False,True,COM-00403,直连,,,0.09942940352307517,0.09942940352307517,
PH-0045,Q3-T-006,巡航,2,1225.977956606348,1225.977956606348,0.15120607432706018,0.15120607432706018,True,True,COM-00404,直连,,,0.19999999999896545,0.19999999999896545,
PH-0045,Q3-T-006,巡航,2,1225.977956606348,1227.7614989881824,0.15120607432706018,0.15710603427451367,False,True,COM-00405,直连,,,0.22997097746261375,0.22997097746261375,
PH-0045,Q3-T-006,巡航,2,1227.7614989881824,1227.7614989881824,0.15710603427451367,0.15710603427451367,True,True,COM-00406,直连,,,0.26004478985798585,0.26004478985798585,
PH-0045,Q3-T-006,巡航,2,1227.7614989881824,1232.5745785596396,0.15710603427451367,0.1730277062149906,False,True,COM-00407,直连,,,10.341720892777232,10.341720892777232,
PH-0045,Q3-T-006,巡航,2,1232.5745785596396,1232.5745785596396,0.1730277062149906,0.1730277062149906,True,True,COM-00408,直连,,,10.424165072705932,10.424165072705932,
PH-0045,Q3-T-006,巡航,2,1232.5745785596396,1377.0533786954622,0.1730277062149906,0.650963718691897,False,True,COM-00409,直连,,,13.346853385477488,13.346853385477488,
PH-0045,Q3-T-006,巡航,2,1377.0533786954622,1377.0533786954622,0.650963718691897,0.650963718691897,True,True,COM-00410,直连,,,17.733207873753017,17.733207873753017,
PH-0045,Q3-T-006,巡航,2,1377.0533786954622,1435.7805983082264,0.650963718691897,0.8452334187391971,False,True,COM-00411,直连,,,20.36955058484456,20.36955058484456,
PH-0045,Q3-T-006,巡航,2,1435.7805983082264,1435.7805983082264,0.8452334187391971,0.8452334187391971,True,True,COM-00412,直连,,,23.985237776552594,23.985237776552594,
PH-0045,Q3-T-006,巡航,2,1435.7805983082264,1482.566128960752,0.8452334187391971,1.0,False,True,COM-00413,直连,,,27.866197249686593,27.866197249686593,
PH-0045,Q3-T-006,巡航,2,1482.566128960752,1482.566128960752,1.0,1.0,True,True,COM-00414,直连,,,30.717231343301734,30.717231343301734,
PH-0046,Q3-T-006,下降,2,1482.566128960752,1602.6775561945337,0.0,0.781419541049929,False,True,COM-00415,直连,,,35.33206699387934,35.33206699387934,
PH-0046,Q3-T-006,下降,2,1602.6775561945337,1602.6775561945337,0.781419541049929,0.781419541049929,True,True,COM-00416,直连,,,45.822907643684346,45.822907643684346,
PH-0046,Q3-T-006,下降,2,1602.6775561945337,1613.8521387479868,0.781419541049929,0.8541190116285953,False,True,COM-00417,直连,,,47.96179382527539,47.96179382527539,
PH-0046,Q3-T-006,下降,2,1613.8521387479868,1613.8521387479868,0.8541190116285953,0.8541190116285953,True,True,COM-00418,直连,,,50.80570620510426,50.80570620510426,
PH-0046,Q3-T-006,下降,2,1613.8521387479868,1623.5861288863966,0.8541190116285953,0.9174462926518738,False,True,COM-00419,直连,,,54.38121115513678,54.38121115513678,
PH-0046,Q3-T-006,下降,2,1623.5861288863966,1623.5861288863966,0.9174462926518738,0.9174462926518738,True,True,COM-00420,直连,,,60.564870030848056,60.564870030848056,
PH-0046,Q3-T-006,下降,2,1623.5861288863966,1624.752211663737,0.9174462926518738,0.9250325805653622,False,True,COM-00421,直连,,,61.71811229890633,61.71811229890633,
PH-0046,Q3-T-006,下降,2,1624.752211663737,1624.752211663737,0.9250325805653622,0.9250325805653622,True,True,COM-00422,直连,,,63.04826031558969,63.04826031558969,
PH-0046,Q3-T-006,下降,2,1624.752211663737,1635.86518291183,0.9250325805653622,0.9973312210226423,False,True,COM-00423,直连,,,67.82295300936043,67.82295300936043,
PH-0046,Q3-T-006,下降,2,1635.86518291183,1635.86518291183,0.9973312210226423,0.9973312210226423,True,True,COM-00424,直连,,,46.38238674364699,46.38238674364699,
PH-0046,Q3-T-006,下降,2,1635.86518291183,1636.2753989802832,0.9973312210226423,1.0,False,True,COM-00425,直连,,,46.150772984109935,46.150772984109935,
PH-0046,Q3-T-006,下降,2,1636.2753989802832,1636.2753989802832,1.0,1.0,True,True,COM-00426,直连,,,45.92517525248826,45.92517525248826,
PH-0047,Q3-T-007,爬升,1,480.0,480.0,0.0,0.0,True,True,COM-00427,直连,,,45.92517525248826,45.92517525248826,
PH-0047,Q3-T-007,爬升,1,480.0,480.4102160684531,0.0,0.0043018014504890775,False,True,COM-00428,直连,,,46.15077298410981,46.15077298410981,
PH-0047,Q3-T-007,爬升,1,480.4102160684531,480.4102160684531,0.0043018014504890775,0.0043018014504890775,True,True,COM-00429,直连,,,46.38238674364699,46.38238674364699,
PH-0047,Q3-T-007,爬升,1,480.4102160684531,491.5231873165462,0.0043018014504890775,0.12083988835322745,False,True,COM-00430,直连,,,67.82295300936092,67.82295300936092,
PH-0047,Q3-T-007,爬升,1,491.5231873165462,491.5231873165462,0.12083988835322745,0.12083988835322745,True,True,COM-00431,直连,,,63.04826031558969,63.04826031558969,
PH-0047,Q3-T-007,爬升,1,491.5231873165462,492.6892700938865,0.12083988835322745,0.13306821622411874,False,True,COM-00432,直连,,,61.71811229890633,61.71811229890633,
PH-0047,Q3-T-007,爬升,1,492.6892700938865,492.6892700938865,0.13306821622411874,0.13306821622411874,True,True,COM-00433,直连,,,60.564870030848134,60.564870030848134,
PH-0047,Q3-T-007,爬升,1,492.6892700938865,502.42326023229634,0.13306821622411874,0.23514538022785536,False,True,COM-00434,直连,,,54.38121115513678,54.38121115513678,
PH-0047,Q3-T-007,爬升,1,502.42326023229634,502.42326023229634,0.23514538022785536,0.23514538022785536,True,True,COM-00435,直连,,,50.80570620510426,50.80570620510426,
PH-0047,Q3-T-007,爬升,1,502.42326023229634,513.5978427857495,0.23514538022785536,0.3523295646951384,False,True,COM-00436,直连,,,47.961793825275365,47.961793825275365,
PH-0047,Q3-T-007,爬升,1,513.5978427857495,513.5978427857495,0.3523295646951384,0.3523295646951384,True,True,COM-00437,直连,,,45.82290764368432,45.82290764368432,
PH-0047,Q3-T-007,爬升,1,513.5978427857495,575.3591357421875,0.3523295646951384,1.0,False,True,COM-00438,直连,,,38.94931356611828,38.94931356611828,
PH-0047,Q3-T-007,爬升,1,575.3591357421875,575.3591357421875,1.0,1.0,True,True,COM-00439,直连,,,35.16080841557533,35.16080841557533,
PH-0048,Q3-T-007,巡航,1,575.3591357421875,635.4678711760789,0.0,0.28297932244880786,False,True,COM-00440,直连,,,27.950231027593645,27.950231027593645,
PH-0048,Q3-T-007,巡航,1,635.4678711760789,635.4678711760789,0.28297932244880786,0.28297932244880786,True,True,COM-00441,直连,,,22.59760342363957,22.59760342363957,
PH-0048,Q3-T-007,巡航,1,635.4678711760789,639.1032424286232,0.28297932244880786,0.30009388801850373,False,True,COM-00442,直连,,,22.352780435190255,22.352780435190255,
PH-0048,Q3-T-007,巡航,1,639.1032424286232,639.1032424286232,0.30009388801850373,0.30009388801850373,True,True,COM-00443,直连,,,22.114307648414467,22.114307648414467,
PH-0048,Q3-T-007,巡航,1,639.1032424286232,668.3565409173968,0.30009388801850373,0.437812283289858,False,True,COM-00444,直连,,,20.393526520821183,20.393526520821183,
PH-0048,Q3-T-007,巡航,1,668.3565409173968,668.3565409173968,0.437812283289858,0.437812283289858,True,True,COM-00445,直连,,,18.949389180319542,18.949389180319542,
PH-0048,Q3-T-007,巡航,1,668.3565409173968,670.4880552747222,0.437812283289858,0.4478470059349419,False,True,COM-00446,直连,,,18.85275615142824,18.85275615142824,
PH-0048,Q3-T-007,巡航,1,670.4880552747222,670.4880552747222,0.4478470059349419,0.4478470059349419,True,True,COM-00447,直连,,,18.757161170258954,18.757161170258954,
PH-0048,Q3-T-007,巡航,1,670.4880552747222,675.5171422151001,0.4478470059349419,0.4715228927199742,False,True,COM-00448,直连,,,18.53560594563359,18.53560594563359,
PH-0048,Q3-T-007,巡航,1,675.5171422151001,675.5171422151001,0.4715228927199742,0.4715228927199742,True,True,COM-00449,直连,,,18.319442125716833,18.319442125716833,
PH-0048,Q3-T-007,巡航,1,675.5171422151001,757.4551841725358,0.4715228927199742,0.8572700129767024,False,True,COM-00450,直连,,,5.385790406854483,5.385790406854483,
PH-0048,Q3-T-007,巡航,1,757.4551841725358,757.4551841725358,0.8572700129767024,0.8572700129767024,True,True,COM-00451,直连,,,3.19028820897897,3.19028820897897,
PH-0048,Q3-T-007,巡航,1,757.4551841725358,787.7730143031038,0.8572700129767024,1.0,False,True,COM-00452,直连,,,2.4998191753368815,2.4998191753368815,
PH-0048,Q3-T-007,巡航,1,787.7730143031038,787.7730143031038,1.0,1.0,True,True,COM-00453,直连,,,1.8599604785582073,1.8599604785582073,
PH-0049,Q3-T-007,下降,1,787.7730143031038,797.7026457866579,0.0,0.38713644115677404,False,True,COM-00454,直连,,,1.8617656474524011,1.8617656474524011,
PH-0049,Q3-T-007,下降,1,797.7026457866579,797.7026457866579,0.38713644115677404,0.38713644115677404,True,True,COM-00455,直连,,,1.8634875327991267,1.8634875327991267,
PH-0049,Q3-T-007,下降,1,797.7026457866579,801.1180267049251,0.38713644115677404,0.5202953016928032,False,True,COM-00456,直连,,,1.8640605221990256,1.8640605221990256,
PH-0049,Q3-T-007,下降,1,801.1180267049251,801.1180267049251,0.5202953016928032,0.5202953016928032,True,True,COM-00457,直连,,,1.864623642821229,1.864623642821229,
PH-0049,Q3-T-007,下降,1,801.1180267049251,813.4219339808382,0.5202953016928032,1.0,False,True,COM-00458,直连,,,1.8665704108951218,1.8665704108951218,
PH-0049,Q3-T-007,下降,1,813.4219339808382,813.4219339808382,1.0,1.0,True,True,COM-00459,直连,,,1.8683888800624544,1.8683888800624544,
PH-0050,Q3-T-007,投送交接,1,813.4219339808382,1209.4219339808383,0.0,1.0,False,True,COM-00460,直连,,,1.8683888800624544,1.8683888800624544,
PH-0050,Q3-T-007,投送交接,1,1209.4219339808383,1209.4219339808383,1.0,1.0,True,True,COM-00461,直连,,,1.8683888800624544,1.8683888800624544,
PH-0051,Q3-T-007,爬升,2,1209.4219339808383,1219.2650598015687,0.0,0.47970469830719675,False,True,COM-00462,直连,,,1.8665704108951218,1.8665704108951218,
PH-0051,Q3-T-007,爬升,2,1219.2650598015687,1219.2650598015687,0.47970469830719675,0.47970469830719675,True,True,COM-00463,直连,,,1.864623642821229,1.864623642821229,
PH-0051,Q3-T-007,爬升,2,1219.2650598015687,1221.9973645361824,0.47970469830719675,0.6128635588432261,False,True,COM-00464,直连,,,1.8640605221990256,1.8640605221990256,
PH-0051,Q3-T-007,爬升,2,1221.9973645361824,1221.9973645361824,0.6128635588432261,0.6128635588432261,True,True,COM-00465,直连,,,1.8634875327991267,1.8634875327991267,
PH-0051,Q3-T-007,爬升,2,1221.9973645361824,1225.977956606348,0.6128635588432261,0.806857697786484,False,True,COM-00466,直连,,,1.8626351124590457,1.8626351124590457,
PH-0051,Q3-T-007,爬升,2,1225.977956606348,1225.977956606348,0.806857697786484,0.806857697786484,True,True,COM-00467,直连,,,1.8617617668317337,1.8617617668317337,
PH-0051,Q3-T-007,爬升,2,1225.977956606348,1229.9410697230257,0.806857697786484,1.0,False,True,COM-00468,直连,,,1.8608714809934384,1.8608714809934384,
PH-0051,Q3-T-007,爬升,2,1229.9410697230257,1229.9410697230257,1.0,1.0,True,True,COM-00469,直连,,,1.8599604785582073,1.8599604785582073,
PH-0052,Q3-T-007,巡航,2,1229.9410697230257,1260.2588998535937,0.0,0.14272998702329762,False,True,COM-00470,直连,,,2.4998191753368815,2.4998191753368815,
PH-0052,Q3-T-007,巡航,2,1260.2588998535937,1260.2588998535937,0.14272998702329762,0.14272998702329762,True,True,COM-00471,直连,,,3.19028820897897,3.19028820897897,
PH-0052,Q3-T-007,巡航,2,1260.2588998535937,1342.1969418110295,0.14272998702329762,0.5284771072800257,False,True,COM-00472,直连,,,5.385790406854483,5.385790406854483,
PH-0052,Q3-T-007,巡航,2,1342.1969418110295,1342.1969418110295,0.5284771072800257,0.5284771072800257,True,True,COM-00473,直连,,,18.319442125716833,18.319442125716833,
PH-0052,Q3-T-007,巡航,2,1342.1969418110295,1347.2260287514075,0.5284771072800257,0.5521529940650587,False,True,COM-00474,直连,,,18.53560594563359,18.53560594563359,
PH-0052,Q3-T-007,巡航,2,1347.2260287514075,1347.2260287514075,0.5521529940650587,0.5521529940650587,True,True,COM-00475,直连,,,18.757161170258954,18.757161170258954,
PH-0052,Q3-T-007,巡航,2,1347.2260287514075,1349.3575431087327,0.5521529940650587,0.5621877167101419,False,True,COM-00476,直连,,,18.85275615142824,18.85275615142824,
PH-0052,Q3-T-007,巡航,2,1349.3575431087327,1349.3575431087327,0.5621877167101419,0.5621877167101419,True,True,COM-00477,直连,,,18.949389180319542,18.949389180319542,
PH-0052,Q3-T-007,巡航,2,1349.3575431087327,1382.2462128500506,0.5621877167101419,0.7170206775511921,False,True,COM-00478,直连,,,20.590397997678338,20.590397997678338,
PH-0052,Q3-T-007,巡航,2,1382.2462128500506,1382.2462128500506,0.7170206775511921,0.7170206775511921,True,True,COM-00479,直连,,,22.59760342363957,22.59760342363957,
PH-0052,Q3-T-007,巡航,2,1382.2462128500506,1442.3549482839421,0.7170206775511921,1.0,False,True,COM-00480,直连,,,27.950231027593645,27.950231027593645,
PH-0052,Q3-T-007,巡航,2,1442.3549482839421,1442.3549482839421,1.0,1.0,True,True,COM-00481,直连,,,35.16080841557533,35.16080841557533,
PH-0053,Q3-T-007,下降,2,1442.3549482839421,1519.5565644794897,0.0,0.6476704353048617,False,True,COM-00482,直连,,,38.94931356611828,38.94931356611828,
PH-0053,Q3-T-007,下降,2,1519.5565644794897,1519.5565644794897,0.6476704353048617,0.6476704353048617,True,True,COM-00483,直连,,,45.82290764368433,45.82290764368433,
PH-0053,Q3-T-007,下降,2,1519.5565644794897,1533.5247926713062,0.6476704353048617,0.7648546197721446,False,True,COM-00484,直连,,,47.961793825275436,47.961793825275436,
PH-0053,Q3-T-007,下降,2,1533.5247926713062,1533.5247926713062,0.7648546197721446,0.7648546197721446,True,True,COM-00485,直连,,,50.80570620510426,50.80570620510426,
PH-0053,Q3-T-007,下降,2,1533.5247926713062,1545.6922803443185,0.7648546197721446,0.8669317837758812,False,True,COM-00486,直连,,,54.381211155136896,54.381211155136896,
PH-0053,Q3-T-007,下降,2,1545.6922803443185,1545.6922803443185,0.8669317837758812,0.8669317837758812,True,True,COM-00487,直连,,,60.56487003084822,60.56487003084822,
PH-0053,Q3-T-007,下降,2,1545.6922803443185,1547.149883815994,0.8669317837758812,0.8791601116467725,False,True,COM-00488,直连,,,61.71811229890674,61.71811229890674,
PH-0053,Q3-T-007,下降,2,1547.149883815994,1547.149883815994,0.8791601116467725,0.8791601116467725,True,True,COM-00489,直连,,,63.04826031558993,63.04826031558993,
PH-0053,Q3-T-007,下降,2,1547.149883815994,1561.0410978761101,0.8791601116467725,0.9956981985495109,False,True,COM-00490,直连,,,67.82295300936038,67.82295300936038,
PH-0053,Q3-T-007,下降,2,1561.0410978761101,1561.0410978761101,0.9956981985495109,0.9956981985495109,True,True,COM-00491,直连,,,56.38238674364703,56.38238674364703,
PH-0053,Q3-T-007,下降,2,1561.0410978761101,1561.5538679616766,0.9956981985495109,1.0,False,True,COM-00492,直连,,,46.150772984109835,46.150772984109835,
PH-0053,Q3-T-007,下降,2,1561.5538679616766,1561.5538679616766,1.0,1.0,True,True,COM-00493,直连,,,45.92517525248826,45.92517525248826,
PH-0054,Q3-T-008,爬升,1,420.0,420.0,0.0,0.0,True,True,COM-00494,直连,,,45.92517525248826,45.92517525248826,
PH-0054,Q3-T-008,爬升,1,420.0,420.4102160684531,0.0,0.00705533907522279,False,True,COM-00495,直连,,,46.15077298410981,46.15077298410981,
PH-0054,Q3-T-008,爬升,1,420.4102160684531,420.4102160684531,0.00705533907522279,0.00705533907522279,True,True,COM-00496,直连,,,46.38238674364699,46.38238674364699,
PH-0054,Q3-T-008,爬升,1,420.4102160684531,431.5231873165462,0.00705533907522279,0.19818822322614532,False,True,COM-00497,直连,,,67.82295300936092,67.82295300936092,
PH-0054,Q3-T-008,爬升,1,431.5231873165462,431.5231873165462,0.19818822322614532,0.19818822322614532,True,True,COM-00498,直连,,,63.04826031558969,63.04826031558969,
PH-0054,Q3-T-008,爬升,1,431.5231873165462,432.6892700938865,0.19818822322614532,0.21824377447487314,False,True,COM-00499,直连,,,61.71811229890633,61.71811229890633,
PH-0054,Q3-T-008,爬升,1,432.6892700938865,432.6892700938865,0.21824377447487314,0.21824377447487314,True,True,COM-00500,直连,,,60.564870030848134,60.564870030848134,
PH-0054,Q3-T-008,爬升,1,432.6892700938865,442.42326023229634,0.21824377447487314,0.3856594518770947,False,True,COM-00501,直连,,,54.38121115513678,54.38121115513678,
PH-0054,Q3-T-008,爬升,1,442.42326023229634,442.42326023229634,0.3856594518770947,0.3856594518770947,True,True,COM-00502,直连,,,50.80570620510426,50.80570620510426,
PH-0054,Q3-T-008,爬升,1,442.42326023229634,442.62231115873317,0.3856594518770947,0.389082944731835,False,True,COM-00503,直连,,,50.74597641690164,50.74597641690164,
PH-0054,Q3-T-008,爬升,1,442.62231115873317,442.62231115873317,0.389082944731835,0.389082944731835,True,True,COM-00504,直连,,,50.6866545656664,50.6866545656664,
PH-0054,Q3-T-008,爬升,1,442.62231115873317,453.59784278574955,0.389082944731835,0.5778519938123206,False,True,COM-00505,直连,,,47.91870033468797,47.91870033468797,
PH-0054,Q3-T-008,爬升,1,453.59784278574955,453.59784278574955,0.5778519938123206,0.5778519938123206,True,True,COM-00506,直连,,,45.82290764368432,45.82290764368432,
PH-0054,Q3-T-008,爬升,1,453.59784278574955,478.14264404296875,0.5778519938123206,1.0,False,True,COM-00507,直连,,,42.421013060402686,42.421013060402686,
PH-0054,Q3-T-008,爬升,1,478.14264404296875,478.14264404296875,1.0,1.0,True,True,COM-00508,直连,,,39.982830377148545,39.982830377148545,
PH-0055,Q3-T-008,巡航,1,478.14264404296875,585.3191499673972,0.0,0.5264108467150513,False,True,COM-00509,直连,,,23.738075011207812,23.738075011207812,
PH-0055,Q3-T-008,巡航,1,585.3191499673972,585.3191499673972,0.5264108467150513,0.5264108467150513,True,True,COM-00510,直连,,,17.79550583936357,17.79550583936357,
PH-0055,Q3-T-008,巡航,1,585.3191499673972,627.6197207972568,0.5264108467150513,0.7341754040218321,False,True,COM-00511,直连,,,6.239096637791931,6.239096637791931,
PH-0055,Q3-T-008,巡航,1,627.6197207972568,627.6197207972568,0.7341754040218321,0.7341754040218321,True,True,COM-00512,直连,,,4.918777094567162,4.918777094567162,
PH-0055,Q3-T-008,巡航,1,627.6197207972568,637.4822284408317,0.7341754040218321,0.7826163468815358,False,True,COM-00513,直连,,,4.6377051069436845,4.6377051069436845,
PH-0055,Q3-T-008,巡航,1,637.4822284408317,637.4822284408317,0.7826163468815358,0.7826163468815358,True,True,COM-00514,直连,,,4.365419094587921,4.365419094587921,
PH-0055,Q3-T-008,巡航,1,637.4822284408317,639.1032424286232,0.7826163468815358,0.7905781603264703,False,True,COM-00515,直连,,,4.32146916341857,4.32146916341857,
PH-0055,Q3-T-008,巡航,1,639.1032424286232,639.1032424286232,0.7905781603264703,0.7905781603264703,True,True,COM-00516,直连,,,4.27773989691029,4.27773989691029,
PH-0055,Q3-T-008,巡航,1,639.1032424286232,681.7412336108687,0.7905781603264703,1.0,False,True,COM-00517,直连,,,3.1999425327837656,3.1999425327837656,
PH-0055,Q3-T-008,巡航,1,681.7412336108687,681.7412336108687,1.0,1.0,True,True,COM-00518,直连,,,2.2410165102830177,2.2410165102830177,
PH-0056,Q3-T-008,下降,1,681.7412336108687,713.571139671352,0.0,0.714824110688457,False,True,COM-00519,直连,,,2.244256312054077,2.244256312054077,
PH-0056,Q3-T-008,下降,1,713.571139671352,713.571139671352,0.714824110688457,0.714824110688457,True,True,COM-00520,直连,,,2.2465553185876814,2.2465553185876814,
PH-0056,Q3-T-008,下降,1,713.571139671352,721.0335560037753,0.714824110688457,0.8824122621669849,False,True,COM-00521,直连,,,2.2469580005630974,2.2469580005630974,
PH-0056,Q3-T-008,下降,1,721.0335560037753,721.0335560037753,0.8824122621669849,0.8824122621669849,True,True,COM-00522,直连,,,2.2473088722119314,2.2473088722119314,
PH-0056,Q3-T-008,下降,1,721.0335560037753,724.4057795780624,0.8824122621669849,0.9581443963728433,False,True,COM-00523,直连,,,2.247450429231904,2.247450429231904,
PH-0056,Q3-T-008,下降,1,724.4057795780624,724.4057795780624,0.9581443963728433,0.9581443963728433,True,True,COM-00524,直连,,,2.2475814025186764,2.2475814025186764,
PH-0056,Q3-T-008,下降,1,724.4057795780624,726.2695386645796,0.9581443963728433,1.0,False,True,COM-00525,直连,,,2.247649247293978,2.247649247293978,
PH-0056,Q3-T-008,下降,1,726.2695386645796,726.2695386645796,1.0,1.0,True,True,COM-00526,直连,,,2.24771385877267,2.24771385877267,
PH-0057,Q3-T-008,投送交接,1,726.2695386645796,942.2695386645796,0.0,1.0,False,True,COM-00527,直连,,,2.24771385877267,2.24771385877267,
PH-0057,Q3-T-008,投送交接,1,942.2695386645796,942.2695386645796,1.0,1.0,True,True,COM-00528,直连,,,2.24771385877267,2.24771385877267,
PH-0058,Q3-T-008,爬升,2,942.2695386645796,943.7605459337934,0.0,0.014815278061416881,False,True,COM-00529,直连,,,2.247649247293978,2.247649247293978,
PH-0058,Q3-T-008,爬升,2,943.7605459337934,943.7605459337934,0.014815278061416881,0.014815278061416881,True,True,COM-00530,直连,,,2.2475814025186764,2.2475814025186764,
PH-0058,Q3-T-008,爬升,2,943.7605459337934,946.458324793223,0.014815278061416881,0.04162154841027789,False,True,COM-00531,直连,,,2.247450429231904,2.247450429231904,
PH-0058,Q3-T-008,爬升,2,946.458324793223,946.458324793223,0.04162154841027789,0.04162154841027789,True,True,COM-00532,直连,,,2.2473088722119314,2.2473088722119314,
PH-0058,Q3-T-008,爬升,2,946.458324793223,952.4282578591618,0.04162154841027789,0.10094132518545525,False,True,COM-00533,直连,,,2.2469580005630974,2.2469580005630974,
PH-0058,Q3-T-008,爬升,2,952.4282578591618,952.4282578591618,0.10094132518545525,0.10094132518545525,True,True,COM-00534,直连,,,2.2465553185876814,2.2465553185876814,
PH-0058,Q3-T-008,爬升,2,952.4282578591618,1023.0033586720369,0.10094132518545525,0.8022053393485857,False,True,COM-00535,直连,,,2.237875092767325,2.237875092767325,
PH-0058,Q3-T-008,爬升,2,1023.0033586720369,1023.0033586720369,0.8022053393485857,0.8022053393485857,True,True,COM-00536,直连,,,2.2220024264044156,2.2220024264044156,
PH-0058,Q3-T-008,爬升,2,1023.0033586720369,1042.9093824145796,0.8022053393485857,1.0,False,True,COM-00537,直连,,,12.216234996675865,12.216234996675865,
PH-0058,Q3-T-008,爬升,2,1042.9093824145796,1042.9093824145796,1.0,1.0,True,True,COM-00538,直连,,,12.209903678349804,12.209903678349804,
PH-0059,Q3-T-008,巡航,2,1042.9093824145796,1112.4194755020023,0.0,0.2219501138655815,False,True,COM-00539,直连,,,11.061145472848395,11.061145472848395,
PH-0059,Q3-T-008,巡航,2,1112.4194755020023,1112.4194755020023,0.2219501138655815,0.2219501138655815,True,True,COM-00540,直连,,,10.00000000000037,10.00000000000037,
PH-0059,Q3-T-008,巡航,2,1112.4194755020023,1168.3168148964191,0.2219501138655815,0.4004338461168146,False,True,COM-00541,直连,,,9.209905335555746,9.209905335555746,
PH-0059,Q3-T-008,巡航,2,1168.3168148964191,1168.3168148964191,0.4004338461168146,0.4004338461168146,True,False,COM-00542,中继,Q3-R-001,0;1;2;3,0.8821961595360506,-1.5275207526426584,7.511029389008797
PH-0059,Q3-T-008,巡航,2,1168.3168148964191,1180.1954978546064,0.4004338461168146,0.4383632304412882,False,False,COM-00543,中继,Q3-R-001,0;1;2;3,0.7471630879260545,-1.6778584484586219,7.511029389008797
PH-0059,Q3-T-008,巡航,2,1180.1954978546064,1180.1954978546064,0.4383632304412882,0.4383632304412882,True,False,COM-00544,中继,Q3-R-001,0;1;2;3,0.6141811421191079,-1.8260603450385844,7.511029389008797
PH-0059,Q3-T-008,巡航,2,1180.1954978546064,1199.283001399549,0.4383632304412882,0.4993108338329496,False,False,COM-00545,中继,Q3-R-001,0;1;2,0.4046400211289267,-2.0598384728479857,7.511029389008797
PH-0059,Q3-T-008,巡航,2,1199.283001399549,1199.283001399549,0.4993108338329496,0.4993108338329496,True,False,COM-00546,中继,Q3-R-001,0;1;2,0.20000000000042917,-2.288395082997596,7.511029389008797
PH-0059,Q3-T-008,巡航,2,1199.283001399549,1225.977956606348,0.4993108338329496,0.5845495104713743,False,False,COM-00547,中继,Q3-R-002,1;2,3.239750510771202,-2.5996225476897763,2.4694705795379406
PH-0059,Q3-T-008,巡航,2,1225.977956606348,1225.977956606348,0.5845495104713743,0.5845495104713743,True,False,COM-00548,中继,Q3-R-002,1;2,3.139818992798695,-2.9014541908069447,2.4694705795379406
PH-0059,Q3-T-008,巡航,2,1225.977956606348,1356.0882849922996,0.5845495104713743,1.0,False,False,COM-00549,中继,Q3-R-002,1;2,2.454106645535518,-4.25226891298901,2.4694705795379406
PH-0059,Q3-T-008,巡航,2,1356.0882849922996,1356.0882849922996,1.0,1.0,True,False,COM-00550,中继,Q3-R-002,1;2,1.5503825418325619,-5.435037968466915,2.4694705795379406
PH-0060,Q3-T-008,下降,2,1356.0882849922996,1388.4987387716767,0.0,0.41605308138311536,False,False,COM-00551,中继,Q3-R-002,1;2,1.5486650670303135,-5.433639770480653,2.4694705795379406
PH-0060,Q3-T-008,下降,2,1388.4987387716767,1388.4987387716767,0.41605308138311536,0.41605308138311536,True,False,COM-00552,中继,Q3-R-002,1;2,1.5466169224559394,-5.432407990779097,2.4694705795379406
PH-0060,Q3-T-008,下降,2,1388.4987387716767,1415.83956162616,0.41605308138311536,0.7670272970972981,False,False,COM-00553,中继,Q3-R-002,1;2,1.5446323604476078,-5.4314983981708735,2.4694705795379406
PH-0060,Q3-T-008,下降,2,1415.83956162616,1415.83956162616,0.7670272970972981,0.7670272970972981,True,False,COM-00554,中继,Q3-R-002,1;2,1.5424131386580058,-5.430707409192863,2.4694705795379406
PH-0060,Q3-T-008,下降,2,1415.83956162616,1419.881761520589,0.7670272970972981,0.818917027895013,False,False,COM-00555,中继,Q3-R-002,1;2,1.5420651482980645,-5.430600533302936,2.4694705795379406
PH-0060,Q3-T-008,下降,2,1419.881761520589,1419.881761520589,0.818917027895013,0.818917027895013,True,False,COM-00556,中继,Q3-R-002,1;2,1.5417120377569233,-5.4304962514893305,2.4694705795379406
PH-0060,Q3-T-008,下降,2,1419.881761520589,1433.9880896797995,0.818917027895013,1.0,False,False,COM-00557,中继,Q3-R-002,1,1.5404396709283077,-5.430152657379708,2.4694705795379406
PH-0060,Q3-T-008,下降,2,1433.9880896797995,1433.9880896797995,1.0,1.0,True,False,COM-00558,中继,Q3-R-002,1,1.5391050184913269,-5.42984066485198,2.4694705795379406
PH-0061,Q3-T-008,投送交接,2,1433.9880896797995,1721.9880896797995,0.0,1.0,False,False,COM-00559,中继,Q3-R-002,1,1.5391050184913269,-5.42984066485198,2.4694705795379406
PH-0061,Q3-T-008,投送交接,2,1721.9880896797995,1721.9880896797995,1.0,1.0,True,False,COM-00560,中继,Q3-R-002,1,1.5391050184913269,-5.42984066485198,2.4694705795379406
PH-0062,Q3-T-008,爬升,3,1721.9880896797995,1733.2731522071679,0.0,0.21132918406525664,False,False,COM-00561,中继,Q3-R-002,1,1.5404396709283077,-5.430152657379708,2.4694705795379406
PH-0062,Q3-T-008,爬升,3,1733.2731522071679,1733.2731522071679,0.21132918406525664,0.21132918406525664,True,False,COM-00562,中继,Q3-R-002,1,1.5417120377569233,-5.4304962514893305,2.4694705795379406
PH-0062,Q3-T-008,爬升,3,1733.2731522071679,1736.5069121227111,0.21132918406525664,0.27188603457072114,False,False,COM-00563,中继,Q3-R-002,1;2,1.5420651482980645,-5.430600533302936,2.4694705795379406
PH-0062,Q3-T-008,爬升,3,1736.5069121227111,1736.5069121227111,0.27188603457072114,0.27188603457072114,True,False,COM-00564,中继,Q3-R-002,1;2,1.5424131386580058,-5.430707409192863,2.4694705795379406
PH-0062,Q3-T-008,爬升,3,1736.5069121227111,1758.3795704062977,0.27188603457072114,0.6814833245457232,False,False,COM-00565,中继,Q3-R-002,1;2,1.5446323604476078,-5.4314983981708735,2.4694705795379406
PH-0062,Q3-T-008,爬升,3,1758.3795704062977,1758.3795704062977,0.6814833245457232,0.6814833245457232,True,False,COM-00566,中继,Q3-R-002,1;2,1.5466169224559394,-5.432407990779097,2.4694705795379406
PH-0062,Q3-T-008,爬升,3,1758.3795704062977,1775.3884876290183,0.6814833245457232,1.0,False,False,COM-00567,中继,Q3-R-002,1;2,1.5479977864967651,-5.433197249077239,2.4694705795379406
PH-0062,Q3-T-008,爬升,3,1775.3884876290183,1775.3884876290183,1.0,1.0,True,False,COM-00568,中继,Q3-R-002,1;2,1.5492364170154644,-5.434058144705972,2.4694705795379406
PH-0063,Q3-T-008,巡航,3,1775.3884876290183,1942.5874277641003,0.0,0.3393528073978574,False,False,COM-00569,中继,Q3-R-002,1;2,3.1801045144705427,-3.821527998053895,2.4694705795379406
PH-0063,Q3-T-008,巡航,3,1942.5874277641003,1942.5874277641003,0.3393528073978574,0.3393528073978574,True,False,COM-00570,中继,Q3-R-002,0;1;2,4.6636047676123695,-1.840675866333072,2.4694705795379406
PH-0063,Q3-T-008,巡航,3,1942.5874277641003,2001.1593253850447,0.3393528073978574,0.4582323761094104,False,False,COM-00571,中继,Q3-R-002,0;1;2,5.060145881007742,-1.024428144675909,2.4694705795379406
PH-0063,Q3-T-008,巡航,3,2001.1593253850447,2001.1593253850447,0.4582323761094104,0.4582323761094104,True,False,COM-00572,中继,Q3-R-002,0;1;2;3,5.347965405086754,-0.12377974591346685,2.4694705795379406
PH-0063,Q3-T-008,巡航,3,2001.1593253850447,2004.9529976926776,0.4582323761094104,0.46593214589803883,False,False,COM-00573,中继,Q3-R-002,0;1;2;3,5.362224913236545,-0.062109380100821454,2.4694705795379406
PH-0063,Q3-T-008,巡航,3,2004.9529976926776,2004.9529976926776,0.46593214589803883,0.46593214589803883,True,True,COM-00574,直连,,,-4.547473508864641e-13,-4.547473508864641e-13,
PH-0063,Q3-T-008,巡航,3,2004.9529976926776,2055.2457353891723,0.46593214589803883,0.5680080425229864,False,True,COM-00575,直连,,,0.8680956886128683,0.8680956886128683,
PH-0063,Q3-T-008,巡航,3,2055.2457353891723,2055.2457353891723,0.5680080425229864,0.5680080425229864,True,True,COM-00576,直连,,,1.8320849378556119,1.8320849378556119,
PH-0063,Q3-T-008,巡航,3,2055.2457353891723,2268.0879334274964,0.5680080425229864,1.0,False,True,COM-00577,直连,,,17.764059668453413,17.764059668453413,
PH-0063,Q3-T-008,巡航,3,2268.0879334274964,2268.0879334274964,1.0,1.0,True,True,COM-00578,直连,,,33.461181216677716,33.461181216677716,
PH-0064,Q3-T-008,下降,3,2268.0879334274964,2368.891127381833,0.0,0.7059022605936284,False,True,COM-00579,直连,,,37.60674692330828,37.60674692330828,
PH-0064,Q3-T-008,下降,3,2368.891127381833,2368.891127381833,0.7059022605936284,0.7059022605936284,True,True,COM-00580,直连,,,45.82290764368433,45.82290764368433,
PH-0064,Q3-T-008,下降,3,2368.891127381833,2382.8593555736493,0.7059022605936284,0.8037186438875696,False,True,COM-00581,直连,,,47.961793825275265,47.961793825275265,
PH-0064,Q3-T-008,下降,3,2382.8593555736493,2382.8593555736493,0.8037186438875696,0.8037186438875696,True,True,COM-00582,直连,,,50.80570620510416,50.80570620510416,
PH-0064,Q3-T-008,下降,3,2382.8593555736493,2395.026843246662,0.8037186438875696,0.8889248433857256,False,True,COM-00583,直连,,,54.381211155136896,54.381211155136896,
PH-0064,Q3-T-008,下降,3,2395.026843246662,2395.026843246662,0.8889248433857256,0.8889248433857256,True,True,COM-00584,直连,,,60.56487003084824,60.56487003084824,
PH-0064,Q3-T-008,下降,3,2395.026843246662,2396.484446718337,0.8889248433857256,0.8991321150538325,False,True,COM-00585,直连,,,61.71811229890671,61.71811229890671,
PH-0064,Q3-T-008,下降,3,2396.484446718337,2396.484446718337,0.8991321150538325,0.8991321150538325,True,True,COM-00586,直连,,,63.04826031558946,63.04826031558946,
PH-0064,Q3-T-008,下降,3,2396.484446718337,2410.3756607784535,0.8991321150538325,0.9964091855786823,False,True,COM-00587,直连,,,67.82295300936198,67.82295300936198,
PH-0064,Q3-T-008,下降,3,2410.3756607784535,2410.3756607784535,0.9964091855786823,0.9964091855786823,True,True,COM-00588,直连,,,56.38238674364703,56.38238674364703,
PH-0064,Q3-T-008,下降,3,2410.3756607784535,2410.88843086402,0.9964091855786823,1.0,False,True,COM-00589,直连,,,46.150772984109835,46.150772984109835,
PH-0064,Q3-T-008,下降,3,2410.88843086402,2410.88843086402,1.0,1.0,True,True,COM-00590,直连,,,45.92517525248826,45.92517525248826,
PH-0065,Q3-T-009,爬升,1,1610.899502077302,1610.899502077302,0.0,0.0,True,True,COM-00591,直连,,,45.92517525248826,45.92517525248826,
PH-0065,Q3-T-009,爬升,1,1610.899502077302,1611.241348801013,0.0,0.00705533907522279,False,True,COM-00592,直连,,,46.15077298410995,46.15077298410995,
PH-0065,Q3-T-009,爬升,1,1611.241348801013,1611.241348801013,0.00705533907522279,0.00705533907522279,True,True,COM-00593,直连,,,46.38238674364695,46.38238674364695,
PH-0065,Q3-T-009,爬升,1,1611.241348801013,1620.5021581744238,0.00705533907522279,0.19818822322614532,False,True,COM-00594,直连,,,67.82295300936013,67.82295300936013,
PH-0065,Q3-T-009,爬升,1,1620.5021581744238,1620.5021581744238,0.19818822322614532,0.19818822322614532,True,True,COM-00595,直连,,,63.04826031558985,63.04826031558985,
PH-0065,Q3-T-009,爬升,1,1620.5021581744238,1621.4738938222074,0.19818822322614532,0.21824377447487314,False,True,COM-00596,直连,,,61.71811229890645,61.71811229890645,
PH-0065,Q3-T-009,爬升,1,1621.4738938222074,1621.4738938222074,0.21824377447487314,0.21824377447487314,True,True,COM-00597,直连,,,60.564870030848155,60.564870030848155,
PH-0065,Q3-T-009,爬升,1,1621.4738938222074,1629.5855522708823,0.21824377447487314,0.3856594518770947,False,True,COM-00598,直连,,,54.38121115513678,54.38121115513678,
PH-0065,Q3-T-009,爬升,1,1629.5855522708823,1629.5855522708823,0.3856594518770947,0.3856594518770947,True,True,COM-00599,直连,,,50.80570620510423,50.80570620510423,
PH-0065,Q3-T-009,爬升,1,1629.5855522708823,1638.89770439876,0.3856594518770947,0.5778519938123206,False,True,COM-00600,直连,,,47.96179382527535,47.96179382527535,
PH-0065,Q3-T-009,爬升,1,1638.89770439876,1638.89770439876,0.5778519938123206,0.5778519938123206,True,True,COM-00601,直连,,,45.82290764368429,45.82290764368429,
PH-0065,Q3-T-009,爬升,1,1638.89770439876,1659.3517054464426,0.5778519938123206,1.0,False,True,COM-00602,直连,,,42.421013060402686,42.421013060402686,
PH-0065,Q3-T-009,爬升,1,1659.3517054464426,1659.3517054464426,1.0,1.0,True,True,COM-00603,直连,,,39.982830377148545,39.982830377148545,
PH-0066,Q3-T-009,巡航,1,1659.3517054464426,1793.322337851978,0.0,0.5264108467150513,False,True,COM-00604,直连,,,23.738075011207812,23.738075011207812,
PH-0066,Q3-T-009,巡航,1,1793.322337851978,1793.322337851978,0.5264108467150513,0.5264108467150513,True,True,COM-00605,直连,,,17.79550583936357,17.79550583936357,
PH-0066,Q3-T-009,巡航,1,1793.322337851978,1846.1980513893027,0.5264108467150513,0.7341754040218321,False,True,COM-00606,直连,,,6.239096637791931,6.239096637791931,
PH-0066,Q3-T-009,巡航,1,1846.1980513893027,1846.1980513893027,0.7341754040218321,0.7341754040218321,True,True,COM-00607,直连,,,4.918777094567162,4.918777094567162,
PH-0066,Q3-T-009,巡航,1,1846.1980513893027,1858.5261859437715,0.7341754040218321,0.7826163468815358,False,True,COM-00608,直连,,,4.6377051069436845,4.6377051069436845,
PH-0066,Q3-T-009,巡航,1,1858.5261859437715,1858.5261859437715,0.7826163468815358,0.7826163468815358,True,True,COM-00609,直连,,,4.365419094587921,4.365419094587921,
PH-0066,Q3-T-009,巡航,1,1858.5261859437715,1913.8499424063175,0.7826163468815358,1.0,False,True,COM-00610,直连,,,3.2385689458567555,3.2385689458567555,
PH-0066,Q3-T-009,巡航,1,1913.8499424063175,1913.8499424063175,1.0,1.0,True,True,COM-00611,直连,,,2.2410165102830177,2.2410165102830177,
PH-0067,Q3-T-009,下降,1,1913.8499424063175,1939.313867254704,0.0,0.714824110688457,False,True,COM-00612,直连,,,2.244256312054077,2.244256312054077,
PH-0067,Q3-T-009,下降,1,1939.313867254704,1939.313867254704,0.714824110688457,0.714824110688457,True,True,COM-00613,直连,,,2.2465553185876814,2.2465553185876814,
PH-0067,Q3-T-009,下降,1,1939.313867254704,1945.2838003206427,0.714824110688457,0.8824122621669849,False,True,COM-00614,直连,,,2.2469580005630974,2.2469580005630974,
PH-0067,Q3-T-009,下降,1,1945.2838003206427,1945.2838003206427,0.8824122621669849,0.8824122621669849,True,True,COM-00615,直连,,,2.2473088722119314,2.2473088722119314,
PH-0067,Q3-T-009,下降,1,1945.2838003206427,1947.9815791800725,0.8824122621669849,0.9581443963728433,False,True,COM-00616,直连,,,2.247450429231904,2.247450429231904,
PH-0067,Q3-T-009,下降,1,1947.9815791800725,1947.9815791800725,0.9581443963728433,0.9581443963728433,True,True,COM-00617,直连,,,2.2475814025186764,2.2475814025186764,
PH-0067,Q3-T-009,下降,1,1947.9815791800725,1949.4725864492862,0.9581443963728433,1.0,False,True,COM-00618,直连,,,2.247649247293978,2.247649247293978,
PH-0067,Q3-T-009,下降,1,1949.4725864492862,1949.4725864492862,1.0,1.0,True,True,COM-00619,直连,,,2.24771385877267,2.24771385877267,
PH-0068,Q3-T-009,投送交接,1,1949.4725864492862,2159.472586449286,0.0,1.0,False,True,COM-00620,直连,,,2.24771385877267,2.24771385877267,
PH-0068,Q3-T-009,投送交接,1,2159.472586449286,2159.472586449286,1.0,1.0,True,True,COM-00621,直连,,,2.24771385877267,2.24771385877267,
PH-0069,Q3-T-009,爬升,2,2159.472586449286,2160.7150925069645,0.0,0.04185560362715678,False,True,COM-00622,直连,,,2.247649247293978,2.247649247293978,
PH-0069,Q3-T-009,爬升,2,2160.7150925069645,2160.7150925069645,0.04185560362715678,0.04185560362715678,True,True,COM-00623,直连,,,2.2475814025186764,2.2475814025186764,
PH-0069,Q3-T-009,爬升,2,2160.7150925069645,2162.963241556489,0.04185560362715678,0.11758773783301517,False,True,COM-00624,直连,,,2.247450429231904,2.247450429231904,
PH-0069,Q3-T-009,爬升,2,2162.963241556489,2162.963241556489,0.11758773783301517,0.11758773783301517,True,True,COM-00625,直连,,,2.2473088722119314,2.2473088722119314,
PH-0069,Q3-T-009,爬升,2,2162.963241556489,2167.9381857781045,0.11758773783301517,0.28517588931154303,False,True,COM-00626,直连,,,2.2469580005630974,2.2469580005630974,
PH-0069,Q3-T-009,爬升,2,2167.9381857781045,2167.9381857781045,0.28517588931154303,0.28517588931154303,True,True,COM-00627,直连,,,2.2465553185876814,2.2465553185876814,
PH-0069,Q3-T-009,爬升,2,2167.9381857781045,2189.1581231517603,0.28517588931154303,1.0,False,True,COM-00628,直连,,,2.244256312054077,2.244256312054077,
PH-0069,Q3-T-009,爬升,2,2189.1581231517603,2189.1581231517603,1.0,1.0,True,True,COM-00629,直连,,,2.2410165102830177,2.2410165102830177,
PH-0070,Q3-T-009,巡航,2,2189.1581231517603,2244.4818796143063,0.0,0.21738365311846422,False,True,COM-00630,直连,,,3.2385689458567555,3.2385689458567555,
PH-0070,Q3-T-009,巡航,2,2244.4818796143063,2244.4818796143063,0.21738365311846422,0.21738365311846422,True,True,COM-00631,直连,,,4.365419094587921,4.365419094587921,
PH-0070,Q3-T-009,巡航,2,2244.4818796143063,2256.810014168775,0.21738365311846422,0.2658245959781675,False,True,COM-00632,直连,,,4.6377051069436845,4.6377051069436845,
PH-0070,Q3-T-009,巡航,2,2256.810014168775,2256.810014168775,0.2658245959781675,0.2658245959781675,True,True,COM-00633,直连,,,4.918777094567162,4.918777094567162,
PH-0070,Q3-T-009,巡航,2,2256.810014168775,2309.6857277061,0.2658245959781675,0.47358915328494855,False,True,COM-00634,直连,,,6.239096637791931,6.239096637791931,
PH-0070,Q3-T-009,巡航,2,2309.6857277061,2309.6857277061,0.47358915328494855,0.47358915328494855,True,True,COM-00635,直连,,,17.79550583936357,17.79550583936357,
PH-0070,Q3-T-009,巡航,2,2309.6857277061,2436.8699186909644,0.47358915328494855,0.9733340336587831,False,True,COM-00636,直连,,,23.318576573306345,23.318576573306345,
PH-0070,Q3-T-009,巡航,2,2436.8699186909644,2436.8699186909644,0.9733340336587831,0.9733340336587831,True,True,COM-00637,直连,,,38.45367859601129,38.45367859601129,
PH-0070,Q3-T-009,巡航,2,2436.8699186909644,2443.6563601116354,0.9733340336587831,1.0,False,True,COM-00638,直连,,,39.54719280064175,39.54719280064175,
PH-0070,Q3-T-009,巡航,2,2443.6563601116354,2443.6563601116354,1.0,1.0,True,True,COM-00639,直连,,,39.982830377148545,39.982830377148545,
PH-0071,Q3-T-009,下降,2,2443.6563601116354,2468.2011613688546,0.0,0.4221480061876795,False,True,COM-00640,直连,,,42.42101306040263,42.42101306040263,
PH-0071,Q3-T-009,下降,2,2468.2011613688546,2468.2011613688546,0.4221480061876795,0.4221480061876795,True,True,COM-00641,直连,,,45.82290764368433,45.82290764368433,
PH-0071,Q3-T-009,下降,2,2468.2011613688546,2479.3757439223077,0.4221480061876795,0.6143405481229054,False,True,COM-00642,直连,,,47.96179382527528,47.96179382527528,
PH-0071,Q3-T-009,下降,2,2479.3757439223077,2479.3757439223077,0.6143405481229054,0.6143405481229054,True,True,COM-00643,直连,,,50.80570620510423,50.80570620510423,
PH-0071,Q3-T-009,下降,2,2479.3757439223077,2489.1097340607175,0.6143405481229054,0.7817562255251269,False,True,COM-00644,直连,,,54.38121115513694,54.38121115513694,
PH-0071,Q3-T-009,下降,2,2489.1097340607175,2489.1097340607175,0.7817562255251269,0.7817562255251269,True,True,COM-00645,直连,,,60.56487003084801,60.56487003084801,
PH-0071,Q3-T-009,下降,2,2489.1097340607175,2490.275816838058,0.7817562255251269,0.8018117767738546,False,True,COM-00646,直连,,,61.71811229890628,61.71811229890628,
PH-0071,Q3-T-009,下降,2,2490.275816838058,2490.275816838058,0.8018117767738546,0.8018117767738546,True,True,COM-00647,直连,,,63.04826031558963,63.04826031558963,
PH-0071,Q3-T-009,下降,2,2490.275816838058,2501.3887880861507,0.8018117767738546,0.9929446609247771,False,True,COM-00648,直连,,,67.82295300936242,67.82295300936242,
PH-0071,Q3-T-009,下降,2,2501.3887880861507,2501.3887880861507,0.9929446609247771,0.9929446609247771,True,True,COM-00649,直连,,,56.38238674364726,56.38238674364726,
PH-0071,Q3-T-009,下降,2,2501.3887880861507,2501.799004154604,0.9929446609247771,1.0,False,True,COM-00650,直连,,,46.150772984109935,46.150772984109935,
PH-0071,Q3-T-009,下降,2,2501.799004154604,2501.799004154604,1.0,1.0,True,True,COM-00651,直连,,,45.92517525248826,45.92517525248826,
PH-0072,Q3-T-010,爬升,1,1610.899502077302,1610.899502077302,0.0,0.0,True,True,COM-00652,直连,,,45.92517525248826,45.92517525248826,
PH-0072,Q3-T-010,爬升,1,1610.899502077302,1611.241348801013,0.0,0.00705533907522279,False,True,COM-00653,直连,,,46.15077298410995,46.15077298410995,
PH-0072,Q3-T-010,爬升,1,1611.241348801013,1611.241348801013,0.00705533907522279,0.00705533907522279,True,True,COM-00654,直连,,,46.38238674364695,46.38238674364695,
PH-0072,Q3-T-010,爬升,1,1611.241348801013,1620.5021581744238,0.00705533907522279,0.19818822322614532,False,True,COM-00655,直连,,,67.82295300936013,67.82295300936013,
PH-0072,Q3-T-010,爬升,1,1620.5021581744238,1620.5021581744238,0.19818822322614532,0.19818822322614532,True,True,COM-00656,直连,,,63.04826031558985,63.04826031558985,
PH-0072,Q3-T-010,爬升,1,1620.5021581744238,1621.4738938222074,0.19818822322614532,0.21824377447487314,False,True,COM-00657,直连,,,61.71811229890645,61.71811229890645,
PH-0072,Q3-T-010,爬升,1,1621.4738938222074,1621.4738938222074,0.21824377447487314,0.21824377447487314,True,True,COM-00658,直连,,,60.564870030848155,60.564870030848155,
PH-0072,Q3-T-010,爬升,1,1621.4738938222074,1629.5855522708823,0.21824377447487314,0.3856594518770947,False,True,COM-00659,直连,,,54.38121115513678,54.38121115513678,
PH-0072,Q3-T-010,爬升,1,1629.5855522708823,1629.5855522708823,0.3856594518770947,0.3856594518770947,True,True,COM-00660,直连,,,50.80570620510423,50.80570620510423,
PH-0072,Q3-T-010,爬升,1,1629.5855522708823,1638.89770439876,0.3856594518770947,0.5778519938123206,False,True,COM-00661,直连,,,47.96179382527535,47.96179382527535,
PH-0072,Q3-T-010,爬升,1,1638.89770439876,1638.89770439876,0.5778519938123206,0.5778519938123206,True,True,COM-00662,直连,,,45.82290764368429,45.82290764368429,
PH-0072,Q3-T-010,爬升,1,1638.89770439876,1659.3517054464426,0.5778519938123206,1.0,False,True,COM-00663,直连,,,42.421013060402686,42.421013060402686,
PH-0072,Q3-T-010,爬升,1,1659.3517054464426,1659.3517054464426,1.0,1.0,True,True,COM-00664,直连,,,39.982830377148545,39.982830377148545,
PH-0073,Q3-T-010,巡航,1,1659.3517054464426,1793.322337851978,0.0,0.5264108467150513,False,True,COM-00665,直连,,,23.738075011207812,23.738075011207812,
PH-0073,Q3-T-010,巡航,1,1793.322337851978,1793.322337851978,0.5264108467150513,0.5264108467150513,True,True,COM-00666,直连,,,17.79550583936357,17.79550583936357,
PH-0073,Q3-T-010,巡航,1,1793.322337851978,1846.1980513893027,0.5264108467150513,0.7341754040218321,False,True,COM-00667,直连,,,6.239096637791931,6.239096637791931,
PH-0073,Q3-T-010,巡航,1,1846.1980513893027,1846.1980513893027,0.7341754040218321,0.7341754040218321,True,True,COM-00668,直连,,,4.918777094567162,4.918777094567162,
PH-0073,Q3-T-010,巡航,1,1846.1980513893027,1858.5261859437715,0.7341754040218321,0.7826163468815358,False,True,COM-00669,直连,,,4.6377051069436845,4.6377051069436845,
PH-0073,Q3-T-010,巡航,1,1858.5261859437715,1858.5261859437715,0.7826163468815358,0.7826163468815358,True,True,COM-00670,直连,,,4.365419094587921,4.365419094587921,
PH-0073,Q3-T-010,巡航,1,1858.5261859437715,1913.8499424063175,0.7826163468815358,1.0,False,True,COM-00671,直连,,,3.2385689458567555,3.2385689458567555,
PH-0073,Q3-T-010,巡航,1,1913.8499424063175,1913.8499424063175,1.0,1.0,True,True,COM-00672,直连,,,2.2410165102830177,2.2410165102830177,
PH-0074,Q3-T-010,下降,1,1913.8499424063175,1939.313867254704,0.0,0.714824110688457,False,True,COM-00673,直连,,,2.244256312054077,2.244256312054077,
PH-0074,Q3-T-010,下降,1,1939.313867254704,1939.313867254704,0.714824110688457,0.714824110688457,True,True,COM-00674,直连,,,2.2465553185876814,2.2465553185876814,
PH-0074,Q3-T-010,下降,1,1939.313867254704,1945.2838003206427,0.714824110688457,0.8824122621669849,False,True,COM-00675,直连,,,2.2469580005630974,2.2469580005630974,
PH-0074,Q3-T-010,下降,1,1945.2838003206427,1945.2838003206427,0.8824122621669849,0.8824122621669849,True,True,COM-00676,直连,,,2.2473088722119314,2.2473088722119314,
PH-0074,Q3-T-010,下降,1,1945.2838003206427,1947.9815791800725,0.8824122621669849,0.9581443963728433,False,True,COM-00677,直连,,,2.247450429231904,2.247450429231904,
PH-0074,Q3-T-010,下降,1,1947.9815791800725,1947.9815791800725,0.9581443963728433,0.9581443963728433,True,True,COM-00678,直连,,,2.2475814025186764,2.2475814025186764,
PH-0074,Q3-T-010,下降,1,1947.9815791800725,1949.4725864492862,0.9581443963728433,1.0,False,True,COM-00679,直连,,,2.247649247293978,2.247649247293978,
PH-0074,Q3-T-010,下降,1,1949.4725864492862,1949.4725864492862,1.0,1.0,True,True,COM-00680,直连,,,2.24771385877267,2.24771385877267,
PH-0075,Q3-T-010,投送交接,1,1949.4725864492862,2129.472586449286,0.0,1.0,False,True,COM-00681,直连,,,2.24771385877267,2.24771385877267,
PH-0075,Q3-T-010,投送交接,1,2129.472586449286,2129.472586449286,1.0,1.0,True,True,COM-00682,直连,,,2.24771385877267,2.24771385877267,
PH-0076,Q3-T-010,爬升,2,2129.472586449286,2130.7150925069645,0.0,0.015086299901176464,False,True,COM-00683,直连,,,2.247649247293978,2.247649247293978,
PH-0076,Q3-T-010,爬升,2,2130.7150925069645,2130.7150925069645,0.015086299901176464,0.015086299901176464,True,True,COM-00684,直连,,,2.2475814025186764,2.2475814025186764,
PH-0076,Q3-T-010,爬升,2,2130.7150925069645,2132.963241556489,0.015086299901176464,0.04238294813406527,False,True,COM-00685,直连,,,2.247450429231904,2.247450429231904,
PH-0076,Q3-T-010,爬升,2,2132.963241556489,2132.963241556489,0.04238294813406527,0.04238294813406527,True,True,COM-00686,直连,,,2.2473088722119314,2.2473088722119314,
PH-0076,Q3-T-010,爬升,2,2132.963241556489,2137.9381857781045,0.04238294813406527,0.10278788544211209,False,True,COM-00687,直连,,,2.2469580005630974,2.2469580005630974,
PH-0076,Q3-T-010,爬升,2,2137.9381857781045,2137.9381857781045,0.10278788544211209,0.10278788544211209,True,True,COM-00688,直连,,,2.2465553185876814,2.2465553185876814,
PH-0076,Q3-T-010,爬升,2,2137.9381857781045,2196.750769788834,0.10278788544211209,0.8168804042399714,False,True,COM-00689,直连,,,2.237875092767325,2.237875092767325,
PH-0076,Q3-T-010,爬升,2,2196.750769788834,2196.750769788834,0.8168804042399714,0.8168804042399714,True,True,COM-00690,直连,,,12.222002426404416,12.222002426404416,
PH-0076,Q3-T-010,爬升,2,2196.750769788834,2211.8324802481143,0.8168804042399714,1.0,False,True,COM-00691,直连,,,12.216782142726586,12.216782142726586,
PH-0076,Q3-T-010,爬升,2,2211.8324802481143,2211.8324802481143,1.0,1.0,True,True,COM-00692,直连,,,12.211095569928844,12.211095569928844,
PH-0077,Q3-T-010,巡航,2,2211.8324802481143,2344.181738078408,0.0,0.42809606335155287,False,True,COM-00693,直连,,,11.94784910805997,11.94784910805997,
PH-0077,Q3-T-010,巡航,2,2344.181738078408,2344.181738078408,0.42809606335155287,0.42809606335155287,True,True,COM-00694,直连,,,11.210594589104872,11.210594589104872,
PH-0077,Q3-T-010,巡航,2,2344.181738078408,2372.8899672679613,0.42809606335155287,0.5209555179742655,False,True,COM-00695,直连,,,11.007300326179234,11.007300326179234,
PH-0077,Q3-T-010,巡航,2,2372.8899672679613,2372.8899672679613,0.5209555179742655,0.5209555179742655,True,True,COM-00696,直连,,,0.793284616664252,0.793284616664252,
PH-0077,Q3-T-010,巡航,2,2372.8899672679613,2422.319128458691,0.5209555179742655,0.6808387667919804,False,True,COM-00697,直连,,,0.40527003606204914,0.40527003606204914,
PH-0077,Q3-T-010,巡航,2,2422.319128458691,2422.319128458691,0.6808387667919804,0.6808387667919804,True,True,COM-00698,直连,,,-2.5579538487363607e-13,-2.5579538487363607e-13,
PH-0077,Q3-T-010,巡航,2,2422.319128458691,2436.8699186909644,0.6808387667919804,0.7279046598631591,False,False,COM-00699,中继,Q3-R-002,0;1;2,9.584841967145849,-0.12149059790692718,2.4694705795379406
PH-0077,Q3-T-010,巡航,2,2436.8699186909644,2436.8699186909644,0.7279046598631591,0.7279046598631591,True,False,COM-00700,中继,Q3-R-002,0;1;2,9.888289958975193,-0.24367651977954097,2.4694705795379406
PH-0077,Q3-T-010,巡航,2,2436.8699186909644,2444.2181934192627,0.7279046598631591,0.7516733423263724,False,False,COM-00701,中继,Q3-R-002,0;1;2,10.043517789629973,-0.3055980036808421,2.4694705795379406
PH-0077,Q3-T-010,巡航,2,2444.2181934192627,2444.2181934192627,0.7516733423263724,0.7516733423263724,True,False,COM-00702,中继,Q3-R-002,0;1;2,10.200000000000955,-0.36764050415035854,2.4694705795379406
PH-0077,Q3-T-010,巡航,2,2444.2181934192627,2451.289067831147,0.7516733423263724,0.7745447474993603,False,False,COM-00703,中继,Q3-R-002,0;1;2,10.35169280522841,-0.4274388337124293,2.4694705795379406
PH-0077,Q3-T-010,巡航,2,2451.289067831147,2451.289067831147,0.7745447474993603,0.7745447474993603,True,False,COM-00704,中继,Q3-R-002,0;1;2,10.504407040051845,-0.48731805068538847,2.4694705795379406
PH-0077,Q3-T-010,巡航,2,2451.289067831147,2515.7355564592635,0.7745447474993603,0.9830029476496317,False,False,COM-00705,中继,Q3-R-002,1;2,11.923768746697405,-1.0345257014615896,2.4694705795379406
PH-0077,Q3-T-010,巡航,2,2515.7355564592635,2515.7355564592635,0.9830029476496317,0.9830029476496317,True,False,COM-00706,中继,Q3-R-002,1;2,13.2791184937589,-1.5785241872959546,2.4694705795379406
PH-0077,Q3-T-010,巡航,2,2515.7355564592635,2520.990328592093,0.9830029476496317,1.0,False,False,COM-00707,中继,Q3-R-002,1,13.378959442283389,-1.6225350197696855,2.4694705795379406
PH-0077,Q3-T-010,巡航,2,2520.990328592093,2520.990328592093,1.0,1.0,True,False,COM-00708,中继,Q3-R-002,1,13.476256364511357,-1.6664802572522888,2.4694705795379406
PH-0078,Q3-T-010,下降,2,2520.990328592093,2525.9929161643395,0.0,0.1573542911958552,False,False,COM-00709,中继,Q3-R-002,1,13.471358416568535,-1.6658176182739481,2.4694705795379406
PH-0078,Q3-T-010,下降,2,2525.9929161643395,2525.9929161643395,0.1573542911958552,0.1573542911958552,True,False,COM-00710,中继,Q3-R-002,1,13.466274082637625,-1.6651696668755562,2.4694705795379406
PH-0078,Q3-T-010,下降,2,2525.9929161643395,2532.4829900762197,0.1573542911958552,0.36149684051938347,False,False,COM-00711,中继,Q3-R-002,1,13.45940128360236,-1.6643509499378695,2.4694705795379406
PH-0078,Q3-T-010,下降,2,2532.4829900762197,2532.4829900762197,0.36149684051938347,0.36149684051938347,True,False,COM-00712,中继,Q3-R-002,1,13.452217389645583,-1.6635569787613917,2.4694705795379406
PH-0078,Q3-T-010,下降,2,2532.4829900762197,2546.2253096575773,0.36149684051938347,0.7937557317196438,False,False,COM-00713,中继,Q3-R-002,1,13.435986326686972,-1.6619575293378261,2.4694705795379406
PH-0078,Q3-T-010,下降,2,2546.2253096575773,2546.2253096575773,0.7937557317196438,0.7937557317196438,True,False,COM-00714,中继,Q3-R-002,1,13.418383224606885,-1.6604692118352347,2.4694705795379406
PH-0078,Q3-T-010,下降,2,2546.2253096575773,2552.782201150687,0.7937557317196438,1.0,False,False,COM-00715,中继,Q3-R-002,1,13.409505600762913,-1.6597982846236619,2.4694705795379406
PH-0078,Q3-T-010,下降,2,2552.782201150687,2552.782201150687,1.0,1.0,True,False,COM-00716,中继,Q3-R-002,1,13.40032137295961,-1.6591526950182356,2.4694705795379406
PH-0079,Q3-T-010,投送交接,2,2552.782201150687,2732.782201150687,0.0,1.0,False,False,COM-00717,中继,Q3-R-002,1,13.40032137295961,-1.6591526950182356,2.4694705795379406
PH-0079,Q3-T-010,投送交接,2,2732.782201150687,2732.782201150687,1.0,1.0,True,False,COM-00718,中继,Q3-R-002,1,13.40032137295961,-1.6591526950182356,2.4694705795379406
PH-0080,Q3-T-010,爬升,3,2732.782201150687,2738.2462773949446,0.0,0.19506073884473016,False,False,COM-00719,中继,Q3-R-002,1,13.409505600762913,-1.6597982846236619,2.4694705795379406
PH-0080,Q3-T-010,爬升,3,2738.2462773949446,2738.2462773949446,0.19506073884473016,0.19506073884473016,True,False,COM-00720,中继,Q3-R-002,1,13.418383224606885,-1.6604692118352347,2.4694705795379406
PH-0080,Q3-T-010,爬升,3,2738.2462773949446,2749.6982103794094,0.19506073884473016,0.6038805300212363,False,False,COM-00721,中继,Q3-R-002,1,13.435986326686972,-1.6619575293378261,2.4694705795379406
PH-0080,Q3-T-010,爬升,3,2749.6982103794094,2749.6982103794094,0.6038805300212363,0.6038805300212363,True,False,COM-00722,中继,Q3-R-002,1,13.452217389645583,-1.6635569787613917,2.4694705795379406
PH-0080,Q3-T-010,爬升,3,2749.6982103794094,2755.1066053059762,0.6038805300212363,0.7969535149468827,False,False,COM-00723,中继,Q3-R-002,1,13.45940128360236,-1.6643509499378695,2.4694705795379406
PH-0080,Q3-T-010,爬升,3,2755.1066053059762,2755.1066053059762,0.7969535149468827,0.7969535149468827,True,False,COM-00724,中继,Q3-R-002,1,13.466274082637625,-1.6651696668755562,2.4694705795379406
PH-0080,Q3-T-010,爬升,3,2755.1066053059762,2760.794379698864,0.7969535149468827,1.0,False,False,COM-00725,中继,Q3-R-002,1,13.473164649536812,-1.6660573567824173,2.4694705795379406
PH-0080,Q3-T-010,爬升,3,2760.794379698864,2760.794379698864,1.0,1.0,True,False,COM-00726,中继,Q3-R-002,1,13.479707828576096,-1.6669723827331495,2.4694705795379406
PH-0081,Q3-T-010,巡航,3,2760.794379698864,2771.4692839723243,0.0,0.026773746289539928,False,False,COM-00727,中继,Q3-R-002,1,13.55468409815704,-1.5503383061428195,2.4694705795379406
PH-0081,Q3-T-010,巡航,3,2771.4692839723243,2771.4692839723243,0.026773746289539928,0.026773746289539928,True,False,COM-00728,中继,Q3-R-002,1;2,13.610115612277099,-1.4321227140815154,2.4694705795379406
PH-0081,Q3-T-010,巡航,3,2771.4692839723243,2826.6823900245026,0.026773746289539928,0.16525383523737933,False,False,COM-00729,中继,Q3-R-002,1;2,13.56667403701708,-0.793712788918711,2.4694705795379406
PH-0081,Q3-T-010,巡航,3,2826.6823900245026,2826.6823900245026,0.16525383523737933,0.16525383523737933,True,False,COM-00730,中继,Q3-R-002,0;1;2,13.009544402364185,-0.10487469934817284,2.4694705795379406
PH-0081,Q3-T-010,巡航,3,2826.6823900245026,2830.697629981977,0.16525383523737933,0.17532446567669024,False,False,COM-00731,中继,Q3-R-002,0;1;2,12.95297760500371,-0.05259480008864159,2.4694705795379406
PH-0081,Q3-T-010,巡航,3,2830.697629981977,2830.697629981977,0.17532446567669024,0.17532446567669024,True,True,COM-00732,直连,,,-7.673861546209082e-13,-7.673861546209082e-13,
PH-0081,Q3-T-010,巡航,3,2830.697629981977,2902.7665736900717,0.17532446567669024,0.3560807108631552,False,True,COM-00733,直连,,,1.0022152593915763,1.0022152593915763,
PH-0081,Q3-T-010,巡航,3,2902.7665736900717,2902.7665736900717,0.3560807108631552,0.3560807108631552,True,True,COM-00734,直连,,,2.1343308002043955,2.1343308002043955,
PH-0081,Q3-T-010,巡航,3,2902.7665736900717,3003.2138385946637,0.3560807108631552,0.6080126736368072,False,True,COM-00735,直连,,,4.004680937026933,4.004680937026933,
PH-0081,Q3-T-010,巡航,3,3003.2138385946637,3003.2138385946637,0.6080126736368072,0.6080126736368072,True,True,COM-00736,直连,,,6.382114616510577,6.382114616510577,
PH-0081,Q3-T-010,巡航,3,3003.2138385946637,3011.135604465911,0.6080126736368072,0.6278812686301338,False,True,COM-00737,直连,,,6.599817146250075,6.599817146250075,
PH-0081,Q3-T-010,巡航,3,3011.135604465911,3011.135604465911,0.6278812686301338,0.6278812686301338,True,True,COM-00738,直连,,,6.82297430105038,6.82297430105038,
PH-0081,Q3-T-010,巡航,3,3011.135604465911,3159.502284002529,0.6278812686301338,1.0,False,True,COM-00739,直连,,,22.523594946854956,22.523594946854956,
PH-0081,Q3-T-010,巡航,3,3159.502284002529,3159.502284002529,1.0,1.0,True,True,COM-00740,直连,,,32.7598396645181,32.7598396645181,
PH-0082,Q3-T-010,下降,3,3159.502284002529,3190.571916040055,0.0,0.25224054668030155,False,True,COM-00741,直连,,,34.018318203106006,34.018318203106006,
PH-0082,Q3-T-010,下降,3,3190.571916040055,3190.571916040055,0.25224054668030155,0.25224054668030155,True,True,COM-00742,直连,,,35.49054052543224,35.49054052543224,
PH-0082,Q3-T-010,下降,3,3190.571916040055,3249.079055474592,0.25224054668030155,0.7272340328549594,False,True,COM-00743,直连,,,39.20321867704135,39.20321867704135,
PH-0082,Q3-T-010,下降,3,3249.079055474592,3249.079055474592,0.7272340328549594,0.7272340328549594,True,True,COM-00744,直连,,,45.822907643684374,45.822907643684374,
PH-0082,Q3-T-010,下降,3,3249.079055474592,3260.2536380280453,0.7272340328549594,0.8179555067624322,False,True,COM-00745,直连,,,47.96179382527551,47.96179382527551,
PH-0082,Q3-T-010,下降,3,3260.2536380280453,3260.2536380280453,0.8179555067624322,0.8179555067624322,True,True,COM-00746,直连,,,50.805706205104286,50.805706205104286,
PH-0082,Q3-T-010,下降,3,3260.2536380280453,3269.987628166455,0.8179555067624322,0.8969814505176609,False,True,COM-00747,直连,,,54.38121115513658,54.38121115513658,
PH-0082,Q3-T-010,下降,3,3269.987628166455,3269.987628166455,0.8969814505176609,0.8969814505176609,True,True,COM-00748,直连,,,60.56487003084809,60.56487003084809,
PH-0082,Q3-T-010,下降,3,3269.987628166455,3271.1537109437954,0.8969814505176609,0.9064483588117644,False,True,COM-00749,直连,,,61.71811229890638,61.71811229890638,
PH-0082,Q3-T-010,下降,3,3271.1537109437954,3271.1537109437954,0.9064483588117644,0.9064483588117644,True,True,COM-00750,直连,,,63.04826031558974,63.04826031558974,
PH-0082,Q3-T-010,下降,3,3271.1537109437954,3282.2666821918883,0.9064483588117644,0.9966696378882541,False,True,COM-00751,直连,,,67.82295300936043,67.82295300936043,
PH-0082,Q3-T-010,下降,3,3282.2666821918883,3282.2666821918883,0.9966696378882541,0.9966696378882541,True,True,COM-00752,直连,,,56.38238674364726,56.38238674364726,
PH-0082,Q3-T-010,下降,3,3282.2666821918883,3282.6768982603417,0.9966696378882541,1.0,False,True,COM-00753,直连,,,46.150772984109935,46.150772984109935,
PH-0082,Q3-T-010,下降,3,3282.6768982603417,3282.6768982603417,1.0,1.0,True,True,COM-00754,直连,,,45.92517525248826,45.92517525248826,
PH-0083,Q3-T-011,爬升,1,2101.5538679616766,2101.5538679616766,0.0,0.0,True,True,COM-00755,直连,,,45.92517525248826,45.92517525248826,
PH-0083,Q3-T-011,爬升,1,2101.5538679616766,2101.96408403013,0.0,0.00705533907522279,False,True,COM-00756,直连,,,46.15077298410995,46.15077298410995,
PH-0083,Q3-T-011,爬升,1,2101.96408403013,2101.96408403013,0.00705533907522279,0.00705533907522279,True,True,COM-00757,直连,,,56.38238674364726,56.38238674364726,
PH-0083,Q3-T-011,爬升,1,2101.96408403013,2113.077055278223,0.00705533907522279,0.19818822322614532,False,True,COM-00758,直连,,,67.82295300936053,67.82295300936053,
PH-0083,Q3-T-011,爬升,1,2113.077055278223,2113.077055278223,0.19818822322614532,0.19818822322614532,True,True,COM-00759,直连,,,63.04826031558963,63.04826031558963,
PH-0083,Q3-T-011,爬升,1,2113.077055278223,2114.243138055563,0.19818822322614532,0.21824377447487314,False,True,COM-00760,直连,,,61.71811229890628,61.71811229890628,
PH-0083,Q3-T-011,爬升,1,2114.243138055563,2114.243138055563,0.21824377447487314,0.21824377447487314,True,True,COM-00761,直连,,,60.56487003084799,60.56487003084799,
PH-0083,Q3-T-011,爬升,1,2114.243138055563,2123.977128193973,0.21824377447487314,0.3856594518770947,False,True,COM-00762,直连,,,54.381211155136526,54.381211155136526,
PH-0083,Q3-T-011,爬升,1,2123.977128193973,2123.977128193973,0.3856594518770947,0.3856594518770947,True,True,COM-00763,直连,,,50.80570620510423,50.80570620510423,
PH-0083,Q3-T-011,爬升,1,2123.977128193973,2135.151710747426,0.3856594518770947,0.5778519938123206,False,True,COM-00764,直连,,,47.961793825275464,47.961793825275464,
PH-0083,Q3-T-011,爬升,1,2135.151710747426,2135.151710747426,0.5778519938123206,0.5778519938123206,True,True,COM-00765,直连,,,45.82290764368433,45.82290764368433,
PH-0083,Q3-T-011,爬升,1,2135.151710747426,2159.6965120046452,0.5778519938123206,1.0,False,True,COM-00766,直连,,,42.42101306040274,42.42101306040274,
PH-0083,Q3-T-011,爬升,1,2159.6965120046452,2159.6965120046452,1.0,1.0,True,True,COM-00767,直连,,,39.982830377148545,39.982830377148545,
PH-0084,Q3-T-011,巡航,1,2159.6965120046452,2266.8730179290737,0.0,0.5264108467150513,False,True,COM-00768,直连,,,23.738075011207812,23.738075011207812,
PH-0084,Q3-T-011,巡航,1,2266.8730179290737,2266.8730179290737,0.5264108467150513,0.5264108467150513,True,True,COM-00769,直连,,,17.79550583936357,17.79550583936357,
PH-0084,Q3-T-011,巡航,1,2266.8730179290737,2309.1735887589334,0.5264108467150513,0.7341754040218321,False,True,COM-00770,直连,,,6.239096637791931,6.239096637791931,
PH-0084,Q3-T-011,巡航,1,2309.1735887589334,2309.1735887589334,0.7341754040218321,0.7341754040218321,True,True,COM-00771,直连,,,4.918777094567162,4.918777094567162,
PH-0084,Q3-T-011,巡航,1,2309.1735887589334,2319.0360964025085,0.7341754040218321,0.7826163468815358,False,True,COM-00772,直连,,,4.6377051069436845,4.6377051069436845,
PH-0084,Q3-T-011,巡航,1,2319.0360964025085,2319.0360964025085,0.7826163468815358,0.7826163468815358,True,True,COM-00773,直连,,,4.365419094587921,4.365419094587921,
PH-0084,Q3-T-011,巡航,1,2319.0360964025085,2363.2951015725453,0.7826163468815358,1.0,False,True,COM-00774,直连,,,3.2385689458567555,3.2385689458567555,
PH-0084,Q3-T-011,巡航,1,2363.2951015725453,2363.2951015725453,1.0,1.0,True,True,COM-00775,直连,,,2.2410165102830177,2.2410165102830177,
PH-0085,Q3-T-011,下降,1,2363.2951015725453,2395.1250076330284,0.0,0.714824110688457,False,True,COM-00776,直连,,,2.244256312054077,2.244256312054077,
PH-0085,Q3-T-011,下降,1,2395.1250076330284,2395.1250076330284,0.714824110688457,0.714824110688457,True,True,COM-00777,直连,,,2.2465553185876814,2.2465553185876814,
PH-0085,Q3-T-011,下降,1,2395.1250076330284,2402.5874239654518,0.714824110688457,0.8824122621669849,False,True,COM-00778,直连,,,2.2469580005630974,2.2469580005630974,
PH-0085,Q3-T-011,下降,1,2402.5874239654518,2402.5874239654518,0.8824122621669849,0.8824122621669849,True,True,COM-00779,直连,,,2.2473088722119314,2.2473088722119314,
PH-0085,Q3-T-011,下降,1,2402.5874239654518,2405.959647539739,0.8824122621669849,0.9581443963728433,False,True,COM-00780,直连,,,2.247450429231904,2.247450429231904,
PH-0085,Q3-T-011,下降,1,2405.959647539739,2405.959647539739,0.9581443963728433,0.9581443963728433,True,True,COM-00781,直连,,,2.2475814025186764,2.2475814025186764,
PH-0085,Q3-T-011,下降,1,2405.959647539739,2407.823406626256,0.9581443963728433,1.0,False,True,COM-00782,直连,,,2.247649247293978,2.247649247293978,
PH-0085,Q3-T-011,下降,1,2407.823406626256,2407.823406626256,1.0,1.0,True,True,COM-00783,直连,,,2.24771385877267,2.24771385877267,
PH-0086,Q3-T-011,投送交接,1,2407.823406626256,2436.8699186909644,0.0,0.11526393676471496,False,True,COM-00784,直连,,,2.24771385877267,2.24771385877267,
PH-0086,Q3-T-011,投送交接,1,2436.8699186909644,2436.8699186909644,0.11526393676471496,0.11526393676471496,True,True,COM-00785,直连,,,2.24771385877267,2.24771385877267,
PH-0086,Q3-T-011,投送交接,1,2436.8699186909644,2659.823406626256,0.11526393676471496,1.0,False,True,COM-00786,直连,,,2.24771385877267,2.24771385877267,
PH-0086,Q3-T-011,投送交接,1,2659.823406626256,2659.823406626256,1.0,1.0,True,True,COM-00787,直连,,,2.24771385877267,2.24771385877267,
PH-0087,Q3-T-011,爬升,2,2659.823406626256,2661.31441389547,0.0,0.02976184965191333,False,True,COM-00788,直连,,,2.247649247293978,2.247649247293978,
PH-0087,Q3-T-011,爬升,2,2661.31441389547,2661.31441389547,0.02976184965191333,0.02976184965191333,True,True,COM-00789,直连,,,2.2475814025186764,2.2475814025186764,
PH-0087,Q3-T-011,爬升,2,2661.31441389547,2664.0121927549,0.02976184965191333,0.08361194848529592,False,True,COM-00790,直连,,,2.247450429231904,2.247450429231904,
PH-0087,Q3-T-011,爬升,2,2664.0121927549,2664.0121927549,0.08361194848529592,0.08361194848529592,True,True,COM-00791,直连,,,2.2473088722119314,2.2473088722119314,
PH-0087,Q3-T-011,爬升,2,2664.0121927549,2669.9821258208385,0.08361194848529592,0.20277719603914746,False,True,COM-00792,直连,,,2.2469580005630974,2.2469580005630974,
PH-0087,Q3-T-011,爬升,2,2669.9821258208385,2669.9821258208385,0.20277719603914746,0.20277719603914746,True,True,COM-00793,直连,,,2.2465553185876814,2.2465553185876814,
PH-0087,Q3-T-011,爬升,2,2669.9821258208385,2709.921343637975,0.20277719603914746,1.0,False,True,COM-00794,直连,,,2.2425298789417667,2.2425298789417667,
PH-0087,Q3-T-011,爬升,2,2709.921343637975,2709.921343637975,1.0,1.0,True,True,COM-00795,直连,,,2.2361929538520116,2.2361929538520116,
PH-0088,Q3-T-011,巡航,2,2709.921343637975,2769.934459734842,0.0,0.20643885003630744,False,True,COM-00796,直连,,,1.0466840252724126,1.0466840252724126,
PH-0088,Q3-T-011,巡航,2,2769.934459734842,2769.934459734842,0.20643885003630744,0.20643885003630744,True,True,COM-00797,直连,,,-6.110667527536862e-13,-6.110667527536862e-13,
PH-0088,Q3-T-011,巡航,2,2769.934459734842,2834.613497416849,0.20643885003630744,0.4289279828948082,False,False,COM-00798,中继,Q3-R-002,0;1;2;3,1.7721539434536027,-1.0030193271366699,2.4694705795379406
PH-0088,Q3-T-011,巡航,2,2834.613497416849,2834.613497416849,0.4289279828948082,0.4289279828948082,True,False,COM-00799,中继,Q3-R-002,0;1;2;3,1.3007990174993438,-1.9023977237661143,2.4694705795379406
PH-0088,Q3-T-011,巡航,2,2834.613497416849,2867.930327328436,0.4289279828948082,0.5435343973109775,False,False,COM-00800,中继,Q3-R-002,0;1;2;3,1.050681474871169,-2.331793164577462,2.4694705795379406
PH-0088,Q3-T-011,巡航,2,2867.930327328436,2867.930327328436,0.5435343973109775,0.5435343973109775,True,False,COM-00801,中继,Q3-R-002,0;1;2;3,0.7975799815959164,-2.741000500488866,2.4694705795379406
PH-0088,Q3-T-011,巡航,2,2867.930327328436,2901.6848703944424,0.5435343973109775,0.6596464992521581,False,False,COM-00802,中继,Q3-R-002,0;1;2;3,0.5394064708684283,-3.1368491619248715,2.4694705795379406
PH-0088,Q3-T-011,巡航,2,2901.6848703944424,2901.6848703944424,0.6596464992521581,0.6596464992521581,True,False,COM-00803,中继,Q3-R-002,0;1;2;3,0.2805920169774794,-3.515471845325621,2.4694705795379406
PH-0088,Q3-T-011,巡航,2,2901.6848703944424,2904.0269584292328,0.6596464992521581,0.667703037423006,False,False,COM-00804,中继,Q3-R-002,1;2;3,0.26263536231101625,-3.5411416222594596,2.4694705795379406
PH-0088,Q3-T-011,巡航,2,2904.0269584292328,2904.0269584292328,0.667703037423006,0.667703037423006,True,False,COM-00805,中继,Q3-R-002,1;2;3,0.24468052465549306,-3.56673588738704,2.4694705795379406
PH-0088,Q3-T-011,巡航,2,2904.0269584292328,2906.941729443823,0.667703037423006,0.6777295452184016,False,False,COM-00806,中继,Q3-R-002,1;2;3,0.22233836801716222,-3.598483616687389,2.4694705795379406
PH-0088,Q3-T-011,巡航,2,2906.941729443823,2906.941729443823,0.6777295452184016,0.6777295452184016,True,False,COM-00807,中继,Q3-R-002,1;2;3,0.1999999999998323,-3.63011592004581,2.4694705795379406
PH-0088,Q3-T-011,巡航,2,2906.941729443823,2912.301129662562,0.6777295452184016,0.6961653220951579,False,False,COM-00808,中继,Q3-R-003,2;3,10.462436577262963,-3.687979899755504,0.6489723131086578
PH-0088,Q3-T-011,巡航,2,2912.301129662562,2912.301129662562,0.6961653220951579,0.6961653220951579,True,False,COM-00809,中继,Q3-R-003,2;3,0.41480584748698845,-3.745461571303011,0.6489723131086578
PH-0088,Q3-T-011,巡航,2,2912.301129662562,2921.2429336594764,0.6961653220951579,0.7269241937290458,False,False,COM-00810,中继,Q3-R-003,2;3,0.3279040213197817,-3.840528486435005,0.6489723131086578
PH-0088,Q3-T-011,巡航,2,2921.2429336594764,2921.2429336594764,0.7269241937290458,0.7269241937290458,True,False,COM-00811,中继,Q3-R-003,2;3,0.2322119128661626,-3.934567759672177,0.6489723131086578
PH-0088,Q3-T-011,巡航,2,2921.2429336594764,2922.6663113577856,0.7269241937290458,0.7318204643164945,False,False,COM-00812,中继,Q3-R-003,2;3,10.216208408814794,-3.949443811726823,0.6489723131086578
PH-0088,Q3-T-011,巡航,2,2922.6663113577856,2922.6663113577856,0.7318204643164945,0.7318204643164945,True,False,COM-00813,中继,Q3-R-003,2;3,10.200000000000841,-3.9642944687106194,0.6489723131086578
PH-0088,Q3-T-011,巡航,2,2922.6663113577856,2968.0084244181817,0.7318204643164945,0.8877925965299898,False,False,COM-00814,中继,Q3-R-003,2;3,9.591377719400626,-4.424568186437455,0.6489723131086578
PH-0088,Q3-T-011,巡航,2,2968.0084244181817,2968.0084244181817,0.8877925965299898,0.8877925965299898,True,False,COM-00815,中继,Q3-R-003,2;3,8.856714658772887,-4.861704557565048,0.6489723131086578
PH-0088,Q3-T-011,巡航,2,2968.0084244181817,3000.6278462478876,0.8877925965299898,1.0,False,False,COM-00816,中继,Q3-R-003,2,8.287954215567297,-5.163126436282283,0.6489723131086578
PH-0088,Q3-T-011,巡航,2,3000.6278462478876,3000.6278462478876,1.0,1.0,True,False,COM-00817,中继,Q3-R-003,2,7.706438708060219,-5.45444949320779,0.6489723131086578
PH-0089,Q3-T-011,下降,2,3000.6278462478876,3005.904951576033,0.0,0.11760241991450084,False,False,COM-00818,中继,Q3-R-003,2,7.705993161491932,-5.454316956762511,0.6489723131086578
PH-0089,Q3-T-011,下降,2,3005.904951576033,3005.904951576033,0.11760241991450084,0.11760241991450084,True,False,COM-00819,中继,Q3-R-003,2,7.705511387812393,-5.454188817863098,0.6489723131086578
PH-0089,Q3-T-011,下降,2,3005.904951576033,3024.7722820060444,0.11760241991450084,0.5380684856686838,False,False,COM-00820,中继,Q3-R-003,2,7.703492780296713,-5.4537666543260315,0.6489723131086578
PH-0089,Q3-T-011,下降,2,3024.7722820060444,3024.7722820060444,0.5380684856686838,0.5380684856686838,True,False,COM-00821,中继,Q3-R-003,2,7.701011896197556,-5.453400725387809,0.6489723131086578
PH-0089,Q3-T-011,下降,2,3024.7722820060444,3045.500267512536,0.5380684856686838,1.0,False,False,COM-00822,中继,Q3-R-003,2,7.697754392806402,-5.45306355285372,0.6489723131086578
PH-0089,Q3-T-011,下降,2,3045.500267512536,3045.500267512536,1.0,1.0,True,False,COM-00823,中继,Q3-R-003,2,7.693941152557855,-5.452794286226634,0.6489723131086578
PH-0090,Q3-T-011,投送交接,2,3045.500267512536,3190.571916040055,0.0,0.3663425467866637,False,False,COM-00824,中继,Q3-R-003,2,7.693941152557855,-5.452794286226634,0.6489723131086578
PH-0090,Q3-T-011,投送交接,2,3190.571916040055,3190.571916040055,0.3663425467866637,0.3663425467866637,True,False,COM-00825,中继,Q3-R-003,2,7.693941152557855,-5.452794286226634,0.6489723131086578
PH-0090,Q3-T-011,投送交接,2,3190.571916040055,3441.500267512536,0.3663425467866637,1.0,False,False,COM-00826,中继,Q3-R-003,2,7.693941152557855,-5.452794286226634,0.6489723131086578
PH-0090,Q3-T-011,投送交接,2,3441.500267512536,3441.500267512536,1.0,1.0,True,False,COM-00827,中继,Q3-R-003,2,7.693941152557855,-5.452794286226634,0.6489723131086578
PH-0091,Q3-T-011,爬升,3,3441.500267512536,3458.0826559177294,0.0,0.4634320794099718,False,False,COM-00828,中继,Q3-R-003,2,7.697754392806402,-5.45306355285372,0.6489723131086578
PH-0091,Q3-T-011,爬升,3,3458.0826559177294,3458.0826559177294,0.4634320794099718,0.4634320794099718,True,False,COM-00829,中继,Q3-R-003,2,7.701011896197556,-5.453400725387809,0.6489723131086578
PH-0091,Q3-T-011,爬升,3,3458.0826559177294,3473.1765202617385,0.4634320794099718,0.885264011478653,False,False,COM-00830,中继,Q3-R-003,2,7.703492780296713,-5.4537666543260315,0.6489723131086578
PH-0091,Q3-T-011,爬升,3,3473.1765202617385,3473.1765202617385,0.885264011478653,0.885264011478653,True,False,COM-00831,中继,Q3-R-003,2,7.705511387812393,-5.454188817863098,0.6489723131086578
PH-0091,Q3-T-011,爬升,3,3473.1765202617385,3477.2819691726922,0.885264011478653,1.0,False,False,COM-00832,中继,Q3-R-003,2,7.705980381784158,-5.454313369849061,0.6489723131086578
PH-0091,Q3-T-011,爬升,3,3477.2819691726922,3477.2819691726922,1.0,1.0,True,False,COM-00833,中继,Q3-R-003,2,7.706415116358258,-5.454442080570175,0.6489723131086578
PH-0092,Q3-T-011,巡航,3,3477.2819691726922,3509.0454937627483,0.0,0.0642872636004601,False,False,COM-00834,中继,Q3-R-003,2,8.28853620492184,-5.170799072849832,0.6489723131086578
PH-0092,Q3-T-011,巡航,3,3509.0454937627483,3509.0454937627483,0.0642872636004601,0.0642872636004601,True,False,COM-00835,中继,Q3-R-003,2;3,8.863341764677372,-4.877584944292295,0.6489723131086578
PH-0092,Q3-T-011,巡航,3,3509.0454937627483,3550.5550919335606,0.0642872636004601,0.1482999326602273,False,False,COM-00836,中继,Q3-R-003,2;3,9.57649709443021,-4.478857291177121,0.6489723131086578
PH-0092,Q3-T-011,巡航,3,3550.5550919335606,3550.5550919335606,0.1482999326602273,0.1482999326602273,True,False,COM-00837,中继,Q3-R-003,2;3,10.199999999998639,-4.060953541515062,0.6489723131086578
PH-0092,Q3-T-011,巡航,3,3550.5550919335606,3557.388371995142,0.1482999326602273,0.1621300375444997,False,False,COM-00838,中继,Q3-R-003,2;3,10.289802201104237,-3.9901904985185013,0.6489723131086578
PH-0092,Q3-T-011,巡航,3,3557.388371995142,3557.388371995142,0.1621300375444997,0.1621300375444997,True,False,COM-00839,中继,Q3-R-003,2;3,0.37516951060909776,-3.918846606546637,0.6489723131086578
PH-0092,Q3-T-011,巡航,3,3557.388371995142,3566.24764158759,0.1621300375444997,0.1800606106451796,False,False,COM-00840,中继,Q3-R-003,2;3,0.47874951299455404,-3.8254696175583547,0.6489723131086578
PH-0092,Q3-T-011,巡航,3,3566.24764158759,3566.24764158759,0.1800606106451796,0.1800606106451796,True,False,COM-00841,中继,Q3-R-003,2;3,0.5737146346915267,-3.731078574245771,0.6489723131086578
PH-0092,Q3-T-011,巡航,3,3566.24764158759,3573.2999570596958,0.1800606106451796,0.19433402864901217,False,False,COM-00842,中继,Q3-R-003,2;3,10.64273113103252,-3.655200010425432,0.6489723131086578
PH-0092,Q3-T-011,巡航,3,3573.2999570596958,3573.2999570596958,0.19433402864901217,0.19433402864901217,True,False,COM-00843,中继,Q3-R-003,1;2;3,10.705584831408274,-3.5786532208024937,0.6489723131086578
PH-0092,Q3-T-011,巡航,3,3573.2999570596958,3574.4164831006365,0.19433402864901217,0.196593803180873,False,False,COM-00844,中继,Q3-R-003,1;2;3,10.714951591327775,-3.566472245615472,0.6489723131086578
PH-0092,Q3-T-011,巡航,3,3574.4164831006365,3574.4164831006365,0.196593803180873,0.196593803180873,True,False,COM-00845,中继,Q3-R-003,1;2;3,0.7241555561211328,-3.5542741765275707,0.6489723131086578
PH-0092,Q3-T-011,巡航,3,3574.4164831006365,3575.035762689663,0.196593803180873,0.19784718392800163,False,False,COM-00846,中继,Q3-R-003,1;2;3,0.7291899373958728,-3.547501147251296,0.6489723131086578
PH-0092,Q3-T-011,巡航,3,3575.035762689663,3575.035762689663,0.19784718392800163,0.19784718392800163,True,False,COM-00847,中继,Q3-R-003,0;1;2;3,0.7341737223565161,-3.5407228363078076,0.6489723131086578
PH-0092,Q3-T-011,巡航,3,3575.035762689663,3609.7315511045404,0.19784718392800163,0.26806915470863973,False,False,COM-00848,中继,Q3-R-003,0;1;2;3,0.9276426828058391,-3.1522605312657106,0.6489723131086578
PH-0092,Q3-T-011,巡航,3,3609.7315511045404,3609.7315511045404,0.26806915470863973,0.26806915470863973,True,False,COM-00849,中继,Q3-R-003,0;1;2;3,0.9402774596356664,-2.745623539385832,0.6489723131086578
PH-0092,Q3-T-011,巡航,3,3609.7315511045404,3653.92336498019,0.26806915470863973,0.35751045016537036,False,False,COM-00850,中继,Q3-R-003,0;1;2;3,10.694493186176842,-2.1985296759233677,0.6489723131086578
PH-0092,Q3-T-011,巡航,3,3653.92336498019,3653.92336498019,0.35751045016537036,0.35751045016537036,True,False,COM-00851,中继,Q3-R-003,0;1;2;3,10.199999999997246,-1.614685564853474,0.6489723131086578
PH-0092,Q3-T-011,巡航,3,3653.92336498019,3707.8433954663597,0.35751045016537036,0.46664100975995676,False,False,COM-00852,中继,Q3-R-003,0;1;2;3,9.370112224392955,-0.8447581064711613,0.6489723131086578
PH-0092,Q3-T-011,巡航,3,3707.8433954663597,3707.8433954663597,0.46664100975995676,0.46664100975995676,True,True,COM-00853,直连,,,5.542233338928781e-13,5.542233338928781e-13,
PH-0092,Q3-T-011,巡航,3,3707.8433954663597,3818.0919434853586,0.46664100975995676,0.6897767467267608,False,True,COM-00854,直连,,,2.034124260578807,2.034124260578807,
PH-0092,Q3-T-011,巡航,3,3818.0919434853586,3818.0919434853586,0.6897767467267608,0.6897767467267608,True,True,COM-00855,直连,,,14.69281669188166,14.69281669188166,
PH-0092,Q3-T-011,巡航,3,3818.0919434853586,3971.3693328449713,0.6897767467267608,1.0,False,True,COM-00856,直连,,,20.650107991357686,20.650107991357686,
PH-0092,Q3-T-011,巡航,3,3971.3693328449713,3971.3693328449713,1.0,1.0,True,True,COM-00857,直连,,,37.7955515486551,37.7955515486551,
PH-0093,Q3-T-011,下降,3,3971.3693328449713,4019.9991564379798,0.0,0.5365923555389676,False,True,COM-00858,直连,,,40.913123002813435,40.913123002813435,
PH-0093,Q3-T-011,下降,3,4019.9991564379798,4019.9991564379798,0.5365923555389676,0.5365923555389676,True,True,COM-00859,直连,,,45.82290764368433,45.82290764368433,
PH-0093,Q3-T-011,下降,3,4019.9991564379798,4033.967384629796,0.5365923555389676,0.690720911111812,False,True,COM-00860,直连,,,47.961793825275265,47.961793825275265,
PH-0093,Q3-T-011,下降,3,4033.967384629796,4033.967384629796,0.690720911111812,0.690720911111812,True,True,COM-00861,直连,,,50.80570620510416,50.80570620510416,
PH-0093,Q3-T-011,下降,3,4033.967384629796,4046.1348723028086,0.690720911111812,0.8249796928440927,False,True,COM-00862,直连,,,54.381211155136924,54.381211155136924,
PH-0093,Q3-T-011,下降,3,4046.1348723028086,4046.1348723028086,0.8249796928440927,0.8249796928440927,True,True,COM-00863,直连,,,60.56487003084824,60.56487003084824,
PH-0093,Q3-T-011,下降,3,4046.1348723028086,4047.592475774484,0.8249796928440927,0.841063215722027,False,True,COM-00864,直连,,,61.71811229890674,61.71811229890674,
PH-0093,Q3-T-011,下降,3,4047.592475774484,4047.592475774484,0.841063215722027,0.841063215722027,True,True,COM-00865,直连,,,63.04826031558949,63.04826031558949,
PH-0093,Q3-T-011,下降,3,4047.592475774484,4061.4836898346,0.841063215722027,0.994341980132053,False,True,COM-00866,直连,,,67.82295300936192,67.82295300936192,
PH-0093,Q3-T-011,下降,3,4061.4836898346,4061.4836898346,0.994341980132053,0.994341980132053,True,True,COM-00867,直连,,,56.38238674364703,56.38238674364703,
PH-0093,Q3-T-011,下降,3,4061.4836898346,4061.9964599201667,0.994341980132053,1.0,False,True,COM-00868,直连,,,46.150772984109835,46.150772984109835,
PH-0093,Q3-T-011,下降,3,4061.9964599201667,4061.9964599201667,1.0,1.0,True,True,COM-00869,直连,,,45.92517525248826,45.92517525248826,
PH-0094,Q3-T-012,爬升,1,1966.2753989802832,1966.2753989802832,0.0,0.0,True,True,COM-00870,直连,,,45.92517525248826,45.92517525248826,
PH-0094,Q3-T-012,爬升,1,1966.2753989802832,1966.617245703994,0.0,0.002209038108375709,False,True,COM-00871,直连,,,46.150772984109636,46.150772984109636,
PH-0094,Q3-T-012,爬升,1,1966.617245703994,1966.617245703994,0.002209038108375709,0.002209038108375709,True,True,COM-00872,直连,,,46.38238674364695,46.38238674364695,
PH-0094,Q3-T-012,爬升,1,1966.617245703994,1975.878055077405,0.002209038108375709,0.06205305415799623,False,True,COM-00873,直连,,,67.8229530093612,67.8229530093612,
PH-0094,Q3-T-012,爬升,1,1975.878055077405,1975.878055077405,0.06205305415799623,0.06205305415799623,True,True,COM-00874,直连,,,63.04826031558991,63.04826031558991,
PH-0094,Q3-T-012,爬升,1,1975.878055077405,1976.8497907251885,0.06205305415799623,0.06833247978454172,False,True,COM-00875,直连,,,61.71811229890652,61.71811229890652,
PH-0094,Q3-T-012,爬升,1,1976.8497907251885,1976.8497907251885,0.06833247978454172,0.06833247978454172,True,True,COM-00876,直连,,,60.56487003084822,60.56487003084822,
PH-0094,Q3-T-012,爬升,1,1976.8497907251885,1984.9614491738635,0.06833247978454172,0.12075059993128508,False,True,COM-00877,直连,,,54.38121115513681,54.38121115513681,
PH-0094,Q3-T-012,爬升,1,1984.9614491738635,1984.9614491738635,0.12075059993128508,0.12075059993128508,True,True,COM-00878,直连,,,50.80570620510426,50.80570620510426,
PH-0094,Q3-T-012,爬升,1,1984.9614491738635,1994.273601301741,0.12075059993128508,0.18092639655196044,False,True,COM-00879,直连,,,47.96179382527538,47.96179382527538,
PH-0094,Q3-T-012,爬升,1,1994.273601301741,1994.273601301741,0.18092639655196044,0.18092639655196044,True,True,COM-00880,直连,,,45.82290764368433,45.82290764368433,
PH-0094,Q3-T-012,爬升,1,1994.273601301741,2121.024528212054,0.18092639655196044,1.0,False,True,COM-00881,直连,,,33.84496414356923,33.84496414356923,
PH-0094,Q3-T-012,爬升,1,2121.024528212054,2121.024528212054,1.0,1.0,True,True,COM-00882,直连,,,28.993277511644692,28.993277511644692,
PH-0095,Q3-T-012,巡航,1,2121.024528212054,2209.9793730588076,0.0,0.24620308052317058,False,True,COM-00883,直连,,,23.86738709156475,23.86738709156475,
PH-0095,Q3-T-012,巡航,1,2209.9793730588076,2209.9793730588076,0.24620308052317058,0.24620308052317058,True,True,COM-00884,直连,,,18.984105892306303,18.984105892306303,
PH-0095,Q3-T-012,巡航,1,2209.9793730588076,2255.242162439645,0.24620308052317058,0.37147830524905945,False,True,COM-00885,直连,,,17.176194489521777,17.176194489521777,
PH-0095,Q3-T-012,巡航,1,2255.242162439645,2255.242162439645,0.37147830524905945,0.37147830524905945,True,True,COM-00886,直连,,,15.661383458466545,15.661383458466545,
PH-0095,Q3-T-012,巡航,1,2255.242162439645,2305.480613247324,0.37147830524905945,0.5105248222866717,False,True,COM-00887,直连,,,14.230216072149446,14.230216072149446,
PH-0095,Q3-T-012,巡航,1,2305.480613247324,2305.480613247324,0.5105248222866717,0.5105248222866717,True,True,COM-00888,直连,,,12.99565081798292,12.99565081798292,
PH-0095,Q3-T-012,巡航,1,2305.480613247324,2331.210202171883,0.5105248222866717,0.5817374028350862,False,True,COM-00889,直连,,,12.423840122022924,12.423840122022924,
PH-0095,Q3-T-012,巡航,1,2331.210202171883,2331.210202171883,0.5817374028350862,0.5817374028350862,True,True,COM-00890,直连,,,1.8866082080380977,1.8866082080380977,
PH-0095,Q3-T-012,巡航,1,2331.210202171883,2365.2750535778587,0.5817374028350862,0.6760197476378207,False,True,COM-00891,直连,,,1.2220300084906057,1.2220300084906057,
PH-0095,Q3-T-012,巡航,1,2365.2750535778587,2365.2750535778587,0.6760197476378207,0.6760197476378207,True,True,COM-00892,直连,,,0.6039553662587736,0.6039553662587736,
PH-0095,Q3-T-012,巡航,1,2365.2750535778587,2383.1126801430996,0.6760197476378207,0.7253894994163766,False,True,COM-00893,直连,,,0.2968012617581479,0.2968012617581479,
PH-0095,Q3-T-012,巡航,1,2383.1126801430996,2383.1126801430996,0.7253894994163766,0.7253894994163766,True,True,COM-00894,直连,,,1.3073986337985843e-12,1.3073986337985843e-12,
PH-0095,Q3-T-012,巡航,1,2383.1126801430996,2436.8699186909644,0.7253894994163766,0.8741750743190603,False,False,COM-00895,中继,Q3-R-002,1,23.612886175245322,-0.8382862530438473,2.4694705795379406
PH-0095,Q3-T-012,巡航,1,2436.8699186909644,2436.8699186909644,0.8741750743190603,0.8741750743190603,True,False,COM-00896,中继,Q3-R-002,1,29.50659210972556,-1.6034556749082185,2.4694705795379406
PH-0095,Q3-T-012,巡航,1,2436.8699186909644,2482.3313187596323,0.8741750743190603,1.0,False,False,COM-00897,中继,Q3-R-002,1,23.151286460939687,-2.2021756343801826,2.4694705795379406
PH-0095,Q3-T-012,巡航,1,2482.3313187596323,2482.3313187596323,1.0,1.0,True,False,COM-00898,中继,Q3-R-002,1,18.394163000679598,-2.7625514695378683,2.4694705795379406
PH-0096,Q3-T-012,下降,1,2482.3313187596323,2495.6368926761425,0.0,0.13805476419332946,False,False,COM-00899,中继,Q3-R-002,1,18.39323660635796,-2.7604211245560606,2.4694705795379406
PH-0096,Q3-T-012,下降,1,2495.6368926761425,2495.6368926761425,0.13805476419332946,0.13805476419332946,True,False,COM-00900,中继,Q3-R-002,1,18.38809204469122,-2.7583710715968834,2.4694705795379406
PH-0096,Q3-T-012,下降,1,2495.6368926761425,2498.802753892321,0.13805476419332946,0.17090281918222575,False,False,COM-00901,中继,Q3-R-002,1,18.38624813595291,-2.757895129894763,2.4694705795379406
PH-0096,Q3-T-012,下降,1,2498.802753892321,2498.802753892321,0.17090281918222575,0.17090281918222575,True,False,COM-00902,中继,Q3-R-002,1,18.384166520329927,-2.7574237417580463,2.4694705795379406
PH-0096,Q3-T-012,下降,1,2498.802753892321,2502.7159091807675,0.17090281918222575,0.2115045800674163,False,False,COM-00903,中继,Q3-R-002,1,18.381265563050107,-2.756847378493134,2.4694705795379406
PH-0096,Q3-T-012,下降,1,2502.7159091807675,2502.7159091807675,0.2115045800674163,0.2115045800674163,True,False,COM-00904,中继,Q3-R-002,1,18.37800268631156,-2.7562779772828634,2.4694705795379406
PH-0096,Q3-T-012,下降,1,2502.7159091807675,2578.710273837757,0.2115045800674163,1.0,False,False,COM-00905,中继,Q3-R-002,1,18.244587750285092,-2.7466042083144373,2.4694705795379406
PH-0096,Q3-T-012,下降,1,2578.710273837757,2578.710273837757,1.0,1.0,True,False,COM-00906,中继,Q3-R-002,1,17.98787094572583,-2.739574445940306,2.4694705795379406
PH-0097,Q3-T-012,投送交接,1,2578.710273837757,2818.710273837757,0.0,1.0,False,False,COM-00907,中继,Q3-R-002,1,17.98787094572583,-2.739574445940306,2.4694705795379406
PH-0097,Q3-T-012,投送交接,1,2818.710273837757,2818.710273837757,1.0,1.0,True,False,COM-00908,中继,Q3-R-002,1,17.98787094572583,-2.739574445940306,2.4694705795379406
PH-0098,Q3-T-012,爬升,2,2818.710273837757,2882.0389110519154,0.0,0.7884954199325838,False,False,COM-00909,中继,Q3-R-002,1,18.244587750285092,-2.7466042083144373,2.4694705795379406
PH-0098,Q3-T-012,爬升,2,2882.0389110519154,2882.0389110519154,0.7884954199325838,0.7884954199325838,True,False,COM-00910,中继,Q3-R-002,1,18.37800268631156,-2.7562779772828634,2.4694705795379406
PH-0098,Q3-T-012,爬升,2,2882.0389110519154,2885.2998737922876,0.7884954199325838,0.8290971808177744,False,False,COM-00911,中继,Q3-R-002,1,18.381265563050107,-2.756847378493134,2.4694705795379406
PH-0098,Q3-T-012,爬升,2,2885.2998737922876,2885.2998737922876,0.8290971808177744,0.8290971808177744,True,False,COM-00912,中继,Q3-R-002,1,18.384166520329927,-2.7574237417580463,2.4694705795379406
PH-0098,Q3-T-012,爬升,2,2885.2998737922876,2887.938091472436,0.8290971808177744,0.8619452358066705,False,False,COM-00913,中继,Q3-R-002,1,18.38624813595291,-2.757895129894763,2.4694705795379406
PH-0098,Q3-T-012,爬升,2,2887.938091472436,2887.938091472436,0.8619452358066705,0.8619452358066705,True,False,COM-00914,中继,Q3-R-002,1,18.38809204469122,-2.7583710715968834,2.4694705795379406
PH-0098,Q3-T-012,爬升,2,2887.938091472436,2899.0260697361946,0.8619452358066705,1.0,False,False,COM-00915,中继,Q3-R-002,1,18.39323660635796,-2.7604211245560606,2.4694705795379406
PH-0098,Q3-T-012,爬升,2,2899.0260697361946,2899.0260697361946,1.0,1.0,True,False,COM-00916,中继,Q3-R-002,1,18.394163000679598,-2.7625514695378683,2.4694705795379406
PH-0099,Q3-T-012,巡航,2,2899.0260697361946,2998.2447083527272,0.0,0.27461050058362335,False,False,COM-00917,中继,Q3-R-002,1,29.667738259934666,-1.4896444603969883,2.4694705795379406
PH-0099,Q3-T-012,巡航,2,2998.2447083527272,2998.2447083527272,0.27461050058362335,0.27461050058362335,True,True,COM-00918,直连,,,1.3073986337985843e-12,1.3073986337985843e-12,
PH-0099,Q3-T-012,巡航,2,2998.2447083527272,3016.082334917968,0.27461050058362335,0.32398025236217926,False,True,COM-00919,直连,,,0.2968012617581479,0.2968012617581479,
PH-0099,Q3-T-012,巡航,2,3016.082334917968,3016.082334917968,0.32398025236217926,0.32398025236217926,True,True,COM-00920,直连,,,0.6039553662587736,0.6039553662587736,
PH-0099,Q3-T-012,巡航,2,3016.082334917968,3050.147186323944,0.32398025236217926,0.4182625971649137,False,True,COM-00921,直连,,,1.2220300084906057,1.2220300084906057,
PH-0099,Q3-T-012,巡航,2,3050.147186323944,3050.147186323944,0.4182625971649137,0.4182625971649137,True,True,COM-00922,直连,,,1.8866082080380977,1.8866082080380977,
PH-0099,Q3-T-012,巡航,2,3050.147186323944,3075.876775248503,0.4182625971649137,0.4894751777133282,False,True,COM-00923,直连,,,12.423840122022924,12.423840122022924,
PH-0099,Q3-T-012,巡航,2,3075.876775248503,3075.876775248503,0.4894751777133282,0.4894751777133282,True,True,COM-00924,直连,,,12.99565081798292,12.99565081798292,
PH-0099,Q3-T-012,巡航,2,3075.876775248503,3126.1152260561817,0.4894751777133282,0.6285216947509403,False,True,COM-00925,直连,,,14.230216072149446,14.230216072149446,
PH-0099,Q3-T-012,巡航,2,3126.1152260561817,3126.1152260561817,0.6285216947509403,0.6285216947509403,True,True,COM-00926,直连,,,15.661383458466545,15.661383458466545,
PH-0099,Q3-T-012,巡航,2,3126.1152260561817,3171.378015437019,0.6285216947509403,0.7537969194768293,False,True,COM-00927,直连,,,17.176194489521777,17.176194489521777,
PH-0099,Q3-T-012,巡航,2,3171.378015437019,3171.378015437019,0.7537969194768293,0.7537969194768293,True,True,COM-00928,直连,,,18.984105892306303,18.984105892306303,
PH-0099,Q3-T-012,巡航,2,3171.378015437019,3190.571916040055,0.7537969194768293,0.8069204729366096,False,True,COM-00929,直连,,,19.865936917234762,19.865936917234762,
PH-0099,Q3-T-012,巡航,2,3190.571916040055,3190.571916040055,0.8069204729366096,0.8069204729366096,True,True,COM-00930,直连,,,20.83210189048279,20.83210189048279,
PH-0099,Q3-T-012,巡航,2,3190.571916040055,3260.332860283773,0.8069204729366096,1.0,False,True,COM-00931,直连,,,25.2146923444938,25.2146923444938,
PH-0099,Q3-T-012,巡航,2,3260.332860283773,3260.332860283773,1.0,1.0,True,True,COM-00932,直连,,,28.993277511644692,28.993277511644692,
PH-0100,Q3-T-012,下降,2,3260.332860283773,3412.4339725761483,0.0,0.8190736034480396,False,True,COM-00933,直连,,,33.84496414356923,33.84496414356923,
PH-0100,Q3-T-012,下降,2,3412.4339725761483,3412.4339725761483,0.8190736034480396,0.8190736034480396,True,True,COM-00934,直连,,,45.822907643684346,45.822907643684346,
PH-0100,Q3-T-012,下降,2,3412.4339725761483,3423.6085551296014,0.8190736034480396,0.8792494000687149,False,True,COM-00935,直连,,,47.961793825275294,47.961793825275294,
PH-0100,Q3-T-012,下降,2,3423.6085551296014,3423.6085551296014,0.8792494000687149,0.8792494000687149,True,True,COM-00936,直连,,,50.80570620510426,50.80570620510426,
PH-0100,Q3-T-012,下降,2,3423.6085551296014,3433.3425452680112,0.8792494000687149,0.9316675202154584,False,True,COM-00937,直连,,,54.38121115513698,54.38121115513698,
PH-0100,Q3-T-012,下降,2,3433.3425452680112,3433.3425452680112,0.9316675202154584,0.9316675202154584,True,True,COM-00938,直连,,,60.564870030848056,60.564870030848056,
PH-0100,Q3-T-012,下降,2,3433.3425452680112,3434.5086280453515,0.9316675202154584,0.9379469458420038,False,True,COM-00939,直连,,,61.71811229890633,61.71811229890633,
PH-0100,Q3-T-012,下降,2,3434.5086280453515,3434.5086280453515,0.9379469458420038,0.9379469458420038,True,True,COM-00940,直连,,,63.04826031558969,63.04826031558969,
PH-0100,Q3-T-012,下降,2,3434.5086280453515,3445.621599293445,0.9379469458420038,0.9977909618916243,False,True,COM-00941,直连,,,67.82295300936043,67.82295300936043,
PH-0100,Q3-T-012,下降,2,3445.621599293445,3445.621599293445,0.9977909618916243,0.9977909618916243,True,True,COM-00942,直连,,,46.382386743646734,46.382386743646734,
PH-0100,Q3-T-012,下降,2,3445.621599293445,3446.0318153618978,0.9977909618916243,1.0,False,True,COM-00943,直连,,,46.150772984109935,46.150772984109935,
PH-0100,Q3-T-012,下降,2,3446.0318153618978,3446.0318153618978,1.0,1.0,True,True,COM-00944,直连,,,45.92517525248826,45.92517525248826,
PH-0101,Q3-T-013,爬升,1,1996.2753989802832,1996.2753989802832,0.0,0.0,True,True,COM-00945,直连,,,45.92517525248826,45.92517525248826,
PH-0101,Q3-T-013,爬升,1,1996.2753989802832,1996.617245703994,0.0,0.005658019867946958,False,True,COM-00946,直连,,,46.150772984109636,46.150772984109636,
PH-0101,Q3-T-013,爬升,1,1996.617245703994,1996.617245703994,0.005658019867946958,0.005658019867946958,True,True,COM-00947,直连,,,46.38238674364695,46.38238674364695,
PH-0101,Q3-T-013,爬升,1,1996.617245703994,2005.878055077405,0.005658019867946958,0.1589367842779728,False,True,COM-00948,直连,,,67.82295300936126,67.82295300936126,
PH-0101,Q3-T-013,爬升,1,2005.878055077405,2005.878055077405,0.1589367842779728,0.1589367842779728,True,True,COM-00949,直连,,,63.04826031558985,63.04826031558985,
PH-0101,Q3-T-013,爬升,1,2005.878055077405,2006.8497907251885,0.1589367842779728,0.17502030715590725,False,True,COM-00950,直连,,,61.71811229890647,61.71811229890647,
PH-0101,Q3-T-013,爬升,1,2006.8497907251885,2006.8497907251885,0.17502030715590725,0.17502030715590725,True,True,COM-00951,直连,,,60.56487003084818,60.56487003084818,
PH-0101,Q3-T-013,爬升,1,2006.8497907251885,2014.9614491738635,0.17502030715590725,0.309279088888188,False,True,COM-00952,直连,,,54.38121115513678,54.38121115513678,
PH-0101,Q3-T-013,爬升,1,2014.9614491738635,2014.9614491738635,0.309279088888188,0.309279088888188,True,True,COM-00953,直连,,,50.80570620510423,50.80570620510423,
PH-0101,Q3-T-013,爬升,1,2014.9614491738635,2024.273601301741,0.309279088888188,0.4634076444610324,False,True,COM-00954,直连,,,47.96179382527535,47.96179382527535,
PH-0101,Q3-T-013,爬升,1,2024.273601301741,2024.273601301741,0.4634076444610324,0.4634076444610324,True,True,COM-00955,直连,,,45.8229076436843,45.8229076436843,
PH-0101,Q3-T-013,爬升,1,2024.273601301741,2056.69348369708,0.4634076444610324,1.0,False,True,COM-00956,直连,,,40.91312300281339,40.91312300281339,
PH-0101,Q3-T-013,爬升,1,2056.69348369708,2056.69348369708,1.0,1.0,True,True,COM-00957,直连,,,37.7955515486551,37.7955515486551,
PH-0102,Q3-T-013,巡航,1,2056.69348369708,2209.9708730566927,0.0,0.31022325327323935,False,True,COM-00958,直连,,,20.650107991357686,20.650107991357686,
PH-0102,Q3-T-013,巡航,1,2209.9708730566927,2209.9708730566927,0.31022325327323935,0.31022325327323935,True,True,COM-00959,直连,,,14.69281669188166,14.69281669188166,
PH-0102,Q3-T-013,巡航,1,2209.9708730566927,2320.2194210756916,0.31022325327323935,0.5333589902400432,False,True,COM-00960,直连,,,2.034124260578807,2.034124260578807,
PH-0102,Q3-T-013,巡航,1,2320.2194210756916,2320.2194210756916,0.5333589902400432,0.5333589902400432,True,True,COM-00961,直连,,,5.542233338928781e-13,5.542233338928781e-13,
PH-0102,Q3-T-013,巡航,1,2320.2194210756916,2374.1394515618613,0.5333589902400432,0.6424895498346294,False,False,COM-00962,中继,Q3-R-002,0;1;2;3,1.7373428161256044,-0.8447581064711613,2.4694705795379406
PH-0102,Q3-T-013,巡航,1,2374.1394515618613,2374.1394515618613,0.6424895498346294,0.6424895498346294,True,False,COM-00963,中继,Q3-R-002,0;1;2;3,1.371538725886623,-1.614685564853474,2.4694705795379406
PH-0102,Q3-T-013,巡航,1,2374.1394515618613,2418.331265437511,0.6424895498346294,0.7319308452913601,False,False,COM-00964,中继,Q3-R-002,0;1;2;3,1.0586147553480032,-2.1985296759233677,2.4694705795379406
PH-0102,Q3-T-013,巡航,1,2418.331265437511,2418.331265437511,0.7319308452913601,0.7319308452913601,True,False,COM-00965,中继,Q3-R-002,0;1;2;3,0.7378703889958729,-2.745623539385832,2.4694705795379406
PH-0102,Q3-T-013,巡航,1,2418.331265437511,2436.8699186909644,0.7319308452913601,0.7694518478842335,False,False,COM-00966,中继,Q3-R-002,0;1;2;3,0.6017563610210459,-2.965261491335113,2.4694705795379406
PH-0102,Q3-T-013,巡航,1,2436.8699186909644,2436.8699186909644,0.7694518478842335,0.7694518478842335,True,False,COM-00967,中继,Q3-R-002,0;1;2;3,0.4650225789790312,-3.1794866562128448,2.4694705795379406
PH-0102,Q3-T-013,巡航,1,2436.8699186909644,2453.0270538523882,0.7694518478842335,0.8021528160719984,False,False,COM-00968,中继,Q3-R-002,0;1;2;3,0.3454934044098792,-3.3619810958387717,2.4694705795379406
PH-0102,Q3-T-013,巡航,1,2453.0270538523882,2453.0270538523882,0.8021528160719984,0.8021528160719984,True,False,COM-00969,中继,Q3-R-002,0;1;2;3,0.22574736748148894,-3.5407228363078076,2.4694705795379406
PH-0102,Q3-T-013,巡航,1,2453.0270538523882,2453.6463334414148,0.8021528160719984,0.8034061968191271,False,False,COM-00970,中继,Q3-R-002,1;2;3,0.221154800497402,-3.547501147251296,2.4694705795379406
PH-0102,Q3-T-013,巡航,1,2453.6463334414148,2453.6463334414148,0.8034061968191271,0.8034061968191271,True,False,COM-00971,中继,Q3-R-002,1;2;3,0.21656207517690973,-3.5542741765275707,2.4694705795379406
PH-0102,Q3-T-013,巡航,1,2453.6463334414148,2454.7628594823555,0.8034061968191271,0.8056659713509877,False,False,COM-00972,中继,Q3-R-002,1;2;3,0.20828126936282843,-3.566472245615472,2.4694705795379406
PH-0102,Q3-T-013,巡航,1,2454.7628594823555,2454.7628594823555,0.8056659713509877,0.8056659713509877,True,False,COM-00973,中继,Q3-R-002,1;2;3,0.19999999999991758,-3.5786532208024937,2.4694705795379406
PH-0102,Q3-T-013,巡航,1,2454.7628594823555,2461.8151749544613,0.8056659713509877,0.8199393893548202,False,False,COM-00974,中继,Q3-R-003,2;3,10.64273113103252,-3.655200010425432,0.6489723131086578
PH-0102,Q3-T-013,巡航,1,2461.8151749544613,2461.8151749544613,0.8199393893548202,0.8199393893548202,True,False,COM-00975,中继,Q3-R-003,2;3,0.5737146346915267,-3.731078574245771,0.6489723131086578
PH-0102,Q3-T-013,巡航,1,2461.8151749544613,2470.6744445469094,0.8199393893548202,0.8378699624555004,False,False,COM-00976,中继,Q3-R-003,2;3,0.47874951299455404,-3.8254696175583547,0.6489723131086578
PH-0102,Q3-T-013,巡航,1,2470.6744445469094,2470.6744445469094,0.8378699624555004,0.8378699624555004,True,False,COM-00977,中继,Q3-R-003,2;3,0.37516951060909776,-3.918846606546637,0.6489723131086578
PH-0102,Q3-T-013,巡航,1,2470.6744445469094,2477.507724608491,0.8378699624555004,0.851700067339773,False,False,COM-00978,中继,Q3-R-003,2;3,10.289802201104237,-3.9901904985185013,0.6489723131086578
PH-0102,Q3-T-013,巡航,1,2477.507724608491,2477.507724608491,0.851700067339773,0.851700067339773,True,False,COM-00979,中继,Q3-R-003,2;3,10.199999999998639,-4.060953541515062,0.6489723131086578
PH-0102,Q3-T-013,巡航,1,2477.507724608491,2519.017322779303,0.851700067339773,0.9357127363995398,False,False,COM-00980,中继,Q3-R-003,2;3,9.576497094429953,-4.478857291177604,0.6489723131086578
PH-0102,Q3-T-013,巡航,1,2519.017322779303,2519.017322779303,0.9357127363995398,0.9357127363995398,True,False,COM-00981,中继,Q3-R-003,2;3,8.863341764677372,-4.877584944292295,0.6489723131086578
PH-0102,Q3-T-013,巡航,1,2519.017322779303,2550.780847369359,0.9357127363995398,1.0,False,False,COM-00982,中继,Q3-R-003,2,8.28853620492184,-5.170799072849832,0.6489723131086578
PH-0102,Q3-T-013,巡航,1,2550.780847369359,2550.780847369359,1.0,1.0,True,False,COM-00983,中继,Q3-R-003,2,7.706415116358258,-5.454442080570175,0.6489723131086578
PH-0103,Q3-T-013,下降,1,2550.780847369359,2554.8862962803128,0.0,0.11473598852134703,False,False,COM-00984,中继,Q3-R-003,2,7.705980381784158,-5.454313369849061,0.6489723131086578
PH-0103,Q3-T-013,下降,1,2554.8862962803128,2554.8862962803128,0.11473598852134703,0.11473598852134703,True,False,COM-00985,中继,Q3-R-003,2,7.705511387812393,-5.454188817863098,0.6489723131086578
PH-0103,Q3-T-013,下降,1,2554.8862962803128,2569.980160624322,0.11473598852134703,0.5365679205900282,False,False,COM-00986,中继,Q3-R-003,2,7.703492780296713,-5.4537666543260315,0.6489723131086578
PH-0103,Q3-T-013,下降,1,2569.980160624322,2569.980160624322,0.5365679205900282,0.5365679205900282,True,False,COM-00987,中继,Q3-R-003,2,7.701011896197556,-5.453400725387809,0.6489723131086578
PH-0103,Q3-T-013,下降,1,2569.980160624322,2586.562549029515,0.5365679205900282,1.0,False,False,COM-00988,中继,Q3-R-003,2,7.697754392806402,-5.45306355285372,0.6489723131086578
PH-0103,Q3-T-013,下降,1,2586.562549029515,2586.562549029515,1.0,1.0,True,False,COM-00989,中继,Q3-R-003,2,7.693941152557855,-5.452794286226634,0.6489723131086578
PH-0104,Q3-T-013,投送交接,1,2586.562549029515,2796.562549029515,0.0,1.0,False,False,COM-00990,中继,Q3-R-003,2,7.693941152557855,-5.452794286226634,0.6489723131086578
PH-0104,Q3-T-013,投送交接,1,2796.562549029515,2796.562549029515,1.0,1.0,True,False,COM-00991,中继,Q3-R-003,2,7.693941152557855,-5.452794286226634,0.6489723131086578
PH-0105,Q3-T-013,爬升,2,2796.562549029515,2810.3812060338432,0.0,0.4634320794099718,False,False,COM-00992,中继,Q3-R-003,2,7.697754392806402,-5.45306355285372,0.6489723131086578
PH-0105,Q3-T-013,爬升,2,2810.3812060338432,2810.3812060338432,0.4634320794099718,0.4634320794099718,True,False,COM-00993,中继,Q3-R-003,2,7.701011896197556,-5.453400725387809,0.6489723131086578
PH-0105,Q3-T-013,爬升,2,2810.3812060338432,2822.959426320517,0.4634320794099718,0.885264011478653,False,False,COM-00994,中继,Q3-R-003,2,7.703492780296713,-5.4537666543260315,0.6489723131086578
PH-0105,Q3-T-013,爬升,2,2822.959426320517,2822.959426320517,0.885264011478653,0.885264011478653,True,False,COM-00995,中继,Q3-R-003,2,7.705511387812393,-5.454188817863098,0.6489723131086578
PH-0105,Q3-T-013,爬升,2,2822.959426320517,2826.380633746312,0.885264011478653,1.0,False,False,COM-00996,中继,Q3-R-003,2,7.705980381784158,-5.454313369849061,0.6489723131086578
PH-0105,Q3-T-013,爬升,2,2826.380633746312,2826.380633746312,1.0,1.0,True,False,COM-00997,中继,Q3-R-003,2,7.706415116358258,-5.454442080570175,0.6489723131086578
PH-0106,Q3-T-013,巡航,2,2826.380633746312,2858.144158336368,0.0,0.0642872636004601,False,False,COM-00998,中继,Q3-R-003,2,8.28853620492184,-5.170799072849832,0.6489723131086578
PH-0106,Q3-T-013,巡航,2,2858.144158336368,2858.144158336368,0.0642872636004601,0.0642872636004601,True,False,COM-00999,中继,Q3-R-003,2;3,8.863341764677372,-4.877584944292295,0.6489723131086578
PH-0106,Q3-T-013,巡航,2,2858.144158336368,2899.6537565071803,0.0642872636004601,0.1482999326602273,False,False,COM-01000,中继,Q3-R-003,2;3,9.576497094429953,-4.478857291177604,0.6489723131086578
PH-0106,Q3-T-013,巡航,2,2899.6537565071803,2899.6537565071803,0.1482999326602273,0.1482999326602273,True,False,COM-01001,中继,Q3-R-003,2;3,10.199999999998639,-4.060953541515062,0.6489723131086578
PH-0106,Q3-T-013,巡航,2,2899.6537565071803,2906.4870365687616,0.1482999326602273,0.1621300375444997,False,False,COM-01002,中继,Q3-R-003,2;3,10.289802201104237,-3.9901904985185013,0.6489723131086578
PH-0106,Q3-T-013,巡航,2,2906.4870365687616,2906.4870365687616,0.1621300375444997,0.1621300375444997,True,False,COM-01003,中继,Q3-R-003,2;3,0.37516951060909776,-3.918846606546637,0.6489723131086578
PH-0106,Q3-T-013,巡航,2,2906.4870365687616,2915.3463061612097,0.1621300375444997,0.1800606106451796,False,False,COM-01004,中继,Q3-R-003,2;3,0.47874951299455404,-3.8254696175583547,0.6489723131086578
PH-0106,Q3-T-013,巡航,2,2915.3463061612097,2915.3463061612097,0.1800606106451796,0.1800606106451796,True,False,COM-01005,中继,Q3-R-003,2;3,0.5737146346915267,-3.731078574245771,0.6489723131086578
PH-0106,Q3-T-013,巡航,2,2915.3463061612097,2922.3986216333155,0.1800606106451796,0.19433402864901217,False,False,COM-01006,中继,Q3-R-003,2;3,10.64273113103252,-3.655200010425432,0.6489723131086578
PH-0106,Q3-T-013,巡航,2,2922.3986216333155,2922.3986216333155,0.19433402864901217,0.19433402864901217,True,False,COM-01007,中继,Q3-R-002,1;2;3,0.19999999999991758,-3.5786532208024937,2.4694705795379406
PH-0106,Q3-T-013,巡航,2,2922.3986216333155,2923.5151476742562,0.19433402864901217,0.196593803180873,False,False,COM-01008,中继,Q3-R-002,1;2;3,0.20828126936282843,-3.566472245615472,2.4694705795379406
PH-0106,Q3-T-013,巡航,2,2923.5151476742562,2923.5151476742562,0.196593803180873,0.196593803180873,True,False,COM-01009,中继,Q3-R-002,1;2;3,0.21656207517690973,-3.5542741765275707,2.4694705795379406
PH-0106,Q3-T-013,巡航,2,2923.5151476742562,2924.1344272632828,0.196593803180873,0.19784718392800163,False,False,COM-01010,中继,Q3-R-002,1;2;3,0.221154800497402,-3.547501147251296,2.4694705795379406
PH-0106,Q3-T-013,巡航,2,2924.1344272632828,2924.1344272632828,0.19784718392800163,0.19784718392800163,True,False,COM-01011,中继,Q3-R-002,0;1;2;3,0.22574736748148894,-3.5407228363078076,2.4694705795379406
PH-0106,Q3-T-013,巡航,2,2924.1344272632828,2958.83021567816,0.19784718392800163,0.26806915470863973,False,False,COM-01012,中继,Q3-R-002,0;1;2;3,0.4826157892537708,-3.1522605312657106,2.4694705795379406
PH-0106,Q3-T-013,巡航,2,2958.83021567816,2958.83021567816,0.26806915470863973,0.26806915470863973,True,False,COM-01013,中继,Q3-R-002,0;1;2;3,0.7378703889958729,-2.745623539385832,2.4694705795379406
PH-0106,Q3-T-013,巡航,2,2958.83021567816,3003.0220295538097,0.26806915470863973,0.35751045016537036,False,False,COM-01014,中继,Q3-R-002,0;1;2;3,1.0586147553480032,-2.1985296759233677,2.4694705795379406
PH-0106,Q3-T-013,巡航,2,3003.0220295538097,3003.0220295538097,0.35751045016537036,0.35751045016537036,True,False,COM-01015,中继,Q3-R-002,0;1;2;3,1.371538725886623,-1.614685564853474,2.4694705795379406
PH-0106,Q3-T-013,巡航,2,3003.0220295538097,3056.9420600399794,0.35751045016537036,0.46664100975995676,False,False,COM-01016,中继,Q3-R-002,0;1;2;3,1.7373428161256044,-0.8447581064711613,2.4694705795379406
PH-0106,Q3-T-013,巡航,2,3056.9420600399794,3056.9420600399794,0.46664100975995676,0.46664100975995676,True,True,COM-01017,直连,,,5.542233338928781e-13,5.542233338928781e-13,
PH-0106,Q3-T-013,巡航,2,3056.9420600399794,3167.190608058979,0.46664100975995676,0.6897767467267608,False,True,COM-01018,直连,,,2.034124260578807,2.034124260578807,
PH-0106,Q3-T-013,巡航,2,3167.190608058979,3167.190608058979,0.6897767467267608,0.6897767467267608,True,True,COM-01019,直连,,,14.69281669188166,14.69281669188166,
PH-0106,Q3-T-013,巡航,2,3167.190608058979,3190.571916040055,0.6897767467267608,0.7370989607726655,False,True,COM-01020,直连,,,15.378273434533781,15.378273434533781,
PH-0106,Q3-T-013,巡航,2,3190.571916040055,3190.571916040055,0.7370989607726655,0.7370989607726655,True,True,COM-01021,直连,,,16.122124171936846,16.122124171936846,
PH-0106,Q3-T-013,巡航,2,3190.571916040055,3320.467997418591,0.7370989607726655,1.0,False,True,COM-01022,直连,,,22.05498992257968,22.05498992257968,
PH-0106,Q3-T-013,巡航,2,3320.467997418591,3320.467997418591,1.0,1.0,True,True,COM-01023,直连,,,37.7955515486551,37.7955515486551,
PH-0107,Q3-T-013,下降,2,3320.467997418591,3359.371856292998,0.0,0.5365923555389676,False,True,COM-01024,直连,,,40.91312300281341,40.91312300281341,
PH-0107,Q3-T-013,下降,2,3359.371856292998,3359.371856292998,0.5365923555389676,0.5365923555389676,True,True,COM-01025,直连,,,45.822907643684374,45.822907643684374,
PH-0107,Q3-T-013,下降,2,3359.371856292998,3370.546438846451,0.5365923555389676,0.690720911111812,False,True,COM-01026,直连,,,47.96179382527532,47.96179382527532,
PH-0107,Q3-T-013,下降,2,3370.546438846451,3370.546438846451,0.690720911111812,0.690720911111812,True,True,COM-01027,直连,,,50.805706205104286,50.805706205104286,
PH-0107,Q3-T-013,下降,2,3370.546438846451,3380.280428984861,0.690720911111812,0.8249796928440927,False,True,COM-01028,直连,,,54.381211155137024,54.381211155137024,
PH-0107,Q3-T-013,下降,2,3380.280428984861,3380.280428984861,0.8249796928440927,0.8249796928440927,True,True,COM-01029,直连,,,60.56487003084811,60.56487003084811,
PH-0107,Q3-T-013,下降,2,3380.280428984861,3381.446511762201,0.8249796928440927,0.841063215722027,False,True,COM-01030,直连,,,61.71811229890638,61.71811229890638,
PH-0107,Q3-T-013,下降,2,3381.446511762201,3381.446511762201,0.841063215722027,0.841063215722027,True,True,COM-01031,直连,,,63.04826031558974,63.04826031558974,
PH-0107,Q3-T-013,下降,2,3381.446511762201,3392.559483010294,0.841063215722027,0.994341980132053,False,True,COM-01032,直连,,,67.82295300936232,67.82295300936232,
PH-0107,Q3-T-013,下降,2,3392.559483010294,3392.559483010294,0.994341980132053,0.994341980132053,True,True,COM-01033,直连,,,56.38238674364726,56.38238674364726,
PH-0107,Q3-T-013,下降,2,3392.559483010294,3392.9696990787475,0.994341980132053,1.0,False,True,COM-01034,直连,,,46.150772984109935,46.150772984109935,
PH-0107,Q3-T-013,下降,2,3392.9696990787475,3392.9696990787475,1.0,1.0,True,True,COM-01035,直连,,,45.92517525248826,45.92517525248826,
PH-0108,Q3-T-014,爬升,1,2469.215609943235,2469.215609943235,0.0,0.0,True,True,COM-01036,直连,,,45.92517525248826,45.92517525248826,
PH-0108,Q3-T-014,爬升,1,2469.215609943235,2469.557456666946,0.0,0.00705533907522279,False,True,COM-01037,直连,,,46.15077298411026,46.15077298411026,
PH-0108,Q3-T-014,爬升,1,2469.557456666946,2469.557456666946,0.00705533907522279,0.00705533907522279,True,True,COM-01038,直连,,,56.38238674364726,56.38238674364726,
PH-0108,Q3-T-014,爬升,1,2469.557456666946,2478.818266040357,0.00705533907522279,0.19818822322614532,False,True,COM-01039,直连,,,67.8229530093613,67.8229530093613,
PH-0108,Q3-T-014,爬升,1,2478.818266040357,2478.818266040357,0.19818822322614532,0.19818822322614532,True,True,COM-01040,直连,,,63.04826031558985,63.04826031558985,
PH-0108,Q3-T-014,爬升,1,2478.818266040357,2479.7900016881404,0.19818822322614532,0.21824377447487314,False,True,COM-01041,直连,,,61.718112298905865,61.718112298905865,
PH-0108,Q3-T-014,爬升,1,2479.7900016881404,2479.7900016881404,0.21824377447487314,0.21824377447487314,True,True,COM-01042,直连,,,60.564870030848155,60.564870030848155,
PH-0108,Q3-T-014,爬升,1,2479.7900016881404,2487.9016601368153,0.21824377447487314,0.3856594518770947,False,True,COM-01043,直连,,,54.381211155136526,54.381211155136526,
PH-0108,Q3-T-014,爬升,1,2487.9016601368153,2487.9016601368153,0.3856594518770947,0.3856594518770947,True,True,COM-01044,直连,,,50.80570620510423,50.80570620510423,
PH-0108,Q3-T-014,爬升,1,2487.9016601368153,2497.213812264693,0.3856594518770947,0.5778519938123206,False,True,COM-01045,直连,,,47.96179382527522,47.96179382527522,
PH-0108,Q3-T-014,爬升,1,2497.213812264693,2497.213812264693,0.5778519938123206,0.5778519938123206,True,True,COM-01046,直连,,,45.82290764368429,45.82290764368429,
PH-0108,Q3-T-014,爬升,1,2497.213812264693,2517.6678133123755,0.5778519938123206,1.0,False,True,COM-01047,直连,,,42.421013060402615,42.421013060402615,
PH-0108,Q3-T-014,爬升,1,2517.6678133123755,2517.6678133123755,1.0,1.0,True,True,COM-01048,直连,,,39.982830377148545,39.982830377148545,
PH-0109,Q3-T-014,巡航,1,2517.6678133123755,2651.638445717911,0.0,0.5264108467150513,False,True,COM-01049,直连,,,23.738075011207812,23.738075011207812,
PH-0109,Q3-T-014,巡航,1,2651.638445717911,2651.638445717911,0.5264108467150513,0.5264108467150513,True,True,COM-01050,直连,,,17.79550583936357,17.79550583936357,
PH-0109,Q3-T-014,巡航,1,2651.638445717911,2704.514159255236,0.5264108467150513,0.7341754040218321,False,True,COM-01051,直连,,,6.239096637791931,6.239096637791931,
PH-0109,Q3-T-014,巡航,1,2704.514159255236,2704.514159255236,0.7341754040218321,0.7341754040218321,True,True,COM-01052,直连,,,4.918777094567162,4.918777094567162,
PH-0109,Q3-T-014,巡航,1,2704.514159255236,2716.8422938097046,0.7341754040218321,0.7826163468815358,False,True,COM-01053,直连,,,4.6377051069436845,4.6377051069436845,
PH-0109,Q3-T-014,巡航,1,2716.8422938097046,2716.8422938097046,0.7826163468815358,0.7826163468815358,True,True,COM-01054,直连,,,4.365419094587921,4.365419094587921,
PH-0109,Q3-T-014,巡航,1,2716.8422938097046,2772.1660502722507,0.7826163468815358,1.0,False,True,COM-01055,直连,,,3.2385689458567555,3.2385689458567555,
PH-0109,Q3-T-014,巡航,1,2772.1660502722507,2772.1660502722507,1.0,1.0,True,True,COM-01056,直连,,,2.2410165102830177,2.2410165102830177,
PH-0110,Q3-T-014,下降,1,2772.1660502722507,2797.629975120637,0.0,0.714824110688457,False,True,COM-01057,直连,,,2.244256312054077,2.244256312054077,
PH-0110,Q3-T-014,下降,1,2797.629975120637,2797.629975120637,0.714824110688457,0.714824110688457,True,True,COM-01058,直连,,,2.2465553185876814,2.2465553185876814,
PH-0110,Q3-T-014,下降,1,2797.629975120637,2803.5999081865757,0.714824110688457,0.8824122621669849,False,True,COM-01059,直连,,,2.2469580005630974,2.2469580005630974,
PH-0110,Q3-T-014,下降,1,2803.5999081865757,2803.5999081865757,0.8824122621669849,0.8824122621669849,True,True,COM-01060,直连,,,2.2473088722119314,2.2473088722119314,
PH-0110,Q3-T-014,下降,1,2803.5999081865757,2806.2976870460056,0.8824122621669849,0.9581443963728433,False,True,COM-01061,直连,,,2.247450429231904,2.247450429231904,
PH-0110,Q3-T-014,下降,1,2806.2976870460056,2806.2976870460056,0.9581443963728433,0.9581443963728433,True,True,COM-01062,直连,,,2.2475814025186764,2.2475814025186764,
PH-0110,Q3-T-014,下降,1,2806.2976870460056,2807.7886943152193,0.9581443963728433,1.0,False,True,COM-01063,直连,,,2.247649247293978,2.247649247293978,
PH-0110,Q3-T-014,下降,1,2807.7886943152193,2807.7886943152193,1.0,1.0,True,True,COM-01064,直连,,,2.24771385877267,2.24771385877267,
PH-0111,Q3-T-014,投送交接,1,2807.7886943152193,3017.7886943152193,0.0,1.0,False,True,COM-01065,直连,,,2.24771385877267,2.24771385877267,
PH-0111,Q3-T-014,投送交接,1,3017.7886943152193,3017.7886943152193,1.0,1.0,True,True,COM-01066,直连,,,2.24771385877267,2.24771385877267,
PH-0112,Q3-T-014,爬升,2,3017.7886943152193,3019.0312003728977,0.0,0.04185560362715678,False,True,COM-01067,直连,,,2.247649247293978,2.247649247293978,
PH-0112,Q3-T-014,爬升,2,3019.0312003728977,3019.0312003728977,0.04185560362715678,0.04185560362715678,True,True,COM-01068,直连,,,2.2475814025186764,2.2475814025186764,
PH-0112,Q3-T-014,爬升,2,3019.0312003728977,3021.279349422422,0.04185560362715678,0.11758773783301517,False,True,COM-01069,直连,,,2.247450429231904,2.247450429231904,
PH-0112,Q3-T-014,爬升,2,3021.279349422422,3021.279349422422,0.11758773783301517,0.11758773783301517,True,True,COM-01070,直连,,,2.2473088722119314,2.2473088722119314,
PH-0112,Q3-T-014,爬升,2,3021.279349422422,3026.2542936440377,0.11758773783301517,0.28517588931154303,False,True,COM-01071,直连,,,2.2469580005630974,2.2469580005630974,
PH-0112,Q3-T-014,爬升,2,3026.2542936440377,3026.2542936440377,0.28517588931154303,0.28517588931154303,True,True,COM-01072,直连,,,2.2465553185876814,2.2465553185876814,
PH-0112,Q3-T-014,爬升,2,3026.2542936440377,3047.4742310176935,0.28517588931154303,1.0,False,True,COM-01073,直连,,,2.244256312054077,2.244256312054077,
PH-0112,Q3-T-014,爬升,2,3047.4742310176935,3047.4742310176935,1.0,1.0,True,True,COM-01074,直连,,,2.2410165102830177,2.2410165102830177,
PH-0113,Q3-T-014,巡航,2,3047.4742310176935,3102.7979874802395,0.0,0.21738365311846422,False,True,COM-01075,直连,,,3.2385689458567555,3.2385689458567555,
PH-0113,Q3-T-014,巡航,2,3102.7979874802395,3102.7979874802395,0.21738365311846422,0.21738365311846422,True,True,COM-01076,直连,,,4.365419094587921,4.365419094587921,
PH-0113,Q3-T-014,巡航,2,3102.7979874802395,3115.1261220347083,0.21738365311846422,0.2658245959781675,False,True,COM-01077,直连,,,4.6377051069436845,4.6377051069436845,
PH-0113,Q3-T-014,巡航,2,3115.1261220347083,3115.1261220347083,0.2658245959781675,0.2658245959781675,True,True,COM-01078,直连,,,4.918777094567162,4.918777094567162,
PH-0113,Q3-T-014,巡航,2,3115.1261220347083,3168.001835572033,0.2658245959781675,0.47358915328494855,False,True,COM-01079,直连,,,6.239096637791931,6.239096637791931,
PH-0113,Q3-T-014,巡航,2,3168.001835572033,3168.001835572033,0.47358915328494855,0.47358915328494855,True,True,COM-01080,直连,,,17.79550583936357,17.79550583936357,
PH-0113,Q3-T-014,巡航,2,3168.001835572033,3190.571916040055,0.47358915328494855,0.5622737773422085,False,True,COM-01081,直连,,,18.554779324383205,18.554779324383205,
PH-0113,Q3-T-014,巡航,2,3190.571916040055,3190.571916040055,0.5622737773422085,0.5622737773422085,True,True,COM-01082,直连,,,19.386254826483835,19.386254826483835,
PH-0113,Q3-T-014,巡航,2,3190.571916040055,3301.9724679775686,0.5622737773422085,1.0,False,True,COM-01083,直连,,,25.294748281989058,25.294748281989058,
PH-0113,Q3-T-014,巡航,2,3301.9724679775686,3301.9724679775686,1.0,1.0,True,True,COM-01084,直连,,,39.982830377148545,39.982830377148545,
PH-0114,Q3-T-014,下降,2,3301.9724679775686,3326.517269234788,0.0,0.4221480061876795,False,True,COM-01085,直连,,,42.42101306040263,42.42101306040263,
PH-0114,Q3-T-014,下降,2,3326.517269234788,3326.517269234788,0.4221480061876795,0.4221480061876795,True,True,COM-01086,直连,,,45.82290764368433,45.82290764368433,
PH-0114,Q3-T-014,下降,2,3326.517269234788,3337.691851788241,0.4221480061876795,0.6143405481229054,False,True,COM-01087,直连,,,47.96179382527528,47.96179382527528,
PH-0114,Q3-T-014,下降,2,3337.691851788241,3337.691851788241,0.6143405481229054,0.6143405481229054,True,True,COM-01088,直连,,,50.80570620510423,50.80570620510423,
PH-0114,Q3-T-014,下降,2,3337.691851788241,3347.4258419266507,0.6143405481229054,0.7817562255251269,False,True,COM-01089,直连,,,54.38121115513694,54.38121115513694,
PH-0114,Q3-T-014,下降,2,3347.4258419266507,3347.4258419266507,0.7817562255251269,0.7817562255251269,True,True,COM-01090,直连,,,60.56487003084801,60.56487003084801,
PH-0114,Q3-T-014,下降,2,3347.4258419266507,3348.591924703991,0.7817562255251269,0.8018117767738546,False,True,COM-01091,直连,,,61.71811229890628,61.71811229890628,
PH-0114,Q3-T-014,下降,2,3348.591924703991,3348.591924703991,0.8018117767738546,0.8018117767738546,True,True,COM-01092,直连,,,63.04826031558963,63.04826031558963,
PH-0114,Q3-T-014,下降,2,3348.591924703991,3359.704895952084,0.8018117767738546,0.9929446609247771,False,True,COM-01093,直连,,,67.82295300936242,67.82295300936242,
PH-0114,Q3-T-014,下降,2,3359.704895952084,3359.704895952084,0.9929446609247771,0.9929446609247771,True,True,COM-01094,直连,,,56.38238674364726,56.38238674364726,
PH-0114,Q3-T-014,下降,2,3359.704895952084,3360.1151120205373,0.9929446609247771,1.0,False,True,COM-01095,直连,,,46.150772984109935,46.150772984109935,
PH-0114,Q3-T-014,下降,2,3360.1151120205373,3360.1151120205373,1.0,1.0,True,True,COM-01096,直连,,,45.92517525248826,45.92517525248826,
PH-0115,Q3-T-015,爬升,1,2469.215609943235,2469.215609943235,0.0,0.0,True,True,COM-01097,直连,,,45.92517525248826,45.92517525248826,
PH-0115,Q3-T-015,爬升,1,2469.215609943235,2469.557456666946,0.0,0.003777564763050175,False,True,COM-01098,直连,,,46.15077298411023,46.15077298411023,
PH-0115,Q3-T-015,爬升,1,2469.557456666946,2469.557456666946,0.003777564763050175,0.003777564763050175,True,True,COM-01099,直连,,,56.38238674364726,56.38238674364726,
PH-0115,Q3-T-015,爬升,1,2469.557456666946,2478.818266040357,0.003777564763050175,0.10611380126857585,False,True,COM-01100,直连,,,67.8229530093612,67.8229530093612,
PH-0115,Q3-T-015,爬升,1,2478.818266040357,2478.818266040357,0.10611380126857585,0.10611380126857585,True,True,COM-01101,直连,,,63.04826031558991,63.04826031558991,
PH-0115,Q3-T-015,爬升,1,2478.818266040357,2479.7900016881404,0.10611380126857585,0.11685193063315905,False,True,COM-01102,直连,,,61.71811229890594,61.71811229890594,
PH-0115,Q3-T-015,爬升,1,2479.7900016881404,2479.7900016881404,0.11685193063315905,0.11685193063315905,True,True,COM-01103,直连,,,60.56487003084822,60.56487003084822,
PH-0115,Q3-T-015,爬升,1,2479.7900016881404,2487.9016601368153,0.11685193063315905,0.20648951672137086,False,True,COM-01104,直连,,,54.381211155136555,54.381211155136555,
PH-0115,Q3-T-015,爬升,1,2487.9016601368153,2487.9016601368153,0.20648951672137086,0.20648951672137086,True,True,COM-01105,直连,,,50.80570620510426,50.80570620510426,
PH-0115,Q3-T-015,爬升,1,2487.9016601368153,2497.213812264693,0.20648951672137086,0.3093931144641379,False,True,COM-01106,直连,,,47.961793825275265,47.961793825275265,
PH-0115,Q3-T-015,爬升,1,2497.213812264693,2497.213812264693,0.3093931144641379,0.3093931144641379,True,True,COM-01107,直连,,,45.82290764368433,45.82290764368433,
PH-0115,Q3-T-015,爬升,1,2497.213812264693,2559.7095511867246,0.3093931144641379,1.0,False,True,COM-01108,直连,,,37.987036707699914,37.987036707699914,
PH-0115,Q3-T-015,爬升,1,2559.7095511867246,2559.7095511867246,1.0,1.0,True,True,COM-01109,直连,,,33.935643142447674,33.935643142447674,
PH-0116,Q3-T-015,巡航,1,2559.7095511867246,2761.4617254803297,0.0,0.4992586270571097,False,True,COM-01110,直连,,,20.102373770055465,20.102373770055465,
PH-0116,Q3-T-015,巡航,1,2761.4617254803297,2761.4617254803297,0.4992586270571097,0.4992586270571097,True,True,COM-01111,直连,,,14.218655350641484,14.218655350641484,
PH-0116,Q3-T-015,巡航,1,2761.4617254803297,2796.1668646400435,0.4992586270571097,0.5851404282786887,False,True,COM-01112,直连,,,3.5090414245369175,3.5090414245369175,
PH-0116,Q3-T-015,巡航,1,2796.1668646400435,2796.1668646400435,0.5851404282786887,0.5851404282786887,True,True,COM-01113,直连,,,2.8525914180765,2.8525914180765,
PH-0116,Q3-T-015,巡航,1,2796.1668646400435,2888.7141571333887,0.5851404282786887,0.8141591952379933,False,True,COM-01114,直连,,,1.3103626611061543,1.3103626611061543,
PH-0116,Q3-T-015,巡航,1,2888.7141571333887,2888.7141571333887,0.8141591952379933,0.8141591952379933,True,True,COM-01115,直连,,,-2.1316282072803006e-13,-2.1316282072803006e-13,
PH-0116,Q3-T-015,巡航,1,2888.7141571333887,2929.8122559786634,0.8141591952379933,0.915861099943561,False,False,COM-01116,中继,Q3-R-002,0;1;2,7.866919656244846,-0.5242344454750167,2.4694705795379406
PH-0116,Q3-T-015,巡航,1,2929.8122559786634,2929.8122559786634,0.915861099943561,0.915861099943561,True,False,COM-01117,中继,Q3-R-002,0;1;2,7.751282071593323,-1.0187232705291507,2.4694705795379406
PH-0116,Q3-T-015,巡航,1,2929.8122559786634,2963.8130826226006,0.915861099943561,1.0,False,False,COM-01118,中继,Q3-R-002,1;2,7.5990672996919955,-1.4076190666182384,2.4694705795379406
PH-0116,Q3-T-015,巡航,1,2963.8130826226006,2963.8130826226006,1.0,1.0,True,False,COM-01119,中继,Q3-R-002,1;2,7.401164780866878,-1.7798932090982902,2.4694705795379406
PH-0117,Q3-T-015,下降,1,2963.8130826226006,2982.8058121147883,0.0,1.0,False,False,COM-01120,中继,Q3-R-002,1;2,7.395403399497923,-1.77779737418345,2.4694705795379406
PH-0117,Q3-T-015,下降,1,2982.8058121147883,2982.8058121147883,1.0,1.0,True,False,COM-01121,中继,Q3-R-002,1;2,7.3889670571714845,-1.7759083300417018,2.4694705795379406
PH-0118,Q3-T-015,投送交接,1,2982.8058121147883,3190.571916040055,0.0,0.9893623996441269,False,False,COM-01122,中继,Q3-R-002,1;2,7.3889670571714845,-1.7759083300417018,2.4694705795379406
PH-0118,Q3-T-015,投送交接,1,3190.571916040055,3190.571916040055,0.9893623996441269,0.9893623996441269,True,False,COM-01123,中继,Q3-R-002,1;2,7.3889670571714845,-1.7759083300417018,2.4694705795379406
PH-0118,Q3-T-015,投送交接,1,3190.571916040055,3192.8058121147883,0.9893623996441269,1.0,False,False,COM-01124,中继,Q3-R-003,1;2,2.082163356555043,-1.7759083300417018,0.6489723131086578
PH-0118,Q3-T-015,投送交接,1,3192.8058121147883,3192.8058121147883,1.0,1.0,True,False,COM-01125,中继,Q3-R-003,1;2,2.082163356555043,-1.7759083300417018,0.6489723131086578
PH-0119,Q3-T-015,爬升,2,3192.8058121147883,3208.6330866916114,0.0,1.0,False,False,COM-01126,中继,Q3-R-003,1;2,2.082229817672612,-1.77779737418345,0.6489723131086578
PH-0119,Q3-T-015,爬升,2,3208.6330866916114,3208.6330866916114,1.0,1.0,True,False,COM-01127,中继,Q3-R-003,1;2,2.0820951617089207,-1.7798932090982902,0.6489723131086578
PH-0120,Q3-T-015,巡航,2,3208.6330866916114,3242.6339133355486,0.0,0.08413890005643894,False,False,COM-01128,中继,Q3-R-003,1;2,2.181249176121838,-1.4076190666182384,0.6489723131086578
PH-0120,Q3-T-015,巡航,2,3242.6339133355486,3242.6339133355486,0.08413890005643894,0.08413890005643894,True,False,COM-01129,中继,Q3-R-003,0;1;2,2.2671937338010935,-1.0187232705291507,0.6489723131086578
PH-0120,Q3-T-015,巡航,2,3242.6339133355486,3283.7320121808234,0.08413890005643894,0.18584080476200668,False,False,COM-01130,中继,Q3-R-003,0;1;2,2.3522515848079877,-0.5242344454750167,0.6489723131086578
PH-0120,Q3-T-015,巡航,2,3283.7320121808234,3283.7320121808234,0.18584080476200668,0.18584080476200668,True,True,COM-01131,直连,,,-2.1316282072803006e-13,-2.1316282072803006e-13,
PH-0120,Q3-T-015,巡航,2,3283.7320121808234,3376.279304674168,0.18584080476200668,0.414859571721311,False,True,COM-01132,直连,,,1.3103626611056285,1.3103626611056285,
PH-0120,Q3-T-015,巡航,2,3376.279304674168,3376.279304674168,0.414859571721311,0.414859571721311,True,True,COM-01133,直连,,,2.8525914180765,2.8525914180765,
PH-0120,Q3-T-015,巡航,2,3376.279304674168,3410.9844438338823,0.414859571721311,0.5007413729428903,False,True,COM-01134,直连,,,3.5090414245369175,3.5090414245369175,
PH-0120,Q3-T-015,巡航,2,3410.9844438338823,3410.9844438338823,0.5007413729428903,0.5007413729428903,True,True,COM-01135,直连,,,14.218655350641484,14.218655350641484,
PH-0120,Q3-T-015,巡航,2,3410.9844438338823,3612.7366181274874,0.5007413729428903,1.0,False,True,COM-01136,直连,,,20.102373770055465,20.102373770055465,
PH-0120,Q3-T-015,巡航,2,3612.7366181274874,3612.7366181274874,1.0,1.0,True,True,COM-01137,直连,,,33.935643142447674,33.935643142447674,
PH-0121,Q3-T-015,下降,2,3612.7366181274874,3687.7315048339256,0.0,0.690606885535862,False,True,COM-01138,直连,,,37.9870367076999,37.9870367076999,
PH-0121,Q3-T-015,下降,2,3687.7315048339256,3687.7315048339256,0.690606885535862,0.690606885535862,True,True,COM-01139,直连,,,45.82290764368436,45.82290764368436,
PH-0121,Q3-T-015,下降,2,3687.7315048339256,3698.9060873873786,0.690606885535862,0.793510483278629,False,True,COM-01140,直连,,,47.96179382527551,47.96179382527551,
PH-0121,Q3-T-015,下降,2,3698.9060873873786,3698.9060873873786,0.793510483278629,0.793510483278629,True,True,COM-01141,直连,,,50.80570620510426,50.80570620510426,
PH-0121,Q3-T-015,下降,2,3698.9060873873786,3708.6400775257885,0.793510483278629,0.883148069366841,False,True,COM-01142,直连,,,54.38121115513657,54.38121115513657,
PH-0121,Q3-T-015,下降,2,3708.6400775257885,3708.6400775257885,0.883148069366841,0.883148069366841,True,True,COM-01143,直连,,,60.564870030848056,60.564870030848056,
PH-0121,Q3-T-015,下降,2,3708.6400775257885,3709.8061603031288,0.883148069366841,0.8938861987314242,False,True,COM-01144,直连,,,61.71811229890635,61.71811229890635,
PH-0121,Q3-T-015,下降,2,3709.8061603031288,3709.8061603031288,0.8938861987314242,0.8938861987314242,True,True,COM-01145,直连,,,63.04826031558969,63.04826031558969,
PH-0121,Q3-T-015,下降,2,3709.8061603031288,3720.9191315512217,0.8938861987314242,0.9962224352369498,False,True,COM-01146,直连,,,67.82295300936043,67.82295300936043,
PH-0121,Q3-T-015,下降,2,3720.9191315512217,3720.9191315512217,0.9962224352369498,0.9962224352369498,True,True,COM-01147,直连,,,56.38238674364726,56.38238674364726,
PH-0121,Q3-T-015,下降,2,3720.9191315512217,3721.329347619675,0.9962224352369498,1.0,False,True,COM-01148,直连,,,46.150772984109935,46.150772984109935,
PH-0121,Q3-T-015,下降,2,3721.329347619675,3721.329347619675,1.0,1.0,True,True,COM-01149,直连,,,45.92517525248826,45.92517525248826,
PH-0122,Q3-T-016,爬升,1,2890.88843086402,2890.88843086402,0.0,0.0,True,True,COM-01150,直连,,,45.92517525248826,45.92517525248826,
PH-0122,Q3-T-016,爬升,1,2890.88843086402,2891.2986469324733,0.0,0.003790727181247084,False,True,COM-01151,直连,,,46.15077298410995,46.15077298410995,
PH-0122,Q3-T-016,爬升,1,2891.2986469324733,2891.2986469324733,0.003790727181247084,0.003790727181247084,True,True,COM-01152,直连,,,56.38238674364726,56.38238674364726,
PH-0122,Q3-T-016,爬升,1,2891.2986469324733,2902.411618180566,0.003790727181247084,0.10648354058910914,False,True,COM-01153,直连,,,67.82295300936053,67.82295300936053,
PH-0122,Q3-T-016,爬升,1,2902.411618180566,2902.411618180566,0.10648354058910914,0.10648354058910914,True,True,COM-01154,直连,,,63.04826031558963,63.04826031558963,
PH-0122,Q3-T-016,爬升,1,2902.411618180566,2903.5777009579065,0.10648354058910914,0.11725908552647925,False,True,COM-01155,直连,,,61.71811229890628,61.71811229890628,
PH-0122,Q3-T-016,爬升,1,2903.5777009579065,2903.5777009579065,0.11725908552647925,0.11725908552647925,True,True,COM-01156,直连,,,60.56487003084799,60.56487003084799,
PH-0122,Q3-T-016,爬升,1,2903.5777009579065,2913.3116910963163,0.11725908552647925,0.20720900177135573,False,True,COM-01157,直连,,,54.381211155136526,54.381211155136526,
PH-0122,Q3-T-016,爬升,1,2913.3116910963163,2913.3116910963163,0.20720900177135573,0.20720900177135573,True,True,COM-01158,直连,,,50.80570620510423,50.80570620510423,
PH-0122,Q3-T-016,爬升,1,2913.3116910963163,2924.4862736497694,0.20720900177135573,0.31047115331066,False,True,COM-01159,直连,,,47.961793825275464,47.961793825275464,
PH-0122,Q3-T-016,爬升,1,2924.4862736497694,2924.4862736497694,0.31047115331066,0.31047115331066,True,True,COM-01160,直连,,,45.82290764368433,45.82290764368433,
PH-0122,Q3-T-016,爬升,1,2924.4862736497694,2999.104097367926,0.31047115331066,1.0,False,True,COM-01161,直连,,,38.013029381521264,38.013029381521264,
PH-0122,Q3-T-016,爬升,1,2999.104097367926,2999.104097367926,1.0,1.0,True,True,COM-01162,直连,,,33.968262608738186,33.968262608738186,
PH-0123,Q3-T-016,巡航,1,2999.104097367926,3190.571916040055,0.0,0.37227871492086956,False,True,COM-01163,直连,,,18.672425406637586,18.672425406637586,
PH-0123,Q3-T-016,巡航,1,3190.571916040055,3190.571916040055,0.37227871492086956,0.37227871492086956,True,True,COM-01164,直连,,,12.749126610633255,12.749126610633255,
PH-0123,Q3-T-016,巡航,1,3190.571916040055,3257.6558924085007,0.37227871492086956,0.5027128353251585,False,True,COM-01165,直连,,,11.356072900653942,11.356072900653942,
PH-0123,Q3-T-016,巡航,1,3257.6558924085007,3257.6558924085007,0.5027128353251585,0.5027128353251585,True,True,COM-01166,直连,,,10.154928987501108,10.154928987501108,
PH-0123,Q3-T-016,巡航,1,3257.6558924085007,3262.328265851837,0.5027128353251585,0.5117975222097682,False,True,COM-01167,直连,,,10.077120483427208,10.077120483427208,
PH-0123,Q3-T-016,巡航,1,3262.328265851837,3262.328265851837,0.5117975222097682,0.5117975222097682,True,True,COM-01168,直连,,,9.999999999999687,9.999999999999687,
PH-0123,Q3-T-016,巡航,1,3262.328265851837,3285.106694266132,0.5117975222097682,0.556086552694373,False,True,COM-01169,直连,,,9.633496207127422,9.633496207127422,
PH-0123,Q3-T-016,巡航,1,3285.106694266132,3285.106694266132,0.556086552694373,0.556086552694373,True,True,COM-01170,直连,,,9.281780285895707,9.281780285895707,
PH-0123,Q3-T-016,巡航,1,3285.106694266132,3371.479850922431,0.556086552694373,0.7240254156671027,False,True,COM-01171,直连,,,8.06388954017423,8.06388954017423,
PH-0123,Q3-T-016,巡航,1,3371.479850922431,3371.479850922431,0.7240254156671027,0.7240254156671027,True,False,COM-01172,中继,Q3-R-003,0;2;3,28.1735878695349,-3.004390068042966,0.6489723131086578
PH-0123,Q3-T-016,巡航,1,3371.479850922431,3451.658488112456,0.7240254156671027,0.8799200209549103,False,False,COM-01173,中继,Q3-R-003,0;2;3,24.277445709620295,-3.890892723121169,0.6489723131086578
PH-0123,Q3-T-016,巡航,1,3451.658488112456,3451.658488112456,0.8799200209549103,0.8799200209549103,True,False,COM-01174,中继,Q3-R-003,0;2;3,16.13657751110229,-4.695360775679816,0.6489723131086578
PH-0123,Q3-T-016,巡航,1,3451.658488112456,3513.417193975737,0.8799200209549103,1.0,False,False,COM-01175,中继,Q3-R-003,2;3,12.777376532745137,-5.267953663575156,0.6489723131086578
PH-0123,Q3-T-016,巡航,1,3513.417193975737,3513.417193975737,1.0,1.0,True,False,COM-01176,中继,Q3-R-003,2;3,10.358247079458522,-5.805162963709037,0.6489723131086578
PH-0124,Q3-T-016,下降,1,3513.417193975737,3532.5954122460485,0.0,0.22570686549086558,False,False,COM-01177,中继,Q3-R-003,2;3,10.359040130529522,-5.804489228147673,0.6489723131086578
PH-0124,Q3-T-016,下降,1,3532.5954122460485,3532.5954122460485,0.22570686549086558,0.22570686549086558,True,False,COM-01178,中继,Q3-R-003,2;3,10.358950668358574,-5.803869025619946,0.6489723131086578
PH-0124,Q3-T-016,下降,1,3532.5954122460485,3574.9211698728545,0.22570686549086558,0.7238352082192008,False,False,COM-01179,中继,Q3-R-003,2;3,10.355631227038486,-5.802689813078246,0.6489723131086578
PH-0124,Q3-T-016,下降,1,3574.9211698728545,3574.9211698728545,0.7238352082192008,0.7238352082192008,True,False,COM-01180,中继,Q3-R-003,2;3,0.3480242627349952,-5.801771666176052,0.6489723131086578
PH-0124,Q3-T-016,下降,1,3574.9211698728545,3577.1905599560246,0.7238352082192008,0.7505434725130377,False,False,COM-01181,中继,Q3-R-003,2;3,0.3474956702622336,-5.801729815162133,0.6489723131086578
PH-0124,Q3-T-016,下降,1,3577.1905599560246,3577.1905599560246,0.7505434725130377,0.7505434725130377,True,False,COM-01182,中继,Q3-R-003,2,0.3469548181322466,-5.801688715170997,0.6489723131086578
PH-0124,Q3-T-016,下降,1,3577.1905599560246,3577.8150268678105,0.7505434725130377,0.7578927719774288,False,False,COM-01183,中继,Q3-R-003,2,0.3468038418537276,-5.801677537472585,0.6489723131086578
PH-0124,Q3-T-016,下降,1,3577.8150268678105,3577.8150268678105,0.7578927719774288,0.7578927719774288,True,False,COM-01184,中继,Q3-R-003,2,0.3466519377391819,-5.801666416642348,0.6489723131086578
PH-0124,Q3-T-016,下降,1,3577.8150268678105,3598.38677710562,0.7578927719774288,1.0,False,False,COM-01185,中继,Q3-R-003,2,0.34112969887836186,-5.801331861349297,0.6489723131086578
PH-0124,Q3-T-016,下降,1,3598.38677710562,3598.38677710562,1.0,1.0,True,False,COM-01186,中继,Q3-R-003,2,0.3346045452974522,-5.8010590358983904,0.6489723131086578
PH-0125,Q3-T-016,投送交接,1,3598.38677710562,3994.38677710562,0.0,1.0,False,False,COM-01187,中继,Q3-R-003,2,0.3346045452974522,-5.8010590358983904,0.6489723131086578
PH-0125,Q3-T-016,投送交接,1,3994.38677710562,3994.38677710562,1.0,1.0,True,False,COM-01188,中继,Q3-R-003,2,0.3346045452974522,-5.8010590358983904,0.6489723131086578
PH-0126,Q3-T-016,爬升,2,3994.38677710562,4010.844177295867,0.0,0.24210722802257123,False,False,COM-01189,中继,Q3-R-003,2,0.34112969887836186,-5.801331861349297,0.6489723131086578
PH-0126,Q3-T-016,爬升,2,4010.844177295867,4010.844177295867,0.24210722802257123,0.24210722802257123,True,False,COM-01190,中继,Q3-R-003,2,0.3466519377391819,-5.801666416642348,0.6489723131086578
PH-0126,Q3-T-016,爬升,2,4010.844177295867,4011.343750825296,0.24210722802257123,0.24945652748696237,False,False,COM-01191,中继,Q3-R-003,2,0.3468038418537276,-5.801677537472585,0.6489723131086578
PH-0126,Q3-T-016,爬升,2,4011.343750825296,4011.343750825296,0.24945652748696237,0.24945652748696237,True,False,COM-01192,中继,Q3-R-003,2,0.3469548181322466,-5.801688715170997,0.6489723131086578
PH-0126,Q3-T-016,爬升,2,4011.343750825296,4013.159262891832,0.24945652748696237,0.27616479178079917,False,False,COM-01193,中继,Q3-R-003,2;3,0.3474956702622336,-5.801729815162133,0.6489723131086578
PH-0126,Q3-T-016,爬升,2,4013.159262891832,4013.159262891832,0.27616479178079917,0.27616479178079917,True,False,COM-01194,中继,Q3-R-003,2;3,0.3480242627349952,-5.801771666176052,0.6489723131086578
PH-0126,Q3-T-016,爬升,2,4013.159262891832,4047.0198689932768,0.27616479178079917,0.7742931345091345,False,False,COM-01195,中继,Q3-R-003,2;3,10.355631227038486,-5.802689813078246,0.6489723131086578
PH-0126,Q3-T-016,爬升,2,4047.0198689932768,4047.0198689932768,0.7742931345091345,0.7742931345091345,True,False,COM-01196,中继,Q3-R-003,2;3,10.358950668358574,-5.803869025619946,0.6489723131086578
PH-0126,Q3-T-016,爬升,2,4047.0198689932768,4062.362443609526,0.7742931345091345,1.0,False,False,COM-01197,中继,Q3-R-003,2;3,10.359040130529522,-5.804489228147673,0.6489723131086578
PH-0126,Q3-T-016,爬升,2,4062.362443609526,4062.362443609526,1.0,1.0,True,False,COM-01198,中继,Q3-R-003,2;3,10.358247079458522,-5.805162963709037,0.6489723131086578
PH-0127,Q3-T-016,巡航,2,4062.362443609526,4124.121149472807,0.0,0.12007997904508962,False,False,COM-01199,中继,Q3-R-003,2;3,12.777376532745137,-5.267953663575156,0.6489723131086578
PH-0127,Q3-T-016,巡航,2,4124.121149472807,4124.121149472807,0.12007997904508962,0.12007997904508962,True,False,COM-01200,中继,Q3-R-003,0;2;3,16.13657751110229,-4.695360775679816,0.6489723131086578
PH-0127,Q3-T-016,巡航,2,4124.121149472807,4204.299786662832,0.12007997904508962,0.2759745843328974,False,False,COM-01201,中继,Q3-R-003,0;2;3,24.277445709620295,-3.890892723121169,0.6489723131086578
PH-0127,Q3-T-016,巡航,2,4204.299786662832,4204.299786662832,0.2759745843328974,0.2759745843328974,True,False,COM-01202,中继,Q3-R-003,0;2;3,28.1735878695349,-3.004390068042966,0.6489723131086578
PH-0127,Q3-T-016,巡航,2,4204.299786662832,4290.672943319131,0.2759745843328974,0.44391344730562704,False,True,COM-01203,直连,,,8.06388954017423,8.06388954017423,
PH-0127,Q3-T-016,巡航,2,4290.672943319131,4290.672943319131,0.44391344730562704,0.44391344730562704,True,True,COM-01204,直连,,,9.281780285895707,9.281780285895707,
PH-0127,Q3-T-016,巡航,2,4290.672943319131,4313.451371733426,0.44391344730562704,0.4882024777902318,False,True,COM-01205,直连,,,9.633496207127422,9.633496207127422,
PH-0127,Q3-T-016,巡航,2,4313.451371733426,4313.451371733426,0.4882024777902318,0.4882024777902318,True,True,COM-01206,直连,,,9.999999999999687,9.999999999999687,
PH-0127,Q3-T-016,巡航,2,4313.451371733426,4318.123745176762,0.4882024777902318,0.4972871646748415,False,True,COM-01207,直连,,,10.077120483427208,10.077120483427208,
PH-0127,Q3-T-016,巡航,2,4318.123745176762,4318.123745176762,0.4972871646748415,0.4972871646748415,True,True,COM-01208,直连,,,10.154928987501108,10.154928987501108,
PH-0127,Q3-T-016,巡航,2,4318.123745176762,4576.675540217337,0.4972871646748415,1.0,False,True,COM-01209,直连,,,16.121716938686347,16.121716938686347,
PH-0127,Q3-T-016,巡航,2,4576.675540217337,4576.675540217337,1.0,1.0,True,True,COM-01210,直连,,,33.968262608738186,33.968262608738186,
PH-0128,Q3-T-016,下降,2,4576.675540217337,4639.085039952027,0.0,0.4613712727625257,False,True,COM-01211,直连,,,36.45662945229016,36.45662945229016,
PH-0128,Q3-T-016,下降,2,4639.085039952027,4639.085039952027,0.4613712727625257,0.4613712727625257,True,True,COM-01212,直连,,,39.9576761954565,39.9576761954565,
PH-0128,Q3-T-016,下降,2,4639.085039952027,4669.947819865032,0.4613712727625257,0.68952884668934,False,True,COM-01213,直连,,,42.40435203424873,42.40435203424873,
PH-0128,Q3-T-016,下降,2,4669.947819865032,4669.947819865032,0.68952884668934,0.68952884668934,True,True,COM-01214,直连,,,45.82290764368429,45.82290764368429,
PH-0128,Q3-T-016,下降,2,4669.947819865032,4683.916048056849,0.68952884668934,0.7927909982286443,False,True,COM-01215,直连,,,47.96179382527555,47.96179382527555,
PH-0128,Q3-T-016,下降,2,4683.916048056849,4683.916048056849,0.7927909982286443,0.7927909982286443,True,True,COM-01216,直连,,,50.80570620510433,50.80570620510433,
PH-0128,Q3-T-016,下降,2,4683.916048056849,4696.083535729861,0.7927909982286443,0.8827409144735208,False,True,COM-01217,直连,,,54.38121115513685,54.38121115513685,
PH-0128,Q3-T-016,下降,2,4696.083535729861,4696.083535729861,0.8827409144735208,0.8827409144735208,True,True,COM-01218,直连,,,60.564870030848155,60.564870030848155,
PH-0128,Q3-T-016,下降,2,4696.083535729861,4697.541139201537,0.8827409144735208,0.8935164594108909,False,True,COM-01219,直连,,,61.71811229890664,61.71811229890664,
PH-0128,Q3-T-016,下降,2,4697.541139201537,4697.541139201537,0.8935164594108909,0.8935164594108909,True,True,COM-01220,直连,,,63.04826031559027,63.04826031559027,
PH-0128,Q3-T-016,下降,2,4697.541139201537,4711.432353261653,0.8935164594108909,0.9962092728187528,False,True,COM-01221,直连,,,67.82295300936202,67.82295300936202,
PH-0128,Q3-T-016,下降,2,4711.432353261653,4711.432353261653,0.9962092728187528,0.9962092728187528,True,True,COM-01222,直连,,,56.38238674364703,56.38238674364703,
PH-0128,Q3-T-016,下降,2,4711.432353261653,4711.945123347219,0.9962092728187528,1.0,False,True,COM-01223,直连,,,46.150772984109835,46.150772984109835,
PH-0128,Q3-T-016,下降,2,4711.945123347219,4711.945123347219,1.0,1.0,True,True,COM-01224,直连,,,45.92517525248826,45.92517525248826,
PH-0129,Q3-T-017,爬升,1,2861.799004154604,2861.799004154604,0.0,0.0,True,True,COM-01225,直连,,,45.92517525248826,45.92517525248826,
PH-0129,Q3-T-017,爬升,1,2861.799004154604,2862.140850878315,0.0,0.00705533907522279,False,True,COM-01226,直连,,,46.150772984109636,46.150772984109636,
PH-0129,Q3-T-017,爬升,1,2862.140850878315,2862.140850878315,0.00705533907522279,0.00705533907522279,True,True,COM-01227,直连,,,56.38238674364726,56.38238674364726,
PH-0129,Q3-T-017,爬升,1,2862.140850878315,2871.401660251726,0.00705533907522279,0.19818822322614532,False,True,COM-01228,直连,,,67.8229530093613,67.8229530093613,
PH-0129,Q3-T-017,爬升,1,2871.401660251726,2871.401660251726,0.19818822322614532,0.19818822322614532,True,True,COM-01229,直连,,,63.04826031558985,63.04826031558985,
PH-0129,Q3-T-017,爬升,1,2871.401660251726,2872.3733958995094,0.19818822322614532,0.21824377447487314,False,True,COM-01230,直连,,,61.71811229890702,61.71811229890702,
PH-0129,Q3-T-017,爬升,1,2872.3733958995094,2872.3733958995094,0.21824377447487314,0.21824377447487314,True,True,COM-01231,直连,,,60.564870030848155,60.564870030848155,
PH-0129,Q3-T-017,爬升,1,2872.3733958995094,2880.4850543481843,0.21824377447487314,0.3856594518770947,False,True,COM-01232,直连,,,54.381211155137024,54.381211155137024,
PH-0129,Q3-T-017,爬升,1,2880.4850543481843,2880.4850543481843,0.3856594518770947,0.3856594518770947,True,True,COM-01233,直连,,,50.80570620510423,50.80570620510423,
PH-0129,Q3-T-017,爬升,1,2880.4850543481843,2889.797206476062,0.3856594518770947,0.5778519938123206,False,True,COM-01234,直连,,,47.961793825275464,47.961793825275464,
PH-0129,Q3-T-017,爬升,1,2889.797206476062,2889.797206476062,0.5778519938123206,0.5778519938123206,True,True,COM-01235,直连,,,45.82290764368429,45.82290764368429,
PH-0129,Q3-T-017,爬升,1,2889.797206476062,2910.2512075237446,0.5778519938123206,1.0,False,True,COM-01236,直连,,,42.42101306040274,42.42101306040274,
PH-0129,Q3-T-017,爬升,1,2910.2512075237446,2910.2512075237446,1.0,1.0,True,True,COM-01237,直连,,,39.982830377148545,39.982830377148545,
PH-0130,Q3-T-017,巡航,1,2910.2512075237446,3044.22183992928,0.0,0.5264108467150513,False,True,COM-01238,直连,,,23.738075011207812,23.738075011207812,
PH-0130,Q3-T-017,巡航,1,3044.22183992928,3044.22183992928,0.5264108467150513,0.5264108467150513,True,True,COM-01239,直连,,,17.79550583936357,17.79550583936357,
PH-0130,Q3-T-017,巡航,1,3044.22183992928,3097.097553466605,0.5264108467150513,0.7341754040218321,False,True,COM-01240,直连,,,6.239096637791931,6.239096637791931,
PH-0130,Q3-T-017,巡航,1,3097.097553466605,3097.097553466605,0.7341754040218321,0.7341754040218321,True,True,COM-01241,直连,,,4.918777094567162,4.918777094567162,
PH-0130,Q3-T-017,巡航,1,3097.097553466605,3109.4256880210737,0.7341754040218321,0.7826163468815358,False,True,COM-01242,直连,,,4.6377051069436845,4.6377051069436845,
PH-0130,Q3-T-017,巡航,1,3109.4256880210737,3109.4256880210737,0.7826163468815358,0.7826163468815358,True,True,COM-01243,直连,,,4.365419094587921,4.365419094587921,
PH-0130,Q3-T-017,巡航,1,3109.4256880210737,3164.7494444836198,0.7826163468815358,1.0,False,True,COM-01244,直连,,,3.2385689458567555,3.2385689458567555,
PH-0130,Q3-T-017,巡航,1,3164.7494444836198,3164.7494444836198,1.0,1.0,True,True,COM-01245,直连,,,2.2410165102830177,2.2410165102830177,
PH-0131,Q3-T-017,下降,1,3164.7494444836198,3190.213369332006,0.0,0.714824110688457,False,True,COM-01246,直连,,,2.244256312054077,2.244256312054077,
PH-0131,Q3-T-017,下降,1,3190.213369332006,3190.213369332006,0.714824110688457,0.714824110688457,True,True,COM-01247,直连,,,2.2465553185876814,2.2465553185876814,
PH-0131,Q3-T-017,下降,1,3190.213369332006,3190.571916040055,0.714824110688457,0.724889245315077,False,True,COM-01248,直连,,,2.246580965299401,2.246580965299401,
PH-0131,Q3-T-017,下降,1,3190.571916040055,3190.571916040055,0.724889245315077,0.724889245315077,True,True,COM-01249,直连,,,2.246606425176637,2.246606425176637,
PH-0131,Q3-T-017,下降,1,3190.571916040055,3196.1833023979448,0.724889245315077,0.8824122621669849,False,True,COM-01250,直连,,,2.2469805359997963,2.2469805359997963,
PH-0131,Q3-T-017,下降,1,3196.1833023979448,3196.1833023979448,0.8824122621669849,0.8824122621669849,True,True,COM-01251,直连,,,2.2473088722119314,2.2473088722119314,
PH-0131,Q3-T-017,下降,1,3196.1833023979448,3198.8810812573747,0.8824122621669849,0.9581443963728433,False,True,COM-01252,直连,,,2.247450429231904,2.247450429231904,
PH-0131,Q3-T-017,下降,1,3198.8810812573747,3198.8810812573747,0.9581443963728433,0.9581443963728433,True,True,COM-01253,直连,,,2.2475814025186764,2.2475814025186764,
PH-0131,Q3-T-017,下降,1,3198.8810812573747,3200.3720885265884,0.9581443963728433,1.0,False,True,COM-01254,直连,,,2.247649247293978,2.247649247293978,
PH-0131,Q3-T-017,下降,1,3200.3720885265884,3200.3720885265884,1.0,1.0,True,True,COM-01255,直连,,,2.24771385877267,2.24771385877267,
PH-0132,Q3-T-017,投送交接,1,3200.3720885265884,3380.3720885265884,0.0,1.0,False,True,COM-01256,直连,,,2.24771385877267,2.24771385877267,
PH-0132,Q3-T-017,投送交接,1,3380.3720885265884,3380.3720885265884,1.0,1.0,True,True,COM-01257,直连,,,2.24771385877267,2.24771385877267,
PH-0133,Q3-T-017,爬升,2,3380.3720885265884,3381.614594584267,0.0,0.04034638532229304,False,True,COM-01258,直连,,,2.247649247293978,2.247649247293978,
PH-0133,Q3-T-017,爬升,2,3381.614594584267,3381.614594584267,0.04034638532229304,0.04034638532229304,True,True,COM-01259,直连,,,2.2475814025186764,2.2475814025186764,
PH-0133,Q3-T-017,爬升,2,3381.614594584267,3383.862743633791,0.04034638532229304,0.1133477902277688,False,True,COM-01260,直连,,,2.247450429231904,2.247450429231904,
PH-0133,Q3-T-017,爬升,2,3383.862743633791,3383.862743633791,0.1133477902277688,0.1133477902277688,True,True,COM-01261,直连,,,2.2473088722119314,2.2473088722119314,
PH-0133,Q3-T-017,爬升,2,3383.862743633791,3388.837687855407,0.1133477902277688,0.2748930923869389,False,True,COM-01262,直连,,,2.2469580005630974,2.2469580005630974,
PH-0133,Q3-T-017,爬升,2,3388.837687855407,3388.837687855407,0.2748930923869389,0.2748930923869389,True,True,COM-01263,直连,,,2.2465553185876814,2.2465553185876814,
PH-0133,Q3-T-017,爬升,2,3388.837687855407,3411.1680581717706,0.2748930923869389,1.0,False,True,COM-01264,直连,,,2.2441100860978906,2.2441100860978906,
PH-0133,Q3-T-017,爬升,2,3411.1680581717706,3411.1680581717706,1.0,1.0,True,True,COM-01265,直连,,,2.240623130353498,2.240623130353498,
PH-0134,Q3-T-017,巡航,2,3411.1680581717706,3482.3543499177663,0.0,0.3628725360954833,False,True,COM-01266,直连,,,2.776645181326387,2.776645181326387,
PH-0134,Q3-T-017,巡航,2,3482.3543499177663,3482.3543499177663,0.3628725360954833,0.3628725360954833,True,True,COM-01267,直连,,,3.1727426939649774,3.1727426939649774,
PH-0134,Q3-T-017,巡航,2,3482.3543499177663,3489.1722219869885,0.3628725360954833,0.3976266786115862,False,True,COM-01268,直连,,,13.201524647531272,13.201524647531272,
PH-0134,Q3-T-017,巡航,2,3489.1722219869885,3489.1722219869885,0.3976266786115862,0.3976266786115862,True,True,COM-01269,直连,,,3.228544535616635,3.228544535616635,
PH-0134,Q3-T-017,巡航,2,3489.1722219869885,3492.9010217231175,0.3976266786115862,0.41663425694800627,False,True,COM-01270,直连,,,3.2425643775196846,3.2425643775196846,
PH-0134,Q3-T-017,巡航,2,3492.9010217231175,3492.9010217231175,0.41663425694800627,0.41663425694800627,True,True,COM-01271,直连,,,13.256041505603903,13.256041505603903,
PH-0134,Q3-T-017,巡航,2,3492.9010217231175,3499.0295910707487,0.41663425694800627,0.44787467483277504,False,True,COM-01272,直连,,,13.276999516233715,13.276999516233715,
PH-0134,Q3-T-017,巡航,2,3499.0295910707487,3499.0295910707487,0.44787467483277504,0.44787467483277504,True,True,COM-01273,直连,,,3.2964554025504924,3.2964554025504924,
PH-0134,Q3-T-017,巡航,2,3499.0295910707487,3521.599963413105,0.44787467483277504,0.562927279085768,False,True,COM-01274,直连,,,3.3548325706195783,3.3548325706195783,
PH-0134,Q3-T-017,巡航,2,3521.599963413105,3521.599963413105,0.562927279085768,0.562927279085768,True,True,COM-01275,直连,,,3.3917178756147877,3.3917178756147877,
PH-0134,Q3-T-017,巡航,2,3521.599963413105,3545.520177228252,0.562927279085768,0.6848607080951097,False,True,COM-01276,直连,,,13.406737383106389,13.406737383106389,
PH-0134,Q3-T-017,巡航,2,3545.520177228252,3545.520177228252,0.6848607080951097,0.6848607080951097,True,True,COM-01277,直连,,,3.3967392324576338,3.3967392324576338,
PH-0134,Q3-T-017,巡航,2,3545.520177228252,3578.10320354268,0.6848607080951097,0.8509528741903806,False,True,COM-01278,直连,,,3.3432503006065417,3.3432503006065417,
PH-0134,Q3-T-017,巡航,2,3578.10320354268,3578.10320354268,0.8509528741903806,0.8509528741903806,True,True,COM-01279,直连,,,3.2453860366315865,3.2453860366315865,
PH-0134,Q3-T-017,巡航,2,3578.10320354268,3581.978259200559,0.8509528741903806,0.8707059929383412,False,True,COM-01280,直连,,,13.230921046731126,13.230921046731126,
PH-0134,Q3-T-017,巡航,2,3581.978259200559,3581.978259200559,0.8707059929383412,0.8707059929383412,True,True,COM-01281,直连,,,13.215874759755039,13.215874759755039,
PH-0134,Q3-T-017,巡航,2,3581.978259200559,3582.5297446671534,0.8707059929383412,0.8735171933109774,False,True,COM-01282,直连,,,13.213686526542105,13.213686526542105,
PH-0134,Q3-T-017,巡航,2,3582.5297446671534,3582.5297446671534,0.8735171933109774,0.8735171933109774,True,True,COM-01283,直连,,,13.211486662913472,13.211486662913472,
PH-0134,Q3-T-017,巡航,2,3582.5297446671534,3583.866109020787,0.8735171933109774,0.8803293183740579,False,True,COM-01284,直连,,,13.206107807922365,13.206107807922365,
PH-0134,Q3-T-017,巡航,2,3583.866109020787,3583.866109020787,0.8803293183740579,0.8803293183740579,True,True,COM-01285,直连,,,3.2006610281230934,3.2006610281230934,
PH-0134,Q3-T-017,巡航,2,3583.866109020787,3592.2091777646224,0.8803293183740579,0.9228581598074197,False,True,COM-01286,直连,,,3.165137000467624,3.165137000467624,
PH-0134,Q3-T-017,巡航,2,3592.2091777646224,3592.2091777646224,0.9228581598074197,0.9228581598074197,True,True,COM-01287,直连,,,3.127042336052014,3.127042336052014,
PH-0134,Q3-T-017,巡航,2,3592.2091777646224,3607.3424297898655,0.9228581598074197,1.0,False,True,COM-01288,直连,,,3.0516111683256213,3.0516111683256213,
PH-0134,Q3-T-017,巡航,2,3607.3424297898655,3607.3424297898655,1.0,1.0,True,True,COM-01289,直连,,,2.96839271058478,2.96839271058478,
PH-0135,Q3-T-017,下降,2,3607.3424297898655,3617.216530129665,0.0,0.38397968231083,False,True,COM-01290,直连,,,2.970055210591127,2.970055210591127,
PH-0135,Q3-T-017,下降,2,3617.216530129665,3617.216530129665,0.38397968231083,0.38397968231083,True,True,COM-01291,直连,,,2.971550769894037,2.971550769894037,
PH-0135,Q3-T-017,下降,2,3617.216530129665,3633.0575933640844,0.38397968231083,1.0,False,True,COM-01292,直连,,,2.973600928856058,2.973600928856058,
PH-0135,Q3-T-017,下降,2,3633.0575933640844,3633.0575933640844,1.0,1.0,True,True,COM-01293,直连,,,2.9752203689650543,2.9752203689650543,
PH-0136,Q3-T-017,投送交接,2,3633.0575933640844,3813.0575933640844,0.0,1.0,False,True,COM-01294,直连,,,2.9752203689650543,2.9752203689650543,
PH-0136,Q3-T-017,投送交接,2,3813.0575933640844,3813.0575933640844,1.0,1.0,True,True,COM-01295,直连,,,2.9752203689650543,2.9752203689650543,
PH-0137,Q3-T-017,爬升,3,3813.0575933640844,3826.258479392767,0.0,0.4756404415153251,False,True,COM-01296,直连,,,2.973600928856058,2.973600928856058,
PH-0137,Q3-T-017,爬升,3,3826.258479392767,3826.258479392767,0.4756404415153251,0.4756404415153251,True,True,COM-01297,直连,,,2.971550769894037,2.971550769894037,
PH-0137,Q3-T-017,爬升,3,3826.258479392767,3840.811511821116,0.4756404415153251,1.0,False,True,COM-01298,直连,,,2.9687921961294137,2.9687921961294137,
PH-0137,Q3-T-017,爬升,3,3840.811511821116,3840.811511821116,1.0,1.0,True,True,COM-01299,直连,,,2.9655118891521965,2.9655118891521965,
PH-0138,Q3-T-017,巡航,3,3840.811511821116,3847.5224478676846,0.0,0.028678455726549642,False,True,COM-01300,直连,,,3.090611481187338,3.090611481187338,
PH-0138,Q3-T-017,巡航,3,3847.5224478676846,3847.5224478676846,0.028678455726549642,0.028678455726549642,True,True,COM-01301,直连,,,3.217533917305559,3.217533917305559,
PH-0138,Q3-T-017,巡航,3,3847.5224478676846,3870.2133161970846,0.028678455726549642,0.1256454150696322,False,True,COM-01302,直连,,,3.6609160379091605,3.6609160379091605,
PH-0138,Q3-T-017,巡航,3,3870.2133161970846,3870.2133161970846,0.1256454150696322,0.1256454150696322,True,True,COM-01303,直连,,,4.128072547475469,4.128072547475469,
PH-0138,Q3-T-017,巡航,3,3870.2133161970846,3920.8105819161206,0.1256454150696322,0.34186733027470195,False,True,COM-01304,直连,,,5.269761323710469,5.269761323710469,
PH-0138,Q3-T-017,巡航,3,3920.8105819161206,3920.8105819161206,0.34186733027470195,0.34186733027470195,True,True,COM-01305,直连,,,6.583598399403556,6.583598399403556,
PH-0138,Q3-T-017,巡航,3,3920.8105819161206,3993.9936812585615,0.34186733027470195,0.6546073504238962,False,True,COM-01306,直连,,,18.920099586903177,18.920099586903177,
PH-0138,Q3-T-017,巡航,3,3993.9936812585615,3993.9936812585615,0.6546073504238962,0.6546073504238962,True,True,COM-01307,直连,,,22.11172864838477,22.11172864838477,
PH-0138,Q3-T-017,巡航,3,3993.9936812585615,4074.8176978779197,0.6546073504238962,1.0,False,True,COM-01308,直连,,,27.846779148865465,27.846779148865465,
PH-0138,Q3-T-017,巡航,3,4074.8176978779197,4074.8176978779197,1.0,1.0,True,True,COM-01309,直连,,,38.56041462744295,38.56041462744295,
PH-0139,Q3-T-017,下降,3,4074.8176978779197,4108.284557240608,0.0,0.4990234548214971,False,True,COM-01310,直连,,,41.453748523328244,41.453748523328244,
PH-0139,Q3-T-017,下降,3,4108.284557240608,4108.284557240608,0.4990234548214971,0.4990234548214971,True,True,COM-01311,直连,,,45.82290764368426,45.82290764368426,
PH-0139,Q3-T-017,下降,3,4108.284557240608,4119.459139794061,0.4990234548214971,0.665647359729327,False,True,COM-01312,直连,,,47.96179382527515,47.96179382527515,
PH-0139,Q3-T-017,下降,3,4119.459139794061,4119.459139794061,0.665647359729327,0.665647359729327,True,True,COM-01313,直连,,,50.805706205104315,50.805706205104315,
PH-0139,Q3-T-017,下降,3,4119.459139794061,4129.193129932471,0.665647359729327,0.8107906292374082,False,True,COM-01314,直连,,,54.38121115513664,54.38121115513664,
PH-0139,Q3-T-017,下降,3,4129.193129932471,4129.193129932471,0.8107906292374082,0.8107906292374082,True,True,COM-01315,直连,,,60.56487003084734,60.56487003084734,
PH-0139,Q3-T-017,下降,3,4129.193129932471,4130.359212709811,0.8107906292374082,0.828178058689631,False,True,COM-01316,直连,,,61.71811229890455,61.71811229890455,
PH-0139,Q3-T-017,下降,3,4130.359212709811,4130.359212709811,0.828178058689631,0.828178058689631,True,True,COM-01317,直连,,,63.048260315588706,63.048260315588706,
PH-0139,Q3-T-017,下降,3,4130.359212709811,4141.472183957904,0.828178058689631,0.9938832790527395,False,True,COM-01318,直连,,,67.82295300936029,67.82295300936029,
PH-0139,Q3-T-017,下降,3,4141.472183957904,4141.472183957904,0.9938832790527395,0.9938832790527395,True,True,COM-01319,直连,,,56.38238674364726,56.38238674364726,
PH-0139,Q3-T-017,下降,3,4141.472183957904,4141.882400026358,0.9938832790527395,1.0,False,True,COM-01320,直连,,,46.15077298410942,46.15077298410942,
PH-0139,Q3-T-017,下降,3,4141.882400026358,4141.882400026358,1.0,1.0,True,True,COM-01321,直连,,,45.92517525248826,45.92517525248826,
PH-0140,Q3-T-018,爬升,1,3672.6768982603417,3672.6768982603417,0.0,0.0,True,True,COM-01322,直连,,,45.92517525248826,45.92517525248826,
PH-0140,Q3-T-018,爬升,1,3672.6768982603417,3673.018744984053,0.0,0.006116720947260397,False,True,COM-01323,直连,,,46.15077298411023,46.15077298411023,
PH-0140,Q3-T-018,爬升,1,3673.018744984053,3673.018744984053,0.006116720947260397,0.006116720947260397,True,True,COM-01324,直连,,,56.38238674364726,56.38238674364726,
PH-0140,Q3-T-018,爬升,1,3673.018744984053,3682.2795543574634,0.006116720947260397,0.17182194131036893,False,True,COM-01325,直连,,,67.8229530093612,67.8229530093612,
PH-0140,Q3-T-018,爬升,1,3682.2795543574634,3682.2795543574634,0.17182194131036893,0.17182194131036893,True,True,COM-01326,直连,,,63.04826031558991,63.04826031558991,
PH-0140,Q3-T-018,爬升,1,3682.2795543574634,3683.251290005247,0.17182194131036893,0.1892093707625918,False,True,COM-01327,直连,,,61.718112298905965,61.718112298905965,
PH-0140,Q3-T-018,爬升,1,3683.251290005247,3683.251290005247,0.1892093707625918,0.1892093707625918,True,True,COM-01328,直连,,,60.56487003084824,60.56487003084824,
PH-0140,Q3-T-018,爬升,1,3683.251290005247,3691.362948453922,0.1892093707625918,0.33435264027067296,False,True,COM-01329,直连,,,54.38121115513657,54.38121115513657,
PH-0140,Q3-T-018,爬升,1,3691.362948453922,3691.362948453922,0.33435264027067296,0.33435264027067296,True,True,COM-01330,直连,,,50.80570620510427,50.80570620510427,
PH-0140,Q3-T-018,爬升,1,3691.362948453922,3700.6751005817996,0.33435264027067296,0.5009765451785029,False,True,COM-01331,直连,,,47.961793825275265,47.961793825275265,
PH-0140,Q3-T-018,爬升,1,3700.6751005817996,3700.6751005817996,0.5009765451785029,0.5009765451785029,True,True,COM-01332,直连,,,45.82290764368433,45.82290764368433,
PH-0140,Q3-T-018,爬升,1,3700.6751005817996,3728.5641500507063,0.5009765451785029,1.0,False,True,COM-01333,直连,,,41.453748523328315,41.453748523328315,
PH-0140,Q3-T-018,爬升,1,3728.5641500507063,3728.5641500507063,1.0,1.0,True,True,COM-01334,直连,,,38.56041462744295,38.56041462744295,
PH-0141,Q3-T-018,巡航,1,3728.5641500507063,3809.3881666700645,0.0,0.34539264957610377,False,True,COM-01335,直连,,,27.846779148865465,27.846779148865465,
PH-0141,Q3-T-018,巡航,1,3809.3881666700645,3809.3881666700645,0.34539264957610377,0.34539264957610377,True,True,COM-01336,直连,,,22.11172864838477,22.11172864838477,
PH-0141,Q3-T-018,巡航,1,3809.3881666700645,3882.5712660125055,0.34539264957610377,0.6581326697252977,False,True,COM-01337,直连,,,18.920099586903177,18.920099586903177,
PH-0141,Q3-T-018,巡航,1,3882.5712660125055,3882.5712660125055,0.6581326697252977,0.6581326697252977,True,True,COM-01338,直连,,,6.583598399403556,6.583598399403556,
PH-0141,Q3-T-018,巡航,1,3882.5712660125055,3933.1685317315414,0.6581326697252977,0.8743545849303681,False,True,COM-01339,直连,,,5.269761323710469,5.269761323710469,
PH-0141,Q3-T-018,巡航,1,3933.1685317315414,3933.1685317315414,0.8743545849303681,0.8743545849303681,True,True,COM-01340,直连,,,4.128072547475469,4.128072547475469,
PH-0141,Q3-T-018,巡航,1,3933.1685317315414,3955.8594000609414,0.8743545849303681,0.9713215442734503,False,True,COM-01341,直连,,,3.6609160379091605,3.6609160379091605,
PH-0141,Q3-T-018,巡航,1,3955.8594000609414,3955.8594000609414,0.9713215442734503,0.9713215442734503,True,True,COM-01342,直连,,,3.217533917305559,3.217533917305559,
PH-0141,Q3-T-018,巡航,1,3955.8594000609414,3962.5703361075102,0.9713215442734503,1.0,False,True,COM-01343,直连,,,3.090611481188475,3.090611481188475,
PH-0141,Q3-T-018,巡航,1,3962.5703361075102,3962.5703361075102,1.0,1.0,True,True,COM-01344,直连,,,2.9655118891521965,2.9655118891521965,
PH-0142,Q3-T-018,下降,1,3962.5703361075102,3980.0339750215285,0.0,0.5243595584846749,False,True,COM-01345,直连,,,2.9687921961294137,2.9687921961294137,
PH-0142,Q3-T-018,下降,1,3980.0339750215285,3980.0339750215285,0.5243595584846749,0.5243595584846749,True,True,COM-01346,直连,,,2.971550769894037,2.971550769894037,
PH-0142,Q3-T-018,下降,1,3980.0339750215285,3995.875038255948,0.5243595584846749,1.0,False,True,COM-01347,直连,,,2.973600928856058,2.973600928856058,
PH-0142,Q3-T-018,下降,1,3995.875038255948,3995.875038255948,1.0,1.0,True,True,COM-01348,直连,,,2.9752203689650543,2.9752203689650543,
PH-0143,Q3-T-018,投送交接,1,3995.875038255948,4175.875038255948,0.0,1.0,False,True,COM-01349,直连,,,2.9752203689650543,2.9752203689650543,
PH-0143,Q3-T-018,投送交接,1,4175.875038255948,4175.875038255948,1.0,1.0,True,True,COM-01350,直连,,,2.9752203689650543,2.9752203689650543,
PH-0144,Q3-T-018,爬升,2,4175.875038255948,4189.075924284631,0.0,0.19720818416665734,False,True,COM-01351,直连,,,2.973600928856058,2.973600928856058,
PH-0144,Q3-T-018,爬升,2,4189.075924284631,4189.075924284631,0.19720818416665734,0.19720818416665734,True,True,COM-01352,直连,,,2.971550769894037,2.971550769894037,
PH-0144,Q3-T-018,爬升,2,4189.075924284631,4209.448609401749,0.19720818416665734,0.5015559552038803,False,True,COM-01353,直连,,,2.967542965364231,2.967542965364231,
PH-0144,Q3-T-018,爬升,2,4209.448609401749,4209.448609401749,0.5015559552038803,0.5015559552038803,True,True,COM-01354,直连,,,2.9625136326285997,2.9625136326285997,
PH-0144,Q3-T-018,爬升,2,4209.448609401749,4229.196613212725,0.5015559552038803,0.796571605215331,False,True,COM-01355,直连,,,2.9566668363080453,2.9566668363080453,
PH-0144,Q3-T-018,爬升,2,4229.196613212725,4229.196613212725,0.796571605215331,0.796571605215331,True,True,COM-01356,直连,,,2.9498673939257714,2.9498673939257714,
PH-0144,Q3-T-018,爬升,2,4229.196613212725,4242.813872891365,0.796571605215331,1.0,False,True,COM-01357,直连,,,12.94462621374035,12.94462621374035,
PH-0144,Q3-T-018,爬升,2,4242.813872891365,4242.813872891365,1.0,1.0,True,True,COM-01358,直连,,,12.938935823095392,12.938935823095392,
PH-0145,Q3-T-018,巡航,2,4242.813872891365,4272.35871129059,0.0,0.06655227081773965,False,True,COM-01359,直连,,,12.426343423414068,12.426343423414068,
PH-0145,Q3-T-018,巡航,2,4272.35871129059,4272.35871129059,0.06655227081773965,0.06655227081773965,True,True,COM-01360,直连,,,11.940566858665662,11.940566858665662,
PH-0145,Q3-T-018,巡航,2,4272.35871129059,4325.9410552762365,0.06655227081773965,0.18725107511634606,False,True,COM-01361,直连,,,11.120113105263243,11.120113105263243,
PH-0145,Q3-T-018,巡航,2,4325.9410552762365,4325.9410552762365,0.18725107511634606,0.18725107511634606,True,True,COM-01362,直连,,,10.367428788488837,10.367428788488837,
PH-0145,Q3-T-018,巡航,2,4325.9410552762365,4339.850969348016,0.18725107511634606,0.21858434409035607,False,True,COM-01363,直连,,,10.181844680206225,10.181844680206225,
PH-0145,Q3-T-018,巡航,2,4339.850969348016,4339.850969348016,0.21858434409035607,0.21858434409035607,True,True,COM-01364,直连,,,9.999999999999858,9.999999999999858,
PH-0145,Q3-T-018,巡航,2,4339.850969348016,4460.442619000377,0.21858434409035607,0.4902273301705334,False,True,COM-01365,直连,,,8.561072906729976,8.561072906729976,
PH-0145,Q3-T-018,巡航,2,4460.442619000377,4460.442619000377,0.4902273301705334,0.4902273301705334,True,True,COM-01366,直连,,,7.322371161497614,7.322371161497614,
PH-0145,Q3-T-018,巡航,2,4460.442619000377,4471.790618459976,0.4902273301705334,0.5157896677629631,False,True,COM-01367,直连,,,7.214239784166892,7.214239784166892,
PH-0145,Q3-T-018,巡航,2,4471.790618459976,4471.790618459976,0.5157896677629631,0.5157896677629631,True,True,COM-01368,直连,,,7.107413541321861,7.107413541321861,
PH-0145,Q3-T-018,巡航,2,4471.790618459976,4477.656473608323,0.5157896677629631,0.5290030072686775,False,True,COM-01369,直连,,,7.052695948266731,7.052695948266731,
PH-0145,Q3-T-018,巡航,2,4477.656473608323,4477.656473608323,0.5290030072686775,0.5290030072686775,True,False,COM-01370,中继,Q3-R-003,2;3,9.859477774718655,-3.0016852075476947,0.6489723131086578
PH-0145,Q3-T-018,巡航,2,4477.656473608323,4639.085039952027,0.5290030072686775,0.8926346345551315,False,False,COM-01371,中继,Q3-R-003,2;3,9.166034982021529,-4.3801881375543985,0.6489723131086578
PH-0145,Q3-T-018,巡航,2,4639.085039952027,4639.085039952027,0.8926346345551315,0.8926346345551315,True,False,COM-01372,中继,Q3-R-003,2;3,7.286834561454526,-5.571727527743349,0.6489723131086578
PH-0145,Q3-T-018,巡航,2,4639.085039952027,4654.088429250914,0.8926346345551315,0.9264310498311634,False,False,COM-01373,中继,Q3-R-003,2;3,7.093085964679744,-5.674678068974799,0.6489723131086578
PH-0145,Q3-T-018,巡航,2,4654.088429250914,4654.088429250914,0.9264310498311634,0.9264310498311634,True,False,COM-01374,中继,Q3-R-003,2;3,6.8988381535539816,-5.776433969519601,0.6489723131086578
PH-0145,Q3-T-018,巡航,2,4654.088429250914,4686.7482125645665,0.9264310498311634,1.0,False,False,COM-01375,中继,Q3-R-003,2;3,6.476244640070945,-5.993937669313908,0.6489723131086578
PH-0145,Q3-T-018,巡航,2,4686.7482125645665,4686.7482125645665,1.0,1.0,True,False,COM-01376,中继,Q3-R-003,2;3,6.056797094142027,-6.2061733560015,0.6489723131086578
PH-0146,Q3-T-018,下降,2,4686.7482125645665,4726.285445514523,0.0,0.695997152838951,False,False,COM-01377,中继,Q3-R-003,2;3,6.057536559591725,-6.2045930536517915,0.6489723131086578
PH-0146,Q3-T-018,下降,2,4726.285445514523,4726.285445514523,0.695997152838951,0.695997152838951,True,False,COM-01378,中继,Q3-R-003,2;3,6.056099503293439,-6.203337077690264,0.6489723131086578
PH-0146,Q3-T-018,下降,2,4726.285445514523,4726.496640370225,0.695997152838951,0.6997149400307995,False,False,COM-01379,中继,Q3-R-003,2;3,6.056085985247492,-6.2033312400682235,0.6489723131086578
PH-0146,Q3-T-018,下降,2,4726.496640370225,4726.496640370225,0.6997149400307995,0.6997149400307995,True,False,COM-01380,中继,Q3-R-003,2;3,6.056072405152321,-6.2033254117085335,0.6489723131086578
PH-0146,Q3-T-018,下降,2,4726.496640370225,4743.5548141270665,0.6997149400307995,1.0,False,False,COM-01381,中继,Q3-R-004,3,4.188054628054871,-6.202885246250503,1.6126866692443826
PH-0146,Q3-T-018,下降,2,4743.5548141270665,4743.5548141270665,1.0,1.0,True,False,COM-01382,中继,Q3-R-004,3,4.18380920269351,-6.202505524891052,1.6126866692443826
PH-0147,Q3-T-018,投送交接,2,4743.5548141270665,4953.5548141270665,0.0,1.0,False,False,COM-01383,中继,Q3-R-004,3,4.18380920269351,-6.202505524891052,1.6126866692443826
PH-0147,Q3-T-018,投送交接,2,4953.5548141270665,4953.5548141270665,1.0,1.0,True,False,COM-01384,中继,Q3-R-004,3,4.18380920269351,-6.202505524891052,1.6126866692443826
PH-0148,Q3-T-018,爬升,3,4953.5548141270665,4967.769958924435,0.0,0.41805424504668126,False,False,COM-01385,中继,Q3-R-004,3,4.188054628054871,-6.202885246250503,1.6126866692443826
PH-0148,Q3-T-018,爬升,3,4967.769958924435,4967.769958924435,0.41805424504668126,0.41805424504668126,True,False,COM-01386,中继,Q3-R-003,2;3,6.056072405152321,-6.2033254117085335,0.6489723131086578
PH-0148,Q3-T-018,爬升,3,4967.769958924435,4967.945954637519,0.41805424504668126,0.4232301159937467,False,False,COM-01387,中继,Q3-R-003,2;3,6.056085985247492,-6.2033312400682235,0.6489723131086578
PH-0148,Q3-T-018,爬升,3,4967.945954637519,4967.945954637519,0.4232301159937467,0.4232301159937467,True,False,COM-01388,中继,Q3-R-003,2;3,6.056099503293439,-6.203337077690264,0.6489723131086578
PH-0148,Q3-T-018,爬升,3,4967.945954637519,4987.55792488553,0.4232301159937467,1.0,False,False,COM-01389,中继,Q3-R-003,2;3,6.057217049296753,-6.204045604650929,0.6489723131086578
PH-0148,Q3-T-018,爬升,3,4987.55792488553,4987.55792488553,1.0,1.0,True,False,COM-01390,中继,Q3-R-003,2;3,6.05756352371759,-6.204869090937848,0.6489723131086578
PH-0149,Q3-T-018,巡航,3,4987.55792488553,5020.962029535166,0.0,0.049615993673703444,False,False,COM-01391,中继,Q3-R-003,2;3,6.518873658333959,-5.98684545876462,0.6489723131086578
PH-0149,Q3-T-018,巡航,3,5020.962029535166,5020.962029535166,0.049615993673703444,0.049615993673703444,True,False,COM-01392,中继,Q3-R-003,2;3,6.9904634745722944,-5.763212731749292,0.6489723131086578
PH-0149,Q3-T-018,巡航,3,5020.962029535166,5050.104061925956,0.049615993673703444,0.09290141951899818,False,False,COM-01393,中继,Q3-R-003,2;3,7.408271037012952,-5.563301464337314,0.6489723131086578
PH-0149,Q3-T-018,巡航,3,5050.104061925956,5050.104061925956,0.09290141951899818,0.09290141951899818,True,False,COM-01394,中继,Q3-R-003,2,7.829423213629752,-5.358684847710435,0.6489723131086578
PH-0149,Q3-T-018,巡航,3,5050.104061925956,5060.09211709281,0.09290141951899818,0.10773694009855261,False,False,COM-01395,中继,Q3-R-003,2,7.973947928397877,-5.287432186725525,0.6489723131086578
PH-0149,Q3-T-018,巡航,3,5060.09211709281,5060.09211709281,0.10773694009855261,0.10773694009855261,True,False,COM-01396,中继,Q3-R-003,2,8.11830068843355,-5.21559075384279,0.6489723131086578
PH-0149,Q3-T-018,巡航,3,5060.09211709281,5072.998652966975,0.10773694009855261,0.126907356698507,False,False,COM-01397,中继,Q3-R-003,2;3,8.304274345315179,-5.121869541347962,0.6489723131086578
PH-0149,Q3-T-018,巡航,3,5072.998652966975,5072.998652966975,0.126907356698507,0.126907356698507,True,False,COM-01398,中继,Q3-R-003,2;3,8.489203408242076,-5.0271270621048245,0.6489723131086578
PH-0149,Q3-T-018,巡航,3,5072.998652966975,5097.023971279247,0.126907356698507,0.1625927927816859,False,False,COM-01399,中继,Q3-R-003,2,8.82890877937615,-4.847967832940725,0.6489723131086578
PH-0149,Q3-T-018,巡航,3,5097.023971279247,5097.023971279247,0.1625927927816859,0.1625927927816859,True,False,COM-01400,中继,Q3-R-003,2,9.15946268362869,-4.665039307965003,0.6489723131086578
PH-0149,Q3-T-018,巡航,3,5097.023971279247,5140.400332063525,0.1625927927816859,0.22702084031758815,False,False,COM-01401,中继,Q3-R-003,2;3,9.7182027705299,-4.324699525929674,0.6489723131086578
PH-0149,Q3-T-018,巡航,3,5140.400332063525,5140.400332063525,0.22702084031758815,0.22702084031758815,True,False,COM-01402,中继,Q3-R-003,2;3,10.20000000000259,-3.970495769674244,0.6489723131086578
PH-0149,Q3-T-018,巡航,3,5140.400332063525,5208.241482295423,0.22702084031758815,0.32778708195248735,False,False,COM-01403,中继,Q3-R-003,2;3,10.711739749599872,-3.3858655373228146,0.6489723131086578
PH-0149,Q3-T-018,巡航,3,5208.241482295423,5208.241482295423,0.32778708195248735,0.32778708195248735,True,False,COM-01404,中继,Q3-R-003,2;3,10.825086509570482,-2.759094616335574,0.6489723131086578
PH-0149,Q3-T-018,巡航,3,5208.241482295423,5259.763137332439,0.32778708195248735,0.4043135488998117,False,False,COM-01405,中继,Q3-R-003,0;2;3,10.621428071157226,-2.2509803639308217,0.6489723131086578
PH-0149,Q3-T-018,巡航,3,5259.763137332439,5259.763137332439,0.4043135488998117,0.4043135488998117,True,False,COM-01406,中继,Q3-R-003,0;2;3,10.20000000000006,-1.7113500945006876,0.6489723131086578
PH-0149,Q3-T-018,巡航,3,5259.763137332439,5297.845174926699,0.4043135488998117,0.4608777991970914,False,False,COM-01407,中继,Q3-R-003,0;2;3,9.781842167894098,-1.2898179772272016,0.6489723131086578
PH-0149,Q3-T-018,巡航,3,5297.845174926699,5297.845174926699,0.4608777991970914,0.4608777991970914,True,False,COM-01408,中继,Q3-R-003,0;2;3,9.301109552469555,-0.8468351977706448,0.6489723131086578
PH-0149,Q3-T-018,巡航,3,5297.845174926699,5331.657111050752,0.4608777991970914,0.5110995556675183,False,True,COM-01409,直连,,,9.566296534619099,9.566296534619099,
PH-0149,Q3-T-018,巡航,3,5331.657111050752,5331.657111050752,0.5110995556675183,0.5110995556675183,True,True,COM-01410,直连,,,9.99999999999936,9.99999999999936,
PH-0149,Q3-T-018,巡航,3,5331.657111050752,5417.824861253002,0.5110995556675183,0.639086777410303,False,True,COM-01411,直连,,,11.213978623170576,11.213978623170576,
PH-0149,Q3-T-018,巡航,3,5417.824861253002,5417.824861253002,0.639086777410303,0.639086777410303,True,True,COM-01412,直连,,,12.624617925181582,12.624617925181582,
PH-0149,Q3-T-018,巡航,3,5417.824861253002,5467.21083864293,0.639086777410303,0.7124410662753698,False,True,COM-01413,直连,,,13.549295386221218,13.549295386221218,
PH-0149,Q3-T-018,巡航,3,5467.21083864293,5467.21083864293,0.7124410662753698,0.7124410662753698,True,True,COM-01414,直连,,,14.583346617362722,14.583346617362722,
PH-0149,Q3-T-018,巡航,3,5467.21083864293,5546.824465987129,0.7124410662753698,0.8306932772560768,False,True,COM-01415,直连,,,16.559139208859847,16.559139208859847,
PH-0149,Q3-T-018,巡航,3,5546.824465987129,5546.824465987129,0.8306932772560768,0.8306932772560768,True,True,COM-01416,直连,,,19.108859130510737,19.108859130510737,
PH-0149,Q3-T-018,巡航,3,5546.824465987129,5660.810684254129,0.8306932772560768,1.0,False,True,COM-01417,直连,,,24.79852975939312,24.79852975939312,
PH-0149,Q3-T-018,巡航,3,5660.810684254129,5660.810684254129,1.0,1.0,True,True,COM-01418,直连,,,34.89404750685925,34.89404750685925,
PH-0150,Q3-T-018,下降,3,5660.810684254129,5725.296574378536,0.0,0.6574575437853204,False,True,COM-01419,直连,,,38.74229099550223,38.74229099550223,
PH-0150,Q3-T-018,下降,3,5725.296574378536,5725.296574378536,0.6574575437853204,0.6574575437853204,True,True,COM-01420,直连,,,45.822907643684474,45.822907643684474,
PH-0150,Q3-T-018,下降,3,5725.296574378536,5736.471156931989,0.6574575437853204,0.7713865534376038,False,True,COM-01421,直连,,,47.961793825275464,47.961793825275464,
PH-0150,Q3-T-018,下降,3,5736.471156931989,5736.471156931989,0.7713865534376038,0.7713865534376038,True,True,COM-01422,直连,,,50.805706205104215,50.805706205104215,
PH-0150,Q3-T-018,下降,3,5736.471156931989,5746.205147070399,0.7713865534376038,0.8706281896355867,False,True,COM-01423,直连,,,54.38121115513651,54.38121115513651,
PH-0150,Q3-T-018,下降,3,5746.205147070399,5746.205147070399,0.8706281896355867,0.8706281896355867,True,True,COM-01424,直连,,,60.56487003084884,60.56487003084884,
PH-0150,Q3-T-018,下降,3,5746.205147070399,5747.371229847739,0.8706281896355867,0.8825168356194056,False,True,COM-01425,直连,,,61.718112298908174,61.718112298908174,
PH-0150,Q3-T-018,下降,3,5747.371229847739,5747.371229847739,0.8825168356194056,0.8825168356194056,True,True,COM-01426,直连,,,63.048260315590724,63.048260315590724,
PH-0150,Q3-T-018,下降,3,5747.371229847739,5758.484201095832,0.8825168356194056,0.9958176951846961,False,True,COM-01427,直连,,,67.82295300936053,67.82295300936053,
PH-0150,Q3-T-018,下降,3,5758.484201095832,5758.484201095832,0.9958176951846961,0.9958176951846961,True,True,COM-01428,直连,,,56.38238674364726,56.38238674364726,
PH-0150,Q3-T-018,下降,3,5758.484201095832,5758.894417164285,0.9958176951846961,1.0,False,True,COM-01429,直连,,,46.15077298410942,46.15077298410942,
PH-0150,Q3-T-018,下降,3,5758.894417164285,5758.894417164285,1.0,1.0,True,True,COM-01430,直连,,,45.92517525248826,45.92517525248826,
PH-0151,Q3-T-019,爬升,1,3782.9696990787475,3782.9696990787475,0.0,0.0,True,True,COM-01431,直连,,,45.92517525248826,45.92517525248826,
PH-0151,Q3-T-019,爬升,1,3782.9696990787475,3783.3115458024586,0.0,0.005160966155338672,False,True,COM-01432,直连,,,46.150772984109636,46.150772984109636,
PH-0151,Q3-T-019,爬升,1,3783.3115458024586,3783.3115458024586,0.005160966155338672,0.005160966155338672,True,True,COM-01433,直连,,,56.38238674364726,56.38238674364726,
PH-0151,Q3-T-019,爬升,1,3783.3115458024586,3792.5723551758692,0.005160966155338672,0.1449742813990188,False,True,COM-01434,直连,,,67.82295300936126,67.82295300936126,
PH-0151,Q3-T-019,爬升,1,3792.5723551758692,3792.5723551758692,0.1449742813990188,0.1449742813990188,True,True,COM-01435,直连,,,63.04826031558985,63.04826031558985,
PH-0151,Q3-T-019,爬升,1,3792.5723551758692,3793.544090823653,0.1449742813990188,0.1596448762659389,False,True,COM-01436,直连,,,61.718112298907045,61.718112298907045,
PH-0151,Q3-T-019,爬升,1,3793.544090823653,3793.544090823653,0.1596448762659389,0.1596448762659389,True,True,COM-01437,直连,,,60.56487003084818,60.56487003084818,
PH-0151,Q3-T-019,爬升,1,3793.544090823653,3801.6557492723277,0.1596448762659389,0.282109103106614,False,True,COM-01438,直连,,,54.38121115513704,54.38121115513704,
PH-0151,Q3-T-019,爬升,1,3801.6557492723277,3801.6557492723277,0.282109103106614,0.282109103106614,True,True,COM-01439,直连,,,50.80570620510423,50.80570620510423,
PH-0151,Q3-T-019,爬升,1,3801.6557492723277,3810.9679014002054,0.282109103106614,0.42269755586001867,False,True,COM-01440,直连,,,47.96179382527548,47.96179382527548,
PH-0151,Q3-T-019,爬升,1,3810.9679014002054,3810.9679014002054,0.42269755586001867,0.42269755586001867,True,True,COM-01441,直连,,,45.8229076436843,45.8229076436843,
PH-0151,Q3-T-019,爬升,1,3810.9679014002054,3849.2066619693724,0.42269755586001867,1.0,False,True,COM-01442,直连,,,40.26478287358927,40.26478287358927,
PH-0151,Q3-T-019,爬升,1,3849.2066619693724,3849.2066619693724,1.0,1.0,True,True,COM-01443,直连,,,36.90275487714975,36.90275487714975,
PH-0152,Q3-T-019,巡航,1,3849.2066619693724,4088.936814291953,0.0,0.6809732911058279,False,True,COM-01444,直连,,,16.807423283516925,16.807423283516925,
PH-0152,Q3-T-019,巡航,1,4088.936814291953,4088.936814291953,0.6809732911058279,0.6809732911058279,True,True,COM-01445,直连,,,10.818805733526602,10.818805733526602,
PH-0152,Q3-T-019,巡航,1,4088.936814291953,4100.324120854927,0.6809732911058279,0.7133198755963149,False,True,COM-01446,直连,,,10.615415977752363,10.615415977752363,
PH-0152,Q3-T-019,巡航,1,4100.324120854927,4100.324120854927,0.7133198755963149,0.7133198755963149,True,True,COM-01447,直连,,,10.416669329587734,10.416669329587734,
PH-0152,Q3-T-019,巡航,1,4100.324120854927,4112.69117031888,0.7133198755963149,0.7484495006899659,False,True,COM-01448,直连,,,0.20584176564561574,0.20584176564561574,
PH-0152,Q3-T-019,巡航,1,4112.69117031888,4112.69117031888,0.7484495006899659,0.7484495006899659,True,True,COM-01449,直连,,,4.121147867408581e-13,4.121147867408581e-13,
PH-0152,Q3-T-019,巡航,1,4112.69117031888,4114.900172870868,0.7484495006899659,0.7547243548262323,False,False,COM-01450,中继,Q3-R-003,0;2;3,10.132066649173566,-0.036260468166730675,0.6489723131086578
PH-0152,Q3-T-019,巡航,1,4114.900172870868,4114.900172870868,0.7547243548262323,0.7547243548262323,True,False,COM-01451,中继,Q3-R-003,0;2;3,10.20000000000067,-0.07237049538358065,0.6489723131086578
PH-0152,Q3-T-019,巡航,1,4114.900172870868,4181.24089742134,0.7547243548262323,0.943170660365182,False,False,COM-01452,中继,Q3-R-003,0;2;3,12.457254919049333,-1.0923923790210068,0.6489723131086578
PH-0152,Q3-T-019,巡航,1,4181.24089742134,4181.24089742134,0.943170660365182,0.943170660365182,True,False,COM-01453,中继,Q3-R-003,2;3,15.13221836201609,-2.0052730626765083,0.6489723131086578
PH-0152,Q3-T-019,巡航,1,4181.24089742134,4201.247124427576,0.943170660365182,1.0,False,False,COM-01454,中继,Q3-R-003,2;3,15.973890619548072,-2.26276451100955,0.6489723131086578
PH-0152,Q3-T-019,巡航,1,4201.247124427576,4201.247124427576,1.0,1.0,True,False,COM-01455,中继,Q3-R-003,2;3,16.775455676094523,-2.5128506814345712,0.6489723131086578
PH-0153,Q3-T-019,下降,1,4201.247124427576,4233.357177404958,0.0,0.6108712394746583,False,False,COM-01456,中继,Q3-R-003,2;3,16.748079703578767,-2.510869061785442,0.6489723131086578
PH-0153,Q3-T-019,下降,1,4233.357177404958,4233.357177404958,0.6108712394746583,0.6108712394746583,True,False,COM-01457,中继,Q3-R-003,2;3,16.704180026895045,-2.5093882156172356,0.6489723131086578
PH-0153,Q3-T-019,下降,1,4233.357177404958,4248.553883782804,0.6108712394746583,0.8999779210334373,False,False,COM-01458,中继,Q3-R-003,2;3,16.67777949674658,-2.5088621133015323,0.6489723131086578
PH-0153,Q3-T-019,下降,1,4248.553883782804,4248.553883782804,0.8999779210334373,0.8999779210334373,True,False,COM-01459,中继,Q3-R-003,2;3,6.647852739593986,-2.508448334367557,0.6489723131086578
PH-0153,Q3-T-019,下降,1,4248.553883782804,4253.811479896326,0.8999779210334373,1.0,False,False,COM-01460,中继,Q3-R-003,2;3,6.636691146690168,-2.5083313380993957,0.6489723131086578
PH-0153,Q3-T-019,下降,1,4253.811479896326,4253.811479896326,1.0,1.0,True,False,COM-01461,中继,Q3-R-003,2;3,6.625119468658468,-2.508227791369876,0.6489723131086578
PH-0154,Q3-T-019,投送交接,1,4253.811479896326,4463.811479896326,0.0,1.0,False,False,COM-01462,中继,Q3-R-003,2;3,6.625119468658468,-2.508227791369876,0.6489723131086578
PH-0154,Q3-T-019,投送交接,1,4463.811479896326,4463.811479896326,1.0,1.0,True,False,COM-01463,中继,Q3-R-003,2;3,6.625119468658468,-2.508227791369876,0.6489723131086578
PH-0155,Q3-T-019,爬升,2,4463.811479896326,4468.192809990927,0.0,0.07651322419725579,False,False,COM-01464,中继,Q3-R-003,2;3,6.636691146690168,-2.5083313380993957,0.6489723131086578
PH-0155,Q3-T-019,爬升,2,4468.192809990927,4468.192809990927,0.07651322419725579,0.07651322419725579,True,False,COM-01465,中继,Q3-R-003,2;3,6.647852739593986,-2.508448334367557,0.6489723131086578
PH-0155,Q3-T-019,爬升,2,4468.192809990927,4480.856731972466,0.07651322419725579,0.29766923866508477,False,False,COM-01466,中继,Q3-R-003,2;3,16.67777949674658,-2.5088621133015323,0.6489723131086578
PH-0155,Q3-T-019,爬升,2,4480.856731972466,4480.856731972466,0.29766923866508477,0.29766923866508477,True,False,COM-01467,中继,Q3-R-003,2;3,16.704180026895045,-2.5093882156172356,0.6489723131086578
PH-0155,Q3-T-019,爬升,2,4480.856731972466,4517.785690336052,0.29766923866508477,0.9425769743606168,False,False,COM-01468,中继,Q3-R-003,2;3,16.760452949936692,-2.511563291660849,0.6489723131086578
PH-0155,Q3-T-019,爬升,2,4517.785690336052,4517.785690336052,0.9425769743606168,0.9425769743606168,True,False,COM-01469,中继,Q3-R-003,2;3,16.785010010335284,-2.51469168230156,0.6489723131086578
PH-0155,Q3-T-019,爬升,2,4517.785690336052,4521.073870033045,0.9425769743606168,1.0,False,False,COM-01470,中继,Q3-R-003,0;2;3,16.785635147847472,-2.515016392553406,0.6489723131086578
PH-0155,Q3-T-019,爬升,2,4521.073870033045,4521.073870033045,1.0,1.0,True,False,COM-01471,中继,Q3-R-003,0;2;3,16.786003960247825,-2.5153486433025165,0.6489723131086578
PH-0156,Q3-T-019,巡航,2,4521.073870033045,4522.855820364208,0.0,0.008792025161001443,False,False,COM-01472,中继,Q3-R-003,0;2;3,16.792549194393175,-2.5345689533098295,0.6489723131086578
PH-0156,Q3-T-019,巡航,2,4522.855820364208,4522.855820364208,0.008792025161001443,0.008792025161001443,True,False,COM-01473,中继,Q3-R-003,0;2;3,16.797216028038363,-2.5537596409897105,0.6489723131086578
PH-0156,Q3-T-019,巡航,2,4522.855820364208,4554.359147781317,0.008792025161001443,0.16422736051390868,False,True,COM-01474,直连,,,7.111833744844475,7.111833744844475,
PH-0156,Q3-T-019,巡航,2,4554.359147781317,4554.359147781317,0.16422736051390868,0.16422736051390868,True,False,COM-01475,中继,Q3-R-003,0;2;3,15.858096877472619,-3.213464694817887,0.6489723131086578
PH-0156,Q3-T-019,巡航,2,4554.359147781317,4592.8073367585675,0.16422736051390868,0.35392818380361557,False,False,COM-01476,中继,Q3-R-003,0;2;3,14.607369923557087,-3.598426787705719,0.6489723131086578
PH-0156,Q3-T-019,巡航,2,4592.8073367585675,4592.8073367585675,0.35392818380361557,0.35392818380361557,True,False,COM-01477,中继,Q3-R-003,2;3,13.23238151710656,-3.9705654235105357,0.6489723131086578
PH-0156,Q3-T-019,巡航,2,4592.8073367585675,4638.782925044121,0.35392818380361557,0.5807686977783723,False,False,COM-01478,中继,Q3-R-003,2;3,11.644454934526053,-4.399426319867359,0.6489723131086578
PH-0156,Q3-T-019,巡航,2,4638.782925044121,4638.782925044121,0.5807686977783723,0.5807686977783723,True,False,COM-01479,中继,Q3-R-003,2;3,10.199999999999747,-4.811567733039709,0.6489723131086578
PH-0156,Q3-T-019,巡航,2,4638.782925044121,4639.085039952027,0.5807686977783723,0.5822593127665521,False,False,COM-01480,中继,Q3-R-003,2;3,10.191024730596311,-4.814222730819608,0.6489723131086578
PH-0156,Q3-T-019,巡航,2,4639.085039952027,4639.085039952027,0.5822593127665521,0.5822593127665521,True,False,COM-01481,中继,Q3-R-003,2;3,10.182056140841098,-4.816877046470509,0.6489723131086578
PH-0156,Q3-T-019,巡航,2,4639.085039952027,4692.069306024283,0.5822593127665521,0.8436801797222144,False,False,COM-01482,中继,Q3-R-003,2;3,8.708600888503895,-5.272070390673818,0.6489723131086578
PH-0156,Q3-T-019,巡航,2,4692.069306024283,4692.069306024283,0.8436801797222144,0.8436801797222144,True,False,COM-01483,中继,Q3-R-003,2;3,7.413655179414718,-5.7076615792509955,0.6489723131086578
PH-0156,Q3-T-019,巡航,2,4692.069306024283,4723.751899102709,0.8436801797222144,1.0,False,False,COM-01484,中继,Q3-R-003,2;3,6.712049780281035,-5.959309913276883,0.6489723131086578
PH-0156,Q3-T-019,巡航,2,4723.751899102709,4723.751899102709,1.0,1.0,True,False,COM-01485,中继,Q3-R-003,2;3,6.057554970538547,-6.204688245886047,0.6489723131086578
PH-0157,Q3-T-019,下降,2,4723.751899102709,4744.837398654228,0.0,0.5497476737848825,False,False,COM-01486,中继,Q3-R-003,2;3,6.057136698856766,-6.203966519262735,0.6489723131086578
PH-0157,Q3-T-019,下降,2,4744.837398654228,4744.837398654228,0.5497476737848825,0.5497476737848825,True,False,COM-01487,中继,Q3-R-003,2;3,6.056099503293439,-6.203337077690264,0.6489723131086578
PH-0157,Q3-T-019,下降,2,4744.837398654228,4745.04859350993,0.5497476737848825,0.5552540114627522,False,False,COM-01488,中继,Q3-R-003,2;3,6.056085985247492,-6.2033312400682235,0.6489723131086578
PH-0157,Q3-T-019,下降,2,4745.04859350993,4745.04859350993,0.5552540114627522,0.5552540114627522,True,False,COM-01489,中继,Q3-R-003,2;3,6.056072405152321,-6.2033254117085335,0.6489723131086578
PH-0157,Q3-T-019,下降,2,4745.04859350993,4762.106767266771,0.5552540114627522,1.0,False,False,COM-01490,中继,Q3-R-004,3,4.188054628054871,-6.202885246250503,1.6126866692443826
PH-0157,Q3-T-019,下降,2,4762.106767266771,4762.106767266771,1.0,1.0,True,False,COM-01491,中继,Q3-R-004,3,4.18380920269351,-6.202505524891052,1.6126866692443826
PH-0158,Q3-T-019,投送交接,2,4762.106767266771,4942.106767266771,0.0,1.0,False,False,COM-01492,中继,Q3-R-004,3,4.18380920269351,-6.202505524891052,1.6126866692443826
PH-0158,Q3-T-019,投送交接,2,4942.106767266771,4942.106767266771,1.0,1.0,True,False,COM-01493,中继,Q3-R-004,3,4.18380920269351,-6.202505524891052,1.6126866692443826
PH-0159,Q3-T-019,爬升,3,4942.106767266771,4956.32191206414,0.0,0.41805424504668126,False,False,COM-01494,中继,Q3-R-004,3,4.188054628054871,-6.202885246250503,1.6126866692443826
PH-0159,Q3-T-019,爬升,3,4956.32191206414,4956.32191206414,0.41805424504668126,0.41805424504668126,True,False,COM-01495,中继,Q3-R-003,2;3,6.056072405152321,-6.2033254117085335,0.6489723131086578
PH-0159,Q3-T-019,爬升,3,4956.32191206414,4956.497907777224,0.41805424504668126,0.4232301159937467,False,False,COM-01496,中继,Q3-R-003,2;3,6.056085985247492,-6.2033312400682235,0.6489723131086578
PH-0159,Q3-T-019,爬升,3,4956.497907777224,4956.497907777224,0.4232301159937467,0.4232301159937467,True,False,COM-01497,中继,Q3-R-003,2;3,6.056099503293439,-6.203337077690264,0.6489723131086578
PH-0159,Q3-T-019,爬升,3,4956.497907777224,4976.109878025235,0.4232301159937467,1.0,False,False,COM-01498,中继,Q3-R-003,2;3,6.057217049296753,-6.204045604650929,0.6489723131086578
PH-0159,Q3-T-019,爬升,3,4976.109878025235,4976.109878025235,1.0,1.0,True,False,COM-01499,中继,Q3-R-003,2;3,6.05756352371759,-6.204869090937848,0.6489723131086578
PH-0160,Q3-T-019,巡航,3,4976.109878025235,5002.833161744944,0.0,0.049615993673703444,False,False,COM-01500,中继,Q3-R-003,2;3,6.518873658333959,-5.98684545876462,0.6489723131086578
PH-0160,Q3-T-019,巡航,3,5002.833161744944,5002.833161744944,0.049615993673703444,0.049615993673703444,True,False,COM-01501,中继,Q3-R-003,2;3,6.9904634745722944,-5.763212731749292,0.6489723131086578
PH-0160,Q3-T-019,巡航,3,5002.833161744944,5026.146787657575,0.049615993673703444,0.09290141951899818,False,False,COM-01502,中继,Q3-R-003,2;3,7.408271037012952,-5.563301464337314,0.6489723131086578
PH-0160,Q3-T-019,巡航,3,5026.146787657575,5026.146787657575,0.09290141951899818,0.09290141951899818,True,False,COM-01503,中继,Q3-R-003,2,7.829423213629752,-5.358684847710435,0.6489723131086578
PH-0160,Q3-T-019,巡航,3,5026.146787657575,5034.137231791059,0.09290141951899818,0.10773694009855261,False,False,COM-01504,中继,Q3-R-003,2,7.973947928397877,-5.287432186725525,0.6489723131086578
PH-0160,Q3-T-019,巡航,3,5034.137231791059,5034.137231791059,0.10773694009855261,0.10773694009855261,True,False,COM-01505,中继,Q3-R-003,2,8.11830068843355,-5.21559075384279,0.6489723131086578
PH-0160,Q3-T-019,巡航,3,5034.137231791059,5044.462460490391,0.10773694009855261,0.126907356698507,False,False,COM-01506,中继,Q3-R-003,2;3,8.304274345315179,-5.121869541347962,0.6489723131086578
PH-0160,Q3-T-019,巡航,3,5044.462460490391,5044.462460490391,0.126907356698507,0.126907356698507,True,False,COM-01507,中继,Q3-R-003,2;3,8.489203408242076,-5.0271270621048245,0.6489723131086578
PH-0160,Q3-T-019,巡航,3,5044.462460490391,5063.6827151402085,0.126907356698507,0.1625927927816859,False,False,COM-01508,中继,Q3-R-003,2,8.82890877937615,-4.847967832940725,0.6489723131086578
PH-0160,Q3-T-019,巡航,3,5063.6827151402085,5063.6827151402085,0.1625927927816859,0.1625927927816859,True,False,COM-01509,中继,Q3-R-003,2,9.15946268362869,-4.665039307965003,0.6489723131086578
PH-0160,Q3-T-019,巡航,3,5063.6827151402085,5098.3838037676305,0.1625927927816859,0.22702084031758815,False,False,COM-01510,中继,Q3-R-003,2;3,9.7182027705299,-4.324699525929674,0.6489723131086578
PH-0160,Q3-T-019,巡航,3,5098.3838037676305,5098.3838037676305,0.22702084031758815,0.22702084031758815,True,False,COM-01511,中继,Q3-R-003,2;3,10.20000000000259,-3.970495769674244,0.6489723131086578
PH-0160,Q3-T-019,巡航,3,5098.3838037676305,5152.65672395315,0.22702084031758815,0.32778708195248735,False,False,COM-01512,中继,Q3-R-003,2;3,10.711739749599872,-3.3858655373228146,0.6489723131086578
PH-0160,Q3-T-019,巡航,3,5152.65672395315,5152.65672395315,0.32778708195248735,0.32778708195248735,True,False,COM-01513,中继,Q3-R-003,2;3,10.825086509570482,-2.759094616335574,0.6489723131086578
PH-0160,Q3-T-019,巡航,3,5152.65672395315,5193.874047982762,0.32778708195248735,0.4043135488998117,False,False,COM-01514,中继,Q3-R-003,0;2;3,10.621428071157226,-2.2509803639308217,0.6489723131086578
PH-0160,Q3-T-019,巡航,3,5193.874047982762,5193.874047982762,0.4043135488998117,0.4043135488998117,True,False,COM-01515,中继,Q3-R-003,0;2;3,10.20000000000006,-1.7113500945006876,0.6489723131086578
PH-0160,Q3-T-019,巡航,3,5193.874047982762,5224.33967805817,0.4043135488998117,0.4608777991970914,False,False,COM-01516,中继,Q3-R-003,0;2;3,9.781842167894098,-1.2898179772272016,0.6489723131086578
PH-0160,Q3-T-019,巡航,3,5224.33967805817,5224.33967805817,0.4608777991970914,0.4608777991970914,True,False,COM-01517,中继,Q3-R-003,0;2;3,9.301109552469555,-0.8468351977706448,0.6489723131086578
PH-0160,Q3-T-019,巡航,3,5224.33967805817,5251.389226957412,0.4608777991970914,0.5110995556675183,False,True,COM-01518,直连,,,9.566296534619099,9.566296534619099,
PH-0160,Q3-T-019,巡航,3,5251.389226957412,5251.389226957412,0.5110995556675183,0.5110995556675183,True,True,COM-01519,直连,,,9.99999999999936,9.99999999999936,
PH-0160,Q3-T-019,巡航,3,5251.389226957412,5320.323427119212,0.5110995556675183,0.639086777410303,False,True,COM-01520,直连,,,11.213978623170576,11.213978623170576,
PH-0160,Q3-T-019,巡航,3,5320.323427119212,5320.323427119212,0.639086777410303,0.639086777410303,True,True,COM-01521,直连,,,12.624617925181582,12.624617925181582,
PH-0160,Q3-T-019,巡航,3,5320.323427119212,5359.832209031154,0.639086777410303,0.7124410662753698,False,True,COM-01522,直连,,,13.549295386221218,13.549295386221218,
PH-0160,Q3-T-019,巡航,3,5359.832209031154,5359.832209031154,0.7124410662753698,0.7124410662753698,True,True,COM-01523,直连,,,14.583346617362722,14.583346617362722,
PH-0160,Q3-T-019,巡航,3,5359.832209031154,5423.5231109065135,0.7124410662753698,0.8306932772560768,False,True,COM-01524,直连,,,16.559139208859847,16.559139208859847,
PH-0160,Q3-T-019,巡航,3,5423.5231109065135,5423.5231109065135,0.8306932772560768,0.8306932772560768,True,True,COM-01525,直连,,,19.108859130510737,19.108859130510737,
PH-0160,Q3-T-019,巡航,3,5423.5231109065135,5514.712085520114,0.8306932772560768,1.0,False,True,COM-01526,直连,,,24.79852975939312,24.79852975939312,
PH-0160,Q3-T-019,巡航,3,5514.712085520114,5514.712085520114,1.0,1.0,True,True,COM-01527,直连,,,34.89404750685925,34.89404750685925,
PH-0161,Q3-T-019,下降,3,5514.712085520114,5579.197975644521,0.0,0.6574575437853204,False,True,COM-01528,直连,,,38.74229099550223,38.74229099550223,
PH-0161,Q3-T-019,下降,3,5579.197975644521,5579.197975644521,0.6574575437853204,0.6574575437853204,True,True,COM-01529,直连,,,45.822907643684474,45.822907643684474,
PH-0161,Q3-T-019,下降,3,5579.197975644521,5590.372558197973,0.6574575437853204,0.7713865534376038,False,True,COM-01530,直连,,,47.961793825275464,47.961793825275464,
PH-0161,Q3-T-019,下降,3,5590.372558197973,5590.372558197973,0.7713865534376038,0.7713865534376038,True,True,COM-01531,直连,,,50.805706205104215,50.805706205104215,
PH-0161,Q3-T-019,下降,3,5590.372558197973,5600.106548336384,0.7713865534376038,0.8706281896355867,False,True,COM-01532,直连,,,54.38121115513651,54.38121115513651,
PH-0161,Q3-T-019,下降,3,5600.106548336384,5600.106548336384,0.8706281896355867,0.8706281896355867,True,True,COM-01533,直连,,,60.56487003084884,60.56487003084884,
PH-0161,Q3-T-019,下降,3,5600.106548336384,5601.272631113724,0.8706281896355867,0.8825168356194056,False,True,COM-01534,直连,,,61.718112298908174,61.718112298908174,
PH-0161,Q3-T-019,下降,3,5601.272631113724,5601.272631113724,0.8825168356194056,0.8825168356194056,True,True,COM-01535,直连,,,63.048260315590724,63.048260315590724,
PH-0161,Q3-T-019,下降,3,5601.272631113724,5612.385602361816,0.8825168356194056,0.9958176951846961,False,True,COM-01536,直连,,,67.82295300936053,67.82295300936053,
PH-0161,Q3-T-019,下降,3,5612.385602361816,5612.385602361816,0.9958176951846961,0.9958176951846961,True,True,COM-01537,直连,,,56.38238674364726,56.38238674364726,
PH-0161,Q3-T-019,下降,3,5612.385602361816,5612.79581843027,0.9958176951846961,1.0,False,True,COM-01538,直连,,,46.15077298410942,46.15077298410942,
PH-0161,Q3-T-019,下降,3,5612.79581843027,5612.79581843027,1.0,1.0,True,True,COM-01539,直连,,,45.92517525248826,45.92517525248826,
PH-0162,Q3-T-020,爬升,1,4088.7626161436283,4088.7626161436283,0.0,0.0,True,True,COM-01540,直连,,,45.92517525248826,45.92517525248826,
PH-0162,Q3-T-020,爬升,1,4088.7626161436283,4089.1044628673394,0.0,0.002362428921834167,False,True,COM-01541,直连,,,46.15077298411023,46.15077298411023,
PH-0162,Q3-T-020,爬升,1,4089.1044628673394,4089.1044628673394,0.002362428921834167,0.002362428921834167,True,True,COM-01542,直连,,,56.38238674364726,56.38238674364726,
PH-0162,Q3-T-020,爬升,1,4089.1044628673394,4098.3652722407505,0.002362428921834167,0.06636188360678993,False,True,COM-01543,直连,,,67.82295300936349,67.82295300936349,
PH-0162,Q3-T-020,爬升,1,4098.3652722407505,4098.3652722407505,0.06636188360678993,0.06636188360678993,True,True,COM-01544,直连,,,63.04826031558862,63.04826031558862,
PH-0162,Q3-T-020,爬升,1,4098.3652722407505,4099.337007888534,0.06636188360678993,0.07307733892483581,False,True,COM-01545,直连,,,61.71811229890599,61.71811229890599,
PH-0162,Q3-T-020,爬升,1,4099.337007888534,4099.337007888534,0.07307733892483581,0.07307733892483581,True,True,COM-01546,直连,,,60.56487003084826,60.56487003084826,
PH-0162,Q3-T-020,爬升,1,4099.337007888534,4107.448666337209,0.07307733892483581,0.12913525960683758,False,True,COM-01547,直连,,,54.3812111551366,54.3812111551366,
PH-0162,Q3-T-020,爬升,1,4107.448666337209,4107.448666337209,0.12913525960683758,0.12913525960683758,True,True,COM-01548,直连,,,50.80570620510396,50.80570620510396,
PH-0162,Q3-T-020,爬升,1,4107.448666337209,4116.760818465086,0.12913525960683758,0.19348953298586244,False,True,COM-01549,直连,,,47.961793825275294,47.961793825275294,
PH-0162,Q3-T-020,爬升,1,4116.760818465086,4116.760818465086,0.19348953298586244,0.19348953298586244,True,True,COM-01550,直连,,,45.822907643684346,45.822907643684346,
PH-0162,Q3-T-020,爬升,1,4116.760818465086,4233.46399553816,0.19348953298586244,1.0,False,True,COM-01551,直连,,,34.376023002706646,34.376023002706646,
PH-0162,Q3-T-020,爬升,1,4233.46399553816,4233.46399553816,1.0,1.0,True,True,COM-01552,直连,,,29.603583756332725,29.603583756332725,
PH-0163,Q3-T-020,巡航,1,4233.46399553816,4292.401219811492,0.0,0.09737425806221428,False,True,COM-01553,直连,,,27.22473712710756,27.22473712710756,
PH-0163,Q3-T-020,巡航,1,4292.401219811492,4292.401219811492,0.09737425806221428,0.09737425806221428,True,True,COM-01554,直连,,,23.673573405482713,23.673573405482713,
PH-0163,Q3-T-020,巡航,1,4292.401219811492,4363.820933347366,0.09737425806221428,0.21537169859859143,False,True,COM-01555,直连,,,20.29726878491934,20.29726878491934,
PH-0163,Q3-T-020,巡航,1,4363.820933347366,4363.820933347366,0.21537169859859143,0.21537169859859143,True,True,COM-01556,直连,,,17.76458470677896,17.76458470677896,
PH-0163,Q3-T-020,巡航,1,4363.820933347366,4542.091118377183,0.21537169859859143,0.5099041815229131,False,True,COM-01557,直连,,,13.426974209513673,13.426974209513673,
PH-0163,Q3-T-020,巡航,1,4542.091118377183,4542.091118377183,0.5099041815229131,0.5099041815229131,True,True,COM-01558,直连,,,10.518743448774913,10.518743448774913,
PH-0163,Q3-T-020,巡航,1,4542.091118377183,4549.824267259982,0.5099041815229131,0.5226806507956239,False,True,COM-01559,直连,,,10.411918825406246,10.411918825406246,
PH-0163,Q3-T-020,巡航,1,4549.824267259982,4549.824267259982,0.5226806507956239,0.5226806507956239,True,True,COM-01560,直连,,,0.30637641727128084,0.30637641727128084,
PH-0163,Q3-T-020,巡航,1,4549.824267259982,4561.315098191329,0.5226806507956239,0.5416654460630281,False,True,COM-01561,直连,,,0.15185293473422234,0.15185293473422234,
PH-0163,Q3-T-020,巡航,1,4561.315098191329,4561.315098191329,0.5416654460630281,0.5416654460630281,True,True,COM-01562,直连,,,1.1795009413617663e-12,1.1795009413617663e-12,
PH-0163,Q3-T-020,巡航,1,4561.315098191329,4612.961073205634,0.5416654460630281,0.6269933277358196,False,False,COM-01563,中继,Q3-R-003,0;2;3,0.9457270215620923,-0.651832420205082,0.6489723131086578
PH-0163,Q3-T-020,巡航,1,4612.961073205634,4612.961073205634,0.6269933277358196,0.6269933277358196,True,False,COM-01564,中继,Q3-R-003,0;2;3,0.7774787009921056,-1.2585497358181215,0.6489723131086578
PH-0163,Q3-T-020,巡航,1,4612.961073205634,4639.085039952027,0.6269933277358196,0.6701545371571281,False,False,COM-01565,中继,Q3-R-003,2;3,0.6853215558229238,-1.5501501770927604,0.6489723131086578
PH-0163,Q3-T-020,巡航,1,4639.085039952027,4639.085039952027,0.6701545371571281,0.6701545371571281,True,False,COM-01566,中继,Q3-R-004,3,9.092209043914579,-1.8323491317579794,1.6126866692443826
PH-0163,Q3-T-020,巡航,1,4639.085039952027,4687.3886512902045,0.6701545371571287,0.7499602689976229,False,False,COM-01567,中继,Q3-R-004,3,8.932120527200468,-2.331309316822953,1.6126866692443826
PH-0163,Q3-T-020,巡航,1,4687.3886512902045,4687.3886512902045,0.7499602689976229,0.7499602689976229,True,False,COM-01568,中继,Q3-R-004,3,8.639864322207046,-2.80332304080693,1.6126866692443826
PH-0163,Q3-T-020,巡航,1,4687.3886512902045,4838.728933584476,0.7499602689976229,1.0,False,False,COM-01569,中继,Q3-R-004,3,7.15937916572048,-4.13589587470284,1.6126866692443826
PH-0163,Q3-T-020,巡航,1,4838.728933584476,4838.728933584476,1.0,1.0,True,False,COM-01570,中继,Q3-R-004,3,5.378310424991369,-5.291626479183876,1.6126866692443826
PH-0164,Q3-T-020,下降,1,4838.728933584476,4900.218655075633,0.0,0.6884077696827319,False,False,COM-01571,中继,Q3-R-004,3,5.372342278072566,-5.286885874458363,1.6126866692443826
PH-0164,Q3-T-020,下降,1,4900.218655075633,4900.218655075633,0.6884077696827319,0.6884077696827319,True,False,COM-01572,中继,Q3-R-004,3,5.361894085586698,-5.283111492061494,1.6126866692443826
PH-0164,Q3-T-020,下降,1,4900.218655075633,4928.050588857914,0.6884077696827319,1.0,False,False,COM-01573,中继,Q3-R-004,3,5.3557003069872735,-5.281721450519768,1.6126866692443826
PH-0164,Q3-T-020,下降,1,4928.050588857914,4928.050588857914,1.0,1.0,True,False,COM-01574,中继,Q3-R-004,3,5.348599024690614,-5.280530077345318,1.6126866692443826
PH-0165,Q3-T-020,投送交接,1,4928.050588857914,5138.050588857914,0.0,1.0,False,False,COM-01575,中继,Q3-R-004,3,5.348599024690614,-5.280530077345318,1.6126866692443826
PH-0165,Q3-T-020,投送交接,1,5138.050588857914,5138.050588857914,1.0,1.0,True,False,COM-01576,中继,Q3-R-004,3,5.348599024690614,-5.280530077345318,1.6126866692443826
PH-0166,Q3-T-020,爬升,2,5138.050588857914,5161.2438670098145,0.0,0.4657320159289943,False,False,COM-01577,中继,Q3-R-004,3,5.3557003069872735,-5.281721450519768,1.6126866692443826
PH-0166,Q3-T-020,爬升,2,5161.2438670098145,5161.2438670098145,0.4657320159289943,0.4657320159289943,True,False,COM-01578,中继,Q3-R-004,3,5.361894085586698,-5.283111492061494,1.6126866692443826
PH-0166,Q3-T-020,爬升,2,5161.2438670098145,5187.850210439945,0.4657320159289943,1.0,False,False,COM-01579,中继,Q3-R-004,3,5.367876660234515,-5.284950513658629,1.6126866692443826
PH-0166,Q3-T-020,爬升,2,5187.850210439945,5187.850210439945,1.0,1.0,True,False,COM-01580,中继,Q3-R-004,3,5.37265489237376,-5.2870503929927395,1.6126866692443826
PH-0167,Q3-T-020,巡航,2,5187.850210439945,5241.2173795466615,0.0,0.24476919848758788,False,False,COM-01581,中继,Q3-R-004,3,6.217672106038108,-5.053134508213219,1.6126866692443826
PH-0167,Q3-T-020,巡航,2,5241.2173795466615,5241.2173795466615,0.24476919848758788,0.24476919848758788,True,False,COM-01582,中继,Q3-R-004,3,7.148671349546262,-4.824681415600807,1.6126866692443826
PH-0167,Q3-T-020,巡航,2,5241.2173795466615,5246.306659330733,0.24476919848758788,0.26811124481452164,False,False,COM-01583,中继,Q3-R-004,3,7.242558079109486,-4.80323816320481,1.6126866692443826
PH-0167,Q3-T-020,巡航,2,5246.306659330733,5246.306659330733,0.26811124481452164,0.26811124481452164,True,False,COM-01584,中继,Q3-R-004,3,7.337402938957467,-4.781860645322823,1.6126866692443826
PH-0167,Q3-T-020,巡航,2,5246.306659330733,5247.468467075485,0.26811124481452164,0.2734398907824365,False,False,COM-01585,中继,Q3-R-004,3,7.359190834239868,-4.77698984416115,1.6126866692443826
PH-0167,Q3-T-020,巡航,2,5247.468467075485,5247.468467075485,0.2734398907824365,0.2734398907824365,True,False,COM-01586,中继,Q3-R-004,3,7.381029823524585,-4.772122564742432,1.6126866692443826
PH-0167,Q3-T-020,巡航,2,5247.468467075485,5278.1775304334715,0.2734398907824365,0.4142873996583205,False,False,COM-01587,中继,Q3-R-004,3,7.977589683956268,-4.644809381042279,1.6126866692443826
PH-0167,Q3-T-020,巡航,2,5278.1775304334715,5278.1775304334715,0.4142873996583205,0.4142873996583205,True,False,COM-01588,中继,Q3-R-004,3,8.614459015324513,-4.52031250280659,1.6126866692443826
PH-0167,Q3-T-020,巡航,2,5278.1775304334715,5312.278954032808,0.4142873996583205,0.570694011839755,False,False,COM-01589,中继,Q3-R-004,3,9.375152260708106,-4.385800317704039,1.6126866692443826
PH-0167,Q3-T-020,巡航,2,5312.278954032808,5312.278954032808,0.570694011839755,0.570694011839755,True,False,COM-01590,中继,Q3-R-004,3,10.200000000001324,-4.255721062439662,1.6126866692443826
PH-0167,Q3-T-020,巡航,2,5312.278954032808,5320.10034860352,0.570694011839755,0.6065669373138439,False,False,COM-01591,中继,Q3-R-004,3,10.399182595567865,-4.226567465659855,1.6126866692443826
PH-0167,Q3-T-020,巡航,2,5320.10034860352,5320.10034860352,0.6065669373138439,0.6065669373138439,True,False,COM-01592,中继,Q3-R-004,3,10.602346109481516,-4.197681955877229,1.6126866692443826
PH-0167,Q3-T-020,巡航,2,5320.10034860352,5325.593580612454,0.6065669373138439,0.6317617156474031,False,False,COM-01593,中继,Q3-R-004,3,10.747480512267728,-4.177558543599929,1.6126866692443826
PH-0167,Q3-T-020,巡航,2,5325.593580612454,5325.593580612454,0.6317617156474031,0.6317617156474031,True,False,COM-01594,中继,Q3-R-004,3,10.894682003796177,-4.15757300446424,1.6126866692443826
PH-0167,Q3-T-020,巡航,2,5325.593580612454,5405.880785514213,0.6317617156474031,1.0,False,False,COM-01595,中继,Q3-R-004,3,13.308273021595653,-3.8827033916887075,1.6126866692443826
PH-0167,Q3-T-020,巡航,2,5405.880785514213,5405.880785514213,1.0,1.0,True,False,COM-01596,中继,Q3-R-004,3,16.23492151852544,-3.6452688922100265,1.6126866692443826
PH-0168,Q3-T-020,下降,2,5405.880785514213,5411.24033141265,0.0,1.0,False,False,COM-01597,中继,Q3-R-004,3,16.22617509981717,-3.6447278758312507,1.6126866692443826
PH-0168,Q3-T-020,下降,2,5411.24033141265,5411.24033141265,1.0,1.0,True,False,COM-01598,中继,Q3-R-004,3,16.21703127135791,-3.6441975540626004,1.6126866692443826
PH-0169,Q3-T-020,投送交接,2,5411.24033141265,5591.24033141265,0.0,1.0,False,False,COM-01599,中继,Q3-R-004,3,16.21703127135791,-3.6441975540626004,1.6126866692443826
PH-0169,Q3-T-020,投送交接,2,5591.24033141265,5591.24033141265,1.0,1.0,True,False,COM-01600,中继,Q3-R-004,3,16.21703127135791,-3.6441975540626004,1.6126866692443826
PH-0170,Q3-T-020,爬升,3,5591.24033141265,5615.097889571132,0.0,0.7355932396653188,False,False,COM-01601,中继,Q3-R-004,3,16.261235663864255,-3.6471543347584543,1.6126866692443826
PH-0170,Q3-T-020,爬升,3,5615.097889571132,5615.097889571132,0.7355932396653188,0.7355932396653188,True,False,COM-01602,中继,Q3-R-004,3,16.293826010678117,-3.6504157552446372,1.6126866692443826
PH-0170,Q3-T-020,爬升,3,5615.097889571132,5623.673416536349,0.7355932396653188,1.0,False,False,COM-01603,中继,Q3-R-004,0;3,16.302648968376275,-3.651662363782904,1.6126866692443826
PH-0170,Q3-T-020,爬升,3,5623.673416536349,5623.673416536349,1.0,1.0,True,False,COM-01604,中继,Q3-R-004,0;3,16.309926696943194,-3.6529482103014885,1.6126866692443826
PH-0171,Q3-T-020,巡航,3,5623.673416536349,5631.703557723667,0.0,0.01603520606073603,False,False,COM-01605,中继,Q3-R-004,0;3,16.69995319763342,-3.5833767832380374,1.6126866692443826
PH-0171,Q3-T-020,巡航,3,5631.703557723667,5631.703557723667,0.01603520606073603,0.01603520606073603,True,False,COM-01606,中继,Q3-R-004,0;3,17.10209614388461,-3.5132464728640116,1.6126866692443826
PH-0171,Q3-T-020,巡航,3,5631.703557723667,5662.869507102931,0.01603520606073603,0.07826978061146296,False,False,COM-01607,中继,Q3-R-004,0;3,18.771541947539262,-3.2355982948460706,1.6126866692443826
PH-0171,Q3-T-020,巡航,3,5662.869507102931,5662.869507102931,0.07826978061146296,0.07826978061146296,True,False,COM-01608,中继,Q3-R-004,0;3,20.54117644902314,-2.948833073674436,1.6126866692443826
PH-0171,Q3-T-020,巡航,3,5662.869507102931,5673.277275999453,0.07826978061146296,0.09905281729727407,False,False,COM-01609,中继,Q3-R-003,0;2;3,3.06286459152048,-2.8509332178869897,0.6489723131086578
PH-0171,Q3-T-020,巡航,3,5673.277275999453,5673.277275999453,0.09905281729727407,0.09905281729727407,True,False,COM-01610,中继,Q3-R-004,0;3,21.641016497039516,-2.751924096868052,1.6126866692443826
PH-0171,Q3-T-020,巡航,3,5673.277275999453,5681.914765735993,0.09905281729727407,0.11630082384436308,False,False,COM-01611,中继,Q3-R-004,0;3,22.029639288639814,-2.6688952779382475,1.6126866692443826
PH-0171,Q3-T-020,巡航,3,5681.914765735993,5681.914765735993,0.11630082384436308,0.11630082384436308,True,False,COM-01612,中继,Q3-R-004,0;3,22.353246380370834,-2.5850701768120246,1.6126866692443826
PH-0171,Q3-T-020,巡航,3,5681.914765735993,5690.030708378779,0.11630082384436308,0.13250736487750805,False,False,COM-01613,中继,Q3-R-003,0;2;3,3.190958878814172,-2.505567299341692,0.6489723131086578
PH-0171,Q3-T-020,巡航,3,5690.030708378779,5690.030708378779,0.13250736487750805,0.13250736487750805,True,False,COM-01614,中继,Q3-R-004,0;3,22.723985620663342,-2.425334810722404,1.6126866692443826
PH-0171,Q3-T-020,巡航,3,5690.030708378779,5709.285391355707,0.13250736487750805,0.1709566028133009,False,False,COM-01615,中继,Q3-R-004,0;3,22.67454631294838,-2.231989281304351,1.6126866692443826
PH-0171,Q3-T-020,巡航,3,5709.285391355707,5709.285391355707,0.1709566028133009,0.1709566028133009,True,False,COM-01616,中继,Q3-R-004,0;3,22.116865539519765,-2.0342729299543407,1.6126866692443826
PH-0171,Q3-T-020,巡航,3,5709.285391355707,5769.719301945852,0.1709566028133009,0.29163570256556737,False,False,COM-01617,中继,Q3-R-003,0;2;3,3.4611549635388883,-1.3830026450561945,0.6489723131086578
PH-0171,Q3-T-020,巡航,3,5769.719301945852,5769.719301945852,0.29163570256556737,0.29163570256556737,True,False,COM-01618,中继,Q3-R-003,0;2;3,3.5297395006289776,-0.6793966530465525,0.6489723131086578
PH-0171,Q3-T-020,巡航,3,5769.719301945852,5796.684556067636,0.29163570256556737,0.3454820044221054,False,False,COM-01619,中继,Q3-R-003,0;2;3,3.5394677129759486,-0.34626802619781927,0.6489723131086578
PH-0171,Q3-T-020,巡航,3,5796.684556067636,5796.684556067636,0.3454820044221054,0.3454820044221054,True,True,COM-01620,直连,,,-3.268496584496461e-13,-3.268496584496461e-13,
PH-0171,Q3-T-020,巡航,3,5796.684556067636,5850.285553126361,0.3454820044221054,0.4525166147543678,False,True,COM-01621,直连,,,0.7316588765709042,0.7316588765709042,
PH-0171,Q3-T-020,巡航,3,5850.285553126361,5850.285553126361,0.4525166147543678,0.4525166147543678,True,True,COM-01622,直连,,,1.5296451312263173,1.5296451312263173,
PH-0171,Q3-T-020,巡航,3,5850.285553126361,5850.912755080464,0.4525166147543678,0.45376906005279044,False,True,COM-01623,直连,,,11.53942327345655,11.53942327345655,
PH-0171,Q3-T-020,巡航,3,5850.912755080464,5850.912755080464,0.45376906005279044,0.45376906005279044,True,True,COM-01624,直连,,,11.549212252129323,11.549212252129323,
PH-0171,Q3-T-020,巡航,3,5850.912755080464,5967.523448661444,0.45376906005279044,0.6866262984049112,False,True,COM-01625,直连,,,13.587724917176303,13.587724917176303,
PH-0171,Q3-T-020,巡航,3,5967.523448661444,5967.523448661444,0.6866262984049112,0.6866262984049112,True,True,COM-01626,直连,,,16.23254526082195,16.23254526082195,
PH-0171,Q3-T-020,巡航,3,5967.523448661444,6061.31697220262,0.6866262984049112,0.8739204495364765,False,True,COM-01627,直连,,,19.10463969125246,19.10463969125246,
PH-0171,Q3-T-020,巡航,3,6061.31697220262,6061.31697220262,0.8739204495364765,0.8739204495364765,True,True,COM-01628,直连,,,23.172163757658097,23.172163757658097,
PH-0171,Q3-T-020,巡航,3,6061.31697220262,6124.455330838039,0.8739204495364765,1.0,False,True,COM-01629,直连,,,26.848499841558976,26.848499841558976,
PH-0171,Q3-T-020,巡航,3,6124.455330838039,6124.455330838039,1.0,1.0,True,True,COM-01630,直连,,,29.396424967151802,29.396424967151802,
PH-0172,Q3-T-020,下降,3,6124.455330838039,6268.497190200726,0.0,0.8108652380103922,False,True,COM-01631,直连,,,34.19630814823206,34.19630814823206,
PH-0172,Q3-T-020,下降,3,6268.497190200726,6268.497190200726,0.8108652380103922,0.8108652380103922,True,True,COM-01632,直连,,,45.822907643684175,45.822907643684175,
PH-0172,Q3-T-020,下降,3,6268.497190200726,6279.67177275418,0.8108652380103922,0.8737711223273767,False,True,COM-01633,直连,,,47.96179382527548,47.96179382527548,
PH-0172,Q3-T-020,下降,3,6279.67177275418,6279.67177275418,0.8737711223273767,0.8737711223273767,True,True,COM-01634,直连,,,50.80570620510423,50.80570620510423,
PH-0172,Q3-T-020,下降,3,6279.67177275418,6289.40576289259,0.8737711223273767,0.9285673757588085,False,True,COM-01635,直连,,,54.38121115513738,54.38121115513738,
PH-0172,Q3-T-020,下降,3,6289.40576289259,6289.40576289259,0.9285673757588085,0.9285673757588085,True,True,COM-01636,直连,,,60.56487003084885,60.56487003084885,
PH-0172,Q3-T-020,下降,3,6289.40576289259,6290.571845669931,0.9285673757588085,0.9351316897226201,False,True,COM-01637,直连,,,61.71811229890628,61.71811229890628,
PH-0172,Q3-T-020,下降,3,6290.571845669931,6290.571845669931,0.9351316897226201,0.9351316897226201,True,True,COM-01638,直连,,,63.04826031559075,63.04826031559075,
PH-0172,Q3-T-020,下降,3,6290.571845669931,6301.684816918023,0.9351316897226201,0.9976907410703135,False,True,COM-01639,直连,,,67.82295300936043,67.82295300936043,
PH-0172,Q3-T-020,下降,3,6301.684816918023,6301.684816918023,0.9976907410703135,0.9976907410703135,True,True,COM-01640,直连,,,56.38238674364726,56.38238674364726,
PH-0172,Q3-T-020,下降,3,6301.684816918023,6302.095032986476,0.9976907410703135,1.0,False,True,COM-01641,直连,,,46.15077298411043,46.15077298411043,
PH-0172,Q3-T-020,下降,3,6302.095032986476,6302.095032986476,1.0,1.0,True,True,COM-01642,直连,,,45.92517525248826,45.92517525248826,
PH-0173,Q3-T-021,爬升,1,4226.93718505594,4226.93718505594,0.0,0.0,True,True,COM-01643,直连,,,45.92517525248826,45.92517525248826,
PH-0173,Q3-T-021,爬升,1,4226.93718505594,4227.279031779651,0.0,0.006195535006854869,False,True,COM-01644,直连,,,46.15077298410904,46.15077298410904,
PH-0173,Q3-T-021,爬升,1,4227.279031779651,4227.279031779651,0.006195535006854869,0.006195535006854869,True,True,COM-01645,直连,,,46.382386743646634,46.382386743646634,
PH-0173,Q3-T-021,爬升,1,4227.279031779651,4236.539841153062,0.006195535006854869,0.1740358701194212,False,True,COM-01646,直连,,,67.82295300935903,67.82295300935903,
PH-0173,Q3-T-021,爬升,1,4236.539841153062,4236.539841153062,0.1740358701194212,0.1740358701194212,True,True,COM-01647,直连,,,63.04826031558842,63.04826031558842,
PH-0173,Q3-T-021,爬升,1,4236.539841153062,4237.511576800845,0.1740358701194212,0.19164733691335997,False,True,COM-01648,直连,,,61.71811229890582,61.71811229890582,
PH-0173,Q3-T-021,爬升,1,4237.511576800845,4237.511576800845,0.19164733691335997,0.19164733691335997,True,True,COM-01649,直连,,,60.56487003084811,60.56487003084811,
PH-0173,Q3-T-021,爬升,1,4237.511576800845,4245.62323524952,0.19164733691335997,0.33866078006372086,False,True,COM-01650,直连,,,54.381211155137464,54.381211155137464,
PH-0173,Q3-T-021,爬升,1,4245.62323524952,4245.62323524952,0.33866078006372086,0.33866078006372086,True,True,COM-01651,直连,,,50.805706205104514,50.805706205104514,
PH-0173,Q3-T-021,爬升,1,4245.62323524952,4254.935387377398,0.33866078006372086,0.5074316369879167,False,True,COM-01652,直连,,,47.961793825275194,47.961793825275194,
PH-0173,Q3-T-021,爬升,1,4254.935387377398,4254.935387377398,0.5074316369879167,0.5074316369879167,True,True,COM-01653,直连,,,45.82290764368426,45.82290764368426,
PH-0173,Q3-T-021,爬升,1,4254.935387377398,4282.113489173778,0.5074316369879167,1.0,False,True,COM-01654,直连,,,41.541719474607845,41.541719474607845,
PH-0173,Q3-T-021,爬升,1,4282.113489173778,4282.113489173778,1.0,1.0,True,True,COM-01655,直连,,,38.686789494765065,38.686789494765065,
PH-0174,Q3-T-021,巡航,1,4282.113489173778,4406.719147270963,0.0,0.3276139140751597,False,True,COM-01656,直连,,,22.4295019943079,22.4295019943079,
PH-0174,Q3-T-021,巡航,1,4406.719147270963,4406.719147270963,0.3276139140751597,0.3276139140751597,True,True,COM-01657,直连,,,16.486705953000282,16.486705953000282,
PH-0174,Q3-T-021,巡航,1,4406.719147270963,4545.680723924826,0.3276139140751597,0.692972491918556,False,True,COM-01658,直连,,,2.6529666641466463,2.6529666641466463,
PH-0174,Q3-T-021,巡航,1,4545.680723924826,4545.680723924826,0.692972491918556,0.692972491918556,True,True,COM-01659,直连,,,2.2737367544323206e-13,2.2737367544323206e-13,
PH-0174,Q3-T-021,巡航,1,4545.680723924826,4639.085039952027,0.692972491918556,0.9385516576841908,False,False,COM-01660,中继,Q3-R-003,0;1;2;3,9.30762957849889,-1.4153141186564824,0.6489723131086578
PH-0174,Q3-T-021,巡航,1,4639.085039952027,4639.085039952027,0.9385516576841908,0.9385516576841908,True,False,COM-01661,中继,Q3-R-003,0;1;2;3,9.961600732189709,-2.6321700465047684,0.6489723131086578
PH-0174,Q3-T-021,巡航,1,4639.085039952027,4662.456486658914,0.9385516576841916,1.0,False,False,COM-01662,中继,Q3-R-004,0;1;3,1.2388743016273338,-2.9117540824495336,1.6126866692443826
PH-0174,Q3-T-021,巡航,1,4662.456486658914,4662.456486658914,1.0,1.0,True,False,COM-01663,中继,Q3-R-004,0;1;3,1.0828705403827712,-3.182624572738618,1.6126866692443826
PH-0175,Q3-T-021,下降,1,4662.456486658914,4684.302169363417,0.0,0.8637536963455402,False,False,COM-01664,中继,Q3-R-004,0;1;3,1.0801949707922063,-3.1816641517371806,1.6126866692443826
PH-0175,Q3-T-021,下降,1,4684.302169363417,4684.302169363417,0.8637536963455402,0.8637536963455402,True,False,COM-01665,中继,Q3-R-004,0;1;3,1.0773099284198224,-3.1809024517218063,1.6126866692443826
PH-0175,Q3-T-021,下降,1,4684.302169363417,4687.748051600321,0.8637536963455402,1.0,False,False,COM-01666,中继,Q3-R-004,0;3,1.0768357494527265,-3.1808004554215614,1.6126866692443826
PH-0175,Q3-T-021,下降,1,4687.748051600321,4687.748051600321,1.0,1.0,True,False,COM-01667,中继,Q3-R-004,0;3,1.0763563706291706,-3.1807034065250974,1.6126866692443826
PH-0176,Q3-T-021,投送交接,1,4687.748051600321,4927.748051600321,0.0,1.0,False,False,COM-01668,中继,Q3-R-004,0;3,1.0763563706291706,-3.1807034065250974,1.6126866692443826
PH-0176,Q3-T-021,投送交接,1,4927.748051600321,4927.748051600321,1.0,1.0,True,False,COM-01669,中继,Q3-R-004,0;3,1.0763563706291706,-3.1807034065250974,1.6126866692443826
PH-0177,Q3-T-021,爬升,2,4927.748051600321,4930.619620131073,0.0,0.1362463036544598,False,False,COM-01670,中继,Q3-R-004,0;3,1.0768357494527265,-3.1808004554215614,1.6126866692443826
PH-0177,Q3-T-021,爬升,2,4930.619620131073,4930.619620131073,0.1362463036544598,0.1362463036544598,True,False,COM-01671,中继,Q3-R-004,0;3,1.0773099284198224,-3.1809024517218063,1.6126866692443826
PH-0177,Q3-T-021,爬升,2,4930.619620131073,4948.8243557181595,0.1362463036544598,1.0,False,False,COM-01672,中继,Q3-R-004,0;1;3,1.0801949707922063,-3.1816641517371806,1.6126866692443826
PH-0177,Q3-T-021,爬升,2,4948.8243557181595,4948.8243557181595,1.0,1.0,True,False,COM-01673,中继,Q3-R-004,0;1;3,1.0828705403827712,-3.182624572738618,1.6126866692443826
PH-0178,Q3-T-021,巡航,2,4948.8243557181595,4972.195802425047,0.0,0.061448342315808244,False,False,COM-01674,中继,Q3-R-004,0;1;3,1.2388743016273338,-2.9117540824495336,1.6126866692443826
PH-0178,Q3-T-021,巡航,2,4972.195802425047,4972.195802425047,0.061448342315808244,0.061448342315808244,True,False,COM-01675,中继,Q3-R-003,0;1;2;3,9.961600732189709,-2.6321700465047684,0.6489723131086578
PH-0178,Q3-T-021,巡航,2,4972.195802425047,5065.600118452247,0.061448342315808244,0.307027508081444,False,False,COM-01676,中继,Q3-R-003,0;1;2;3,9.30762957849889,-1.4153141186564824,0.6489723131086578
PH-0178,Q3-T-021,巡航,2,5065.600118452247,5065.600118452247,0.307027508081444,0.307027508081444,True,True,COM-01677,直连,,,2.2737367544323206e-13,2.2737367544323206e-13,
PH-0178,Q3-T-021,巡航,2,5065.600118452247,5204.561695106111,0.307027508081444,0.6723860859248403,False,True,COM-01678,直连,,,2.6529666641466463,2.6529666641466463,
PH-0178,Q3-T-021,巡航,2,5204.561695106111,5204.561695106111,0.6723860859248403,0.6723860859248403,True,True,COM-01679,直连,,,16.486705953000282,16.486705953000282,
PH-0178,Q3-T-021,巡航,2,5204.561695106111,5329.1673532032955,0.6723860859248403,1.0,False,True,COM-01680,直连,,,22.4295019943079,22.4295019943079,
PH-0178,Q3-T-021,巡航,2,5329.1673532032955,5329.1673532032955,1.0,1.0,True,True,COM-01681,直连,,,38.686789494765065,38.686789494765065,
PH-0179,Q3-T-021,下降,2,5329.1673532032955,5361.781075358952,0.0,0.4925683630120833,False,True,COM-01682,直连,,,41.54171947460782,41.54171947460782,
PH-0179,Q3-T-021,下降,2,5361.781075358952,5361.781075358952,0.4925683630120833,0.4925683630120833,True,True,COM-01683,直连,,,45.8229076436842,45.8229076436842,
PH-0179,Q3-T-021,下降,2,5361.781075358952,5372.9556579124055,0.4925683630120833,0.6613392199362791,False,True,COM-01684,直连,,,47.96179382527551,47.96179382527551,
PH-0179,Q3-T-021,下降,2,5372.9556579124055,5372.9556579124055,0.6613392199362791,0.6613392199362791,True,True,COM-01685,直连,,,50.80570620510427,50.80570620510427,
PH-0179,Q3-T-021,下降,2,5372.9556579124055,5382.689648050816,0.6613392199362791,0.8083526630866401,False,True,COM-01686,直连,,,54.38121115513741,54.38121115513741,
PH-0179,Q3-T-021,下降,2,5382.689648050816,5382.689648050816,0.8083526630866401,0.8083526630866401,True,True,COM-01687,直连,,,60.564870030848915,60.564870030848915,
PH-0179,Q3-T-021,下降,2,5382.689648050816,5383.855730828156,0.8083526630866401,0.8259641298805788,False,True,COM-01688,直连,,,61.71811229890635,61.71811229890635,
PH-0179,Q3-T-021,下降,2,5383.855730828156,5383.855730828156,0.8259641298805788,0.8259641298805788,True,True,COM-01689,直连,,,63.04826031559084,63.04826031559084,
PH-0179,Q3-T-021,下降,2,5383.855730828156,5394.9687020762485,0.8259641298805788,0.993804464993145,False,True,COM-01690,直连,,,67.82295300936038,67.82295300936038,
PH-0179,Q3-T-021,下降,2,5394.9687020762485,5394.9687020762485,0.993804464993145,0.993804464993145,True,True,COM-01691,直连,,,56.38238674364726,56.38238674364726,
PH-0179,Q3-T-021,下降,2,5394.9687020762485,5395.378918144702,0.993804464993145,1.0,False,True,COM-01692,直连,,,46.15077298411043,46.15077298411043,
PH-0179,Q3-T-021,下降,2,5395.378918144702,5395.378918144702,1.0,1.0,True,True,COM-01693,直连,,,45.92517525248826,45.92517525248826,
PH-0180,Q3-T-022,爬升,1,4541.996459920166,4541.996459920166,0.0,0.0,True,True,COM-01694,直连,,,45.92517525248826,45.92517525248826,
PH-0180,Q3-T-022,爬升,1,4541.996459920166,4542.406675988619,0.0,0.002362428921834167,False,True,COM-01695,直连,,,46.15077298411046,46.15077298411046,
PH-0180,Q3-T-022,爬升,1,4542.406675988619,4542.406675988619,0.002362428921834167,0.002362428921834167,True,True,COM-01696,直连,,,56.38238674364726,56.38238674364726,
PH-0180,Q3-T-022,爬升,1,4542.406675988619,4553.5196472367115,0.002362428921834167,0.06636188360678993,False,True,COM-01697,直连,,,67.82295300936048,67.82295300936048,
PH-0180,Q3-T-022,爬升,1,4553.5196472367115,4553.5196472367115,0.06636188360678993,0.06636188360678993,True,True,COM-01698,直连,,,63.04826031559075,63.04826031559075,
PH-0180,Q3-T-022,爬升,1,4553.5196472367115,4554.685730014052,0.06636188360678993,0.07307733892483581,False,True,COM-01699,直连,,,61.71811229890628,61.71811229890628,
PH-0180,Q3-T-022,爬升,1,4554.685730014052,4554.685730014052,0.07307733892483581,0.07307733892483581,True,True,COM-01700,直连,,,60.56487003084885,60.56487003084885,
PH-0180,Q3-T-022,爬升,1,4554.685730014052,4564.419720152462,0.07307733892483581,0.12913525960683758,False,True,COM-01701,直连,,,54.381211155137365,54.381211155137365,
PH-0180,Q3-T-022,爬升,1,4564.419720152462,4564.419720152462,0.12913525960683758,0.12913525960683758,True,True,COM-01702,直连,,,50.80570620510423,50.80570620510423,
PH-0180,Q3-T-022,爬升,1,4564.419720152462,4575.594302705916,0.12913525960683758,0.19348953298586244,False,True,COM-01703,直连,,,47.961793825275464,47.961793825275464,
PH-0180,Q3-T-022,爬升,1,4575.594302705916,4575.594302705916,0.19348953298586244,0.19348953298586244,True,True,COM-01704,直连,,,45.822907643684175,45.822907643684175,
PH-0180,Q3-T-022,爬升,1,4575.594302705916,4639.085039952027,0.19348953298586244,0.5591318504708654,False,True,COM-01705,直连,,,38.81733476805334,38.81733476805334,
PH-0180,Q3-T-022,爬升,1,4639.085039952027,4639.085039952027,0.5591318504708654,0.5591318504708654,True,True,COM-01706,直连,,,34.99053425547555,34.99053425547555,
PH-0180,Q3-T-022,爬升,1,4639.085039952027,4715.638115193603,0.5591318504708654,1.0,False,True,COM-01707,直连,,,31.88596497006253,31.88596497006253,
PH-0180,Q3-T-022,爬升,1,4715.638115193603,4715.638115193603,1.0,1.0,True,True,COM-01708,直连,,,29.603583756332725,29.603583756332725,
PH-0181,Q3-T-022,巡航,1,4715.638115193603,4762.787894612268,0.0,0.09737425806221428,False,True,COM-01709,直连,,,27.22473712710756,27.22473712710756,
PH-0181,Q3-T-022,巡航,1,4762.787894612268,4762.787894612268,0.09737425806221428,0.09737425806221428,True,True,COM-01710,直连,,,23.673573405482713,23.673573405482713,
PH-0181,Q3-T-022,巡航,1,4762.787894612268,4819.923665440968,0.09737425806221428,0.21537169859859143,False,True,COM-01711,直连,,,20.29726878491934,20.29726878491934,
PH-0181,Q3-T-022,巡航,1,4819.923665440968,4819.923665440968,0.21537169859859143,0.21537169859859143,True,True,COM-01712,直连,,,17.76458470677896,17.76458470677896,
PH-0181,Q3-T-022,巡航,1,4819.923665440968,4962.539813464822,0.21537169859859143,0.5099041815229131,False,True,COM-01713,直连,,,13.426974209513673,13.426974209513673,
PH-0181,Q3-T-022,巡航,1,4962.539813464822,4962.539813464822,0.5099041815229131,0.5099041815229131,True,True,COM-01714,直连,,,10.518743448774913,10.518743448774913,
PH-0181,Q3-T-022,巡航,1,4962.539813464822,4968.72633257106,0.5099041815229131,0.5226806507956239,False,True,COM-01715,直连,,,10.411918825406246,10.411918825406246,
PH-0181,Q3-T-022,巡航,1,4968.72633257106,4968.72633257106,0.5226806507956239,0.5226806507956239,True,True,COM-01716,直连,,,0.30637641727128084,0.30637641727128084,
PH-0181,Q3-T-022,巡航,1,4968.72633257106,4977.918997316138,0.5226806507956239,0.5416654460630281,False,True,COM-01717,直连,,,0.15185293473422234,0.15185293473422234,
PH-0181,Q3-T-022,巡航,1,4977.918997316138,4977.918997316138,0.5416654460630281,0.5416654460630281,True,True,COM-01718,直连,,,1.1795009413617663e-12,1.1795009413617663e-12,
PH-0181,Q3-T-022,巡航,1,4977.918997316138,5019.235777327583,0.5416654460630281,0.6269933277358196,False,False,COM-01719,中继,Q3-R-003,0;2;3,0.9457270215620923,-0.651832420205082,0.6489723131086578
PH-0181,Q3-T-022,巡航,1,5019.235777327583,5019.235777327583,0.6269933277358196,0.6269933277358196,True,False,COM-01720,中继,Q3-R-003,0;2;3,0.7774787009921056,-1.2585497358181215,0.6489723131086578
PH-0181,Q3-T-022,巡航,1,5019.235777327583,5040.134950724697,0.6269933277358196,0.6701545371571287,False,False,COM-01721,中继,Q3-R-003,2;3,0.6853215558229238,-1.5501501770927604,0.6489723131086578
PH-0181,Q3-T-022,巡航,1,5040.134950724697,5040.134950724697,0.6701545371571287,0.6701545371571287,True,False,COM-01722,中继,Q3-R-004,3,9.092209043914579,-1.8323491317579794,1.6126866692443826
PH-0181,Q3-T-022,巡航,1,5040.134950724697,5078.777839795239,0.6701545371571287,0.7499602689976229,False,False,COM-01723,中继,Q3-R-004,3,8.932120527200468,-2.331309316822953,1.6126866692443826
PH-0181,Q3-T-022,巡航,1,5078.777839795239,5078.777839795239,0.7499602689976229,0.7499602689976229,True,False,COM-01724,中继,Q3-R-004,3,8.639864322207046,-2.80332304080693,1.6126866692443826
PH-0181,Q3-T-022,巡航,1,5078.777839795239,5199.850065630656,0.7499602689976229,1.0,False,False,COM-01725,中继,Q3-R-004,3,7.15937916572048,-4.13589587470284,1.6126866692443826
PH-0181,Q3-T-022,巡航,1,5199.850065630656,5199.850065630656,1.0,1.0,True,False,COM-01726,中继,Q3-R-004,3,5.378310424991369,-5.291626479183876,1.6126866692443826
PH-0182,Q3-T-022,下降,1,5199.850065630656,5276.712217494603,0.0,0.6884077696827319,False,False,COM-01727,中继,Q3-R-004,3,5.372342278072566,-5.286885874458363,1.6126866692443826
PH-0182,Q3-T-022,下降,1,5276.712217494603,5276.712217494603,0.6884077696827319,0.6884077696827319,True,False,COM-01728,中继,Q3-R-004,3,5.361894085586698,-5.283111492061494,1.6126866692443826
PH-0182,Q3-T-022,下降,1,5276.712217494603,5311.502134722453,0.6884077696827319,1.0,False,False,COM-01729,中继,Q3-R-004,3,5.3557003069872735,-5.281721450519768,1.6126866692443826
PH-0182,Q3-T-022,下降,1,5311.502134722453,5311.502134722453,1.0,1.0,True,False,COM-01730,中继,Q3-R-004,3,5.348599024690614,-5.280530077345318,1.6126866692443826
PH-0183,Q3-T-022,投送交接,1,5311.502134722453,5707.502134722453,0.0,1.0,False,False,COM-01731,中继,Q3-R-004,3,5.348599024690614,-5.280530077345318,1.6126866692443826
PH-0183,Q3-T-022,投送交接,1,5707.502134722453,5707.502134722453,1.0,1.0,True,False,COM-01732,中继,Q3-R-004,3,5.348599024690614,-5.280530077345318,1.6126866692443826
PH-0184,Q3-T-022,爬升,2,5707.502134722453,5735.334068504733,0.0,0.31159223031726807,False,False,COM-01733,中继,Q3-R-004,3,5.3557003069872735,-5.281721450519768,1.6126866692443826
PH-0184,Q3-T-022,爬升,2,5735.334068504733,5735.334068504733,0.31159223031726807,0.31159223031726807,True,False,COM-01734,中继,Q3-R-004,3,5.361894085586698,-5.283111492061494,1.6126866692443826
PH-0184,Q3-T-022,爬升,2,5735.334068504733,5796.82378999589,0.31159223031726807,1.0,False,False,COM-01735,中继,Q3-R-004,3,5.372342278072566,-5.286885874458363,1.6126866692443826
PH-0184,Q3-T-022,爬升,2,5796.82378999589,5796.82378999589,1.0,1.0,True,False,COM-01736,中继,Q3-R-004,3,5.378310424991369,-5.291626479183876,1.6126866692443826
PH-0185,Q3-T-022,巡航,2,5796.82378999589,5917.8960158313075,0.0,0.2500397310023769,False,False,COM-01737,中继,Q3-R-004,3,7.15937916572048,-4.13589587470284,1.6126866692443826
PH-0185,Q3-T-022,巡航,2,5917.8960158313075,5917.8960158313075,0.2500397310023769,0.2500397310023769,True,False,COM-01738,中继,Q3-R-004,3,8.639864322207046,-2.80332304080693,1.6126866692443826
PH-0185,Q3-T-022,巡航,2,5917.8960158313075,5956.5389049018495,0.2500397310023769,0.32984546284287136,False,False,COM-01739,中继,Q3-R-004,3,8.932120527200468,-2.331309316822953,1.6126866692443826
PH-0185,Q3-T-022,巡航,2,5956.5389049018495,5956.5389049018495,0.32984546284287136,0.32984546284287136,True,False,COM-01740,中继,Q3-R-004,3,9.092209043914579,-1.8323491317579794,1.6126866692443826
PH-0185,Q3-T-022,巡航,2,5956.5389049018495,5977.438078298964,0.32984546284287136,0.37300667226418005,False,False,COM-01741,中继,Q3-R-003,2;3,0.6853215558229238,-1.5501501770927604,0.6489723131086578
PH-0185,Q3-T-022,巡航,2,5977.438078298964,5977.438078298964,0.37300667226418005,0.37300667226418005,True,False,COM-01742,中继,Q3-R-003,0;2;3,0.7774787009921056,-1.2585497358181215,0.6489723131086578
PH-0185,Q3-T-022,巡航,2,5977.438078298964,6018.754858310408,0.37300667226418005,0.45833455393697176,False,False,COM-01743,中继,Q3-R-003,0;2;3,0.9457270215620923,-0.651832420205082,0.6489723131086578
PH-0185,Q3-T-022,巡航,2,6018.754858310408,6018.754858310408,0.45833455393697176,0.45833455393697176,True,True,COM-01744,直连,,,1.1795009413617663e-12,1.1795009413617663e-12,
PH-0185,Q3-T-022,巡航,2,6018.754858310408,6027.947523055486,0.45833455393697176,0.4773193492043761,False,True,COM-01745,直连,,,0.15185293473422234,0.15185293473422234,
PH-0185,Q3-T-022,巡航,2,6027.947523055486,6027.947523055486,0.4773193492043761,0.4773193492043761,True,True,COM-01746,直连,,,0.30637641727128084,0.30637641727128084,
PH-0185,Q3-T-022,巡航,2,6027.947523055486,6034.134042161724,0.4773193492043761,0.49009581847708694,False,True,COM-01747,直连,,,10.411918825406246,10.411918825406246,
PH-0185,Q3-T-022,巡航,2,6034.134042161724,6034.134042161724,0.49009581847708694,0.49009581847708694,True,True,COM-01748,直连,,,10.518743448774913,10.518743448774913,
PH-0185,Q3-T-022,巡航,2,6034.134042161724,6176.7501901855785,0.49009581847708694,0.7846283014014085,False,True,COM-01749,直连,,,13.426974209513673,13.426974209513673,
PH-0185,Q3-T-022,巡航,2,6176.7501901855785,6176.7501901855785,0.7846283014014085,0.7846283014014085,True,True,COM-01750,直连,,,17.76458470677896,17.76458470677896,
PH-0185,Q3-T-022,巡航,2,6176.7501901855785,6233.885961014278,0.7846283014014085,0.902625741937786,False,True,COM-01751,直连,,,20.29726878491934,20.29726878491934,
PH-0185,Q3-T-022,巡航,2,6233.885961014278,6233.885961014278,0.902625741937786,0.902625741937786,True,True,COM-01752,直连,,,23.673573405482713,23.673573405482713,
PH-0185,Q3-T-022,巡航,2,6233.885961014278,6281.035740432943,0.902625741937786,1.0,False,True,COM-01753,直连,,,27.22473712710756,27.22473712710756,
PH-0185,Q3-T-022,巡航,2,6281.035740432943,6281.035740432943,1.0,1.0,True,True,COM-01754,直连,,,29.603583756332725,29.603583756332725,
PH-0186,Q3-T-022,下降,2,6281.035740432943,6456.090506042553,0.0,0.8065104670141376,False,True,COM-01755,直连,,,34.37602300270663,34.37602300270663,
PH-0186,Q3-T-022,下降,2,6456.090506042553,6456.090506042553,0.8065104670141376,0.8065104670141376,True,True,COM-01756,直连,,,45.82290764368429,45.82290764368429,
PH-0186,Q3-T-022,下降,2,6456.090506042553,6470.05873423437,0.8065104670141376,0.8708647403931623,False,True,COM-01757,直连,,,47.96179382527524,47.96179382527524,
PH-0186,Q3-T-022,下降,2,6470.05873423437,6470.05873423437,0.8708647403931623,0.8708647403931623,True,True,COM-01758,直连,,,50.80570620510434,50.80570620510434,
PH-0186,Q3-T-022,下降,2,6470.05873423437,6482.226221907382,0.8708647403931623,0.9269226610751641,False,True,COM-01759,直连,,,54.38121115513687,54.38121115513687,
PH-0186,Q3-T-022,下降,2,6482.226221907382,6482.226221907382,0.9269226610751641,0.9269226610751641,True,True,COM-01760,直连,,,60.56487003084818,60.56487003084818,
PH-0186,Q3-T-022,下降,2,6482.226221907382,6483.683825379057,0.9269226610751641,0.93363811639321,False,True,COM-01761,直连,,,61.71811229890666,61.71811229890666,
PH-0186,Q3-T-022,下降,2,6483.683825379057,6483.683825379057,0.93363811639321,0.93363811639321,True,True,COM-01762,直连,,,63.048260315590305,63.048260315590305,
PH-0186,Q3-T-022,下降,2,6483.683825379057,6497.575039439173,0.93363811639321,0.9976375710781658,False,True,COM-01763,直连,,,67.82295300935888,67.82295300935888,
PH-0186,Q3-T-022,下降,2,6497.575039439173,6497.575039439173,0.9976375710781658,0.9976375710781658,True,True,COM-01764,直连,,,56.38238674364703,56.38238674364703,
PH-0186,Q3-T-022,下降,2,6497.575039439173,6498.08780952474,0.9976375710781658,1.0,False,True,COM-01765,直连,,,46.150772984109835,46.150772984109835,
PH-0186,Q3-T-022,下降,2,6498.08780952474,6498.08780952474,1.0,1.0,True,True,COM-01766,直连,,,45.92517525248826,45.92517525248826,
PH-0187,Q3-T-023,爬升,1,4590.570637157974,4590.570637157974,0.0,0.0,True,True,COM-01767,直连,,,45.92517525248826,45.92517525248826,
PH-0187,Q3-T-023,爬升,1,4590.570637157974,4590.912483881684,0.0,0.004182304815303889,False,True,COM-01768,直连,,,46.15077298411023,46.15077298411023,
PH-0187,Q3-T-023,爬升,1,4590.912483881684,4590.912483881684,0.004182304815303889,0.004182304815303889,True,True,COM-01769,直连,,,46.38238674364662,46.38238674364662,
PH-0187,Q3-T-023,爬升,1,4590.912483881684,4600.173293255096,0.004182304815303889,0.11748316438059436,False,True,COM-01770,直连,,,67.82295300936343,67.82295300936343,
PH-0187,Q3-T-023,爬升,1,4600.173293255096,4600.173293255096,0.11748316438059436,0.11748316438059436,True,True,COM-01771,直连,,,63.04826031558868,63.04826031558868,
PH-0187,Q3-T-023,爬升,1,4600.173293255096,4601.145028902879,0.11748316438059436,0.12937181036441328,False,True,COM-01772,直连,,,61.718112298906036,61.718112298906036,
PH-0187,Q3-T-023,爬升,1,4601.145028902879,4601.145028902879,0.12937181036441328,0.12937181036441328,True,True,COM-01773,直连,,,60.564870030848304,60.564870030848304,
PH-0187,Q3-T-023,爬升,1,4601.145028902879,4609.256687351554,0.12937181036441328,0.22861344656239624,False,True,COM-01774,直连,,,54.381211155136626,54.381211155136626,
PH-0187,Q3-T-023,爬升,1,4609.256687351554,4609.256687351554,0.22861344656239624,0.22861344656239624,True,True,COM-01775,直连,,,50.805706205103974,50.805706205103974,
PH-0187,Q3-T-023,爬升,1,4609.256687351554,4618.5688394794315,0.22861344656239624,0.34254245621467966,False,True,COM-01776,直连,,,47.96179382527531,47.96179382527531,
PH-0187,Q3-T-023,爬升,1,4618.5688394794315,4618.5688394794315,0.34254245621467966,0.34254245621467966,True,True,COM-01777,直连,,,45.822907643684374,45.822907643684374,
PH-0187,Q3-T-023,爬升,1,4618.5688394794315,4639.085039952027,0.34254245621467966,0.5935467750415871,False,True,COM-01778,直连,,,42.41245766811957,42.41245766811957,
PH-0187,Q3-T-023,爬升,1,4639.085039952027,4639.085039952027,0.5935467750415871,0.5935467750415871,True,True,COM-01779,直连,,,39.96991070004714,39.96991070004714,
PH-0187,Q3-T-023,爬升,1,4639.085039952027,4672.307081249771,0.5935467750415871,1.0,False,True,COM-01780,直连,,,37.0663585690277,37.0663585690277,
PH-0187,Q3-T-023,爬升,1,4672.307081249771,4672.307081249771,1.0,1.0,True,True,COM-01781,直连,,,34.89404750685925,34.89404750685925,
PH-0188,Q3-T-023,巡航,1,4672.307081249771,4786.29329951677,0.0,0.16930672274392142,False,True,COM-01782,直连,,,24.79852975939312,24.79852975939312,
PH-0188,Q3-T-023,巡航,1,4786.29329951677,4786.29329951677,0.16930672274392142,0.16930672274392142,True,True,COM-01783,直连,,,19.108859130510737,19.108859130510737,
PH-0188,Q3-T-023,巡航,1,4786.29329951677,4865.906926860971,0.16930672274392142,0.28755893372463187,False,True,COM-01784,直连,,,16.559139208859847,16.559139208859847,
PH-0188,Q3-T-023,巡航,1,4865.906926860971,4865.906926860971,0.28755893372463187,0.28755893372463187,True,True,COM-01785,直连,,,14.583346617362722,14.583346617362722,
PH-0188,Q3-T-023,巡航,1,4865.906926860971,4915.292904250898,0.28755893372463187,0.3609132225896973,False,True,COM-01786,直连,,,13.549295386221218,13.549295386221218,
PH-0188,Q3-T-023,巡航,1,4915.292904250898,4915.292904250898,0.3609132225896973,0.3609132225896973,True,True,COM-01787,直连,,,12.624617925181582,12.624617925181582,
PH-0188,Q3-T-023,巡航,1,4915.292904250898,5001.460654453148,0.3609132225896973,0.48890044433248164,False,True,COM-01788,直连,,,11.213978623170576,11.213978623170576,
PH-0188,Q3-T-023,巡航,1,5001.460654453148,5001.460654453148,0.48890044433248164,0.48890044433248164,True,True,COM-01789,直连,,,9.99999999999936,9.99999999999936,
PH-0188,Q3-T-023,巡航,1,5001.460654453148,5035.272590577201,0.48890044433248164,0.5391222008029085,False,True,COM-01790,直连,,,9.566296534619099,9.566296534619099,
PH-0188,Q3-T-023,巡航,1,5035.272590577201,5035.272590577201,0.5391222008029085,0.5391222008029085,True,False,COM-01791,中继,Q3-R-003,0;2;3,9.301109552469555,-0.8468351977706448,0.6489723131086578
PH-0188,Q3-T-023,巡航,1,5035.272590577201,5073.354628171461,0.5391222008029085,0.5956864511001884,False,False,COM-01792,中继,Q3-R-003,0;2;3,9.781842167894098,-1.2898179772272016,0.6489723131086578
PH-0188,Q3-T-023,巡航,1,5073.354628171461,5073.354628171461,0.5956864511001884,0.5956864511001884,True,False,COM-01793,中继,Q3-R-003,0;2;3,10.20000000000006,-1.7113500945006876,0.6489723131086578
PH-0188,Q3-T-023,巡航,1,5073.354628171461,5124.876283208477,0.5956864511001884,0.6722129180475126,False,False,COM-01794,中继,Q3-R-003,0;2;3,10.621428071157226,-2.2509803639308217,0.6489723131086578
PH-0188,Q3-T-023,巡航,1,5124.876283208477,5124.876283208477,0.6722129180475126,0.6722129180475126,True,False,COM-01795,中继,Q3-R-003,2;3,10.825086509570482,-2.759094616335574,0.6489723131086578
PH-0188,Q3-T-023,巡航,1,5124.876283208477,5192.717433440375,0.6722129180475126,0.7729791596824117,False,False,COM-01796,中继,Q3-R-003,2;3,10.711739749599872,-3.3858655373228146,0.6489723131086578
PH-0188,Q3-T-023,巡航,1,5192.717433440375,5192.717433440375,0.7729791596824117,0.7729791596824117,True,False,COM-01797,中继,Q3-R-003,2;3,10.20000000000259,-3.970495769674244,0.6489723131086578
PH-0188,Q3-T-023,巡航,1,5192.717433440375,5236.093794224653,0.7729791596824117,0.8374072072183141,False,False,COM-01798,中继,Q3-R-003,2;3,9.7182027705299,-4.324699525929674,0.6489723131086578
PH-0188,Q3-T-023,巡航,1,5236.093794224653,5236.093794224653,0.8374072072183141,0.8374072072183141,True,False,COM-01799,中继,Q3-R-003,2,9.15946268362869,-4.665039307965003,0.6489723131086578
PH-0188,Q3-T-023,巡航,1,5236.093794224653,5260.119112536925,0.8374072072183141,0.873092643301493,False,False,COM-01800,中继,Q3-R-003,2,8.82890877937615,-4.847967832940725,0.6489723131086578
PH-0188,Q3-T-023,巡航,1,5260.119112536925,5260.119112536925,0.873092643301493,0.873092643301493,True,False,COM-01801,中继,Q3-R-003,2;3,8.489203408242076,-5.0271270621048245,0.6489723131086578
PH-0188,Q3-T-023,巡航,1,5260.119112536925,5273.0256484110905,0.873092643301493,0.8922630599014476,False,False,COM-01802,中继,Q3-R-003,2;3,8.304274345315179,-5.121869541347962,0.6489723131086578
PH-0188,Q3-T-023,巡航,1,5273.0256484110905,5273.0256484110905,0.8922630599014476,0.8922630599014476,True,False,COM-01803,中继,Q3-R-003,2,8.11830068843355,-5.21559075384279,0.6489723131086578
PH-0188,Q3-T-023,巡航,1,5273.0256484110905,5283.013703577944,0.8922630599014476,0.9070985804810018,False,False,COM-01804,中继,Q3-R-003,2,7.973947928397877,-5.287432186725525,0.6489723131086578
PH-0188,Q3-T-023,巡航,1,5283.013703577944,5283.013703577944,0.9070985804810018,0.9070985804810018,True,False,COM-01805,中继,Q3-R-003,2,7.829423213629752,-5.358684847710435,0.6489723131086578
PH-0188,Q3-T-023,巡航,1,5283.013703577944,5312.155735968734,0.9070985804810018,0.9503840063262967,False,False,COM-01806,中继,Q3-R-003,2;3,7.408271037012952,-5.563301464337314,0.6489723131086578
PH-0188,Q3-T-023,巡航,1,5312.155735968734,5312.155735968734,0.9503840063262967,0.9503840063262967,True,False,COM-01807,中继,Q3-R-003,2;3,6.9904634745722944,-5.763212731749292,0.6489723131086578
PH-0188,Q3-T-023,巡航,1,5312.155735968734,5345.55984061837,0.9503840063262967,1.0,False,False,COM-01808,中继,Q3-R-003,2;3,6.518873658333959,-5.98684545876462,0.6489723131086578
PH-0188,Q3-T-023,巡航,1,5345.55984061837,5345.55984061837,1.0,1.0,True,False,COM-01809,中继,Q3-R-003,2;3,6.05756352371759,-6.204869090937848,0.6489723131086578
PH-0189,Q3-T-023,下降,1,5345.55984061837,5369.094204915983,0.0,0.5767698840062533,False,False,COM-01810,中继,Q3-R-003,2;3,6.057217049296753,-6.204045604650929,0.6489723131086578
PH-0189,Q3-T-023,下降,1,5369.094204915983,5369.094204915983,0.5767698840062533,0.5767698840062533,True,False,COM-01811,中继,Q3-R-003,2;3,6.056099503293439,-6.203337077690264,0.6489723131086578
PH-0189,Q3-T-023,下降,1,5369.094204915983,5369.305399771684,0.5767698840062533,0.5819457549533187,False,False,COM-01812,中继,Q3-R-003,2;3,6.056085985247492,-6.2033312400682235,0.6489723131086578
PH-0189,Q3-T-023,下降,1,5369.305399771684,5369.305399771684,0.5819457549533187,0.5819457549533187,True,False,COM-01813,中继,Q3-R-003,2;3,6.056072405152321,-6.2033254117085335,0.6489723131086578
PH-0189,Q3-T-023,下降,1,5369.305399771684,5386.363573528526,0.5819457549533187,1.0,False,False,COM-01814,中继,Q3-R-004,3,4.188054628054871,-6.202885246250503,1.6126866692443826
PH-0189,Q3-T-023,下降,1,5386.363573528526,5386.363573528526,1.0,1.0,True,False,COM-01815,中继,Q3-R-004,3,4.18380920269351,-6.202505524891052,1.6126866692443826
PH-0190,Q3-T-023,投送交接,1,5386.363573528526,5596.363573528526,0.0,1.0,False,False,COM-01816,中继,Q3-R-004,3,4.18380920269351,-6.202505524891052,1.6126866692443826
PH-0190,Q3-T-023,投送交接,1,5596.363573528526,5596.363573528526,1.0,1.0,True,False,COM-01817,中继,Q3-R-004,3,4.18380920269351,-6.202505524891052,1.6126866692443826
PH-0191,Q3-T-023,爬升,2,5596.363573528526,5610.578718325894,0.0,0.41805424504668126,False,False,COM-01818,中继,Q3-R-004,3,4.188054628054871,-6.202885246250503,1.6126866692443826
PH-0191,Q3-T-023,爬升,2,5610.578718325894,5610.578718325894,0.41805424504668126,0.41805424504668126,True,False,COM-01819,中继,Q3-R-003,2;3,6.056072405152321,-6.2033254117085335,0.6489723131086578
PH-0191,Q3-T-023,爬升,2,5610.578718325894,5610.754714038979,0.41805424504668126,0.4232301159937467,False,False,COM-01820,中继,Q3-R-003,2;3,6.056085985247492,-6.2033312400682235,0.6489723131086578
PH-0191,Q3-T-023,爬升,2,5610.754714038979,5610.754714038979,0.4232301159937467,0.4232301159937467,True,False,COM-01821,中继,Q3-R-003,2;3,6.056099503293439,-6.203337077690264,0.6489723131086578
PH-0191,Q3-T-023,爬升,2,5610.754714038979,5630.36668428699,0.4232301159937467,1.0,False,False,COM-01822,中继,Q3-R-003,2;3,6.057217049296753,-6.204045604650929,0.6489723131086578
PH-0191,Q3-T-023,爬升,2,5630.36668428699,5630.36668428699,1.0,1.0,True,False,COM-01823,中继,Q3-R-003,2;3,6.05756352371759,-6.204869090937848,0.6489723131086578
PH-0192,Q3-T-023,巡航,2,5630.36668428699,5663.770788936626,0.0,0.049615993673703444,False,False,COM-01824,中继,Q3-R-003,2;3,6.518873658333959,-5.98684545876462,0.6489723131086578
PH-0192,Q3-T-023,巡航,2,5663.770788936626,5663.770788936626,0.049615993673703444,0.049615993673703444,True,False,COM-01825,中继,Q3-R-003,2;3,6.9904634745722944,-5.763212731749292,0.6489723131086578
PH-0192,Q3-T-023,巡航,2,5663.770788936626,5692.912821327415,0.049615993673703444,0.09290141951899818,False,False,COM-01826,中继,Q3-R-003,2;3,7.408271037012952,-5.563301464337314,0.6489723131086578
PH-0192,Q3-T-023,巡航,2,5692.912821327415,5692.912821327415,0.09290141951899818,0.09290141951899818,True,False,COM-01827,中继,Q3-R-003,2,7.829423213629752,-5.358684847710435,0.6489723131086578
PH-0192,Q3-T-023,巡航,2,5692.912821327415,5702.90087649427,0.09290141951899818,0.10773694009855261,False,False,COM-01828,中继,Q3-R-003,2,7.973947928397877,-5.287432186725525,0.6489723131086578
PH-0192,Q3-T-023,巡航,2,5702.90087649427,5702.90087649427,0.10773694009855261,0.10773694009855261,True,False,COM-01829,中继,Q3-R-003,2,8.11830068843355,-5.21559075384279,0.6489723131086578
PH-0192,Q3-T-023,巡航,2,5702.90087649427,5715.807412368435,0.10773694009855261,0.126907356698507,False,False,COM-01830,中继,Q3-R-003,2;3,8.304274345315179,-5.121869541347962,0.6489723131086578
PH-0192,Q3-T-023,巡航,2,5715.807412368435,5715.807412368435,0.126907356698507,0.126907356698507,True,False,COM-01831,中继,Q3-R-003,2;3,8.489203408242076,-5.0271270621048245,0.6489723131086578
PH-0192,Q3-T-023,巡航,2,5715.807412368435,5739.832730680707,0.126907356698507,0.1625927927816859,False,False,COM-01832,中继,Q3-R-003,2,8.82890877937615,-4.847967832940725,0.6489723131086578
PH-0192,Q3-T-023,巡航,2,5739.832730680707,5739.832730680707,0.1625927927816859,0.1625927927816859,True,False,COM-01833,中继,Q3-R-003,2,9.15946268362869,-4.665039307965003,0.6489723131086578
PH-0192,Q3-T-023,巡航,2,5739.832730680707,5783.209091464984,0.1625927927816859,0.22702084031758815,False,False,COM-01834,中继,Q3-R-003,2;3,9.7182027705299,-4.324699525929674,0.6489723131086578
PH-0192,Q3-T-023,巡航,2,5783.209091464984,5783.209091464984,0.22702084031758815,0.22702084031758815,True,False,COM-01835,中继,Q3-R-003,2;3,10.20000000000259,-3.970495769674244,0.6489723131086578
PH-0192,Q3-T-023,巡航,2,5783.209091464984,5851.050241696883,0.22702084031758815,0.32778708195248735,False,False,COM-01836,中继,Q3-R-003,2;3,10.711739749599872,-3.3858655373228146,0.6489723131086578
PH-0192,Q3-T-023,巡航,2,5851.050241696883,5851.050241696883,0.32778708195248735,0.32778708195248735,True,False,COM-01837,中继,Q3-R-003,2;3,10.825086509570482,-2.759094616335574,0.6489723131086578
PH-0192,Q3-T-023,巡航,2,5851.050241696883,5902.571896733899,0.32778708195248735,0.4043135488998117,False,False,COM-01838,中继,Q3-R-003,0;2;3,10.621428071157226,-2.2509803639308217,0.6489723131086578
PH-0192,Q3-T-023,巡航,2,5902.571896733899,5902.571896733899,0.4043135488998117,0.4043135488998117,True,False,COM-01839,中继,Q3-R-003,0;2;3,10.20000000000006,-1.7113500945006876,0.6489723131086578
PH-0192,Q3-T-023,巡航,2,5902.571896733899,5940.653934328158,0.4043135488998117,0.4608777991970914,False,False,COM-01840,中继,Q3-R-003,0;2;3,9.781842167894098,-1.2898179772272016,0.6489723131086578
PH-0192,Q3-T-023,巡航,2,5940.653934328158,5940.653934328158,0.4608777991970914,0.4608777991970914,True,False,COM-01841,中继,Q3-R-003,0;2;3,9.301109552469555,-0.8468351977706448,0.6489723131086578
PH-0192,Q3-T-023,巡航,2,5940.653934328158,5974.465870452212,0.4608777991970914,0.5110995556675183,False,True,COM-01842,直连,,,9.566296534619099,9.566296534619099,
PH-0192,Q3-T-023,巡航,2,5974.465870452212,5974.465870452212,0.5110995556675183,0.5110995556675183,True,True,COM-01843,直连,,,9.99999999999936,9.99999999999936,
PH-0192,Q3-T-023,巡航,2,5974.465870452212,6060.633620654462,0.5110995556675183,0.639086777410303,False,True,COM-01844,直连,,,11.213978623170576,11.213978623170576,
PH-0192,Q3-T-023,巡航,2,6060.633620654462,6060.633620654462,0.639086777410303,0.639086777410303,True,True,COM-01845,直连,,,12.624617925181582,12.624617925181582,
PH-0192,Q3-T-023,巡航,2,6060.633620654462,6110.01959804439,0.639086777410303,0.7124410662753698,False,True,COM-01846,直连,,,13.549295386221218,13.549295386221218,
PH-0192,Q3-T-023,巡航,2,6110.01959804439,6110.01959804439,0.7124410662753698,0.7124410662753698,True,True,COM-01847,直连,,,14.583346617362722,14.583346617362722,
PH-0192,Q3-T-023,巡航,2,6110.01959804439,6189.6332253885885,0.7124410662753698,0.8306932772560768,False,True,COM-01848,直连,,,16.559139208859847,16.559139208859847,
PH-0192,Q3-T-023,巡航,2,6189.6332253885885,6189.6332253885885,0.8306932772560768,0.8306932772560768,True,True,COM-01849,直连,,,19.108859130510737,19.108859130510737,
PH-0192,Q3-T-023,巡航,2,6189.6332253885885,6303.619443655589,0.8306932772560768,1.0,False,True,COM-01850,直连,,,24.79852975939312,24.79852975939312,
PH-0192,Q3-T-023,巡航,2,6303.619443655589,6303.619443655589,1.0,1.0,True,True,COM-01851,直连,,,34.89404750685925,34.89404750685925,
PH-0193,Q3-T-023,下降,2,6303.619443655589,6368.105333779996,0.0,0.6574575437853204,False,True,COM-01852,直连,,,38.74229099550223,38.74229099550223,
PH-0193,Q3-T-023,下降,2,6368.105333779996,6368.105333779996,0.6574575437853204,0.6574575437853204,True,True,COM-01853,直连,,,45.822907643684474,45.822907643684474,
PH-0193,Q3-T-023,下降,2,6368.105333779996,6379.279916333448,0.6574575437853204,0.7713865534376038,False,True,COM-01854,直连,,,47.961793825275464,47.961793825275464,
PH-0193,Q3-T-023,下降,2,6379.279916333448,6379.279916333448,0.7713865534376038,0.7713865534376038,True,True,COM-01855,直连,,,50.805706205104215,50.805706205104215,
PH-0193,Q3-T-023,下降,2,6379.279916333448,6389.013906471859,0.7713865534376038,0.8706281896355867,False,True,COM-01856,直连,,,54.38121115513651,54.38121115513651,
PH-0193,Q3-T-023,下降,2,6389.013906471859,6389.013906471859,0.8706281896355867,0.8706281896355867,True,True,COM-01857,直连,,,60.56487003084884,60.56487003084884,
PH-0193,Q3-T-023,下降,2,6389.013906471859,6390.179989249199,0.8706281896355867,0.8825168356194056,False,True,COM-01858,直连,,,61.718112298908174,61.718112298908174,
PH-0193,Q3-T-023,下降,2,6390.179989249199,6390.179989249199,0.8825168356194056,0.8825168356194056,True,True,COM-01859,直连,,,63.048260315590724,63.048260315590724,
PH-0193,Q3-T-023,下降,2,6390.179989249199,6401.2929604972915,0.8825168356194056,0.9958176951846961,False,True,COM-01860,直连,,,67.82295300936053,67.82295300936053,
PH-0193,Q3-T-023,下降,2,6401.2929604972915,6401.2929604972915,0.9958176951846961,0.9958176951846961,True,True,COM-01861,直连,,,56.38238674364726,56.38238674364726,
PH-0193,Q3-T-023,下降,2,6401.2929604972915,6401.703176565745,0.9958176951846961,1.0,False,True,COM-01862,直连,,,46.15077298410942,46.15077298410942,
PH-0193,Q3-T-023,下降,2,6401.703176565745,6401.703176565745,1.0,1.0,True,True,COM-01863,直连,,,45.92517525248826,45.92517525248826,
PH-0194,Q3-T-024,爬升,1,4823.967695364228,4823.967695364228,0.0,0.0,True,True,COM-01864,直连,,,45.92517525248826,45.92517525248826,
PH-0194,Q3-T-024,爬升,1,4823.967695364228,4824.309542087939,0.0,0.0023092589296864864,False,True,COM-01865,直连,,,46.15077298410904,46.15077298410904,
PH-0194,Q3-T-024,爬升,1,4824.309542087939,4824.309542087939,0.0023092589296864864,0.0023092589296864864,True,True,COM-01866,直连,,,46.382386743646634,46.382386743646634,
PH-0194,Q3-T-024,爬升,1,4824.309542087939,4833.570351461351,0.0023092589296864864,0.06486831027737994,False,True,COM-01867,直连,,,67.82295300935891,67.82295300935891,
PH-0194,Q3-T-024,爬升,1,4833.570351461351,4833.570351461351,0.06486831027737994,0.06486831027737994,True,True,COM-01868,直连,,,63.04826031558851,63.04826031558851,
PH-0194,Q3-T-024,爬升,1,4833.570351461351,4834.542087109134,0.06486831027737994,0.07143262424119139,False,True,COM-01869,直连,,,61.71811229890589,61.71811229890589,
PH-0194,Q3-T-024,爬升,1,4834.542087109134,4834.542087109134,0.07143262424119139,0.07143262424119139,True,True,COM-01870,直连,,,60.56487003084818,60.56487003084818,
PH-0194,Q3-T-024,爬升,1,4834.542087109134,4842.653745557808,0.07143262424119139,0.12622887767262328,False,True,COM-01871,直连,,,54.38121115513752,54.38121115513752,
PH-0194,Q3-T-024,爬升,1,4842.653745557808,4842.653745557808,0.12622887767262328,0.12622887767262328,True,True,COM-01872,直连,,,50.805706205104556,50.805706205104556,
PH-0194,Q3-T-024,爬升,1,4842.653745557808,4851.965897685686,0.12622887767262328,0.18913476198960769,False,True,COM-01873,直连,,,47.96179382527524,47.96179382527524,
PH-0194,Q3-T-024,爬升,1,4851.965897685686,4851.965897685686,0.18913476198960769,0.18913476198960769,True,True,COM-01874,直连,,,45.82290764368429,45.82290764368429,
PH-0194,Q3-T-024,爬升,1,4851.965897685686,4972.000780487926,0.18913476198960769,1.0,False,True,COM-01875,直连,,,34.19630814823208,34.19630814823208,
PH-0194,Q3-T-024,爬升,1,4972.000780487926,4972.000780487926,1.0,1.0,True,True,COM-01876,直连,,,29.396424967151802,29.396424967151802,
PH-0195,Q3-T-024,巡航,1,4972.000780487926,5035.139139123346,0.0,0.12607955046352326,False,True,COM-01877,直连,,,26.848499841558976,26.848499841558976,
PH-0195,Q3-T-024,巡航,1,5035.139139123346,5035.139139123346,0.12607955046352326,0.12607955046352326,True,True,COM-01878,直连,,,23.172163757658097,23.172163757658097,
PH-0195,Q3-T-024,巡航,1,5035.139139123346,5128.932662664522,0.12607955046352326,0.3133737015950885,False,True,COM-01879,直连,,,19.10463969125246,19.10463969125246,
PH-0195,Q3-T-024,巡航,1,5128.932662664522,5128.932662664522,0.3133737015950885,0.3133737015950885,True,True,COM-01880,直连,,,16.23254526082195,16.23254526082195,
PH-0195,Q3-T-024,巡航,1,5128.932662664522,5245.543356245501,0.3133737015950885,0.5462309399472094,False,True,COM-01881,直连,,,13.587724917176303,13.587724917176303,
PH-0195,Q3-T-024,巡航,1,5245.543356245501,5245.543356245501,0.5462309399472094,0.5462309399472094,True,True,COM-01882,直连,,,11.549212252129323,11.549212252129323,
PH-0195,Q3-T-024,巡航,1,5245.543356245501,5246.170558199604,0.5462309399472094,0.5474833852456324,False,True,COM-01883,直连,,,11.53942327345655,11.53942327345655,
PH-0195,Q3-T-024,巡航,1,5246.170558199604,5246.170558199604,0.5474833852456324,0.5474833852456324,True,True,COM-01884,直连,,,1.5296451312263173,1.5296451312263173,
PH-0195,Q3-T-024,巡航,1,5246.170558199604,5299.7715552583295,0.5474833852456324,0.6545179955778945,False,True,COM-01885,直连,,,0.7316588765709042,0.7316588765709042,
PH-0195,Q3-T-024,巡航,1,5299.7715552583295,5299.7715552583295,0.6545179955778945,0.6545179955778945,True,True,COM-01886,直连,,,-3.268496584496461e-13,-3.268496584496461e-13,
PH-0195,Q3-T-024,巡航,1,5299.7715552583295,5326.736809380113,0.6545179955778945,0.7083642974344327,False,False,COM-01887,中继,Q3-R-003,0;2;3,3.5394677129759486,-0.34626802619781927,0.6489723131086578
PH-0195,Q3-T-024,巡航,1,5326.736809380113,5326.736809380113,0.7083642974344327,0.7083642974344327,True,False,COM-01888,中继,Q3-R-003,0;2;3,3.5297395006289776,-0.6793966530465525,0.6489723131086578
PH-0195,Q3-T-024,巡航,1,5326.736809380113,5387.170719970258,0.7083642974344327,0.8290433971866991,False,False,COM-01889,中继,Q3-R-003,0;2;3,3.4611549635388883,-1.3830026450561945,0.6489723131086578
PH-0195,Q3-T-024,巡航,1,5387.170719970258,5387.170719970258,0.8290433971866991,0.8290433971866991,True,False,COM-01890,中继,Q3-R-004,0;3,22.116865539519765,-2.0342729299543407,1.6126866692443826
PH-0195,Q3-T-024,巡航,1,5387.170719970258,5406.425402947186,0.8290433971866991,0.867492635122492,False,False,COM-01891,中继,Q3-R-004,0;3,22.67454631294838,-2.231989281304351,1.6126866692443826
PH-0195,Q3-T-024,巡航,1,5406.425402947186,5406.425402947186,0.867492635122492,0.867492635122492,True,False,COM-01892,中继,Q3-R-004,0;3,22.723985620663342,-2.425334810722404,1.6126866692443826
PH-0195,Q3-T-024,巡航,1,5406.425402947186,5414.5413455899725,0.867492635122492,0.883699176155637,False,False,COM-01893,中继,Q3-R-003,0;2;3,3.190958878814172,-2.505567299341692,0.6489723131086578
PH-0195,Q3-T-024,巡航,1,5414.5413455899725,5414.5413455899725,0.883699176155637,0.883699176155637,True,False,COM-01894,中继,Q3-R-004,0;3,22.353246380370834,-2.5850701768120246,1.6126866692443826
PH-0195,Q3-T-024,巡航,1,5414.5413455899725,5423.178835326512,0.883699176155637,0.9009471827027259,False,False,COM-01895,中继,Q3-R-004,0;3,22.029639288639814,-2.6688952779382475,1.6126866692443826
PH-0195,Q3-T-024,巡航,1,5423.178835326512,5423.178835326512,0.9009471827027259,0.9009471827027259,True,False,COM-01896,中继,Q3-R-004,0;3,21.641016497039516,-2.751924096868052,1.6126866692443826
PH-0195,Q3-T-024,巡航,1,5423.178835326512,5433.586604223035,0.9009471827027259,0.9217302193885369,False,False,COM-01897,中继,Q3-R-003,0;2;3,3.06286459152048,-2.8509332178869897,0.6489723131086578
PH-0195,Q3-T-024,巡航,1,5433.586604223035,5433.586604223035,0.9217302193885369,0.9217302193885369,True,False,COM-01898,中继,Q3-R-004,0;3,20.54117644902314,-2.948833073674436,1.6126866692443826
PH-0195,Q3-T-024,巡航,1,5433.586604223035,5464.752553602299,0.9217302193885369,0.983964793939264,False,False,COM-01899,中继,Q3-R-004,0;3,18.771541947539262,-3.2355982948460706,1.6126866692443826
PH-0195,Q3-T-024,巡航,1,5464.752553602299,5464.752553602299,0.983964793939264,0.983964793939264,True,False,COM-01900,中继,Q3-R-004,0;3,17.10209614388461,-3.5132464728640116,1.6126866692443826
PH-0195,Q3-T-024,巡航,1,5464.752553602299,5472.7826947896165,0.983964793939264,1.0,False,False,COM-01901,中继,Q3-R-004,0;3,16.69995319763342,-3.5833767832380374,1.6126866692443826
PH-0195,Q3-T-024,巡航,1,5472.7826947896165,5472.7826947896165,1.0,1.0,True,False,COM-01902,中继,Q3-R-004,0;3,16.309926696943194,-3.6529482103014885,1.6126866692443826
PH-0196,Q3-T-024,下降,1,5472.7826947896165,5483.073327147876,0.0,0.2644067603346812,False,False,COM-01903,中继,Q3-R-004,0;3,16.302648968376275,-3.651662363782904,1.6126866692443826
PH-0196,Q3-T-024,下降,1,5483.073327147876,5483.073327147876,0.2644067603346812,0.2644067603346812,True,False,COM-01904,中继,Q3-R-004,3,16.293826010678117,-3.6504157552446372,1.6126866692443826
PH-0196,Q3-T-024,下降,1,5483.073327147876,5511.702396938054,0.2644067603346812,1.0,False,False,COM-01905,中继,Q3-R-004,3,16.261235663864255,-3.6471543347584543,1.6126866692443826
PH-0196,Q3-T-024,下降,1,5511.702396938054,5511.702396938054,1.0,1.0,True,False,COM-01906,中继,Q3-R-004,3,16.21703127135791,-3.6441975540626004,1.6126866692443826
PH-0197,Q3-T-024,投送交接,1,5511.702396938054,5721.702396938054,0.0,1.0,False,False,COM-01907,中继,Q3-R-004,3,16.21703127135791,-3.6441975540626004,1.6126866692443826
PH-0197,Q3-T-024,投送交接,1,5721.702396938054,5721.702396938054,1.0,1.0,True,False,COM-01908,中继,Q3-R-004,3,16.21703127135791,-3.6441975540626004,1.6126866692443826
PH-0198,Q3-T-024,爬升,2,5721.702396938054,5745.559955096536,0.0,0.7355932396653188,False,False,COM-01909,中继,Q3-R-004,3,16.261235663864255,-3.6471543347584543,1.6126866692443826
PH-0198,Q3-T-024,爬升,2,5745.559955096536,5745.559955096536,0.7355932396653188,0.7355932396653188,True,False,COM-01910,中继,Q3-R-004,3,16.293826010678117,-3.6504157552446372,1.6126866692443826
PH-0198,Q3-T-024,爬升,2,5745.559955096536,5754.135482061753,0.7355932396653188,1.0,False,False,COM-01911,中继,Q3-R-004,0;3,16.302648968376275,-3.651662363782904,1.6126866692443826
PH-0198,Q3-T-024,爬升,2,5754.135482061753,5754.135482061753,1.0,1.0,True,False,COM-01912,中继,Q3-R-004,0;3,16.309926696943194,-3.6529482103014885,1.6126866692443826
PH-0199,Q3-T-024,巡航,2,5754.135482061753,5762.16562324907,0.0,0.01603520606073603,False,False,COM-01913,中继,Q3-R-004,0;3,16.69995319763342,-3.5833767832380374,1.6126866692443826
PH-0199,Q3-T-024,巡航,2,5762.16562324907,5762.16562324907,0.01603520606073603,0.01603520606073603,True,False,COM-01914,中继,Q3-R-004,0;3,17.10209614388461,-3.5132464728640116,1.6126866692443826
PH-0199,Q3-T-024,巡航,2,5762.16562324907,5793.3315726283345,0.01603520606073603,0.07826978061146296,False,False,COM-01915,中继,Q3-R-004,0;3,18.771541947539262,-3.2355982948460706,1.6126866692443826
PH-0199,Q3-T-024,巡航,2,5793.3315726283345,5793.3315726283345,0.07826978061146296,0.07826978061146296,True,False,COM-01916,中继,Q3-R-004,0;3,20.54117644902314,-2.948833073674436,1.6126866692443826
PH-0199,Q3-T-024,巡航,2,5793.3315726283345,5803.739341524857,0.07826978061146296,0.09905281729727407,False,False,COM-01917,中继,Q3-R-003,0;2;3,3.06286459152048,-2.8509332178869897,0.6489723131086578
PH-0199,Q3-T-024,巡航,2,5803.739341524857,5803.739341524857,0.09905281729727407,0.09905281729727407,True,False,COM-01918,中继,Q3-R-004,0;3,21.641016497039516,-2.751924096868052,1.6126866692443826
PH-0199,Q3-T-024,巡航,2,5803.739341524857,5812.376831261397,0.09905281729727407,0.11630082384436308,False,False,COM-01919,中继,Q3-R-004,0;3,22.029639288639814,-2.6688952779382475,1.6126866692443826
PH-0199,Q3-T-024,巡航,2,5812.376831261397,5812.376831261397,0.11630082384436308,0.11630082384436308,True,False,COM-01920,中继,Q3-R-004,0;3,22.353246380370834,-2.5850701768120246,1.6126866692443826
PH-0199,Q3-T-024,巡航,2,5812.376831261397,5820.492773904183,0.11630082384436308,0.13250736487750805,False,False,COM-01921,中继,Q3-R-003,0;2;3,3.190958878814172,-2.505567299341692,0.6489723131086578
PH-0199,Q3-T-024,巡航,2,5820.492773904183,5820.492773904183,0.13250736487750805,0.13250736487750805,True,False,COM-01922,中继,Q3-R-004,0;3,22.723985620663342,-2.425334810722404,1.6126866692443826
PH-0199,Q3-T-024,巡航,2,5820.492773904183,5839.747456881111,0.13250736487750805,0.1709566028133009,False,False,COM-01923,中继,Q3-R-004,0;3,22.67454631294838,-2.231989281304351,1.6126866692443826
PH-0199,Q3-T-024,巡航,2,5839.747456881111,5839.747456881111,0.1709566028133009,0.1709566028133009,True,False,COM-01924,中继,Q3-R-004,0;3,22.116865539519765,-2.0342729299543407,1.6126866692443826
PH-0199,Q3-T-024,巡航,2,5839.747456881111,5900.181367471256,0.1709566028133009,0.29163570256556737,False,False,COM-01925,中继,Q3-R-003,0;2;3,3.4611549635388883,-1.3830026450561945,0.6489723131086578
PH-0199,Q3-T-024,巡航,2,5900.181367471256,5900.181367471256,0.29163570256556737,0.29163570256556737,True,False,COM-01926,中继,Q3-R-003,0;2;3,3.5297395006289776,-0.6793966530465525,0.6489723131086578
PH-0199,Q3-T-024,巡航,2,5900.181367471256,5927.1466215930395,0.29163570256556737,0.3454820044221054,False,False,COM-01927,中继,Q3-R-003,0;2;3,3.5394677129759486,-0.34626802619781927,0.6489723131086578
PH-0199,Q3-T-024,巡航,2,5927.1466215930395,5927.1466215930395,0.3454820044221054,0.3454820044221054,True,True,COM-01928,直连,,,-3.268496584496461e-13,-3.268496584496461e-13,
PH-0199,Q3-T-024,巡航,2,5927.1466215930395,5980.747618651765,0.3454820044221054,0.4525166147543678,False,True,COM-01929,直连,,,0.7316588765709042,0.7316588765709042,
PH-0199,Q3-T-024,巡航,2,5980.747618651765,5980.747618651765,0.4525166147543678,0.4525166147543678,True,True,COM-01930,直连,,,1.5296451312263173,1.5296451312263173,
PH-0199,Q3-T-024,巡航,2,5980.747618651765,5981.374820605868,0.4525166147543678,0.45376906005279044,False,True,COM-01931,直连,,,11.53942327345655,11.53942327345655,
PH-0199,Q3-T-024,巡航,2,5981.374820605868,5981.374820605868,0.45376906005279044,0.45376906005279044,True,True,COM-01932,直连,,,11.549212252129323,11.549212252129323,
PH-0199,Q3-T-024,巡航,2,5981.374820605868,6097.9855141868475,0.45376906005279044,0.6866262984049112,False,True,COM-01933,直连,,,13.587724917176303,13.587724917176303,
PH-0199,Q3-T-024,巡航,2,6097.9855141868475,6097.9855141868475,0.6866262984049112,0.6866262984049112,True,True,COM-01934,直连,,,16.23254526082195,16.23254526082195,
PH-0199,Q3-T-024,巡航,2,6097.9855141868475,6191.7790377280235,0.6866262984049112,0.8739204495364765,False,True,COM-01935,直连,,,19.10463969125246,19.10463969125246,
PH-0199,Q3-T-024,巡航,2,6191.7790377280235,6191.7790377280235,0.8739204495364765,0.8739204495364765,True,True,COM-01936,直连,,,23.172163757658097,23.172163757658097,
PH-0199,Q3-T-024,巡航,2,6191.7790377280235,6254.917396363443,0.8739204495364765,1.0,False,True,COM-01937,直连,,,26.848499841558976,26.848499841558976,
PH-0199,Q3-T-024,巡航,2,6254.917396363443,6254.917396363443,1.0,1.0,True,True,COM-01938,直连,,,29.396424967151802,29.396424967151802,
PH-0200,Q3-T-024,下降,2,6254.917396363443,6398.95925572613,0.0,0.8108652380103922,False,True,COM-01939,直连,,,34.19630814823206,34.19630814823206,
PH-0200,Q3-T-024,下降,2,6398.95925572613,6398.95925572613,0.8108652380103922,0.8108652380103922,True,True,COM-01940,直连,,,45.822907643684175,45.822907643684175,
PH-0200,Q3-T-024,下降,2,6398.95925572613,6410.133838279584,0.8108652380103922,0.8737711223273767,False,True,COM-01941,直连,,,47.96179382527548,47.96179382527548,
PH-0200,Q3-T-024,下降,2,6410.133838279584,6410.133838279584,0.8737711223273767,0.8737711223273767,True,True,COM-01942,直连,,,50.80570620510423,50.80570620510423,
PH-0200,Q3-T-024,下降,2,6410.133838279584,6419.867828417994,0.8737711223273767,0.9285673757588085,False,True,COM-01943,直连,,,54.38121115513738,54.38121115513738,
PH-0200,Q3-T-024,下降,2,6419.867828417994,6419.867828417994,0.9285673757588085,0.9285673757588085,True,True,COM-01944,直连,,,60.56487003084885,60.56487003084885,
PH-0200,Q3-T-024,下降,2,6419.867828417994,6421.033911195334,0.9285673757588085,0.9351316897226201,False,True,COM-01945,直连,,,61.71811229890628,61.71811229890628,
PH-0200,Q3-T-024,下降,2,6421.033911195334,6421.033911195334,0.9351316897226201,0.9351316897226201,True,True,COM-01946,直连,,,63.04826031559075,63.04826031559075,
PH-0200,Q3-T-024,下降,2,6421.033911195334,6432.146882443427,0.9351316897226201,0.9976907410703135,False,True,COM-01947,直连,,,67.82295300936043,67.82295300936043,
PH-0200,Q3-T-024,下降,2,6432.146882443427,6432.146882443427,0.9976907410703135,0.9976907410703135,True,True,COM-01948,直连,,,56.38238674364726,56.38238674364726,
PH-0200,Q3-T-024,下降,2,6432.146882443427,6432.55709851188,0.9976907410703135,1.0,False,True,COM-01949,直连,,,46.15077298411043,46.15077298411043,
PH-0200,Q3-T-024,下降,2,6432.55709851188,6432.55709851188,1.0,1.0,True,True,COM-01950,直连,,,45.92517525248826,45.92517525248826,
PH-0201,Q3-T-025,爬升,1,5131.945123347221,5131.945123347221,0.0,0.0,True,True,COM-01951,直连,,,45.92517525248826,45.92517525248826,
PH-0201,Q3-T-025,爬升,1,5131.945123347221,5132.355339415674,0.0,0.005160966155338672,False,True,COM-01952,直连,,,46.15077298410942,46.15077298410942,
PH-0201,Q3-T-025,爬升,1,5132.355339415674,5132.355339415674,0.005160966155338672,0.005160966155338672,True,True,COM-01953,直连,,,56.38238674364726,56.38238674364726,
PH-0201,Q3-T-025,爬升,1,5132.355339415674,5143.468310663768,0.005160966155338672,0.1449742813990188,False,True,COM-01954,直连,,,67.82295300936033,67.82295300936033,
PH-0201,Q3-T-025,爬升,1,5143.468310663768,5143.468310663768,0.1449742813990188,0.1449742813990188,True,True,COM-01955,直连,,,63.048260315588706,63.048260315588706,
PH-0201,Q3-T-025,爬升,1,5143.468310663768,5144.634393441108,0.1449742813990188,0.1596448762659389,False,True,COM-01956,直连,,,61.71811229890452,61.71811229890452,
PH-0201,Q3-T-025,爬升,1,5144.634393441108,5144.634393441108,0.1596448762659389,0.1596448762659389,True,True,COM-01957,直连,,,60.56487003084734,60.56487003084734,
PH-0201,Q3-T-025,爬升,1,5144.634393441108,5154.368383579517,0.1596448762659389,0.282109103106614,False,True,COM-01958,直连,,,54.38121115513664,54.38121115513664,
PH-0201,Q3-T-025,爬升,1,5154.368383579517,5154.368383579517,0.282109103106614,0.282109103106614,True,True,COM-01959,直连,,,50.805706205104315,50.805706205104315,
PH-0201,Q3-T-025,爬升,1,5154.368383579517,5165.542966132971,0.282109103106614,0.42269755586001867,False,True,COM-01960,直连,,,47.96179382527515,47.96179382527515,
PH-0201,Q3-T-025,爬升,1,5165.542966132971,5165.542966132971,0.42269755586001867,0.42269755586001867,True,True,COM-01961,直连,,,45.82290764368426,45.82290764368426,
PH-0201,Q3-T-025,爬升,1,5165.542966132971,5211.429478815971,0.42269755586001867,1.0,False,True,COM-01962,直连,,,40.26478287358921,40.26478287358921,
PH-0201,Q3-T-025,爬升,1,5211.429478815971,5211.429478815971,1.0,1.0,True,True,COM-01963,直连,,,36.90275487714975,36.90275487714975,
PH-0202,Q3-T-025,巡航,1,5211.429478815971,5451.159631138552,0.0,0.6809732911058279,False,True,COM-01964,直连,,,16.807423283516925,16.807423283516925,
PH-0202,Q3-T-025,巡航,1,5451.159631138552,5451.159631138552,0.6809732911058279,0.6809732911058279,True,True,COM-01965,直连,,,10.818805733526602,10.818805733526602,
PH-0202,Q3-T-025,巡航,1,5451.159631138552,5462.546937701526,0.6809732911058279,0.7133198755963149,False,True,COM-01966,直连,,,10.615415977752363,10.615415977752363,
PH-0202,Q3-T-025,巡航,1,5462.546937701526,5462.546937701526,0.7133198755963149,0.7133198755963149,True,True,COM-01967,直连,,,10.416669329587734,10.416669329587734,
PH-0202,Q3-T-025,巡航,1,5462.546937701526,5474.913987165479,0.7133198755963149,0.7484495006899659,False,True,COM-01968,直连,,,0.20584176564561574,0.20584176564561574,
PH-0202,Q3-T-025,巡航,1,5474.913987165479,5474.913987165479,0.7484495006899659,0.7484495006899659,True,True,COM-01969,直连,,,4.121147867408581e-13,4.121147867408581e-13,
PH-0202,Q3-T-025,巡航,1,5474.913987165479,5477.122989717467,0.7484495006899659,0.7547243548262323,False,False,COM-01970,中继,Q3-R-003,0;2;3,10.132066649173566,-0.036260468166730675,0.6489723131086578
PH-0202,Q3-T-025,巡航,1,5477.122989717467,5477.122989717467,0.7547243548262323,0.7547243548262323,True,False,COM-01971,中继,Q3-R-003,0;2;3,10.20000000000067,-0.07237049538358065,0.6489723131086578
PH-0202,Q3-T-025,巡航,1,5477.122989717467,5543.463714267939,0.7547243548262323,0.943170660365182,False,False,COM-01972,中继,Q3-R-003,0;2;3,12.457254919049333,-1.0923923790210068,0.6489723131086578
PH-0202,Q3-T-025,巡航,1,5543.463714267939,5543.463714267939,0.943170660365182,0.943170660365182,True,False,COM-01973,中继,Q3-R-003,2;3,15.13221836201609,-2.0052730626765083,0.6489723131086578
PH-0202,Q3-T-025,巡航,1,5543.463714267939,5563.469941274175,0.943170660365182,1.0,False,False,COM-01974,中继,Q3-R-003,2;3,15.973890619548072,-2.26276451100955,0.6489723131086578
PH-0202,Q3-T-025,巡航,1,5563.469941274175,5563.469941274175,1.0,1.0,True,False,COM-01975,中继,Q3-R-003,2;3,16.775455676094523,-2.5128506814345712,0.6489723131086578
PH-0203,Q3-T-025,下降,1,5563.469941274175,5603.607507495902,0.0,0.6108712394746583,False,False,COM-01976,中继,Q3-R-003,2;3,16.748079703578767,-2.510869061785442,0.6489723131086578
PH-0203,Q3-T-025,下降,1,5603.607507495902,5603.607507495902,0.6108712394746583,0.6108712394746583,True,False,COM-01977,中继,Q3-R-003,2;3,16.704180026895045,-2.5093882156172356,0.6489723131086578
PH-0203,Q3-T-025,下降,1,5603.607507495902,5622.60339046821,0.6108712394746583,0.8999779210334373,False,False,COM-01978,中继,Q3-R-003,2;3,16.67777949674658,-2.5088621133015323,0.6489723131086578
PH-0203,Q3-T-025,下降,1,5622.60339046821,5622.60339046821,0.8999779210334373,0.8999779210334373,True,False,COM-01979,中继,Q3-R-003,2;3,16.647852739593986,-2.508448334367557,0.6489723131086578
PH-0203,Q3-T-025,下降,1,5622.60339046821,5629.175385610112,0.8999779210334373,1.0,False,False,COM-01980,中继,Q3-R-003,2;3,6.636691146690183,-2.5083313380993957,0.6489723131086578
PH-0203,Q3-T-025,下降,1,5629.175385610112,5629.175385610112,1.0,1.0,True,False,COM-01981,中继,Q3-R-003,2;3,6.625119468658468,-2.508227791369876,0.6489723131086578
PH-0204,Q3-T-025,投送交接,1,5629.175385610112,5953.175385610112,0.0,1.0,False,False,COM-01982,中继,Q3-R-003,2;3,6.625119468658468,-2.508227791369876,0.6489723131086578
PH-0204,Q3-T-025,投送交接,1,5953.175385610112,5953.175385610112,1.0,1.0,True,False,COM-01983,中继,Q3-R-003,2;3,6.625119468658468,-2.508227791369876,0.6489723131086578
PH-0205,Q3-T-025,爬升,2,5953.175385610112,5958.432981723634,0.0,0.10002207896656277,False,False,COM-01984,中继,Q3-R-003,2;3,6.636691146690168,-2.5083313380993957,0.6489723131086578
PH-0205,Q3-T-025,爬升,2,5958.432981723634,5958.432981723634,0.10002207896656277,0.10002207896656277,True,False,COM-01985,中继,Q3-R-003,2;3,6.647852739593986,-2.508448334367557,0.6489723131086578
PH-0205,Q3-T-025,爬升,2,5958.432981723634,5973.6296881014805,0.10002207896656277,0.3891287605253418,False,False,COM-01986,中继,Q3-R-003,2;3,16.67777949674658,-2.5088621133015323,0.6489723131086578
PH-0205,Q3-T-025,爬升,2,5973.6296881014805,5973.6296881014805,0.3891287605253418,0.3891287605253418,True,False,COM-01987,中继,Q3-R-003,2;3,16.704180026895045,-2.5093882156172356,0.6489723131086578
PH-0205,Q3-T-025,爬升,2,5973.6296881014805,6005.739741078863,0.3891287605253418,1.0,False,False,COM-01988,中继,Q3-R-003,2;3,16.748079703578767,-2.510869061785442,0.6489723131086578
PH-0205,Q3-T-025,爬升,2,6005.739741078863,6005.739741078863,1.0,1.0,True,False,COM-01989,中继,Q3-R-003,2;3,16.775455676094523,-2.5128506814345712,0.6489723131086578
PH-0206,Q3-T-025,巡航,2,6005.739741078863,6025.745968085098,0.0,0.056829339634817795,False,False,COM-01990,中继,Q3-R-003,2;3,15.973890619548072,-2.26276451100955,0.6489723131086578
PH-0206,Q3-T-025,巡航,2,6025.745968085098,6025.745968085098,0.056829339634817795,0.056829339634817795,True,False,COM-01991,中继,Q3-R-003,2;3,15.13221836201609,-2.0052730626765083,0.6489723131086578
PH-0206,Q3-T-025,巡航,2,6025.745968085098,6092.08669263557,0.056829339634817795,0.24527564517376804,False,False,COM-01992,中继,Q3-R-003,0;2;3,12.457254919049333,-1.0923923790210068,0.6489723131086578
PH-0206,Q3-T-025,巡航,2,6092.08669263557,6092.08669263557,0.24527564517376804,0.24527564517376804,True,False,COM-01993,中继,Q3-R-003,0;2;3,10.20000000000067,-0.07237049538358065,0.6489723131086578
PH-0206,Q3-T-025,巡航,2,6092.08669263557,6094.295695187559,0.24527564517376804,0.25155049931003415,False,False,COM-01994,中继,Q3-R-003,0;2;3,10.132066649173566,-0.036260468166730675,0.6489723131086578
PH-0206,Q3-T-025,巡航,2,6094.295695187559,6094.295695187559,0.25155049931003415,0.25155049931003415,True,True,COM-01995,直连,,,4.121147867408581e-13,4.121147867408581e-13,
PH-0206,Q3-T-025,巡航,2,6094.295695187559,6106.662744651511,0.25155049931003415,0.28668012440368495,False,True,COM-01996,直连,,,0.20584176564561574,0.20584176564561574,
PH-0206,Q3-T-025,巡航,2,6106.662744651511,6106.662744651511,0.28668012440368495,0.28668012440368495,True,True,COM-01997,直连,,,10.416669329587734,10.416669329587734,
PH-0206,Q3-T-025,巡航,2,6106.662744651511,6118.050051214485,0.28668012440368495,0.31902670889417206,False,True,COM-01998,直连,,,10.615415977752363,10.615415977752363,
PH-0206,Q3-T-025,巡航,2,6118.050051214485,6118.050051214485,0.31902670889417206,0.31902670889417206,True,True,COM-01999,直连,,,10.818805733526602,10.818805733526602,
PH-0206,Q3-T-025,巡航,2,6118.050051214485,6357.780203537066,0.31902670889417206,1.0,False,True,COM-02000,直连,,,16.807423283516925,16.807423283516925,
PH-0206,Q3-T-025,巡航,2,6357.780203537066,6357.780203537066,1.0,1.0,True,True,COM-02001,直连,,,36.90275487714975,36.90275487714975,
PH-0207,Q3-T-025,下降,2,6357.780203537066,6415.138344390816,0.0,0.5773024441399813,False,True,COM-02002,直连,,,40.264782873589226,40.264782873589226,
PH-0207,Q3-T-025,下降,2,6415.138344390816,6415.138344390816,0.5773024441399813,0.5773024441399813,True,True,COM-02003,直连,,,45.822907643684275,45.822907643684275,
PH-0207,Q3-T-025,下降,2,6415.138344390816,6429.106572582633,0.5773024441399813,0.717890896893386,False,True,COM-02004,直连,,,47.96179382527552,47.96179382527552,
PH-0207,Q3-T-025,下降,2,6429.106572582633,6429.106572582633,0.717890896893386,0.717890896893386,True,True,COM-02005,直连,,,50.805706205104315,50.805706205104315,
PH-0207,Q3-T-025,下降,2,6429.106572582633,6441.274060255645,0.717890896893386,0.840355123734061,False,True,COM-02006,直连,,,54.38121115513684,54.38121115513684,
PH-0207,Q3-T-025,下降,2,6441.274060255645,6441.274060255645,0.840355123734061,0.840355123734061,True,True,COM-02007,直连,,,60.564870030848134,60.564870030848134,
PH-0207,Q3-T-025,下降,2,6441.274060255645,6442.731663727321,0.840355123734061,0.8550257186009812,False,True,COM-02008,直连,,,61.71811229890661,61.71811229890661,
PH-0207,Q3-T-025,下降,2,6442.731663727321,6442.731663727321,0.8550257186009812,0.8550257186009812,True,True,COM-02009,直连,,,63.04826031559024,63.04826031559024,
PH-0207,Q3-T-025,下降,2,6442.731663727321,6456.622877787437,0.8550257186009812,0.9948390338446612,False,True,COM-02010,直连,,,67.82295300936208,67.82295300936208,
PH-0207,Q3-T-025,下降,2,6456.622877787437,6456.622877787437,0.9948390338446612,0.9948390338446612,True,True,COM-02011,直连,,,56.38238674364703,56.38238674364703,
PH-0207,Q3-T-025,下降,2,6456.622877787437,6457.135647873003,0.9948390338446612,1.0,False,True,COM-02012,直连,,,46.150772984109835,46.150772984109835,
PH-0207,Q3-T-025,下降,2,6457.135647873003,6457.135647873003,1.0,1.0,True,True,COM-02013,直连,,,45.92517525248826,45.92517525248826,
PH-0208,Q3-T-026,爬升,1,5725.378918144701,5725.378918144701,0.0,0.0,True,True,COM-02014,直连,,,45.92517525248826,45.92517525248826,
PH-0208,Q3-T-026,爬升,1,5725.378918144701,5725.720764868412,0.0,0.006116720947260397,False,True,COM-02015,直连,,,46.150772984109025,46.150772984109025,
PH-0208,Q3-T-026,爬升,1,5725.720764868412,5725.720764868412,0.006116720947260397,0.006116720947260397,True,True,COM-02016,直连,,,46.38238674364662,46.38238674364662,
PH-0208,Q3-T-026,爬升,1,5725.720764868412,5734.981574241823,0.006116720947260397,0.17182194131036893,False,True,COM-02017,直连,,,67.82295300935888,67.82295300935888,
PH-0208,Q3-T-026,爬升,1,5734.981574241823,5734.981574241823,0.17182194131036893,0.17182194131036893,True,True,COM-02018,直连,,,63.048260315588564,63.048260315588564,
PH-0208,Q3-T-026,爬升,1,5734.981574241823,5735.953309889606,0.17182194131036893,0.1892093707625918,False,True,COM-02019,直连,,,61.718112298905965,61.718112298905965,
PH-0208,Q3-T-026,爬升,1,5735.953309889606,5735.953309889606,0.1892093707625918,0.1892093707625918,True,True,COM-02020,直连,,,60.56487003084824,60.56487003084824,
PH-0208,Q3-T-026,爬升,1,5735.953309889606,5744.064968338282,0.1892093707625918,0.33435264027067296,False,True,COM-02021,直连,,,54.38121115513657,54.38121115513657,
PH-0208,Q3-T-026,爬升,1,5744.064968338282,5744.064968338282,0.33435264027067296,0.33435264027067296,True,True,COM-02022,直连,,,50.805706205103945,50.805706205103945,
PH-0208,Q3-T-026,爬升,1,5744.064968338282,5753.377120466159,0.33435264027067296,0.5009765451785029,False,True,COM-02023,直连,,,47.961793825275265,47.961793825275265,
PH-0208,Q3-T-026,爬升,1,5753.377120466159,5753.377120466159,0.5009765451785029,0.5009765451785029,True,True,COM-02024,直连,,,45.82290764368433,45.82290764368433,
PH-0208,Q3-T-026,爬升,1,5753.377120466159,5781.266169935066,0.5009765451785029,1.0,False,True,COM-02025,直连,,,41.4537485233282,41.4537485233282,
PH-0208,Q3-T-026,爬升,1,5781.266169935066,5781.266169935066,1.0,1.0,True,True,COM-02026,直连,,,38.56041462744295,38.56041462744295,
PH-0209,Q3-T-026,巡航,1,5781.266169935066,5845.925383230552,0.0,0.34539264957610377,False,True,COM-02027,直连,,,27.846779148865465,27.846779148865465,
PH-0209,Q3-T-026,巡航,1,5845.925383230552,5845.925383230552,0.34539264957610377,0.34539264957610377,True,True,COM-02028,直连,,,22.11172864838477,22.11172864838477,
PH-0209,Q3-T-026,巡航,1,5845.925383230552,5904.471862704505,0.34539264957610377,0.6581326697252977,False,True,COM-02029,直连,,,18.920099586903177,18.920099586903177,
PH-0209,Q3-T-026,巡航,1,5904.471862704505,5904.471862704505,0.6581326697252977,0.6581326697252977,True,True,COM-02030,直连,,,6.583598399403556,6.583598399403556,
PH-0209,Q3-T-026,巡航,1,5904.471862704505,5944.949675279734,0.6581326697252977,0.8743545849303681,False,True,COM-02031,直连,,,5.269761323710469,5.269761323710469,
PH-0209,Q3-T-026,巡航,1,5944.949675279734,5944.949675279734,0.8743545849303681,0.8743545849303681,True,True,COM-02032,直连,,,4.128072547475469,4.128072547475469,
PH-0209,Q3-T-026,巡航,1,5944.949675279734,5963.1023699432535,0.8743545849303681,0.9713215442734503,False,True,COM-02033,直连,,,3.6609160379091605,3.6609160379091605,
PH-0209,Q3-T-026,巡航,1,5963.1023699432535,5963.1023699432535,0.9713215442734503,0.9713215442734503,True,True,COM-02034,直连,,,3.217533917305559,3.217533917305559,
PH-0209,Q3-T-026,巡航,1,5963.1023699432535,5968.471118780509,0.9713215442734503,1.0,False,True,COM-02035,直连,,,3.090611481187338,3.090611481187338,
PH-0209,Q3-T-026,巡航,1,5968.471118780509,5968.471118780509,1.0,1.0,True,True,COM-02036,直连,,,2.9655118891521965,2.9655118891521965,
PH-0210,Q3-T-026,下降,1,5968.471118780509,5985.9347576945265,0.0,0.5243595584846749,False,True,COM-02037,直连,,,2.9687921961294137,2.9687921961294137,
PH-0210,Q3-T-026,下降,1,5985.9347576945265,5985.9347576945265,0.5243595584846749,0.5243595584846749,True,True,COM-02038,直连,,,2.971550769894037,2.971550769894037,
PH-0210,Q3-T-026,下降,1,5985.9347576945265,6001.775820928946,0.5243595584846749,1.0,False,True,COM-02039,直连,,,2.973600928856058,2.973600928856058,
PH-0210,Q3-T-026,下降,1,6001.775820928946,6001.775820928946,1.0,1.0,True,True,COM-02040,直连,,,2.9752203689650543,2.9752203689650543,
PH-0211,Q3-T-026,投送交接,1,6001.775820928946,6181.775820928946,0.0,1.0,False,True,COM-02041,直连,,,2.9752203689650543,2.9752203689650543,
PH-0211,Q3-T-026,投送交接,1,6181.775820928946,6181.775820928946,1.0,1.0,True,True,COM-02042,直连,,,2.9752203689650543,2.9752203689650543,
PH-0212,Q3-T-026,爬升,2,6181.775820928946,6194.976706957628,0.0,0.4756404415153251,False,True,COM-02043,直连,,,2.973600928856058,2.973600928856058,
PH-0212,Q3-T-026,爬升,2,6194.976706957628,6194.976706957628,0.4756404415153251,0.4756404415153251,True,True,COM-02044,直连,,,2.971550769894037,2.971550769894037,
PH-0212,Q3-T-026,爬升,2,6194.976706957628,6209.529739385977,0.4756404415153251,1.0,False,True,COM-02045,直连,,,2.9687921961294137,2.9687921961294137,
PH-0212,Q3-T-026,爬升,2,6209.529739385977,6209.529739385977,1.0,1.0,True,True,COM-02046,直连,,,2.9655118891521965,2.9655118891521965,
PH-0213,Q3-T-026,巡航,2,6209.529739385977,6214.898488223233,0.0,0.028678455726549642,False,True,COM-02047,直连,,,3.090611481187338,3.090611481187338,
PH-0213,Q3-T-026,巡航,2,6214.898488223233,6214.898488223233,0.028678455726549642,0.028678455726549642,True,True,COM-02048,直连,,,3.217533917305559,3.217533917305559,
PH-0213,Q3-T-026,巡航,2,6214.898488223233,6233.051182886752,0.028678455726549642,0.1256454150696322,False,True,COM-02049,直连,,,3.6609160379091605,3.6609160379091605,
PH-0213,Q3-T-026,巡航,2,6233.051182886752,6233.051182886752,0.1256454150696322,0.1256454150696322,True,True,COM-02050,直连,,,4.128072547475469,4.128072547475469,
PH-0213,Q3-T-026,巡航,2,6233.051182886752,6273.528995461981,0.1256454150696322,0.34186733027470195,False,True,COM-02051,直连,,,5.269761323710469,5.269761323710469,
PH-0213,Q3-T-026,巡航,2,6273.528995461981,6273.528995461981,0.34186733027470195,0.34186733027470195,True,True,COM-02052,直连,,,6.583598399403556,6.583598399403556,
PH-0213,Q3-T-026,巡航,2,6273.528995461981,6332.075474935934,0.34186733027470195,0.6546073504238962,False,True,COM-02053,直连,,,18.920099586903177,18.920099586903177,
PH-0213,Q3-T-026,巡航,2,6332.075474935934,6332.075474935934,0.6546073504238962,0.6546073504238962,True,True,COM-02054,直连,,,22.11172864838477,22.11172864838477,
PH-0213,Q3-T-026,巡航,2,6332.075474935934,6396.7346882314205,0.6546073504238962,1.0,False,True,COM-02055,直连,,,27.846779148865465,27.846779148865465,
PH-0213,Q3-T-026,巡航,2,6396.7346882314205,6396.7346882314205,1.0,1.0,True,True,COM-02056,直连,,,38.56041462744295,38.56041462744295,
PH-0214,Q3-T-026,下降,2,6396.7346882314205,6430.201547594108,0.0,0.4990234548214971,False,True,COM-02057,直连,,,41.45374852332817,41.45374852332817,
PH-0214,Q3-T-026,下降,2,6430.201547594108,6430.201547594108,0.4990234548214971,0.4990234548214971,True,True,COM-02058,直连,,,45.822907643684175,45.822907643684175,
PH-0214,Q3-T-026,下降,2,6430.201547594108,6441.3761301475615,0.4990234548214971,0.665647359729327,False,True,COM-02059,直连,,,47.96179382527508,47.96179382527508,
PH-0214,Q3-T-026,下降,2,6441.3761301475615,6441.3761301475615,0.665647359729327,0.665647359729327,True,True,COM-02060,直连,,,50.80570620510423,50.80570620510423,
PH-0214,Q3-T-026,下降,2,6441.3761301475615,6451.110120285972,0.665647359729327,0.8107906292374082,False,True,COM-02061,直连,,,54.381211155136555,54.381211155136555,
PH-0214,Q3-T-026,下降,2,6451.110120285972,6451.110120285972,0.8107906292374082,0.8107906292374082,True,True,COM-02062,直连,,,60.56487003084885,60.56487003084885,
PH-0214,Q3-T-026,下降,2,6451.110120285972,6452.276203063312,0.8107906292374082,0.828178058689631,False,True,COM-02063,直连,,,61.7181122989082,61.7181122989082,
PH-0214,Q3-T-026,下降,2,6452.276203063312,6452.276203063312,0.828178058689631,0.828178058689631,True,True,COM-02064,直连,,,63.048260315590774,63.048260315590774,
PH-0214,Q3-T-026,下降,2,6452.276203063312,6463.3891743114045,0.828178058689631,0.9938832790527395,False,True,COM-02065,直连,,,67.82295300936048,67.82295300936048,
PH-0214,Q3-T-026,下降,2,6463.3891743114045,6463.3891743114045,0.9938832790527395,0.9938832790527395,True,True,COM-02066,直连,,,56.38238674364726,56.38238674364726,
PH-0214,Q3-T-026,下降,2,6463.3891743114045,6463.799390379858,0.9938832790527395,1.0,False,True,COM-02067,直连,,,46.15077298410942,46.15077298410942,
PH-0214,Q3-T-026,下降,2,6463.799390379858,6463.799390379858,1.0,1.0,True,True,COM-02068,直连,,,45.92517525248826,45.92517525248826,
