运输架次编号,通信阶段,开始时刻（s）,结束时刻（s）,保障方式,中继架次编号
Q3-T-001,爬升·边界点,390.0,390.0,直连,
Q3-T-001,爬升,390.0,390.34184672371094,直连,
Q3-T-001,爬升·边界点,390.34184672371094,390.34184672371094,直连,
Q3-T-001,爬升,390.34184672371094,399.60265609712184,直连,
Q3-T-001,爬升·边界点,399.60265609712184,399.60265609712184,直连,
Q3-T-001,爬升,399.60265609712184,400.5743917449054,直连,
Q3-T-001,爬升·边界点,400.5743917449054,400.5743917449054,直连,
Q3-T-001,爬升,400.5743917449054,408.6860501935803,直连,
Q3-T-001,爬升·边界点,408.6860501935803,408.6860501935803,直连,
Q3-T-001,爬升,408.6860501935803,417.99820232145794,直连,
Q3-T-001,爬升·边界点,417.99820232145794,417.99820232145794,直连,
Q3-T-001,爬升,417.99820232145794,442.62231115873317,直连,
Q3-T-001,爬升·边界点,442.62231115873317,442.62231115873317,直连,
Q3-T-001,爬升,442.62231115873317,492.6455118815104,直连,
Q3-T-001,爬升·边界点,492.6455118815104,492.6455118815104,直连,
Q3-T-001,巡航,492.6455118815104,639.1032424286232,直连,
Q3-T-001,巡航·边界点,639.1032424286232,639.1032424286232,直连,
Q3-T-001,巡航,639.1032424286232,641.0121914181283,直连,
Q3-T-001,巡航·边界点,641.0121914181283,641.0121914181283,直连,
Q3-T-001,巡航,641.0121914181283,648.9339572893757,直连,
Q3-T-001,巡航·边界点,648.9339572893757,648.9339572893757,直连,
Q3-T-001,巡航,648.9339572893757,749.3812221939677,直连,
Q3-T-001,巡航·边界点,749.3812221939677,749.3812221939677,直连,
Q3-T-001,巡航,749.3812221939677,821.4501659020625,直连,
Q3-T-001,巡航·边界点,821.4501659020625,821.4501659020625,直连,
Q3-T-001,巡航,821.4501659020625,825.465405859537,中继,Q3-R-001
Q3-T-001,巡航·边界点,825.465405859537,825.465405859537,中继,Q3-R-001
Q3-T-001,巡航,825.465405859537,880.678511911715,中继,Q3-R-002
Q3-T-001,巡航·边界点,880.678511911715,880.678511911715,中继,Q3-R-002
Q3-T-001,巡航,880.678511911715,891.3534161851755,中继,Q3-R-002
Q3-T-001,巡航·边界点,891.3534161851755,891.3534161851755,中继,Q3-R-002
Q3-T-001,下降,891.3534161851755,898.1787454566407,中继,Q3-R-002
Q3-T-001,下降·边界点,898.1787454566407,898.1787454566407,中继,Q3-R-002
Q3-T-001,下降,898.1787454566407,904.6688193685209,中继,Q3-R-002
Q3-T-001,下降·边界点,904.6688193685209,904.6688193685209,中继,Q3-R-002
Q3-T-001,下降,904.6688193685209,918.4111389498785,中继,Q3-R-002
Q3-T-001,下降·边界点,918.4111389498785,918.4111389498785,中继,Q3-R-002
Q3-T-001,下降,918.4111389498785,924.968030442988,中继,Q3-R-002
Q3-T-001,下降·边界点,924.968030442988,924.968030442988,中继,Q3-R-002
Q3-T-001,投送交接,924.968030442988,1134.968030442988,中继,Q3-R-002
Q3-T-001,投送交接·边界点,1134.968030442988,1134.968030442988,中继,Q3-R-002
Q3-T-001,爬升,1134.968030442988,1140.432106687246,中继,Q3-R-002
Q3-T-001,爬升·边界点,1140.432106687246,1140.432106687246,中继,Q3-R-002
Q3-T-001,爬升,1140.432106687246,1151.8840396717108,中继,Q3-R-002
Q3-T-001,爬升·边界点,1151.8840396717108,1151.8840396717108,中继,Q3-R-002
Q3-T-001,爬升,1151.8840396717108,1157.2924345982774,中继,Q3-R-002
Q3-T-001,爬升·边界点,1157.2924345982774,1157.2924345982774,中继,Q3-R-002
Q3-T-001,爬升,1157.2924345982774,1185.79148828804,中继,Q3-R-002
Q3-T-001,爬升·边界点,1185.79148828804,1185.79148828804,中继,Q3-R-002
Q3-T-001,巡航,1185.79148828804,1191.1170346711465,中继,Q3-R-002
Q3-T-001,巡航·边界点,1191.1170346711465,1191.1170346711465,中继,Q3-R-002
Q3-T-001,巡航,1191.1170346711465,1225.977956606348,中继,Q3-R-002
Q3-T-001,巡航·边界点,1225.977956606348,1225.977956606348,中继,Q3-R-002
Q3-T-001,巡航,1225.977956606348,1238.7653270274513,中继,Q3-R-002
Q3-T-001,巡航·边界点,1238.7653270274513,1238.7653270274513,中继,Q3-R-002
Q3-T-001,巡航,1238.7653270274513,1300.6808690926412,中继,Q3-R-002
Q3-T-001,巡航·边界点,1300.6808690926412,1300.6808690926412,中继,Q3-R-002
Q3-T-001,下降,1300.6808690926412,1361.6290185067037,中继,Q3-R-002
Q3-T-001,下降·边界点,1361.6290185067037,1361.6290185067037,中继,Q3-R-002
Q3-T-001,投送交接,1361.6290185067037,1541.6290185067037,中继,Q3-R-002
Q3-T-001,投送交接·边界点,1541.6290185067037,1541.6290185067037,中继,Q3-R-002
Q3-T-001,爬升,1541.6290185067037,1557.4562930835266,中继,Q3-R-002
Q3-T-001,爬升·边界点,1557.4562930835266,1557.4562930835266,中继,Q3-R-002
Q3-T-001,巡航,1557.4562930835266,1591.4571197274638,中继,Q3-R-002
Q3-T-001,巡航·边界点,1591.4571197274638,1591.4571197274638,中继,Q3-R-002
Q3-T-001,巡航,1591.4571197274638,1632.5552185727386,中继,Q3-R-002
Q3-T-001,巡航·边界点,1632.5552185727386,1632.5552185727386,直连,
Q3-T-001,巡航,1632.5552185727386,1725.1025110660835,直连,
Q3-T-001,巡航·边界点,1725.1025110660835,1725.1025110660835,直连,
Q3-T-001,巡航,1725.1025110660835,1759.8076502257975,直连,
Q3-T-001,巡航·边界点,1759.8076502257975,1759.8076502257975,直连,
Q3-T-001,巡航,1759.8076502257975,1961.5598245194026,直连,
Q3-T-001,巡航·边界点,1961.5598245194026,1961.5598245194026,直连,
Q3-T-001,下降,1961.5598245194026,2036.5547112258405,直连,
Q3-T-001,下降·边界点,2036.5547112258405,2036.5547112258405,直连,
Q3-T-001,下降,2036.5547112258405,2047.7292937792936,直连,
Q3-T-001,下降·边界点,2047.7292937792936,2047.7292937792936,直连,
Q3-T-001,下降,2047.7292937792936,2057.4632839177034,直连,
Q3-T-001,下降·边界点,2057.4632839177034,2057.4632839177034,直连,
Q3-T-001,下降,2057.4632839177034,2058.6293666950437,直连,
Q3-T-001,下降·边界点,2058.6293666950437,2058.6293666950437,直连,
Q3-T-001,下降,2058.6293666950437,2069.7423379431366,直连,
Q3-T-001,下降·边界点,2069.7423379431366,2069.7423379431366,直连,
Q3-T-001,下降,2069.7423379431366,2070.15255401159,直连,
Q3-T-001,下降·边界点,2070.15255401159,2070.15255401159,直连,
Q3-T-002,爬升·边界点,360.0,360.0,直连,
Q3-T-002,爬升,360.0,360.34184672371094,直连,
Q3-T-002,爬升·边界点,360.34184672371094,360.34184672371094,直连,
Q3-T-002,爬升,360.34184672371094,369.60265609712184,直连,
Q3-T-002,爬升·边界点,369.60265609712184,369.60265609712184,直连,
Q3-T-002,爬升,369.60265609712184,370.5743917449054,直连,
Q3-T-002,爬升·边界点,370.5743917449054,370.5743917449054,直连,
Q3-T-002,爬升,370.5743917449054,378.6860501935803,直连,
Q3-T-002,爬升·边界点,378.6860501935803,378.6860501935803,直连,
Q3-T-002,爬升,378.6860501935803,387.99820232145794,直连,
Q3-T-002,爬升·边界点,387.99820232145794,387.99820232145794,直连,
Q3-T-002,爬升,387.99820232145794,408.45220336914065,直连,
Q3-T-002,爬升·边界点,408.45220336914065,408.45220336914065,直连,
Q3-T-002,巡航,408.45220336914065,442.62231115873317,直连,
Q3-T-002,巡航·边界点,442.62231115873317,442.62231115873317,直连,
Q3-T-002,巡航,442.62231115873317,542.4228357746762,直连,
Q3-T-002,巡航·边界点,542.4228357746762,542.4228357746762,直连,
Q3-T-002,巡航,542.4228357746762,595.2985493120008,直连,
Q3-T-002,巡航·边界点,595.2985493120008,595.2985493120008,直连,
Q3-T-002,巡航,595.2985493120008,607.6266838664694,直连,
Q3-T-002,巡航·边界点,607.6266838664694,607.6266838664694,直连,
Q3-T-002,巡航,607.6266838664694,639.1032424286232,直连,
Q3-T-002,巡航·边界点,639.1032424286232,639.1032424286232,直连,
Q3-T-002,巡航,639.1032424286232,662.9504403290156,直连,
Q3-T-002,巡航·边界点,662.9504403290156,662.9504403290156,直连,
Q3-T-002,下降,662.9504403290156,688.4143651774021,直连,
Q3-T-002,下降·边界点,688.4143651774021,688.4143651774021,直连,
Q3-T-002,下降,688.4143651774021,694.3842982433409,直连,
Q3-T-002,下降·边界点,694.3842982433409,694.3842982433409,直连,
Q3-T-002,下降,694.3842982433409,697.0820771027705,直连,
Q3-T-002,下降·边界点,697.0820771027705,697.0820771027705,直连,
Q3-T-002,下降,697.0820771027705,698.5730843719844,直连,
Q3-T-002,下降·边界点,698.5730843719844,698.5730843719844,直连,
Q3-T-002,投送交接,698.5730843719844,908.5730843719844,直连,
Q3-T-002,投送交接·边界点,908.5730843719844,908.5730843719844,直连,
Q3-T-002,爬升,908.5730843719844,909.8155904296625,直连,
Q3-T-002,爬升·边界点,909.8155904296625,909.8155904296625,直连,
Q3-T-002,爬升,909.8155904296625,912.0637394791872,直连,
Q3-T-002,爬升·边界点,912.0637394791872,912.0637394791872,直连,
Q3-T-002,爬升,912.0637394791872,917.0386837008028,直连,
Q3-T-002,爬升·边界点,917.0386837008028,917.0386837008028,直连,
Q3-T-002,爬升,917.0386837008028,938.2586210744583,直连,
Q3-T-002,爬升·边界点,938.2586210744583,938.2586210744583,直连,
Q3-T-002,巡航,938.2586210744583,993.5823775370045,直连,
Q3-T-002,巡航·边界点,993.5823775370045,993.5823775370045,直连,
Q3-T-002,巡航,993.5823775370045,1005.910512091473,直连,
Q3-T-002,巡航·边界点,1005.910512091473,1005.910512091473,直连,
Q3-T-002,巡航,1005.910512091473,1058.7862256287979,直连,
Q3-T-002,巡航·边界点,1058.7862256287979,1058.7862256287979,直连,
Q3-T-002,巡航,1058.7862256287979,1192.7568580343334,直连,
Q3-T-002,巡航·边界点,1192.7568580343334,1192.7568580343334,直连,
Q3-T-002,下降,1192.7568580343334,1217.3016592915526,直连,
Q3-T-002,下降·边界点,1217.3016592915526,1217.3016592915526,直连,
Q3-T-002,下降,1217.3016592915526,1225.977956606348,直连,
Q3-T-002,下降·边界点,1225.977956606348,1225.977956606348,直连,
Q3-T-002,下降,1225.977956606348,1228.476241845006,直连,
Q3-T-002,下降·边界点,1228.476241845006,1228.476241845006,直连,
Q3-T-002,下降,1228.476241845006,1238.2102319834157,直连,
Q3-T-002,下降·边界点,1238.2102319834157,1238.2102319834157,直连,
Q3-T-002,下降,1238.2102319834157,1239.376314760756,直连,
Q3-T-002,下降·边界点,1239.376314760756,1239.376314760756,直连,
Q3-T-002,下降,1239.376314760756,1250.4892860088491,直连,
Q3-T-002,下降·边界点,1250.4892860088491,1250.4892860088491,直连,
Q3-T-002,下降,1250.4892860088491,1250.8995020773023,直连,
Q3-T-002,下降·边界点,1250.8995020773023,1250.8995020773023,直连,
Q3-T-003,爬升·边界点,360.0,360.0,直连,
Q3-T-003,爬升,360.0,360.34184672371094,直连,
Q3-T-003,爬升·边界点,360.34184672371094,360.34184672371094,直连,
Q3-T-003,爬升,360.34184672371094,369.60265609712184,直连,
Q3-T-003,爬升·边界点,369.60265609712184,369.60265609712184,直连,
Q3-T-003,爬升,369.60265609712184,370.5743917449054,直连,
Q3-T-003,爬升·边界点,370.5743917449054,370.5743917449054,直连,
Q3-T-003,爬升,370.5743917449054,378.6860501935803,直连,
Q3-T-003,爬升·边界点,378.6860501935803,378.6860501935803,直连,
Q3-T-003,爬升,378.6860501935803,387.99820232145794,直连,
Q3-T-003,爬升·边界点,387.99820232145794,387.99820232145794,直连,
Q3-T-003,爬升,387.99820232145794,408.45220336914065,直连,
Q3-T-003,爬升·边界点,408.45220336914065,408.45220336914065,直连,
Q3-T-003,巡航,408.45220336914065,442.62231115873317,直连,
Q3-T-003,巡航·边界点,442.62231115873317,442.62231115873317,直连,
Q3-T-003,巡航,442.62231115873317,542.4228357746762,直连,
Q3-T-003,巡航·边界点,542.4228357746762,542.4228357746762,直连,
Q3-T-003,巡航,542.4228357746762,595.2985493120008,直连,
Q3-T-003,巡航·边界点,595.2985493120008,595.2985493120008,直连,
Q3-T-003,巡航,595.2985493120008,607.6266838664694,直连,
Q3-T-003,巡航·边界点,607.6266838664694,607.6266838664694,直连,
Q3-T-003,巡航,607.6266838664694,639.1032424286232,直连,
Q3-T-003,巡航·边界点,639.1032424286232,639.1032424286232,直连,
Q3-T-003,巡航,639.1032424286232,662.9504403290156,直连,
Q3-T-003,巡航·边界点,662.9504403290156,662.9504403290156,直连,
Q3-T-003,下降,662.9504403290156,688.4143651774021,直连,
Q3-T-003,下降·边界点,688.4143651774021,688.4143651774021,直连,
Q3-T-003,下降,688.4143651774021,694.3842982433409,直连,
Q3-T-003,下降·边界点,694.3842982433409,694.3842982433409,直连,
Q3-T-003,下降,694.3842982433409,697.0820771027705,直连,
Q3-T-003,下降·边界点,697.0820771027705,697.0820771027705,直连,
Q3-T-003,下降,697.0820771027705,698.5730843719844,直连,
Q3-T-003,下降·边界点,698.5730843719844,698.5730843719844,直连,
Q3-T-003,投送交接,698.5730843719844,908.5730843719844,直连,
Q3-T-003,投送交接·边界点,908.5730843719844,908.5730843719844,直连,
Q3-T-003,爬升,908.5730843719844,909.8155904296625,直连,
Q3-T-003,爬升·边界点,909.8155904296625,909.8155904296625,直连,
Q3-T-003,爬升,909.8155904296625,912.0637394791872,直连,
Q3-T-003,爬升·边界点,912.0637394791872,912.0637394791872,直连,
Q3-T-003,爬升,912.0637394791872,917.0386837008028,直连,
Q3-T-003,爬升·边界点,917.0386837008028,917.0386837008028,直连,
Q3-T-003,爬升,917.0386837008028,938.2586210744583,直连,
Q3-T-003,爬升·边界点,938.2586210744583,938.2586210744583,直连,
Q3-T-003,巡航,938.2586210744583,993.5823775370045,直连,
Q3-T-003,巡航·边界点,993.5823775370045,993.5823775370045,直连,
Q3-T-003,巡航,993.5823775370045,1005.910512091473,直连,
Q3-T-003,巡航·边界点,1005.910512091473,1005.910512091473,直连,
Q3-T-003,巡航,1005.910512091473,1058.7862256287979,直连,
Q3-T-003,巡航·边界点,1058.7862256287979,1058.7862256287979,直连,
Q3-T-003,巡航,1058.7862256287979,1192.7568580343334,直连,
Q3-T-003,巡航·边界点,1192.7568580343334,1192.7568580343334,直连,
Q3-T-003,下降,1192.7568580343334,1217.3016592915526,直连,
Q3-T-003,下降·边界点,1217.3016592915526,1217.3016592915526,直连,
Q3-T-003,下降,1217.3016592915526,1225.977956606348,直连,
Q3-T-003,下降·边界点,1225.977956606348,1225.977956606348,直连,
Q3-T-003,下降,1225.977956606348,1228.476241845006,直连,
Q3-T-003,下降·边界点,1228.476241845006,1228.476241845006,直连,
Q3-T-003,下降,1228.476241845006,1238.2102319834157,直连,
Q3-T-003,下降·边界点,1238.2102319834157,1238.2102319834157,直连,
Q3-T-003,下降,1238.2102319834157,1239.376314760756,直连,
Q3-T-003,下降·边界点,1239.376314760756,1239.376314760756,直连,
Q3-T-003,下降,1239.376314760756,1250.4892860088491,直连,
Q3-T-003,下降·边界点,1250.4892860088491,1250.4892860088491,直连,
Q3-T-003,下降,1250.4892860088491,1250.8995020773023,直连,
Q3-T-003,下降·边界点,1250.8995020773023,1250.8995020773023,直连,
Q3-T-004,爬升·边界点,360.0,360.0,直连,
Q3-T-004,爬升,360.0,360.34184672371094,直连,
Q3-T-004,爬升·边界点,360.34184672371094,360.34184672371094,直连,
Q3-T-004,爬升,360.34184672371094,369.60265609712184,直连,
Q3-T-004,爬升·边界点,369.60265609712184,369.60265609712184,直连,
Q3-T-004,爬升,369.60265609712184,370.5743917449054,直连,
Q3-T-004,爬升·边界点,370.5743917449054,370.5743917449054,直连,
Q3-T-004,爬升,370.5743917449054,378.6860501935803,直连,
Q3-T-004,爬升·边界点,378.6860501935803,378.6860501935803,直连,
Q3-T-004,爬升,378.6860501935803,387.99820232145794,直连,
Q3-T-004,爬升·边界点,387.99820232145794,387.99820232145794,直连,
Q3-T-004,爬升,387.99820232145794,408.45220336914065,直连,
Q3-T-004,爬升·边界点,408.45220336914065,408.45220336914065,直连,
Q3-T-004,巡航,408.45220336914065,442.62231115873317,直连,
Q3-T-004,巡航·边界点,442.62231115873317,442.62231115873317,直连,
Q3-T-004,巡航,442.62231115873317,542.4228357746762,直连,
Q3-T-004,巡航·边界点,542.4228357746762,542.4228357746762,直连,
Q3-T-004,巡航,542.4228357746762,595.2985493120008,直连,
Q3-T-004,巡航·边界点,595.2985493120008,595.2985493120008,直连,
Q3-T-004,巡航,595.2985493120008,607.6266838664694,直连,
Q3-T-004,巡航·边界点,607.6266838664694,607.6266838664694,直连,
Q3-T-004,巡航,607.6266838664694,639.1032424286232,直连,
Q3-T-004,巡航·边界点,639.1032424286232,639.1032424286232,直连,
Q3-T-004,巡航,639.1032424286232,662.9504403290156,直连,
Q3-T-004,巡航·边界点,662.9504403290156,662.9504403290156,直连,
Q3-T-004,下降,662.9504403290156,688.4143651774021,直连,
Q3-T-004,下降·边界点,688.4143651774021,688.4143651774021,直连,
Q3-T-004,下降,688.4143651774021,694.3842982433409,直连,
Q3-T-004,下降·边界点,694.3842982433409,694.3842982433409,直连,
Q3-T-004,下降,694.3842982433409,697.0820771027705,直连,
Q3-T-004,下降·边界点,697.0820771027705,697.0820771027705,直连,
Q3-T-004,下降,697.0820771027705,698.5730843719844,直连,
Q3-T-004,下降·边界点,698.5730843719844,698.5730843719844,直连,
Q3-T-004,投送交接,698.5730843719844,908.5730843719844,直连,
Q3-T-004,投送交接·边界点,908.5730843719844,908.5730843719844,直连,
Q3-T-004,爬升,908.5730843719844,909.8155904296625,直连,
Q3-T-004,爬升·边界点,909.8155904296625,909.8155904296625,直连,
Q3-T-004,爬升,909.8155904296625,912.0637394791872,直连,
Q3-T-004,爬升·边界点,912.0637394791872,912.0637394791872,直连,
Q3-T-004,爬升,912.0637394791872,917.0386837008028,直连,
Q3-T-004,爬升·边界点,917.0386837008028,917.0386837008028,直连,
Q3-T-004,爬升,917.0386837008028,938.2586210744583,直连,
Q3-T-004,爬升·边界点,938.2586210744583,938.2586210744583,直连,
Q3-T-004,巡航,938.2586210744583,993.5823775370045,直连,
Q3-T-004,巡航·边界点,993.5823775370045,993.5823775370045,直连,
Q3-T-004,巡航,993.5823775370045,1005.910512091473,直连,
Q3-T-004,巡航·边界点,1005.910512091473,1005.910512091473,直连,
Q3-T-004,巡航,1005.910512091473,1058.7862256287979,直连,
Q3-T-004,巡航·边界点,1058.7862256287979,1058.7862256287979,直连,
Q3-T-004,巡航,1058.7862256287979,1192.7568580343334,直连,
Q3-T-004,巡航·边界点,1192.7568580343334,1192.7568580343334,直连,
Q3-T-004,下降,1192.7568580343334,1217.3016592915526,直连,
Q3-T-004,下降·边界点,1217.3016592915526,1217.3016592915526,直连,
Q3-T-004,下降,1217.3016592915526,1225.977956606348,直连,
Q3-T-004,下降·边界点,1225.977956606348,1225.977956606348,直连,
Q3-T-004,下降,1225.977956606348,1228.476241845006,直连,
Q3-T-004,下降·边界点,1228.476241845006,1228.476241845006,直连,
Q3-T-004,下降,1228.476241845006,1238.2102319834157,直连,
Q3-T-004,下降·边界点,1238.2102319834157,1238.2102319834157,直连,
Q3-T-004,下降,1238.2102319834157,1239.376314760756,直连,
Q3-T-004,下降·边界点,1239.376314760756,1239.376314760756,直连,
Q3-T-004,下降,1239.376314760756,1250.4892860088491,直连,
Q3-T-004,下降·边界点,1250.4892860088491,1250.4892860088491,直连,
Q3-T-004,下降,1250.4892860088491,1250.8995020773023,直连,
Q3-T-004,下降·边界点,1250.8995020773023,1250.8995020773023,直连,
Q3-T-005,爬升·边界点,360.0,360.0,直连,
Q3-T-005,爬升,360.0,360.34184672371094,直连,
Q3-T-005,爬升·边界点,360.34184672371094,360.34184672371094,直连,
Q3-T-005,爬升,360.34184672371094,369.60265609712184,直连,
Q3-T-005,爬升·边界点,369.60265609712184,369.60265609712184,直连,
Q3-T-005,爬升,369.60265609712184,370.5743917449054,直连,
Q3-T-005,爬升·边界点,370.5743917449054,370.5743917449054,直连,
Q3-T-005,爬升,370.5743917449054,378.6860501935803,直连,
Q3-T-005,爬升·边界点,378.6860501935803,378.6860501935803,直连,
Q3-T-005,爬升,378.6860501935803,387.99820232145794,直连,
Q3-T-005,爬升·边界点,387.99820232145794,387.99820232145794,直连,
Q3-T-005,爬升,387.99820232145794,442.62231115873317,直连,
Q3-T-005,爬升·边界点,442.62231115873317,442.62231115873317,直连,
Q3-T-005,爬升,442.62231115873317,488.0910583496094,直连,
Q3-T-005,爬升·边界点,488.0910583496094,488.0910583496094,直连,
Q3-T-005,巡航,488.0910583496094,534.8765890021349,直连,
Q3-T-005,巡航·边界点,534.8765890021349,534.8765890021349,直连,
Q3-T-005,巡航,534.8765890021349,593.6038086148992,直连,
Q3-T-005,巡航·边界点,593.6038086148992,593.6038086148992,直连,
Q3-T-005,巡航,593.6038086148992,639.1032424286232,直连,
Q3-T-005,巡航·边界点,639.1032424286232,639.1032424286232,直连,
Q3-T-005,巡航,639.1032424286232,738.0826087507219,直连,
Q3-T-005,巡航·边界点,738.0826087507219,738.0826087507219,直连,
Q3-T-005,巡航,738.0826087507219,742.895688322179,直连,
Q3-T-005,巡航·边界点,742.895688322179,742.895688322179,直连,
Q3-T-005,巡航,742.895688322179,750.7088541594214,直连,
Q3-T-005,巡航·边界点,750.7088541594214,750.7088541594214,直连,
Q3-T-005,巡航,750.7088541594214,790.3884294706104,中继,Q3-R-001
Q3-T-005,巡航·边界点,790.3884294706104,790.3884294706104,中继,Q3-R-001
Q3-T-005,下降,790.3884294706104,795.1750902401337,中继,Q3-R-001
Q3-T-005,下降·边界点,795.1750902401337,795.1750902401337,中继,Q3-R-001
Q3-T-005,下降,795.1750902401337,844.7310847644897,中继,Q3-R-001
Q3-T-005,下降·边界点,844.7310847644897,844.7310847644897,中继,Q3-R-001
Q3-T-005,下降,844.7310847644897,855.0413130882181,中继,Q3-R-001
Q3-T-005,下降·边界点,855.0413130882181,855.0413130882181,中继,Q3-R-001
Q3-T-005,下降,855.0413130882181,855.7776994901417,中继,Q3-R-001
Q3-T-005,下降·边界点,855.7776994901417,855.7776994901417,中继,Q3-R-001
Q3-T-005,投送交接,855.7776994901417,1065.7776994901417,中继,Q3-R-001
Q3-T-005,投送交接·边界点,1065.7776994901417,1065.7776994901417,中继,Q3-R-001
Q3-T-005,爬升,1065.7776994901417,1066.391354825078,中继,Q3-R-001
Q3-T-005,爬升·边界点,1066.391354825078,1066.391354825078,中继,Q3-R-001
Q3-T-005,爬升,1066.391354825078,1074.9832117615183,中继,Q3-R-001
Q3-T-005,爬升·边界点,1074.9832117615183,1074.9832117615183,中继,Q3-R-001
Q3-T-005,爬升,1074.9832117615183,1116.2798738651484,中继,Q3-R-001
Q3-T-005,爬升·边界点,1116.2798738651484,1116.2798738651484,中继,Q3-R-001
Q3-T-005,爬升,1116.2798738651484,1120.268757839751,中继,Q3-R-001
Q3-T-005,爬升·边界点,1120.268757839751,1120.268757839751,中继,Q3-R-001
Q3-T-005,巡航,1120.268757839751,1159.94833315094,中继,Q3-R-001
Q3-T-005,巡航·边界点,1159.94833315094,1159.94833315094,直连,
Q3-T-005,巡航,1159.94833315094,1167.7614989881824,直连,
Q3-T-005,巡航·边界点,1167.7614989881824,1167.7614989881824,直连,
Q3-T-005,巡航,1167.7614989881824,1172.5745785596396,直连,
Q3-T-005,巡航·边界点,1172.5745785596396,1172.5745785596396,直连,
Q3-T-005,巡航,1172.5745785596396,1225.977956606348,直连,
Q3-T-005,巡航·边界点,1225.977956606348,1225.977956606348,直连,
Q3-T-005,巡航,1225.977956606348,1317.0533786954622,直连,
Q3-T-005,巡航·边界点,1317.0533786954622,1317.0533786954622,直连,
Q3-T-005,巡航,1317.0533786954622,1375.7805983082264,直连,
Q3-T-005,巡航·边界点,1375.7805983082264,1375.7805983082264,直连,
Q3-T-005,巡航,1375.7805983082264,1422.566128960752,直连,
Q3-T-005,巡航·边界点,1422.566128960752,1422.566128960752,直连,
Q3-T-005,下降,1422.566128960752,1542.6775561945337,直连,
Q3-T-005,下降·边界点,1542.6775561945337,1542.6775561945337,直连,
Q3-T-005,下降,1542.6775561945337,1553.8521387479868,直连,
Q3-T-005,下降·边界点,1553.8521387479868,1553.8521387479868,直连,
Q3-T-005,下降,1553.8521387479868,1563.5861288863966,直连,
Q3-T-005,下降·边界点,1563.5861288863966,1563.5861288863966,直连,
Q3-T-005,下降,1563.5861288863966,1564.752211663737,直连,
Q3-T-005,下降·边界点,1564.752211663737,1564.752211663737,直连,
Q3-T-005,下降,1564.752211663737,1575.86518291183,直连,
Q3-T-005,下降·边界点,1575.86518291183,1575.86518291183,直连,
Q3-T-005,下降,1575.86518291183,1576.2753989802832,直连,
Q3-T-005,下降·边界点,1576.2753989802832,1576.2753989802832,直连,
Q3-T-006,爬升·边界点,390.0,390.0,直连,
Q3-T-006,爬升,390.0,390.34184672371094,直连,
Q3-T-006,爬升·边界点,390.34184672371094,390.34184672371094,直连,
Q3-T-006,爬升,390.34184672371094,399.60265609712184,直连,
Q3-T-006,爬升·边界点,399.60265609712184,399.60265609712184,直连,
Q3-T-006,爬升,399.60265609712184,400.5743917449054,直连,
Q3-T-006,爬升·边界点,400.5743917449054,400.5743917449054,直连,
Q3-T-006,爬升,400.5743917449054,408.6860501935803,直连,
Q3-T-006,爬升·边界点,408.6860501935803,408.6860501935803,直连,
Q3-T-006,爬升,408.6860501935803,417.99820232145794,直连,
Q3-T-006,爬升·边界点,417.99820232145794,417.99820232145794,直连,
Q3-T-006,爬升,417.99820232145794,442.62231115873317,直连,
Q3-T-006,爬升·边界点,442.62231115873317,442.62231115873317,直连,
Q3-T-006,爬升,442.62231115873317,518.0910583496094,直连,
Q3-T-006,爬升·边界点,518.0910583496094,518.0910583496094,直连,
Q3-T-006,巡航,518.0910583496094,564.8765890021349,直连,
Q3-T-006,巡航·边界点,564.8765890021349,564.8765890021349,直连,
Q3-T-006,巡航,564.8765890021349,623.6038086148992,直连,
Q3-T-006,巡航·边界点,623.6038086148992,623.6038086148992,直连,
Q3-T-006,巡航,623.6038086148992,639.1032424286232,直连,
Q3-T-006,巡航·边界点,639.1032424286232,639.1032424286232,直连,
Q3-T-006,巡航,639.1032424286232,768.0826087507219,直连,
Q3-T-006,巡航·边界点,768.0826087507219,768.0826087507219,直连,
Q3-T-006,巡航,768.0826087507219,772.895688322179,直连,
Q3-T-006,巡航·边界点,772.895688322179,772.895688322179,直连,
Q3-T-006,巡航,772.895688322179,780.7088541594214,直连,
Q3-T-006,巡航·边界点,780.7088541594214,780.7088541594214,直连,
Q3-T-006,巡航,780.7088541594214,820.3884294706104,中继,Q3-R-001
Q3-T-006,巡航·边界点,820.3884294706104,820.3884294706104,中继,Q3-R-001
Q3-T-006,下降,820.3884294706104,825.1750902401337,中继,Q3-R-001
Q3-T-006,下降·边界点,825.1750902401337,825.1750902401337,中继,Q3-R-001
Q3-T-006,下降,825.1750902401337,874.7310847644897,中继,Q3-R-001
Q3-T-006,下降·边界点,874.7310847644897,874.7310847644897,中继,Q3-R-001
Q3-T-006,下降,874.7310847644897,885.0413130882181,中继,Q3-R-001
Q3-T-006,下降·边界点,885.0413130882181,885.0413130882181,中继,Q3-R-001
Q3-T-006,下降,885.0413130882181,885.7776994901417,中继,Q3-R-001
Q3-T-006,下降·边界点,885.7776994901417,885.7776994901417,中继,Q3-R-001
Q3-T-006,投送交接,885.7776994901417,1125.7776994901417,中继,Q3-R-001
Q3-T-006,投送交接·边界点,1125.7776994901417,1125.7776994901417,中继,Q3-R-001
Q3-T-006,爬升,1125.7776994901417,1126.391354825078,中继,Q3-R-001
Q3-T-006,爬升·边界点,1126.391354825078,1126.391354825078,中继,Q3-R-001
Q3-T-006,爬升,1126.391354825078,1134.9832117615183,中继,Q3-R-001
Q3-T-006,爬升·边界点,1134.9832117615183,1134.9832117615183,中继,Q3-R-001
Q3-T-006,爬升,1134.9832117615183,1176.2798738651484,中继,Q3-R-001
Q3-T-006,爬升·边界点,1176.2798738651484,1176.2798738651484,中继,Q3-R-001
Q3-T-006,爬升,1176.2798738651484,1180.268757839751,中继,Q3-R-001
Q3-T-006,爬升·边界点,1180.268757839751,1180.268757839751,中继,Q3-R-001
Q3-T-006,巡航,1180.268757839751,1219.94833315094,中继,Q3-R-001
Q3-T-006,巡航·边界点,1219.94833315094,1219.94833315094,直连,
Q3-T-006,巡航,1219.94833315094,1225.977956606348,直连,
Q3-T-006,巡航·边界点,1225.977956606348,1225.977956606348,直连,
Q3-T-006,巡航,1225.977956606348,1227.7614989881824,直连,
Q3-T-006,巡航·边界点,1227.7614989881824,1227.7614989881824,直连,
Q3-T-006,巡航,1227.7614989881824,1232.5745785596396,直连,
Q3-T-006,巡航·边界点,1232.5745785596396,1232.5745785596396,直连,
Q3-T-006,巡航,1232.5745785596396,1377.0533786954622,直连,
Q3-T-006,巡航·边界点,1377.0533786954622,1377.0533786954622,直连,
Q3-T-006,巡航,1377.0533786954622,1435.7805983082264,直连,
Q3-T-006,巡航·边界点,1435.7805983082264,1435.7805983082264,直连,
Q3-T-006,巡航,1435.7805983082264,1482.566128960752,直连,
Q3-T-006,巡航·边界点,1482.566128960752,1482.566128960752,直连,
Q3-T-006,下降,1482.566128960752,1602.6775561945337,直连,
Q3-T-006,下降·边界点,1602.6775561945337,1602.6775561945337,直连,
Q3-T-006,下降,1602.6775561945337,1613.8521387479868,直连,
Q3-T-006,下降·边界点,1613.8521387479868,1613.8521387479868,直连,
Q3-T-006,下降,1613.8521387479868,1623.5861288863966,直连,
Q3-T-006,下降·边界点,1623.5861288863966,1623.5861288863966,直连,
Q3-T-006,下降,1623.5861288863966,1624.752211663737,直连,
Q3-T-006,下降·边界点,1624.752211663737,1624.752211663737,直连,
Q3-T-006,下降,1624.752211663737,1635.86518291183,直连,
Q3-T-006,下降·边界点,1635.86518291183,1635.86518291183,直连,
Q3-T-006,下降,1635.86518291183,1636.2753989802832,直连,
Q3-T-006,下降·边界点,1636.2753989802832,1636.2753989802832,直连,
Q3-T-007,爬升·边界点,480.0,480.0,直连,
Q3-T-007,爬升,480.0,480.4102160684531,直连,
Q3-T-007,爬升·边界点,480.4102160684531,480.4102160684531,直连,
Q3-T-007,爬升,480.4102160684531,491.5231873165462,直连,
Q3-T-007,爬升·边界点,491.5231873165462,491.5231873165462,直连,
Q3-T-007,爬升,491.5231873165462,492.6892700938865,直连,
Q3-T-007,爬升·边界点,492.6892700938865,492.6892700938865,直连,
Q3-T-007,爬升,492.6892700938865,502.42326023229634,直连,
Q3-T-007,爬升·边界点,502.42326023229634,502.42326023229634,直连,
Q3-T-007,爬升,502.42326023229634,513.5978427857495,直连,
Q3-T-007,爬升·边界点,513.5978427857495,513.5978427857495,直连,
Q3-T-007,爬升,513.5978427857495,575.3591357421875,直连,
Q3-T-007,爬升·边界点,575.3591357421875,575.3591357421875,直连,
Q3-T-007,巡航,575.3591357421875,635.4678711760789,直连,
Q3-T-007,巡航·边界点,635.4678711760789,635.4678711760789,直连,
Q3-T-007,巡航,635.4678711760789,639.1032424286232,直连,
Q3-T-007,巡航·边界点,639.1032424286232,639.1032424286232,直连,
Q3-T-007,巡航,639.1032424286232,668.3565409173968,直连,
Q3-T-007,巡航·边界点,668.3565409173968,668.3565409173968,直连,
Q3-T-007,巡航,668.3565409173968,670.4880552747222,直连,
Q3-T-007,巡航·边界点,670.4880552747222,670.4880552747222,直连,
Q3-T-007,巡航,670.4880552747222,675.5171422151001,直连,
Q3-T-007,巡航·边界点,675.5171422151001,675.5171422151001,直连,
Q3-T-007,巡航,675.5171422151001,757.4551841725358,直连,
Q3-T-007,巡航·边界点,757.4551841725358,757.4551841725358,直连,
Q3-T-007,巡航,757.4551841725358,787.7730143031038,直连,
Q3-T-007,巡航·边界点,787.7730143031038,787.7730143031038,直连,
Q3-T-007,下降,787.7730143031038,797.7026457866579,直连,
Q3-T-007,下降·边界点,797.7026457866579,797.7026457866579,直连,
Q3-T-007,下降,797.7026457866579,801.1180267049251,直连,
Q3-T-007,下降·边界点,801.1180267049251,801.1180267049251,直连,
Q3-T-007,下降,801.1180267049251,813.4219339808382,直连,
Q3-T-007,下降·边界点,813.4219339808382,813.4219339808382,直连,
Q3-T-007,投送交接,813.4219339808382,1209.4219339808383,直连,
Q3-T-007,投送交接·边界点,1209.4219339808383,1209.4219339808383,直连,
Q3-T-007,爬升,1209.4219339808383,1219.2650598015687,直连,
Q3-T-007,爬升·边界点,1219.2650598015687,1219.2650598015687,直连,
Q3-T-007,爬升,1219.2650598015687,1221.9973645361824,直连,
Q3-T-007,爬升·边界点,1221.9973645361824,1221.9973645361824,直连,
Q3-T-007,爬升,1221.9973645361824,1225.977956606348,直连,
Q3-T-007,爬升·边界点,1225.977956606348,1225.977956606348,直连,
Q3-T-007,爬升,1225.977956606348,1229.9410697230257,直连,
Q3-T-007,爬升·边界点,1229.9410697230257,1229.9410697230257,直连,
Q3-T-007,巡航,1229.9410697230257,1260.2588998535937,直连,
Q3-T-007,巡航·边界点,1260.2588998535937,1260.2588998535937,直连,
Q3-T-007,巡航,1260.2588998535937,1342.1969418110295,直连,
Q3-T-007,巡航·边界点,1342.1969418110295,1342.1969418110295,直连,
Q3-T-007,巡航,1342.1969418110295,1347.2260287514075,直连,
Q3-T-007,巡航·边界点,1347.2260287514075,1347.2260287514075,直连,
Q3-T-007,巡航,1347.2260287514075,1349.3575431087327,直连,
Q3-T-007,巡航·边界点,1349.3575431087327,1349.3575431087327,直连,
Q3-T-007,巡航,1349.3575431087327,1382.2462128500506,直连,
Q3-T-007,巡航·边界点,1382.2462128500506,1382.2462128500506,直连,
Q3-T-007,巡航,1382.2462128500506,1442.3549482839421,直连,
Q3-T-007,巡航·边界点,1442.3549482839421,1442.3549482839421,直连,
Q3-T-007,下降,1442.3549482839421,1519.5565644794897,直连,
Q3-T-007,下降·边界点,1519.5565644794897,1519.5565644794897,直连,
Q3-T-007,下降,1519.5565644794897,1533.5247926713062,直连,
Q3-T-007,下降·边界点,1533.5247926713062,1533.5247926713062,直连,
Q3-T-007,下降,1533.5247926713062,1545.6922803443185,直连,
Q3-T-007,下降·边界点,1545.6922803443185,1545.6922803443185,直连,
Q3-T-007,下降,1545.6922803443185,1547.149883815994,直连,
Q3-T-007,下降·边界点,1547.149883815994,1547.149883815994,直连,
Q3-T-007,下降,1547.149883815994,1561.0410978761101,直连,
Q3-T-007,下降·边界点,1561.0410978761101,1561.0410978761101,直连,
Q3-T-007,下降,1561.0410978761101,1561.5538679616766,直连,
Q3-T-007,下降·边界点,1561.5538679616766,1561.5538679616766,直连,
Q3-T-008,爬升·边界点,420.0,420.0,直连,
Q3-T-008,爬升,420.0,420.4102160684531,直连,
Q3-T-008,爬升·边界点,420.4102160684531,420.4102160684531,直连,
Q3-T-008,爬升,420.4102160684531,431.5231873165462,直连,
Q3-T-008,爬升·边界点,431.5231873165462,431.5231873165462,直连,
Q3-T-008,爬升,431.5231873165462,432.6892700938865,直连,
Q3-T-008,爬升·边界点,432.6892700938865,432.6892700938865,直连,
Q3-T-008,爬升,432.6892700938865,442.42326023229634,直连,
Q3-T-008,爬升·边界点,442.42326023229634,442.42326023229634,直连,
Q3-T-008,爬升,442.42326023229634,442.62231115873317,直连,
Q3-T-008,爬升·边界点,442.62231115873317,442.62231115873317,直连,
Q3-T-008,爬升,442.62231115873317,453.59784278574955,直连,
Q3-T-008,爬升·边界点,453.59784278574955,453.59784278574955,直连,
Q3-T-008,爬升,453.59784278574955,478.14264404296875,直连,
Q3-T-008,爬升·边界点,478.14264404296875,478.14264404296875,直连,
Q3-T-008,巡航,478.14264404296875,585.3191499673972,直连,
Q3-T-008,巡航·边界点,585.3191499673972,585.3191499673972,直连,
Q3-T-008,巡航,585.3191499673972,627.6197207972568,直连,
Q3-T-008,巡航·边界点,627.6197207972568,627.6197207972568,直连,
Q3-T-008,巡航,627.6197207972568,637.4822284408317,直连,
Q3-T-008,巡航·边界点,637.4822284408317,637.4822284408317,直连,
Q3-T-008,巡航,637.4822284408317,639.1032424286232,直连,
Q3-T-008,巡航·边界点,639.1032424286232,639.1032424286232,直连,
Q3-T-008,巡航,639.1032424286232,681.7412336108687,直连,
Q3-T-008,巡航·边界点,681.7412336108687,681.7412336108687,直连,
Q3-T-008,下降,681.7412336108687,713.571139671352,直连,
Q3-T-008,下降·边界点,713.571139671352,713.571139671352,直连,
Q3-T-008,下降,713.571139671352,721.0335560037753,直连,
Q3-T-008,下降·边界点,721.0335560037753,721.0335560037753,直连,
Q3-T-008,下降,721.0335560037753,724.4057795780624,直连,
Q3-T-008,下降·边界点,724.4057795780624,724.4057795780624,直连,
Q3-T-008,下降,724.4057795780624,726.2695386645796,直连,
Q3-T-008,下降·边界点,726.2695386645796,726.2695386645796,直连,
Q3-T-008,投送交接,726.2695386645796,942.2695386645796,直连,
Q3-T-008,投送交接·边界点,942.2695386645796,942.2695386645796,直连,
Q3-T-008,爬升,942.2695386645796,943.7605459337934,直连,
Q3-T-008,爬升·边界点,943.7605459337934,943.7605459337934,直连,
Q3-T-008,爬升,943.7605459337934,946.458324793223,直连,
Q3-T-008,爬升·边界点,946.458324793223,946.458324793223,直连,
Q3-T-008,爬升,946.458324793223,952.4282578591618,直连,
Q3-T-008,爬升·边界点,952.4282578591618,952.4282578591618,直连,
Q3-T-008,爬升,952.4282578591618,1023.0033586720369,直连,
Q3-T-008,爬升·边界点,1023.0033586720369,1023.0033586720369,直连,
Q3-T-008,爬升,1023.0033586720369,1042.9093824145796,直连,
Q3-T-008,爬升·边界点,1042.9093824145796,1042.9093824145796,直连,
Q3-T-008,巡航,1042.9093824145796,1112.4194755020023,直连,
Q3-T-008,巡航·边界点,1112.4194755020023,1112.4194755020023,直连,
Q3-T-008,巡航,1112.4194755020023,1168.3168148964191,直连,
Q3-T-008,巡航·边界点,1168.3168148964191,1168.3168148964191,中继,Q3-R-001
Q3-T-008,巡航,1168.3168148964191,1180.1954978546064,中继,Q3-R-001
Q3-T-008,巡航·边界点,1180.1954978546064,1180.1954978546064,中继,Q3-R-001
Q3-T-008,巡航,1180.1954978546064,1199.283001399549,中继,Q3-R-001
Q3-T-008,巡航·边界点,1199.283001399549,1199.283001399549,中继,Q3-R-001
Q3-T-008,巡航,1199.283001399549,1225.977956606348,中继,Q3-R-002
Q3-T-008,巡航·边界点,1225.977956606348,1225.977956606348,中继,Q3-R-002
Q3-T-008,巡航,1225.977956606348,1356.0882849922996,中继,Q3-R-002
Q3-T-008,巡航·边界点,1356.0882849922996,1356.0882849922996,中继,Q3-R-002
Q3-T-008,下降,1356.0882849922996,1388.4987387716767,中继,Q3-R-002
Q3-T-008,下降·边界点,1388.4987387716767,1388.4987387716767,中继,Q3-R-002
Q3-T-008,下降,1388.4987387716767,1415.83956162616,中继,Q3-R-002
Q3-T-008,下降·边界点,1415.83956162616,1415.83956162616,中继,Q3-R-002
Q3-T-008,下降,1415.83956162616,1419.881761520589,中继,Q3-R-002
Q3-T-008,下降·边界点,1419.881761520589,1419.881761520589,中继,Q3-R-002
Q3-T-008,下降,1419.881761520589,1433.9880896797995,中继,Q3-R-002
Q3-T-008,下降·边界点,1433.9880896797995,1433.9880896797995,中继,Q3-R-002
Q3-T-008,投送交接,1433.9880896797995,1721.9880896797995,中继,Q3-R-002
Q3-T-008,投送交接·边界点,1721.9880896797995,1721.9880896797995,中继,Q3-R-002
Q3-T-008,爬升,1721.9880896797995,1733.2731522071679,中继,Q3-R-002
Q3-T-008,爬升·边界点,1733.2731522071679,1733.2731522071679,中继,Q3-R-002
Q3-T-008,爬升,1733.2731522071679,1736.5069121227111,中继,Q3-R-002
Q3-T-008,爬升·边界点,1736.5069121227111,1736.5069121227111,中继,Q3-R-002
Q3-T-008,爬升,1736.5069121227111,1758.3795704062977,中继,Q3-R-002
Q3-T-008,爬升·边界点,1758.3795704062977,1758.3795704062977,中继,Q3-R-002
Q3-T-008,爬升,1758.3795704062977,1775.3884876290183,中继,Q3-R-002
Q3-T-008,爬升·边界点,1775.3884876290183,1775.3884876290183,中继,Q3-R-002
Q3-T-008,巡航,1775.3884876290183,1942.5874277641003,中继,Q3-R-002
Q3-T-008,巡航·边界点,1942.5874277641003,1942.5874277641003,中继,Q3-R-002
Q3-T-008,巡航,1942.5874277641003,2001.1593253850447,中继,Q3-R-002
Q3-T-008,巡航·边界点,2001.1593253850447,2001.1593253850447,中继,Q3-R-002
Q3-T-008,巡航,2001.1593253850447,2004.9529976926776,中继,Q3-R-002
Q3-T-008,巡航·边界点,2004.9529976926776,2004.9529976926776,直连,
Q3-T-008,巡航,2004.9529976926776,2055.2457353891723,直连,
Q3-T-008,巡航·边界点,2055.2457353891723,2055.2457353891723,直连,
Q3-T-008,巡航,2055.2457353891723,2268.0879334274964,直连,
Q3-T-008,巡航·边界点,2268.0879334274964,2268.0879334274964,直连,
Q3-T-008,下降,2268.0879334274964,2368.891127381833,直连,
Q3-T-008,下降·边界点,2368.891127381833,2368.891127381833,直连,
Q3-T-008,下降,2368.891127381833,2382.8593555736493,直连,
Q3-T-008,下降·边界点,2382.8593555736493,2382.8593555736493,直连,
Q3-T-008,下降,2382.8593555736493,2395.026843246662,直连,
Q3-T-008,下降·边界点,2395.026843246662,2395.026843246662,直连,
Q3-T-008,下降,2395.026843246662,2396.484446718337,直连,
Q3-T-008,下降·边界点,2396.484446718337,2396.484446718337,直连,
Q3-T-008,下降,2396.484446718337,2410.3756607784535,直连,
Q3-T-008,下降·边界点,2410.3756607784535,2410.3756607784535,直连,
Q3-T-008,下降,2410.3756607784535,2410.88843086402,直连,
Q3-T-008,下降·边界点,2410.88843086402,2410.88843086402,直连,
Q3-T-009,爬升·边界点,1610.899502077302,1610.899502077302,直连,
Q3-T-009,爬升,1610.899502077302,1611.241348801013,直连,
Q3-T-009,爬升·边界点,1611.241348801013,1611.241348801013,直连,
Q3-T-009,爬升,1611.241348801013,1620.5021581744238,直连,
Q3-T-009,爬升·边界点,1620.5021581744238,1620.5021581744238,直连,
Q3-T-009,爬升,1620.5021581744238,1621.4738938222074,直连,
Q3-T-009,爬升·边界点,1621.4738938222074,1621.4738938222074,直连,
Q3-T-009,爬升,1621.4738938222074,1629.5855522708823,直连,
Q3-T-009,爬升·边界点,1629.5855522708823,1629.5855522708823,直连,
Q3-T-009,爬升,1629.5855522708823,1638.89770439876,直连,
Q3-T-009,爬升·边界点,1638.89770439876,1638.89770439876,直连,
Q3-T-009,爬升,1638.89770439876,1659.3517054464426,直连,
Q3-T-009,爬升·边界点,1659.3517054464426,1659.3517054464426,直连,
Q3-T-009,巡航,1659.3517054464426,1793.322337851978,直连,
Q3-T-009,巡航·边界点,1793.322337851978,1793.322337851978,直连,
Q3-T-009,巡航,1793.322337851978,1846.1980513893027,直连,
Q3-T-009,巡航·边界点,1846.1980513893027,1846.1980513893027,直连,
Q3-T-009,巡航,1846.1980513893027,1858.5261859437715,直连,
Q3-T-009,巡航·边界点,1858.5261859437715,1858.5261859437715,直连,
Q3-T-009,巡航,1858.5261859437715,1913.8499424063175,直连,
Q3-T-009,巡航·边界点,1913.8499424063175,1913.8499424063175,直连,
Q3-T-009,下降,1913.8499424063175,1939.313867254704,直连,
Q3-T-009,下降·边界点,1939.313867254704,1939.313867254704,直连,
Q3-T-009,下降,1939.313867254704,1945.2838003206427,直连,
Q3-T-009,下降·边界点,1945.2838003206427,1945.2838003206427,直连,
Q3-T-009,下降,1945.2838003206427,1947.9815791800725,直连,
Q3-T-009,下降·边界点,1947.9815791800725,1947.9815791800725,直连,
Q3-T-009,下降,1947.9815791800725,1949.4725864492862,直连,
Q3-T-009,下降·边界点,1949.4725864492862,1949.4725864492862,直连,
Q3-T-009,投送交接,1949.4725864492862,2159.472586449286,直连,
Q3-T-009,投送交接·边界点,2159.472586449286,2159.472586449286,直连,
Q3-T-009,爬升,2159.472586449286,2160.7150925069645,直连,
Q3-T-009,爬升·边界点,2160.7150925069645,2160.7150925069645,直连,
Q3-T-009,爬升,2160.7150925069645,2162.963241556489,直连,
Q3-T-009,爬升·边界点,2162.963241556489,2162.963241556489,直连,
Q3-T-009,爬升,2162.963241556489,2167.9381857781045,直连,
Q3-T-009,爬升·边界点,2167.9381857781045,2167.9381857781045,直连,
Q3-T-009,爬升,2167.9381857781045,2189.1581231517603,直连,
Q3-T-009,爬升·边界点,2189.1581231517603,2189.1581231517603,直连,
Q3-T-009,巡航,2189.1581231517603,2244.4818796143063,直连,
Q3-T-009,巡航·边界点,2244.4818796143063,2244.4818796143063,直连,
Q3-T-009,巡航,2244.4818796143063,2256.810014168775,直连,
Q3-T-009,巡航·边界点,2256.810014168775,2256.810014168775,直连,
Q3-T-009,巡航,2256.810014168775,2309.6857277061,直连,
Q3-T-009,巡航·边界点,2309.6857277061,2309.6857277061,直连,
Q3-T-009,巡航,2309.6857277061,2436.8699186909644,直连,
Q3-T-009,巡航·边界点,2436.8699186909644,2436.8699186909644,直连,
Q3-T-009,巡航,2436.8699186909644,2443.6563601116354,直连,
Q3-T-009,巡航·边界点,2443.6563601116354,2443.6563601116354,直连,
Q3-T-009,下降,2443.6563601116354,2468.2011613688546,直连,
Q3-T-009,下降·边界点,2468.2011613688546,2468.2011613688546,直连,
Q3-T-009,下降,2468.2011613688546,2479.3757439223077,直连,
Q3-T-009,下降·边界点,2479.3757439223077,2479.3757439223077,直连,
Q3-T-009,下降,2479.3757439223077,2489.1097340607175,直连,
Q3-T-009,下降·边界点,2489.1097340607175,2489.1097340607175,直连,
Q3-T-009,下降,2489.1097340607175,2490.275816838058,直连,
Q3-T-009,下降·边界点,2490.275816838058,2490.275816838058,直连,
Q3-T-009,下降,2490.275816838058,2501.3887880861507,直连,
Q3-T-009,下降·边界点,2501.3887880861507,2501.3887880861507,直连,
Q3-T-009,下降,2501.3887880861507,2501.799004154604,直连,
Q3-T-009,下降·边界点,2501.799004154604,2501.799004154604,直连,
Q3-T-010,爬升·边界点,1610.899502077302,1610.899502077302,直连,
Q3-T-010,爬升,1610.899502077302,1611.241348801013,直连,
Q3-T-010,爬升·边界点,1611.241348801013,1611.241348801013,直连,
Q3-T-010,爬升,1611.241348801013,1620.5021581744238,直连,
Q3-T-010,爬升·边界点,1620.5021581744238,1620.5021581744238,直连,
Q3-T-010,爬升,1620.5021581744238,1621.4738938222074,直连,
Q3-T-010,爬升·边界点,1621.4738938222074,1621.4738938222074,直连,
Q3-T-010,爬升,1621.4738938222074,1629.5855522708823,直连,
Q3-T-010,爬升·边界点,1629.5855522708823,1629.5855522708823,直连,
Q3-T-010,爬升,1629.5855522708823,1638.89770439876,直连,
Q3-T-010,爬升·边界点,1638.89770439876,1638.89770439876,直连,
Q3-T-010,爬升,1638.89770439876,1659.3517054464426,直连,
Q3-T-010,爬升·边界点,1659.3517054464426,1659.3517054464426,直连,
Q3-T-010,巡航,1659.3517054464426,1793.322337851978,直连,
Q3-T-010,巡航·边界点,1793.322337851978,1793.322337851978,直连,
Q3-T-010,巡航,1793.322337851978,1846.1980513893027,直连,
Q3-T-010,巡航·边界点,1846.1980513893027,1846.1980513893027,直连,
Q3-T-010,巡航,1846.1980513893027,1858.5261859437715,直连,
Q3-T-010,巡航·边界点,1858.5261859437715,1858.5261859437715,直连,
Q3-T-010,巡航,1858.5261859437715,1913.8499424063175,直连,
Q3-T-010,巡航·边界点,1913.8499424063175,1913.8499424063175,直连,
Q3-T-010,下降,1913.8499424063175,1939.313867254704,直连,
Q3-T-010,下降·边界点,1939.313867254704,1939.313867254704,直连,
Q3-T-010,下降,1939.313867254704,1945.2838003206427,直连,
Q3-T-010,下降·边界点,1945.2838003206427,1945.2838003206427,直连,
Q3-T-010,下降,1945.2838003206427,1947.9815791800725,直连,
Q3-T-010,下降·边界点,1947.9815791800725,1947.9815791800725,直连,
Q3-T-010,下降,1947.9815791800725,1949.4725864492862,直连,
Q3-T-010,下降·边界点,1949.4725864492862,1949.4725864492862,直连,
Q3-T-010,投送交接,1949.4725864492862,2129.472586449286,直连,
Q3-T-010,投送交接·边界点,2129.472586449286,2129.472586449286,直连,
Q3-T-010,爬升,2129.472586449286,2130.7150925069645,直连,
Q3-T-010,爬升·边界点,2130.7150925069645,2130.7150925069645,直连,
Q3-T-010,爬升,2130.7150925069645,2132.963241556489,直连,
Q3-T-010,爬升·边界点,2132.963241556489,2132.963241556489,直连,
Q3-T-010,爬升,2132.963241556489,2137.9381857781045,直连,
Q3-T-010,爬升·边界点,2137.9381857781045,2137.9381857781045,直连,
Q3-T-010,爬升,2137.9381857781045,2196.750769788834,直连,
Q3-T-010,爬升·边界点,2196.750769788834,2196.750769788834,直连,
Q3-T-010,爬升,2196.750769788834,2211.8324802481143,直连,
Q3-T-010,爬升·边界点,2211.8324802481143,2211.8324802481143,直连,
Q3-T-010,巡航,2211.8324802481143,2344.181738078408,直连,
Q3-T-010,巡航·边界点,2344.181738078408,2344.181738078408,直连,
Q3-T-010,巡航,2344.181738078408,2372.8899672679613,直连,
Q3-T-010,巡航·边界点,2372.8899672679613,2372.8899672679613,直连,
Q3-T-010,巡航,2372.8899672679613,2422.319128458691,直连,
Q3-T-010,巡航·边界点,2422.319128458691,2422.319128458691,直连,
Q3-T-010,巡航,2422.319128458691,2436.8699186909644,中继,Q3-R-002
Q3-T-010,巡航·边界点,2436.8699186909644,2436.8699186909644,中继,Q3-R-002
Q3-T-010,巡航,2436.8699186909644,2444.2181934192627,中继,Q3-R-002
Q3-T-010,巡航·边界点,2444.2181934192627,2444.2181934192627,中继,Q3-R-002
Q3-T-010,巡航,2444.2181934192627,2451.289067831147,中继,Q3-R-002
Q3-T-010,巡航·边界点,2451.289067831147,2451.289067831147,中继,Q3-R-002
Q3-T-010,巡航,2451.289067831147,2515.7355564592635,中继,Q3-R-002
Q3-T-010,巡航·边界点,2515.7355564592635,2515.7355564592635,中继,Q3-R-002
Q3-T-010,巡航,2515.7355564592635,2520.990328592093,中继,Q3-R-002
Q3-T-010,巡航·边界点,2520.990328592093,2520.990328592093,中继,Q3-R-002
Q3-T-010,下降,2520.990328592093,2525.9929161643395,中继,Q3-R-002
Q3-T-010,下降·边界点,2525.9929161643395,2525.9929161643395,中继,Q3-R-002
Q3-T-010,下降,2525.9929161643395,2532.4829900762197,中继,Q3-R-002
Q3-T-010,下降·边界点,2532.4829900762197,2532.4829900762197,中继,Q3-R-002
Q3-T-010,下降,2532.4829900762197,2546.2253096575773,中继,Q3-R-002
Q3-T-010,下降·边界点,2546.2253096575773,2546.2253096575773,中继,Q3-R-002
Q3-T-010,下降,2546.2253096575773,2552.782201150687,中继,Q3-R-002
Q3-T-010,下降·边界点,2552.782201150687,2552.782201150687,中继,Q3-R-002
Q3-T-010,投送交接,2552.782201150687,2732.782201150687,中继,Q3-R-002
Q3-T-010,投送交接·边界点,2732.782201150687,2732.782201150687,中继,Q3-R-002
Q3-T-010,爬升,2732.782201150687,2738.2462773949446,中继,Q3-R-002
Q3-T-010,爬升·边界点,2738.2462773949446,2738.2462773949446,中继,Q3-R-002
Q3-T-010,爬升,2738.2462773949446,2749.6982103794094,中继,Q3-R-002
Q3-T-010,爬升·边界点,2749.6982103794094,2749.6982103794094,中继,Q3-R-002
Q3-T-010,爬升,2749.6982103794094,2755.1066053059762,中继,Q3-R-002
Q3-T-010,爬升·边界点,2755.1066053059762,2755.1066053059762,中继,Q3-R-002
Q3-T-010,爬升,2755.1066053059762,2760.794379698864,中继,Q3-R-002
Q3-T-010,爬升·边界点,2760.794379698864,2760.794379698864,中继,Q3-R-002
Q3-T-010,巡航,2760.794379698864,2771.4692839723243,中继,Q3-R-002
Q3-T-010,巡航·边界点,2771.4692839723243,2771.4692839723243,中继,Q3-R-002
Q3-T-010,巡航,2771.4692839723243,2826.6823900245026,中继,Q3-R-002
Q3-T-010,巡航·边界点,2826.6823900245026,2826.6823900245026,中继,Q3-R-002
Q3-T-010,巡航,2826.6823900245026,2830.697629981977,中继,Q3-R-002
Q3-T-010,巡航·边界点,2830.697629981977,2830.697629981977,直连,
Q3-T-010,巡航,2830.697629981977,2902.7665736900717,直连,
Q3-T-010,巡航·边界点,2902.7665736900717,2902.7665736900717,直连,
Q3-T-010,巡航,2902.7665736900717,3003.2138385946637,直连,
Q3-T-010,巡航·边界点,3003.2138385946637,3003.2138385946637,直连,
Q3-T-010,巡航,3003.2138385946637,3011.135604465911,直连,
Q3-T-010,巡航·边界点,3011.135604465911,3011.135604465911,直连,
Q3-T-010,巡航,3011.135604465911,3159.502284002529,直连,
Q3-T-010,巡航·边界点,3159.502284002529,3159.502284002529,直连,
Q3-T-010,下降,3159.502284002529,3190.571916040055,直连,
Q3-T-010,下降·边界点,3190.571916040055,3190.571916040055,直连,
Q3-T-010,下降,3190.571916040055,3249.079055474592,直连,
Q3-T-010,下降·边界点,3249.079055474592,3249.079055474592,直连,
Q3-T-010,下降,3249.079055474592,3260.2536380280453,直连,
Q3-T-010,下降·边界点,3260.2536380280453,3260.2536380280453,直连,
Q3-T-010,下降,3260.2536380280453,3269.987628166455,直连,
Q3-T-010,下降·边界点,3269.987628166455,3269.987628166455,直连,
Q3-T-010,下降,3269.987628166455,3271.1537109437954,直连,
Q3-T-010,下降·边界点,3271.1537109437954,3271.1537109437954,直连,
Q3-T-010,下降,3271.1537109437954,3282.2666821918883,直连,
Q3-T-010,下降·边界点,3282.2666821918883,3282.2666821918883,直连,
Q3-T-010,下降,3282.2666821918883,3282.6768982603417,直连,
Q3-T-010,下降·边界点,3282.6768982603417,3282.6768982603417,直连,
Q3-T-011,爬升·边界点,2101.5538679616766,2101.5538679616766,直连,
Q3-T-011,爬升,2101.5538679616766,2101.96408403013,直连,
Q3-T-011,爬升·边界点,2101.96408403013,2101.96408403013,直连,
Q3-T-011,爬升,2101.96408403013,2113.077055278223,直连,
Q3-T-011,爬升·边界点,2113.077055278223,2113.077055278223,直连,
Q3-T-011,爬升,2113.077055278223,2114.243138055563,直连,
Q3-T-011,爬升·边界点,2114.243138055563,2114.243138055563,直连,
Q3-T-011,爬升,2114.243138055563,2123.977128193973,直连,
Q3-T-011,爬升·边界点,2123.977128193973,2123.977128193973,直连,
Q3-T-011,爬升,2123.977128193973,2135.151710747426,直连,
Q3-T-011,爬升·边界点,2135.151710747426,2135.151710747426,直连,
Q3-T-011,爬升,2135.151710747426,2159.6965120046452,直连,
Q3-T-011,爬升·边界点,2159.6965120046452,2159.6965120046452,直连,
Q3-T-011,巡航,2159.6965120046452,2266.8730179290737,直连,
Q3-T-011,巡航·边界点,2266.8730179290737,2266.8730179290737,直连,
Q3-T-011,巡航,2266.8730179290737,2309.1735887589334,直连,
Q3-T-011,巡航·边界点,2309.1735887589334,2309.1735887589334,直连,
Q3-T-011,巡航,2309.1735887589334,2319.0360964025085,直连,
Q3-T-011,巡航·边界点,2319.0360964025085,2319.0360964025085,直连,
Q3-T-011,巡航,2319.0360964025085,2363.2951015725453,直连,
Q3-T-011,巡航·边界点,2363.2951015725453,2363.2951015725453,直连,
Q3-T-011,下降,2363.2951015725453,2395.1250076330284,直连,
Q3-T-011,下降·边界点,2395.1250076330284,2395.1250076330284,直连,
Q3-T-011,下降,2395.1250076330284,2402.5874239654518,直连,
Q3-T-011,下降·边界点,2402.5874239654518,2402.5874239654518,直连,
Q3-T-011,下降,2402.5874239654518,2405.959647539739,直连,
Q3-T-011,下降·边界点,2405.959647539739,2405.959647539739,直连,
Q3-T-011,下降,2405.959647539739,2407.823406626256,直连,
Q3-T-011,下降·边界点,2407.823406626256,2407.823406626256,直连,
Q3-T-011,投送交接,2407.823406626256,2436.8699186909644,直连,
Q3-T-011,投送交接·边界点,2436.8699186909644,2436.8699186909644,直连,
Q3-T-011,投送交接,2436.8699186909644,2659.823406626256,直连,
Q3-T-011,投送交接·边界点,2659.823406626256,2659.823406626256,直连,
Q3-T-011,爬升,2659.823406626256,2661.31441389547,直连,
Q3-T-011,爬升·边界点,2661.31441389547,2661.31441389547,直连,
Q3-T-011,爬升,2661.31441389547,2664.0121927549,直连,
Q3-T-011,爬升·边界点,2664.0121927549,2664.0121927549,直连,
Q3-T-011,爬升,2664.0121927549,2669.9821258208385,直连,
Q3-T-011,爬升·边界点,2669.9821258208385,2669.9821258208385,直连,
Q3-T-011,爬升,2669.9821258208385,2709.921343637975,直连,
Q3-T-011,爬升·边界点,2709.921343637975,2709.921343637975,直连,
Q3-T-011,巡航,2709.921343637975,2769.934459734842,直连,
Q3-T-011,巡航·边界点,2769.934459734842,2769.934459734842,直连,
Q3-T-011,巡航,2769.934459734842,2834.613497416849,中继,Q3-R-002
Q3-T-011,巡航·边界点,2834.613497416849,2834.613497416849,中继,Q3-R-002
Q3-T-011,巡航,2834.613497416849,2867.930327328436,中继,Q3-R-002
Q3-T-011,巡航·边界点,2867.930327328436,2867.930327328436,中继,Q3-R-002
Q3-T-011,巡航,2867.930327328436,2901.6848703944424,中继,Q3-R-002
Q3-T-011,巡航·边界点,2901.6848703944424,2901.6848703944424,中继,Q3-R-002
Q3-T-011,巡航,2901.6848703944424,2904.0269584292328,中继,Q3-R-002
Q3-T-011,巡航·边界点,2904.0269584292328,2904.0269584292328,中继,Q3-R-002
Q3-T-011,巡航,2904.0269584292328,2906.941729443823,中继,Q3-R-002
Q3-T-011,巡航·边界点,2906.941729443823,2906.941729443823,中继,Q3-R-002
Q3-T-011,巡航,2906.941729443823,2912.301129662562,中继,Q3-R-003
Q3-T-011,巡航·边界点,2912.301129662562,2912.301129662562,中继,Q3-R-003
Q3-T-011,巡航,2912.301129662562,2921.2429336594764,中继,Q3-R-003
Q3-T-011,巡航·边界点,2921.2429336594764,2921.2429336594764,中继,Q3-R-003
Q3-T-011,巡航,2921.2429336594764,2922.6663113577856,中继,Q3-R-003
Q3-T-011,巡航·边界点,2922.6663113577856,2922.6663113577856,中继,Q3-R-003
Q3-T-011,巡航,2922.6663113577856,2968.0084244181817,中继,Q3-R-003
Q3-T-011,巡航·边界点,2968.0084244181817,2968.0084244181817,中继,Q3-R-003
Q3-T-011,巡航,2968.0084244181817,3000.6278462478876,中继,Q3-R-003
Q3-T-011,巡航·边界点,3000.6278462478876,3000.6278462478876,中继,Q3-R-003
Q3-T-011,下降,3000.6278462478876,3005.904951576033,中继,Q3-R-003
Q3-T-011,下降·边界点,3005.904951576033,3005.904951576033,中继,Q3-R-003
Q3-T-011,下降,3005.904951576033,3024.7722820060444,中继,Q3-R-003
Q3-T-011,下降·边界点,3024.7722820060444,3024.7722820060444,中继,Q3-R-003
Q3-T-011,下降,3024.7722820060444,3045.500267512536,中继,Q3-R-003
Q3-T-011,下降·边界点,3045.500267512536,3045.500267512536,中继,Q3-R-003
Q3-T-011,投送交接,3045.500267512536,3190.571916040055,中继,Q3-R-003
Q3-T-011,投送交接·边界点,3190.571916040055,3190.571916040055,中继,Q3-R-003
Q3-T-011,投送交接,3190.571916040055,3441.500267512536,中继,Q3-R-003
Q3-T-011,投送交接·边界点,3441.500267512536,3441.500267512536,中继,Q3-R-003
Q3-T-011,爬升,3441.500267512536,3458.0826559177294,中继,Q3-R-003
Q3-T-011,爬升·边界点,3458.0826559177294,3458.0826559177294,中继,Q3-R-003
Q3-T-011,爬升,3458.0826559177294,3473.1765202617385,中继,Q3-R-003
Q3-T-011,爬升·边界点,3473.1765202617385,3473.1765202617385,中继,Q3-R-003
Q3-T-011,爬升,3473.1765202617385,3477.2819691726922,中继,Q3-R-003
Q3-T-011,爬升·边界点,3477.2819691726922,3477.2819691726922,中继,Q3-R-003
Q3-T-011,巡航,3477.2819691726922,3509.0454937627483,中继,Q3-R-003
Q3-T-011,巡航·边界点,3509.0454937627483,3509.0454937627483,中继,Q3-R-003
Q3-T-011,巡航,3509.0454937627483,3550.5550919335606,中继,Q3-R-003
Q3-T-011,巡航·边界点,3550.5550919335606,3550.5550919335606,中继,Q3-R-003
Q3-T-011,巡航,3550.5550919335606,3557.388371995142,中继,Q3-R-003
Q3-T-011,巡航·边界点,3557.388371995142,3557.388371995142,中继,Q3-R-003
Q3-T-011,巡航,3557.388371995142,3566.24764158759,中继,Q3-R-003
Q3-T-011,巡航·边界点,3566.24764158759,3566.24764158759,中继,Q3-R-003
Q3-T-011,巡航,3566.24764158759,3573.2999570596958,中继,Q3-R-003
Q3-T-011,巡航·边界点,3573.2999570596958,3573.2999570596958,中继,Q3-R-003
Q3-T-011,巡航,3573.2999570596958,3574.4164831006365,中继,Q3-R-003
Q3-T-011,巡航·边界点,3574.4164831006365,3574.4164831006365,中继,Q3-R-003
Q3-T-011,巡航,3574.4164831006365,3575.035762689663,中继,Q3-R-003
Q3-T-011,巡航·边界点,3575.035762689663,3575.035762689663,中继,Q3-R-003
Q3-T-011,巡航,3575.035762689663,3609.7315511045404,中继,Q3-R-003
Q3-T-011,巡航·边界点,3609.7315511045404,3609.7315511045404,中继,Q3-R-003
Q3-T-011,巡航,3609.7315511045404,3653.92336498019,中继,Q3-R-003
Q3-T-011,巡航·边界点,3653.92336498019,3653.92336498019,中继,Q3-R-003
Q3-T-011,巡航,3653.92336498019,3707.8433954663597,中继,Q3-R-003
Q3-T-011,巡航·边界点,3707.8433954663597,3707.8433954663597,直连,
Q3-T-011,巡航,3707.8433954663597,3818.0919434853586,直连,
Q3-T-011,巡航·边界点,3818.0919434853586,3818.0919434853586,直连,
Q3-T-011,巡航,3818.0919434853586,3971.3693328449713,直连,
Q3-T-011,巡航·边界点,3971.3693328449713,3971.3693328449713,直连,
Q3-T-011,下降,3971.3693328449713,4019.9991564379798,直连,
Q3-T-011,下降·边界点,4019.9991564379798,4019.9991564379798,直连,
Q3-T-011,下降,4019.9991564379798,4033.967384629796,直连,
Q3-T-011,下降·边界点,4033.967384629796,4033.967384629796,直连,
Q3-T-011,下降,4033.967384629796,4046.1348723028086,直连,
Q3-T-011,下降·边界点,4046.1348723028086,4046.1348723028086,直连,
Q3-T-011,下降,4046.1348723028086,4047.592475774484,直连,
Q3-T-011,下降·边界点,4047.592475774484,4047.592475774484,直连,
Q3-T-011,下降,4047.592475774484,4061.4836898346,直连,
Q3-T-011,下降·边界点,4061.4836898346,4061.4836898346,直连,
Q3-T-011,下降,4061.4836898346,4061.9964599201667,直连,
Q3-T-011,下降·边界点,4061.9964599201667,4061.9964599201667,直连,
Q3-T-012,爬升·边界点,1966.2753989802832,1966.2753989802832,直连,
Q3-T-012,爬升,1966.2753989802832,1966.617245703994,直连,
Q3-T-012,爬升·边界点,1966.617245703994,1966.617245703994,直连,
Q3-T-012,爬升,1966.617245703994,1975.878055077405,直连,
Q3-T-012,爬升·边界点,1975.878055077405,1975.878055077405,直连,
Q3-T-012,爬升,1975.878055077405,1976.8497907251885,直连,
Q3-T-012,爬升·边界点,1976.8497907251885,1976.8497907251885,直连,
Q3-T-012,爬升,1976.8497907251885,1984.9614491738635,直连,
Q3-T-012,爬升·边界点,1984.9614491738635,1984.9614491738635,直连,
Q3-T-012,爬升,1984.9614491738635,1994.273601301741,直连,
Q3-T-012,爬升·边界点,1994.273601301741,1994.273601301741,直连,
Q3-T-012,爬升,1994.273601301741,2121.024528212054,直连,
Q3-T-012,爬升·边界点,2121.024528212054,2121.024528212054,直连,
Q3-T-012,巡航,2121.024528212054,2209.9793730588076,直连,
Q3-T-012,巡航·边界点,2209.9793730588076,2209.9793730588076,直连,
Q3-T-012,巡航,2209.9793730588076,2255.242162439645,直连,
Q3-T-012,巡航·边界点,2255.242162439645,2255.242162439645,直连,
Q3-T-012,巡航,2255.242162439645,2305.480613247324,直连,
Q3-T-012,巡航·边界点,2305.480613247324,2305.480613247324,直连,
Q3-T-012,巡航,2305.480613247324,2331.210202171883,直连,
Q3-T-012,巡航·边界点,2331.210202171883,2331.210202171883,直连,
Q3-T-012,巡航,2331.210202171883,2365.2750535778587,直连,
Q3-T-012,巡航·边界点,2365.2750535778587,2365.2750535778587,直连,
Q3-T-012,巡航,2365.2750535778587,2383.1126801430996,直连,
Q3-T-012,巡航·边界点,2383.1126801430996,2383.1126801430996,直连,
Q3-T-012,巡航,2383.1126801430996,2436.8699186909644,中继,Q3-R-002
Q3-T-012,巡航·边界点,2436.8699186909644,2436.8699186909644,中继,Q3-R-002
Q3-T-012,巡航,2436.8699186909644,2482.3313187596323,中继,Q3-R-002
Q3-T-012,巡航·边界点,2482.3313187596323,2482.3313187596323,中继,Q3-R-002
Q3-T-012,下降,2482.3313187596323,2495.6368926761425,中继,Q3-R-002
Q3-T-012,下降·边界点,2495.6368926761425,2495.6368926761425,中继,Q3-R-002
Q3-T-012,下降,2495.6368926761425,2498.802753892321,中继,Q3-R-002
Q3-T-012,下降·边界点,2498.802753892321,2498.802753892321,中继,Q3-R-002
Q3-T-012,下降,2498.802753892321,2502.7159091807675,中继,Q3-R-002
Q3-T-012,下降·边界点,2502.7159091807675,2502.7159091807675,中继,Q3-R-002
Q3-T-012,下降,2502.7159091807675,2578.710273837757,中继,Q3-R-002
Q3-T-012,下降·边界点,2578.710273837757,2578.710273837757,中继,Q3-R-002
Q3-T-012,投送交接,2578.710273837757,2818.710273837757,中继,Q3-R-002
Q3-T-012,投送交接·边界点,2818.710273837757,2818.710273837757,中继,Q3-R-002
Q3-T-012,爬升,2818.710273837757,2882.0389110519154,中继,Q3-R-002
Q3-T-012,爬升·边界点,2882.0389110519154,2882.0389110519154,中继,Q3-R-002
Q3-T-012,爬升,2882.0389110519154,2885.2998737922876,中继,Q3-R-002
Q3-T-012,爬升·边界点,2885.2998737922876,2885.2998737922876,中继,Q3-R-002
Q3-T-012,爬升,2885.2998737922876,2887.938091472436,中继,Q3-R-002
Q3-T-012,爬升·边界点,2887.938091472436,2887.938091472436,中继,Q3-R-002
Q3-T-012,爬升,2887.938091472436,2899.0260697361946,中继,Q3-R-002
Q3-T-012,爬升·边界点,2899.0260697361946,2899.0260697361946,中继,Q3-R-002
Q3-T-012,巡航,2899.0260697361946,2998.2447083527272,中继,Q3-R-002
Q3-T-012,巡航·边界点,2998.2447083527272,2998.2447083527272,直连,
Q3-T-012,巡航,2998.2447083527272,3016.082334917968,直连,
Q3-T-012,巡航·边界点,3016.082334917968,3016.082334917968,直连,
Q3-T-012,巡航,3016.082334917968,3050.147186323944,直连,
Q3-T-012,巡航·边界点,3050.147186323944,3050.147186323944,直连,
Q3-T-012,巡航,3050.147186323944,3075.876775248503,直连,
Q3-T-012,巡航·边界点,3075.876775248503,3075.876775248503,直连,
Q3-T-012,巡航,3075.876775248503,3126.1152260561817,直连,
Q3-T-012,巡航·边界点,3126.1152260561817,3126.1152260561817,直连,
Q3-T-012,巡航,3126.1152260561817,3171.378015437019,直连,
Q3-T-012,巡航·边界点,3171.378015437019,3171.378015437019,直连,
Q3-T-012,巡航,3171.378015437019,3190.571916040055,直连,
Q3-T-012,巡航·边界点,3190.571916040055,3190.571916040055,直连,
Q3-T-012,巡航,3190.571916040055,3260.332860283773,直连,
Q3-T-012,巡航·边界点,3260.332860283773,3260.332860283773,直连,
Q3-T-012,下降,3260.332860283773,3412.4339725761483,直连,
Q3-T-012,下降·边界点,3412.4339725761483,3412.4339725761483,直连,
Q3-T-012,下降,3412.4339725761483,3423.6085551296014,直连,
Q3-T-012,下降·边界点,3423.6085551296014,3423.6085551296014,直连,
Q3-T-012,下降,3423.6085551296014,3433.3425452680112,直连,
Q3-T-012,下降·边界点,3433.3425452680112,3433.3425452680112,直连,
Q3-T-012,下降,3433.3425452680112,3434.5086280453515,直连,
Q3-T-012,下降·边界点,3434.5086280453515,3434.5086280453515,直连,
Q3-T-012,下降,3434.5086280453515,3445.621599293445,直连,
Q3-T-012,下降·边界点,3445.621599293445,3445.621599293445,直连,
Q3-T-012,下降,3445.621599293445,3446.0318153618978,直连,
Q3-T-012,下降·边界点,3446.0318153618978,3446.0318153618978,直连,
Q3-T-013,爬升·边界点,1996.2753989802832,1996.2753989802832,直连,
Q3-T-013,爬升,1996.2753989802832,1996.617245703994,直连,
Q3-T-013,爬升·边界点,1996.617245703994,1996.617245703994,直连,
Q3-T-013,爬升,1996.617245703994,2005.878055077405,直连,
Q3-T-013,爬升·边界点,2005.878055077405,2005.878055077405,直连,
Q3-T-013,爬升,2005.878055077405,2006.8497907251885,直连,
Q3-T-013,爬升·边界点,2006.8497907251885,2006.8497907251885,直连,
Q3-T-013,爬升,2006.8497907251885,2014.9614491738635,直连,
Q3-T-013,爬升·边界点,2014.9614491738635,2014.9614491738635,直连,
Q3-T-013,爬升,2014.9614491738635,2024.273601301741,直连,
Q3-T-013,爬升·边界点,2024.273601301741,2024.273601301741,直连,
Q3-T-013,爬升,2024.273601301741,2056.69348369708,直连,
Q3-T-013,爬升·边界点,2056.69348369708,2056.69348369708,直连,
Q3-T-013,巡航,2056.69348369708,2209.9708730566927,直连,
Q3-T-013,巡航·边界点,2209.9708730566927,2209.9708730566927,直连,
Q3-T-013,巡航,2209.9708730566927,2320.2194210756916,直连,
Q3-T-013,巡航·边界点,2320.2194210756916,2320.2194210756916,直连,
Q3-T-013,巡航,2320.2194210756916,2374.1394515618613,中继,Q3-R-002
Q3-T-013,巡航·边界点,2374.1394515618613,2374.1394515618613,中继,Q3-R-002
Q3-T-013,巡航,2374.1394515618613,2418.331265437511,中继,Q3-R-002
Q3-T-013,巡航·边界点,2418.331265437511,2418.331265437511,中继,Q3-R-002
Q3-T-013,巡航,2418.331265437511,2436.8699186909644,中继,Q3-R-002
Q3-T-013,巡航·边界点,2436.8699186909644,2436.8699186909644,中继,Q3-R-002
Q3-T-013,巡航,2436.8699186909644,2453.0270538523882,中继,Q3-R-002
Q3-T-013,巡航·边界点,2453.0270538523882,2453.0270538523882,中继,Q3-R-002
Q3-T-013,巡航,2453.0270538523882,2453.6463334414148,中继,Q3-R-002
Q3-T-013,巡航·边界点,2453.6463334414148,2453.6463334414148,中继,Q3-R-002
Q3-T-013,巡航,2453.6463334414148,2454.7628594823555,中继,Q3-R-002
Q3-T-013,巡航·边界点,2454.7628594823555,2454.7628594823555,中继,Q3-R-002
Q3-T-013,巡航,2454.7628594823555,2461.8151749544613,中继,Q3-R-003
Q3-T-013,巡航·边界点,2461.8151749544613,2461.8151749544613,中继,Q3-R-003
Q3-T-013,巡航,2461.8151749544613,2470.6744445469094,中继,Q3-R-003
Q3-T-013,巡航·边界点,2470.6744445469094,2470.6744445469094,中继,Q3-R-003
Q3-T-013,巡航,2470.6744445469094,2477.507724608491,中继,Q3-R-003
Q3-T-013,巡航·边界点,2477.507724608491,2477.507724608491,中继,Q3-R-003
Q3-T-013,巡航,2477.507724608491,2519.017322779303,中继,Q3-R-003
Q3-T-013,巡航·边界点,2519.017322779303,2519.017322779303,中继,Q3-R-003
Q3-T-013,巡航,2519.017322779303,2550.780847369359,中继,Q3-R-003
Q3-T-013,巡航·边界点,2550.780847369359,2550.780847369359,中继,Q3-R-003
Q3-T-013,下降,2550.780847369359,2554.8862962803128,中继,Q3-R-003
Q3-T-013,下降·边界点,2554.8862962803128,2554.8862962803128,中继,Q3-R-003
Q3-T-013,下降,2554.8862962803128,2569.980160624322,中继,Q3-R-003
Q3-T-013,下降·边界点,2569.980160624322,2569.980160624322,中继,Q3-R-003
Q3-T-013,下降,2569.980160624322,2586.562549029515,中继,Q3-R-003
Q3-T-013,下降·边界点,2586.562549029515,2586.562549029515,中继,Q3-R-003
Q3-T-013,投送交接,2586.562549029515,2796.562549029515,中继,Q3-R-003
Q3-T-013,投送交接·边界点,2796.562549029515,2796.562549029515,中继,Q3-R-003
Q3-T-013,爬升,2796.562549029515,2810.3812060338432,中继,Q3-R-003
Q3-T-013,爬升·边界点,2810.3812060338432,2810.3812060338432,中继,Q3-R-003
Q3-T-013,爬升,2810.3812060338432,2822.959426320517,中继,Q3-R-003
Q3-T-013,爬升·边界点,2822.959426320517,2822.959426320517,中继,Q3-R-003
Q3-T-013,爬升,2822.959426320517,2826.380633746312,中继,Q3-R-003
Q3-T-013,爬升·边界点,2826.380633746312,2826.380633746312,中继,Q3-R-003
Q3-T-013,巡航,2826.380633746312,2858.144158336368,中继,Q3-R-003
Q3-T-013,巡航·边界点,2858.144158336368,2858.144158336368,中继,Q3-R-003
Q3-T-013,巡航,2858.144158336368,2899.6537565071803,中继,Q3-R-003
Q3-T-013,巡航·边界点,2899.6537565071803,2899.6537565071803,中继,Q3-R-003
Q3-T-013,巡航,2899.6537565071803,2906.4870365687616,中继,Q3-R-003
Q3-T-013,巡航·边界点,2906.4870365687616,2906.4870365687616,中继,Q3-R-003
Q3-T-013,巡航,2906.4870365687616,2915.3463061612097,中继,Q3-R-003
Q3-T-013,巡航·边界点,2915.3463061612097,2915.3463061612097,中继,Q3-R-003
Q3-T-013,巡航,2915.3463061612097,2922.3986216333155,中继,Q3-R-003
Q3-T-013,巡航·边界点,2922.3986216333155,2922.3986216333155,中继,Q3-R-002
Q3-T-013,巡航,2922.3986216333155,2923.5151476742562,中继,Q3-R-002
Q3-T-013,巡航·边界点,2923.5151476742562,2923.5151476742562,中继,Q3-R-002
Q3-T-013,巡航,2923.5151476742562,2924.1344272632828,中继,Q3-R-002
Q3-T-013,巡航·边界点,2924.1344272632828,2924.1344272632828,中继,Q3-R-002
Q3-T-013,巡航,2924.1344272632828,2958.83021567816,中继,Q3-R-002
Q3-T-013,巡航·边界点,2958.83021567816,2958.83021567816,中继,Q3-R-002
Q3-T-013,巡航,2958.83021567816,3003.0220295538097,中继,Q3-R-002
Q3-T-013,巡航·边界点,3003.0220295538097,3003.0220295538097,中继,Q3-R-002
Q3-T-013,巡航,3003.0220295538097,3056.9420600399794,中继,Q3-R-002
Q3-T-013,巡航·边界点,3056.9420600399794,3056.9420600399794,直连,
Q3-T-013,巡航,3056.9420600399794,3167.190608058979,直连,
Q3-T-013,巡航·边界点,3167.190608058979,3167.190608058979,直连,
Q3-T-013,巡航,3167.190608058979,3190.571916040055,直连,
Q3-T-013,巡航·边界点,3190.571916040055,3190.571916040055,直连,
Q3-T-013,巡航,3190.571916040055,3320.467997418591,直连,
Q3-T-013,巡航·边界点,3320.467997418591,3320.467997418591,直连,
Q3-T-013,下降,3320.467997418591,3359.371856292998,直连,
Q3-T-013,下降·边界点,3359.371856292998,3359.371856292998,直连,
Q3-T-013,下降,3359.371856292998,3370.546438846451,直连,
Q3-T-013,下降·边界点,3370.546438846451,3370.546438846451,直连,
Q3-T-013,下降,3370.546438846451,3380.280428984861,直连,
Q3-T-013,下降·边界点,3380.280428984861,3380.280428984861,直连,
Q3-T-013,下降,3380.280428984861,3381.446511762201,直连,
Q3-T-013,下降·边界点,3381.446511762201,3381.446511762201,直连,
Q3-T-013,下降,3381.446511762201,3392.559483010294,直连,
Q3-T-013,下降·边界点,3392.559483010294,3392.559483010294,直连,
Q3-T-013,下降,3392.559483010294,3392.9696990787475,直连,
Q3-T-013,下降·边界点,3392.9696990787475,3392.9696990787475,直连,
Q3-T-014,爬升·边界点,2469.215609943235,2469.215609943235,直连,
Q3-T-014,爬升,2469.215609943235,2469.557456666946,直连,
Q3-T-014,爬升·边界点,2469.557456666946,2469.557456666946,直连,
Q3-T-014,爬升,2469.557456666946,2478.818266040357,直连,
Q3-T-014,爬升·边界点,2478.818266040357,2478.818266040357,直连,
Q3-T-014,爬升,2478.818266040357,2479.7900016881404,直连,
Q3-T-014,爬升·边界点,2479.7900016881404,2479.7900016881404,直连,
Q3-T-014,爬升,2479.7900016881404,2487.9016601368153,直连,
Q3-T-014,爬升·边界点,2487.9016601368153,2487.9016601368153,直连,
Q3-T-014,爬升,2487.9016601368153,2497.213812264693,直连,
Q3-T-014,爬升·边界点,2497.213812264693,2497.213812264693,直连,
Q3-T-014,爬升,2497.213812264693,2517.6678133123755,直连,
Q3-T-014,爬升·边界点,2517.6678133123755,2517.6678133123755,直连,
Q3-T-014,巡航,2517.6678133123755,2651.638445717911,直连,
Q3-T-014,巡航·边界点,2651.638445717911,2651.638445717911,直连,
Q3-T-014,巡航,2651.638445717911,2704.514159255236,直连,
Q3-T-014,巡航·边界点,2704.514159255236,2704.514159255236,直连,
Q3-T-014,巡航,2704.514159255236,2716.8422938097046,直连,
Q3-T-014,巡航·边界点,2716.8422938097046,2716.8422938097046,直连,
Q3-T-014,巡航,2716.8422938097046,2772.1660502722507,直连,
Q3-T-014,巡航·边界点,2772.1660502722507,2772.1660502722507,直连,
Q3-T-014,下降,2772.1660502722507,2797.629975120637,直连,
Q3-T-014,下降·边界点,2797.629975120637,2797.629975120637,直连,
Q3-T-014,下降,2797.629975120637,2803.5999081865757,直连,
Q3-T-014,下降·边界点,2803.5999081865757,2803.5999081865757,直连,
Q3-T-014,下降,2803.5999081865757,2806.2976870460056,直连,
Q3-T-014,下降·边界点,2806.2976870460056,2806.2976870460056,直连,
Q3-T-014,下降,2806.2976870460056,2807.7886943152193,直连,
Q3-T-014,下降·边界点,2807.7886943152193,2807.7886943152193,直连,
Q3-T-014,投送交接,2807.7886943152193,3017.7886943152193,直连,
Q3-T-014,投送交接·边界点,3017.7886943152193,3017.7886943152193,直连,
Q3-T-014,爬升,3017.7886943152193,3019.0312003728977,直连,
Q3-T-014,爬升·边界点,3019.0312003728977,3019.0312003728977,直连,
Q3-T-014,爬升,3019.0312003728977,3021.279349422422,直连,
Q3-T-014,爬升·边界点,3021.279349422422,3021.279349422422,直连,
Q3-T-014,爬升,3021.279349422422,3026.2542936440377,直连,
Q3-T-014,爬升·边界点,3026.2542936440377,3026.2542936440377,直连,
Q3-T-014,爬升,3026.2542936440377,3047.4742310176935,直连,
Q3-T-014,爬升·边界点,3047.4742310176935,3047.4742310176935,直连,
Q3-T-014,巡航,3047.4742310176935,3102.7979874802395,直连,
Q3-T-014,巡航·边界点,3102.7979874802395,3102.7979874802395,直连,
Q3-T-014,巡航,3102.7979874802395,3115.1261220347083,直连,
Q3-T-014,巡航·边界点,3115.1261220347083,3115.1261220347083,直连,
Q3-T-014,巡航,3115.1261220347083,3168.001835572033,直连,
Q3-T-014,巡航·边界点,3168.001835572033,3168.001835572033,直连,
Q3-T-014,巡航,3168.001835572033,3190.571916040055,直连,
Q3-T-014,巡航·边界点,3190.571916040055,3190.571916040055,直连,
Q3-T-014,巡航,3190.571916040055,3301.9724679775686,直连,
Q3-T-014,巡航·边界点,3301.9724679775686,3301.9724679775686,直连,
Q3-T-014,下降,3301.9724679775686,3326.517269234788,直连,
Q3-T-014,下降·边界点,3326.517269234788,3326.517269234788,直连,
Q3-T-014,下降,3326.517269234788,3337.691851788241,直连,
Q3-T-014,下降·边界点,3337.691851788241,3337.691851788241,直连,
Q3-T-014,下降,3337.691851788241,3347.4258419266507,直连,
Q3-T-014,下降·边界点,3347.4258419266507,3347.4258419266507,直连,
Q3-T-014,下降,3347.4258419266507,3348.591924703991,直连,
Q3-T-014,下降·边界点,3348.591924703991,3348.591924703991,直连,
Q3-T-014,下降,3348.591924703991,3359.704895952084,直连,
Q3-T-014,下降·边界点,3359.704895952084,3359.704895952084,直连,
Q3-T-014,下降,3359.704895952084,3360.1151120205373,直连,
Q3-T-014,下降·边界点,3360.1151120205373,3360.1151120205373,直连,
Q3-T-015,爬升·边界点,2469.215609943235,2469.215609943235,直连,
Q3-T-015,爬升,2469.215609943235,2469.557456666946,直连,
Q3-T-015,爬升·边界点,2469.557456666946,2469.557456666946,直连,
Q3-T-015,爬升,2469.557456666946,2478.818266040357,直连,
Q3-T-015,爬升·边界点,2478.818266040357,2478.818266040357,直连,
Q3-T-015,爬升,2478.818266040357,2479.7900016881404,直连,
Q3-T-015,爬升·边界点,2479.7900016881404,2479.7900016881404,直连,
Q3-T-015,爬升,2479.7900016881404,2487.9016601368153,直连,
Q3-T-015,爬升·边界点,2487.9016601368153,2487.9016601368153,直连,
Q3-T-015,爬升,2487.9016601368153,2497.213812264693,直连,
Q3-T-015,爬升·边界点,2497.213812264693,2497.213812264693,直连,
Q3-T-015,爬升,2497.213812264693,2559.7095511867246,直连,
Q3-T-015,爬升·边界点,2559.7095511867246,2559.7095511867246,直连,
Q3-T-015,巡航,2559.7095511867246,2761.4617254803297,直连,
Q3-T-015,巡航·边界点,2761.4617254803297,2761.4617254803297,直连,
Q3-T-015,巡航,2761.4617254803297,2796.1668646400435,直连,
Q3-T-015,巡航·边界点,2796.1668646400435,2796.1668646400435,直连,
Q3-T-015,巡航,2796.1668646400435,2888.7141571333887,直连,
Q3-T-015,巡航·边界点,2888.7141571333887,2888.7141571333887,直连,
Q3-T-015,巡航,2888.7141571333887,2929.8122559786634,中继,Q3-R-002
Q3-T-015,巡航·边界点,2929.8122559786634,2929.8122559786634,中继,Q3-R-002
Q3-T-015,巡航,2929.8122559786634,2963.8130826226006,中继,Q3-R-002
Q3-T-015,巡航·边界点,2963.8130826226006,2963.8130826226006,中继,Q3-R-002
Q3-T-015,下降,2963.8130826226006,2982.8058121147883,中继,Q3-R-002
Q3-T-015,下降·边界点,2982.8058121147883,2982.8058121147883,中继,Q3-R-002
Q3-T-015,投送交接,2982.8058121147883,3190.571916040055,中继,Q3-R-002
Q3-T-015,投送交接·边界点,3190.571916040055,3190.571916040055,中继,Q3-R-002
Q3-T-015,投送交接,3190.571916040055,3192.8058121147883,中继,Q3-R-003
Q3-T-015,投送交接·边界点,3192.8058121147883,3192.8058121147883,中继,Q3-R-003
Q3-T-015,爬升,3192.8058121147883,3208.6330866916114,中继,Q3-R-003
Q3-T-015,爬升·边界点,3208.6330866916114,3208.6330866916114,中继,Q3-R-003
Q3-T-015,巡航,3208.6330866916114,3242.6339133355486,中继,Q3-R-003
Q3-T-015,巡航·边界点,3242.6339133355486,3242.6339133355486,中继,Q3-R-003
Q3-T-015,巡航,3242.6339133355486,3283.7320121808234,中继,Q3-R-003
Q3-T-015,巡航·边界点,3283.7320121808234,3283.7320121808234,直连,
Q3-T-015,巡航,3283.7320121808234,3376.279304674168,直连,
Q3-T-015,巡航·边界点,3376.279304674168,3376.279304674168,直连,
Q3-T-015,巡航,3376.279304674168,3410.9844438338823,直连,
Q3-T-015,巡航·边界点,3410.9844438338823,3410.9844438338823,直连,
Q3-T-015,巡航,3410.9844438338823,3612.7366181274874,直连,
Q3-T-015,巡航·边界点,3612.7366181274874,3612.7366181274874,直连,
Q3-T-015,下降,3612.7366181274874,3687.7315048339256,直连,
Q3-T-015,下降·边界点,3687.7315048339256,3687.7315048339256,直连,
Q3-T-015,下降,3687.7315048339256,3698.9060873873786,直连,
Q3-T-015,下降·边界点,3698.9060873873786,3698.9060873873786,直连,
Q3-T-015,下降,3698.9060873873786,3708.6400775257885,直连,
Q3-T-015,下降·边界点,3708.6400775257885,3708.6400775257885,直连,
Q3-T-015,下降,3708.6400775257885,3709.8061603031288,直连,
Q3-T-015,下降·边界点,3709.8061603031288,3709.8061603031288,直连,
Q3-T-015,下降,3709.8061603031288,3720.9191315512217,直连,
Q3-T-015,下降·边界点,3720.9191315512217,3720.9191315512217,直连,
Q3-T-015,下降,3720.9191315512217,3721.329347619675,直连,
Q3-T-015,下降·边界点,3721.329347619675,3721.329347619675,直连,
Q3-T-016,爬升·边界点,2890.88843086402,2890.88843086402,直连,
Q3-T-016,爬升,2890.88843086402,2891.2986469324733,直连,
Q3-T-016,爬升·边界点,2891.2986469324733,2891.2986469324733,直连,
Q3-T-016,爬升,2891.2986469324733,2902.411618180566,直连,
Q3-T-016,爬升·边界点,2902.411618180566,2902.411618180566,直连,
Q3-T-016,爬升,2902.411618180566,2903.5777009579065,直连,
Q3-T-016,爬升·边界点,2903.5777009579065,2903.5777009579065,直连,
Q3-T-016,爬升,2903.5777009579065,2913.3116910963163,直连,
Q3-T-016,爬升·边界点,2913.3116910963163,2913.3116910963163,直连,
Q3-T-016,爬升,2913.3116910963163,2924.4862736497694,直连,
Q3-T-016,爬升·边界点,2924.4862736497694,2924.4862736497694,直连,
Q3-T-016,爬升,2924.4862736497694,2999.104097367926,直连,
Q3-T-016,爬升·边界点,2999.104097367926,2999.104097367926,直连,
Q3-T-016,巡航,2999.104097367926,3190.571916040055,直连,
Q3-T-016,巡航·边界点,3190.571916040055,3190.571916040055,直连,
Q3-T-016,巡航,3190.571916040055,3257.6558924085007,直连,
Q3-T-016,巡航·边界点,3257.6558924085007,3257.6558924085007,直连,
Q3-T-016,巡航,3257.6558924085007,3262.328265851837,直连,
Q3-T-016,巡航·边界点,3262.328265851837,3262.328265851837,直连,
Q3-T-016,巡航,3262.328265851837,3285.106694266132,直连,
Q3-T-016,巡航·边界点,3285.106694266132,3285.106694266132,直连,
Q3-T-016,巡航,3285.106694266132,3371.479850922431,直连,
Q3-T-016,巡航·边界点,3371.479850922431,3371.479850922431,中继,Q3-R-003
Q3-T-016,巡航,3371.479850922431,3451.658488112456,中继,Q3-R-003
Q3-T-016,巡航·边界点,3451.658488112456,3451.658488112456,中继,Q3-R-003
Q3-T-016,巡航,3451.658488112456,3513.417193975737,中继,Q3-R-003
Q3-T-016,巡航·边界点,3513.417193975737,3513.417193975737,中继,Q3-R-003
Q3-T-016,下降,3513.417193975737,3532.5954122460485,中继,Q3-R-003
Q3-T-016,下降·边界点,3532.5954122460485,3532.5954122460485,中继,Q3-R-003
Q3-T-016,下降,3532.5954122460485,3574.9211698728545,中继,Q3-R-003
Q3-T-016,下降·边界点,3574.9211698728545,3574.9211698728545,中继,Q3-R-003
Q3-T-016,下降,3574.9211698728545,3577.1905599560246,中继,Q3-R-003
Q3-T-016,下降·边界点,3577.1905599560246,3577.1905599560246,中继,Q3-R-003
Q3-T-016,下降,3577.1905599560246,3577.8150268678105,中继,Q3-R-003
Q3-T-016,下降·边界点,3577.8150268678105,3577.8150268678105,中继,Q3-R-003
Q3-T-016,下降,3577.8150268678105,3598.38677710562,中继,Q3-R-003
Q3-T-016,下降·边界点,3598.38677710562,3598.38677710562,中继,Q3-R-003
Q3-T-016,投送交接,3598.38677710562,3994.38677710562,中继,Q3-R-003
Q3-T-016,投送交接·边界点,3994.38677710562,3994.38677710562,中继,Q3-R-003
Q3-T-016,爬升,3994.38677710562,4010.844177295867,中继,Q3-R-003
Q3-T-016,爬升·边界点,4010.844177295867,4010.844177295867,中继,Q3-R-003
Q3-T-016,爬升,4010.844177295867,4011.343750825296,中继,Q3-R-003
Q3-T-016,爬升·边界点,4011.343750825296,4011.343750825296,中继,Q3-R-003
Q3-T-016,爬升,4011.343750825296,4013.159262891832,中继,Q3-R-003
Q3-T-016,爬升·边界点,4013.159262891832,4013.159262891832,中继,Q3-R-003
Q3-T-016,爬升,4013.159262891832,4047.0198689932768,中继,Q3-R-003
Q3-T-016,爬升·边界点,4047.0198689932768,4047.0198689932768,中继,Q3-R-003
Q3-T-016,爬升,4047.0198689932768,4062.362443609526,中继,Q3-R-003
Q3-T-016,爬升·边界点,4062.362443609526,4062.362443609526,中继,Q3-R-003
Q3-T-016,巡航,4062.362443609526,4124.121149472807,中继,Q3-R-003
Q3-T-016,巡航·边界点,4124.121149472807,4124.121149472807,中继,Q3-R-003
Q3-T-016,巡航,4124.121149472807,4204.299786662832,中继,Q3-R-003
Q3-T-016,巡航·边界点,4204.299786662832,4204.299786662832,中继,Q3-R-003
Q3-T-016,巡航,4204.299786662832,4290.672943319131,直连,
Q3-T-016,巡航·边界点,4290.672943319131,4290.672943319131,直连,
Q3-T-016,巡航,4290.672943319131,4313.451371733426,直连,
Q3-T-016,巡航·边界点,4313.451371733426,4313.451371733426,直连,
Q3-T-016,巡航,4313.451371733426,4318.123745176762,直连,
Q3-T-016,巡航·边界点,4318.123745176762,4318.123745176762,直连,
Q3-T-016,巡航,4318.123745176762,4576.675540217337,直连,
Q3-T-016,巡航·边界点,4576.675540217337,4576.675540217337,直连,
Q3-T-016,下降,4576.675540217337,4639.085039952027,直连,
Q3-T-016,下降·边界点,4639.085039952027,4639.085039952027,直连,
Q3-T-016,下降,4639.085039952027,4669.947819865032,直连,
Q3-T-016,下降·边界点,4669.947819865032,4669.947819865032,直连,
Q3-T-016,下降,4669.947819865032,4683.916048056849,直连,
Q3-T-016,下降·边界点,4683.916048056849,4683.916048056849,直连,
Q3-T-016,下降,4683.916048056849,4696.083535729861,直连,
Q3-T-016,下降·边界点,4696.083535729861,4696.083535729861,直连,
Q3-T-016,下降,4696.083535729861,4697.541139201537,直连,
Q3-T-016,下降·边界点,4697.541139201537,4697.541139201537,直连,
Q3-T-016,下降,4697.541139201537,4711.432353261653,直连,
Q3-T-016,下降·边界点,4711.432353261653,4711.432353261653,直连,
Q3-T-016,下降,4711.432353261653,4711.945123347219,直连,
Q3-T-016,下降·边界点,4711.945123347219,4711.945123347219,直连,
Q3-T-017,爬升·边界点,2861.799004154604,2861.799004154604,直连,
Q3-T-017,爬升,2861.799004154604,2862.140850878315,直连,
Q3-T-017,爬升·边界点,2862.140850878315,2862.140850878315,直连,
Q3-T-017,爬升,2862.140850878315,2871.401660251726,直连,
Q3-T-017,爬升·边界点,2871.401660251726,2871.401660251726,直连,
Q3-T-017,爬升,2871.401660251726,2872.3733958995094,直连,
Q3-T-017,爬升·边界点,2872.3733958995094,2872.3733958995094,直连,
Q3-T-017,爬升,2872.3733958995094,2880.4850543481843,直连,
Q3-T-017,爬升·边界点,2880.4850543481843,2880.4850543481843,直连,
Q3-T-017,爬升,2880.4850543481843,2889.797206476062,直连,
Q3-T-017,爬升·边界点,2889.797206476062,2889.797206476062,直连,
Q3-T-017,爬升,2889.797206476062,2910.2512075237446,直连,
Q3-T-017,爬升·边界点,2910.2512075237446,2910.2512075237446,直连,
Q3-T-017,巡航,2910.2512075237446,3044.22183992928,直连,
Q3-T-017,巡航·边界点,3044.22183992928,3044.22183992928,直连,
Q3-T-017,巡航,3044.22183992928,3097.097553466605,直连,
Q3-T-017,巡航·边界点,3097.097553466605,3097.097553466605,直连,
Q3-T-017,巡航,3097.097553466605,3109.4256880210737,直连,
Q3-T-017,巡航·边界点,3109.4256880210737,3109.4256880210737,直连,
Q3-T-017,巡航,3109.4256880210737,3164.7494444836198,直连,
Q3-T-017,巡航·边界点,3164.7494444836198,3164.7494444836198,直连,
Q3-T-017,下降,3164.7494444836198,3190.213369332006,直连,
Q3-T-017,下降·边界点,3190.213369332006,3190.213369332006,直连,
Q3-T-017,下降,3190.213369332006,3190.571916040055,直连,
Q3-T-017,下降·边界点,3190.571916040055,3190.571916040055,直连,
Q3-T-017,下降,3190.571916040055,3196.1833023979448,直连,
Q3-T-017,下降·边界点,3196.1833023979448,3196.1833023979448,直连,
Q3-T-017,下降,3196.1833023979448,3198.8810812573747,直连,
Q3-T-017,下降·边界点,3198.8810812573747,3198.8810812573747,直连,
Q3-T-017,下降,3198.8810812573747,3200.3720885265884,直连,
Q3-T-017,下降·边界点,3200.3720885265884,3200.3720885265884,直连,
Q3-T-017,投送交接,3200.3720885265884,3380.3720885265884,直连,
Q3-T-017,投送交接·边界点,3380.3720885265884,3380.3720885265884,直连,
Q3-T-017,爬升,3380.3720885265884,3381.614594584267,直连,
Q3-T-017,爬升·边界点,3381.614594584267,3381.614594584267,直连,
Q3-T-017,爬升,3381.614594584267,3383.862743633791,直连,
Q3-T-017,爬升·边界点,3383.862743633791,3383.862743633791,直连,
Q3-T-017,爬升,3383.862743633791,3388.837687855407,直连,
Q3-T-017,爬升·边界点,3388.837687855407,3388.837687855407,直连,
Q3-T-017,爬升,3388.837687855407,3411.1680581717706,直连,
Q3-T-017,爬升·边界点,3411.1680581717706,3411.1680581717706,直连,
Q3-T-017,巡航,3411.1680581717706,3482.3543499177663,直连,
Q3-T-017,巡航·边界点,3482.3543499177663,3482.3543499177663,直连,
Q3-T-017,巡航,3482.3543499177663,3489.1722219869885,直连,
Q3-T-017,巡航·边界点,3489.1722219869885,3489.1722219869885,直连,
Q3-T-017,巡航,3489.1722219869885,3492.9010217231175,直连,
Q3-T-017,巡航·边界点,3492.9010217231175,3492.9010217231175,直连,
Q3-T-017,巡航,3492.9010217231175,3499.0295910707487,直连,
Q3-T-017,巡航·边界点,3499.0295910707487,3499.0295910707487,直连,
Q3-T-017,巡航,3499.0295910707487,3521.599963413105,直连,
Q3-T-017,巡航·边界点,3521.599963413105,3521.599963413105,直连,
Q3-T-017,巡航,3521.599963413105,3545.520177228252,直连,
Q3-T-017,巡航·边界点,3545.520177228252,3545.520177228252,直连,
Q3-T-017,巡航,3545.520177228252,3578.10320354268,直连,
Q3-T-017,巡航·边界点,3578.10320354268,3578.10320354268,直连,
Q3-T-017,巡航,3578.10320354268,3581.978259200559,直连,
Q3-T-017,巡航·边界点,3581.978259200559,3581.978259200559,直连,
Q3-T-017,巡航,3581.978259200559,3582.5297446671534,直连,
Q3-T-017,巡航·边界点,3582.5297446671534,3582.5297446671534,直连,
Q3-T-017,巡航,3582.5297446671534,3583.866109020787,直连,
Q3-T-017,巡航·边界点,3583.866109020787,3583.866109020787,直连,
Q3-T-017,巡航,3583.866109020787,3592.2091777646224,直连,
Q3-T-017,巡航·边界点,3592.2091777646224,3592.2091777646224,直连,
Q3-T-017,巡航,3592.2091777646224,3607.3424297898655,直连,
Q3-T-017,巡航·边界点,3607.3424297898655,3607.3424297898655,直连,
Q3-T-017,下降,3607.3424297898655,3617.216530129665,直连,
Q3-T-017,下降·边界点,3617.216530129665,3617.216530129665,直连,
Q3-T-017,下降,3617.216530129665,3633.0575933640844,直连,
Q3-T-017,下降·边界点,3633.0575933640844,3633.0575933640844,直连,
Q3-T-017,投送交接,3633.0575933640844,3813.0575933640844,直连,
Q3-T-017,投送交接·边界点,3813.0575933640844,3813.0575933640844,直连,
Q3-T-017,爬升,3813.0575933640844,3826.258479392767,直连,
Q3-T-017,爬升·边界点,3826.258479392767,3826.258479392767,直连,
Q3-T-017,爬升,3826.258479392767,3840.811511821116,直连,
Q3-T-017,爬升·边界点,3840.811511821116,3840.811511821116,直连,
Q3-T-017,巡航,3840.811511821116,3847.5224478676846,直连,
Q3-T-017,巡航·边界点,3847.5224478676846,3847.5224478676846,直连,
Q3-T-017,巡航,3847.5224478676846,3870.2133161970846,直连,
Q3-T-017,巡航·边界点,3870.2133161970846,3870.2133161970846,直连,
Q3-T-017,巡航,3870.2133161970846,3920.8105819161206,直连,
Q3-T-017,巡航·边界点,3920.8105819161206,3920.8105819161206,直连,
Q3-T-017,巡航,3920.8105819161206,3993.9936812585615,直连,
Q3-T-017,巡航·边界点,3993.9936812585615,3993.9936812585615,直连,
Q3-T-017,巡航,3993.9936812585615,4074.8176978779197,直连,
Q3-T-017,巡航·边界点,4074.8176978779197,4074.8176978779197,直连,
Q3-T-017,下降,4074.8176978779197,4108.284557240608,直连,
Q3-T-017,下降·边界点,4108.284557240608,4108.284557240608,直连,
Q3-T-017,下降,4108.284557240608,4119.459139794061,直连,
Q3-T-017,下降·边界点,4119.459139794061,4119.459139794061,直连,
Q3-T-017,下降,4119.459139794061,4129.193129932471,直连,
Q3-T-017,下降·边界点,4129.193129932471,4129.193129932471,直连,
Q3-T-017,下降,4129.193129932471,4130.359212709811,直连,
Q3-T-017,下降·边界点,4130.359212709811,4130.359212709811,直连,
Q3-T-017,下降,4130.359212709811,4141.472183957904,直连,
Q3-T-017,下降·边界点,4141.472183957904,4141.472183957904,直连,
Q3-T-017,下降,4141.472183957904,4141.882400026358,直连,
Q3-T-017,下降·边界点,4141.882400026358,4141.882400026358,直连,
Q3-T-018,爬升·边界点,3672.6768982603417,3672.6768982603417,直连,
Q3-T-018,爬升,3672.6768982603417,3673.018744984053,直连,
Q3-T-018,爬升·边界点,3673.018744984053,3673.018744984053,直连,
Q3-T-018,爬升,3673.018744984053,3682.2795543574634,直连,
Q3-T-018,爬升·边界点,3682.2795543574634,3682.2795543574634,直连,
Q3-T-018,爬升,3682.2795543574634,3683.251290005247,直连,
Q3-T-018,爬升·边界点,3683.251290005247,3683.251290005247,直连,
Q3-T-018,爬升,3683.251290005247,3691.362948453922,直连,
Q3-T-018,爬升·边界点,3691.362948453922,3691.362948453922,直连,
Q3-T-018,爬升,3691.362948453922,3700.6751005817996,直连,
Q3-T-018,爬升·边界点,3700.6751005817996,3700.6751005817996,直连,
Q3-T-018,爬升,3700.6751005817996,3728.5641500507063,直连,
Q3-T-018,爬升·边界点,3728.5641500507063,3728.5641500507063,直连,
Q3-T-018,巡航,3728.5641500507063,3809.3881666700645,直连,
Q3-T-018,巡航·边界点,3809.3881666700645,3809.3881666700645,直连,
Q3-T-018,巡航,3809.3881666700645,3882.5712660125055,直连,
Q3-T-018,巡航·边界点,3882.5712660125055,3882.5712660125055,直连,
Q3-T-018,巡航,3882.5712660125055,3933.1685317315414,直连,
Q3-T-018,巡航·边界点,3933.1685317315414,3933.1685317315414,直连,
Q3-T-018,巡航,3933.1685317315414,3955.8594000609414,直连,
Q3-T-018,巡航·边界点,3955.8594000609414,3955.8594000609414,直连,
Q3-T-018,巡航,3955.8594000609414,3962.5703361075102,直连,
Q3-T-018,巡航·边界点,3962.5703361075102,3962.5703361075102,直连,
Q3-T-018,下降,3962.5703361075102,3980.0339750215285,直连,
Q3-T-018,下降·边界点,3980.0339750215285,3980.0339750215285,直连,
Q3-T-018,下降,3980.0339750215285,3995.875038255948,直连,
Q3-T-018,下降·边界点,3995.875038255948,3995.875038255948,直连,
Q3-T-018,投送交接,3995.875038255948,4175.875038255948,直连,
Q3-T-018,投送交接·边界点,4175.875038255948,4175.875038255948,直连,
Q3-T-018,爬升,4175.875038255948,4189.075924284631,直连,
Q3-T-018,爬升·边界点,4189.075924284631,4189.075924284631,直连,
Q3-T-018,爬升,4189.075924284631,4209.448609401749,直连,
Q3-T-018,爬升·边界点,4209.448609401749,4209.448609401749,直连,
Q3-T-018,爬升,4209.448609401749,4229.196613212725,直连,
Q3-T-018,爬升·边界点,4229.196613212725,4229.196613212725,直连,
Q3-T-018,爬升,4229.196613212725,4242.813872891365,直连,
Q3-T-018,爬升·边界点,4242.813872891365,4242.813872891365,直连,
Q3-T-018,巡航,4242.813872891365,4272.35871129059,直连,
Q3-T-018,巡航·边界点,4272.35871129059,4272.35871129059,直连,
Q3-T-018,巡航,4272.35871129059,4325.9410552762365,直连,
Q3-T-018,巡航·边界点,4325.9410552762365,4325.9410552762365,直连,
Q3-T-018,巡航,4325.9410552762365,4339.850969348016,直连,
Q3-T-018,巡航·边界点,4339.850969348016,4339.850969348016,直连,
Q3-T-018,巡航,4339.850969348016,4460.442619000377,直连,
Q3-T-018,巡航·边界点,4460.442619000377,4460.442619000377,直连,
Q3-T-018,巡航,4460.442619000377,4471.790618459976,直连,
Q3-T-018,巡航·边界点,4471.790618459976,4471.790618459976,直连,
Q3-T-018,巡航,4471.790618459976,4477.656473608323,直连,
Q3-T-018,巡航·边界点,4477.656473608323,4477.656473608323,中继,Q3-R-003
Q3-T-018,巡航,4477.656473608323,4639.085039952027,中继,Q3-R-003
Q3-T-018,巡航·边界点,4639.085039952027,4639.085039952027,中继,Q3-R-003
Q3-T-018,巡航,4639.085039952027,4654.088429250914,中继,Q3-R-003
Q3-T-018,巡航·边界点,4654.088429250914,4654.088429250914,中继,Q3-R-003
Q3-T-018,巡航,4654.088429250914,4686.7482125645665,中继,Q3-R-003
Q3-T-018,巡航·边界点,4686.7482125645665,4686.7482125645665,中继,Q3-R-003
Q3-T-018,下降,4686.7482125645665,4726.285445514523,中继,Q3-R-003
Q3-T-018,下降·边界点,4726.285445514523,4726.285445514523,中继,Q3-R-003
Q3-T-018,下降,4726.285445514523,4726.496640370225,中继,Q3-R-003
Q3-T-018,下降·边界点,4726.496640370225,4726.496640370225,中继,Q3-R-003
Q3-T-018,下降,4726.496640370225,4743.5548141270665,中继,Q3-R-004
Q3-T-018,下降·边界点,4743.5548141270665,4743.5548141270665,中继,Q3-R-004
Q3-T-018,投送交接,4743.5548141270665,4953.5548141270665,中继,Q3-R-004
Q3-T-018,投送交接·边界点,4953.5548141270665,4953.5548141270665,中继,Q3-R-004
Q3-T-018,爬升,4953.5548141270665,4967.769958924435,中继,Q3-R-004
Q3-T-018,爬升·边界点,4967.769958924435,4967.769958924435,中继,Q3-R-003
Q3-T-018,爬升,4967.769958924435,4967.945954637519,中继,Q3-R-003
Q3-T-018,爬升·边界点,4967.945954637519,4967.945954637519,中继,Q3-R-003
Q3-T-018,爬升,4967.945954637519,4987.55792488553,中继,Q3-R-003
Q3-T-018,爬升·边界点,4987.55792488553,4987.55792488553,中继,Q3-R-003
Q3-T-018,巡航,4987.55792488553,5020.962029535166,中继,Q3-R-003
Q3-T-018,巡航·边界点,5020.962029535166,5020.962029535166,中继,Q3-R-003
Q3-T-018,巡航,5020.962029535166,5050.104061925956,中继,Q3-R-003
Q3-T-018,巡航·边界点,5050.104061925956,5050.104061925956,中继,Q3-R-003
Q3-T-018,巡航,5050.104061925956,5060.09211709281,中继,Q3-R-003
Q3-T-018,巡航·边界点,5060.09211709281,5060.09211709281,中继,Q3-R-003
Q3-T-018,巡航,5060.09211709281,5072.998652966975,中继,Q3-R-003
Q3-T-018,巡航·边界点,5072.998652966975,5072.998652966975,中继,Q3-R-003
Q3-T-018,巡航,5072.998652966975,5097.023971279247,中继,Q3-R-003
Q3-T-018,巡航·边界点,5097.023971279247,5097.023971279247,中继,Q3-R-003
Q3-T-018,巡航,5097.023971279247,5140.400332063525,中继,Q3-R-003
Q3-T-018,巡航·边界点,5140.400332063525,5140.400332063525,中继,Q3-R-003
Q3-T-018,巡航,5140.400332063525,5208.241482295423,中继,Q3-R-003
Q3-T-018,巡航·边界点,5208.241482295423,5208.241482295423,中继,Q3-R-003
Q3-T-018,巡航,5208.241482295423,5259.763137332439,中继,Q3-R-003
Q3-T-018,巡航·边界点,5259.763137332439,5259.763137332439,中继,Q3-R-003
Q3-T-018,巡航,5259.763137332439,5297.845174926699,中继,Q3-R-003
Q3-T-018,巡航·边界点,5297.845174926699,5297.845174926699,中继,Q3-R-003
Q3-T-018,巡航,5297.845174926699,5331.657111050752,直连,
Q3-T-018,巡航·边界点,5331.657111050752,5331.657111050752,直连,
Q3-T-018,巡航,5331.657111050752,5417.824861253002,直连,
Q3-T-018,巡航·边界点,5417.824861253002,5417.824861253002,直连,
Q3-T-018,巡航,5417.824861253002,5467.21083864293,直连,
Q3-T-018,巡航·边界点,5467.21083864293,5467.21083864293,直连,
Q3-T-018,巡航,5467.21083864293,5546.824465987129,直连,
Q3-T-018,巡航·边界点,5546.824465987129,5546.824465987129,直连,
Q3-T-018,巡航,5546.824465987129,5660.810684254129,直连,
Q3-T-018,巡航·边界点,5660.810684254129,5660.810684254129,直连,
Q3-T-018,下降,5660.810684254129,5725.296574378536,直连,
Q3-T-018,下降·边界点,5725.296574378536,5725.296574378536,直连,
Q3-T-018,下降,5725.296574378536,5736.471156931989,直连,
Q3-T-018,下降·边界点,5736.471156931989,5736.471156931989,直连,
Q3-T-018,下降,5736.471156931989,5746.205147070399,直连,
Q3-T-018,下降·边界点,5746.205147070399,5746.205147070399,直连,
Q3-T-018,下降,5746.205147070399,5747.371229847739,直连,
Q3-T-018,下降·边界点,5747.371229847739,5747.371229847739,直连,
Q3-T-018,下降,5747.371229847739,5758.484201095832,直连,
Q3-T-018,下降·边界点,5758.484201095832,5758.484201095832,直连,
Q3-T-018,下降,5758.484201095832,5758.894417164285,直连,
Q3-T-018,下降·边界点,5758.894417164285,5758.894417164285,直连,
Q3-T-019,爬升·边界点,3782.9696990787475,3782.9696990787475,直连,
Q3-T-019,爬升,3782.9696990787475,3783.3115458024586,直连,
Q3-T-019,爬升·边界点,3783.3115458024586,3783.3115458024586,直连,
Q3-T-019,爬升,3783.3115458024586,3792.5723551758692,直连,
Q3-T-019,爬升·边界点,3792.5723551758692,3792.5723551758692,直连,
Q3-T-019,爬升,3792.5723551758692,3793.544090823653,直连,
Q3-T-019,爬升·边界点,3793.544090823653,3793.544090823653,直连,
Q3-T-019,爬升,3793.544090823653,3801.6557492723277,直连,
Q3-T-019,爬升·边界点,3801.6557492723277,3801.6557492723277,直连,
Q3-T-019,爬升,3801.6557492723277,3810.9679014002054,直连,
Q3-T-019,爬升·边界点,3810.9679014002054,3810.9679014002054,直连,
Q3-T-019,爬升,3810.9679014002054,3849.2066619693724,直连,
Q3-T-019,爬升·边界点,3849.2066619693724,3849.2066619693724,直连,
Q3-T-019,巡航,3849.2066619693724,4088.936814291953,直连,
Q3-T-019,巡航·边界点,4088.936814291953,4088.936814291953,直连,
Q3-T-019,巡航,4088.936814291953,4100.324120854927,直连,
Q3-T-019,巡航·边界点,4100.324120854927,4100.324120854927,直连,
Q3-T-019,巡航,4100.324120854927,4112.69117031888,直连,
Q3-T-019,巡航·边界点,4112.69117031888,4112.69117031888,直连,
Q3-T-019,巡航,4112.69117031888,4114.900172870868,中继,Q3-R-003
Q3-T-019,巡航·边界点,4114.900172870868,4114.900172870868,中继,Q3-R-003
Q3-T-019,巡航,4114.900172870868,4181.24089742134,中继,Q3-R-003
Q3-T-019,巡航·边界点,4181.24089742134,4181.24089742134,中继,Q3-R-003
Q3-T-019,巡航,4181.24089742134,4201.247124427576,中继,Q3-R-003
Q3-T-019,巡航·边界点,4201.247124427576,4201.247124427576,中继,Q3-R-003
Q3-T-019,下降,4201.247124427576,4233.357177404958,中继,Q3-R-003
Q3-T-019,下降·边界点,4233.357177404958,4233.357177404958,中继,Q3-R-003
Q3-T-019,下降,4233.357177404958,4248.553883782804,中继,Q3-R-003
Q3-T-019,下降·边界点,4248.553883782804,4248.553883782804,中继,Q3-R-003
Q3-T-019,下降,4248.553883782804,4253.811479896326,中继,Q3-R-003
Q3-T-019,下降·边界点,4253.811479896326,4253.811479896326,中继,Q3-R-003
Q3-T-019,投送交接,4253.811479896326,4463.811479896326,中继,Q3-R-003
Q3-T-019,投送交接·边界点,4463.811479896326,4463.811479896326,中继,Q3-R-003
Q3-T-019,爬升,4463.811479896326,4468.192809990927,中继,Q3-R-003
Q3-T-019,爬升·边界点,4468.192809990927,4468.192809990927,中继,Q3-R-003
Q3-T-019,爬升,4468.192809990927,4480.856731972466,中继,Q3-R-003
Q3-T-019,爬升·边界点,4480.856731972466,4480.856731972466,中继,Q3-R-003
Q3-T-019,爬升,4480.856731972466,4517.785690336052,中继,Q3-R-003
Q3-T-019,爬升·边界点,4517.785690336052,4517.785690336052,中继,Q3-R-003
Q3-T-019,爬升,4517.785690336052,4521.073870033045,中继,Q3-R-003
Q3-T-019,爬升·边界点,4521.073870033045,4521.073870033045,中继,Q3-R-003
Q3-T-019,巡航,4521.073870033045,4522.855820364208,中继,Q3-R-003
Q3-T-019,巡航·边界点,4522.855820364208,4522.855820364208,中继,Q3-R-003
Q3-T-019,巡航,4522.855820364208,4554.359147781317,直连,
Q3-T-019,巡航·边界点,4554.359147781317,4554.359147781317,中继,Q3-R-003
Q3-T-019,巡航,4554.359147781317,4592.8073367585675,中继,Q3-R-003
Q3-T-019,巡航·边界点,4592.8073367585675,4592.8073367585675,中继,Q3-R-003
Q3-T-019,巡航,4592.8073367585675,4638.782925044121,中继,Q3-R-003
Q3-T-019,巡航·边界点,4638.782925044121,4638.782925044121,中继,Q3-R-003
Q3-T-019,巡航,4638.782925044121,4639.085039952027,中继,Q3-R-003
Q3-T-019,巡航·边界点,4639.085039952027,4639.085039952027,中继,Q3-R-003
Q3-T-019,巡航,4639.085039952027,4692.069306024283,中继,Q3-R-003
Q3-T-019,巡航·边界点,4692.069306024283,4692.069306024283,中继,Q3-R-003
Q3-T-019,巡航,4692.069306024283,4723.751899102709,中继,Q3-R-003
Q3-T-019,巡航·边界点,4723.751899102709,4723.751899102709,中继,Q3-R-003
Q3-T-019,下降,4723.751899102709,4744.837398654228,中继,Q3-R-003
Q3-T-019,下降·边界点,4744.837398654228,4744.837398654228,中继,Q3-R-003
Q3-T-019,下降,4744.837398654228,4745.04859350993,中继,Q3-R-003
Q3-T-019,下降·边界点,4745.04859350993,4745.04859350993,中继,Q3-R-003
Q3-T-019,下降,4745.04859350993,4762.106767266771,中继,Q3-R-004
Q3-T-019,下降·边界点,4762.106767266771,4762.106767266771,中继,Q3-R-004
Q3-T-019,投送交接,4762.106767266771,4942.106767266771,中继,Q3-R-004
Q3-T-019,投送交接·边界点,4942.106767266771,4942.106767266771,中继,Q3-R-004
Q3-T-019,爬升,4942.106767266771,4956.32191206414,中继,Q3-R-004
Q3-T-019,爬升·边界点,4956.32191206414,4956.32191206414,中继,Q3-R-003
Q3-T-019,爬升,4956.32191206414,4956.497907777224,中继,Q3-R-003
Q3-T-019,爬升·边界点,4956.497907777224,4956.497907777224,中继,Q3-R-003
Q3-T-019,爬升,4956.497907777224,4976.109878025235,中继,Q3-R-003
Q3-T-019,爬升·边界点,4976.109878025235,4976.109878025235,中继,Q3-R-003
Q3-T-019,巡航,4976.109878025235,5002.833161744944,中继,Q3-R-003
Q3-T-019,巡航·边界点,5002.833161744944,5002.833161744944,中继,Q3-R-003
Q3-T-019,巡航,5002.833161744944,5026.146787657575,中继,Q3-R-003
Q3-T-019,巡航·边界点,5026.146787657575,5026.146787657575,中继,Q3-R-003
Q3-T-019,巡航,5026.146787657575,5034.137231791059,中继,Q3-R-003
Q3-T-019,巡航·边界点,5034.137231791059,5034.137231791059,中继,Q3-R-003
Q3-T-019,巡航,5034.137231791059,5044.462460490391,中继,Q3-R-003
Q3-T-019,巡航·边界点,5044.462460490391,5044.462460490391,中继,Q3-R-003
Q3-T-019,巡航,5044.462460490391,5063.6827151402085,中继,Q3-R-003
Q3-T-019,巡航·边界点,5063.6827151402085,5063.6827151402085,中继,Q3-R-003
Q3-T-019,巡航,5063.6827151402085,5098.3838037676305,中继,Q3-R-003
Q3-T-019,巡航·边界点,5098.3838037676305,5098.3838037676305,中继,Q3-R-003
Q3-T-019,巡航,5098.3838037676305,5152.65672395315,中继,Q3-R-003
Q3-T-019,巡航·边界点,5152.65672395315,5152.65672395315,中继,Q3-R-003
Q3-T-019,巡航,5152.65672395315,5193.874047982762,中继,Q3-R-003
Q3-T-019,巡航·边界点,5193.874047982762,5193.874047982762,中继,Q3-R-003
Q3-T-019,巡航,5193.874047982762,5224.33967805817,中继,Q3-R-003
Q3-T-019,巡航·边界点,5224.33967805817,5224.33967805817,中继,Q3-R-003
Q3-T-019,巡航,5224.33967805817,5251.389226957412,直连,
Q3-T-019,巡航·边界点,5251.389226957412,5251.389226957412,直连,
Q3-T-019,巡航,5251.389226957412,5320.323427119212,直连,
Q3-T-019,巡航·边界点,5320.323427119212,5320.323427119212,直连,
Q3-T-019,巡航,5320.323427119212,5359.832209031154,直连,
Q3-T-019,巡航·边界点,5359.832209031154,5359.832209031154,直连,
Q3-T-019,巡航,5359.832209031154,5423.5231109065135,直连,
Q3-T-019,巡航·边界点,5423.5231109065135,5423.5231109065135,直连,
Q3-T-019,巡航,5423.5231109065135,5514.712085520114,直连,
Q3-T-019,巡航·边界点,5514.712085520114,5514.712085520114,直连,
Q3-T-019,下降,5514.712085520114,5579.197975644521,直连,
Q3-T-019,下降·边界点,5579.197975644521,5579.197975644521,直连,
Q3-T-019,下降,5579.197975644521,5590.372558197973,直连,
Q3-T-019,下降·边界点,5590.372558197973,5590.372558197973,直连,
Q3-T-019,下降,5590.372558197973,5600.106548336384,直连,
Q3-T-019,下降·边界点,5600.106548336384,5600.106548336384,直连,
Q3-T-019,下降,5600.106548336384,5601.272631113724,直连,
Q3-T-019,下降·边界点,5601.272631113724,5601.272631113724,直连,
Q3-T-019,下降,5601.272631113724,5612.385602361816,直连,
Q3-T-019,下降·边界点,5612.385602361816,5612.385602361816,直连,
Q3-T-019,下降,5612.385602361816,5612.79581843027,直连,
Q3-T-019,下降·边界点,5612.79581843027,5612.79581843027,直连,
Q3-T-020,爬升·边界点,4088.7626161436283,4088.7626161436283,直连,
Q3-T-020,爬升,4088.7626161436283,4089.1044628673394,直连,
Q3-T-020,爬升·边界点,4089.1044628673394,4089.1044628673394,直连,
Q3-T-020,爬升,4089.1044628673394,4098.3652722407505,直连,
Q3-T-020,爬升·边界点,4098.3652722407505,4098.3652722407505,直连,
Q3-T-020,爬升,4098.3652722407505,4099.337007888534,直连,
Q3-T-020,爬升·边界点,4099.337007888534,4099.337007888534,直连,
Q3-T-020,爬升,4099.337007888534,4107.448666337209,直连,
Q3-T-020,爬升·边界点,4107.448666337209,4107.448666337209,直连,
Q3-T-020,爬升,4107.448666337209,4116.760818465086,直连,
Q3-T-020,爬升·边界点,4116.760818465086,4116.760818465086,直连,
Q3-T-020,爬升,4116.760818465086,4233.46399553816,直连,
Q3-T-020,爬升·边界点,4233.46399553816,4233.46399553816,直连,
Q3-T-020,巡航,4233.46399553816,4292.401219811492,直连,
Q3-T-020,巡航·边界点,4292.401219811492,4292.401219811492,直连,
Q3-T-020,巡航,4292.401219811492,4363.820933347366,直连,
Q3-T-020,巡航·边界点,4363.820933347366,4363.820933347366,直连,
Q3-T-020,巡航,4363.820933347366,4542.091118377183,直连,
Q3-T-020,巡航·边界点,4542.091118377183,4542.091118377183,直连,
Q3-T-020,巡航,4542.091118377183,4549.824267259982,直连,
Q3-T-020,巡航·边界点,4549.824267259982,4549.824267259982,直连,
Q3-T-020,巡航,4549.824267259982,4561.315098191329,直连,
Q3-T-020,巡航·边界点,4561.315098191329,4561.315098191329,直连,
Q3-T-020,巡航,4561.315098191329,4612.961073205634,中继,Q3-R-003
Q3-T-020,巡航·边界点,4612.961073205634,4612.961073205634,中继,Q3-R-003
Q3-T-020,巡航,4612.961073205634,4639.085039952027,中继,Q3-R-003
Q3-T-020,巡航·边界点,4639.085039952027,4639.085039952027,中继,Q3-R-004
Q3-T-020,巡航,4639.085039952027,4687.3886512902045,中继,Q3-R-004
Q3-T-020,巡航·边界点,4687.3886512902045,4687.3886512902045,中继,Q3-R-004
Q3-T-020,巡航,4687.3886512902045,4838.728933584476,中继,Q3-R-004
Q3-T-020,巡航·边界点,4838.728933584476,4838.728933584476,中继,Q3-R-004
Q3-T-020,下降,4838.728933584476,4900.218655075633,中继,Q3-R-004
Q3-T-020,下降·边界点,4900.218655075633,4900.218655075633,中继,Q3-R-004
Q3-T-020,下降,4900.218655075633,4928.050588857914,中继,Q3-R-004
Q3-T-020,下降·边界点,4928.050588857914,4928.050588857914,中继,Q3-R-004
Q3-T-020,投送交接,4928.050588857914,5138.050588857914,中继,Q3-R-004
Q3-T-020,投送交接·边界点,5138.050588857914,5138.050588857914,中继,Q3-R-004
Q3-T-020,爬升,5138.050588857914,5161.2438670098145,中继,Q3-R-004
Q3-T-020,爬升·边界点,5161.2438670098145,5161.2438670098145,中继,Q3-R-004
Q3-T-020,爬升,5161.2438670098145,5187.850210439945,中继,Q3-R-004
Q3-T-020,爬升·边界点,5187.850210439945,5187.850210439945,中继,Q3-R-004
Q3-T-020,巡航,5187.850210439945,5241.2173795466615,中继,Q3-R-004
Q3-T-020,巡航·边界点,5241.2173795466615,5241.2173795466615,中继,Q3-R-004
Q3-T-020,巡航,5241.2173795466615,5246.306659330733,中继,Q3-R-004
Q3-T-020,巡航·边界点,5246.306659330733,5246.306659330733,中继,Q3-R-004
Q3-T-020,巡航,5246.306659330733,5247.468467075485,中继,Q3-R-004
Q3-T-020,巡航·边界点,5247.468467075485,5247.468467075485,中继,Q3-R-004
Q3-T-020,巡航,5247.468467075485,5278.1775304334715,中继,Q3-R-004
Q3-T-020,巡航·边界点,5278.1775304334715,5278.1775304334715,中继,Q3-R-004
Q3-T-020,巡航,5278.1775304334715,5312.278954032808,中继,Q3-R-004
Q3-T-020,巡航·边界点,5312.278954032808,5312.278954032808,中继,Q3-R-004
Q3-T-020,巡航,5312.278954032808,5320.10034860352,中继,Q3-R-004
Q3-T-020,巡航·边界点,5320.10034860352,5320.10034860352,中继,Q3-R-004
Q3-T-020,巡航,5320.10034860352,5325.593580612454,中继,Q3-R-004
Q3-T-020,巡航·边界点,5325.593580612454,5325.593580612454,中继,Q3-R-004
Q3-T-020,巡航,5325.593580612454,5405.880785514213,中继,Q3-R-004
Q3-T-020,巡航·边界点,5405.880785514213,5405.880785514213,中继,Q3-R-004
Q3-T-020,下降,5405.880785514213,5411.24033141265,中继,Q3-R-004
Q3-T-020,下降·边界点,5411.24033141265,5411.24033141265,中继,Q3-R-004
Q3-T-020,投送交接,5411.24033141265,5591.24033141265,中继,Q3-R-004
Q3-T-020,投送交接·边界点,5591.24033141265,5591.24033141265,中继,Q3-R-004
Q3-T-020,爬升,5591.24033141265,5615.097889571132,中继,Q3-R-004
Q3-T-020,爬升·边界点,5615.097889571132,5615.097889571132,中继,Q3-R-004
Q3-T-020,爬升,5615.097889571132,5623.673416536349,中继,Q3-R-004
Q3-T-020,爬升·边界点,5623.673416536349,5623.673416536349,中继,Q3-R-004
Q3-T-020,巡航,5623.673416536349,5631.703557723667,中继,Q3-R-004
Q3-T-020,巡航·边界点,5631.703557723667,5631.703557723667,中继,Q3-R-004
Q3-T-020,巡航,5631.703557723667,5662.869507102931,中继,Q3-R-004
Q3-T-020,巡航·边界点,5662.869507102931,5662.869507102931,中继,Q3-R-004
Q3-T-020,巡航,5662.869507102931,5673.277275999453,中继,Q3-R-003
Q3-T-020,巡航·边界点,5673.277275999453,5673.277275999453,中继,Q3-R-004
Q3-T-020,巡航,5673.277275999453,5681.914765735993,中继,Q3-R-004
Q3-T-020,巡航·边界点,5681.914765735993,5681.914765735993,中继,Q3-R-004
Q3-T-020,巡航,5681.914765735993,5690.030708378779,中继,Q3-R-003
Q3-T-020,巡航·边界点,5690.030708378779,5690.030708378779,中继,Q3-R-004
Q3-T-020,巡航,5690.030708378779,5709.285391355707,中继,Q3-R-004
Q3-T-020,巡航·边界点,5709.285391355707,5709.285391355707,中继,Q3-R-004
Q3-T-020,巡航,5709.285391355707,5769.719301945852,中继,Q3-R-003
Q3-T-020,巡航·边界点,5769.719301945852,5769.719301945852,中继,Q3-R-003
Q3-T-020,巡航,5769.719301945852,5796.684556067636,中继,Q3-R-003
Q3-T-020,巡航·边界点,5796.684556067636,5796.684556067636,直连,
Q3-T-020,巡航,5796.684556067636,5850.285553126361,直连,
Q3-T-020,巡航·边界点,5850.285553126361,5850.285553126361,直连,
Q3-T-020,巡航,5850.285553126361,5850.912755080464,直连,
Q3-T-020,巡航·边界点,5850.912755080464,5850.912755080464,直连,
Q3-T-020,巡航,5850.912755080464,5967.523448661444,直连,
Q3-T-020,巡航·边界点,5967.523448661444,5967.523448661444,直连,
Q3-T-020,巡航,5967.523448661444,6061.31697220262,直连,
Q3-T-020,巡航·边界点,6061.31697220262,6061.31697220262,直连,
Q3-T-020,巡航,6061.31697220262,6124.455330838039,直连,
Q3-T-020,巡航·边界点,6124.455330838039,6124.455330838039,直连,
Q3-T-020,下降,6124.455330838039,6268.497190200726,直连,
Q3-T-020,下降·边界点,6268.497190200726,6268.497190200726,直连,
Q3-T-020,下降,6268.497190200726,6279.67177275418,直连,
Q3-T-020,下降·边界点,6279.67177275418,6279.67177275418,直连,
Q3-T-020,下降,6279.67177275418,6289.40576289259,直连,
Q3-T-020,下降·边界点,6289.40576289259,6289.40576289259,直连,
Q3-T-020,下降,6289.40576289259,6290.571845669931,直连,
Q3-T-020,下降·边界点,6290.571845669931,6290.571845669931,直连,
Q3-T-020,下降,6290.571845669931,6301.684816918023,直连,
Q3-T-020,下降·边界点,6301.684816918023,6301.684816918023,直连,
Q3-T-020,下降,6301.684816918023,6302.095032986476,直连,
Q3-T-020,下降·边界点,6302.095032986476,6302.095032986476,直连,
Q3-T-021,爬升·边界点,4226.93718505594,4226.93718505594,直连,
Q3-T-021,爬升,4226.93718505594,4227.279031779651,直连,
Q3-T-021,爬升·边界点,4227.279031779651,4227.279031779651,直连,
Q3-T-021,爬升,4227.279031779651,4236.539841153062,直连,
Q3-T-021,爬升·边界点,4236.539841153062,4236.539841153062,直连,
Q3-T-021,爬升,4236.539841153062,4237.511576800845,直连,
Q3-T-021,爬升·边界点,4237.511576800845,4237.511576800845,直连,
Q3-T-021,爬升,4237.511576800845,4245.62323524952,直连,
Q3-T-021,爬升·边界点,4245.62323524952,4245.62323524952,直连,
Q3-T-021,爬升,4245.62323524952,4254.935387377398,直连,
Q3-T-021,爬升·边界点,4254.935387377398,4254.935387377398,直连,
Q3-T-021,爬升,4254.935387377398,4282.113489173778,直连,
Q3-T-021,爬升·边界点,4282.113489173778,4282.113489173778,直连,
Q3-T-021,巡航,4282.113489173778,4406.719147270963,直连,
Q3-T-021,巡航·边界点,4406.719147270963,4406.719147270963,直连,
Q3-T-021,巡航,4406.719147270963,4545.680723924826,直连,
Q3-T-021,巡航·边界点,4545.680723924826,4545.680723924826,直连,
Q3-T-021,巡航,4545.680723924826,4639.085039952027,中继,Q3-R-003
Q3-T-021,巡航·边界点,4639.085039952027,4639.085039952027,中继,Q3-R-003
Q3-T-021,巡航,4639.085039952027,4662.456486658914,中继,Q3-R-004
Q3-T-021,巡航·边界点,4662.456486658914,4662.456486658914,中继,Q3-R-004
Q3-T-021,下降,4662.456486658914,4684.302169363417,中继,Q3-R-004
Q3-T-021,下降·边界点,4684.302169363417,4684.302169363417,中继,Q3-R-004
Q3-T-021,下降,4684.302169363417,4687.748051600321,中继,Q3-R-004
Q3-T-021,下降·边界点,4687.748051600321,4687.748051600321,中继,Q3-R-004
Q3-T-021,投送交接,4687.748051600321,4927.748051600321,中继,Q3-R-004
Q3-T-021,投送交接·边界点,4927.748051600321,4927.748051600321,中继,Q3-R-004
Q3-T-021,爬升,4927.748051600321,4930.619620131073,中继,Q3-R-004
Q3-T-021,爬升·边界点,4930.619620131073,4930.619620131073,中继,Q3-R-004
Q3-T-021,爬升,4930.619620131073,4948.8243557181595,中继,Q3-R-004
Q3-T-021,爬升·边界点,4948.8243557181595,4948.8243557181595,中继,Q3-R-004
Q3-T-021,巡航,4948.8243557181595,4972.195802425047,中继,Q3-R-004
Q3-T-021,巡航·边界点,4972.195802425047,4972.195802425047,中继,Q3-R-003
Q3-T-021,巡航,4972.195802425047,5065.600118452247,中继,Q3-R-003
Q3-T-021,巡航·边界点,5065.600118452247,5065.600118452247,直连,
Q3-T-021,巡航,5065.600118452247,5204.561695106111,直连,
Q3-T-021,巡航·边界点,5204.561695106111,5204.561695106111,直连,
Q3-T-021,巡航,5204.561695106111,5329.1673532032955,直连,
Q3-T-021,巡航·边界点,5329.1673532032955,5329.1673532032955,直连,
Q3-T-021,下降,5329.1673532032955,5361.781075358952,直连,
Q3-T-021,下降·边界点,5361.781075358952,5361.781075358952,直连,
Q3-T-021,下降,5361.781075358952,5372.9556579124055,直连,
Q3-T-021,下降·边界点,5372.9556579124055,5372.9556579124055,直连,
Q3-T-021,下降,5372.9556579124055,5382.689648050816,直连,
Q3-T-021,下降·边界点,5382.689648050816,5382.689648050816,直连,
Q3-T-021,下降,5382.689648050816,5383.855730828156,直连,
Q3-T-021,下降·边界点,5383.855730828156,5383.855730828156,直连,
Q3-T-021,下降,5383.855730828156,5394.9687020762485,直连,
Q3-T-021,下降·边界点,5394.9687020762485,5394.9687020762485,直连,
Q3-T-021,下降,5394.9687020762485,5395.378918144702,直连,
Q3-T-021,下降·边界点,5395.378918144702,5395.378918144702,直连,
Q3-T-022,爬升·边界点,4541.996459920166,4541.996459920166,直连,
Q3-T-022,爬升,4541.996459920166,4542.406675988619,直连,
Q3-T-022,爬升·边界点,4542.406675988619,4542.406675988619,直连,
Q3-T-022,爬升,4542.406675988619,4553.5196472367115,直连,
Q3-T-022,爬升·边界点,4553.5196472367115,4553.5196472367115,直连,
Q3-T-022,爬升,4553.5196472367115,4554.685730014052,直连,
Q3-T-022,爬升·边界点,4554.685730014052,4554.685730014052,直连,
Q3-T-022,爬升,4554.685730014052,4564.419720152462,直连,
Q3-T-022,爬升·边界点,4564.419720152462,4564.419720152462,直连,
Q3-T-022,爬升,4564.419720152462,4575.594302705916,直连,
Q3-T-022,爬升·边界点,4575.594302705916,4575.594302705916,直连,
Q3-T-022,爬升,4575.594302705916,4639.085039952027,直连,
Q3-T-022,爬升·边界点,4639.085039952027,4639.085039952027,直连,
Q3-T-022,爬升,4639.085039952027,4715.638115193603,直连,
Q3-T-022,爬升·边界点,4715.638115193603,4715.638115193603,直连,
Q3-T-022,巡航,4715.638115193603,4762.787894612268,直连,
Q3-T-022,巡航·边界点,4762.787894612268,4762.787894612268,直连,
Q3-T-022,巡航,4762.787894612268,4819.923665440968,直连,
Q3-T-022,巡航·边界点,4819.923665440968,4819.923665440968,直连,
Q3-T-022,巡航,4819.923665440968,4962.539813464822,直连,
Q3-T-022,巡航·边界点,4962.539813464822,4962.539813464822,直连,
Q3-T-022,巡航,4962.539813464822,4968.72633257106,直连,
Q3-T-022,巡航·边界点,4968.72633257106,4968.72633257106,直连,
Q3-T-022,巡航,4968.72633257106,4977.918997316138,直连,
Q3-T-022,巡航·边界点,4977.918997316138,4977.918997316138,直连,
Q3-T-022,巡航,4977.918997316138,5019.235777327583,中继,Q3-R-003
Q3-T-022,巡航·边界点,5019.235777327583,5019.235777327583,中继,Q3-R-003
Q3-T-022,巡航,5019.235777327583,5040.134950724697,中继,Q3-R-003
Q3-T-022,巡航·边界点,5040.134950724697,5040.134950724697,中继,Q3-R-004
Q3-T-022,巡航,5040.134950724697,5078.777839795239,中继,Q3-R-004
Q3-T-022,巡航·边界点,5078.777839795239,5078.777839795239,中继,Q3-R-004
Q3-T-022,巡航,5078.777839795239,5199.850065630656,中继,Q3-R-004
Q3-T-022,巡航·边界点,5199.850065630656,5199.850065630656,中继,Q3-R-004
Q3-T-022,下降,5199.850065630656,5276.712217494603,中继,Q3-R-004
Q3-T-022,下降·边界点,5276.712217494603,5276.712217494603,中继,Q3-R-004
Q3-T-022,下降,5276.712217494603,5311.502134722453,中继,Q3-R-004
Q3-T-022,下降·边界点,5311.502134722453,5311.502134722453,中继,Q3-R-004
Q3-T-022,投送交接,5311.502134722453,5707.502134722453,中继,Q3-R-004
Q3-T-022,投送交接·边界点,5707.502134722453,5707.502134722453,中继,Q3-R-004
Q3-T-022,爬升,5707.502134722453,5735.334068504733,中继,Q3-R-004
Q3-T-022,爬升·边界点,5735.334068504733,5735.334068504733,中继,Q3-R-004
Q3-T-022,爬升,5735.334068504733,5796.82378999589,中继,Q3-R-004
Q3-T-022,爬升·边界点,5796.82378999589,5796.82378999589,中继,Q3-R-004
Q3-T-022,巡航,5796.82378999589,5917.8960158313075,中继,Q3-R-004
Q3-T-022,巡航·边界点,5917.8960158313075,5917.8960158313075,中继,Q3-R-004
Q3-T-022,巡航,5917.8960158313075,5956.5389049018495,中继,Q3-R-004
Q3-T-022,巡航·边界点,5956.5389049018495,5956.5389049018495,中继,Q3-R-004
Q3-T-022,巡航,5956.5389049018495,5977.438078298964,中继,Q3-R-003
Q3-T-022,巡航·边界点,5977.438078298964,5977.438078298964,中继,Q3-R-003
Q3-T-022,巡航,5977.438078298964,6018.754858310408,中继,Q3-R-003
Q3-T-022,巡航·边界点,6018.754858310408,6018.754858310408,直连,
Q3-T-022,巡航,6018.754858310408,6027.947523055486,直连,
Q3-T-022,巡航·边界点,6027.947523055486,6027.947523055486,直连,
Q3-T-022,巡航,6027.947523055486,6034.134042161724,直连,
Q3-T-022,巡航·边界点,6034.134042161724,6034.134042161724,直连,
Q3-T-022,巡航,6034.134042161724,6176.7501901855785,直连,
Q3-T-022,巡航·边界点,6176.7501901855785,6176.7501901855785,直连,
Q3-T-022,巡航,6176.7501901855785,6233.885961014278,直连,
Q3-T-022,巡航·边界点,6233.885961014278,6233.885961014278,直连,
Q3-T-022,巡航,6233.885961014278,6281.035740432943,直连,
Q3-T-022,巡航·边界点,6281.035740432943,6281.035740432943,直连,
Q3-T-022,下降,6281.035740432943,6456.090506042553,直连,
Q3-T-022,下降·边界点,6456.090506042553,6456.090506042553,直连,
Q3-T-022,下降,6456.090506042553,6470.05873423437,直连,
Q3-T-022,下降·边界点,6470.05873423437,6470.05873423437,直连,
Q3-T-022,下降,6470.05873423437,6482.226221907382,直连,
Q3-T-022,下降·边界点,6482.226221907382,6482.226221907382,直连,
Q3-T-022,下降,6482.226221907382,6483.683825379057,直连,
Q3-T-022,下降·边界点,6483.683825379057,6483.683825379057,直连,
Q3-T-022,下降,6483.683825379057,6497.575039439173,直连,
Q3-T-022,下降·边界点,6497.575039439173,6497.575039439173,直连,
Q3-T-022,下降,6497.575039439173,6498.08780952474,直连,
Q3-T-022,下降·边界点,6498.08780952474,6498.08780952474,直连,
Q3-T-023,爬升·边界点,4590.570637157974,4590.570637157974,直连,
Q3-T-023,爬升,4590.570637157974,4590.912483881684,直连,
Q3-T-023,爬升·边界点,4590.912483881684,4590.912483881684,直连,
Q3-T-023,爬升,4590.912483881684,4600.173293255096,直连,
Q3-T-023,爬升·边界点,4600.173293255096,4600.173293255096,直连,
Q3-T-023,爬升,4600.173293255096,4601.145028902879,直连,
Q3-T-023,爬升·边界点,4601.145028902879,4601.145028902879,直连,
Q3-T-023,爬升,4601.145028902879,4609.256687351554,直连,
Q3-T-023,爬升·边界点,4609.256687351554,4609.256687351554,直连,
Q3-T-023,爬升,4609.256687351554,4618.5688394794315,直连,
Q3-T-023,爬升·边界点,4618.5688394794315,4618.5688394794315,直连,
Q3-T-023,爬升,4618.5688394794315,4639.085039952027,直连,
Q3-T-023,爬升·边界点,4639.085039952027,4639.085039952027,直连,
Q3-T-023,爬升,4639.085039952027,4672.307081249771,直连,
Q3-T-023,爬升·边界点,4672.307081249771,4672.307081249771,直连,
Q3-T-023,巡航,4672.307081249771,4786.29329951677,直连,
Q3-T-023,巡航·边界点,4786.29329951677,4786.29329951677,直连,
Q3-T-023,巡航,4786.29329951677,4865.906926860971,直连,
Q3-T-023,巡航·边界点,4865.906926860971,4865.906926860971,直连,
Q3-T-023,巡航,4865.906926860971,4915.292904250898,直连,
Q3-T-023,巡航·边界点,4915.292904250898,4915.292904250898,直连,
Q3-T-023,巡航,4915.292904250898,5001.460654453148,直连,
Q3-T-023,巡航·边界点,5001.460654453148,5001.460654453148,直连,
Q3-T-023,巡航,5001.460654453148,5035.272590577201,直连,
Q3-T-023,巡航·边界点,5035.272590577201,5035.272590577201,中继,Q3-R-003
Q3-T-023,巡航,5035.272590577201,5073.354628171461,中继,Q3-R-003
Q3-T-023,巡航·边界点,5073.354628171461,5073.354628171461,中继,Q3-R-003
Q3-T-023,巡航,5073.354628171461,5124.876283208477,中继,Q3-R-003
Q3-T-023,巡航·边界点,5124.876283208477,5124.876283208477,中继,Q3-R-003
Q3-T-023,巡航,5124.876283208477,5192.717433440375,中继,Q3-R-003
Q3-T-023,巡航·边界点,5192.717433440375,5192.717433440375,中继,Q3-R-003
Q3-T-023,巡航,5192.717433440375,5236.093794224653,中继,Q3-R-003
Q3-T-023,巡航·边界点,5236.093794224653,5236.093794224653,中继,Q3-R-003
Q3-T-023,巡航,5236.093794224653,5260.119112536925,中继,Q3-R-003
Q3-T-023,巡航·边界点,5260.119112536925,5260.119112536925,中继,Q3-R-003
Q3-T-023,巡航,5260.119112536925,5273.0256484110905,中继,Q3-R-003
Q3-T-023,巡航·边界点,5273.0256484110905,5273.0256484110905,中继,Q3-R-003
Q3-T-023,巡航,5273.0256484110905,5283.013703577944,中继,Q3-R-003
Q3-T-023,巡航·边界点,5283.013703577944,5283.013703577944,中继,Q3-R-003
Q3-T-023,巡航,5283.013703577944,5312.155735968734,中继,Q3-R-003
Q3-T-023,巡航·边界点,5312.155735968734,5312.155735968734,中继,Q3-R-003
Q3-T-023,巡航,5312.155735968734,5345.55984061837,中继,Q3-R-003
Q3-T-023,巡航·边界点,5345.55984061837,5345.55984061837,中继,Q3-R-003
Q3-T-023,下降,5345.55984061837,5369.094204915983,中继,Q3-R-003
Q3-T-023,下降·边界点,5369.094204915983,5369.094204915983,中继,Q3-R-003
Q3-T-023,下降,5369.094204915983,5369.305399771684,中继,Q3-R-003
Q3-T-023,下降·边界点,5369.305399771684,5369.305399771684,中继,Q3-R-003
Q3-T-023,下降,5369.305399771684,5386.363573528526,中继,Q3-R-004
Q3-T-023,下降·边界点,5386.363573528526,5386.363573528526,中继,Q3-R-004
Q3-T-023,投送交接,5386.363573528526,5596.363573528526,中继,Q3-R-004
Q3-T-023,投送交接·边界点,5596.363573528526,5596.363573528526,中继,Q3-R-004
Q3-T-023,爬升,5596.363573528526,5610.578718325894,中继,Q3-R-004
Q3-T-023,爬升·边界点,5610.578718325894,5610.578718325894,中继,Q3-R-003
Q3-T-023,爬升,5610.578718325894,5610.754714038979,中继,Q3-R-003
Q3-T-023,爬升·边界点,5610.754714038979,5610.754714038979,中继,Q3-R-003
Q3-T-023,爬升,5610.754714038979,5630.36668428699,中继,Q3-R-003
Q3-T-023,爬升·边界点,5630.36668428699,5630.36668428699,中继,Q3-R-003
Q3-T-023,巡航,5630.36668428699,5663.770788936626,中继,Q3-R-003
Q3-T-023,巡航·边界点,5663.770788936626,5663.770788936626,中继,Q3-R-003
Q3-T-023,巡航,5663.770788936626,5692.912821327415,中继,Q3-R-003
Q3-T-023,巡航·边界点,5692.912821327415,5692.912821327415,中继,Q3-R-003
Q3-T-023,巡航,5692.912821327415,5702.90087649427,中继,Q3-R-003
Q3-T-023,巡航·边界点,5702.90087649427,5702.90087649427,中继,Q3-R-003
Q3-T-023,巡航,5702.90087649427,5715.807412368435,中继,Q3-R-003
Q3-T-023,巡航·边界点,5715.807412368435,5715.807412368435,中继,Q3-R-003
Q3-T-023,巡航,5715.807412368435,5739.832730680707,中继,Q3-R-003
Q3-T-023,巡航·边界点,5739.832730680707,5739.832730680707,中继,Q3-R-003
Q3-T-023,巡航,5739.832730680707,5783.209091464984,中继,Q3-R-003
Q3-T-023,巡航·边界点,5783.209091464984,5783.209091464984,中继,Q3-R-003
Q3-T-023,巡航,5783.209091464984,5851.050241696883,中继,Q3-R-003
Q3-T-023,巡航·边界点,5851.050241696883,5851.050241696883,中继,Q3-R-003
Q3-T-023,巡航,5851.050241696883,5902.571896733899,中继,Q3-R-003
Q3-T-023,巡航·边界点,5902.571896733899,5902.571896733899,中继,Q3-R-003
Q3-T-023,巡航,5902.571896733899,5940.653934328158,中继,Q3-R-003
Q3-T-023,巡航·边界点,5940.653934328158,5940.653934328158,中继,Q3-R-003
Q3-T-023,巡航,5940.653934328158,5974.465870452212,直连,
Q3-T-023,巡航·边界点,5974.465870452212,5974.465870452212,直连,
Q3-T-023,巡航,5974.465870452212,6060.633620654462,直连,
Q3-T-023,巡航·边界点,6060.633620654462,6060.633620654462,直连,
Q3-T-023,巡航,6060.633620654462,6110.01959804439,直连,
Q3-T-023,巡航·边界点,6110.01959804439,6110.01959804439,直连,
Q3-T-023,巡航,6110.01959804439,6189.6332253885885,直连,
Q3-T-023,巡航·边界点,6189.6332253885885,6189.6332253885885,直连,
Q3-T-023,巡航,6189.6332253885885,6303.619443655589,直连,
Q3-T-023,巡航·边界点,6303.619443655589,6303.619443655589,直连,
Q3-T-023,下降,6303.619443655589,6368.105333779996,直连,
Q3-T-023,下降·边界点,6368.105333779996,6368.105333779996,直连,
Q3-T-023,下降,6368.105333779996,6379.279916333448,直连,
Q3-T-023,下降·边界点,6379.279916333448,6379.279916333448,直连,
Q3-T-023,下降,6379.279916333448,6389.013906471859,直连,
Q3-T-023,下降·边界点,6389.013906471859,6389.013906471859,直连,
Q3-T-023,下降,6389.013906471859,6390.179989249199,直连,
Q3-T-023,下降·边界点,6390.179989249199,6390.179989249199,直连,
Q3-T-023,下降,6390.179989249199,6401.2929604972915,直连,
Q3-T-023,下降·边界点,6401.2929604972915,6401.2929604972915,直连,
Q3-T-023,下降,6401.2929604972915,6401.703176565745,直连,
Q3-T-023,下降·边界点,6401.703176565745,6401.703176565745,直连,
Q3-T-024,爬升·边界点,4823.967695364228,4823.967695364228,直连,
Q3-T-024,爬升,4823.967695364228,4824.309542087939,直连,
Q3-T-024,爬升·边界点,4824.309542087939,4824.309542087939,直连,
Q3-T-024,爬升,4824.309542087939,4833.570351461351,直连,
Q3-T-024,爬升·边界点,4833.570351461351,4833.570351461351,直连,
Q3-T-024,爬升,4833.570351461351,4834.542087109134,直连,
Q3-T-024,爬升·边界点,4834.542087109134,4834.542087109134,直连,
Q3-T-024,爬升,4834.542087109134,4842.653745557808,直连,
Q3-T-024,爬升·边界点,4842.653745557808,4842.653745557808,直连,
Q3-T-024,爬升,4842.653745557808,4851.965897685686,直连,
Q3-T-024,爬升·边界点,4851.965897685686,4851.965897685686,直连,
Q3-T-024,爬升,4851.965897685686,4972.000780487926,直连,
Q3-T-024,爬升·边界点,4972.000780487926,4972.000780487926,直连,
Q3-T-024,巡航,4972.000780487926,5035.139139123346,直连,
Q3-T-024,巡航·边界点,5035.139139123346,5035.139139123346,直连,
Q3-T-024,巡航,5035.139139123346,5128.932662664522,直连,
Q3-T-024,巡航·边界点,5128.932662664522,5128.932662664522,直连,
Q3-T-024,巡航,5128.932662664522,5245.543356245501,直连,
Q3-T-024,巡航·边界点,5245.543356245501,5245.543356245501,直连,
Q3-T-024,巡航,5245.543356245501,5246.170558199604,直连,
Q3-T-024,巡航·边界点,5246.170558199604,5246.170558199604,直连,
Q3-T-024,巡航,5246.170558199604,5299.7715552583295,直连,
Q3-T-024,巡航·边界点,5299.7715552583295,5299.7715552583295,直连,
Q3-T-024,巡航,5299.7715552583295,5326.736809380113,中继,Q3-R-003
Q3-T-024,巡航·边界点,5326.736809380113,5326.736809380113,中继,Q3-R-003
Q3-T-024,巡航,5326.736809380113,5387.170719970258,中继,Q3-R-003
Q3-T-024,巡航·边界点,5387.170719970258,5387.170719970258,中继,Q3-R-004
Q3-T-024,巡航,5387.170719970258,5406.425402947186,中继,Q3-R-004
Q3-T-024,巡航·边界点,5406.425402947186,5406.425402947186,中继,Q3-R-004
Q3-T-024,巡航,5406.425402947186,5414.5413455899725,中继,Q3-R-003
Q3-T-024,巡航·边界点,5414.5413455899725,5414.5413455899725,中继,Q3-R-004
Q3-T-024,巡航,5414.5413455899725,5423.178835326512,中继,Q3-R-004
Q3-T-024,巡航·边界点,5423.178835326512,5423.178835326512,中继,Q3-R-004
Q3-T-024,巡航,5423.178835326512,5433.586604223035,中继,Q3-R-003
Q3-T-024,巡航·边界点,5433.586604223035,5433.586604223035,中继,Q3-R-004
Q3-T-024,巡航,5433.586604223035,5464.752553602299,中继,Q3-R-004
Q3-T-024,巡航·边界点,5464.752553602299,5464.752553602299,中继,Q3-R-004
Q3-T-024,巡航,5464.752553602299,5472.7826947896165,中继,Q3-R-004
Q3-T-024,巡航·边界点,5472.7826947896165,5472.7826947896165,中继,Q3-R-004
Q3-T-024,下降,5472.7826947896165,5483.073327147876,中继,Q3-R-004
Q3-T-024,下降·边界点,5483.073327147876,5483.073327147876,中继,Q3-R-004
Q3-T-024,下降,5483.073327147876,5511.702396938054,中继,Q3-R-004
Q3-T-024,下降·边界点,5511.702396938054,5511.702396938054,中继,Q3-R-004
Q3-T-024,投送交接,5511.702396938054,5721.702396938054,中继,Q3-R-004
Q3-T-024,投送交接·边界点,5721.702396938054,5721.702396938054,中继,Q3-R-004
Q3-T-024,爬升,5721.702396938054,5745.559955096536,中继,Q3-R-004
Q3-T-024,爬升·边界点,5745.559955096536,5745.559955096536,中继,Q3-R-004
Q3-T-024,爬升,5745.559955096536,5754.135482061753,中继,Q3-R-004
Q3-T-024,爬升·边界点,5754.135482061753,5754.135482061753,中继,Q3-R-004
Q3-T-024,巡航,5754.135482061753,5762.16562324907,中继,Q3-R-004
Q3-T-024,巡航·边界点,5762.16562324907,5762.16562324907,中继,Q3-R-004
Q3-T-024,巡航,5762.16562324907,5793.3315726283345,中继,Q3-R-004
Q3-T-024,巡航·边界点,5793.3315726283345,5793.3315726283345,中继,Q3-R-004
Q3-T-024,巡航,5793.3315726283345,5803.739341524857,中继,Q3-R-003
Q3-T-024,巡航·边界点,5803.739341524857,5803.739341524857,中继,Q3-R-004
Q3-T-024,巡航,5803.739341524857,5812.376831261397,中继,Q3-R-004
Q3-T-024,巡航·边界点,5812.376831261397,5812.376831261397,中继,Q3-R-004
Q3-T-024,巡航,5812.376831261397,5820.492773904183,中继,Q3-R-003
Q3-T-024,巡航·边界点,5820.492773904183,5820.492773904183,中继,Q3-R-004
Q3-T-024,巡航,5820.492773904183,5839.747456881111,中继,Q3-R-004
Q3-T-024,巡航·边界点,5839.747456881111,5839.747456881111,中继,Q3-R-004
Q3-T-024,巡航,5839.747456881111,5900.181367471256,中继,Q3-R-003
Q3-T-024,巡航·边界点,5900.181367471256,5900.181367471256,中继,Q3-R-003
Q3-T-024,巡航,5900.181367471256,5927.1466215930395,中继,Q3-R-003
Q3-T-024,巡航·边界点,5927.1466215930395,5927.1466215930395,直连,
Q3-T-024,巡航,5927.1466215930395,5980.747618651765,直连,
Q3-T-024,巡航·边界点,5980.747618651765,5980.747618651765,直连,
Q3-T-024,巡航,5980.747618651765,5981.374820605868,直连,
Q3-T-024,巡航·边界点,5981.374820605868,5981.374820605868,直连,
Q3-T-024,巡航,5981.374820605868,6097.9855141868475,直连,
Q3-T-024,巡航·边界点,6097.9855141868475,6097.9855141868475,直连,
Q3-T-024,巡航,6097.9855141868475,6191.7790377280235,直连,
Q3-T-024,巡航·边界点,6191.7790377280235,6191.7790377280235,直连,
Q3-T-024,巡航,6191.7790377280235,6254.917396363443,直连,
Q3-T-024,巡航·边界点,6254.917396363443,6254.917396363443,直连,
Q3-T-024,下降,6254.917396363443,6398.95925572613,直连,
Q3-T-024,下降·边界点,6398.95925572613,6398.95925572613,直连,
Q3-T-024,下降,6398.95925572613,6410.133838279584,直连,
Q3-T-024,下降·边界点,6410.133838279584,6410.133838279584,直连,
Q3-T-024,下降,6410.133838279584,6419.867828417994,直连,
Q3-T-024,下降·边界点,6419.867828417994,6419.867828417994,直连,
Q3-T-024,下降,6419.867828417994,6421.033911195334,直连,
Q3-T-024,下降·边界点,6421.033911195334,6421.033911195334,直连,
Q3-T-024,下降,6421.033911195334,6432.146882443427,直连,
Q3-T-024,下降·边界点,6432.146882443427,6432.146882443427,直连,
Q3-T-024,下降,6432.146882443427,6432.55709851188,直连,
Q3-T-024,下降·边界点,6432.55709851188,6432.55709851188,直连,
Q3-T-025,爬升·边界点,5131.945123347221,5131.945123347221,直连,
Q3-T-025,爬升,5131.945123347221,5132.355339415674,直连,
Q3-T-025,爬升·边界点,5132.355339415674,5132.355339415674,直连,
Q3-T-025,爬升,5132.355339415674,5143.468310663768,直连,
Q3-T-025,爬升·边界点,5143.468310663768,5143.468310663768,直连,
Q3-T-025,爬升,5143.468310663768,5144.634393441108,直连,
Q3-T-025,爬升·边界点,5144.634393441108,5144.634393441108,直连,
Q3-T-025,爬升,5144.634393441108,5154.368383579517,直连,
Q3-T-025,爬升·边界点,5154.368383579517,5154.368383579517,直连,
Q3-T-025,爬升,5154.368383579517,5165.542966132971,直连,
Q3-T-025,爬升·边界点,5165.542966132971,5165.542966132971,直连,
Q3-T-025,爬升,5165.542966132971,5211.429478815971,直连,
Q3-T-025,爬升·边界点,5211.429478815971,5211.429478815971,直连,
Q3-T-025,巡航,5211.429478815971,5451.159631138552,直连,
Q3-T-025,巡航·边界点,5451.159631138552,5451.159631138552,直连,
Q3-T-025,巡航,5451.159631138552,5462.546937701526,直连,
Q3-T-025,巡航·边界点,5462.546937701526,5462.546937701526,直连,
Q3-T-025,巡航,5462.546937701526,5474.913987165479,直连,
Q3-T-025,巡航·边界点,5474.913987165479,5474.913987165479,直连,
Q3-T-025,巡航,5474.913987165479,5477.122989717467,中继,Q3-R-003
Q3-T-025,巡航·边界点,5477.122989717467,5477.122989717467,中继,Q3-R-003
Q3-T-025,巡航,5477.122989717467,5543.463714267939,中继,Q3-R-003
Q3-T-025,巡航·边界点,5543.463714267939,5543.463714267939,中继,Q3-R-003
Q3-T-025,巡航,5543.463714267939,5563.469941274175,中继,Q3-R-003
Q3-T-025,巡航·边界点,5563.469941274175,5563.469941274175,中继,Q3-R-003
Q3-T-025,下降,5563.469941274175,5603.607507495902,中继,Q3-R-003
Q3-T-025,下降·边界点,5603.607507495902,5603.607507495902,中继,Q3-R-003
Q3-T-025,下降,5603.607507495902,5622.60339046821,中继,Q3-R-003
Q3-T-025,下降·边界点,5622.60339046821,5622.60339046821,中继,Q3-R-003
Q3-T-025,下降,5622.60339046821,5629.175385610112,中继,Q3-R-003
Q3-T-025,下降·边界点,5629.175385610112,5629.175385610112,中继,Q3-R-003
Q3-T-025,投送交接,5629.175385610112,5953.175385610112,中继,Q3-R-003
Q3-T-025,投送交接·边界点,5953.175385610112,5953.175385610112,中继,Q3-R-003
Q3-T-025,爬升,5953.175385610112,5958.432981723634,中继,Q3-R-003
Q3-T-025,爬升·边界点,5958.432981723634,5958.432981723634,中继,Q3-R-003
Q3-T-025,爬升,5958.432981723634,5973.6296881014805,中继,Q3-R-003
Q3-T-025,爬升·边界点,5973.6296881014805,5973.6296881014805,中继,Q3-R-003
Q3-T-025,爬升,5973.6296881014805,6005.739741078863,中继,Q3-R-003
Q3-T-025,爬升·边界点,6005.739741078863,6005.739741078863,中继,Q3-R-003
Q3-T-025,巡航,6005.739741078863,6025.745968085098,中继,Q3-R-003
Q3-T-025,巡航·边界点,6025.745968085098,6025.745968085098,中继,Q3-R-003
Q3-T-025,巡航,6025.745968085098,6092.08669263557,中继,Q3-R-003
Q3-T-025,巡航·边界点,6092.08669263557,6092.08669263557,中继,Q3-R-003
Q3-T-025,巡航,6092.08669263557,6094.295695187559,中继,Q3-R-003
Q3-T-025,巡航·边界点,6094.295695187559,6094.295695187559,直连,
Q3-T-025,巡航,6094.295695187559,6106.662744651511,直连,
Q3-T-025,巡航·边界点,6106.662744651511,6106.662744651511,直连,
Q3-T-025,巡航,6106.662744651511,6118.050051214485,直连,
Q3-T-025,巡航·边界点,6118.050051214485,6118.050051214485,直连,
Q3-T-025,巡航,6118.050051214485,6357.780203537066,直连,
Q3-T-025,巡航·边界点,6357.780203537066,6357.780203537066,直连,
Q3-T-025,下降,6357.780203537066,6415.138344390816,直连,
Q3-T-025,下降·边界点,6415.138344390816,6415.138344390816,直连,
Q3-T-025,下降,6415.138344390816,6429.106572582633,直连,
Q3-T-025,下降·边界点,6429.106572582633,6429.106572582633,直连,
Q3-T-025,下降,6429.106572582633,6441.274060255645,直连,
Q3-T-025,下降·边界点,6441.274060255645,6441.274060255645,直连,
Q3-T-025,下降,6441.274060255645,6442.731663727321,直连,
Q3-T-025,下降·边界点,6442.731663727321,6442.731663727321,直连,
Q3-T-025,下降,6442.731663727321,6456.622877787437,直连,
Q3-T-025,下降·边界点,6456.622877787437,6456.622877787437,直连,
Q3-T-025,下降,6456.622877787437,6457.135647873003,直连,
Q3-T-025,下降·边界点,6457.135647873003,6457.135647873003,直连,
Q3-T-026,爬升·边界点,5725.378918144701,5725.378918144701,直连,
Q3-T-026,爬升,5725.378918144701,5725.720764868412,直连,
Q3-T-026,爬升·边界点,5725.720764868412,5725.720764868412,直连,
Q3-T-026,爬升,5725.720764868412,5734.981574241823,直连,
Q3-T-026,爬升·边界点,5734.981574241823,5734.981574241823,直连,
Q3-T-026,爬升,5734.981574241823,5735.953309889606,直连,
Q3-T-026,爬升·边界点,5735.953309889606,5735.953309889606,直连,
Q3-T-026,爬升,5735.953309889606,5744.064968338282,直连,
Q3-T-026,爬升·边界点,5744.064968338282,5744.064968338282,直连,
Q3-T-026,爬升,5744.064968338282,5753.377120466159,直连,
Q3-T-026,爬升·边界点,5753.377120466159,5753.377120466159,直连,
Q3-T-026,爬升,5753.377120466159,5781.266169935066,直连,
Q3-T-026,爬升·边界点,5781.266169935066,5781.266169935066,直连,
Q3-T-026,巡航,5781.266169935066,5845.925383230552,直连,
Q3-T-026,巡航·边界点,5845.925383230552,5845.925383230552,直连,
Q3-T-026,巡航,5845.925383230552,5904.471862704505,直连,
Q3-T-026,巡航·边界点,5904.471862704505,5904.471862704505,直连,
Q3-T-026,巡航,5904.471862704505,5944.949675279734,直连,
Q3-T-026,巡航·边界点,5944.949675279734,5944.949675279734,直连,
Q3-T-026,巡航,5944.949675279734,5963.1023699432535,直连,
Q3-T-026,巡航·边界点,5963.1023699432535,5963.1023699432535,直连,
Q3-T-026,巡航,5963.1023699432535,5968.471118780509,直连,
Q3-T-026,巡航·边界点,5968.471118780509,5968.471118780509,直连,
Q3-T-026,下降,5968.471118780509,5985.9347576945265,直连,
Q3-T-026,下降·边界点,5985.9347576945265,5985.9347576945265,直连,
Q3-T-026,下降,5985.9347576945265,6001.775820928946,直连,
Q3-T-026,下降·边界点,6001.775820928946,6001.775820928946,直连,
Q3-T-026,投送交接,6001.775820928946,6181.775820928946,直连,
Q3-T-026,投送交接·边界点,6181.775820928946,6181.775820928946,直连,
Q3-T-026,爬升,6181.775820928946,6194.976706957628,直连,
Q3-T-026,爬升·边界点,6194.976706957628,6194.976706957628,直连,
Q3-T-026,爬升,6194.976706957628,6209.529739385977,直连,
Q3-T-026,爬升·边界点,6209.529739385977,6209.529739385977,直连,
Q3-T-026,巡航,6209.529739385977,6214.898488223233,直连,
Q3-T-026,巡航·边界点,6214.898488223233,6214.898488223233,直连,
Q3-T-026,巡航,6214.898488223233,6233.051182886752,直连,
Q3-T-026,巡航·边界点,6233.051182886752,6233.051182886752,直连,
Q3-T-026,巡航,6233.051182886752,6273.528995461981,直连,
Q3-T-026,巡航·边界点,6273.528995461981,6273.528995461981,直连,
Q3-T-026,巡航,6273.528995461981,6332.075474935934,直连,
Q3-T-026,巡航·边界点,6332.075474935934,6332.075474935934,直连,
Q3-T-026,巡航,6332.075474935934,6396.7346882314205,直连,
Q3-T-026,巡航·边界点,6396.7346882314205,6396.7346882314205,直连,
Q3-T-026,下降,6396.7346882314205,6430.201547594108,直连,
Q3-T-026,下降·边界点,6430.201547594108,6430.201547594108,直连,
Q3-T-026,下降,6430.201547594108,6441.3761301475615,直连,
Q3-T-026,下降·边界点,6441.3761301475615,6441.3761301475615,直连,
Q3-T-026,下降,6441.3761301475615,6451.110120285972,直连,
Q3-T-026,下降·边界点,6451.110120285972,6451.110120285972,直连,
Q3-T-026,下降,6451.110120285972,6452.276203063312,直连,
Q3-T-026,下降·边界点,6452.276203063312,6452.276203063312,直连,
Q3-T-026,下降,6452.276203063312,6463.3891743114045,直连,
Q3-T-026,下降·边界点,6463.3891743114045,6463.3891743114045,直连,
Q3-T-026,下降,6463.3891743114045,6463.799390379858,直连,
Q3-T-026,下降·边界点,6463.799390379858,6463.799390379858,直连,
