check,pass,details
communication parameter keys unique,True,
depots unique primary key,True,duplicate keys=0
services unique primary key,True,duplicate keys=0
transport_models unique primary key,True,duplicate keys=0
transport_drones unique primary key,True,duplicate keys=0
transport_batteries unique primary key,True,duplicate keys=0
relay_models unique primary key,True,duplicate keys=0
relay_drones unique primary key,True,duplicate keys=0
relay_energy unique primary key,True,duplicate keys=0
demand unique primary key,True,duplicate keys=0
boxes unique primary key,True,duplicate keys=0
one depot,True,
service count,True,
box count,True,
model count,True,
transport drone count,True,
id codes match defined material classes,True,"{'医疗物资': {'MED'}, '饮用水': {'WAT'}, '应急食品': {'FOD'}, '生活卫生用品': {'HYG'}}"
S001-MED-01 known service/material,True,
S001-MED-01 id prefix,True,
S001-MED-01 positive dimensions,True,
S001-MED-01 first batch boolean,True,
S001-MED-01 deadline semantics,True,
S001-MED-01 times,True,
S001-MED-02 known service/material,True,
S001-MED-02 id prefix,True,
S001-MED-02 positive dimensions,True,
S001-MED-02 first batch boolean,True,
S001-MED-02 deadline semantics,True,
S001-MED-02 times,True,
S001-WAT-01 known service/material,True,
S001-WAT-01 id prefix,True,
S001-WAT-01 positive dimensions,True,
S001-WAT-01 first batch boolean,True,
S001-WAT-01 deadline semantics,True,
S001-WAT-01 times,True,
S001-WAT-02 known service/material,True,
S001-WAT-02 id prefix,True,
S001-WAT-02 positive dimensions,True,
S001-WAT-02 first batch boolean,True,
S001-WAT-02 deadline semantics,True,
S001-WAT-02 times,True,
S001-WAT-03 known service/material,True,
S001-WAT-03 id prefix,True,
S001-WAT-03 positive dimensions,True,
S001-WAT-03 first batch boolean,True,
S001-WAT-03 deadline semantics,True,
S001-WAT-03 times,True,
S001-WAT-04 known service/material,True,
S001-WAT-04 id prefix,True,
S001-WAT-04 positive dimensions,True,
S001-WAT-04 first batch boolean,True,
S001-WAT-04 deadline semantics,True,
S001-WAT-04 times,True,
S001-WAT-05 known service/material,True,
S001-WAT-05 id prefix,True,
S001-WAT-05 positive dimensions,True,
S001-WAT-05 first batch boolean,True,
S001-WAT-05 deadline semantics,True,
S001-WAT-05 times,True,
S001-WAT-06 known service/material,True,
S001-WAT-06 id prefix,True,
S001-WAT-06 positive dimensions,True,
S001-WAT-06 first batch boolean,True,
S001-WAT-06 deadline semantics,True,
S001-WAT-06 times,True,
S001-WAT-07 known service/material,True,
S001-WAT-07 id prefix,True,
S001-WAT-07 positive dimensions,True,
S001-WAT-07 first batch boolean,True,
S001-WAT-07 deadline semantics,True,
S001-WAT-07 times,True,
S001-WAT-08 known service/material,True,
S001-WAT-08 id prefix,True,
S001-WAT-08 positive dimensions,True,
S001-WAT-08 first batch boolean,True,
S001-WAT-08 deadline semantics,True,
S001-WAT-08 times,True,
S001-FOD-01 known service/material,True,
S001-FOD-01 id prefix,True,
S001-FOD-01 positive dimensions,True,
S001-FOD-01 first batch boolean,True,
S001-FOD-01 deadline semantics,True,
S001-FOD-01 times,True,
S001-FOD-02 known service/material,True,
S001-FOD-02 id prefix,True,
S001-FOD-02 positive dimensions,True,
S001-FOD-02 first batch boolean,True,
S001-FOD-02 deadline semantics,True,
S001-FOD-02 times,True,
S001-FOD-03 known service/material,True,
S001-FOD-03 id prefix,True,
S001-FOD-03 positive dimensions,True,
S001-FOD-03 first batch boolean,True,
S001-FOD-03 deadline semantics,True,
S001-FOD-03 times,True,
S001-HYG-01 known service/material,True,
S001-HYG-01 id prefix,True,
S001-HYG-01 positive dimensions,True,
S001-HYG-01 first batch boolean,True,
S001-HYG-01 deadline semantics,True,
S001-HYG-01 times,True,
S001-HYG-02 known service/material,True,
S001-HYG-02 id prefix,True,
S001-HYG-02 positive dimensions,True,
S001-HYG-02 first batch boolean,True,
S001-HYG-02 deadline semantics,True,
S001-HYG-02 times,True,
S002-MED-01 known service/material,True,
S002-MED-01 id prefix,True,
S002-MED-01 positive dimensions,True,
S002-MED-01 first batch boolean,True,
S002-MED-01 deadline semantics,True,
S002-MED-01 times,True,
S002-WAT-01 known service/material,True,
S002-WAT-01 id prefix,True,
S002-WAT-01 positive dimensions,True,
S002-WAT-01 first batch boolean,True,
S002-WAT-01 deadline semantics,True,
S002-WAT-01 times,True,
S002-WAT-02 known service/material,True,
S002-WAT-02 id prefix,True,
S002-WAT-02 positive dimensions,True,
S002-WAT-02 first batch boolean,True,
S002-WAT-02 deadline semantics,True,
S002-WAT-02 times,True,
S002-WAT-03 known service/material,True,
S002-WAT-03 id prefix,True,
S002-WAT-03 positive dimensions,True,
S002-WAT-03 first batch boolean,True,
S002-WAT-03 deadline semantics,True,
S002-WAT-03 times,True,
S002-WAT-04 known service/material,True,
S002-WAT-04 id prefix,True,
S002-WAT-04 positive dimensions,True,
S002-WAT-04 first batch boolean,True,
S002-WAT-04 deadline semantics,True,
S002-WAT-04 times,True,
S002-FOD-01 known service/material,True,
S002-FOD-01 id prefix,True,
S002-FOD-01 positive dimensions,True,
S002-FOD-01 first batch boolean,True,
S002-FOD-01 deadline semantics,True,
S002-FOD-01 times,True,
S002-FOD-02 known service/material,True,
S002-FOD-02 id prefix,True,
S002-FOD-02 positive dimensions,True,
S002-FOD-02 first batch boolean,True,
S002-FOD-02 deadline semantics,True,
S002-FOD-02 times,True,
S002-HYG-01 known service/material,True,
S002-HYG-01 id prefix,True,
S002-HYG-01 positive dimensions,True,
S002-HYG-01 first batch boolean,True,
S002-HYG-01 deadline semantics,True,
S002-HYG-01 times,True,
S003-MED-01 known service/material,True,
S003-MED-01 id prefix,True,
S003-MED-01 positive dimensions,True,
S003-MED-01 first batch boolean,True,
S003-MED-01 deadline semantics,True,
S003-MED-01 times,True,
S003-WAT-01 known service/material,True,
S003-WAT-01 id prefix,True,
S003-WAT-01 positive dimensions,True,
S003-WAT-01 first batch boolean,True,
S003-WAT-01 deadline semantics,True,
S003-WAT-01 times,True,
S003-WAT-02 known service/material,True,
S003-WAT-02 id prefix,True,
S003-WAT-02 positive dimensions,True,
S003-WAT-02 first batch boolean,True,
S003-WAT-02 deadline semantics,True,
S003-WAT-02 times,True,
S003-WAT-03 known service/material,True,
S003-WAT-03 id prefix,True,
S003-WAT-03 positive dimensions,True,
S003-WAT-03 first batch boolean,True,
S003-WAT-03 deadline semantics,True,
S003-WAT-03 times,True,
S003-WAT-04 known service/material,True,
S003-WAT-04 id prefix,True,
S003-WAT-04 positive dimensions,True,
S003-WAT-04 first batch boolean,True,
S003-WAT-04 deadline semantics,True,
S003-WAT-04 times,True,
S003-FOD-01 known service/material,True,
S003-FOD-01 id prefix,True,
S003-FOD-01 positive dimensions,True,
S003-FOD-01 first batch boolean,True,
S003-FOD-01 deadline semantics,True,
S003-FOD-01 times,True,
S003-FOD-02 known service/material,True,
S003-FOD-02 id prefix,True,
S003-FOD-02 positive dimensions,True,
S003-FOD-02 first batch boolean,True,
S003-FOD-02 deadline semantics,True,
S003-FOD-02 times,True,
S003-HYG-01 known service/material,True,
S003-HYG-01 id prefix,True,
S003-HYG-01 positive dimensions,True,
S003-HYG-01 first batch boolean,True,
S003-HYG-01 deadline semantics,True,
S003-HYG-01 times,True,
S004-MED-01 known service/material,True,
S004-MED-01 id prefix,True,
S004-MED-01 positive dimensions,True,
S004-MED-01 first batch boolean,True,
S004-MED-01 deadline semantics,True,
S004-MED-01 times,True,
S004-WAT-01 known service/material,True,
S004-WAT-01 id prefix,True,
S004-WAT-01 positive dimensions,True,
S004-WAT-01 first batch boolean,True,
S004-WAT-01 deadline semantics,True,
S004-WAT-01 times,True,
S004-WAT-02 known service/material,True,
S004-WAT-02 id prefix,True,
S004-WAT-02 positive dimensions,True,
S004-WAT-02 first batch boolean,True,
S004-WAT-02 deadline semantics,True,
S004-WAT-02 times,True,
S004-WAT-03 known service/material,True,
S004-WAT-03 id prefix,True,
S004-WAT-03 positive dimensions,True,
S004-WAT-03 first batch boolean,True,
S004-WAT-03 deadline semantics,True,
S004-WAT-03 times,True,
S004-FOD-01 known service/material,True,
S004-FOD-01 id prefix,True,
S004-FOD-01 positive dimensions,True,
S004-FOD-01 first batch boolean,True,
S004-FOD-01 deadline semantics,True,
S004-FOD-01 times,True,
S004-HYG-01 known service/material,True,
S004-HYG-01 id prefix,True,
S004-HYG-01 positive dimensions,True,
S004-HYG-01 first batch boolean,True,
S004-HYG-01 deadline semantics,True,
S004-HYG-01 times,True,
S005-MED-01 known service/material,True,
S005-MED-01 id prefix,True,
S005-MED-01 positive dimensions,True,
S005-MED-01 first batch boolean,True,
S005-MED-01 deadline semantics,True,
S005-MED-01 times,True,
S005-WAT-01 known service/material,True,
S005-WAT-01 id prefix,True,
S005-WAT-01 positive dimensions,True,
S005-WAT-01 first batch boolean,True,
S005-WAT-01 deadline semantics,True,
S005-WAT-01 times,True,
S005-WAT-02 known service/material,True,
S005-WAT-02 id prefix,True,
S005-WAT-02 positive dimensions,True,
S005-WAT-02 first batch boolean,True,
S005-WAT-02 deadline semantics,True,
S005-WAT-02 times,True,
S005-WAT-03 known service/material,True,
S005-WAT-03 id prefix,True,
S005-WAT-03 positive dimensions,True,
S005-WAT-03 first batch boolean,True,
S005-WAT-03 deadline semantics,True,
S005-WAT-03 times,True,
S005-FOD-01 known service/material,True,
S005-FOD-01 id prefix,True,
S005-FOD-01 positive dimensions,True,
S005-FOD-01 first batch boolean,True,
S005-FOD-01 deadline semantics,True,
S005-FOD-01 times,True,
S005-HYG-01 known service/material,True,
S005-HYG-01 id prefix,True,
S005-HYG-01 positive dimensions,True,
S005-HYG-01 first batch boolean,True,
S005-HYG-01 deadline semantics,True,
S005-HYG-01 times,True,
S006-MED-01 known service/material,True,
S006-MED-01 id prefix,True,
S006-MED-01 positive dimensions,True,
S006-MED-01 first batch boolean,True,
S006-MED-01 deadline semantics,True,
S006-MED-01 times,True,
S006-WAT-01 known service/material,True,
S006-WAT-01 id prefix,True,
S006-WAT-01 positive dimensions,True,
S006-WAT-01 first batch boolean,True,
S006-WAT-01 deadline semantics,True,
S006-WAT-01 times,True,
S006-WAT-02 known service/material,True,
S006-WAT-02 id prefix,True,
S006-WAT-02 positive dimensions,True,
S006-WAT-02 first batch boolean,True,
S006-WAT-02 deadline semantics,True,
S006-WAT-02 times,True,
S006-WAT-03 known service/material,True,
S006-WAT-03 id prefix,True,
S006-WAT-03 positive dimensions,True,
S006-WAT-03 first batch boolean,True,
S006-WAT-03 deadline semantics,True,
S006-WAT-03 times,True,
S006-FOD-01 known service/material,True,
S006-FOD-01 id prefix,True,
S006-FOD-01 positive dimensions,True,
S006-FOD-01 first batch boolean,True,
S006-FOD-01 deadline semantics,True,
S006-FOD-01 times,True,
S006-HYG-01 known service/material,True,
S006-HYG-01 id prefix,True,
S006-HYG-01 positive dimensions,True,
S006-HYG-01 first batch boolean,True,
S006-HYG-01 deadline semantics,True,
S006-HYG-01 times,True,
S007-MED-01 known service/material,True,
S007-MED-01 id prefix,True,
S007-MED-01 positive dimensions,True,
S007-MED-01 first batch boolean,True,
S007-MED-01 deadline semantics,True,
S007-MED-01 times,True,
S007-WAT-01 known service/material,True,
S007-WAT-01 id prefix,True,
S007-WAT-01 positive dimensions,True,
S007-WAT-01 first batch boolean,True,
S007-WAT-01 deadline semantics,True,
S007-WAT-01 times,True,
S007-WAT-02 known service/material,True,
S007-WAT-02 id prefix,True,
S007-WAT-02 positive dimensions,True,
S007-WAT-02 first batch boolean,True,
S007-WAT-02 deadline semantics,True,
S007-WAT-02 times,True,
S007-FOD-01 known service/material,True,
S007-FOD-01 id prefix,True,
S007-FOD-01 positive dimensions,True,
S007-FOD-01 first batch boolean,True,
S007-FOD-01 deadline semantics,True,
S007-FOD-01 times,True,
S007-HYG-01 known service/material,True,
S007-HYG-01 id prefix,True,
S007-HYG-01 positive dimensions,True,
S007-HYG-01 first batch boolean,True,
S007-HYG-01 deadline semantics,True,
S007-HYG-01 times,True,
S008-MED-01 known service/material,True,
S008-MED-01 id prefix,True,
S008-MED-01 positive dimensions,True,
S008-MED-01 first batch boolean,True,
S008-MED-01 deadline semantics,True,
S008-MED-01 times,True,
S008-WAT-01 known service/material,True,
S008-WAT-01 id prefix,True,
S008-WAT-01 positive dimensions,True,
S008-WAT-01 first batch boolean,True,
S008-WAT-01 deadline semantics,True,
S008-WAT-01 times,True,
S008-WAT-02 known service/material,True,
S008-WAT-02 id prefix,True,
S008-WAT-02 positive dimensions,True,
S008-WAT-02 first batch boolean,True,
S008-WAT-02 deadline semantics,True,
S008-WAT-02 times,True,
S008-FOD-01 known service/material,True,
S008-FOD-01 id prefix,True,
S008-FOD-01 positive dimensions,True,
S008-FOD-01 first batch boolean,True,
S008-FOD-01 deadline semantics,True,
S008-FOD-01 times,True,
S008-HYG-01 known service/material,True,
S008-HYG-01 id prefix,True,
S008-HYG-01 positive dimensions,True,
S008-HYG-01 first batch boolean,True,
S008-HYG-01 deadline semantics,True,
S008-HYG-01 times,True,
S009-MED-01 known service/material,True,
S009-MED-01 id prefix,True,
S009-MED-01 positive dimensions,True,
S009-MED-01 first batch boolean,True,
S009-MED-01 deadline semantics,True,
S009-MED-01 times,True,
S009-WAT-01 known service/material,True,
S009-WAT-01 id prefix,True,
S009-WAT-01 positive dimensions,True,
S009-WAT-01 first batch boolean,True,
S009-WAT-01 deadline semantics,True,
S009-WAT-01 times,True,
S009-FOD-01 known service/material,True,
S009-FOD-01 id prefix,True,
S009-FOD-01 positive dimensions,True,
S009-FOD-01 first batch boolean,True,
S009-FOD-01 deadline semantics,True,
S009-FOD-01 times,True,
S010-MED-01 known service/material,True,
S010-MED-01 id prefix,True,
S010-MED-01 positive dimensions,True,
S010-MED-01 first batch boolean,True,
S010-MED-01 deadline semantics,True,
S010-MED-01 times,True,
S010-WAT-01 known service/material,True,
S010-WAT-01 id prefix,True,
S010-WAT-01 positive dimensions,True,
S010-WAT-01 first batch boolean,True,
S010-WAT-01 deadline semantics,True,
S010-WAT-01 times,True,
S010-FOD-01 known service/material,True,
S010-FOD-01 id prefix,True,
S010-FOD-01 positive dimensions,True,
S010-FOD-01 first batch boolean,True,
S010-FOD-01 deadline semantics,True,
S010-FOD-01 times,True,
S011-MED-01 known service/material,True,
S011-MED-01 id prefix,True,
S011-MED-01 positive dimensions,True,
S011-MED-01 first batch boolean,True,
S011-MED-01 deadline semantics,True,
S011-MED-01 times,True,
S011-WAT-01 known service/material,True,
S011-WAT-01 id prefix,True,
S011-WAT-01 positive dimensions,True,
S011-WAT-01 first batch boolean,True,
S011-WAT-01 deadline semantics,True,
S011-WAT-01 times,True,
S011-FOD-01 known service/material,True,
S011-FOD-01 id prefix,True,
S011-FOD-01 positive dimensions,True,
S011-FOD-01 first batch boolean,True,
S011-FOD-01 deadline semantics,True,
S011-FOD-01 times,True,
S012-MED-01 known service/material,True,
S012-MED-01 id prefix,True,
S012-MED-01 positive dimensions,True,
S012-MED-01 first batch boolean,True,
S012-MED-01 deadline semantics,True,
S012-MED-01 times,True,
S012-WAT-01 known service/material,True,
S012-WAT-01 id prefix,True,
S012-WAT-01 positive dimensions,True,
S012-WAT-01 first batch boolean,True,
S012-WAT-01 deadline semantics,True,
S012-WAT-01 times,True,
S012-FOD-01 known service/material,True,
S012-FOD-01 id prefix,True,
S012-FOD-01 positive dimensions,True,
S012-FOD-01 first batch boolean,True,
S012-FOD-01 deadline semantics,True,
S012-FOD-01 times,True,
S013-MED-01 known service/material,True,
S013-MED-01 id prefix,True,
S013-MED-01 positive dimensions,True,
S013-MED-01 first batch boolean,True,
S013-MED-01 deadline semantics,True,
S013-MED-01 times,True,
S013-WAT-01 known service/material,True,
S013-WAT-01 id prefix,True,
S013-WAT-01 positive dimensions,True,
S013-WAT-01 first batch boolean,True,
S013-WAT-01 deadline semantics,True,
S013-WAT-01 times,True,
S013-FOD-01 known service/material,True,
S013-FOD-01 id prefix,True,
S013-FOD-01 positive dimensions,True,
S013-FOD-01 first batch boolean,True,
S013-FOD-01 deadline semantics,True,
S013-FOD-01 times,True,
S014-MED-01 known service/material,True,
S014-MED-01 id prefix,True,
S014-MED-01 positive dimensions,True,
S014-MED-01 first batch boolean,True,
S014-MED-01 deadline semantics,True,
S014-MED-01 times,True,
S014-WAT-01 known service/material,True,
S014-WAT-01 id prefix,True,
S014-WAT-01 positive dimensions,True,
S014-WAT-01 first batch boolean,True,
S014-WAT-01 deadline semantics,True,
S014-WAT-01 times,True,
S014-FOD-01 known service/material,True,
S014-FOD-01 id prefix,True,
S014-FOD-01 positive dimensions,True,
S014-FOD-01 first batch boolean,True,
S014-FOD-01 deadline semantics,True,
S014-FOD-01 times,True,
S015-MED-01 known service/material,True,
S015-MED-01 id prefix,True,
S015-MED-01 positive dimensions,True,
S015-MED-01 first batch boolean,True,
S015-MED-01 deadline semantics,True,
S015-MED-01 times,True,
S015-WAT-01 known service/material,True,
S015-WAT-01 id prefix,True,
S015-WAT-01 positive dimensions,True,
S015-WAT-01 first batch boolean,True,
S015-WAT-01 deadline semantics,True,
S015-WAT-01 times,True,
S015-FOD-01 known service/material,True,
S015-FOD-01 id prefix,True,
S015-FOD-01 positive dimensions,True,
S015-FOD-01 first batch boolean,True,
S015-FOD-01 deadline semantics,True,
S015-FOD-01 times,True,
demand S001/医疗物资,True,
demand S001/饮用水,True,
demand S001/应急食品,True,
demand S001/生活卫生用品,True,
demand S002/医疗物资,True,
demand S002/饮用水,True,
demand S002/应急食品,True,
demand S002/生活卫生用品,True,
demand S003/医疗物资,True,
demand S003/饮用水,True,
demand S003/应急食品,True,
demand S003/生活卫生用品,True,
demand S004/医疗物资,True,
demand S004/饮用水,True,
demand S004/应急食品,True,
demand S004/生活卫生用品,True,
demand S005/医疗物资,True,
demand S005/饮用水,True,
demand S005/应急食品,True,
demand S005/生活卫生用品,True,
demand S006/医疗物资,True,
demand S006/饮用水,True,
demand S006/应急食品,True,
demand S006/生活卫生用品,True,
demand S007/医疗物资,True,
demand S007/饮用水,True,
demand S007/应急食品,True,
demand S007/生活卫生用品,True,
demand S008/医疗物资,True,
demand S008/饮用水,True,
demand S008/应急食品,True,
demand S008/生活卫生用品,True,
demand S009/医疗物资,True,
demand S009/饮用水,True,
demand S009/应急食品,True,
demand S010/医疗物资,True,
demand S010/饮用水,True,
demand S010/应急食品,True,
demand S011/医疗物资,True,
demand S011/饮用水,True,
demand S011/应急食品,True,
demand S012/医疗物资,True,
demand S012/饮用水,True,
demand S012/应急食品,True,
demand S013/医疗物资,True,
demand S013/饮用水,True,
demand S013/应急食品,True,
demand S014/医疗物资,True,
demand S014/饮用水,True,
demand S014/应急食品,True,
demand S015/医疗物资,True,
demand S015/饮用水,True,
demand S015/应急食品,True,
total demand equals boxes,True,
transport_models/A energy efficiency,True,
transport_models/A speeds,True,
A ranges and capacities,True,
transport_models/B energy efficiency,True,
transport_models/B speeds,True,
B ranges and capacities,True,
transport_models/C energy efficiency,True,
transport_models/C speeds,True,
C ranges and capacities,True,
relay_models/R energy efficiency,True,
relay_models/R speeds,True,
relay total mass,True,
U01 resource references,True,
U02 resource references,True,
U03 resource references,True,
U04 resource references,True,
U05 resource references,True,
U06 resource references,True,
U07 resource references,True,
U08 resource references,True,
transport energy stock A,True,
transport energy stock B,True,
transport energy stock C,True,
R01 resource references,True,
R02 resource references,True,
relay energy stock R,True,
DEM 1-band WGS84,True,
DEM valid cells all,True,invalid=0
DEM MAT values exact,True,
DEM MAT coordinate transform,True,
DEM MAT longitude axis,True,
DEM MAT latitude axis,True,
DEM MAT EPSG/nodata,True,
O01 valid coordinates,True,
S001 valid coordinates,True,
S002 valid coordinates,True,
S003 valid coordinates,True,
S004 valid coordinates,True,
S005 valid coordinates,True,
S006 valid coordinates,True,
S007 valid coordinates,True,
S008 valid coordinates,True,
S009 valid coordinates,True,
S010 valid coordinates,True,
S011 valid coordinates,True,
S012 valid coordinates,True,
S013 valid coordinates,True,
S014 valid coordinates,True,
S015 valid coordinates,True,
settlements unique row keys,True,
settlements finite coordinates,True,
settlements DEM coverage,True,
settlements category present,True,
"settlements('ST001',) geometry",True,Valid Geometry
"settlements('ST002',) geometry",True,Valid Geometry
"settlements('ST003',) geometry",True,Valid Geometry
"settlements('ST004',) geometry",True,Valid Geometry
"settlements('ST005',) geometry",True,Valid Geometry
"settlements('ST006',) geometry",True,Valid Geometry
"settlements('ST007',) geometry",True,Valid Geometry
"settlements('ST008',) geometry",True,Valid Geometry
"settlements('ST009',) geometry",True,Valid Geometry
"settlements('ST010',) geometry",True,Valid Geometry
"settlements('ST011',) geometry",True,Valid Geometry
"settlements('ST012',) geometry",True,Valid Geometry
"settlements('ST013',) geometry",True,Valid Geometry
"settlements('ST014',) geometry",True,Valid Geometry
"settlements('ST015',) geometry",True,Valid Geometry
"settlements('ST016',) geometry",True,Valid Geometry
"settlements('ST017',) geometry",True,Valid Geometry
"settlements('ST018',) geometry",True,Valid Geometry
"settlements('ST019',) geometry",True,Valid Geometry
"settlements('ST020',) geometry",True,Valid Geometry
"settlements('ST021',) geometry",True,Valid Geometry
"settlements('ST022',) geometry",True,Valid Geometry
"settlements('ST023',) geometry",True,Valid Geometry
"settlements('ST024',) geometry",True,Valid Geometry
"settlements('ST025',) geometry",True,Valid Geometry
"settlements('ST026',) geometry",True,Valid Geometry
"settlements('ST027',) geometry",True,Valid Geometry
"settlements('ST028',) geometry",True,Valid Geometry
"settlements('ST029',) geometry",True,Valid Geometry
"settlements('ST030',) geometry",True,Valid Geometry
"settlements('ST031',) geometry",True,Valid Geometry
"settlements('ST032',) geometry",True,Valid Geometry
"settlements('ST033',) geometry",True,Valid Geometry
"settlements('ST034',) geometry",True,Valid Geometry
"settlements('ST035',) geometry",True,Valid Geometry
"settlements('ST036',) geometry",True,Valid Geometry
"settlements('ST037',) geometry",True,Valid Geometry
"settlements('ST038',) geometry",True,Valid Geometry
"settlements('ST039',) geometry",True,Valid Geometry
"settlements('ST040',) geometry",True,Valid Geometry
"settlements('ST041',) geometry",True,Valid Geometry
"settlements('ST042',) geometry",True,Valid Geometry
"settlements('ST043',) geometry",True,Valid Geometry
"settlements('ST044',) geometry",True,Valid Geometry
"settlements('ST045',) geometry",True,Valid Geometry
"settlements('ST046',) geometry",True,Valid Geometry
"settlements('ST047',) geometry",True,Valid Geometry
"settlements('ST048',) geometry",True,Valid Geometry
"settlements('ST049',) geometry",True,Valid Geometry
"settlements('ST050',) geometry",True,Valid Geometry
"settlements('ST051',) geometry",True,Valid Geometry
"settlements('ST052',) geometry",True,Valid Geometry
"settlements('ST053',) geometry",True,Valid Geometry
"settlements('ST054',) geometry",True,Valid Geometry
"settlements('ST055',) geometry",True,Valid Geometry
"settlements('ST056',) geometry",True,Valid Geometry
"settlements('ST057',) geometry",True,Valid Geometry
"settlements('ST058',) geometry",True,Valid Geometry
"settlements('ST059',) geometry",True,Valid Geometry
"settlements('ST060',) geometry",True,Valid Geometry
"settlements('ST061',) geometry",True,Valid Geometry
"settlements('ST062',) geometry",True,Valid Geometry
"settlements('ST063',) geometry",True,Valid Geometry
"settlements('ST064',) geometry",True,Valid Geometry
"settlements('ST065',) geometry",True,Valid Geometry
"settlements('ST066',) geometry",True,Valid Geometry
"settlements('ST067',) geometry",True,Valid Geometry
"settlements('ST068',) geometry",True,Valid Geometry
"settlements('ST069',) geometry",True,Valid Geometry
"settlements('ST070',) geometry",True,Valid Geometry
"settlements('ST071',) geometry",True,Valid Geometry
"settlements('ST072',) geometry",True,Valid Geometry
"settlements('ST073',) geometry",True,Valid Geometry
"settlements('ST074',) geometry",True,Valid Geometry
"settlements('ST075',) geometry",True,Valid Geometry
"settlements('ST076',) geometry",True,Valid Geometry
"settlements('ST077',) geometry",True,Valid Geometry
"settlements('ST078',) geometry",True,Valid Geometry
"settlements('ST079',) geometry",True,Valid Geometry
"settlements('ST080',) geometry",True,Valid Geometry
"settlements('ST081',) geometry",True,Valid Geometry
"settlements('ST082',) geometry",True,Valid Geometry
"settlements('ST083',) geometry",True,Valid Geometry
"settlements('ST084',) geometry",True,Valid Geometry
"settlements('ST085',) geometry",True,Valid Geometry
"settlements('ST086',) geometry",True,Valid Geometry
"settlements('ST087',) geometry",True,Valid Geometry
"settlements('ST088',) geometry",True,Valid Geometry
"settlements('ST089',) geometry",True,Valid Geometry
"settlements('ST090',) geometry",True,Valid Geometry
"settlements('ST091',) geometry",True,Valid Geometry
"settlements('ST092',) geometry",True,Valid Geometry
"settlements('ST093',) geometry",True,Valid Geometry
"settlements('ST094',) geometry",True,Valid Geometry
"settlements('ST095',) geometry",True,Valid Geometry
"settlements('ST096',) geometry",True,Valid Geometry
"settlements('ST097',) geometry",True,Valid Geometry
"settlements('ST098',) geometry",True,Valid Geometry
"settlements('ST099',) geometry",True,Valid Geometry
"settlements('ST100',) geometry",True,Valid Geometry
"settlements('ST101',) geometry",True,Valid Geometry
"settlements('ST102',) geometry",True,Valid Geometry
"settlements('ST103',) geometry",True,Valid Geometry
"settlements('ST104',) geometry",True,Valid Geometry
"settlements('ST105',) geometry",True,Valid Geometry
"settlements('ST106',) geometry",True,Valid Geometry
"settlements('ST107',) geometry",True,Valid Geometry
"settlements('ST108',) geometry",True,Valid Geometry
"settlements('ST109',) geometry",True,Valid Geometry
"settlements('ST110',) geometry",True,Valid Geometry
"settlements('ST111',) geometry",True,Valid Geometry
"settlements('ST112',) geometry",True,Valid Geometry
"settlements('ST113',) geometry",True,Valid Geometry
"settlements('ST114',) geometry",True,Valid Geometry
"settlements('ST115',) geometry",True,Valid Geometry
"settlements('ST116',) geometry",True,Valid Geometry
"settlements('ST117',) geometry",True,Valid Geometry
"settlements('ST118',) geometry",True,Valid Geometry
"settlements('ST119',) geometry",True,Valid Geometry
"settlements('ST120',) geometry",True,Valid Geometry
"settlements('ST121',) geometry",True,Valid Geometry
"settlements('ST122',) geometry",True,Valid Geometry
"settlements('ST123',) geometry",True,Valid Geometry
"settlements('ST124',) geometry",True,Valid Geometry
"settlements('ST125',) geometry",True,Valid Geometry
"settlements('ST126',) geometry",True,Valid Geometry
"settlements('ST127',) geometry",True,Valid Geometry
"settlements('ST128',) geometry",True,Valid Geometry
"settlements('ST129',) geometry",True,Valid Geometry
"settlements('ST130',) geometry",True,Valid Geometry
"settlements('ST131',) geometry",True,Valid Geometry
"settlements('ST132',) geometry",True,Valid Geometry
"settlements('ST133',) geometry",True,Valid Geometry
"settlements('ST134',) geometry",True,Valid Geometry
"settlements('ST135',) geometry",True,Valid Geometry
"settlements('ST136',) geometry",True,Valid Geometry
"settlements('ST137',) geometry",True,Valid Geometry
"settlements('ST138',) geometry",True,Valid Geometry
"settlements('ST139',) geometry",True,Valid Geometry
"settlements('ST140',) geometry",True,Valid Geometry
"settlements('ST141',) geometry",True,Valid Geometry
"settlements('ST142',) geometry",True,Valid Geometry
"settlements('ST143',) geometry",True,Valid Geometry
"settlements('ST144',) geometry",True,Valid Geometry
"settlements('ST145',) geometry",True,Valid Geometry
"settlements('ST146',) geometry",True,Valid Geometry
"settlements('ST147',) geometry",True,Valid Geometry
"settlements('ST148',) geometry",True,Valid Geometry
"settlements('ST149',) geometry",True,Valid Geometry
"settlements('ST150',) geometry",True,Valid Geometry
"settlements('ST151',) geometry",True,Valid Geometry
"settlements('ST152',) geometry",True,Valid Geometry
"settlements('ST153',) geometry",True,Valid Geometry
"settlements('ST154',) geometry",True,Valid Geometry
"settlements('ST155',) geometry",True,Valid Geometry
"settlements('ST156',) geometry",True,Valid Geometry
"settlements('ST157',) geometry",True,Valid Geometry
"settlements('ST158',) geometry",True,Valid Geometry
"settlements('ST159',) geometry",True,Valid Geometry
"settlements('ST160',) geometry",True,Valid Geometry
"settlements('ST161',) geometry",True,Valid Geometry
"settlements('ST162',) geometry",True,Valid Geometry
"settlements('ST163',) geometry",True,Valid Geometry
"settlements('ST164',) geometry",True,Valid Geometry
"settlements('ST165',) geometry",True,Valid Geometry
"settlements('ST166',) geometry",True,Valid Geometry
settlements full MAT CSV equality,True,"{'file': '镇龙乡及周边村镇点位.mat', 'rows': 166, 'columns': 7, 'compared_cells': 1162, 'mismatch_count': 0, 'all_equal': True}"
water_polygons unique row keys,True,
water_polygons finite coordinates,True,
water_polygons DEM coverage,True,
water_polygons category present,True,
"water_polygons('WS001', 1, 1) vertex ordering",True,
"water_polygons('WS001', 1, 1) ring closure",True,
"water_polygons('WS001', 1, 1) geometry",True,Valid Geometry
"water_polygons('WS002', 1, 1) vertex ordering",True,
"water_polygons('WS002', 1, 1) ring closure",True,
"water_polygons('WS002', 1, 1) geometry",True,Valid Geometry
"water_polygons('WS003', 1, 1) vertex ordering",True,
"water_polygons('WS003', 1, 1) ring closure",True,
"water_polygons('WS003', 1, 1) geometry",True,Valid Geometry
"water_polygons('WS004', 1, 1) vertex ordering",True,
"water_polygons('WS004', 1, 1) ring closure",True,
"water_polygons('WS004', 1, 1) geometry",True,Valid Geometry
"water_polygons('WS005', 1, 1) vertex ordering",True,
"water_polygons('WS005', 1, 1) ring closure",True,
"water_polygons('WS005', 1, 1) geometry",True,Valid Geometry
"water_polygons('WS006', 1, 1) vertex ordering",True,
"water_polygons('WS006', 1, 1) ring closure",True,
"water_polygons('WS006', 1, 1) geometry",True,Valid Geometry
"water_polygons('WS007', 1, 1) vertex ordering",True,
"water_polygons('WS007', 1, 1) ring closure",True,
"water_polygons('WS007', 1, 1) geometry",True,Valid Geometry
"water_polygons('WS008', 1, 1) vertex ordering",True,
"water_polygons('WS008', 1, 1) ring closure",True,
"water_polygons('WS008', 1, 1) geometry",True,Valid Geometry
"water_polygons('WS009', 1, 1) vertex ordering",True,
"water_polygons('WS009', 1, 1) ring closure",True,
"water_polygons('WS009', 1, 1) geometry",True,Valid Geometry
"water_polygons('WS010', 1, 1) vertex ordering",True,
"water_polygons('WS010', 1, 1) ring closure",True,
"water_polygons('WS010', 1, 1) geometry",True,Valid Geometry
"water_polygons('WS011', 1, 1) vertex ordering",True,
"water_polygons('WS011', 1, 1) ring closure",True,
"water_polygons('WS011', 1, 1) geometry",True,Valid Geometry
"water_polygons('WS012', 1, 1) vertex ordering",True,
"water_polygons('WS012', 1, 1) ring closure",True,
"water_polygons('WS012', 1, 1) geometry",True,Valid Geometry
"water_polygons('WS013', 1, 1) vertex ordering",True,
"water_polygons('WS013', 1, 1) ring closure",True,
"water_polygons('WS013', 1, 1) geometry",True,Valid Geometry
"water_polygons('WS014', 1, 1) vertex ordering",True,
"water_polygons('WS014', 1, 1) ring closure",True,
"water_polygons('WS014', 1, 1) geometry",True,Valid Geometry
"water_polygons('WS015', 1, 1) vertex ordering",True,
"water_polygons('WS015', 1, 1) ring closure",True,
"water_polygons('WS015', 1, 1) geometry",True,Valid Geometry
"water_polygons('WS016', 1, 1) vertex ordering",True,
"water_polygons('WS016', 1, 1) ring closure",True,
"water_polygons('WS016', 1, 1) geometry",True,Valid Geometry
"water_polygons('WS017', 1, 1) vertex ordering",True,
"water_polygons('WS017', 1, 1) ring closure",True,
"water_polygons('WS017', 1, 1) geometry",True,Valid Geometry
"water_polygons('WS018', 1, 1) vertex ordering",True,
"water_polygons('WS018', 1, 1) ring closure",True,
"water_polygons('WS018', 1, 1) geometry",True,Valid Geometry
"water_polygons('WS019', 1, 1) vertex ordering",True,
"water_polygons('WS019', 1, 1) ring closure",True,
"water_polygons('WS019', 1, 1) geometry",True,Valid Geometry
"water_polygons('WS020', 1, 1) vertex ordering",True,
"water_polygons('WS020', 1, 1) ring closure",True,
"water_polygons('WS020', 1, 1) geometry",True,Valid Geometry
"water_polygons('WS021', 1, 1) vertex ordering",True,
"water_polygons('WS021', 1, 1) ring closure",True,
"water_polygons('WS021', 1, 1) geometry",True,Valid Geometry
"water_polygons('WS022', 1, 1) vertex ordering",True,
"water_polygons('WS022', 1, 1) ring closure",True,
"water_polygons('WS022', 1, 1) geometry",True,Valid Geometry
"water_polygons('WS023', 1, 1) vertex ordering",True,
"water_polygons('WS023', 1, 1) ring closure",True,
"water_polygons('WS023', 1, 1) geometry",True,Valid Geometry
"water_polygons('WS024', 1, 1) vertex ordering",True,
"water_polygons('WS024', 1, 1) ring closure",True,
"water_polygons('WS024', 1, 1) geometry",True,Valid Geometry
"water_polygons('WS025', 1, 1) vertex ordering",True,
"water_polygons('WS025', 1, 1) ring closure",True,
"water_polygons('WS025', 1, 1) geometry",True,Valid Geometry
"water_polygons('WS026', 1, 1) vertex ordering",True,
"water_polygons('WS026', 1, 1) ring closure",True,
"water_polygons('WS026', 1, 1) geometry",True,Valid Geometry
"water_polygons('WS027', 1, 1) vertex ordering",True,
"water_polygons('WS027', 1, 1) ring closure",True,
"water_polygons('WS027', 1, 1) geometry",True,Valid Geometry
"water_polygons('WS028', 1, 1) vertex ordering",True,
"water_polygons('WS028', 1, 1) ring closure",True,
"water_polygons('WS028', 1, 1) geometry",True,Valid Geometry
"water_polygons('WS029', 1, 1) vertex ordering",True,
"water_polygons('WS029', 1, 1) ring closure",True,
"water_polygons('WS029', 1, 1) geometry",True,Valid Geometry
"water_polygons('WS030', 1, 1) vertex ordering",True,
"water_polygons('WS030', 1, 1) ring closure",True,
"water_polygons('WS030', 1, 1) geometry",True,Valid Geometry
"water_polygons('WS031', 1, 1) vertex ordering",True,
"water_polygons('WS031', 1, 1) ring closure",True,
"water_polygons('WS031', 1, 1) geometry",True,Valid Geometry
"water_polygons('WS032', 1, 1) vertex ordering",True,
"water_polygons('WS032', 1, 1) ring closure",True,
"water_polygons('WS032', 1, 1) geometry",True,Valid Geometry
"water_polygons('WS033', 1, 1) vertex ordering",True,
"water_polygons('WS033', 1, 1) ring closure",True,
"water_polygons('WS033', 1, 1) geometry",True,Valid Geometry
"water_polygons('WS034', 1, 1) vertex ordering",True,
"water_polygons('WS034', 1, 1) ring closure",True,
"water_polygons('WS034', 1, 1) geometry",True,Valid Geometry
"water_polygons('WS035', 1, 1) vertex ordering",True,
"water_polygons('WS035', 1, 1) ring closure",True,
"water_polygons('WS035', 1, 1) geometry",True,Valid Geometry
"water_polygons('WS036', 1, 1) vertex ordering",True,
"water_polygons('WS036', 1, 1) ring closure",True,
"water_polygons('WS036', 1, 1) geometry",True,Valid Geometry
"water_polygons('WS037', 1, 1) vertex ordering",True,
"water_polygons('WS037', 1, 1) ring closure",True,
"water_polygons('WS037', 1, 1) geometry",True,Valid Geometry
"water_polygons('WS038', 1, 1) vertex ordering",True,
"water_polygons('WS038', 1, 1) ring closure",True,
"water_polygons('WS038', 1, 1) geometry",True,Valid Geometry
"water_polygons('WS039', 1, 1) vertex ordering",True,
"water_polygons('WS039', 1, 1) ring closure",True,
"water_polygons('WS039', 1, 1) geometry",True,Valid Geometry
"water_polygons('WS040', 1, 1) vertex ordering",True,
"water_polygons('WS040', 1, 1) ring closure",True,
"water_polygons('WS040', 1, 1) geometry",True,Valid Geometry
"water_polygons('WS041', 1, 1) vertex ordering",True,
"water_polygons('WS041', 1, 1) ring closure",True,
"water_polygons('WS041', 1, 1) geometry",True,Valid Geometry
"water_polygons('WS042', 1, 1) vertex ordering",True,
"water_polygons('WS042', 1, 1) ring closure",True,
"water_polygons('WS042', 1, 1) geometry",True,Valid Geometry
"water_polygons('WS043', 1, 1) vertex ordering",True,
"water_polygons('WS043', 1, 1) ring closure",True,
"water_polygons('WS043', 1, 1) geometry",True,Valid Geometry
"water_polygons('WS044', 1, 1) vertex ordering",True,
"water_polygons('WS044', 1, 1) ring closure",True,
"water_polygons('WS044', 1, 1) geometry",True,Valid Geometry
"water_polygons('WS045', 1, 1) vertex ordering",True,
"water_polygons('WS045', 1, 1) ring closure",True,
"water_polygons('WS045', 1, 1) geometry",True,Valid Geometry
"water_polygons('WS046', 1, 1) vertex ordering",True,
"water_polygons('WS046', 1, 1) ring closure",True,
"water_polygons('WS046', 1, 1) geometry",True,Valid Geometry
"water_polygons('WS047', 1, 1) vertex ordering",True,
"water_polygons('WS047', 1, 1) ring closure",True,
"water_polygons('WS047', 1, 1) geometry",True,Valid Geometry
"water_polygons('WS048', 1, 1) vertex ordering",True,
"water_polygons('WS048', 1, 1) ring closure",True,
"water_polygons('WS048', 1, 1) geometry",True,Valid Geometry
"water_polygons('WS049', 1, 1) vertex ordering",True,
"water_polygons('WS049', 1, 1) ring closure",True,
"water_polygons('WS049', 1, 1) geometry",True,Valid Geometry
"water_polygons('WS050', 1, 1) vertex ordering",True,
"water_polygons('WS050', 1, 1) ring closure",True,
"water_polygons('WS050', 1, 1) geometry",True,Valid Geometry
"water_polygons('WS051', 1, 1) vertex ordering",True,
"water_polygons('WS051', 1, 1) ring closure",True,
"water_polygons('WS051', 1, 1) geometry",True,Valid Geometry
"water_polygons('WS052', 1, 1) vertex ordering",True,
"water_polygons('WS052', 1, 1) ring closure",True,
"water_polygons('WS052', 1, 1) geometry",True,Valid Geometry
"water_polygons('WS053', 1, 1) vertex ordering",True,
"water_polygons('WS053', 1, 1) ring closure",True,
"water_polygons('WS053', 1, 1) geometry",True,Valid Geometry
"water_polygons('WS054', 1, 1) vertex ordering",True,
"water_polygons('WS054', 1, 1) ring closure",True,
"water_polygons('WS054', 1, 1) geometry",True,Valid Geometry
"water_polygons('WS055', 1, 1) vertex ordering",True,
"water_polygons('WS055', 1, 1) ring closure",True,
"water_polygons('WS055', 1, 1) geometry",True,Valid Geometry
"water_polygons('WS056', 1, 1) vertex ordering",True,
"water_polygons('WS056', 1, 1) ring closure",True,
"water_polygons('WS056', 1, 1) geometry",True,Valid Geometry
"water_polygons('WS057', 1, 1) vertex ordering",True,
"water_polygons('WS057', 1, 1) ring closure",True,
"water_polygons('WS057', 1, 1) geometry",True,Valid Geometry
"water_polygons('WS058', 1, 1) vertex ordering",True,
"water_polygons('WS058', 1, 1) ring closure",True,
"water_polygons('WS058', 1, 1) geometry",True,Valid Geometry
"water_polygons('WS059', 1, 1) vertex ordering",True,
"water_polygons('WS059', 1, 1) ring closure",True,
"water_polygons('WS059', 1, 1) geometry",True,Valid Geometry
"water_polygons('WS060', 1, 1) vertex ordering",True,
"water_polygons('WS060', 1, 1) ring closure",True,
"water_polygons('WS060', 1, 1) geometry",True,Valid Geometry
"water_polygons('WS061', 1, 1) vertex ordering",True,
"water_polygons('WS061', 1, 1) ring closure",True,
"water_polygons('WS061', 1, 1) geometry",True,Valid Geometry
"water_polygons('WS062', 1, 1) vertex ordering",True,
"water_polygons('WS062', 1, 1) ring closure",True,
"water_polygons('WS062', 1, 1) geometry",True,Valid Geometry
"water_polygons('WS063', 1, 1) vertex ordering",True,
"water_polygons('WS063', 1, 1) ring closure",True,
"water_polygons('WS063', 1, 1) geometry",True,Valid Geometry
"water_polygons('WS064', 1, 1) vertex ordering",True,
"water_polygons('WS064', 1, 1) ring closure",True,
"water_polygons('WS064', 1, 1) geometry",True,Valid Geometry
"water_polygons('WS065', 1, 1) vertex ordering",True,
"water_polygons('WS065', 1, 1) ring closure",True,
"water_polygons('WS065', 1, 1) geometry",True,Valid Geometry
"water_polygons('WS066', 1, 1) vertex ordering",True,
"water_polygons('WS066', 1, 1) ring closure",True,
"water_polygons('WS066', 1, 1) geometry",True,Valid Geometry
"water_polygons('WS067', 1, 1) vertex ordering",True,
"water_polygons('WS067', 1, 1) ring closure",True,
"water_polygons('WS067', 1, 1) geometry",True,Valid Geometry
"water_polygons('WS068', 1, 1) vertex ordering",True,
"water_polygons('WS068', 1, 1) ring closure",True,
"water_polygons('WS068', 1, 1) geometry",True,Valid Geometry
"water_polygons('WS069', 1, 1) vertex ordering",True,
"water_polygons('WS069', 1, 1) ring closure",True,
"water_polygons('WS069', 1, 1) geometry",True,Valid Geometry
"water_polygons('WS070', 1, 1) vertex ordering",True,
"water_polygons('WS070', 1, 1) ring closure",True,
"water_polygons('WS070', 1, 1) geometry",True,Valid Geometry
"water_polygons('WS071', 1, 1) vertex ordering",True,
"water_polygons('WS071', 1, 1) ring closure",True,
"water_polygons('WS071', 1, 1) geometry",True,Valid Geometry
"water_polygons('WS072', 1, 1) vertex ordering",True,
"water_polygons('WS072', 1, 1) ring closure",True,
"water_polygons('WS072', 1, 1) geometry",True,Valid Geometry
"water_polygons('WS073', 1, 1) vertex ordering",True,
"water_polygons('WS073', 1, 1) ring closure",True,
"water_polygons('WS073', 1, 1) geometry",True,Valid Geometry
"water_polygons('WS074', 1, 1) vertex ordering",True,
"water_polygons('WS074', 1, 1) ring closure",True,
"water_polygons('WS074', 1, 1) geometry",True,Valid Geometry
"water_polygons('WS075', 1, 1) vertex ordering",True,
"water_polygons('WS075', 1, 1) ring closure",True,
"water_polygons('WS075', 1, 1) geometry",True,Valid Geometry
"water_polygons('WS076', 1, 1) vertex ordering",True,
"water_polygons('WS076', 1, 1) ring closure",True,
"water_polygons('WS076', 1, 1) geometry",True,Valid Geometry
"water_polygons('WS077', 1, 1) vertex ordering",True,
"water_polygons('WS077', 1, 1) ring closure",True,
"water_polygons('WS077', 1, 1) geometry",True,Valid Geometry
"water_polygons('WS078', 1, 1) vertex ordering",True,
"water_polygons('WS078', 1, 1) ring closure",True,
"water_polygons('WS078', 1, 1) geometry",True,Valid Geometry
"water_polygons('WS079', 1, 1) vertex ordering",True,
"water_polygons('WS079', 1, 1) ring closure",True,
"water_polygons('WS079', 1, 1) geometry",True,Valid Geometry
"water_polygons('WS080', 1, 1) vertex ordering",True,
"water_polygons('WS080', 1, 1) ring closure",True,
"water_polygons('WS080', 1, 1) geometry",True,Valid Geometry
"water_polygons('WS081', 1, 1) vertex ordering",True,
"water_polygons('WS081', 1, 1) ring closure",True,
"water_polygons('WS081', 1, 1) geometry",True,Valid Geometry
"water_polygons('WS082', 1, 1) vertex ordering",True,
"water_polygons('WS082', 1, 1) ring closure",True,
"water_polygons('WS082', 1, 1) geometry",True,Valid Geometry
"water_polygons('WS083', 1, 1) vertex ordering",True,
"water_polygons('WS083', 1, 1) ring closure",True,
"water_polygons('WS083', 1, 1) geometry",True,Valid Geometry
"water_polygons('WS084', 1, 1) vertex ordering",True,
"water_polygons('WS084', 1, 1) ring closure",True,
"water_polygons('WS084', 1, 1) geometry",True,Valid Geometry
"water_polygons('WS085', 1, 1) vertex ordering",True,
"water_polygons('WS085', 1, 1) ring closure",True,
"water_polygons('WS085', 1, 1) geometry",True,Valid Geometry
"water_polygons('WS086', 1, 1) vertex ordering",True,
"water_polygons('WS086', 1, 1) ring closure",True,
"water_polygons('WS086', 1, 1) geometry",True,Valid Geometry
"water_polygons('WS087', 1, 1) vertex ordering",True,
"water_polygons('WS087', 1, 1) ring closure",True,
"water_polygons('WS087', 1, 1) geometry",True,Valid Geometry
"water_polygons('WS088', 1, 1) vertex ordering",True,
"water_polygons('WS088', 1, 1) ring closure",True,
"water_polygons('WS088', 1, 1) geometry",True,Valid Geometry
"water_polygons('WS089', 1, 1) vertex ordering",True,
"water_polygons('WS089', 1, 1) ring closure",True,
"water_polygons('WS089', 1, 1) geometry",True,Valid Geometry
"water_polygons('WS090', 1, 1) vertex ordering",True,
"water_polygons('WS090', 1, 1) ring closure",True,
"water_polygons('WS090', 1, 1) geometry",True,Valid Geometry
"water_polygons('WS091', 1, 1) vertex ordering",True,
"water_polygons('WS091', 1, 1) ring closure",True,
"water_polygons('WS091', 1, 1) geometry",True,Valid Geometry
"water_polygons('WS092', 1, 1) vertex ordering",True,
"water_polygons('WS092', 1, 1) ring closure",True,
"water_polygons('WS092', 1, 1) geometry",True,Valid Geometry
"water_polygons('WS093', 1, 1) vertex ordering",True,
"water_polygons('WS093', 1, 1) ring closure",True,
"water_polygons('WS093', 1, 1) geometry",True,Valid Geometry
"water_polygons('WS094', 1, 1) vertex ordering",True,
"water_polygons('WS094', 1, 1) ring closure",True,
"water_polygons('WS094', 1, 1) geometry",True,Valid Geometry
"water_polygons('WS095', 1, 1) vertex ordering",True,
"water_polygons('WS095', 1, 1) ring closure",True,
"water_polygons('WS095', 1, 1) geometry",True,Valid Geometry
"water_polygons('WS095', 2, 1) vertex ordering",True,
"water_polygons('WS095', 2, 1) ring closure",True,
"water_polygons('WS095', 2, 1) geometry",True,Valid Geometry
"water_polygons('WS095', 3, 1) vertex ordering",True,
"water_polygons('WS095', 3, 1) ring closure",True,
"water_polygons('WS095', 3, 1) geometry",True,Valid Geometry
"water_polygons('WS095', 4, 1) vertex ordering",True,
"water_polygons('WS095', 4, 1) ring closure",True,
"water_polygons('WS095', 4, 1) geometry",True,Valid Geometry
"water_polygons('WS095', 5, 1) vertex ordering",True,
"water_polygons('WS095', 5, 1) ring closure",True,
"water_polygons('WS095', 5, 1) geometry",True,Valid Geometry
"water_polygons('WS095', 6, 1) vertex ordering",True,
"water_polygons('WS095', 6, 1) ring closure",True,
"water_polygons('WS095', 6, 1) geometry",True,Valid Geometry
"polygon with holes ('WS001', 1)",True,Valid Geometry
"polygon with holes ('WS002', 1)",True,Valid Geometry
"polygon with holes ('WS003', 1)",True,Valid Geometry
"polygon with holes ('WS004', 1)",True,Valid Geometry
"polygon with holes ('WS005', 1)",True,Valid Geometry
"polygon with holes ('WS006', 1)",True,Valid Geometry
"polygon with holes ('WS007', 1)",True,Valid Geometry
"polygon with holes ('WS008', 1)",True,Valid Geometry
"polygon with holes ('WS009', 1)",True,Valid Geometry
"polygon with holes ('WS010', 1)",True,Valid Geometry
"polygon with holes ('WS011', 1)",True,Valid Geometry
"polygon with holes ('WS012', 1)",True,Valid Geometry
"polygon with holes ('WS013', 1)",True,Valid Geometry
"polygon with holes ('WS014', 1)",True,Valid Geometry
"polygon with holes ('WS015', 1)",True,Valid Geometry
"polygon with holes ('WS016', 1)",True,Valid Geometry
"polygon with holes ('WS017', 1)",True,Valid Geometry
"polygon with holes ('WS018', 1)",True,Valid Geometry
"polygon with holes ('WS019', 1)",True,Valid Geometry
"polygon with holes ('WS020', 1)",True,Valid Geometry
"polygon with holes ('WS021', 1)",True,Valid Geometry
"polygon with holes ('WS022', 1)",True,Valid Geometry
"polygon with holes ('WS023', 1)",True,Valid Geometry
"polygon with holes ('WS024', 1)",True,Valid Geometry
"polygon with holes ('WS025', 1)",True,Valid Geometry
"polygon with holes ('WS026', 1)",True,Valid Geometry
"polygon with holes ('WS027', 1)",True,Valid Geometry
"polygon with holes ('WS028', 1)",True,Valid Geometry
"polygon with holes ('WS029', 1)",True,Valid Geometry
"polygon with holes ('WS030', 1)",True,Valid Geometry
"polygon with holes ('WS031', 1)",True,Valid Geometry
"polygon with holes ('WS032', 1)",True,Valid Geometry
"polygon with holes ('WS033', 1)",True,Valid Geometry
"polygon with holes ('WS034', 1)",True,Valid Geometry
"polygon with holes ('WS035', 1)",True,Valid Geometry
"polygon with holes ('WS036', 1)",True,Valid Geometry
"polygon with holes ('WS037', 1)",True,Valid Geometry
"polygon with holes ('WS038', 1)",True,Valid Geometry
"polygon with holes ('WS039', 1)",True,Valid Geometry
"polygon with holes ('WS040', 1)",True,Valid Geometry
"polygon with holes ('WS041', 1)",True,Valid Geometry
"polygon with holes ('WS042', 1)",True,Valid Geometry
"polygon with holes ('WS043', 1)",True,Valid Geometry
"polygon with holes ('WS044', 1)",True,Valid Geometry
"polygon with holes ('WS045', 1)",True,Valid Geometry
"polygon with holes ('WS046', 1)",True,Valid Geometry
"polygon with holes ('WS047', 1)",True,Valid Geometry
"polygon with holes ('WS048', 1)",True,Valid Geometry
"polygon with holes ('WS049', 1)",True,Valid Geometry
"polygon with holes ('WS050', 1)",True,Valid Geometry
"polygon with holes ('WS051', 1)",True,Valid Geometry
"polygon with holes ('WS052', 1)",True,Valid Geometry
"polygon with holes ('WS053', 1)",True,Valid Geometry
"polygon with holes ('WS054', 1)",True,Valid Geometry
"polygon with holes ('WS055', 1)",True,Valid Geometry
"polygon with holes ('WS056', 1)",True,Valid Geometry
"polygon with holes ('WS057', 1)",True,Valid Geometry
"polygon with holes ('WS058', 1)",True,Valid Geometry
"polygon with holes ('WS059', 1)",True,Valid Geometry
"polygon with holes ('WS060', 1)",True,Valid Geometry
"polygon with holes ('WS061', 1)",True,Valid Geometry
"polygon with holes ('WS062', 1)",True,Valid Geometry
"polygon with holes ('WS063', 1)",True,Valid Geometry
"polygon with holes ('WS064', 1)",True,Valid Geometry
"polygon with holes ('WS065', 1)",True,Valid Geometry
"polygon with holes ('WS066', 1)",True,Valid Geometry
"polygon with holes ('WS067', 1)",True,Valid Geometry
"polygon with holes ('WS068', 1)",True,Valid Geometry
"polygon with holes ('WS069', 1)",True,Valid Geometry
"polygon with holes ('WS070', 1)",True,Valid Geometry
"polygon with holes ('WS071', 1)",True,Valid Geometry
"polygon with holes ('WS072', 1)",True,Valid Geometry
"polygon with holes ('WS073', 1)",True,Valid Geometry
"polygon with holes ('WS074', 1)",True,Valid Geometry
"polygon with holes ('WS075', 1)",True,Valid Geometry
"polygon with holes ('WS076', 1)",True,Valid Geometry
"polygon with holes ('WS077', 1)",True,Valid Geometry
"polygon with holes ('WS078', 1)",True,Valid Geometry
"polygon with holes ('WS079', 1)",True,Valid Geometry
"polygon with holes ('WS080', 1)",True,Valid Geometry
"polygon with holes ('WS081', 1)",True,Valid Geometry
"polygon with holes ('WS082', 1)",True,Valid Geometry
"polygon with holes ('WS083', 1)",True,Valid Geometry
"polygon with holes ('WS084', 1)",True,Valid Geometry
"polygon with holes ('WS085', 1)",True,Valid Geometry
"polygon with holes ('WS086', 1)",True,Valid Geometry
"polygon with holes ('WS087', 1)",True,Valid Geometry
"polygon with holes ('WS088', 1)",True,Valid Geometry
"polygon with holes ('WS089', 1)",True,Valid Geometry
"polygon with holes ('WS090', 1)",True,Valid Geometry
"polygon with holes ('WS091', 1)",True,Valid Geometry
"polygon with holes ('WS092', 1)",True,Valid Geometry
"polygon with holes ('WS093', 1)",True,Valid Geometry
"polygon with holes ('WS094', 1)",True,Valid Geometry
"polygon with holes ('WS095', 1)",True,Valid Geometry
"polygon with holes ('WS095', 2)",True,Valid Geometry
"polygon with holes ('WS095', 3)",True,Valid Geometry
"polygon with holes ('WS095', 4)",True,Valid Geometry
"polygon with holes ('WS095', 5)",True,Valid Geometry
"polygon with holes ('WS095', 6)",True,Valid Geometry
water_polygons full MAT CSV equality,True,"{'file': '镇龙乡及周边水体.mat', 'rows': 4229, 'columns': 9, 'compared_cells': 38061, 'mismatch_count': 0, 'all_equal': True}"
water_lines unique row keys,True,
water_lines finite coordinates,True,
water_lines DEM coverage,True,
water_lines category present,True,
"water_lines('WY001',) vertex ordering",True,
"water_lines('WY001',) geometry",True,Valid Geometry
"water_lines('WY002',) vertex ordering",True,
"water_lines('WY002',) geometry",True,Valid Geometry
"water_lines('WY003',) vertex ordering",True,
"water_lines('WY003',) geometry",True,Valid Geometry
"water_lines('WY004',) vertex ordering",True,
"water_lines('WY004',) geometry",True,Valid Geometry
"water_lines('WY005',) vertex ordering",True,
"water_lines('WY005',) geometry",True,Valid Geometry
"water_lines('WY006',) vertex ordering",True,
"water_lines('WY006',) geometry",True,Valid Geometry
"water_lines('WY007',) vertex ordering",True,
"water_lines('WY007',) geometry",True,Valid Geometry
"water_lines('WY008',) vertex ordering",True,
"water_lines('WY008',) geometry",True,Valid Geometry
"water_lines('WY009',) vertex ordering",True,
"water_lines('WY009',) geometry",True,Valid Geometry
"water_lines('WY010',) vertex ordering",True,
"water_lines('WY010',) geometry",True,Valid Geometry
"water_lines('WY011',) vertex ordering",True,
"water_lines('WY011',) geometry",True,Valid Geometry
"water_lines('WY012',) vertex ordering",True,
"water_lines('WY012',) geometry",True,Valid Geometry
"water_lines('WY013',) vertex ordering",True,
"water_lines('WY013',) geometry",True,Valid Geometry
"water_lines('WY014',) vertex ordering",True,
"water_lines('WY014',) geometry",True,Valid Geometry
"water_lines('WY015',) vertex ordering",True,
"water_lines('WY015',) geometry",True,Valid Geometry
"water_lines('WY016',) vertex ordering",True,
"water_lines('WY016',) geometry",True,Valid Geometry
"water_lines('WY017',) vertex ordering",True,
"water_lines('WY017',) geometry",True,Valid Geometry
"water_lines('WY018',) vertex ordering",True,
"water_lines('WY018',) geometry",True,Valid Geometry
"water_lines('WY019',) vertex ordering",True,
"water_lines('WY019',) geometry",True,Valid Geometry
"water_lines('WY020',) vertex ordering",True,
"water_lines('WY020',) geometry",True,Valid Geometry
"water_lines('WY021',) vertex ordering",True,
"water_lines('WY021',) geometry",True,Valid Geometry
"water_lines('WY022',) vertex ordering",True,
"water_lines('WY022',) geometry",True,Valid Geometry
"water_lines('WY023',) vertex ordering",True,
"water_lines('WY023',) geometry",True,Valid Geometry
"water_lines('WY024',) vertex ordering",True,
"water_lines('WY024',) geometry",True,Valid Geometry
"water_lines('WY025',) vertex ordering",True,
"water_lines('WY025',) geometry",True,Valid Geometry
"water_lines('WY026',) vertex ordering",True,
"water_lines('WY026',) geometry",True,Valid Geometry
"water_lines('WY027',) vertex ordering",True,
"water_lines('WY027',) geometry",True,Valid Geometry
"water_lines('WY028',) vertex ordering",True,
"water_lines('WY028',) geometry",True,Valid Geometry
"water_lines('WY029',) vertex ordering",True,
"water_lines('WY029',) geometry",True,Valid Geometry
"water_lines('WY030',) vertex ordering",True,
"water_lines('WY030',) geometry",True,Valid Geometry
"water_lines('WY031',) vertex ordering",True,
"water_lines('WY031',) geometry",True,Valid Geometry
"water_lines('WY032',) vertex ordering",True,
"water_lines('WY032',) geometry",True,Valid Geometry
"water_lines('WY033',) vertex ordering",True,
"water_lines('WY033',) geometry",True,Valid Geometry
"water_lines('WY034',) vertex ordering",True,
"water_lines('WY034',) geometry",True,Valid Geometry
"water_lines('WY035',) vertex ordering",True,
"water_lines('WY035',) geometry",True,Valid Geometry
"water_lines('WY036',) vertex ordering",True,
"water_lines('WY036',) geometry",True,Valid Geometry
"water_lines('WY037',) vertex ordering",True,
"water_lines('WY037',) geometry",True,Valid Geometry
"water_lines('WY038',) vertex ordering",True,
"water_lines('WY038',) geometry",True,Valid Geometry
"water_lines('WY039',) vertex ordering",True,
"water_lines('WY039',) geometry",True,Valid Geometry
"water_lines('WY040',) vertex ordering",True,
"water_lines('WY040',) geometry",True,Valid Geometry
"water_lines('WY041',) vertex ordering",True,
"water_lines('WY041',) geometry",True,Valid Geometry
"water_lines('WY042',) vertex ordering",True,
"water_lines('WY042',) geometry",True,Valid Geometry
"water_lines('WY043',) vertex ordering",True,
"water_lines('WY043',) geometry",True,Valid Geometry
"water_lines('WY044',) vertex ordering",True,
"water_lines('WY044',) geometry",True,Valid Geometry
"water_lines('WY045',) vertex ordering",True,
"water_lines('WY045',) geometry",True,Valid Geometry
"water_lines('WY046',) vertex ordering",True,
"water_lines('WY046',) geometry",True,Valid Geometry
"water_lines('WY047',) vertex ordering",True,
"water_lines('WY047',) geometry",True,Valid Geometry
"water_lines('WY048',) vertex ordering",True,
"water_lines('WY048',) geometry",True,Valid Geometry
"water_lines('WY049',) vertex ordering",True,
"water_lines('WY049',) geometry",True,Valid Geometry
"water_lines('WY050',) vertex ordering",True,
"water_lines('WY050',) geometry",True,Valid Geometry
"water_lines('WY051',) vertex ordering",True,
"water_lines('WY051',) geometry",True,Valid Geometry
"water_lines('WY052',) vertex ordering",True,
"water_lines('WY052',) geometry",True,Valid Geometry
"water_lines('WY053',) vertex ordering",True,
"water_lines('WY053',) geometry",True,Valid Geometry
"water_lines('WY054',) vertex ordering",True,
"water_lines('WY054',) geometry",True,Valid Geometry
"water_lines('WY055',) vertex ordering",True,
"water_lines('WY055',) geometry",True,Valid Geometry
"water_lines('WY056',) vertex ordering",True,
"water_lines('WY056',) geometry",True,Valid Geometry
"water_lines('WY057',) vertex ordering",True,
"water_lines('WY057',) geometry",True,Valid Geometry
"water_lines('WY058',) vertex ordering",True,
"water_lines('WY058',) geometry",True,Valid Geometry
"water_lines('WY059',) vertex ordering",True,
"water_lines('WY059',) geometry",True,Valid Geometry
"water_lines('WY060',) vertex ordering",True,
"water_lines('WY060',) geometry",True,Valid Geometry
"water_lines('WY061',) vertex ordering",True,
"water_lines('WY061',) geometry",True,Valid Geometry
"water_lines('WY062',) vertex ordering",True,
"water_lines('WY062',) geometry",True,Valid Geometry
"water_lines('WY063',) vertex ordering",True,
"water_lines('WY063',) geometry",True,Valid Geometry
"water_lines('WY064',) vertex ordering",True,
"water_lines('WY064',) geometry",True,Valid Geometry
"water_lines('WY065',) vertex ordering",True,
"water_lines('WY065',) geometry",True,Valid Geometry
"water_lines('WY066',) vertex ordering",True,
"water_lines('WY066',) geometry",True,Valid Geometry
"water_lines('WY067',) vertex ordering",True,
"water_lines('WY067',) geometry",True,Valid Geometry
"water_lines('WY068',) vertex ordering",True,
"water_lines('WY068',) geometry",True,Valid Geometry
"water_lines('WY069',) vertex ordering",True,
"water_lines('WY069',) geometry",True,Valid Geometry
"water_lines('WY070',) vertex ordering",True,
"water_lines('WY070',) geometry",True,Valid Geometry
"water_lines('WY071',) vertex ordering",True,
"water_lines('WY071',) geometry",True,Valid Geometry
"water_lines('WY072',) vertex ordering",True,
"water_lines('WY072',) geometry",True,Valid Geometry
"water_lines('WY073',) vertex ordering",True,
"water_lines('WY073',) geometry",True,Valid Geometry
"water_lines('WY074',) vertex ordering",True,
"water_lines('WY074',) geometry",True,Valid Geometry
"water_lines('WY075',) vertex ordering",True,
"water_lines('WY075',) geometry",True,Valid Geometry
"water_lines('WY076',) vertex ordering",True,
"water_lines('WY076',) geometry",True,Valid Geometry
"water_lines('WY077',) vertex ordering",True,
"water_lines('WY077',) geometry",True,Valid Geometry
"water_lines('WY078',) vertex ordering",True,
"water_lines('WY078',) geometry",True,Valid Geometry
"water_lines('WY079',) vertex ordering",True,
"water_lines('WY079',) geometry",True,Valid Geometry
"water_lines('WY080',) vertex ordering",True,
"water_lines('WY080',) geometry",True,Valid Geometry
"water_lines('WY081',) vertex ordering",True,
"water_lines('WY081',) geometry",True,Valid Geometry
"water_lines('WY082',) vertex ordering",True,
"water_lines('WY082',) geometry",True,Valid Geometry
"water_lines('WY083',) vertex ordering",True,
"water_lines('WY083',) geometry",True,Valid Geometry
"water_lines('WY084',) vertex ordering",True,
"water_lines('WY084',) geometry",True,Valid Geometry
"water_lines('WY085',) vertex ordering",True,
"water_lines('WY085',) geometry",True,Valid Geometry
"water_lines('WY086',) vertex ordering",True,
"water_lines('WY086',) geometry",True,Valid Geometry
"water_lines('WY087',) vertex ordering",True,
"water_lines('WY087',) geometry",True,Valid Geometry
"water_lines('WY088',) vertex ordering",True,
"water_lines('WY088',) geometry",True,Valid Geometry
"water_lines('WY089',) vertex ordering",True,
"water_lines('WY089',) geometry",True,Valid Geometry
"water_lines('WY090',) vertex ordering",True,
"water_lines('WY090',) geometry",True,Valid Geometry
"water_lines('WY091',) vertex ordering",True,
"water_lines('WY091',) geometry",True,Valid Geometry
"water_lines('WY092',) vertex ordering",True,
"water_lines('WY092',) geometry",True,Valid Geometry
"water_lines('WY093',) vertex ordering",True,
"water_lines('WY093',) geometry",True,Valid Geometry
"water_lines('WY094',) vertex ordering",True,
"water_lines('WY094',) geometry",True,Valid Geometry
"water_lines('WY095',) vertex ordering",True,
"water_lines('WY095',) geometry",True,Valid Geometry
"water_lines('WY096',) vertex ordering",True,
"water_lines('WY096',) geometry",True,Valid Geometry
"water_lines('WY097',) vertex ordering",True,
"water_lines('WY097',) geometry",True,Valid Geometry
"water_lines('WY098',) vertex ordering",True,
"water_lines('WY098',) geometry",True,Valid Geometry
"water_lines('WY099',) vertex ordering",True,
"water_lines('WY099',) geometry",True,Valid Geometry
"water_lines('WY100',) vertex ordering",True,
"water_lines('WY100',) geometry",True,Valid Geometry
"water_lines('WY101',) vertex ordering",True,
"water_lines('WY101',) geometry",True,Valid Geometry
water_lines full MAT CSV equality,True,"{'file': '镇龙乡及周边水系.mat', 'rows': 4570, 'columns': 8, 'compared_cells': 36560, 'mismatch_count': 0, 'all_equal': True}"
roads unique row keys,True,
roads finite coordinates,True,
roads DEM coverage,True,
roads category present,True,
"roads('RD0001',) vertex ordering",True,
"roads('RD0001',) geometry",True,Valid Geometry
"roads('RD0002',) vertex ordering",True,
"roads('RD0002',) geometry",True,Valid Geometry
"roads('RD0003',) vertex ordering",True,
"roads('RD0003',) geometry",True,Valid Geometry
"roads('RD0004',) vertex ordering",True,
"roads('RD0004',) geometry",True,Valid Geometry
"roads('RD0005',) vertex ordering",True,
"roads('RD0005',) geometry",True,Valid Geometry
"roads('RD0006',) vertex ordering",True,
"roads('RD0006',) geometry",True,Valid Geometry
"roads('RD0007',) vertex ordering",True,
"roads('RD0007',) geometry",True,Valid Geometry
"roads('RD0008',) vertex ordering",True,
"roads('RD0008',) geometry",True,Valid Geometry
"roads('RD0009',) vertex ordering",True,
"roads('RD0009',) geometry",True,Valid Geometry
"roads('RD0010',) vertex ordering",True,
"roads('RD0010',) geometry",True,Valid Geometry
"roads('RD0011',) vertex ordering",True,
"roads('RD0011',) geometry",True,Valid Geometry
"roads('RD0012',) vertex ordering",True,
"roads('RD0012',) geometry",True,Valid Geometry
"roads('RD0013',) vertex ordering",True,
"roads('RD0013',) geometry",True,Valid Geometry
"roads('RD0014',) vertex ordering",True,
"roads('RD0014',) geometry",True,Valid Geometry
"roads('RD0015',) vertex ordering",True,
"roads('RD0015',) geometry",True,Valid Geometry
"roads('RD0016',) vertex ordering",True,
"roads('RD0016',) geometry",True,Valid Geometry
"roads('RD0017',) vertex ordering",True,
"roads('RD0017',) geometry",True,Valid Geometry
"roads('RD0018',) vertex ordering",True,
"roads('RD0018',) geometry",True,Valid Geometry
"roads('RD0019',) vertex ordering",True,
"roads('RD0019',) geometry",True,Valid Geometry
"roads('RD0020',) vertex ordering",True,
"roads('RD0020',) geometry",True,Valid Geometry
"roads('RD0021',) vertex ordering",True,
"roads('RD0021',) geometry",True,Valid Geometry
"roads('RD0022',) vertex ordering",True,
"roads('RD0022',) geometry",True,Valid Geometry
"roads('RD0023',) vertex ordering",True,
"roads('RD0023',) geometry",True,Valid Geometry
"roads('RD0024',) vertex ordering",True,
"roads('RD0024',) geometry",True,Valid Geometry
"roads('RD0025',) vertex ordering",True,
"roads('RD0025',) geometry",True,Valid Geometry
"roads('RD0026',) vertex ordering",True,
"roads('RD0026',) geometry",True,Valid Geometry
"roads('RD0027',) vertex ordering",True,
"roads('RD0027',) geometry",True,Valid Geometry
"roads('RD0028',) vertex ordering",True,
"roads('RD0028',) geometry",True,Valid Geometry
"roads('RD0029',) vertex ordering",True,
"roads('RD0029',) geometry",True,Valid Geometry
"roads('RD0030',) vertex ordering",True,
"roads('RD0030',) geometry",True,Valid Geometry
"roads('RD0031',) vertex ordering",True,
"roads('RD0031',) geometry",True,Valid Geometry
"roads('RD0032',) vertex ordering",True,
"roads('RD0032',) geometry",True,Valid Geometry
"roads('RD0033',) vertex ordering",True,
"roads('RD0033',) geometry",True,Valid Geometry
"roads('RD0034',) vertex ordering",True,
"roads('RD0034',) geometry",True,Valid Geometry
"roads('RD0035',) vertex ordering",True,
"roads('RD0035',) geometry",True,Valid Geometry
"roads('RD0036',) vertex ordering",True,
"roads('RD0036',) geometry",True,Valid Geometry
"roads('RD0037',) vertex ordering",True,
"roads('RD0037',) geometry",True,Valid Geometry
"roads('RD0038',) vertex ordering",True,
"roads('RD0038',) geometry",True,Valid Geometry
"roads('RD0039',) vertex ordering",True,
"roads('RD0039',) geometry",True,Valid Geometry
"roads('RD0040',) vertex ordering",True,
"roads('RD0040',) geometry",True,Valid Geometry
"roads('RD0041',) vertex ordering",True,
"roads('RD0041',) geometry",True,Valid Geometry
"roads('RD0042',) vertex ordering",True,
"roads('RD0042',) geometry",True,Valid Geometry
"roads('RD0043',) vertex ordering",True,
"roads('RD0043',) geometry",True,Valid Geometry
"roads('RD0044',) vertex ordering",True,
"roads('RD0044',) geometry",True,Valid Geometry
"roads('RD0045',) vertex ordering",True,
"roads('RD0045',) geometry",True,Valid Geometry
"roads('RD0046',) vertex ordering",True,
"roads('RD0046',) geometry",True,Valid Geometry
"roads('RD0047',) vertex ordering",True,
"roads('RD0047',) geometry",True,Valid Geometry
"roads('RD0048',) vertex ordering",True,
"roads('RD0048',) geometry",True,Valid Geometry
"roads('RD0049',) vertex ordering",True,
"roads('RD0049',) geometry",True,Valid Geometry
"roads('RD0050',) vertex ordering",True,
"roads('RD0050',) geometry",True,Valid Geometry
"roads('RD0051',) vertex ordering",True,
"roads('RD0051',) geometry",True,Valid Geometry
"roads('RD0052',) vertex ordering",True,
"roads('RD0052',) geometry",True,Valid Geometry
"roads('RD0053',) vertex ordering",True,
"roads('RD0053',) geometry",True,Valid Geometry
"roads('RD0054',) vertex ordering",True,
"roads('RD0054',) geometry",True,Valid Geometry
"roads('RD0055',) vertex ordering",True,
"roads('RD0055',) geometry",True,Valid Geometry
"roads('RD0056',) vertex ordering",True,
"roads('RD0056',) geometry",True,Valid Geometry
"roads('RD0057',) vertex ordering",True,
"roads('RD0057',) geometry",True,Valid Geometry
"roads('RD0058',) vertex ordering",True,
"roads('RD0058',) geometry",True,Valid Geometry
"roads('RD0059',) vertex ordering",True,
"roads('RD0059',) geometry",True,Valid Geometry
"roads('RD0060',) vertex ordering",True,
"roads('RD0060',) geometry",True,Valid Geometry
"roads('RD0061',) vertex ordering",True,
"roads('RD0061',) geometry",True,Valid Geometry
"roads('RD0062',) vertex ordering",True,
"roads('RD0062',) geometry",True,Valid Geometry
"roads('RD0063',) vertex ordering",True,
"roads('RD0063',) geometry",True,Valid Geometry
"roads('RD0064',) vertex ordering",True,
"roads('RD0064',) geometry",True,Valid Geometry
"roads('RD0065',) vertex ordering",True,
"roads('RD0065',) geometry",True,Valid Geometry
"roads('RD0066',) vertex ordering",True,
"roads('RD0066',) geometry",True,Valid Geometry
"roads('RD0067',) vertex ordering",True,
"roads('RD0067',) geometry",True,Valid Geometry
"roads('RD0068',) vertex ordering",True,
"roads('RD0068',) geometry",True,Valid Geometry
"roads('RD0069',) vertex ordering",True,
"roads('RD0069',) geometry",True,Valid Geometry
"roads('RD0070',) vertex ordering",True,
"roads('RD0070',) geometry",True,Valid Geometry
"roads('RD0071',) vertex ordering",True,
"roads('RD0071',) geometry",True,Valid Geometry
"roads('RD0072',) vertex ordering",True,
"roads('RD0072',) geometry",True,Valid Geometry
"roads('RD0073',) vertex ordering",True,
"roads('RD0073',) geometry",True,Valid Geometry
"roads('RD0074',) vertex ordering",True,
"roads('RD0074',) geometry",True,Valid Geometry
"roads('RD0075',) vertex ordering",True,
"roads('RD0075',) geometry",True,Valid Geometry
"roads('RD0076',) vertex ordering",True,
"roads('RD0076',) geometry",True,Valid Geometry
"roads('RD0077',) vertex ordering",True,
"roads('RD0077',) geometry",True,Valid Geometry
"roads('RD0078',) vertex ordering",True,
"roads('RD0078',) geometry",True,Valid Geometry
"roads('RD0079',) vertex ordering",True,
"roads('RD0079',) geometry",True,Valid Geometry
"roads('RD0080',) vertex ordering",True,
"roads('RD0080',) geometry",True,Valid Geometry
"roads('RD0081',) vertex ordering",True,
"roads('RD0081',) geometry",True,Valid Geometry
"roads('RD0082',) vertex ordering",True,
"roads('RD0082',) geometry",True,Valid Geometry
"roads('RD0083',) vertex ordering",True,
"roads('RD0083',) geometry",True,Valid Geometry
"roads('RD0084',) vertex ordering",True,
"roads('RD0084',) geometry",True,Valid Geometry
"roads('RD0085',) vertex ordering",True,
"roads('RD0085',) geometry",True,Valid Geometry
"roads('RD0086',) vertex ordering",True,
"roads('RD0086',) geometry",True,Valid Geometry
"roads('RD0087',) vertex ordering",True,
"roads('RD0087',) geometry",True,Valid Geometry
"roads('RD0088',) vertex ordering",True,
"roads('RD0088',) geometry",True,Valid Geometry
"roads('RD0089',) vertex ordering",True,
"roads('RD0089',) geometry",True,Valid Geometry
"roads('RD0090',) vertex ordering",True,
"roads('RD0090',) geometry",True,Valid Geometry
"roads('RD0091',) vertex ordering",True,
"roads('RD0091',) geometry",True,Valid Geometry
"roads('RD0092',) vertex ordering",True,
"roads('RD0092',) geometry",True,Valid Geometry
"roads('RD0093',) vertex ordering",True,
"roads('RD0093',) geometry",True,Valid Geometry
"roads('RD0094',) vertex ordering",True,
"roads('RD0094',) geometry",True,Valid Geometry
"roads('RD0095',) vertex ordering",True,
"roads('RD0095',) geometry",True,Valid Geometry
"roads('RD0096',) vertex ordering",True,
"roads('RD0096',) geometry",True,Valid Geometry
"roads('RD0097',) vertex ordering",True,
"roads('RD0097',) geometry",True,Valid Geometry
"roads('RD0098',) vertex ordering",True,
"roads('RD0098',) geometry",True,Valid Geometry
"roads('RD0099',) vertex ordering",True,
"roads('RD0099',) geometry",True,Valid Geometry
"roads('RD0100',) vertex ordering",True,
"roads('RD0100',) geometry",True,Valid Geometry
"roads('RD0101',) vertex ordering",True,
"roads('RD0101',) geometry",True,Valid Geometry
"roads('RD0102',) vertex ordering",True,
"roads('RD0102',) geometry",True,Valid Geometry
"roads('RD0103',) vertex ordering",True,
"roads('RD0103',) geometry",True,Valid Geometry
"roads('RD0104',) vertex ordering",True,
"roads('RD0104',) geometry",True,Valid Geometry
"roads('RD0105',) vertex ordering",True,
"roads('RD0105',) geometry",True,Valid Geometry
"roads('RD0106',) vertex ordering",True,
"roads('RD0106',) geometry",True,Valid Geometry
"roads('RD0107',) vertex ordering",True,
"roads('RD0107',) geometry",True,Valid Geometry
"roads('RD0108',) vertex ordering",True,
"roads('RD0108',) geometry",True,Valid Geometry
"roads('RD0109',) vertex ordering",True,
"roads('RD0109',) geometry",True,Valid Geometry
"roads('RD0110',) vertex ordering",True,
"roads('RD0110',) geometry",True,Valid Geometry
"roads('RD0111',) vertex ordering",True,
"roads('RD0111',) geometry",True,Valid Geometry
"roads('RD0112',) vertex ordering",True,
"roads('RD0112',) geometry",True,Valid Geometry
"roads('RD0113',) vertex ordering",True,
"roads('RD0113',) geometry",True,Valid Geometry
"roads('RD0114',) vertex ordering",True,
"roads('RD0114',) geometry",True,Valid Geometry
"roads('RD0115',) vertex ordering",True,
"roads('RD0115',) geometry",True,Valid Geometry
"roads('RD0116',) vertex ordering",True,
"roads('RD0116',) geometry",True,Valid Geometry
"roads('RD0117',) vertex ordering",True,
"roads('RD0117',) geometry",True,Valid Geometry
"roads('RD0118',) vertex ordering",True,
"roads('RD0118',) geometry",True,Valid Geometry
"roads('RD0119',) vertex ordering",True,
"roads('RD0119',) geometry",True,Valid Geometry
"roads('RD0120',) vertex ordering",True,
"roads('RD0120',) geometry",True,Valid Geometry
"roads('RD0121',) vertex ordering",True,
"roads('RD0121',) geometry",True,Valid Geometry
"roads('RD0122',) vertex ordering",True,
"roads('RD0122',) geometry",True,Valid Geometry
"roads('RD0123',) vertex ordering",True,
"roads('RD0123',) geometry",True,Valid Geometry
"roads('RD0124',) vertex ordering",True,
"roads('RD0124',) geometry",True,Valid Geometry
"roads('RD0125',) vertex ordering",True,
"roads('RD0125',) geometry",True,Valid Geometry
"roads('RD0126',) vertex ordering",True,
"roads('RD0126',) geometry",True,Valid Geometry
"roads('RD0127',) vertex ordering",True,
"roads('RD0127',) geometry",True,Valid Geometry
"roads('RD0128',) vertex ordering",True,
"roads('RD0128',) geometry",True,Valid Geometry
"roads('RD0129',) vertex ordering",True,
"roads('RD0129',) geometry",True,Valid Geometry
"roads('RD0130',) vertex ordering",True,
"roads('RD0130',) geometry",True,Valid Geometry
"roads('RD0131',) vertex ordering",True,
"roads('RD0131',) geometry",True,Valid Geometry
"roads('RD0132',) vertex ordering",True,
"roads('RD0132',) geometry",True,Valid Geometry
"roads('RD0133',) vertex ordering",True,
"roads('RD0133',) geometry",True,Valid Geometry
"roads('RD0134',) vertex ordering",True,
"roads('RD0134',) geometry",True,Valid Geometry
"roads('RD0135',) vertex ordering",True,
"roads('RD0135',) geometry",True,Valid Geometry
"roads('RD0136',) vertex ordering",True,
"roads('RD0136',) geometry",True,Valid Geometry
"roads('RD0137',) vertex ordering",True,
"roads('RD0137',) geometry",True,Valid Geometry
"roads('RD0138',) vertex ordering",True,
"roads('RD0138',) geometry",True,Valid Geometry
"roads('RD0139',) vertex ordering",True,
"roads('RD0139',) geometry",True,Valid Geometry
"roads('RD0140',) vertex ordering",True,
"roads('RD0140',) geometry",True,Valid Geometry
"roads('RD0141',) vertex ordering",True,
"roads('RD0141',) geometry",True,Valid Geometry
"roads('RD0142',) vertex ordering",True,
"roads('RD0142',) geometry",True,Valid Geometry
"roads('RD0143',) vertex ordering",True,
"roads('RD0143',) geometry",True,Valid Geometry
"roads('RD0144',) vertex ordering",True,
"roads('RD0144',) geometry",True,Valid Geometry
"roads('RD0145',) vertex ordering",True,
"roads('RD0145',) geometry",True,Valid Geometry
"roads('RD0146',) vertex ordering",True,
"roads('RD0146',) geometry",True,Valid Geometry
"roads('RD0147',) vertex ordering",True,
"roads('RD0147',) geometry",True,Valid Geometry
"roads('RD0148',) vertex ordering",True,
"roads('RD0148',) geometry",True,Valid Geometry
"roads('RD0149',) vertex ordering",True,
"roads('RD0149',) geometry",True,Valid Geometry
"roads('RD0150',) vertex ordering",True,
"roads('RD0150',) geometry",True,Valid Geometry
"roads('RD0151',) vertex ordering",True,
"roads('RD0151',) geometry",True,Valid Geometry
"roads('RD0152',) vertex ordering",True,
"roads('RD0152',) geometry",True,Valid Geometry
"roads('RD0153',) vertex ordering",True,
"roads('RD0153',) geometry",True,Valid Geometry
"roads('RD0154',) vertex ordering",True,
"roads('RD0154',) geometry",True,Valid Geometry
"roads('RD0155',) vertex ordering",True,
"roads('RD0155',) geometry",True,Valid Geometry
"roads('RD0156',) vertex ordering",True,
"roads('RD0156',) geometry",True,Valid Geometry
"roads('RD0157',) vertex ordering",True,
"roads('RD0157',) geometry",True,Valid Geometry
"roads('RD0158',) vertex ordering",True,
"roads('RD0158',) geometry",True,Valid Geometry
"roads('RD0159',) vertex ordering",True,
"roads('RD0159',) geometry",True,Valid Geometry
"roads('RD0160',) vertex ordering",True,
"roads('RD0160',) geometry",True,Valid Geometry
"roads('RD0161',) vertex ordering",True,
"roads('RD0161',) geometry",True,Valid Geometry
"roads('RD0162',) vertex ordering",True,
"roads('RD0162',) geometry",True,Valid Geometry
"roads('RD0163',) vertex ordering",True,
"roads('RD0163',) geometry",True,Valid Geometry
"roads('RD0164',) vertex ordering",True,
"roads('RD0164',) geometry",True,Valid Geometry
"roads('RD0165',) vertex ordering",True,
"roads('RD0165',) geometry",True,Valid Geometry
"roads('RD0166',) vertex ordering",True,
"roads('RD0166',) geometry",True,Valid Geometry
"roads('RD0167',) vertex ordering",True,
"roads('RD0167',) geometry",True,Valid Geometry
"roads('RD0168',) vertex ordering",True,
"roads('RD0168',) geometry",True,Valid Geometry
"roads('RD0169',) vertex ordering",True,
"roads('RD0169',) geometry",True,Valid Geometry
"roads('RD0170',) vertex ordering",True,
"roads('RD0170',) geometry",True,Valid Geometry
"roads('RD0171',) vertex ordering",True,
"roads('RD0171',) geometry",True,Valid Geometry
"roads('RD0172',) vertex ordering",True,
"roads('RD0172',) geometry",True,Valid Geometry
"roads('RD0173',) vertex ordering",True,
"roads('RD0173',) geometry",True,Valid Geometry
"roads('RD0174',) vertex ordering",True,
"roads('RD0174',) geometry",True,Valid Geometry
"roads('RD0175',) vertex ordering",True,
"roads('RD0175',) geometry",True,Valid Geometry
"roads('RD0176',) vertex ordering",True,
"roads('RD0176',) geometry",True,Valid Geometry
"roads('RD0177',) vertex ordering",True,
"roads('RD0177',) geometry",True,Valid Geometry
"roads('RD0178',) vertex ordering",True,
"roads('RD0178',) geometry",True,Valid Geometry
"roads('RD0179',) vertex ordering",True,
"roads('RD0179',) geometry",True,Valid Geometry
"roads('RD0180',) vertex ordering",True,
"roads('RD0180',) geometry",True,Valid Geometry
"roads('RD0181',) vertex ordering",True,
"roads('RD0181',) geometry",True,Valid Geometry
"roads('RD0182',) vertex ordering",True,
"roads('RD0182',) geometry",True,Valid Geometry
"roads('RD0183',) vertex ordering",True,
"roads('RD0183',) geometry",True,Valid Geometry
"roads('RD0184',) vertex ordering",True,
"roads('RD0184',) geometry",True,Valid Geometry
"roads('RD0185',) vertex ordering",True,
"roads('RD0185',) geometry",True,Valid Geometry
"roads('RD0186',) vertex ordering",True,
"roads('RD0186',) geometry",True,Valid Geometry
"roads('RD0187',) vertex ordering",True,
"roads('RD0187',) geometry",True,Valid Geometry
"roads('RD0188',) vertex ordering",True,
"roads('RD0188',) geometry",True,Valid Geometry
"roads('RD0189',) vertex ordering",True,
"roads('RD0189',) geometry",True,Valid Geometry
"roads('RD0190',) vertex ordering",True,
"roads('RD0190',) geometry",True,Valid Geometry
"roads('RD0191',) vertex ordering",True,
"roads('RD0191',) geometry",True,Valid Geometry
"roads('RD0192',) vertex ordering",True,
"roads('RD0192',) geometry",True,Valid Geometry
"roads('RD0193',) vertex ordering",True,
"roads('RD0193',) geometry",True,Valid Geometry
"roads('RD0194',) vertex ordering",True,
"roads('RD0194',) geometry",True,Valid Geometry
"roads('RD0195',) vertex ordering",True,
"roads('RD0195',) geometry",True,Valid Geometry
"roads('RD0196',) vertex ordering",True,
"roads('RD0196',) geometry",True,Valid Geometry
"roads('RD0197',) vertex ordering",True,
"roads('RD0197',) geometry",True,Valid Geometry
"roads('RD0198',) vertex ordering",True,
"roads('RD0198',) geometry",True,Valid Geometry
"roads('RD0199',) vertex ordering",True,
"roads('RD0199',) geometry",True,Valid Geometry
"roads('RD0200',) vertex ordering",True,
"roads('RD0200',) geometry",True,Valid Geometry
"roads('RD0201',) vertex ordering",True,
"roads('RD0201',) geometry",True,Valid Geometry
"roads('RD0202',) vertex ordering",True,
"roads('RD0202',) geometry",True,Valid Geometry
"roads('RD0203',) vertex ordering",True,
"roads('RD0203',) geometry",True,Valid Geometry
"roads('RD0204',) vertex ordering",True,
"roads('RD0204',) geometry",True,Valid Geometry
"roads('RD0205',) vertex ordering",True,
"roads('RD0205',) geometry",True,Valid Geometry
"roads('RD0206',) vertex ordering",True,
"roads('RD0206',) geometry",True,Valid Geometry
"roads('RD0207',) vertex ordering",True,
"roads('RD0207',) geometry",True,Valid Geometry
"roads('RD0208',) vertex ordering",True,
"roads('RD0208',) geometry",True,Valid Geometry
"roads('RD0209',) vertex ordering",True,
"roads('RD0209',) geometry",True,Valid Geometry
"roads('RD0210',) vertex ordering",True,
"roads('RD0210',) geometry",True,Valid Geometry
"roads('RD0211',) vertex ordering",True,
"roads('RD0211',) geometry",True,Valid Geometry
"roads('RD0212',) vertex ordering",True,
"roads('RD0212',) geometry",True,Valid Geometry
"roads('RD0213',) vertex ordering",True,
"roads('RD0213',) geometry",True,Valid Geometry
"roads('RD0214',) vertex ordering",True,
"roads('RD0214',) geometry",True,Valid Geometry
"roads('RD0215',) vertex ordering",True,
"roads('RD0215',) geometry",True,Valid Geometry
"roads('RD0216',) vertex ordering",True,
"roads('RD0216',) geometry",True,Valid Geometry
"roads('RD0217',) vertex ordering",True,
"roads('RD0217',) geometry",True,Valid Geometry
"roads('RD0218',) vertex ordering",True,
"roads('RD0218',) geometry",True,Valid Geometry
"roads('RD0219',) vertex ordering",True,
"roads('RD0219',) geometry",True,Valid Geometry
"roads('RD0220',) vertex ordering",True,
"roads('RD0220',) geometry",True,Valid Geometry
"roads('RD0221',) vertex ordering",True,
"roads('RD0221',) geometry",True,Valid Geometry
"roads('RD0222',) vertex ordering",True,
"roads('RD0222',) geometry",True,Valid Geometry
"roads('RD0223',) vertex ordering",True,
"roads('RD0223',) geometry",True,Valid Geometry
"roads('RD0224',) vertex ordering",True,
"roads('RD0224',) geometry",True,Valid Geometry
"roads('RD0225',) vertex ordering",True,
"roads('RD0225',) geometry",True,Valid Geometry
"roads('RD0226',) vertex ordering",True,
"roads('RD0226',) geometry",True,Valid Geometry
"roads('RD0227',) vertex ordering",True,
"roads('RD0227',) geometry",True,Valid Geometry
"roads('RD0228',) vertex ordering",True,
"roads('RD0228',) geometry",True,Valid Geometry
"roads('RD0229',) vertex ordering",True,
"roads('RD0229',) geometry",True,Valid Geometry
"roads('RD0230',) vertex ordering",True,
"roads('RD0230',) geometry",True,Valid Geometry
"roads('RD0231',) vertex ordering",True,
"roads('RD0231',) geometry",True,Valid Geometry
"roads('RD0232',) vertex ordering",True,
"roads('RD0232',) geometry",True,Valid Geometry
"roads('RD0233',) vertex ordering",True,
"roads('RD0233',) geometry",True,Valid Geometry
"roads('RD0234',) vertex ordering",True,
"roads('RD0234',) geometry",True,Valid Geometry
"roads('RD0235',) vertex ordering",True,
"roads('RD0235',) geometry",True,Valid Geometry
"roads('RD0236',) vertex ordering",True,
"roads('RD0236',) geometry",True,Valid Geometry
"roads('RD0237',) vertex ordering",True,
"roads('RD0237',) geometry",True,Valid Geometry
"roads('RD0238',) vertex ordering",True,
"roads('RD0238',) geometry",True,Valid Geometry
"roads('RD0239',) vertex ordering",True,
"roads('RD0239',) geometry",True,Valid Geometry
"roads('RD0240',) vertex ordering",True,
"roads('RD0240',) geometry",True,Valid Geometry
"roads('RD0241',) vertex ordering",True,
"roads('RD0241',) geometry",True,Valid Geometry
"roads('RD0242',) vertex ordering",True,
"roads('RD0242',) geometry",True,Valid Geometry
"roads('RD0243',) vertex ordering",True,
"roads('RD0243',) geometry",True,Valid Geometry
"roads('RD0244',) vertex ordering",True,
"roads('RD0244',) geometry",True,Valid Geometry
"roads('RD0245',) vertex ordering",True,
"roads('RD0245',) geometry",True,Valid Geometry
"roads('RD0246',) vertex ordering",True,
"roads('RD0246',) geometry",True,Valid Geometry
"roads('RD0247',) vertex ordering",True,
"roads('RD0247',) geometry",True,Valid Geometry
"roads('RD0248',) vertex ordering",True,
"roads('RD0248',) geometry",True,Valid Geometry
"roads('RD0249',) vertex ordering",True,
"roads('RD0249',) geometry",True,Valid Geometry
"roads('RD0250',) vertex ordering",True,
"roads('RD0250',) geometry",True,Valid Geometry
"roads('RD0251',) vertex ordering",True,
"roads('RD0251',) geometry",True,Valid Geometry
"roads('RD0252',) vertex ordering",True,
"roads('RD0252',) geometry",True,Valid Geometry
"roads('RD0253',) vertex ordering",True,
"roads('RD0253',) geometry",True,Valid Geometry
"roads('RD0254',) vertex ordering",True,
"roads('RD0254',) geometry",True,Valid Geometry
"roads('RD0255',) vertex ordering",True,
"roads('RD0255',) geometry",True,Valid Geometry
"roads('RD0256',) vertex ordering",True,
"roads('RD0256',) geometry",True,Valid Geometry
"roads('RD0257',) vertex ordering",True,
"roads('RD0257',) geometry",True,Valid Geometry
"roads('RD0258',) vertex ordering",True,
"roads('RD0258',) geometry",True,Valid Geometry
"roads('RD0259',) vertex ordering",True,
"roads('RD0259',) geometry",True,Valid Geometry
"roads('RD0260',) vertex ordering",True,
"roads('RD0260',) geometry",True,Valid Geometry
"roads('RD0261',) vertex ordering",True,
"roads('RD0261',) geometry",True,Valid Geometry
"roads('RD0262',) vertex ordering",True,
"roads('RD0262',) geometry",True,Valid Geometry
"roads('RD0263',) vertex ordering",True,
"roads('RD0263',) geometry",True,Valid Geometry
"roads('RD0264',) vertex ordering",True,
"roads('RD0264',) geometry",True,Valid Geometry
"roads('RD0265',) vertex ordering",True,
"roads('RD0265',) geometry",True,Valid Geometry
"roads('RD0266',) vertex ordering",True,
"roads('RD0266',) geometry",True,Valid Geometry
"roads('RD0267',) vertex ordering",True,
"roads('RD0267',) geometry",True,Valid Geometry
"roads('RD0268',) vertex ordering",True,
"roads('RD0268',) geometry",True,Valid Geometry
"roads('RD0269',) vertex ordering",True,
"roads('RD0269',) geometry",True,Valid Geometry
"roads('RD0270',) vertex ordering",True,
"roads('RD0270',) geometry",True,Valid Geometry
"roads('RD0271',) vertex ordering",True,
"roads('RD0271',) geometry",True,Valid Geometry
"roads('RD0272',) vertex ordering",True,
"roads('RD0272',) geometry",True,Valid Geometry
"roads('RD0273',) vertex ordering",True,
"roads('RD0273',) geometry",True,Valid Geometry
"roads('RD0274',) vertex ordering",True,
"roads('RD0274',) geometry",True,Valid Geometry
"roads('RD0275',) vertex ordering",True,
"roads('RD0275',) geometry",True,Valid Geometry
"roads('RD0276',) vertex ordering",True,
"roads('RD0276',) geometry",True,Valid Geometry
"roads('RD0277',) vertex ordering",True,
"roads('RD0277',) geometry",True,Valid Geometry
"roads('RD0278',) vertex ordering",True,
"roads('RD0278',) geometry",True,Valid Geometry
"roads('RD0279',) vertex ordering",True,
"roads('RD0279',) geometry",True,Valid Geometry
"roads('RD0280',) vertex ordering",True,
"roads('RD0280',) geometry",True,Valid Geometry
"roads('RD0281',) vertex ordering",True,
"roads('RD0281',) geometry",True,Valid Geometry
"roads('RD0282',) vertex ordering",True,
"roads('RD0282',) geometry",True,Valid Geometry
"roads('RD0283',) vertex ordering",True,
"roads('RD0283',) geometry",True,Valid Geometry
"roads('RD0284',) vertex ordering",True,
"roads('RD0284',) geometry",True,Valid Geometry
"roads('RD0285',) vertex ordering",True,
"roads('RD0285',) geometry",True,Valid Geometry
"roads('RD0286',) vertex ordering",True,
"roads('RD0286',) geometry",True,Valid Geometry
"roads('RD0287',) vertex ordering",True,
"roads('RD0287',) geometry",True,Valid Geometry
"roads('RD0288',) vertex ordering",True,
"roads('RD0288',) geometry",True,Valid Geometry
"roads('RD0289',) vertex ordering",True,
"roads('RD0289',) geometry",True,Valid Geometry
"roads('RD0290',) vertex ordering",True,
"roads('RD0290',) geometry",True,Valid Geometry
"roads('RD0291',) vertex ordering",True,
"roads('RD0291',) geometry",True,Valid Geometry
"roads('RD0292',) vertex ordering",True,
"roads('RD0292',) geometry",True,Valid Geometry
"roads('RD0293',) vertex ordering",True,
"roads('RD0293',) geometry",True,Valid Geometry
"roads('RD0294',) vertex ordering",True,
"roads('RD0294',) geometry",True,Valid Geometry
"roads('RD0295',) vertex ordering",True,
"roads('RD0295',) geometry",True,Valid Geometry
"roads('RD0296',) vertex ordering",True,
"roads('RD0296',) geometry",True,Valid Geometry
"roads('RD0297',) vertex ordering",True,
"roads('RD0297',) geometry",True,Valid Geometry
"roads('RD0298',) vertex ordering",True,
"roads('RD0298',) geometry",True,Valid Geometry
"roads('RD0299',) vertex ordering",True,
"roads('RD0299',) geometry",True,Valid Geometry
"roads('RD0300',) vertex ordering",True,
"roads('RD0300',) geometry",True,Valid Geometry
"roads('RD0301',) vertex ordering",True,
"roads('RD0301',) geometry",True,Valid Geometry
"roads('RD0302',) vertex ordering",True,
"roads('RD0302',) geometry",True,Valid Geometry
"roads('RD0303',) vertex ordering",True,
"roads('RD0303',) geometry",True,Valid Geometry
"roads('RD0304',) vertex ordering",True,
"roads('RD0304',) geometry",True,Valid Geometry
"roads('RD0305',) vertex ordering",True,
"roads('RD0305',) geometry",True,Valid Geometry
"roads('RD0306',) vertex ordering",True,
"roads('RD0306',) geometry",True,Valid Geometry
"roads('RD0307',) vertex ordering",True,
"roads('RD0307',) geometry",True,Valid Geometry
"roads('RD0308',) vertex ordering",True,
"roads('RD0308',) geometry",True,Valid Geometry
"roads('RD0309',) vertex ordering",True,
"roads('RD0309',) geometry",True,Valid Geometry
"roads('RD0310',) vertex ordering",True,
"roads('RD0310',) geometry",True,Valid Geometry
"roads('RD0311',) vertex ordering",True,
"roads('RD0311',) geometry",True,Valid Geometry
"roads('RD0312',) vertex ordering",True,
"roads('RD0312',) geometry",True,Valid Geometry
"roads('RD0313',) vertex ordering",True,
"roads('RD0313',) geometry",True,Valid Geometry
"roads('RD0314',) vertex ordering",True,
"roads('RD0314',) geometry",True,Valid Geometry
"roads('RD0315',) vertex ordering",True,
"roads('RD0315',) geometry",True,Valid Geometry
"roads('RD0316',) vertex ordering",True,
"roads('RD0316',) geometry",True,Valid Geometry
"roads('RD0317',) vertex ordering",True,
"roads('RD0317',) geometry",True,Valid Geometry
"roads('RD0318',) vertex ordering",True,
"roads('RD0318',) geometry",True,Valid Geometry
"roads('RD0319',) vertex ordering",True,
"roads('RD0319',) geometry",True,Valid Geometry
"roads('RD0320',) vertex ordering",True,
"roads('RD0320',) geometry",True,Valid Geometry
"roads('RD0321',) vertex ordering",True,
"roads('RD0321',) geometry",True,Valid Geometry
"roads('RD0322',) vertex ordering",True,
"roads('RD0322',) geometry",True,Valid Geometry
"roads('RD0323',) vertex ordering",True,
"roads('RD0323',) geometry",True,Valid Geometry
"roads('RD0324',) vertex ordering",True,
"roads('RD0324',) geometry",True,Valid Geometry
"roads('RD0325',) vertex ordering",True,
"roads('RD0325',) geometry",True,Valid Geometry
"roads('RD0326',) vertex ordering",True,
"roads('RD0326',) geometry",True,Valid Geometry
"roads('RD0327',) vertex ordering",True,
"roads('RD0327',) geometry",True,Valid Geometry
"roads('RD0328',) vertex ordering",True,
"roads('RD0328',) geometry",True,Valid Geometry
"roads('RD0329',) vertex ordering",True,
"roads('RD0329',) geometry",True,Valid Geometry
"roads('RD0330',) vertex ordering",True,
"roads('RD0330',) geometry",True,Valid Geometry
"roads('RD0331',) vertex ordering",True,
"roads('RD0331',) geometry",True,Valid Geometry
"roads('RD0332',) vertex ordering",True,
"roads('RD0332',) geometry",True,Valid Geometry
"roads('RD0333',) vertex ordering",True,
"roads('RD0333',) geometry",True,Valid Geometry
"roads('RD0334',) vertex ordering",True,
"roads('RD0334',) geometry",True,Valid Geometry
"roads('RD0335',) vertex ordering",True,
"roads('RD0335',) geometry",True,Valid Geometry
"roads('RD0336',) vertex ordering",True,
"roads('RD0336',) geometry",True,Valid Geometry
"roads('RD0337',) vertex ordering",True,
"roads('RD0337',) geometry",True,Valid Geometry
"roads('RD0338',) vertex ordering",True,
"roads('RD0338',) geometry",True,Valid Geometry
"roads('RD0339',) vertex ordering",True,
"roads('RD0339',) geometry",True,Valid Geometry
"roads('RD0340',) vertex ordering",True,
"roads('RD0340',) geometry",True,Valid Geometry
"roads('RD0341',) vertex ordering",True,
"roads('RD0341',) geometry",True,Valid Geometry
"roads('RD0342',) vertex ordering",True,
"roads('RD0342',) geometry",True,Valid Geometry
"roads('RD0343',) vertex ordering",True,
"roads('RD0343',) geometry",True,Valid Geometry
"roads('RD0344',) vertex ordering",True,
"roads('RD0344',) geometry",True,Valid Geometry
"roads('RD0345',) vertex ordering",True,
"roads('RD0345',) geometry",True,Valid Geometry
"roads('RD0346',) vertex ordering",True,
"roads('RD0346',) geometry",True,Valid Geometry
"roads('RD0347',) vertex ordering",True,
"roads('RD0347',) geometry",True,Valid Geometry
"roads('RD0348',) vertex ordering",True,
"roads('RD0348',) geometry",True,Valid Geometry
"roads('RD0349',) vertex ordering",True,
"roads('RD0349',) geometry",True,Valid Geometry
"roads('RD0350',) vertex ordering",True,
"roads('RD0350',) geometry",True,Valid Geometry
"roads('RD0351',) vertex ordering",True,
"roads('RD0351',) geometry",True,Valid Geometry
"roads('RD0352',) vertex ordering",True,
"roads('RD0352',) geometry",True,Valid Geometry
"roads('RD0353',) vertex ordering",True,
"roads('RD0353',) geometry",True,Valid Geometry
"roads('RD0354',) vertex ordering",True,
"roads('RD0354',) geometry",True,Valid Geometry
"roads('RD0355',) vertex ordering",True,
"roads('RD0355',) geometry",True,Valid Geometry
"roads('RD0356',) vertex ordering",True,
"roads('RD0356',) geometry",True,Valid Geometry
"roads('RD0357',) vertex ordering",True,
"roads('RD0357',) geometry",True,Valid Geometry
"roads('RD0358',) vertex ordering",True,
"roads('RD0358',) geometry",True,Valid Geometry
"roads('RD0359',) vertex ordering",True,
"roads('RD0359',) geometry",True,Valid Geometry
"roads('RD0360',) vertex ordering",True,
"roads('RD0360',) geometry",True,Valid Geometry
"roads('RD0361',) vertex ordering",True,
"roads('RD0361',) geometry",True,Valid Geometry
"roads('RD0362',) vertex ordering",True,
"roads('RD0362',) geometry",True,Valid Geometry
"roads('RD0363',) vertex ordering",True,
"roads('RD0363',) geometry",True,Valid Geometry
"roads('RD0364',) vertex ordering",True,
"roads('RD0364',) geometry",True,Valid Geometry
"roads('RD0365',) vertex ordering",True,
"roads('RD0365',) geometry",True,Valid Geometry
"roads('RD0366',) vertex ordering",True,
"roads('RD0366',) geometry",True,Valid Geometry
"roads('RD0367',) vertex ordering",True,
"roads('RD0367',) geometry",True,Valid Geometry
"roads('RD0368',) vertex ordering",True,
"roads('RD0368',) geometry",True,Valid Geometry
"roads('RD0369',) vertex ordering",True,
"roads('RD0369',) geometry",True,Valid Geometry
"roads('RD0370',) vertex ordering",True,
"roads('RD0370',) geometry",True,Valid Geometry
"roads('RD0371',) vertex ordering",True,
"roads('RD0371',) geometry",True,Valid Geometry
"roads('RD0372',) vertex ordering",True,
"roads('RD0372',) geometry",True,Valid Geometry
"roads('RD0373',) vertex ordering",True,
"roads('RD0373',) geometry",True,Valid Geometry
"roads('RD0374',) vertex ordering",True,
"roads('RD0374',) geometry",True,Valid Geometry
"roads('RD0375',) vertex ordering",True,
"roads('RD0375',) geometry",True,Valid Geometry
"roads('RD0376',) vertex ordering",True,
"roads('RD0376',) geometry",True,Valid Geometry
"roads('RD0377',) vertex ordering",True,
"roads('RD0377',) geometry",True,Valid Geometry
"roads('RD0378',) vertex ordering",True,
"roads('RD0378',) geometry",True,Valid Geometry
"roads('RD0379',) vertex ordering",True,
"roads('RD0379',) geometry",True,Valid Geometry
"roads('RD0380',) vertex ordering",True,
"roads('RD0380',) geometry",True,Valid Geometry
"roads('RD0381',) vertex ordering",True,
"roads('RD0381',) geometry",True,Valid Geometry
"roads('RD0382',) vertex ordering",True,
"roads('RD0382',) geometry",True,Valid Geometry
"roads('RD0383',) vertex ordering",True,
"roads('RD0383',) geometry",True,Valid Geometry
"roads('RD0384',) vertex ordering",True,
"roads('RD0384',) geometry",True,Valid Geometry
"roads('RD0385',) vertex ordering",True,
"roads('RD0385',) geometry",True,Valid Geometry
"roads('RD0386',) vertex ordering",True,
"roads('RD0386',) geometry",True,Valid Geometry
"roads('RD0387',) vertex ordering",True,
"roads('RD0387',) geometry",True,Valid Geometry
"roads('RD0388',) vertex ordering",True,
"roads('RD0388',) geometry",True,Valid Geometry
"roads('RD0389',) vertex ordering",True,
"roads('RD0389',) geometry",True,Valid Geometry
"roads('RD0390',) vertex ordering",True,
"roads('RD0390',) geometry",True,Valid Geometry
"roads('RD0391',) vertex ordering",True,
"roads('RD0391',) geometry",True,Valid Geometry
"roads('RD0392',) vertex ordering",True,
"roads('RD0392',) geometry",True,Valid Geometry
"roads('RD0393',) vertex ordering",True,
"roads('RD0393',) geometry",True,Valid Geometry
"roads('RD0394',) vertex ordering",True,
"roads('RD0394',) geometry",True,Valid Geometry
"roads('RD0395',) vertex ordering",True,
"roads('RD0395',) geometry",True,Valid Geometry
"roads('RD0396',) vertex ordering",True,
"roads('RD0396',) geometry",True,Valid Geometry
"roads('RD0397',) vertex ordering",True,
"roads('RD0397',) geometry",True,Valid Geometry
"roads('RD0398',) vertex ordering",True,
"roads('RD0398',) geometry",True,Valid Geometry
"roads('RD0399',) vertex ordering",True,
"roads('RD0399',) geometry",True,Valid Geometry
"roads('RD0400',) vertex ordering",True,
"roads('RD0400',) geometry",True,Valid Geometry
"roads('RD0401',) vertex ordering",True,
"roads('RD0401',) geometry",True,Valid Geometry
"roads('RD0402',) vertex ordering",True,
"roads('RD0402',) geometry",True,Valid Geometry
"roads('RD0403',) vertex ordering",True,
"roads('RD0403',) geometry",True,Valid Geometry
"roads('RD0404',) vertex ordering",True,
"roads('RD0404',) geometry",True,Valid Geometry
"roads('RD0405',) vertex ordering",True,
"roads('RD0405',) geometry",True,Valid Geometry
"roads('RD0406',) vertex ordering",True,
"roads('RD0406',) geometry",True,Valid Geometry
"roads('RD0407',) vertex ordering",True,
"roads('RD0407',) geometry",True,Valid Geometry
"roads('RD0408',) vertex ordering",True,
"roads('RD0408',) geometry",True,Valid Geometry
"roads('RD0409',) vertex ordering",True,
"roads('RD0409',) geometry",True,Valid Geometry
"roads('RD0410',) vertex ordering",True,
"roads('RD0410',) geometry",True,Valid Geometry
"roads('RD0411',) vertex ordering",True,
"roads('RD0411',) geometry",True,Valid Geometry
"roads('RD0412',) vertex ordering",True,
"roads('RD0412',) geometry",True,Valid Geometry
"roads('RD0413',) vertex ordering",True,
"roads('RD0413',) geometry",True,Valid Geometry
"roads('RD0414',) vertex ordering",True,
"roads('RD0414',) geometry",True,Valid Geometry
"roads('RD0415',) vertex ordering",True,
"roads('RD0415',) geometry",True,Valid Geometry
"roads('RD0416',) vertex ordering",True,
"roads('RD0416',) geometry",True,Valid Geometry
"roads('RD0417',) vertex ordering",True,
"roads('RD0417',) geometry",True,Valid Geometry
"roads('RD0418',) vertex ordering",True,
"roads('RD0418',) geometry",True,Valid Geometry
"roads('RD0419',) vertex ordering",True,
"roads('RD0419',) geometry",True,Valid Geometry
"roads('RD0420',) vertex ordering",True,
"roads('RD0420',) geometry",True,Valid Geometry
"roads('RD0421',) vertex ordering",True,
"roads('RD0421',) geometry",True,Valid Geometry
"roads('RD0422',) vertex ordering",True,
"roads('RD0422',) geometry",True,Valid Geometry
"roads('RD0423',) vertex ordering",True,
"roads('RD0423',) geometry",True,Valid Geometry
"roads('RD0424',) vertex ordering",True,
"roads('RD0424',) geometry",True,Valid Geometry
"roads('RD0425',) vertex ordering",True,
"roads('RD0425',) geometry",True,Valid Geometry
"roads('RD0426',) vertex ordering",True,
"roads('RD0426',) geometry",True,Valid Geometry
"roads('RD0427',) vertex ordering",True,
"roads('RD0427',) geometry",True,Valid Geometry
"roads('RD0428',) vertex ordering",True,
"roads('RD0428',) geometry",True,Valid Geometry
"roads('RD0429',) vertex ordering",True,
"roads('RD0429',) geometry",True,Valid Geometry
"roads('RD0430',) vertex ordering",True,
"roads('RD0430',) geometry",True,Valid Geometry
"roads('RD0431',) vertex ordering",True,
"roads('RD0431',) geometry",True,Valid Geometry
"roads('RD0432',) vertex ordering",True,
"roads('RD0432',) geometry",True,Valid Geometry
"roads('RD0433',) vertex ordering",True,
"roads('RD0433',) geometry",True,Valid Geometry
"roads('RD0434',) vertex ordering",True,
"roads('RD0434',) geometry",True,Valid Geometry
"roads('RD0435',) vertex ordering",True,
"roads('RD0435',) geometry",True,Valid Geometry
"roads('RD0436',) vertex ordering",True,
"roads('RD0436',) geometry",True,Valid Geometry
"roads('RD0437',) vertex ordering",True,
"roads('RD0437',) geometry",True,Valid Geometry
"roads('RD0438',) vertex ordering",True,
"roads('RD0438',) geometry",True,Valid Geometry
"roads('RD0439',) vertex ordering",True,
"roads('RD0439',) geometry",True,Valid Geometry
"roads('RD0440',) vertex ordering",True,
"roads('RD0440',) geometry",True,Valid Geometry
"roads('RD0441',) vertex ordering",True,
"roads('RD0441',) geometry",True,Valid Geometry
"roads('RD0442',) vertex ordering",True,
"roads('RD0442',) geometry",True,Valid Geometry
"roads('RD0443',) vertex ordering",True,
"roads('RD0443',) geometry",True,Valid Geometry
"roads('RD0444',) vertex ordering",True,
"roads('RD0444',) geometry",True,Valid Geometry
"roads('RD0445',) vertex ordering",True,
"roads('RD0445',) geometry",True,Valid Geometry
"roads('RD0446',) vertex ordering",True,
"roads('RD0446',) geometry",True,Valid Geometry
"roads('RD0447',) vertex ordering",True,
"roads('RD0447',) geometry",True,Valid Geometry
"roads('RD0448',) vertex ordering",True,
"roads('RD0448',) geometry",True,Valid Geometry
"roads('RD0449',) vertex ordering",True,
"roads('RD0449',) geometry",True,Valid Geometry
"roads('RD0450',) vertex ordering",True,
"roads('RD0450',) geometry",True,Valid Geometry
"roads('RD0451',) vertex ordering",True,
"roads('RD0451',) geometry",True,Valid Geometry
"roads('RD0452',) vertex ordering",True,
"roads('RD0452',) geometry",True,Valid Geometry
"roads('RD0453',) vertex ordering",True,
"roads('RD0453',) geometry",True,Valid Geometry
"roads('RD0454',) vertex ordering",True,
"roads('RD0454',) geometry",True,Valid Geometry
"roads('RD0455',) vertex ordering",True,
"roads('RD0455',) geometry",True,Valid Geometry
"roads('RD0456',) vertex ordering",True,
"roads('RD0456',) geometry",True,Valid Geometry
"roads('RD0457',) vertex ordering",True,
"roads('RD0457',) geometry",True,Valid Geometry
"roads('RD0458',) vertex ordering",True,
"roads('RD0458',) geometry",True,Valid Geometry
"roads('RD0459',) vertex ordering",True,
"roads('RD0459',) geometry",True,Valid Geometry
"roads('RD0460',) vertex ordering",True,
"roads('RD0460',) geometry",True,Valid Geometry
"roads('RD0461',) vertex ordering",True,
"roads('RD0461',) geometry",True,Valid Geometry
"roads('RD0462',) vertex ordering",True,
"roads('RD0462',) geometry",True,Valid Geometry
"roads('RD0463',) vertex ordering",True,
"roads('RD0463',) geometry",True,Valid Geometry
"roads('RD0464',) vertex ordering",True,
"roads('RD0464',) geometry",True,Valid Geometry
"roads('RD0465',) vertex ordering",True,
"roads('RD0465',) geometry",True,Valid Geometry
"roads('RD0466',) vertex ordering",True,
"roads('RD0466',) geometry",True,Valid Geometry
"roads('RD0467',) vertex ordering",True,
"roads('RD0467',) geometry",True,Valid Geometry
"roads('RD0468',) vertex ordering",True,
"roads('RD0468',) geometry",True,Valid Geometry
"roads('RD0469',) vertex ordering",True,
"roads('RD0469',) geometry",True,Valid Geometry
"roads('RD0470',) vertex ordering",True,
"roads('RD0470',) geometry",True,Valid Geometry
"roads('RD0471',) vertex ordering",True,
"roads('RD0471',) geometry",True,Valid Geometry
"roads('RD0472',) vertex ordering",True,
"roads('RD0472',) geometry",True,Valid Geometry
"roads('RD0473',) vertex ordering",True,
"roads('RD0473',) geometry",True,Valid Geometry
"roads('RD0474',) vertex ordering",True,
"roads('RD0474',) geometry",True,Valid Geometry
"roads('RD0475',) vertex ordering",True,
"roads('RD0475',) geometry",True,Valid Geometry
"roads('RD0476',) vertex ordering",True,
"roads('RD0476',) geometry",True,Valid Geometry
"roads('RD0477',) vertex ordering",True,
"roads('RD0477',) geometry",True,Valid Geometry
"roads('RD0478',) vertex ordering",True,
"roads('RD0478',) geometry",True,Valid Geometry
"roads('RD0479',) vertex ordering",True,
"roads('RD0479',) geometry",True,Valid Geometry
"roads('RD0480',) vertex ordering",True,
"roads('RD0480',) geometry",True,Valid Geometry
"roads('RD0481',) vertex ordering",True,
"roads('RD0481',) geometry",True,Valid Geometry
"roads('RD0482',) vertex ordering",True,
"roads('RD0482',) geometry",True,Valid Geometry
"roads('RD0483',) vertex ordering",True,
"roads('RD0483',) geometry",True,Valid Geometry
"roads('RD0484',) vertex ordering",True,
"roads('RD0484',) geometry",True,Valid Geometry
"roads('RD0485',) vertex ordering",True,
"roads('RD0485',) geometry",True,Valid Geometry
"roads('RD0486',) vertex ordering",True,
"roads('RD0486',) geometry",True,Valid Geometry
"roads('RD0487',) vertex ordering",True,
"roads('RD0487',) geometry",True,Valid Geometry
"roads('RD0488',) vertex ordering",True,
"roads('RD0488',) geometry",True,Valid Geometry
"roads('RD0489',) vertex ordering",True,
"roads('RD0489',) geometry",True,Valid Geometry
"roads('RD0490',) vertex ordering",True,
"roads('RD0490',) geometry",True,Valid Geometry
"roads('RD0491',) vertex ordering",True,
"roads('RD0491',) geometry",True,Valid Geometry
"roads('RD0492',) vertex ordering",True,
"roads('RD0492',) geometry",True,Valid Geometry
"roads('RD0493',) vertex ordering",True,
"roads('RD0493',) geometry",True,Valid Geometry
"roads('RD0494',) vertex ordering",True,
"roads('RD0494',) geometry",True,Valid Geometry
"roads('RD0495',) vertex ordering",True,
"roads('RD0495',) geometry",True,Valid Geometry
"roads('RD0496',) vertex ordering",True,
"roads('RD0496',) geometry",True,Valid Geometry
"roads('RD0497',) vertex ordering",True,
"roads('RD0497',) geometry",True,Valid Geometry
"roads('RD0498',) vertex ordering",True,
"roads('RD0498',) geometry",True,Valid Geometry
"roads('RD0499',) vertex ordering",True,
"roads('RD0499',) geometry",True,Valid Geometry
"roads('RD0500',) vertex ordering",True,
"roads('RD0500',) geometry",True,Valid Geometry
"roads('RD0501',) vertex ordering",True,
"roads('RD0501',) geometry",True,Valid Geometry
"roads('RD0502',) vertex ordering",True,
"roads('RD0502',) geometry",True,Valid Geometry
"roads('RD0503',) vertex ordering",True,
"roads('RD0503',) geometry",True,Valid Geometry
"roads('RD0504',) vertex ordering",True,
"roads('RD0504',) geometry",True,Valid Geometry
"roads('RD0505',) vertex ordering",True,
"roads('RD0505',) geometry",True,Valid Geometry
"roads('RD0506',) vertex ordering",True,
"roads('RD0506',) geometry",True,Valid Geometry
"roads('RD0507',) vertex ordering",True,
"roads('RD0507',) geometry",True,Valid Geometry
"roads('RD0508',) vertex ordering",True,
"roads('RD0508',) geometry",True,Valid Geometry
"roads('RD0509',) vertex ordering",True,
"roads('RD0509',) geometry",True,Valid Geometry
"roads('RD0510',) vertex ordering",True,
"roads('RD0510',) geometry",True,Valid Geometry
"roads('RD0511',) vertex ordering",True,
"roads('RD0511',) geometry",True,Valid Geometry
"roads('RD0512',) vertex ordering",True,
"roads('RD0512',) geometry",True,Valid Geometry
"roads('RD0513',) vertex ordering",True,
"roads('RD0513',) geometry",True,Valid Geometry
"roads('RD0514',) vertex ordering",True,
"roads('RD0514',) geometry",True,Valid Geometry
"roads('RD0515',) vertex ordering",True,
"roads('RD0515',) geometry",True,Valid Geometry
"roads('RD0516',) vertex ordering",True,
"roads('RD0516',) geometry",True,Valid Geometry
"roads('RD0517',) vertex ordering",True,
"roads('RD0517',) geometry",True,Valid Geometry
"roads('RD0518',) vertex ordering",True,
"roads('RD0518',) geometry",True,Valid Geometry
"roads('RD0519',) vertex ordering",True,
"roads('RD0519',) geometry",True,Valid Geometry
"roads('RD0520',) vertex ordering",True,
"roads('RD0520',) geometry",True,Valid Geometry
"roads('RD0521',) vertex ordering",True,
"roads('RD0521',) geometry",True,Valid Geometry
"roads('RD0522',) vertex ordering",True,
"roads('RD0522',) geometry",True,Valid Geometry
"roads('RD0523',) vertex ordering",True,
"roads('RD0523',) geometry",True,Valid Geometry
"roads('RD0524',) vertex ordering",True,
"roads('RD0524',) geometry",True,Valid Geometry
"roads('RD0525',) vertex ordering",True,
"roads('RD0525',) geometry",True,Valid Geometry
"roads('RD0526',) vertex ordering",True,
"roads('RD0526',) geometry",True,Valid Geometry
"roads('RD0527',) vertex ordering",True,
"roads('RD0527',) geometry",True,Valid Geometry
"roads('RD0528',) vertex ordering",True,
"roads('RD0528',) geometry",True,Valid Geometry
"roads('RD0529',) vertex ordering",True,
"roads('RD0529',) geometry",True,Valid Geometry
"roads('RD0530',) vertex ordering",True,
"roads('RD0530',) geometry",True,Valid Geometry
"roads('RD0531',) vertex ordering",True,
"roads('RD0531',) geometry",True,Valid Geometry
"roads('RD0532',) vertex ordering",True,
"roads('RD0532',) geometry",True,Valid Geometry
"roads('RD0533',) vertex ordering",True,
"roads('RD0533',) geometry",True,Valid Geometry
"roads('RD0534',) vertex ordering",True,
"roads('RD0534',) geometry",True,Valid Geometry
"roads('RD0535',) vertex ordering",True,
"roads('RD0535',) geometry",True,Valid Geometry
"roads('RD0536',) vertex ordering",True,
"roads('RD0536',) geometry",True,Valid Geometry
"roads('RD0537',) vertex ordering",True,
"roads('RD0537',) geometry",True,Valid Geometry
"roads('RD0538',) vertex ordering",True,
"roads('RD0538',) geometry",True,Valid Geometry
"roads('RD0539',) vertex ordering",True,
"roads('RD0539',) geometry",True,Valid Geometry
"roads('RD0540',) vertex ordering",True,
"roads('RD0540',) geometry",True,Valid Geometry
"roads('RD0541',) vertex ordering",True,
"roads('RD0541',) geometry",True,Valid Geometry
"roads('RD0542',) vertex ordering",True,
"roads('RD0542',) geometry",True,Valid Geometry
"roads('RD0543',) vertex ordering",True,
"roads('RD0543',) geometry",True,Valid Geometry
"roads('RD0544',) vertex ordering",True,
"roads('RD0544',) geometry",True,Valid Geometry
"roads('RD0545',) vertex ordering",True,
"roads('RD0545',) geometry",True,Valid Geometry
"roads('RD0546',) vertex ordering",True,
"roads('RD0546',) geometry",True,Valid Geometry
"roads('RD0547',) vertex ordering",True,
"roads('RD0547',) geometry",True,Valid Geometry
"roads('RD0548',) vertex ordering",True,
"roads('RD0548',) geometry",True,Valid Geometry
"roads('RD0549',) vertex ordering",True,
"roads('RD0549',) geometry",True,Valid Geometry
"roads('RD0550',) vertex ordering",True,
"roads('RD0550',) geometry",True,Valid Geometry
"roads('RD0551',) vertex ordering",True,
"roads('RD0551',) geometry",True,Valid Geometry
"roads('RD0552',) vertex ordering",True,
"roads('RD0552',) geometry",True,Valid Geometry
"roads('RD0553',) vertex ordering",True,
"roads('RD0553',) geometry",True,Valid Geometry
"roads('RD0554',) vertex ordering",True,
"roads('RD0554',) geometry",True,Valid Geometry
"roads('RD0555',) vertex ordering",True,
"roads('RD0555',) geometry",True,Valid Geometry
"roads('RD0556',) vertex ordering",True,
"roads('RD0556',) geometry",True,Valid Geometry
"roads('RD0557',) vertex ordering",True,
"roads('RD0557',) geometry",True,Valid Geometry
"roads('RD0558',) vertex ordering",True,
"roads('RD0558',) geometry",True,Valid Geometry
"roads('RD0559',) vertex ordering",True,
"roads('RD0559',) geometry",True,Valid Geometry
"roads('RD0560',) vertex ordering",True,
"roads('RD0560',) geometry",True,Valid Geometry
"roads('RD0561',) vertex ordering",True,
"roads('RD0561',) geometry",True,Valid Geometry
"roads('RD0562',) vertex ordering",True,
"roads('RD0562',) geometry",True,Valid Geometry
"roads('RD0563',) vertex ordering",True,
"roads('RD0563',) geometry",True,Valid Geometry
"roads('RD0564',) vertex ordering",True,
"roads('RD0564',) geometry",True,Valid Geometry
"roads('RD0565',) vertex ordering",True,
"roads('RD0565',) geometry",True,Valid Geometry
"roads('RD0566',) vertex ordering",True,
"roads('RD0566',) geometry",True,Valid Geometry
"roads('RD0567',) vertex ordering",True,
"roads('RD0567',) geometry",True,Valid Geometry
"roads('RD0568',) vertex ordering",True,
"roads('RD0568',) geometry",True,Valid Geometry
"roads('RD0569',) vertex ordering",True,
"roads('RD0569',) geometry",True,Valid Geometry
"roads('RD0570',) vertex ordering",True,
"roads('RD0570',) geometry",True,Valid Geometry
"roads('RD0571',) vertex ordering",True,
"roads('RD0571',) geometry",True,Valid Geometry
"roads('RD0572',) vertex ordering",True,
"roads('RD0572',) geometry",True,Valid Geometry
"roads('RD0573',) vertex ordering",True,
"roads('RD0573',) geometry",True,Valid Geometry
"roads('RD0574',) vertex ordering",True,
"roads('RD0574',) geometry",True,Valid Geometry
"roads('RD0575',) vertex ordering",True,
"roads('RD0575',) geometry",True,Valid Geometry
"roads('RD0576',) vertex ordering",True,
"roads('RD0576',) geometry",True,Valid Geometry
"roads('RD0577',) vertex ordering",True,
"roads('RD0577',) geometry",True,Valid Geometry
"roads('RD0578',) vertex ordering",True,
"roads('RD0578',) geometry",True,Valid Geometry
"roads('RD0579',) vertex ordering",True,
"roads('RD0579',) geometry",True,Valid Geometry
"roads('RD0580',) vertex ordering",True,
"roads('RD0580',) geometry",True,Valid Geometry
"roads('RD0581',) vertex ordering",True,
"roads('RD0581',) geometry",True,Valid Geometry
"roads('RD0582',) vertex ordering",True,
"roads('RD0582',) geometry",True,Valid Geometry
"roads('RD0583',) vertex ordering",True,
"roads('RD0583',) geometry",True,Valid Geometry
"roads('RD0584',) vertex ordering",True,
"roads('RD0584',) geometry",True,Valid Geometry
"roads('RD0585',) vertex ordering",True,
"roads('RD0585',) geometry",True,Valid Geometry
"roads('RD0586',) vertex ordering",True,
"roads('RD0586',) geometry",True,Valid Geometry
"roads('RD0587',) vertex ordering",True,
"roads('RD0587',) geometry",True,Valid Geometry
"roads('RD0588',) vertex ordering",True,
"roads('RD0588',) geometry",True,Valid Geometry
"roads('RD0589',) vertex ordering",True,
"roads('RD0589',) geometry",True,Valid Geometry
"roads('RD0590',) vertex ordering",True,
"roads('RD0590',) geometry",True,Valid Geometry
"roads('RD0591',) vertex ordering",True,
"roads('RD0591',) geometry",True,Valid Geometry
"roads('RD0592',) vertex ordering",True,
"roads('RD0592',) geometry",True,Valid Geometry
"roads('RD0593',) vertex ordering",True,
"roads('RD0593',) geometry",True,Valid Geometry
"roads('RD0594',) vertex ordering",True,
"roads('RD0594',) geometry",True,Valid Geometry
"roads('RD0595',) vertex ordering",True,
"roads('RD0595',) geometry",True,Valid Geometry
"roads('RD0596',) vertex ordering",True,
"roads('RD0596',) geometry",True,Valid Geometry
"roads('RD0597',) vertex ordering",True,
"roads('RD0597',) geometry",True,Valid Geometry
"roads('RD0598',) vertex ordering",True,
"roads('RD0598',) geometry",True,Valid Geometry
"roads('RD0599',) vertex ordering",True,
"roads('RD0599',) geometry",True,Valid Geometry
"roads('RD0600',) vertex ordering",True,
"roads('RD0600',) geometry",True,Valid Geometry
"roads('RD0601',) vertex ordering",True,
"roads('RD0601',) geometry",True,Valid Geometry
"roads('RD0602',) vertex ordering",True,
"roads('RD0602',) geometry",True,Valid Geometry
"roads('RD0603',) vertex ordering",True,
"roads('RD0603',) geometry",True,Valid Geometry
"roads('RD0604',) vertex ordering",True,
"roads('RD0604',) geometry",True,Valid Geometry
"roads('RD0605',) vertex ordering",True,
"roads('RD0605',) geometry",True,Valid Geometry
"roads('RD0606',) vertex ordering",True,
"roads('RD0606',) geometry",True,Valid Geometry
"roads('RD0607',) vertex ordering",True,
"roads('RD0607',) geometry",True,Valid Geometry
"roads('RD0608',) vertex ordering",True,
"roads('RD0608',) geometry",True,Valid Geometry
"roads('RD0609',) vertex ordering",True,
"roads('RD0609',) geometry",True,Valid Geometry
"roads('RD0610',) vertex ordering",True,
"roads('RD0610',) geometry",True,Valid Geometry
"roads('RD0611',) vertex ordering",True,
"roads('RD0611',) geometry",True,Valid Geometry
"roads('RD0612',) vertex ordering",True,
"roads('RD0612',) geometry",True,Valid Geometry
"roads('RD0613',) vertex ordering",True,
"roads('RD0613',) geometry",True,Valid Geometry
"roads('RD0614',) vertex ordering",True,
"roads('RD0614',) geometry",True,Valid Geometry
"roads('RD0615',) vertex ordering",True,
"roads('RD0615',) geometry",True,Valid Geometry
"roads('RD0616',) vertex ordering",True,
"roads('RD0616',) geometry",True,Valid Geometry
"roads('RD0617',) vertex ordering",True,
"roads('RD0617',) geometry",True,Valid Geometry
"roads('RD0618',) vertex ordering",True,
"roads('RD0618',) geometry",True,Valid Geometry
"roads('RD0619',) vertex ordering",True,
"roads('RD0619',) geometry",True,Valid Geometry
"roads('RD0620',) vertex ordering",True,
"roads('RD0620',) geometry",True,Valid Geometry
"roads('RD0621',) vertex ordering",True,
"roads('RD0621',) geometry",True,Valid Geometry
"roads('RD0622',) vertex ordering",True,
"roads('RD0622',) geometry",True,Valid Geometry
"roads('RD0623',) vertex ordering",True,
"roads('RD0623',) geometry",True,Valid Geometry
"roads('RD0624',) vertex ordering",True,
"roads('RD0624',) geometry",True,Valid Geometry
"roads('RD0625',) vertex ordering",True,
"roads('RD0625',) geometry",True,Valid Geometry
"roads('RD0626',) vertex ordering",True,
"roads('RD0626',) geometry",True,Valid Geometry
"roads('RD0627',) vertex ordering",True,
"roads('RD0627',) geometry",True,Valid Geometry
"roads('RD0628',) vertex ordering",True,
"roads('RD0628',) geometry",True,Valid Geometry
"roads('RD0629',) vertex ordering",True,
"roads('RD0629',) geometry",True,Valid Geometry
"roads('RD0630',) vertex ordering",True,
"roads('RD0630',) geometry",True,Valid Geometry
"roads('RD0631',) vertex ordering",True,
"roads('RD0631',) geometry",True,Valid Geometry
"roads('RD0632',) vertex ordering",True,
"roads('RD0632',) geometry",True,Valid Geometry
"roads('RD0633',) vertex ordering",True,
"roads('RD0633',) geometry",True,Valid Geometry
"roads('RD0634',) vertex ordering",True,
"roads('RD0634',) geometry",True,Valid Geometry
"roads('RD0635',) vertex ordering",True,
"roads('RD0635',) geometry",True,Valid Geometry
"roads('RD0636',) vertex ordering",True,
"roads('RD0636',) geometry",True,Valid Geometry
"roads('RD0637',) vertex ordering",True,
"roads('RD0637',) geometry",True,Valid Geometry
"roads('RD0638',) vertex ordering",True,
"roads('RD0638',) geometry",True,Valid Geometry
"roads('RD0639',) vertex ordering",True,
"roads('RD0639',) geometry",True,Valid Geometry
"roads('RD0640',) vertex ordering",True,
"roads('RD0640',) geometry",True,Valid Geometry
"roads('RD0641',) vertex ordering",True,
"roads('RD0641',) geometry",True,Valid Geometry
"roads('RD0642',) vertex ordering",True,
"roads('RD0642',) geometry",True,Valid Geometry
"roads('RD0643',) vertex ordering",True,
"roads('RD0643',) geometry",True,Valid Geometry
"roads('RD0644',) vertex ordering",True,
"roads('RD0644',) geometry",True,Valid Geometry
"roads('RD0645',) vertex ordering",True,
"roads('RD0645',) geometry",True,Valid Geometry
"roads('RD0646',) vertex ordering",True,
"roads('RD0646',) geometry",True,Valid Geometry
"roads('RD0647',) vertex ordering",True,
"roads('RD0647',) geometry",True,Valid Geometry
"roads('RD0648',) vertex ordering",True,
"roads('RD0648',) geometry",True,Valid Geometry
"roads('RD0649',) vertex ordering",True,
"roads('RD0649',) geometry",True,Valid Geometry
"roads('RD0650',) vertex ordering",True,
"roads('RD0650',) geometry",True,Valid Geometry
"roads('RD0651',) vertex ordering",True,
"roads('RD0651',) geometry",True,Valid Geometry
"roads('RD0652',) vertex ordering",True,
"roads('RD0652',) geometry",True,Valid Geometry
"roads('RD0653',) vertex ordering",True,
"roads('RD0653',) geometry",True,Valid Geometry
"roads('RD0654',) vertex ordering",True,
"roads('RD0654',) geometry",True,Valid Geometry
"roads('RD0655',) vertex ordering",True,
"roads('RD0655',) geometry",True,Valid Geometry
"roads('RD0656',) vertex ordering",True,
"roads('RD0656',) geometry",True,Valid Geometry
"roads('RD0657',) vertex ordering",True,
"roads('RD0657',) geometry",True,Valid Geometry
"roads('RD0658',) vertex ordering",True,
"roads('RD0658',) geometry",True,Valid Geometry
"roads('RD0659',) vertex ordering",True,
"roads('RD0659',) geometry",True,Valid Geometry
"roads('RD0660',) vertex ordering",True,
"roads('RD0660',) geometry",True,Valid Geometry
"roads('RD0661',) vertex ordering",True,
"roads('RD0661',) geometry",True,Valid Geometry
"roads('RD0662',) vertex ordering",True,
"roads('RD0662',) geometry",True,Valid Geometry
"roads('RD0663',) vertex ordering",True,
"roads('RD0663',) geometry",True,Valid Geometry
"roads('RD0664',) vertex ordering",True,
"roads('RD0664',) geometry",True,Valid Geometry
"roads('RD0665',) vertex ordering",True,
"roads('RD0665',) geometry",True,Valid Geometry
"roads('RD0666',) vertex ordering",True,
"roads('RD0666',) geometry",True,Valid Geometry
"roads('RD0667',) vertex ordering",True,
"roads('RD0667',) geometry",True,Valid Geometry
"roads('RD0668',) vertex ordering",True,
"roads('RD0668',) geometry",True,Valid Geometry
"roads('RD0669',) vertex ordering",True,
"roads('RD0669',) geometry",True,Valid Geometry
"roads('RD0670',) vertex ordering",True,
"roads('RD0670',) geometry",True,Valid Geometry
"roads('RD0671',) vertex ordering",True,
"roads('RD0671',) geometry",True,Valid Geometry
"roads('RD0672',) vertex ordering",True,
"roads('RD0672',) geometry",True,Valid Geometry
"roads('RD0673',) vertex ordering",True,
"roads('RD0673',) geometry",True,Valid Geometry
"roads('RD0674',) vertex ordering",True,
"roads('RD0674',) geometry",True,Valid Geometry
"roads('RD0675',) vertex ordering",True,
"roads('RD0675',) geometry",True,Valid Geometry
"roads('RD0676',) vertex ordering",True,
"roads('RD0676',) geometry",True,Valid Geometry
"roads('RD0677',) vertex ordering",True,
"roads('RD0677',) geometry",True,Valid Geometry
"roads('RD0678',) vertex ordering",True,
"roads('RD0678',) geometry",True,Valid Geometry
"roads('RD0679',) vertex ordering",True,
"roads('RD0679',) geometry",True,Valid Geometry
"roads('RD0680',) vertex ordering",True,
"roads('RD0680',) geometry",True,Valid Geometry
"roads('RD0681',) vertex ordering",True,
"roads('RD0681',) geometry",True,Valid Geometry
"roads('RD0682',) vertex ordering",True,
"roads('RD0682',) geometry",True,Valid Geometry
"roads('RD0683',) vertex ordering",True,
"roads('RD0683',) geometry",True,Valid Geometry
"roads('RD0684',) vertex ordering",True,
"roads('RD0684',) geometry",True,Valid Geometry
"roads('RD0685',) vertex ordering",True,
"roads('RD0685',) geometry",True,Valid Geometry
"roads('RD0686',) vertex ordering",True,
"roads('RD0686',) geometry",True,Valid Geometry
"roads('RD0687',) vertex ordering",True,
"roads('RD0687',) geometry",True,Valid Geometry
"roads('RD0688',) vertex ordering",True,
"roads('RD0688',) geometry",True,Valid Geometry
"roads('RD0689',) vertex ordering",True,
"roads('RD0689',) geometry",True,Valid Geometry
"roads('RD0690',) vertex ordering",True,
"roads('RD0690',) geometry",True,Valid Geometry
"roads('RD0691',) vertex ordering",True,
"roads('RD0691',) geometry",True,Valid Geometry
"roads('RD0692',) vertex ordering",True,
"roads('RD0692',) geometry",True,Valid Geometry
"roads('RD0693',) vertex ordering",True,
"roads('RD0693',) geometry",True,Valid Geometry
"roads('RD0694',) vertex ordering",True,
"roads('RD0694',) geometry",True,Valid Geometry
"roads('RD0695',) vertex ordering",True,
"roads('RD0695',) geometry",True,Valid Geometry
"roads('RD0696',) vertex ordering",True,
"roads('RD0696',) geometry",True,Valid Geometry
"roads('RD0697',) vertex ordering",True,
"roads('RD0697',) geometry",True,Valid Geometry
"roads('RD0698',) vertex ordering",True,
"roads('RD0698',) geometry",True,Valid Geometry
"roads('RD0699',) vertex ordering",True,
"roads('RD0699',) geometry",True,Valid Geometry
"roads('RD0700',) vertex ordering",True,
"roads('RD0700',) geometry",True,Valid Geometry
"roads('RD0701',) vertex ordering",True,
"roads('RD0701',) geometry",True,Valid Geometry
"roads('RD0702',) vertex ordering",True,
"roads('RD0702',) geometry",True,Valid Geometry
"roads('RD0703',) vertex ordering",True,
"roads('RD0703',) geometry",True,Valid Geometry
"roads('RD0704',) vertex ordering",True,
"roads('RD0704',) geometry",True,Valid Geometry
"roads('RD0705',) vertex ordering",True,
"roads('RD0705',) geometry",True,Valid Geometry
"roads('RD0706',) vertex ordering",True,
"roads('RD0706',) geometry",True,Valid Geometry
"roads('RD0707',) vertex ordering",True,
"roads('RD0707',) geometry",True,Valid Geometry
"roads('RD0708',) vertex ordering",True,
"roads('RD0708',) geometry",True,Valid Geometry
"roads('RD0709',) vertex ordering",True,
"roads('RD0709',) geometry",True,Valid Geometry
"roads('RD0710',) vertex ordering",True,
"roads('RD0710',) geometry",True,Valid Geometry
"roads('RD0711',) vertex ordering",True,
"roads('RD0711',) geometry",True,Valid Geometry
"roads('RD0712',) vertex ordering",True,
"roads('RD0712',) geometry",True,Valid Geometry
"roads('RD0713',) vertex ordering",True,
"roads('RD0713',) geometry",True,Valid Geometry
"roads('RD0714',) vertex ordering",True,
"roads('RD0714',) geometry",True,Valid Geometry
"roads('RD0715',) vertex ordering",True,
"roads('RD0715',) geometry",True,Valid Geometry
"roads('RD0716',) vertex ordering",True,
"roads('RD0716',) geometry",True,Valid Geometry
"roads('RD0717',) vertex ordering",True,
"roads('RD0717',) geometry",True,Valid Geometry
"roads('RD0718',) vertex ordering",True,
"roads('RD0718',) geometry",True,Valid Geometry
"roads('RD0719',) vertex ordering",True,
"roads('RD0719',) geometry",True,Valid Geometry
"roads('RD0720',) vertex ordering",True,
"roads('RD0720',) geometry",True,Valid Geometry
"roads('RD0721',) vertex ordering",True,
"roads('RD0721',) geometry",True,Valid Geometry
"roads('RD0722',) vertex ordering",True,
"roads('RD0722',) geometry",True,Valid Geometry
"roads('RD0723',) vertex ordering",True,
"roads('RD0723',) geometry",True,Valid Geometry
"roads('RD0724',) vertex ordering",True,
"roads('RD0724',) geometry",True,Valid Geometry
"roads('RD0725',) vertex ordering",True,
"roads('RD0725',) geometry",True,Valid Geometry
"roads('RD0726',) vertex ordering",True,
"roads('RD0726',) geometry",True,Valid Geometry
"roads('RD0727',) vertex ordering",True,
"roads('RD0727',) geometry",True,Valid Geometry
"roads('RD0728',) vertex ordering",True,
"roads('RD0728',) geometry",True,Valid Geometry
"roads('RD0729',) vertex ordering",True,
"roads('RD0729',) geometry",True,Valid Geometry
"roads('RD0730',) vertex ordering",True,
"roads('RD0730',) geometry",True,Valid Geometry
"roads('RD0731',) vertex ordering",True,
"roads('RD0731',) geometry",True,Valid Geometry
"roads('RD0732',) vertex ordering",True,
"roads('RD0732',) geometry",True,Valid Geometry
"roads('RD0733',) vertex ordering",True,
"roads('RD0733',) geometry",True,Valid Geometry
"roads('RD0734',) vertex ordering",True,
"roads('RD0734',) geometry",True,Valid Geometry
"roads('RD0735',) vertex ordering",True,
"roads('RD0735',) geometry",True,Valid Geometry
"roads('RD0736',) vertex ordering",True,
"roads('RD0736',) geometry",True,Valid Geometry
"roads('RD0737',) vertex ordering",True,
"roads('RD0737',) geometry",True,Valid Geometry
"roads('RD0738',) vertex ordering",True,
"roads('RD0738',) geometry",True,Valid Geometry
"roads('RD0739',) vertex ordering",True,
"roads('RD0739',) geometry",True,Valid Geometry
"roads('RD0740',) vertex ordering",True,
"roads('RD0740',) geometry",True,Valid Geometry
"roads('RD0741',) vertex ordering",True,
"roads('RD0741',) geometry",True,Valid Geometry
"roads('RD0742',) vertex ordering",True,
"roads('RD0742',) geometry",True,Valid Geometry
"roads('RD0743',) vertex ordering",True,
"roads('RD0743',) geometry",True,Valid Geometry
"roads('RD0744',) vertex ordering",True,
"roads('RD0744',) geometry",True,Valid Geometry
"roads('RD0745',) vertex ordering",True,
"roads('RD0745',) geometry",True,Valid Geometry
"roads('RD0746',) vertex ordering",True,
"roads('RD0746',) geometry",True,Valid Geometry
"roads('RD0747',) vertex ordering",True,
"roads('RD0747',) geometry",True,Valid Geometry
"roads('RD0748',) vertex ordering",True,
"roads('RD0748',) geometry",True,Valid Geometry
"roads('RD0749',) vertex ordering",True,
"roads('RD0749',) geometry",True,Valid Geometry
"roads('RD0750',) vertex ordering",True,
"roads('RD0750',) geometry",True,Valid Geometry
"roads('RD0751',) vertex ordering",True,
"roads('RD0751',) geometry",True,Valid Geometry
"roads('RD0752',) vertex ordering",True,
"roads('RD0752',) geometry",True,Valid Geometry
"roads('RD0753',) vertex ordering",True,
"roads('RD0753',) geometry",True,Valid Geometry
"roads('RD0754',) vertex ordering",True,
"roads('RD0754',) geometry",True,Valid Geometry
"roads('RD0755',) vertex ordering",True,
"roads('RD0755',) geometry",True,Valid Geometry
"roads('RD0756',) vertex ordering",True,
"roads('RD0756',) geometry",True,Valid Geometry
"roads('RD0757',) vertex ordering",True,
"roads('RD0757',) geometry",True,Valid Geometry
"roads('RD0758',) vertex ordering",True,
"roads('RD0758',) geometry",True,Valid Geometry
"roads('RD0759',) vertex ordering",True,
"roads('RD0759',) geometry",True,Valid Geometry
"roads('RD0760',) vertex ordering",True,
"roads('RD0760',) geometry",True,Valid Geometry
"roads('RD0761',) vertex ordering",True,
"roads('RD0761',) geometry",True,Valid Geometry
"roads('RD0762',) vertex ordering",True,
"roads('RD0762',) geometry",True,Valid Geometry
"roads('RD0763',) vertex ordering",True,
"roads('RD0763',) geometry",True,Valid Geometry
"roads('RD0764',) vertex ordering",True,
"roads('RD0764',) geometry",True,Valid Geometry
"roads('RD0765',) vertex ordering",True,
"roads('RD0765',) geometry",True,Valid Geometry
"roads('RD0766',) vertex ordering",True,
"roads('RD0766',) geometry",True,Valid Geometry
"roads('RD0767',) vertex ordering",True,
"roads('RD0767',) geometry",True,Valid Geometry
"roads('RD0768',) vertex ordering",True,
"roads('RD0768',) geometry",True,Valid Geometry
"roads('RD0769',) vertex ordering",True,
"roads('RD0769',) geometry",True,Valid Geometry
"roads('RD0770',) vertex ordering",True,
"roads('RD0770',) geometry",True,Valid Geometry
"roads('RD0771',) vertex ordering",True,
"roads('RD0771',) geometry",True,Valid Geometry
"roads('RD0772',) vertex ordering",True,
"roads('RD0772',) geometry",True,Valid Geometry
"roads('RD0773',) vertex ordering",True,
"roads('RD0773',) geometry",True,Valid Geometry
"roads('RD0774',) vertex ordering",True,
"roads('RD0774',) geometry",True,Valid Geometry
"roads('RD0775',) vertex ordering",True,
"roads('RD0775',) geometry",True,Valid Geometry
"roads('RD0776',) vertex ordering",True,
"roads('RD0776',) geometry",True,Valid Geometry
"roads('RD0777',) vertex ordering",True,
"roads('RD0777',) geometry",True,Valid Geometry
"roads('RD0778',) vertex ordering",True,
"roads('RD0778',) geometry",True,Valid Geometry
"roads('RD0779',) vertex ordering",True,
"roads('RD0779',) geometry",True,Valid Geometry
"roads('RD0780',) vertex ordering",True,
"roads('RD0780',) geometry",True,Valid Geometry
"roads('RD0781',) vertex ordering",True,
"roads('RD0781',) geometry",True,Valid Geometry
"roads('RD0782',) vertex ordering",True,
"roads('RD0782',) geometry",True,Valid Geometry
"roads('RD0783',) vertex ordering",True,
"roads('RD0783',) geometry",True,Valid Geometry
"roads('RD0784',) vertex ordering",True,
"roads('RD0784',) geometry",True,Valid Geometry
"roads('RD0785',) vertex ordering",True,
"roads('RD0785',) geometry",True,Valid Geometry
"roads('RD0786',) vertex ordering",True,
"roads('RD0786',) geometry",True,Valid Geometry
"roads('RD0787',) vertex ordering",True,
"roads('RD0787',) geometry",True,Valid Geometry
"roads('RD0788',) vertex ordering",True,
"roads('RD0788',) geometry",True,Valid Geometry
"roads('RD0789',) vertex ordering",True,
"roads('RD0789',) geometry",True,Valid Geometry
"roads('RD0790',) vertex ordering",True,
"roads('RD0790',) geometry",True,Valid Geometry
"roads('RD0791',) vertex ordering",True,
"roads('RD0791',) geometry",True,Valid Geometry
"roads('RD0792',) vertex ordering",True,
"roads('RD0792',) geometry",True,Valid Geometry
"roads('RD0793',) vertex ordering",True,
"roads('RD0793',) geometry",True,Valid Geometry
"roads('RD0794',) vertex ordering",True,
"roads('RD0794',) geometry",True,Valid Geometry
"roads('RD0795',) vertex ordering",True,
"roads('RD0795',) geometry",True,Valid Geometry
"roads('RD0796',) vertex ordering",True,
"roads('RD0796',) geometry",True,Valid Geometry
"roads('RD0797',) vertex ordering",True,
"roads('RD0797',) geometry",True,Valid Geometry
"roads('RD0798',) vertex ordering",True,
"roads('RD0798',) geometry",True,Valid Geometry
"roads('RD0799',) vertex ordering",True,
"roads('RD0799',) geometry",True,Valid Geometry
"roads('RD0800',) vertex ordering",True,
"roads('RD0800',) geometry",True,Valid Geometry
"roads('RD0801',) vertex ordering",True,
"roads('RD0801',) geometry",True,Valid Geometry
"roads('RD0802',) vertex ordering",True,
"roads('RD0802',) geometry",True,Valid Geometry
"roads('RD0803',) vertex ordering",True,
"roads('RD0803',) geometry",True,Valid Geometry
"roads('RD0804',) vertex ordering",True,
"roads('RD0804',) geometry",True,Valid Geometry
"roads('RD0805',) vertex ordering",True,
"roads('RD0805',) geometry",True,Valid Geometry
"roads('RD0806',) vertex ordering",True,
"roads('RD0806',) geometry",True,Valid Geometry
"roads('RD0807',) vertex ordering",True,
"roads('RD0807',) geometry",True,Valid Geometry
"roads('RD0808',) vertex ordering",True,
"roads('RD0808',) geometry",True,Valid Geometry
"roads('RD0809',) vertex ordering",True,
"roads('RD0809',) geometry",True,Valid Geometry
"roads('RD0810',) vertex ordering",True,
"roads('RD0810',) geometry",True,Valid Geometry
"roads('RD0811',) vertex ordering",True,
"roads('RD0811',) geometry",True,Valid Geometry
"roads('RD0812',) vertex ordering",True,
"roads('RD0812',) geometry",True,Valid Geometry
"roads('RD0813',) vertex ordering",True,
"roads('RD0813',) geometry",True,Valid Geometry
"roads('RD0814',) vertex ordering",True,
"roads('RD0814',) geometry",True,Valid Geometry
"roads('RD0815',) vertex ordering",True,
"roads('RD0815',) geometry",True,Valid Geometry
"roads('RD0816',) vertex ordering",True,
"roads('RD0816',) geometry",True,Valid Geometry
"roads('RD0817',) vertex ordering",True,
"roads('RD0817',) geometry",True,Valid Geometry
"roads('RD0818',) vertex ordering",True,
"roads('RD0818',) geometry",True,Valid Geometry
"roads('RD0819',) vertex ordering",True,
"roads('RD0819',) geometry",True,Valid Geometry
"roads('RD0820',) vertex ordering",True,
"roads('RD0820',) geometry",True,Valid Geometry
"roads('RD0821',) vertex ordering",True,
"roads('RD0821',) geometry",True,Valid Geometry
"roads('RD0822',) vertex ordering",True,
"roads('RD0822',) geometry",True,Valid Geometry
"roads('RD0823',) vertex ordering",True,
"roads('RD0823',) geometry",True,Valid Geometry
"roads('RD0824',) vertex ordering",True,
"roads('RD0824',) geometry",True,Valid Geometry
"roads('RD0825',) vertex ordering",True,
"roads('RD0825',) geometry",True,Valid Geometry
"roads('RD0826',) vertex ordering",True,
"roads('RD0826',) geometry",True,Valid Geometry
"roads('RD0827',) vertex ordering",True,
"roads('RD0827',) geometry",True,Valid Geometry
"roads('RD0828',) vertex ordering",True,
"roads('RD0828',) geometry",True,Valid Geometry
"roads('RD0829',) vertex ordering",True,
"roads('RD0829',) geometry",True,Valid Geometry
"roads('RD0830',) vertex ordering",True,
"roads('RD0830',) geometry",True,Valid Geometry
"roads('RD0831',) vertex ordering",True,
"roads('RD0831',) geometry",True,Valid Geometry
"roads('RD0832',) vertex ordering",True,
"roads('RD0832',) geometry",True,Valid Geometry
"roads('RD0833',) vertex ordering",True,
"roads('RD0833',) geometry",True,Valid Geometry
"roads('RD0834',) vertex ordering",True,
"roads('RD0834',) geometry",True,Valid Geometry
"roads('RD0835',) vertex ordering",True,
"roads('RD0835',) geometry",True,Valid Geometry
"roads('RD0836',) vertex ordering",True,
"roads('RD0836',) geometry",True,Valid Geometry
"roads('RD0837',) vertex ordering",True,
"roads('RD0837',) geometry",True,Valid Geometry
"roads('RD0838',) vertex ordering",True,
"roads('RD0838',) geometry",True,Valid Geometry
"roads('RD0839',) vertex ordering",True,
"roads('RD0839',) geometry",True,Valid Geometry
"roads('RD0840',) vertex ordering",True,
"roads('RD0840',) geometry",True,Valid Geometry
"roads('RD0841',) vertex ordering",True,
"roads('RD0841',) geometry",True,Valid Geometry
"roads('RD0842',) vertex ordering",True,
"roads('RD0842',) geometry",True,Valid Geometry
"roads('RD0843',) vertex ordering",True,
"roads('RD0843',) geometry",True,Valid Geometry
"roads('RD0844',) vertex ordering",True,
"roads('RD0844',) geometry",True,Valid Geometry
"roads('RD0845',) vertex ordering",True,
"roads('RD0845',) geometry",True,Valid Geometry
"roads('RD0846',) vertex ordering",True,
"roads('RD0846',) geometry",True,Valid Geometry
"roads('RD0847',) vertex ordering",True,
"roads('RD0847',) geometry",True,Valid Geometry
"roads('RD0848',) vertex ordering",True,
"roads('RD0848',) geometry",True,Valid Geometry
"roads('RD0849',) vertex ordering",True,
"roads('RD0849',) geometry",True,Valid Geometry
"roads('RD0850',) vertex ordering",True,
"roads('RD0850',) geometry",True,Valid Geometry
"roads('RD0851',) vertex ordering",True,
"roads('RD0851',) geometry",True,Valid Geometry
"roads('RD0852',) vertex ordering",True,
"roads('RD0852',) geometry",True,Valid Geometry
"roads('RD0853',) vertex ordering",True,
"roads('RD0853',) geometry",True,Valid Geometry
"roads('RD0854',) vertex ordering",True,
"roads('RD0854',) geometry",True,Valid Geometry
"roads('RD0855',) vertex ordering",True,
"roads('RD0855',) geometry",True,Valid Geometry
"roads('RD0856',) vertex ordering",True,
"roads('RD0856',) geometry",True,Valid Geometry
"roads('RD0857',) vertex ordering",True,
"roads('RD0857',) geometry",True,Valid Geometry
"roads('RD0858',) vertex ordering",True,
"roads('RD0858',) geometry",True,Valid Geometry
"roads('RD0859',) vertex ordering",True,
"roads('RD0859',) geometry",True,Valid Geometry
"roads('RD0860',) vertex ordering",True,
"roads('RD0860',) geometry",True,Valid Geometry
"roads('RD0861',) vertex ordering",True,
"roads('RD0861',) geometry",True,Valid Geometry
"roads('RD0862',) vertex ordering",True,
"roads('RD0862',) geometry",True,Valid Geometry
"roads('RD0863',) vertex ordering",True,
"roads('RD0863',) geometry",True,Valid Geometry
"roads('RD0864',) vertex ordering",True,
"roads('RD0864',) geometry",True,Valid Geometry
"roads('RD0865',) vertex ordering",True,
"roads('RD0865',) geometry",True,Valid Geometry
"roads('RD0866',) vertex ordering",True,
"roads('RD0866',) geometry",True,Valid Geometry
"roads('RD0867',) vertex ordering",True,
"roads('RD0867',) geometry",True,Valid Geometry
"roads('RD0868',) vertex ordering",True,
"roads('RD0868',) geometry",True,Valid Geometry
"roads('RD0869',) vertex ordering",True,
"roads('RD0869',) geometry",True,Valid Geometry
"roads('RD0870',) vertex ordering",True,
"roads('RD0870',) geometry",True,Valid Geometry
"roads('RD0871',) vertex ordering",True,
"roads('RD0871',) geometry",True,Valid Geometry
"roads('RD0872',) vertex ordering",True,
"roads('RD0872',) geometry",True,Valid Geometry
"roads('RD0873',) vertex ordering",True,
"roads('RD0873',) geometry",True,Valid Geometry
"roads('RD0874',) vertex ordering",True,
"roads('RD0874',) geometry",True,Valid Geometry
"roads('RD0875',) vertex ordering",True,
"roads('RD0875',) geometry",True,Valid Geometry
"roads('RD0876',) vertex ordering",True,
"roads('RD0876',) geometry",True,Valid Geometry
"roads('RD0877',) vertex ordering",True,
"roads('RD0877',) geometry",True,Valid Geometry
"roads('RD0878',) vertex ordering",True,
"roads('RD0878',) geometry",True,Valid Geometry
"roads('RD0879',) vertex ordering",True,
"roads('RD0879',) geometry",True,Valid Geometry
"roads('RD0880',) vertex ordering",True,
"roads('RD0880',) geometry",True,Valid Geometry
"roads('RD0881',) vertex ordering",True,
"roads('RD0881',) geometry",True,Valid Geometry
"roads('RD0882',) vertex ordering",True,
"roads('RD0882',) geometry",True,Valid Geometry
"roads('RD0883',) vertex ordering",True,
"roads('RD0883',) geometry",True,Valid Geometry
"roads('RD0884',) vertex ordering",True,
"roads('RD0884',) geometry",True,Valid Geometry
"roads('RD0885',) vertex ordering",True,
"roads('RD0885',) geometry",True,Valid Geometry
"roads('RD0886',) vertex ordering",True,
"roads('RD0886',) geometry",True,Valid Geometry
"roads('RD0887',) vertex ordering",True,
"roads('RD0887',) geometry",True,Valid Geometry
"roads('RD0888',) vertex ordering",True,
"roads('RD0888',) geometry",True,Valid Geometry
"roads('RD0889',) vertex ordering",True,
"roads('RD0889',) geometry",True,Valid Geometry
"roads('RD0890',) vertex ordering",True,
"roads('RD0890',) geometry",True,Valid Geometry
"roads('RD0891',) vertex ordering",True,
"roads('RD0891',) geometry",True,Valid Geometry
"roads('RD0892',) vertex ordering",True,
"roads('RD0892',) geometry",True,Valid Geometry
"roads('RD0893',) vertex ordering",True,
"roads('RD0893',) geometry",True,Valid Geometry
"roads('RD0894',) vertex ordering",True,
"roads('RD0894',) geometry",True,Valid Geometry
"roads('RD0895',) vertex ordering",True,
"roads('RD0895',) geometry",True,Valid Geometry
"roads('RD0896',) vertex ordering",True,
"roads('RD0896',) geometry",True,Valid Geometry
"roads('RD0897',) vertex ordering",True,
"roads('RD0897',) geometry",True,Valid Geometry
"roads('RD0898',) vertex ordering",True,
"roads('RD0898',) geometry",True,Valid Geometry
"roads('RD0899',) vertex ordering",True,
"roads('RD0899',) geometry",True,Valid Geometry
"roads('RD0900',) vertex ordering",True,
"roads('RD0900',) geometry",True,Valid Geometry
"roads('RD0901',) vertex ordering",True,
"roads('RD0901',) geometry",True,Valid Geometry
"roads('RD0902',) vertex ordering",True,
"roads('RD0902',) geometry",True,Valid Geometry
"roads('RD0903',) vertex ordering",True,
"roads('RD0903',) geometry",True,Valid Geometry
"roads('RD0904',) vertex ordering",True,
"roads('RD0904',) geometry",True,Valid Geometry
"roads('RD0905',) vertex ordering",True,
"roads('RD0905',) geometry",True,Valid Geometry
"roads('RD0906',) vertex ordering",True,
"roads('RD0906',) geometry",True,Valid Geometry
"roads('RD0907',) vertex ordering",True,
"roads('RD0907',) geometry",True,Valid Geometry
"roads('RD0908',) vertex ordering",True,
"roads('RD0908',) geometry",True,Valid Geometry
"roads('RD0909',) vertex ordering",True,
"roads('RD0909',) geometry",True,Valid Geometry
"roads('RD0910',) vertex ordering",True,
"roads('RD0910',) geometry",True,Valid Geometry
"roads('RD0911',) vertex ordering",True,
"roads('RD0911',) geometry",True,Valid Geometry
"roads('RD0912',) vertex ordering",True,
"roads('RD0912',) geometry",True,Valid Geometry
"roads('RD0913',) vertex ordering",True,
"roads('RD0913',) geometry",True,Valid Geometry
"roads('RD0914',) vertex ordering",True,
"roads('RD0914',) geometry",True,Valid Geometry
"roads('RD0915',) vertex ordering",True,
"roads('RD0915',) geometry",True,Valid Geometry
"roads('RD0916',) vertex ordering",True,
"roads('RD0916',) geometry",True,Valid Geometry
"roads('RD0917',) vertex ordering",True,
"roads('RD0917',) geometry",True,Valid Geometry
"roads('RD0918',) vertex ordering",True,
"roads('RD0918',) geometry",True,Valid Geometry
"roads('RD0919',) vertex ordering",True,
"roads('RD0919',) geometry",True,Valid Geometry
"roads('RD0920',) vertex ordering",True,
"roads('RD0920',) geometry",True,Valid Geometry
"roads('RD0921',) vertex ordering",True,
"roads('RD0921',) geometry",True,Valid Geometry
"roads('RD0922',) vertex ordering",True,
"roads('RD0922',) geometry",True,Valid Geometry
"roads('RD0923',) vertex ordering",True,
"roads('RD0923',) geometry",True,Valid Geometry
"roads('RD0924',) vertex ordering",True,
"roads('RD0924',) geometry",True,Valid Geometry
"roads('RD0925',) vertex ordering",True,
"roads('RD0925',) geometry",True,Valid Geometry
"roads('RD0926',) vertex ordering",True,
"roads('RD0926',) geometry",True,Valid Geometry
"roads('RD0927',) vertex ordering",True,
"roads('RD0927',) geometry",True,Valid Geometry
"roads('RD0928',) vertex ordering",True,
"roads('RD0928',) geometry",True,Valid Geometry
"roads('RD0929',) vertex ordering",True,
"roads('RD0929',) geometry",True,Valid Geometry
"roads('RD0930',) vertex ordering",True,
"roads('RD0930',) geometry",True,Valid Geometry
"roads('RD0931',) vertex ordering",True,
"roads('RD0931',) geometry",True,Valid Geometry
"roads('RD0932',) vertex ordering",True,
"roads('RD0932',) geometry",True,Valid Geometry
"roads('RD0933',) vertex ordering",True,
"roads('RD0933',) geometry",True,Valid Geometry
"roads('RD0934',) vertex ordering",True,
"roads('RD0934',) geometry",True,Valid Geometry
"roads('RD0935',) vertex ordering",True,
"roads('RD0935',) geometry",True,Valid Geometry
"roads('RD0936',) vertex ordering",True,
"roads('RD0936',) geometry",True,Valid Geometry
"roads('RD0937',) vertex ordering",True,
"roads('RD0937',) geometry",True,Valid Geometry
"roads('RD0938',) vertex ordering",True,
"roads('RD0938',) geometry",True,Valid Geometry
"roads('RD0939',) vertex ordering",True,
"roads('RD0939',) geometry",True,Valid Geometry
"roads('RD0940',) vertex ordering",True,
"roads('RD0940',) geometry",True,Valid Geometry
"roads('RD0941',) vertex ordering",True,
"roads('RD0941',) geometry",True,Valid Geometry
"roads('RD0942',) vertex ordering",True,
"roads('RD0942',) geometry",True,Valid Geometry
"roads('RD0943',) vertex ordering",True,
"roads('RD0943',) geometry",True,Valid Geometry
"roads('RD0944',) vertex ordering",True,
"roads('RD0944',) geometry",True,Valid Geometry
"roads('RD0945',) vertex ordering",True,
"roads('RD0945',) geometry",True,Valid Geometry
"roads('RD0946',) vertex ordering",True,
"roads('RD0946',) geometry",True,Valid Geometry
"roads('RD0947',) vertex ordering",True,
"roads('RD0947',) geometry",True,Valid Geometry
"roads('RD0948',) vertex ordering",True,
"roads('RD0948',) geometry",True,Valid Geometry
"roads('RD0949',) vertex ordering",True,
"roads('RD0949',) geometry",True,Valid Geometry
"roads('RD0950',) vertex ordering",True,
"roads('RD0950',) geometry",True,Valid Geometry
"roads('RD0951',) vertex ordering",True,
"roads('RD0951',) geometry",True,Valid Geometry
"roads('RD0952',) vertex ordering",True,
"roads('RD0952',) geometry",True,Valid Geometry
"roads('RD0953',) vertex ordering",True,
"roads('RD0953',) geometry",True,Valid Geometry
"roads('RD0954',) vertex ordering",True,
"roads('RD0954',) geometry",True,Valid Geometry
"roads('RD0955',) vertex ordering",True,
"roads('RD0955',) geometry",True,Valid Geometry
"roads('RD0956',) vertex ordering",True,
"roads('RD0956',) geometry",True,Valid Geometry
"roads('RD0957',) vertex ordering",True,
"roads('RD0957',) geometry",True,Valid Geometry
"roads('RD0958',) vertex ordering",True,
"roads('RD0958',) geometry",True,Valid Geometry
"roads('RD0959',) vertex ordering",True,
"roads('RD0959',) geometry",True,Valid Geometry
"roads('RD0960',) vertex ordering",True,
"roads('RD0960',) geometry",True,Valid Geometry
"roads('RD0961',) vertex ordering",True,
"roads('RD0961',) geometry",True,Valid Geometry
"roads('RD0962',) vertex ordering",True,
"roads('RD0962',) geometry",True,Valid Geometry
"roads('RD0963',) vertex ordering",True,
"roads('RD0963',) geometry",True,Valid Geometry
"roads('RD0964',) vertex ordering",True,
"roads('RD0964',) geometry",True,Valid Geometry
"roads('RD0965',) vertex ordering",True,
"roads('RD0965',) geometry",True,Valid Geometry
"roads('RD0966',) vertex ordering",True,
"roads('RD0966',) geometry",True,Valid Geometry
"roads('RD0967',) vertex ordering",True,
"roads('RD0967',) geometry",True,Valid Geometry
"roads('RD0968',) vertex ordering",True,
"roads('RD0968',) geometry",True,Valid Geometry
"roads('RD0969',) vertex ordering",True,
"roads('RD0969',) geometry",True,Valid Geometry
"roads('RD0970',) vertex ordering",True,
"roads('RD0970',) geometry",True,Valid Geometry
"roads('RD0971',) vertex ordering",True,
"roads('RD0971',) geometry",True,Valid Geometry
"roads('RD0972',) vertex ordering",True,
"roads('RD0972',) geometry",True,Valid Geometry
"roads('RD0973',) vertex ordering",True,
"roads('RD0973',) geometry",True,Valid Geometry
"roads('RD0974',) vertex ordering",True,
"roads('RD0974',) geometry",True,Valid Geometry
"roads('RD0975',) vertex ordering",True,
"roads('RD0975',) geometry",True,Valid Geometry
"roads('RD0976',) vertex ordering",True,
"roads('RD0976',) geometry",True,Valid Geometry
"roads('RD0977',) vertex ordering",True,
"roads('RD0977',) geometry",True,Valid Geometry
"roads('RD0978',) vertex ordering",True,
"roads('RD0978',) geometry",True,Valid Geometry
"roads('RD0979',) vertex ordering",True,
"roads('RD0979',) geometry",True,Valid Geometry
"roads('RD0980',) vertex ordering",True,
"roads('RD0980',) geometry",True,Valid Geometry
"roads('RD0981',) vertex ordering",True,
"roads('RD0981',) geometry",True,Valid Geometry
"roads('RD0982',) vertex ordering",True,
"roads('RD0982',) geometry",True,Valid Geometry
"roads('RD0983',) vertex ordering",True,
"roads('RD0983',) geometry",True,Valid Geometry
"roads('RD0984',) vertex ordering",True,
"roads('RD0984',) geometry",True,Valid Geometry
"roads('RD0985',) vertex ordering",True,
"roads('RD0985',) geometry",True,Valid Geometry
"roads('RD0986',) vertex ordering",True,
"roads('RD0986',) geometry",True,Valid Geometry
"roads('RD0987',) vertex ordering",True,
"roads('RD0987',) geometry",True,Valid Geometry
"roads('RD0988',) vertex ordering",True,
"roads('RD0988',) geometry",True,Valid Geometry
"roads('RD0989',) vertex ordering",True,
"roads('RD0989',) geometry",True,Valid Geometry
"roads('RD0990',) vertex ordering",True,
"roads('RD0990',) geometry",True,Valid Geometry
"roads('RD0991',) vertex ordering",True,
"roads('RD0991',) geometry",True,Valid Geometry
"roads('RD0992',) vertex ordering",True,
"roads('RD0992',) geometry",True,Valid Geometry
"roads('RD0993',) vertex ordering",True,
"roads('RD0993',) geometry",True,Valid Geometry
"roads('RD0994',) vertex ordering",True,
"roads('RD0994',) geometry",True,Valid Geometry
"roads('RD0995',) vertex ordering",True,
"roads('RD0995',) geometry",True,Valid Geometry
"roads('RD0996',) vertex ordering",True,
"roads('RD0996',) geometry",True,Valid Geometry
"roads('RD0997',) vertex ordering",True,
"roads('RD0997',) geometry",True,Valid Geometry
"roads('RD0998',) vertex ordering",True,
"roads('RD0998',) geometry",True,Valid Geometry
"roads('RD0999',) vertex ordering",True,
"roads('RD0999',) geometry",True,Valid Geometry
"roads('RD1000',) vertex ordering",True,
"roads('RD1000',) geometry",True,Valid Geometry
"roads('RD1001',) vertex ordering",True,
"roads('RD1001',) geometry",True,Valid Geometry
"roads('RD1002',) vertex ordering",True,
"roads('RD1002',) geometry",True,Valid Geometry
"roads('RD1003',) vertex ordering",True,
"roads('RD1003',) geometry",True,Valid Geometry
"roads('RD1004',) vertex ordering",True,
"roads('RD1004',) geometry",True,Valid Geometry
"roads('RD1005',) vertex ordering",True,
"roads('RD1005',) geometry",True,Valid Geometry
"roads('RD1006',) vertex ordering",True,
"roads('RD1006',) geometry",True,Valid Geometry
"roads('RD1007',) vertex ordering",True,
"roads('RD1007',) geometry",True,Valid Geometry
"roads('RD1008',) vertex ordering",True,
"roads('RD1008',) geometry",True,Valid Geometry
"roads('RD1009',) vertex ordering",True,
"roads('RD1009',) geometry",True,Valid Geometry
"roads('RD1010',) vertex ordering",True,
"roads('RD1010',) geometry",True,Valid Geometry
"roads('RD1011',) vertex ordering",True,
"roads('RD1011',) geometry",True,Valid Geometry
"roads('RD1012',) vertex ordering",True,
"roads('RD1012',) geometry",True,Valid Geometry
"roads('RD1013',) vertex ordering",True,
"roads('RD1013',) geometry",True,Valid Geometry
"roads('RD1014',) vertex ordering",True,
"roads('RD1014',) geometry",True,Valid Geometry
"roads('RD1015',) vertex ordering",True,
"roads('RD1015',) geometry",True,Valid Geometry
"roads('RD1016',) vertex ordering",True,
"roads('RD1016',) geometry",True,Valid Geometry
"roads('RD1017',) vertex ordering",True,
"roads('RD1017',) geometry",True,Valid Geometry
"roads('RD1018',) vertex ordering",True,
"roads('RD1018',) geometry",True,Valid Geometry
"roads('RD1019',) vertex ordering",True,
"roads('RD1019',) geometry",True,Valid Geometry
"roads('RD1020',) vertex ordering",True,
"roads('RD1020',) geometry",True,Valid Geometry
"roads('RD1021',) vertex ordering",True,
"roads('RD1021',) geometry",True,Valid Geometry
"roads('RD1022',) vertex ordering",True,
"roads('RD1022',) geometry",True,Valid Geometry
"roads('RD1023',) vertex ordering",True,
"roads('RD1023',) geometry",True,Valid Geometry
"roads('RD1024',) vertex ordering",True,
"roads('RD1024',) geometry",True,Valid Geometry
"roads('RD1025',) vertex ordering",True,
"roads('RD1025',) geometry",True,Valid Geometry
"roads('RD1026',) vertex ordering",True,
"roads('RD1026',) geometry",True,Valid Geometry
"roads('RD1027',) vertex ordering",True,
"roads('RD1027',) geometry",True,Valid Geometry
"roads('RD1028',) vertex ordering",True,
"roads('RD1028',) geometry",True,Valid Geometry
"roads('RD1029',) vertex ordering",True,
"roads('RD1029',) geometry",True,Valid Geometry
"roads('RD1030',) vertex ordering",True,
"roads('RD1030',) geometry",True,Valid Geometry
"roads('RD1031',) vertex ordering",True,
"roads('RD1031',) geometry",True,Valid Geometry
"roads('RD1032',) vertex ordering",True,
"roads('RD1032',) geometry",True,Valid Geometry
"roads('RD1033',) vertex ordering",True,
"roads('RD1033',) geometry",True,Valid Geometry
"roads('RD1034',) vertex ordering",True,
"roads('RD1034',) geometry",True,Valid Geometry
"roads('RD1035',) vertex ordering",True,
"roads('RD1035',) geometry",True,Valid Geometry
"roads('RD1036',) vertex ordering",True,
"roads('RD1036',) geometry",True,Valid Geometry
"roads('RD1037',) vertex ordering",True,
"roads('RD1037',) geometry",True,Valid Geometry
"roads('RD1038',) vertex ordering",True,
"roads('RD1038',) geometry",True,Valid Geometry
"roads('RD1039',) vertex ordering",True,
"roads('RD1039',) geometry",True,Valid Geometry
"roads('RD1040',) vertex ordering",True,
"roads('RD1040',) geometry",True,Valid Geometry
"roads('RD1041',) vertex ordering",True,
"roads('RD1041',) geometry",True,Valid Geometry
"roads('RD1042',) vertex ordering",True,
"roads('RD1042',) geometry",True,Valid Geometry
"roads('RD1043',) vertex ordering",True,
"roads('RD1043',) geometry",True,Valid Geometry
"roads('RD1044',) vertex ordering",True,
"roads('RD1044',) geometry",True,Valid Geometry
"roads('RD1045',) vertex ordering",True,
"roads('RD1045',) geometry",True,Valid Geometry
"roads('RD1046',) vertex ordering",True,
"roads('RD1046',) geometry",True,Valid Geometry
"roads('RD1047',) vertex ordering",True,
"roads('RD1047',) geometry",True,Valid Geometry
"roads('RD1048',) vertex ordering",True,
"roads('RD1048',) geometry",True,Valid Geometry
"roads('RD1049',) vertex ordering",True,
"roads('RD1049',) geometry",True,Valid Geometry
"roads('RD1050',) vertex ordering",True,
"roads('RD1050',) geometry",True,Valid Geometry
"roads('RD1051',) vertex ordering",True,
"roads('RD1051',) geometry",True,Valid Geometry
"roads('RD1052',) vertex ordering",True,
"roads('RD1052',) geometry",True,Valid Geometry
"roads('RD1053',) vertex ordering",True,
"roads('RD1053',) geometry",True,Valid Geometry
"roads('RD1054',) vertex ordering",True,
"roads('RD1054',) geometry",True,Valid Geometry
"roads('RD1055',) vertex ordering",True,
"roads('RD1055',) geometry",True,Valid Geometry
"roads('RD1056',) vertex ordering",True,
"roads('RD1056',) geometry",True,Valid Geometry
"roads('RD1057',) vertex ordering",True,
"roads('RD1057',) geometry",True,Valid Geometry
"roads('RD1058',) vertex ordering",True,
"roads('RD1058',) geometry",True,Valid Geometry
"roads('RD1059',) vertex ordering",True,
"roads('RD1059',) geometry",True,Valid Geometry
"roads('RD1060',) vertex ordering",True,
"roads('RD1060',) geometry",True,Valid Geometry
"roads('RD1061',) vertex ordering",True,
"roads('RD1061',) geometry",True,Valid Geometry
"roads('RD1062',) vertex ordering",True,
"roads('RD1062',) geometry",True,Valid Geometry
"roads('RD1063',) vertex ordering",True,
"roads('RD1063',) geometry",True,Valid Geometry
"roads('RD1064',) vertex ordering",True,
"roads('RD1064',) geometry",True,Valid Geometry
"roads('RD1065',) vertex ordering",True,
"roads('RD1065',) geometry",True,Valid Geometry
"roads('RD1066',) vertex ordering",True,
"roads('RD1066',) geometry",True,Valid Geometry
"roads('RD1067',) vertex ordering",True,
"roads('RD1067',) geometry",True,Valid Geometry
"roads('RD1068',) vertex ordering",True,
"roads('RD1068',) geometry",True,Valid Geometry
"roads('RD1069',) vertex ordering",True,
"roads('RD1069',) geometry",True,Valid Geometry
"roads('RD1070',) vertex ordering",True,
"roads('RD1070',) geometry",True,Valid Geometry
"roads('RD1071',) vertex ordering",True,
"roads('RD1071',) geometry",True,Valid Geometry
"roads('RD1072',) vertex ordering",True,
"roads('RD1072',) geometry",True,Valid Geometry
"roads('RD1073',) vertex ordering",True,
"roads('RD1073',) geometry",True,Valid Geometry
"roads('RD1074',) vertex ordering",True,
"roads('RD1074',) geometry",True,Valid Geometry
"roads('RD1075',) vertex ordering",True,
"roads('RD1075',) geometry",True,Valid Geometry
"roads('RD1076',) vertex ordering",True,
"roads('RD1076',) geometry",True,Valid Geometry
"roads('RD1077',) vertex ordering",True,
"roads('RD1077',) geometry",True,Valid Geometry
"roads('RD1078',) vertex ordering",True,
"roads('RD1078',) geometry",True,Valid Geometry
"roads('RD1079',) vertex ordering",True,
"roads('RD1079',) geometry",True,Valid Geometry
"roads('RD1080',) vertex ordering",True,
"roads('RD1080',) geometry",True,Valid Geometry
"roads('RD1081',) vertex ordering",True,
"roads('RD1081',) geometry",True,Valid Geometry
"roads('RD1082',) vertex ordering",True,
"roads('RD1082',) geometry",True,Valid Geometry
"roads('RD1083',) vertex ordering",True,
"roads('RD1083',) geometry",True,Valid Geometry
"roads('RD1084',) vertex ordering",True,
"roads('RD1084',) geometry",True,Valid Geometry
"roads('RD1085',) vertex ordering",True,
"roads('RD1085',) geometry",True,Valid Geometry
"roads('RD1086',) vertex ordering",True,
"roads('RD1086',) geometry",True,Valid Geometry
"roads('RD1087',) vertex ordering",True,
"roads('RD1087',) geometry",True,Valid Geometry
"roads('RD1088',) vertex ordering",True,
"roads('RD1088',) geometry",True,Valid Geometry
"roads('RD1089',) vertex ordering",True,
"roads('RD1089',) geometry",True,Valid Geometry
"roads('RD1090',) vertex ordering",True,
"roads('RD1090',) geometry",True,Valid Geometry
"roads('RD1091',) vertex ordering",True,
"roads('RD1091',) geometry",True,Valid Geometry
"roads('RD1092',) vertex ordering",True,
"roads('RD1092',) geometry",True,Valid Geometry
"roads('RD1093',) vertex ordering",True,
"roads('RD1093',) geometry",True,Valid Geometry
"roads('RD1094',) vertex ordering",True,
"roads('RD1094',) geometry",True,Valid Geometry
"roads('RD1095',) vertex ordering",True,
"roads('RD1095',) geometry",True,Valid Geometry
"roads('RD1096',) vertex ordering",True,
"roads('RD1096',) geometry",True,Valid Geometry
"roads('RD1097',) vertex ordering",True,
"roads('RD1097',) geometry",True,Valid Geometry
"roads('RD1098',) vertex ordering",True,
"roads('RD1098',) geometry",True,Valid Geometry
"roads('RD1099',) vertex ordering",True,
"roads('RD1099',) geometry",True,Valid Geometry
"roads('RD1100',) vertex ordering",True,
"roads('RD1100',) geometry",True,Valid Geometry
"roads('RD1101',) vertex ordering",True,
"roads('RD1101',) geometry",True,Valid Geometry
"roads('RD1102',) vertex ordering",True,
"roads('RD1102',) geometry",True,Valid Geometry
"roads('RD1103',) vertex ordering",True,
"roads('RD1103',) geometry",True,Valid Geometry
"roads('RD1104',) vertex ordering",True,
"roads('RD1104',) geometry",True,Valid Geometry
"roads('RD1105',) vertex ordering",True,
"roads('RD1105',) geometry",True,Valid Geometry
"roads('RD1106',) vertex ordering",True,
"roads('RD1106',) geometry",True,Valid Geometry
"roads('RD1107',) vertex ordering",True,
"roads('RD1107',) geometry",True,Valid Geometry
"roads('RD1108',) vertex ordering",True,
"roads('RD1108',) geometry",True,Valid Geometry
"roads('RD1109',) vertex ordering",True,
"roads('RD1109',) geometry",True,Valid Geometry
"roads('RD1110',) vertex ordering",True,
"roads('RD1110',) geometry",True,Valid Geometry
"roads('RD1111',) vertex ordering",True,
"roads('RD1111',) geometry",True,Valid Geometry
"roads('RD1112',) vertex ordering",True,
"roads('RD1112',) geometry",True,Valid Geometry
"roads('RD1113',) vertex ordering",True,
"roads('RD1113',) geometry",True,Valid Geometry
"roads('RD1114',) vertex ordering",True,
"roads('RD1114',) geometry",True,Valid Geometry
"roads('RD1115',) vertex ordering",True,
"roads('RD1115',) geometry",True,Valid Geometry
"roads('RD1116',) vertex ordering",True,
"roads('RD1116',) geometry",True,Valid Geometry
"roads('RD1117',) vertex ordering",True,
"roads('RD1117',) geometry",True,Valid Geometry
"roads('RD1118',) vertex ordering",True,
"roads('RD1118',) geometry",True,Valid Geometry
"roads('RD1119',) vertex ordering",True,
"roads('RD1119',) geometry",True,Valid Geometry
"roads('RD1120',) vertex ordering",True,
"roads('RD1120',) geometry",True,Valid Geometry
"roads('RD1121',) vertex ordering",True,
"roads('RD1121',) geometry",True,Valid Geometry
"roads('RD1122',) vertex ordering",True,
"roads('RD1122',) geometry",True,Valid Geometry
"roads('RD1123',) vertex ordering",True,
"roads('RD1123',) geometry",True,Valid Geometry
"roads('RD1124',) vertex ordering",True,
"roads('RD1124',) geometry",True,Valid Geometry
"roads('RD1125',) vertex ordering",True,
"roads('RD1125',) geometry",True,Valid Geometry
"roads('RD1126',) vertex ordering",True,
"roads('RD1126',) geometry",True,Valid Geometry
"roads('RD1127',) vertex ordering",True,
"roads('RD1127',) geometry",True,Valid Geometry
"roads('RD1128',) vertex ordering",True,
"roads('RD1128',) geometry",True,Valid Geometry
"roads('RD1129',) vertex ordering",True,
"roads('RD1129',) geometry",True,Valid Geometry
"roads('RD1130',) vertex ordering",True,
"roads('RD1130',) geometry",True,Valid Geometry
"roads('RD1131',) vertex ordering",True,
"roads('RD1131',) geometry",True,Valid Geometry
"roads('RD1132',) vertex ordering",True,
"roads('RD1132',) geometry",True,Valid Geometry
"roads('RD1133',) vertex ordering",True,
"roads('RD1133',) geometry",True,Valid Geometry
"roads('RD1134',) vertex ordering",True,
"roads('RD1134',) geometry",True,Valid Geometry
"roads('RD1135',) vertex ordering",True,
"roads('RD1135',) geometry",True,Valid Geometry
"roads('RD1136',) vertex ordering",True,
"roads('RD1136',) geometry",True,Valid Geometry
"roads('RD1137',) vertex ordering",True,
"roads('RD1137',) geometry",True,Valid Geometry
"roads('RD1138',) vertex ordering",True,
"roads('RD1138',) geometry",True,Valid Geometry
"roads('RD1139',) vertex ordering",True,
"roads('RD1139',) geometry",True,Valid Geometry
"roads('RD1140',) vertex ordering",True,
"roads('RD1140',) geometry",True,Valid Geometry
"roads('RD1141',) vertex ordering",True,
"roads('RD1141',) geometry",True,Valid Geometry
"roads('RD1142',) vertex ordering",True,
"roads('RD1142',) geometry",True,Valid Geometry
"roads('RD1143',) vertex ordering",True,
"roads('RD1143',) geometry",True,Valid Geometry
"roads('RD1144',) vertex ordering",True,
"roads('RD1144',) geometry",True,Valid Geometry
"roads('RD1145',) vertex ordering",True,
"roads('RD1145',) geometry",True,Valid Geometry
"roads('RD1146',) vertex ordering",True,
"roads('RD1146',) geometry",True,Valid Geometry
"roads('RD1147',) vertex ordering",True,
"roads('RD1147',) geometry",True,Valid Geometry
"roads('RD1148',) vertex ordering",True,
"roads('RD1148',) geometry",True,Valid Geometry
"roads('RD1149',) vertex ordering",True,
"roads('RD1149',) geometry",True,Valid Geometry
"roads('RD1150',) vertex ordering",True,
"roads('RD1150',) geometry",True,Valid Geometry
"roads('RD1151',) vertex ordering",True,
"roads('RD1151',) geometry",True,Valid Geometry
"roads('RD1152',) vertex ordering",True,
"roads('RD1152',) geometry",True,Valid Geometry
"roads('RD1153',) vertex ordering",True,
"roads('RD1153',) geometry",True,Valid Geometry
"roads('RD1154',) vertex ordering",True,
"roads('RD1154',) geometry",True,Valid Geometry
"roads('RD1155',) vertex ordering",True,
"roads('RD1155',) geometry",True,Valid Geometry
"roads('RD1156',) vertex ordering",True,
"roads('RD1156',) geometry",True,Valid Geometry
"roads('RD1157',) vertex ordering",True,
"roads('RD1157',) geometry",True,Valid Geometry
"roads('RD1158',) vertex ordering",True,
"roads('RD1158',) geometry",True,Valid Geometry
"roads('RD1159',) vertex ordering",True,
"roads('RD1159',) geometry",True,Valid Geometry
"roads('RD1160',) vertex ordering",True,
"roads('RD1160',) geometry",True,Valid Geometry
"roads('RD1161',) vertex ordering",True,
"roads('RD1161',) geometry",True,Valid Geometry
"roads('RD1162',) vertex ordering",True,
"roads('RD1162',) geometry",True,Valid Geometry
"roads('RD1163',) vertex ordering",True,
"roads('RD1163',) geometry",True,Valid Geometry
"roads('RD1164',) vertex ordering",True,
"roads('RD1164',) geometry",True,Valid Geometry
"roads('RD1165',) vertex ordering",True,
"roads('RD1165',) geometry",True,Valid Geometry
"roads('RD1166',) vertex ordering",True,
"roads('RD1166',) geometry",True,Valid Geometry
"roads('RD1167',) vertex ordering",True,
"roads('RD1167',) geometry",True,Valid Geometry
"roads('RD1168',) vertex ordering",True,
"roads('RD1168',) geometry",True,Valid Geometry
"roads('RD1169',) vertex ordering",True,
"roads('RD1169',) geometry",True,Valid Geometry
"roads('RD1170',) vertex ordering",True,
"roads('RD1170',) geometry",True,Valid Geometry
"roads('RD1171',) vertex ordering",True,
"roads('RD1171',) geometry",True,Valid Geometry
"roads('RD1172',) vertex ordering",True,
"roads('RD1172',) geometry",True,Valid Geometry
"roads('RD1173',) vertex ordering",True,
"roads('RD1173',) geometry",True,Valid Geometry
"roads('RD1174',) vertex ordering",True,
"roads('RD1174',) geometry",True,Valid Geometry
"roads('RD1175',) vertex ordering",True,
"roads('RD1175',) geometry",True,Valid Geometry
"roads('RD1176',) vertex ordering",True,
"roads('RD1176',) geometry",True,Valid Geometry
"roads('RD1177',) vertex ordering",True,
"roads('RD1177',) geometry",True,Valid Geometry
"roads('RD1178',) vertex ordering",True,
"roads('RD1178',) geometry",True,Valid Geometry
"roads('RD1179',) vertex ordering",True,
"roads('RD1179',) geometry",True,Valid Geometry
"roads('RD1180',) vertex ordering",True,
"roads('RD1180',) geometry",True,Valid Geometry
"roads('RD1181',) vertex ordering",True,
"roads('RD1181',) geometry",True,Valid Geometry
"roads('RD1182',) vertex ordering",True,
"roads('RD1182',) geometry",True,Valid Geometry
"roads('RD1183',) vertex ordering",True,
"roads('RD1183',) geometry",True,Valid Geometry
"roads('RD1184',) vertex ordering",True,
"roads('RD1184',) geometry",True,Valid Geometry
"roads('RD1185',) vertex ordering",True,
"roads('RD1185',) geometry",True,Valid Geometry
"roads('RD1186',) vertex ordering",True,
"roads('RD1186',) geometry",True,Valid Geometry
"roads('RD1187',) vertex ordering",True,
"roads('RD1187',) geometry",True,Valid Geometry
"roads('RD1188',) vertex ordering",True,
"roads('RD1188',) geometry",True,Valid Geometry
"roads('RD1189',) vertex ordering",True,
"roads('RD1189',) geometry",True,Valid Geometry
"roads('RD1190',) vertex ordering",True,
"roads('RD1190',) geometry",True,Valid Geometry
"roads('RD1191',) vertex ordering",True,
"roads('RD1191',) geometry",True,Valid Geometry
"roads('RD1192',) vertex ordering",True,
"roads('RD1192',) geometry",True,Valid Geometry
"roads('RD1193',) vertex ordering",True,
"roads('RD1193',) geometry",True,Valid Geometry
"roads('RD1194',) vertex ordering",True,
"roads('RD1194',) geometry",True,Valid Geometry
"roads('RD1195',) vertex ordering",True,
"roads('RD1195',) geometry",True,Valid Geometry
"roads('RD1196',) vertex ordering",True,
"roads('RD1196',) geometry",True,Valid Geometry
"roads('RD1197',) vertex ordering",True,
"roads('RD1197',) geometry",True,Valid Geometry
"roads('RD1198',) vertex ordering",True,
"roads('RD1198',) geometry",True,Valid Geometry
"roads('RD1199',) vertex ordering",True,
"roads('RD1199',) geometry",True,Valid Geometry
"roads('RD1200',) vertex ordering",True,
"roads('RD1200',) geometry",True,Valid Geometry
"roads('RD1201',) vertex ordering",True,
"roads('RD1201',) geometry",True,Valid Geometry
"roads('RD1202',) vertex ordering",True,
"roads('RD1202',) geometry",True,Valid Geometry
"roads('RD1203',) vertex ordering",True,
"roads('RD1203',) geometry",True,Valid Geometry
"roads('RD1204',) vertex ordering",True,
"roads('RD1204',) geometry",True,Valid Geometry
"roads('RD1205',) vertex ordering",True,
"roads('RD1205',) geometry",True,Valid Geometry
"roads('RD1206',) vertex ordering",True,
"roads('RD1206',) geometry",True,Valid Geometry
"roads('RD1207',) vertex ordering",True,
"roads('RD1207',) geometry",True,Valid Geometry
"roads('RD1208',) vertex ordering",True,
"roads('RD1208',) geometry",True,Valid Geometry
"roads('RD1209',) vertex ordering",True,
"roads('RD1209',) geometry",True,Valid Geometry
"roads('RD1210',) vertex ordering",True,
"roads('RD1210',) geometry",True,Valid Geometry
"roads('RD1211',) vertex ordering",True,
"roads('RD1211',) geometry",True,Valid Geometry
"roads('RD1212',) vertex ordering",True,
"roads('RD1212',) geometry",True,Valid Geometry
"roads('RD1213',) vertex ordering",True,
"roads('RD1213',) geometry",True,Valid Geometry
"roads('RD1214',) vertex ordering",True,
"roads('RD1214',) geometry",True,Valid Geometry
"roads('RD1215',) vertex ordering",True,
"roads('RD1215',) geometry",True,Valid Geometry
"roads('RD1216',) vertex ordering",True,
"roads('RD1216',) geometry",True,Valid Geometry
"roads('RD1217',) vertex ordering",True,
"roads('RD1217',) geometry",True,Valid Geometry
"roads('RD1218',) vertex ordering",True,
"roads('RD1218',) geometry",True,Valid Geometry
"roads('RD1219',) vertex ordering",True,
"roads('RD1219',) geometry",True,Valid Geometry
"roads('RD1220',) vertex ordering",True,
"roads('RD1220',) geometry",True,Valid Geometry
"roads('RD1221',) vertex ordering",True,
"roads('RD1221',) geometry",True,Valid Geometry
"roads('RD1222',) vertex ordering",True,
"roads('RD1222',) geometry",True,Valid Geometry
"roads('RD1223',) vertex ordering",True,
"roads('RD1223',) geometry",True,Valid Geometry
"roads('RD1224',) vertex ordering",True,
"roads('RD1224',) geometry",True,Valid Geometry
"roads('RD1225',) vertex ordering",True,
"roads('RD1225',) geometry",True,Valid Geometry
"roads('RD1226',) vertex ordering",True,
"roads('RD1226',) geometry",True,Valid Geometry
"roads('RD1227',) vertex ordering",True,
"roads('RD1227',) geometry",True,Valid Geometry
"roads('RD1228',) vertex ordering",True,
"roads('RD1228',) geometry",True,Valid Geometry
"roads('RD1229',) vertex ordering",True,
"roads('RD1229',) geometry",True,Valid Geometry
"roads('RD1230',) vertex ordering",True,
"roads('RD1230',) geometry",True,Valid Geometry
"roads('RD1231',) vertex ordering",True,
"roads('RD1231',) geometry",True,Valid Geometry
"roads('RD1232',) vertex ordering",True,
"roads('RD1232',) geometry",True,Valid Geometry
"roads('RD1233',) vertex ordering",True,
"roads('RD1233',) geometry",True,Valid Geometry
"roads('RD1234',) vertex ordering",True,
"roads('RD1234',) geometry",True,Valid Geometry
"roads('RD1235',) vertex ordering",True,
"roads('RD1235',) geometry",True,Valid Geometry
"roads('RD1236',) vertex ordering",True,
"roads('RD1236',) geometry",True,Valid Geometry
"roads('RD1237',) vertex ordering",True,
"roads('RD1237',) geometry",True,Valid Geometry
"roads('RD1238',) vertex ordering",True,
"roads('RD1238',) geometry",True,Valid Geometry
"roads('RD1239',) vertex ordering",True,
"roads('RD1239',) geometry",True,Valid Geometry
"roads('RD1240',) vertex ordering",True,
"roads('RD1240',) geometry",True,Valid Geometry
"roads('RD1241',) vertex ordering",True,
"roads('RD1241',) geometry",True,Valid Geometry
"roads('RD1242',) vertex ordering",True,
"roads('RD1242',) geometry",True,Valid Geometry
"roads('RD1243',) vertex ordering",True,
"roads('RD1243',) geometry",True,Valid Geometry
"roads('RD1244',) vertex ordering",True,
"roads('RD1244',) geometry",True,Valid Geometry
"roads('RD1245',) vertex ordering",True,
"roads('RD1245',) geometry",True,Valid Geometry
"roads('RD1246',) vertex ordering",True,
"roads('RD1246',) geometry",True,Valid Geometry
"roads('RD1247',) vertex ordering",True,
"roads('RD1247',) geometry",True,Valid Geometry
"roads('RD1248',) vertex ordering",True,
"roads('RD1248',) geometry",True,Valid Geometry
"roads('RD1249',) vertex ordering",True,
"roads('RD1249',) geometry",True,Valid Geometry
"roads('RD1250',) vertex ordering",True,
"roads('RD1250',) geometry",True,Valid Geometry
"roads('RD1251',) vertex ordering",True,
"roads('RD1251',) geometry",True,Valid Geometry
"roads('RD1252',) vertex ordering",True,
"roads('RD1252',) geometry",True,Valid Geometry
"roads('RD1253',) vertex ordering",True,
"roads('RD1253',) geometry",True,Valid Geometry
"roads('RD1254',) vertex ordering",True,
"roads('RD1254',) geometry",True,Valid Geometry
"roads('RD1255',) vertex ordering",True,
"roads('RD1255',) geometry",True,Valid Geometry
"roads('RD1256',) vertex ordering",True,
"roads('RD1256',) geometry",True,Valid Geometry
"roads('RD1257',) vertex ordering",True,
"roads('RD1257',) geometry",True,Valid Geometry
"roads('RD1258',) vertex ordering",True,
"roads('RD1258',) geometry",True,Valid Geometry
"roads('RD1259',) vertex ordering",True,
"roads('RD1259',) geometry",True,Valid Geometry
"roads('RD1260',) vertex ordering",True,
"roads('RD1260',) geometry",True,Valid Geometry
"roads('RD1261',) vertex ordering",True,
"roads('RD1261',) geometry",True,Valid Geometry
"roads('RD1262',) vertex ordering",True,
"roads('RD1262',) geometry",True,Valid Geometry
"roads('RD1263',) vertex ordering",True,
"roads('RD1263',) geometry",True,Valid Geometry
"roads('RD1264',) vertex ordering",True,
"roads('RD1264',) geometry",True,Valid Geometry
"roads('RD1265',) vertex ordering",True,
"roads('RD1265',) geometry",True,Valid Geometry
"roads('RD1266',) vertex ordering",True,
"roads('RD1266',) geometry",True,Valid Geometry
"roads('RD1267',) vertex ordering",True,
"roads('RD1267',) geometry",True,Valid Geometry
"roads('RD1268',) vertex ordering",True,
"roads('RD1268',) geometry",True,Valid Geometry
"roads('RD1269',) vertex ordering",True,
"roads('RD1269',) geometry",True,Valid Geometry
"roads('RD1270',) vertex ordering",True,
"roads('RD1270',) geometry",True,Valid Geometry
"roads('RD1271',) vertex ordering",True,
"roads('RD1271',) geometry",True,Valid Geometry
"roads('RD1272',) vertex ordering",True,
"roads('RD1272',) geometry",True,Valid Geometry
"roads('RD1273',) vertex ordering",True,
"roads('RD1273',) geometry",True,Valid Geometry
"roads('RD1274',) vertex ordering",True,
"roads('RD1274',) geometry",True,Valid Geometry
"roads('RD1275',) vertex ordering",True,
"roads('RD1275',) geometry",True,Valid Geometry
"roads('RD1276',) vertex ordering",True,
"roads('RD1276',) geometry",True,Valid Geometry
"roads('RD1277',) vertex ordering",True,
"roads('RD1277',) geometry",True,Valid Geometry
"roads('RD1278',) vertex ordering",True,
"roads('RD1278',) geometry",True,Valid Geometry
"roads('RD1279',) vertex ordering",True,
"roads('RD1279',) geometry",True,Valid Geometry
"roads('RD1280',) vertex ordering",True,
"roads('RD1280',) geometry",True,Valid Geometry
"roads('RD1281',) vertex ordering",True,
"roads('RD1281',) geometry",True,Valid Geometry
"roads('RD1282',) vertex ordering",True,
"roads('RD1282',) geometry",True,Valid Geometry
"roads('RD1283',) vertex ordering",True,
"roads('RD1283',) geometry",True,Valid Geometry
"roads('RD1284',) vertex ordering",True,
"roads('RD1284',) geometry",True,Valid Geometry
"roads('RD1285',) vertex ordering",True,
"roads('RD1285',) geometry",True,Valid Geometry
"roads('RD1286',) vertex ordering",True,
"roads('RD1286',) geometry",True,Valid Geometry
"roads('RD1287',) vertex ordering",True,
"roads('RD1287',) geometry",True,Valid Geometry
"roads('RD1288',) vertex ordering",True,
"roads('RD1288',) geometry",True,Valid Geometry
"roads('RD1289',) vertex ordering",True,
"roads('RD1289',) geometry",True,Valid Geometry
"roads('RD1290',) vertex ordering",True,
"roads('RD1290',) geometry",True,Valid Geometry
"roads('RD1291',) vertex ordering",True,
"roads('RD1291',) geometry",True,Valid Geometry
"roads('RD1292',) vertex ordering",True,
"roads('RD1292',) geometry",True,Valid Geometry
"roads('RD1293',) vertex ordering",True,
"roads('RD1293',) geometry",True,Valid Geometry
"roads('RD1294',) vertex ordering",True,
"roads('RD1294',) geometry",True,Valid Geometry
"roads('RD1295',) vertex ordering",True,
"roads('RD1295',) geometry",True,Valid Geometry
"roads('RD1296',) vertex ordering",True,
"roads('RD1296',) geometry",True,Valid Geometry
"roads('RD1297',) vertex ordering",True,
"roads('RD1297',) geometry",True,Valid Geometry
"roads('RD1298',) vertex ordering",True,
"roads('RD1298',) geometry",True,Valid Geometry
"roads('RD1299',) vertex ordering",True,
"roads('RD1299',) geometry",True,Valid Geometry
"roads('RD1300',) vertex ordering",True,
"roads('RD1300',) geometry",True,Valid Geometry
"roads('RD1301',) vertex ordering",True,
"roads('RD1301',) geometry",True,Valid Geometry
"roads('RD1302',) vertex ordering",True,
"roads('RD1302',) geometry",True,Valid Geometry
"roads('RD1303',) vertex ordering",True,
"roads('RD1303',) geometry",True,Valid Geometry
"roads('RD1304',) vertex ordering",True,
"roads('RD1304',) geometry",True,Valid Geometry
"roads('RD1305',) vertex ordering",True,
"roads('RD1305',) geometry",True,Valid Geometry
"roads('RD1306',) vertex ordering",True,
"roads('RD1306',) geometry",True,Valid Geometry
"roads('RD1307',) vertex ordering",True,
"roads('RD1307',) geometry",True,Valid Geometry
"roads('RD1308',) vertex ordering",True,
"roads('RD1308',) geometry",True,Valid Geometry
"roads('RD1309',) vertex ordering",True,
"roads('RD1309',) geometry",True,Valid Geometry
"roads('RD1310',) vertex ordering",True,
"roads('RD1310',) geometry",True,Valid Geometry
"roads('RD1311',) vertex ordering",True,
"roads('RD1311',) geometry",True,Valid Geometry
"roads('RD1312',) vertex ordering",True,
"roads('RD1312',) geometry",True,Valid Geometry
"roads('RD1313',) vertex ordering",True,
"roads('RD1313',) geometry",True,Valid Geometry
"roads('RD1314',) vertex ordering",True,
"roads('RD1314',) geometry",True,Valid Geometry
"roads('RD1315',) vertex ordering",True,
"roads('RD1315',) geometry",True,Valid Geometry
"roads('RD1316',) vertex ordering",True,
"roads('RD1316',) geometry",True,Valid Geometry
"roads('RD1317',) vertex ordering",True,
"roads('RD1317',) geometry",True,Valid Geometry
"roads('RD1318',) vertex ordering",True,
"roads('RD1318',) geometry",True,Valid Geometry
"roads('RD1319',) vertex ordering",True,
"roads('RD1319',) geometry",True,Valid Geometry
"roads('RD1320',) vertex ordering",True,
"roads('RD1320',) geometry",True,Valid Geometry
"roads('RD1321',) vertex ordering",True,
"roads('RD1321',) geometry",True,Valid Geometry
"roads('RD1322',) vertex ordering",True,
"roads('RD1322',) geometry",True,Valid Geometry
"roads('RD1323',) vertex ordering",True,
"roads('RD1323',) geometry",True,Valid Geometry
"roads('RD1324',) vertex ordering",True,
"roads('RD1324',) geometry",True,Valid Geometry
"roads('RD1325',) vertex ordering",True,
"roads('RD1325',) geometry",True,Valid Geometry
"roads('RD1326',) vertex ordering",True,
"roads('RD1326',) geometry",True,Valid Geometry
"roads('RD1327',) vertex ordering",True,
"roads('RD1327',) geometry",True,Valid Geometry
"roads('RD1328',) vertex ordering",True,
"roads('RD1328',) geometry",True,Valid Geometry
"roads('RD1329',) vertex ordering",True,
"roads('RD1329',) geometry",True,Valid Geometry
"roads('RD1330',) vertex ordering",True,
"roads('RD1330',) geometry",True,Valid Geometry
"roads('RD1331',) vertex ordering",True,
"roads('RD1331',) geometry",True,Valid Geometry
"roads('RD1332',) vertex ordering",True,
"roads('RD1332',) geometry",True,Valid Geometry
"roads('RD1333',) vertex ordering",True,
"roads('RD1333',) geometry",True,Valid Geometry
"roads('RD1334',) vertex ordering",True,
"roads('RD1334',) geometry",True,Valid Geometry
"roads('RD1335',) vertex ordering",True,
"roads('RD1335',) geometry",True,Valid Geometry
"roads('RD1336',) vertex ordering",True,
"roads('RD1336',) geometry",True,Valid Geometry
"roads('RD1337',) vertex ordering",True,
"roads('RD1337',) geometry",True,Valid Geometry
"roads('RD1338',) vertex ordering",True,
"roads('RD1338',) geometry",True,Valid Geometry
"roads('RD1339',) vertex ordering",True,
"roads('RD1339',) geometry",True,Valid Geometry
"roads('RD1340',) vertex ordering",True,
"roads('RD1340',) geometry",True,Valid Geometry
"roads('RD1341',) vertex ordering",True,
"roads('RD1341',) geometry",True,Valid Geometry
"roads('RD1342',) vertex ordering",True,
"roads('RD1342',) geometry",True,Valid Geometry
"roads('RD1343',) vertex ordering",True,
"roads('RD1343',) geometry",True,Valid Geometry
"roads('RD1344',) vertex ordering",True,
"roads('RD1344',) geometry",True,Valid Geometry
"roads('RD1345',) vertex ordering",True,
"roads('RD1345',) geometry",True,Valid Geometry
"roads('RD1346',) vertex ordering",True,
"roads('RD1346',) geometry",True,Valid Geometry
"roads('RD1347',) vertex ordering",True,
"roads('RD1347',) geometry",True,Valid Geometry
"roads('RD1348',) vertex ordering",True,
"roads('RD1348',) geometry",True,Valid Geometry
"roads('RD1349',) vertex ordering",True,
"roads('RD1349',) geometry",True,Valid Geometry
"roads('RD1350',) vertex ordering",True,
"roads('RD1350',) geometry",True,Valid Geometry
"roads('RD1351',) vertex ordering",True,
"roads('RD1351',) geometry",True,Valid Geometry
"roads('RD1352',) vertex ordering",True,
"roads('RD1352',) geometry",True,Valid Geometry
"roads('RD1353',) vertex ordering",True,
"roads('RD1353',) geometry",True,Valid Geometry
"roads('RD1354',) vertex ordering",True,
"roads('RD1354',) geometry",True,Valid Geometry
"roads('RD1355',) vertex ordering",True,
"roads('RD1355',) geometry",True,Valid Geometry
"roads('RD1356',) vertex ordering",True,
"roads('RD1356',) geometry",True,Valid Geometry
"roads('RD1357',) vertex ordering",True,
"roads('RD1357',) geometry",True,Valid Geometry
"roads('RD1358',) vertex ordering",True,
"roads('RD1358',) geometry",True,Valid Geometry
"roads('RD1359',) vertex ordering",True,
"roads('RD1359',) geometry",True,Valid Geometry
"roads('RD1360',) vertex ordering",True,
"roads('RD1360',) geometry",True,Valid Geometry
"roads('RD1361',) vertex ordering",True,
"roads('RD1361',) geometry",True,Valid Geometry
"roads('RD1362',) vertex ordering",True,
"roads('RD1362',) geometry",True,Valid Geometry
"roads('RD1363',) vertex ordering",True,
"roads('RD1363',) geometry",True,Valid Geometry
"roads('RD1364',) vertex ordering",True,
"roads('RD1364',) geometry",True,Valid Geometry
"roads('RD1365',) vertex ordering",True,
"roads('RD1365',) geometry",True,Valid Geometry
"roads('RD1366',) vertex ordering",True,
"roads('RD1366',) geometry",True,Valid Geometry
"roads('RD1367',) vertex ordering",True,
"roads('RD1367',) geometry",True,Valid Geometry
"roads('RD1368',) vertex ordering",True,
"roads('RD1368',) geometry",True,Valid Geometry
"roads('RD1369',) vertex ordering",True,
"roads('RD1369',) geometry",True,Valid Geometry
"roads('RD1370',) vertex ordering",True,
"roads('RD1370',) geometry",True,Valid Geometry
"roads('RD1371',) vertex ordering",True,
"roads('RD1371',) geometry",True,Valid Geometry
"roads('RD1372',) vertex ordering",True,
"roads('RD1372',) geometry",True,Valid Geometry
"roads('RD1373',) vertex ordering",True,
"roads('RD1373',) geometry",True,Valid Geometry
"roads('RD1374',) vertex ordering",True,
"roads('RD1374',) geometry",True,Valid Geometry
"roads('RD1375',) vertex ordering",True,
"roads('RD1375',) geometry",True,Valid Geometry
"roads('RD1376',) vertex ordering",True,
"roads('RD1376',) geometry",True,Valid Geometry
"roads('RD1377',) vertex ordering",True,
"roads('RD1377',) geometry",True,Valid Geometry
"roads('RD1378',) vertex ordering",True,
"roads('RD1378',) geometry",True,Valid Geometry
"roads('RD1379',) vertex ordering",True,
"roads('RD1379',) geometry",True,Valid Geometry
"roads('RD1380',) vertex ordering",True,
"roads('RD1380',) geometry",True,Valid Geometry
"roads('RD1381',) vertex ordering",True,
"roads('RD1381',) geometry",True,Valid Geometry
"roads('RD1382',) vertex ordering",True,
"roads('RD1382',) geometry",True,Valid Geometry
"roads('RD1383',) vertex ordering",True,
"roads('RD1383',) geometry",True,Valid Geometry
"roads('RD1384',) vertex ordering",True,
"roads('RD1384',) geometry",True,Valid Geometry
"roads('RD1385',) vertex ordering",True,
"roads('RD1385',) geometry",True,Valid Geometry
"roads('RD1386',) vertex ordering",True,
"roads('RD1386',) geometry",True,Valid Geometry
"roads('RD1387',) vertex ordering",True,
"roads('RD1387',) geometry",True,Valid Geometry
"roads('RD1388',) vertex ordering",True,
"roads('RD1388',) geometry",True,Valid Geometry
"roads('RD1389',) vertex ordering",True,
"roads('RD1389',) geometry",True,Valid Geometry
"roads('RD1390',) vertex ordering",True,
"roads('RD1390',) geometry",True,Valid Geometry
"roads('RD1391',) vertex ordering",True,
"roads('RD1391',) geometry",True,Valid Geometry
"roads('RD1392',) vertex ordering",True,
"roads('RD1392',) geometry",True,Valid Geometry
"roads('RD1393',) vertex ordering",True,
"roads('RD1393',) geometry",True,Valid Geometry
"roads('RD1394',) vertex ordering",True,
"roads('RD1394',) geometry",True,Valid Geometry
"roads('RD1395',) vertex ordering",True,
"roads('RD1395',) geometry",True,Valid Geometry
"roads('RD1396',) vertex ordering",True,
"roads('RD1396',) geometry",True,Valid Geometry
"roads('RD1397',) vertex ordering",True,
"roads('RD1397',) geometry",True,Valid Geometry
"roads('RD1398',) vertex ordering",True,
"roads('RD1398',) geometry",True,Valid Geometry
"roads('RD1399',) vertex ordering",True,
"roads('RD1399',) geometry",True,Valid Geometry
"roads('RD1400',) vertex ordering",True,
"roads('RD1400',) geometry",True,Valid Geometry
"roads('RD1401',) vertex ordering",True,
"roads('RD1401',) geometry",True,Valid Geometry
"roads('RD1402',) vertex ordering",True,
"roads('RD1402',) geometry",True,Valid Geometry
"roads('RD1403',) vertex ordering",True,
"roads('RD1403',) geometry",True,Valid Geometry
"roads('RD1404',) vertex ordering",True,
"roads('RD1404',) geometry",True,Valid Geometry
"roads('RD1405',) vertex ordering",True,
"roads('RD1405',) geometry",True,Valid Geometry
"roads('RD1406',) vertex ordering",True,
"roads('RD1406',) geometry",True,Valid Geometry
"roads('RD1407',) vertex ordering",True,
"roads('RD1407',) geometry",True,Valid Geometry
"roads('RD1408',) vertex ordering",True,
"roads('RD1408',) geometry",True,Valid Geometry
"roads('RD1409',) vertex ordering",True,
"roads('RD1409',) geometry",True,Valid Geometry
"roads('RD1410',) vertex ordering",True,
"roads('RD1410',) geometry",True,Valid Geometry
"roads('RD1411',) vertex ordering",True,
"roads('RD1411',) geometry",True,Valid Geometry
"roads('RD1412',) vertex ordering",True,
"roads('RD1412',) geometry",True,Valid Geometry
"roads('RD1413',) vertex ordering",True,
"roads('RD1413',) geometry",True,Valid Geometry
"roads('RD1414',) vertex ordering",True,
"roads('RD1414',) geometry",True,Valid Geometry
"roads('RD1415',) vertex ordering",True,
"roads('RD1415',) geometry",True,Valid Geometry
"roads('RD1416',) vertex ordering",True,
"roads('RD1416',) geometry",True,Valid Geometry
"roads('RD1417',) vertex ordering",True,
"roads('RD1417',) geometry",True,Valid Geometry
"roads('RD1418',) vertex ordering",True,
"roads('RD1418',) geometry",True,Valid Geometry
"roads('RD1419',) vertex ordering",True,
"roads('RD1419',) geometry",True,Valid Geometry
"roads('RD1420',) vertex ordering",True,
"roads('RD1420',) geometry",True,Valid Geometry
"roads('RD1421',) vertex ordering",True,
"roads('RD1421',) geometry",True,Valid Geometry
"roads('RD1422',) vertex ordering",True,
"roads('RD1422',) geometry",True,Valid Geometry
"roads('RD1423',) vertex ordering",True,
"roads('RD1423',) geometry",True,Valid Geometry
"roads('RD1424',) vertex ordering",True,
"roads('RD1424',) geometry",True,Valid Geometry
"roads('RD1425',) vertex ordering",True,
"roads('RD1425',) geometry",True,Valid Geometry
"roads('RD1426',) vertex ordering",True,
"roads('RD1426',) geometry",True,Valid Geometry
"roads('RD1427',) vertex ordering",True,
"roads('RD1427',) geometry",True,Valid Geometry
"roads('RD1428',) vertex ordering",True,
"roads('RD1428',) geometry",True,Valid Geometry
"roads('RD1429',) vertex ordering",True,
"roads('RD1429',) geometry",True,Valid Geometry
"roads('RD1430',) vertex ordering",True,
"roads('RD1430',) geometry",True,Valid Geometry
"roads('RD1431',) vertex ordering",True,
"roads('RD1431',) geometry",True,Valid Geometry
"roads('RD1432',) vertex ordering",True,
"roads('RD1432',) geometry",True,Valid Geometry
"roads('RD1433',) vertex ordering",True,
"roads('RD1433',) geometry",True,Valid Geometry
"roads('RD1434',) vertex ordering",True,
"roads('RD1434',) geometry",True,Valid Geometry
"roads('RD1435',) vertex ordering",True,
"roads('RD1435',) geometry",True,Valid Geometry
"roads('RD1436',) vertex ordering",True,
"roads('RD1436',) geometry",True,Valid Geometry
"roads('RD1437',) vertex ordering",True,
"roads('RD1437',) geometry",True,Valid Geometry
"roads('RD1438',) vertex ordering",True,
"roads('RD1438',) geometry",True,Valid Geometry
"roads('RD1439',) vertex ordering",True,
"roads('RD1439',) geometry",True,Valid Geometry
"roads('RD1440',) vertex ordering",True,
"roads('RD1440',) geometry",True,Valid Geometry
"roads('RD1441',) vertex ordering",True,
"roads('RD1441',) geometry",True,Valid Geometry
"roads('RD1442',) vertex ordering",True,
"roads('RD1442',) geometry",True,Valid Geometry
"roads('RD1443',) vertex ordering",True,
"roads('RD1443',) geometry",True,Valid Geometry
"roads('RD1444',) vertex ordering",True,
"roads('RD1444',) geometry",True,Valid Geometry
"roads('RD1445',) vertex ordering",True,
"roads('RD1445',) geometry",True,Valid Geometry
"roads('RD1446',) vertex ordering",True,
"roads('RD1446',) geometry",True,Valid Geometry
"roads('RD1447',) vertex ordering",True,
"roads('RD1447',) geometry",True,Valid Geometry
"roads('RD1448',) vertex ordering",True,
"roads('RD1448',) geometry",True,Valid Geometry
"roads('RD1449',) vertex ordering",True,
"roads('RD1449',) geometry",True,Valid Geometry
"roads('RD1450',) vertex ordering",True,
"roads('RD1450',) geometry",True,Valid Geometry
"roads('RD1451',) vertex ordering",True,
"roads('RD1451',) geometry",True,Valid Geometry
"roads('RD1452',) vertex ordering",True,
"roads('RD1452',) geometry",True,Valid Geometry
"roads('RD1453',) vertex ordering",True,
"roads('RD1453',) geometry",True,Valid Geometry
"roads('RD1454',) vertex ordering",True,
"roads('RD1454',) geometry",True,Valid Geometry
"roads('RD1455',) vertex ordering",True,
"roads('RD1455',) geometry",True,Valid Geometry
"roads('RD1456',) vertex ordering",True,
"roads('RD1456',) geometry",True,Valid Geometry
"roads('RD1457',) vertex ordering",True,
"roads('RD1457',) geometry",True,Valid Geometry
"roads('RD1458',) vertex ordering",True,
"roads('RD1458',) geometry",True,Valid Geometry
"roads('RD1459',) vertex ordering",True,
"roads('RD1459',) geometry",True,Valid Geometry
"roads('RD1460',) vertex ordering",True,
"roads('RD1460',) geometry",True,Valid Geometry
"roads('RD1461',) vertex ordering",True,
"roads('RD1461',) geometry",True,Valid Geometry
"roads('RD1462',) vertex ordering",True,
"roads('RD1462',) geometry",True,Valid Geometry
"roads('RD1463',) vertex ordering",True,
"roads('RD1463',) geometry",True,Valid Geometry
"roads('RD1464',) vertex ordering",True,
"roads('RD1464',) geometry",True,Valid Geometry
"roads('RD1465',) vertex ordering",True,
"roads('RD1465',) geometry",True,Valid Geometry
"roads('RD1466',) vertex ordering",True,
"roads('RD1466',) geometry",True,Valid Geometry
"roads('RD1467',) vertex ordering",True,
"roads('RD1467',) geometry",True,Valid Geometry
"roads('RD1468',) vertex ordering",True,
"roads('RD1468',) geometry",True,Valid Geometry
"roads('RD1469',) vertex ordering",True,
"roads('RD1469',) geometry",True,Valid Geometry
"roads('RD1470',) vertex ordering",True,
"roads('RD1470',) geometry",True,Valid Geometry
"roads('RD1471',) vertex ordering",True,
"roads('RD1471',) geometry",True,Valid Geometry
"roads('RD1472',) vertex ordering",True,
"roads('RD1472',) geometry",True,Valid Geometry
"roads('RD1473',) vertex ordering",True,
"roads('RD1473',) geometry",True,Valid Geometry
"roads('RD1474',) vertex ordering",True,
"roads('RD1474',) geometry",True,Valid Geometry
"roads('RD1475',) vertex ordering",True,
"roads('RD1475',) geometry",True,Valid Geometry
"roads('RD1476',) vertex ordering",True,
"roads('RD1476',) geometry",True,Valid Geometry
"roads('RD1477',) vertex ordering",True,
"roads('RD1477',) geometry",True,Valid Geometry
"roads('RD1478',) vertex ordering",True,
"roads('RD1478',) geometry",True,Valid Geometry
"roads('RD1479',) vertex ordering",True,
"roads('RD1479',) geometry",True,Valid Geometry
"roads('RD1480',) vertex ordering",True,
"roads('RD1480',) geometry",True,Valid Geometry
"roads('RD1481',) vertex ordering",True,
"roads('RD1481',) geometry",True,Valid Geometry
"roads('RD1482',) vertex ordering",True,
"roads('RD1482',) geometry",True,Valid Geometry
"roads('RD1483',) vertex ordering",True,
"roads('RD1483',) geometry",True,Valid Geometry
"roads('RD1484',) vertex ordering",True,
"roads('RD1484',) geometry",True,Valid Geometry
"roads('RD1485',) vertex ordering",True,
"roads('RD1485',) geometry",True,Valid Geometry
"roads('RD1486',) vertex ordering",True,
"roads('RD1486',) geometry",True,Valid Geometry
"roads('RD1487',) vertex ordering",True,
"roads('RD1487',) geometry",True,Valid Geometry
"roads('RD1488',) vertex ordering",True,
"roads('RD1488',) geometry",True,Valid Geometry
"roads('RD1489',) vertex ordering",True,
"roads('RD1489',) geometry",True,Valid Geometry
"roads('RD1490',) vertex ordering",True,
"roads('RD1490',) geometry",True,Valid Geometry
"roads('RD1491',) vertex ordering",True,
"roads('RD1491',) geometry",True,Valid Geometry
"roads('RD1492',) vertex ordering",True,
"roads('RD1492',) geometry",True,Valid Geometry
"roads('RD1493',) vertex ordering",True,
"roads('RD1493',) geometry",True,Valid Geometry
"roads('RD1494',) vertex ordering",True,
"roads('RD1494',) geometry",True,Valid Geometry
"roads('RD1495',) vertex ordering",True,
"roads('RD1495',) geometry",True,Valid Geometry
"roads('RD1496',) vertex ordering",True,
"roads('RD1496',) geometry",True,Valid Geometry
"roads('RD1497',) vertex ordering",True,
"roads('RD1497',) geometry",True,Valid Geometry
"roads('RD1498',) vertex ordering",True,
"roads('RD1498',) geometry",True,Valid Geometry
"roads('RD1499',) vertex ordering",True,
"roads('RD1499',) geometry",True,Valid Geometry
"roads('RD1500',) vertex ordering",True,
"roads('RD1500',) geometry",True,Valid Geometry
"roads('RD1501',) vertex ordering",True,
"roads('RD1501',) geometry",True,Valid Geometry
"roads('RD1502',) vertex ordering",True,
"roads('RD1502',) geometry",True,Valid Geometry
"roads('RD1503',) vertex ordering",True,
"roads('RD1503',) geometry",True,Valid Geometry
"roads('RD1504',) vertex ordering",True,
"roads('RD1504',) geometry",True,Valid Geometry
"roads('RD1505',) vertex ordering",True,
"roads('RD1505',) geometry",True,Valid Geometry
"roads('RD1506',) vertex ordering",True,
"roads('RD1506',) geometry",True,Valid Geometry
"roads('RD1507',) vertex ordering",True,
"roads('RD1507',) geometry",True,Valid Geometry
"roads('RD1508',) vertex ordering",True,
"roads('RD1508',) geometry",True,Valid Geometry
"roads('RD1509',) vertex ordering",True,
"roads('RD1509',) geometry",True,Valid Geometry
"roads('RD1510',) vertex ordering",True,
"roads('RD1510',) geometry",True,Valid Geometry
"roads('RD1511',) vertex ordering",True,
"roads('RD1511',) geometry",True,Valid Geometry
"roads('RD1512',) vertex ordering",True,
"roads('RD1512',) geometry",True,Valid Geometry
"roads('RD1513',) vertex ordering",True,
"roads('RD1513',) geometry",True,Valid Geometry
"roads('RD1514',) vertex ordering",True,
"roads('RD1514',) geometry",True,Valid Geometry
"roads('RD1515',) vertex ordering",True,
"roads('RD1515',) geometry",True,Valid Geometry
"roads('RD1516',) vertex ordering",True,
"roads('RD1516',) geometry",True,Valid Geometry
"roads('RD1517',) vertex ordering",True,
"roads('RD1517',) geometry",True,Valid Geometry
"roads('RD1518',) vertex ordering",True,
"roads('RD1518',) geometry",True,Valid Geometry
"roads('RD1519',) vertex ordering",True,
"roads('RD1519',) geometry",True,Valid Geometry
"roads('RD1520',) vertex ordering",True,
"roads('RD1520',) geometry",True,Valid Geometry
"roads('RD1521',) vertex ordering",True,
"roads('RD1521',) geometry",True,Valid Geometry
"roads('RD1522',) vertex ordering",True,
"roads('RD1522',) geometry",True,Valid Geometry
"roads('RD1523',) vertex ordering",True,
"roads('RD1523',) geometry",True,Valid Geometry
"roads('RD1524',) vertex ordering",True,
"roads('RD1524',) geometry",True,Valid Geometry
"roads('RD1525',) vertex ordering",True,
"roads('RD1525',) geometry",True,Valid Geometry
"roads('RD1526',) vertex ordering",True,
"roads('RD1526',) geometry",True,Valid Geometry
"roads('RD1527',) vertex ordering",True,
"roads('RD1527',) geometry",True,Valid Geometry
"roads('RD1528',) vertex ordering",True,
"roads('RD1528',) geometry",True,Valid Geometry
"roads('RD1529',) vertex ordering",True,
"roads('RD1529',) geometry",True,Valid Geometry
"roads('RD1530',) vertex ordering",True,
"roads('RD1530',) geometry",True,Valid Geometry
"roads('RD1531',) vertex ordering",True,
"roads('RD1531',) geometry",True,Valid Geometry
"roads('RD1532',) vertex ordering",True,
"roads('RD1532',) geometry",True,Valid Geometry
"roads('RD1533',) vertex ordering",True,
"roads('RD1533',) geometry",True,Valid Geometry
"roads('RD1534',) vertex ordering",True,
"roads('RD1534',) geometry",True,Valid Geometry
"roads('RD1535',) vertex ordering",True,
"roads('RD1535',) geometry",True,Valid Geometry
"roads('RD1536',) vertex ordering",True,
"roads('RD1536',) geometry",True,Valid Geometry
"roads('RD1537',) vertex ordering",True,
"roads('RD1537',) geometry",True,Valid Geometry
"roads('RD1538',) vertex ordering",True,
"roads('RD1538',) geometry",True,Valid Geometry
"roads('RD1539',) vertex ordering",True,
"roads('RD1539',) geometry",True,Valid Geometry
"roads('RD1540',) vertex ordering",True,
"roads('RD1540',) geometry",True,Valid Geometry
"roads('RD1541',) vertex ordering",True,
"roads('RD1541',) geometry",True,Valid Geometry
"roads('RD1542',) vertex ordering",True,
"roads('RD1542',) geometry",True,Valid Geometry
"roads('RD1543',) vertex ordering",True,
"roads('RD1543',) geometry",True,Valid Geometry
"roads('RD1544',) vertex ordering",True,
"roads('RD1544',) geometry",True,Valid Geometry
"roads('RD1545',) vertex ordering",True,
"roads('RD1545',) geometry",True,Valid Geometry
"roads('RD1546',) vertex ordering",True,
"roads('RD1546',) geometry",True,Valid Geometry
"roads('RD1547',) vertex ordering",True,
"roads('RD1547',) geometry",True,Valid Geometry
"roads('RD1548',) vertex ordering",True,
"roads('RD1548',) geometry",True,Valid Geometry
"roads('RD1549',) vertex ordering",True,
"roads('RD1549',) geometry",True,Valid Geometry
"roads('RD1550',) vertex ordering",True,
"roads('RD1550',) geometry",True,Valid Geometry
"roads('RD1551',) vertex ordering",True,
"roads('RD1551',) geometry",True,Valid Geometry
"roads('RD1552',) vertex ordering",True,
"roads('RD1552',) geometry",True,Valid Geometry
"roads('RD1553',) vertex ordering",True,
"roads('RD1553',) geometry",True,Valid Geometry
"roads('RD1554',) vertex ordering",True,
"roads('RD1554',) geometry",True,Valid Geometry
"roads('RD1555',) vertex ordering",True,
"roads('RD1555',) geometry",True,Valid Geometry
"roads('RD1556',) vertex ordering",True,
"roads('RD1556',) geometry",True,Valid Geometry
"roads('RD1557',) vertex ordering",True,
"roads('RD1557',) geometry",True,Valid Geometry
"roads('RD1558',) vertex ordering",True,
"roads('RD1558',) geometry",True,Valid Geometry
"roads('RD1559',) vertex ordering",True,
"roads('RD1559',) geometry",True,Valid Geometry
"roads('RD1560',) vertex ordering",True,
"roads('RD1560',) geometry",True,Valid Geometry
"roads('RD1561',) vertex ordering",True,
"roads('RD1561',) geometry",True,Valid Geometry
"roads('RD1562',) vertex ordering",True,
"roads('RD1562',) geometry",True,Valid Geometry
"roads('RD1563',) vertex ordering",True,
"roads('RD1563',) geometry",True,Valid Geometry
"roads('RD1564',) vertex ordering",True,
"roads('RD1564',) geometry",True,Valid Geometry
"roads('RD1565',) vertex ordering",True,
"roads('RD1565',) geometry",True,Valid Geometry
"roads('RD1566',) vertex ordering",True,
"roads('RD1566',) geometry",True,Valid Geometry
"roads('RD1567',) vertex ordering",True,
"roads('RD1567',) geometry",True,Valid Geometry
"roads('RD1568',) vertex ordering",True,
"roads('RD1568',) geometry",True,Valid Geometry
"roads('RD1569',) vertex ordering",True,
"roads('RD1569',) geometry",True,Valid Geometry
"roads('RD1570',) vertex ordering",True,
"roads('RD1570',) geometry",True,Valid Geometry
"roads('RD1571',) vertex ordering",True,
"roads('RD1571',) geometry",True,Valid Geometry
"roads('RD1572',) vertex ordering",True,
"roads('RD1572',) geometry",True,Valid Geometry
"roads('RD1573',) vertex ordering",True,
"roads('RD1573',) geometry",True,Valid Geometry
"roads('RD1574',) vertex ordering",True,
"roads('RD1574',) geometry",True,Valid Geometry
"roads('RD1575',) vertex ordering",True,
"roads('RD1575',) geometry",True,Valid Geometry
"roads('RD1576',) vertex ordering",True,
"roads('RD1576',) geometry",True,Valid Geometry
"roads('RD1577',) vertex ordering",True,
"roads('RD1577',) geometry",True,Valid Geometry
"roads('RD1578',) vertex ordering",True,
"roads('RD1578',) geometry",True,Valid Geometry
"roads('RD1579',) vertex ordering",True,
"roads('RD1579',) geometry",True,Valid Geometry
"roads('RD1580',) vertex ordering",True,
"roads('RD1580',) geometry",True,Valid Geometry
"roads('RD1581',) vertex ordering",True,
"roads('RD1581',) geometry",True,Valid Geometry
"roads('RD1582',) vertex ordering",True,
"roads('RD1582',) geometry",True,Valid Geometry
"roads('RD1583',) vertex ordering",True,
"roads('RD1583',) geometry",True,Valid Geometry
"roads('RD1584',) vertex ordering",True,
"roads('RD1584',) geometry",True,Valid Geometry
"roads('RD1585',) vertex ordering",True,
"roads('RD1585',) geometry",True,Valid Geometry
"roads('RD1586',) vertex ordering",True,
"roads('RD1586',) geometry",True,Valid Geometry
"roads('RD1587',) vertex ordering",True,
"roads('RD1587',) geometry",True,Valid Geometry
"roads('RD1588',) vertex ordering",True,
"roads('RD1588',) geometry",True,Valid Geometry
"roads('RD1589',) vertex ordering",True,
"roads('RD1589',) geometry",True,Valid Geometry
"roads('RD1590',) vertex ordering",True,
"roads('RD1590',) geometry",True,Valid Geometry
"roads('RD1591',) vertex ordering",True,
"roads('RD1591',) geometry",True,Valid Geometry
"roads('RD1592',) vertex ordering",True,
"roads('RD1592',) geometry",True,Valid Geometry
"roads('RD1593',) vertex ordering",True,
"roads('RD1593',) geometry",True,Valid Geometry
"roads('RD1594',) vertex ordering",True,
"roads('RD1594',) geometry",True,Valid Geometry
"roads('RD1595',) vertex ordering",True,
"roads('RD1595',) geometry",True,Valid Geometry
"roads('RD1596',) vertex ordering",True,
"roads('RD1596',) geometry",True,Valid Geometry
"roads('RD1597',) vertex ordering",True,
"roads('RD1597',) geometry",True,Valid Geometry
"roads('RD1598',) vertex ordering",True,
"roads('RD1598',) geometry",True,Valid Geometry
"roads('RD1599',) vertex ordering",True,
"roads('RD1599',) geometry",True,Valid Geometry
"roads('RD1600',) vertex ordering",True,
"roads('RD1600',) geometry",True,Valid Geometry
"roads('RD1601',) vertex ordering",True,
"roads('RD1601',) geometry",True,Valid Geometry
"roads('RD1602',) vertex ordering",True,
"roads('RD1602',) geometry",True,Valid Geometry
"roads('RD1603',) vertex ordering",True,
"roads('RD1603',) geometry",True,Valid Geometry
"roads('RD1604',) vertex ordering",True,
"roads('RD1604',) geometry",True,Valid Geometry
"roads('RD1605',) vertex ordering",True,
"roads('RD1605',) geometry",True,Valid Geometry
"roads('RD1606',) vertex ordering",True,
"roads('RD1606',) geometry",True,Valid Geometry
"roads('RD1607',) vertex ordering",True,
"roads('RD1607',) geometry",True,Valid Geometry
"roads('RD1608',) vertex ordering",True,
"roads('RD1608',) geometry",True,Valid Geometry
"roads('RD1609',) vertex ordering",True,
"roads('RD1609',) geometry",True,Valid Geometry
"roads('RD1610',) vertex ordering",True,
"roads('RD1610',) geometry",True,Valid Geometry
"roads('RD1611',) vertex ordering",True,
"roads('RD1611',) geometry",True,Valid Geometry
"roads('RD1612',) vertex ordering",True,
"roads('RD1612',) geometry",True,Valid Geometry
"roads('RD1613',) vertex ordering",True,
"roads('RD1613',) geometry",True,Valid Geometry
"roads('RD1614',) vertex ordering",True,
"roads('RD1614',) geometry",True,Valid Geometry
"roads('RD1615',) vertex ordering",True,
"roads('RD1615',) geometry",True,Valid Geometry
"roads('RD1616',) vertex ordering",True,
"roads('RD1616',) geometry",True,Valid Geometry
"roads('RD1617',) vertex ordering",True,
"roads('RD1617',) geometry",True,Valid Geometry
"roads('RD1618',) vertex ordering",True,
"roads('RD1618',) geometry",True,Valid Geometry
"roads('RD1619',) vertex ordering",True,
"roads('RD1619',) geometry",True,Valid Geometry
"roads('RD1620',) vertex ordering",True,
"roads('RD1620',) geometry",True,Valid Geometry
"roads('RD1621',) vertex ordering",True,
"roads('RD1621',) geometry",True,Valid Geometry
"roads('RD1622',) vertex ordering",True,
"roads('RD1622',) geometry",True,Valid Geometry
"roads('RD1623',) vertex ordering",True,
"roads('RD1623',) geometry",True,Valid Geometry
"roads('RD1624',) vertex ordering",True,
"roads('RD1624',) geometry",True,Valid Geometry
"roads('RD1625',) vertex ordering",True,
"roads('RD1625',) geometry",True,Valid Geometry
"roads('RD1626',) vertex ordering",True,
"roads('RD1626',) geometry",True,Valid Geometry
"roads('RD1627',) vertex ordering",True,
"roads('RD1627',) geometry",True,Valid Geometry
"roads('RD1628',) vertex ordering",True,
"roads('RD1628',) geometry",True,Valid Geometry
"roads('RD1629',) vertex ordering",True,
"roads('RD1629',) geometry",True,Valid Geometry
"roads('RD1630',) vertex ordering",True,
"roads('RD1630',) geometry",True,Valid Geometry
"roads('RD1631',) vertex ordering",True,
"roads('RD1631',) geometry",True,Valid Geometry
"roads('RD1632',) vertex ordering",True,
"roads('RD1632',) geometry",True,Valid Geometry
"roads('RD1633',) vertex ordering",True,
"roads('RD1633',) geometry",True,Valid Geometry
"roads('RD1634',) vertex ordering",True,
"roads('RD1634',) geometry",True,Valid Geometry
"roads('RD1635',) vertex ordering",True,
"roads('RD1635',) geometry",True,Valid Geometry
"roads('RD1636',) vertex ordering",True,
"roads('RD1636',) geometry",True,Valid Geometry
"roads('RD1637',) vertex ordering",True,
"roads('RD1637',) geometry",True,Valid Geometry
"roads('RD1638',) vertex ordering",True,
"roads('RD1638',) geometry",True,Valid Geometry
"roads('RD1639',) vertex ordering",True,
"roads('RD1639',) geometry",True,Valid Geometry
"roads('RD1640',) vertex ordering",True,
"roads('RD1640',) geometry",True,Valid Geometry
"roads('RD1641',) vertex ordering",True,
"roads('RD1641',) geometry",True,Valid Geometry
"roads('RD1642',) vertex ordering",True,
"roads('RD1642',) geometry",True,Valid Geometry
"roads('RD1643',) vertex ordering",True,
"roads('RD1643',) geometry",True,Valid Geometry
"roads('RD1644',) vertex ordering",True,
"roads('RD1644',) geometry",True,Valid Geometry
"roads('RD1645',) vertex ordering",True,
"roads('RD1645',) geometry",True,Valid Geometry
"roads('RD1646',) vertex ordering",True,
"roads('RD1646',) geometry",True,Valid Geometry
"roads('RD1647',) vertex ordering",True,
"roads('RD1647',) geometry",True,Valid Geometry
"roads('RD1648',) vertex ordering",True,
"roads('RD1648',) geometry",True,Valid Geometry
"roads('RD1649',) vertex ordering",True,
"roads('RD1649',) geometry",True,Valid Geometry
"roads('RD1650',) vertex ordering",True,
"roads('RD1650',) geometry",True,Valid Geometry
"roads('RD1651',) vertex ordering",True,
"roads('RD1651',) geometry",True,Valid Geometry
"roads('RD1652',) vertex ordering",True,
"roads('RD1652',) geometry",True,Valid Geometry
"roads('RD1653',) vertex ordering",True,
"roads('RD1653',) geometry",True,Valid Geometry
"roads('RD1654',) vertex ordering",True,
"roads('RD1654',) geometry",True,Valid Geometry
"roads('RD1655',) vertex ordering",True,
"roads('RD1655',) geometry",True,Valid Geometry
"roads('RD1656',) vertex ordering",True,
"roads('RD1656',) geometry",True,Valid Geometry
"roads('RD1657',) vertex ordering",True,
"roads('RD1657',) geometry",True,Valid Geometry
"roads('RD1658',) vertex ordering",True,
"roads('RD1658',) geometry",True,Valid Geometry
"roads('RD1659',) vertex ordering",True,
"roads('RD1659',) geometry",True,Valid Geometry
"roads('RD1660',) vertex ordering",True,
"roads('RD1660',) geometry",True,Valid Geometry
"roads('RD1661',) vertex ordering",True,
"roads('RD1661',) geometry",True,Valid Geometry
"roads('RD1662',) vertex ordering",True,
"roads('RD1662',) geometry",True,Valid Geometry
"roads('RD1663',) vertex ordering",True,
"roads('RD1663',) geometry",True,Valid Geometry
"roads('RD1664',) vertex ordering",True,
"roads('RD1664',) geometry",True,Valid Geometry
"roads('RD1665',) vertex ordering",True,
"roads('RD1665',) geometry",True,Valid Geometry
"roads('RD1666',) vertex ordering",True,
"roads('RD1666',) geometry",True,Valid Geometry
"roads('RD1667',) vertex ordering",True,
"roads('RD1667',) geometry",True,Valid Geometry
"roads('RD1668',) vertex ordering",True,
"roads('RD1668',) geometry",True,Valid Geometry
"roads('RD1669',) vertex ordering",True,
"roads('RD1669',) geometry",True,Valid Geometry
"roads('RD1670',) vertex ordering",True,
"roads('RD1670',) geometry",True,Valid Geometry
"roads('RD1671',) vertex ordering",True,
"roads('RD1671',) geometry",True,Valid Geometry
"roads('RD1672',) vertex ordering",True,
"roads('RD1672',) geometry",True,Valid Geometry
"roads('RD1673',) vertex ordering",True,
"roads('RD1673',) geometry",True,Valid Geometry
"roads('RD1674',) vertex ordering",True,
"roads('RD1674',) geometry",True,Valid Geometry
"roads('RD1675',) vertex ordering",True,
"roads('RD1675',) geometry",True,Valid Geometry
"roads('RD1676',) vertex ordering",True,
"roads('RD1676',) geometry",True,Valid Geometry
"roads('RD1677',) vertex ordering",True,
"roads('RD1677',) geometry",True,Valid Geometry
"roads('RD1678',) vertex ordering",True,
"roads('RD1678',) geometry",True,Valid Geometry
"roads('RD1679',) vertex ordering",True,
"roads('RD1679',) geometry",True,Valid Geometry
"roads('RD1680',) vertex ordering",True,
"roads('RD1680',) geometry",True,Valid Geometry
"roads('RD1681',) vertex ordering",True,
"roads('RD1681',) geometry",True,Valid Geometry
"roads('RD1682',) vertex ordering",True,
"roads('RD1682',) geometry",True,Valid Geometry
"roads('RD1683',) vertex ordering",True,
"roads('RD1683',) geometry",True,Valid Geometry
"roads('RD1684',) vertex ordering",True,
"roads('RD1684',) geometry",True,Valid Geometry
"roads('RD1685',) vertex ordering",True,
"roads('RD1685',) geometry",True,Valid Geometry
"roads('RD1686',) vertex ordering",True,
"roads('RD1686',) geometry",True,Valid Geometry
"roads('RD1687',) vertex ordering",True,
"roads('RD1687',) geometry",True,Valid Geometry
"roads('RD1688',) vertex ordering",True,
"roads('RD1688',) geometry",True,Valid Geometry
"roads('RD1689',) vertex ordering",True,
"roads('RD1689',) geometry",True,Valid Geometry
"roads('RD1690',) vertex ordering",True,
"roads('RD1690',) geometry",True,Valid Geometry
"roads('RD1691',) vertex ordering",True,
"roads('RD1691',) geometry",True,Valid Geometry
"roads('RD1692',) vertex ordering",True,
"roads('RD1692',) geometry",True,Valid Geometry
"roads('RD1693',) vertex ordering",True,
"roads('RD1693',) geometry",True,Valid Geometry
"roads('RD1694',) vertex ordering",True,
"roads('RD1694',) geometry",True,Valid Geometry
"roads('RD1695',) vertex ordering",True,
"roads('RD1695',) geometry",True,Valid Geometry
"roads('RD1696',) vertex ordering",True,
"roads('RD1696',) geometry",True,Valid Geometry
"roads('RD1697',) vertex ordering",True,
"roads('RD1697',) geometry",True,Valid Geometry
"roads('RD1698',) vertex ordering",True,
"roads('RD1698',) geometry",True,Valid Geometry
"roads('RD1699',) vertex ordering",True,
"roads('RD1699',) geometry",True,Valid Geometry
"roads('RD1700',) vertex ordering",True,
"roads('RD1700',) geometry",True,Valid Geometry
"roads('RD1701',) vertex ordering",True,
"roads('RD1701',) geometry",True,Valid Geometry
"roads('RD1702',) vertex ordering",True,
"roads('RD1702',) geometry",True,Valid Geometry
"roads('RD1703',) vertex ordering",True,
"roads('RD1703',) geometry",True,Valid Geometry
"roads('RD1704',) vertex ordering",True,
"roads('RD1704',) geometry",True,Valid Geometry
"roads('RD1705',) vertex ordering",True,
"roads('RD1705',) geometry",True,Valid Geometry
"roads('RD1706',) vertex ordering",True,
"roads('RD1706',) geometry",True,Valid Geometry
"roads('RD1707',) vertex ordering",True,
"roads('RD1707',) geometry",True,Valid Geometry
"roads('RD1708',) vertex ordering",True,
"roads('RD1708',) geometry",True,Valid Geometry
"roads('RD1709',) vertex ordering",True,
"roads('RD1709',) geometry",True,Valid Geometry
"roads('RD1710',) vertex ordering",True,
"roads('RD1710',) geometry",True,Valid Geometry
"roads('RD1711',) vertex ordering",True,
"roads('RD1711',) geometry",True,Valid Geometry
"roads('RD1712',) vertex ordering",True,
"roads('RD1712',) geometry",True,Valid Geometry
"roads('RD1713',) vertex ordering",True,
"roads('RD1713',) geometry",True,Valid Geometry
"roads('RD1714',) vertex ordering",True,
"roads('RD1714',) geometry",True,Valid Geometry
"roads('RD1715',) vertex ordering",True,
"roads('RD1715',) geometry",True,Valid Geometry
"roads('RD1716',) vertex ordering",True,
"roads('RD1716',) geometry",True,Valid Geometry
"roads('RD1717',) vertex ordering",True,
"roads('RD1717',) geometry",True,Valid Geometry
"roads('RD1718',) vertex ordering",True,
"roads('RD1718',) geometry",True,Valid Geometry
"roads('RD1719',) vertex ordering",True,
"roads('RD1719',) geometry",True,Valid Geometry
"roads('RD1720',) vertex ordering",True,
"roads('RD1720',) geometry",True,Valid Geometry
"roads('RD1721',) vertex ordering",True,
"roads('RD1721',) geometry",True,Valid Geometry
"roads('RD1722',) vertex ordering",True,
"roads('RD1722',) geometry",True,Valid Geometry
"roads('RD1723',) vertex ordering",True,
"roads('RD1723',) geometry",True,Valid Geometry
"roads('RD1724',) vertex ordering",True,
"roads('RD1724',) geometry",True,Valid Geometry
"roads('RD1725',) vertex ordering",True,
"roads('RD1725',) geometry",True,Valid Geometry
"roads('RD1726',) vertex ordering",True,
"roads('RD1726',) geometry",True,Valid Geometry
"roads('RD1727',) vertex ordering",True,
"roads('RD1727',) geometry",True,Valid Geometry
"roads('RD1728',) vertex ordering",True,
"roads('RD1728',) geometry",True,Valid Geometry
"roads('RD1729',) vertex ordering",True,
"roads('RD1729',) geometry",True,Valid Geometry
"roads('RD1730',) vertex ordering",True,
"roads('RD1730',) geometry",True,Valid Geometry
"roads('RD1731',) vertex ordering",True,
"roads('RD1731',) geometry",True,Valid Geometry
"roads('RD1732',) vertex ordering",True,
"roads('RD1732',) geometry",True,Valid Geometry
"roads('RD1733',) vertex ordering",True,
"roads('RD1733',) geometry",True,Valid Geometry
"roads('RD1734',) vertex ordering",True,
"roads('RD1734',) geometry",True,Valid Geometry
"roads('RD1735',) vertex ordering",True,
"roads('RD1735',) geometry",True,Valid Geometry
"roads('RD1736',) vertex ordering",True,
"roads('RD1736',) geometry",True,Valid Geometry
"roads('RD1737',) vertex ordering",True,
"roads('RD1737',) geometry",True,Valid Geometry
"roads('RD1738',) vertex ordering",True,
"roads('RD1738',) geometry",True,Valid Geometry
"roads('RD1739',) vertex ordering",True,
"roads('RD1739',) geometry",True,Valid Geometry
"roads('RD1740',) vertex ordering",True,
"roads('RD1740',) geometry",True,Valid Geometry
"roads('RD1741',) vertex ordering",True,
"roads('RD1741',) geometry",True,Valid Geometry
"roads('RD1742',) vertex ordering",True,
"roads('RD1742',) geometry",True,Valid Geometry
"roads('RD1743',) vertex ordering",True,
"roads('RD1743',) geometry",True,Valid Geometry
"roads('RD1744',) vertex ordering",True,
"roads('RD1744',) geometry",True,Valid Geometry
"roads('RD1745',) vertex ordering",True,
"roads('RD1745',) geometry",True,Valid Geometry
"roads('RD1746',) vertex ordering",True,
"roads('RD1746',) geometry",True,Valid Geometry
"roads('RD1747',) vertex ordering",True,
"roads('RD1747',) geometry",True,Valid Geometry
"roads('RD1748',) vertex ordering",True,
"roads('RD1748',) geometry",True,Valid Geometry
"roads('RD1749',) vertex ordering",True,
"roads('RD1749',) geometry",True,Valid Geometry
"roads('RD1750',) vertex ordering",True,
"roads('RD1750',) geometry",True,Valid Geometry
"roads('RD1751',) vertex ordering",True,
"roads('RD1751',) geometry",True,Valid Geometry
"roads('RD1752',) vertex ordering",True,
"roads('RD1752',) geometry",True,Valid Geometry
"roads('RD1753',) vertex ordering",True,
"roads('RD1753',) geometry",True,Valid Geometry
"roads('RD1754',) vertex ordering",True,
"roads('RD1754',) geometry",True,Valid Geometry
"roads('RD1755',) vertex ordering",True,
"roads('RD1755',) geometry",True,Valid Geometry
"roads('RD1756',) vertex ordering",True,
"roads('RD1756',) geometry",True,Valid Geometry
"roads('RD1757',) vertex ordering",True,
"roads('RD1757',) geometry",True,Valid Geometry
"roads('RD1758',) vertex ordering",True,
"roads('RD1758',) geometry",True,Valid Geometry
"roads('RD1759',) vertex ordering",True,
"roads('RD1759',) geometry",True,Valid Geometry
"roads('RD1760',) vertex ordering",True,
"roads('RD1760',) geometry",True,Valid Geometry
"roads('RD1761',) vertex ordering",True,
"roads('RD1761',) geometry",True,Valid Geometry
"roads('RD1762',) vertex ordering",True,
"roads('RD1762',) geometry",True,Valid Geometry
"roads('RD1763',) vertex ordering",True,
"roads('RD1763',) geometry",True,Valid Geometry
"roads('RD1764',) vertex ordering",True,
"roads('RD1764',) geometry",True,Valid Geometry
"roads('RD1765',) vertex ordering",True,
"roads('RD1765',) geometry",True,Valid Geometry
"roads('RD1766',) vertex ordering",True,
"roads('RD1766',) geometry",True,Valid Geometry
"roads('RD1767',) vertex ordering",True,
"roads('RD1767',) geometry",True,Valid Geometry
"roads('RD1768',) vertex ordering",True,
"roads('RD1768',) geometry",True,Valid Geometry
"roads('RD1769',) vertex ordering",True,
"roads('RD1769',) geometry",True,Valid Geometry
"roads('RD1770',) vertex ordering",True,
"roads('RD1770',) geometry",True,Valid Geometry
"roads('RD1771',) vertex ordering",True,
"roads('RD1771',) geometry",True,Valid Geometry
"roads('RD1772',) vertex ordering",True,
"roads('RD1772',) geometry",True,Valid Geometry
"roads('RD1773',) vertex ordering",True,
"roads('RD1773',) geometry",True,Valid Geometry
"roads('RD1774',) vertex ordering",True,
"roads('RD1774',) geometry",True,Valid Geometry
"roads('RD1775',) vertex ordering",True,
"roads('RD1775',) geometry",True,Valid Geometry
"roads('RD1776',) vertex ordering",True,
"roads('RD1776',) geometry",True,Valid Geometry
"roads('RD1777',) vertex ordering",True,
"roads('RD1777',) geometry",True,Valid Geometry
"roads('RD1778',) vertex ordering",True,
"roads('RD1778',) geometry",True,Valid Geometry
"roads('RD1779',) vertex ordering",True,
"roads('RD1779',) geometry",True,Valid Geometry
"roads('RD1780',) vertex ordering",True,
"roads('RD1780',) geometry",True,Valid Geometry
"roads('RD1781',) vertex ordering",True,
"roads('RD1781',) geometry",True,Valid Geometry
"roads('RD1782',) vertex ordering",True,
"roads('RD1782',) geometry",True,Valid Geometry
"roads('RD1783',) vertex ordering",True,
"roads('RD1783',) geometry",True,Valid Geometry
"roads('RD1784',) vertex ordering",True,
"roads('RD1784',) geometry",True,Valid Geometry
"roads('RD1785',) vertex ordering",True,
"roads('RD1785',) geometry",True,Valid Geometry
"roads('RD1786',) vertex ordering",True,
"roads('RD1786',) geometry",True,Valid Geometry
"roads('RD1787',) vertex ordering",True,
"roads('RD1787',) geometry",True,Valid Geometry
"roads('RD1788',) vertex ordering",True,
"roads('RD1788',) geometry",True,Valid Geometry
"roads('RD1789',) vertex ordering",True,
"roads('RD1789',) geometry",True,Valid Geometry
"roads('RD1790',) vertex ordering",True,
"roads('RD1790',) geometry",True,Valid Geometry
"roads('RD1791',) vertex ordering",True,
"roads('RD1791',) geometry",True,Valid Geometry
"roads('RD1792',) vertex ordering",True,
"roads('RD1792',) geometry",True,Valid Geometry
"roads('RD1793',) vertex ordering",True,
"roads('RD1793',) geometry",True,Valid Geometry
"roads('RD1794',) vertex ordering",True,
"roads('RD1794',) geometry",True,Valid Geometry
"roads('RD1795',) vertex ordering",True,
"roads('RD1795',) geometry",True,Valid Geometry
"roads('RD1796',) vertex ordering",True,
"roads('RD1796',) geometry",True,Valid Geometry
"roads('RD1797',) vertex ordering",True,
"roads('RD1797',) geometry",True,Valid Geometry
"roads('RD1798',) vertex ordering",True,
"roads('RD1798',) geometry",True,Valid Geometry
"roads('RD1799',) vertex ordering",True,
"roads('RD1799',) geometry",True,Valid Geometry
"roads('RD1800',) vertex ordering",True,
"roads('RD1800',) geometry",True,Valid Geometry
"roads('RD1801',) vertex ordering",True,
"roads('RD1801',) geometry",True,Valid Geometry
"roads('RD1802',) vertex ordering",True,
"roads('RD1802',) geometry",True,Valid Geometry
"roads('RD1803',) vertex ordering",True,
"roads('RD1803',) geometry",True,Valid Geometry
"roads('RD1804',) vertex ordering",True,
"roads('RD1804',) geometry",True,Valid Geometry
"roads('RD1805',) vertex ordering",True,
"roads('RD1805',) geometry",True,Valid Geometry
"roads('RD1806',) vertex ordering",True,
"roads('RD1806',) geometry",True,Valid Geometry
"roads('RD1807',) vertex ordering",True,
"roads('RD1807',) geometry",True,Valid Geometry
"roads('RD1808',) vertex ordering",True,
"roads('RD1808',) geometry",True,Valid Geometry
"roads('RD1809',) vertex ordering",True,
"roads('RD1809',) geometry",True,Valid Geometry
"roads('RD1810',) vertex ordering",True,
"roads('RD1810',) geometry",True,Valid Geometry
"roads('RD1811',) vertex ordering",True,
"roads('RD1811',) geometry",True,Valid Geometry
"roads('RD1812',) vertex ordering",True,
"roads('RD1812',) geometry",True,Valid Geometry
"roads('RD1813',) vertex ordering",True,
"roads('RD1813',) geometry",True,Valid Geometry
"roads('RD1814',) vertex ordering",True,
"roads('RD1814',) geometry",True,Valid Geometry
"roads('RD1815',) vertex ordering",True,
"roads('RD1815',) geometry",True,Valid Geometry
"roads('RD1816',) vertex ordering",True,
"roads('RD1816',) geometry",True,Valid Geometry
"roads('RD1817',) vertex ordering",True,
"roads('RD1817',) geometry",True,Valid Geometry
"roads('RD1818',) vertex ordering",True,
"roads('RD1818',) geometry",True,Valid Geometry
"roads('RD1819',) vertex ordering",True,
"roads('RD1819',) geometry",True,Valid Geometry
"roads('RD1820',) vertex ordering",True,
"roads('RD1820',) geometry",True,Valid Geometry
"roads('RD1821',) vertex ordering",True,
"roads('RD1821',) geometry",True,Valid Geometry
"roads('RD1822',) vertex ordering",True,
"roads('RD1822',) geometry",True,Valid Geometry
"roads('RD1823',) vertex ordering",True,
"roads('RD1823',) geometry",True,Valid Geometry
"roads('RD1824',) vertex ordering",True,
"roads('RD1824',) geometry",True,Valid Geometry
"roads('RD1825',) vertex ordering",True,
"roads('RD1825',) geometry",True,Valid Geometry
"roads('RD1826',) vertex ordering",True,
"roads('RD1826',) geometry",True,Valid Geometry
"roads('RD1827',) vertex ordering",True,
"roads('RD1827',) geometry",True,Valid Geometry
"roads('RD1828',) vertex ordering",True,
"roads('RD1828',) geometry",True,Valid Geometry
"roads('RD1829',) vertex ordering",True,
"roads('RD1829',) geometry",True,Valid Geometry
roads full MAT CSV equality,True,"{'file': '镇龙乡及周边道路.mat', 'rows': 21015, 'columns': 7, 'compared_cells': 147105, 'mismatch_count': 0, 'all_equal': True}"
file structure 中继无人机数据.xlsx,True,
file structure 物资需求与配送时限.xlsx,True,
file structure 调度中心与服务区.xlsx,True,
file structure 运输无人机数据.xlsx,True,
file structure 通信链路参数.xlsx,True,
file structure 镇龙乡及周边30米DEM.mat,True,
file structure 镇龙乡及周边30米DEM.tif,True,
file structure 镇龙乡及周边村镇点位.csv,True,
file structure 镇龙乡及周边村镇点位.mat,True,
file structure 镇龙乡及周边水体.csv,True,
file structure 镇龙乡及周边水体.mat,True,
file structure 镇龙乡及周边水系.csv,True,
file structure 镇龙乡及周边水系.mat,True,
file structure 镇龙乡及周边道路.csv,True,
file structure 镇龙乡及周边道路.mat,True,
file structure 镇龙乡地理空间数据说明.pdf,True,
file structure 镇龙乡地理空间详情地图.html,True,
file structure 结果提交模板.xlsx,True,
file structure 题面.docx,True,
