service_id,row,col,fraction,along_m,lon_center_deg,lat_center_deg,dem_m
S001,778,713,0.0,0.0,109.23083333333334,23.00861111111111,128.7255401611328
S001,777,713,0.009588090833700736,29.281826555855698,109.23083333333334,23.008888888888887,130.80474853515625
S001,777,714,0.009735078773309678,29.730724613673782,109.23111111111112,23.008888888888887,132.31642150878906
S001,776,714,0.020662346820886433,63.102370048428895,109.23111111111112,23.009166666666665,133.5413055419922
S001,775,714,0.03173660280807213,96.9229135410021,109.23111111111112,23.009444444444444,135.11814880371094
S001,775,715,0.03217233970427466,98.25364480334504,109.2313888888889,23.009444444444444,140.24159240722656
S001,774,715,0.042810858795257825,130.74345703357528,109.2313888888889,23.009722222222223,144.3026123046875
S001,773,715,0.053885114782443524,164.56400052614848,109.2313888888889,23.009999999999998,145.23208618164062
S001,773,716,0.05460960063523965,166.7765649930163,109.23166666666667,23.009999999999998,142.67367553710938
S001,772,716,0.06495937076962922,198.3845440187217,109.23166666666667,23.010277777777777,141.5878448486328
S001,771,716,0.07603362675681492,232.2050875112949,109.23166666666667,23.010555555555555,141.0373077392578
S001,771,717,0.07704686156620463,235.29948518268756,109.23194444444445,23.010555555555555,137.09552001953125
S001,770,717,0.08710788274400062,266.0256310038681,109.23194444444445,23.010833333333334,138.46737670898438
S001,769,717,0.09818213873118632,299.8461744964413,109.23194444444445,23.01111111111111,142.2293701171875
S001,769,718,0.09948412249716962,303.82240537235884,109.23222222222223,23.01111111111111,139.03878784179688
S001,768,718,0.10925639471837201,333.66671798901444,109.23222222222223,23.011388888888888,142.09059143066406
S001,767,718,0.1203306507055577,367.48726148158767,109.23222222222223,23.011666666666667,150.4017333984375
S001,767,719,0.1219213834281346,372.3453255620301,109.2325,23.011666666666667,146.45533752441406
S001,766,719,0.1314049066927434,401.30780497416083,109.2325,23.011944444444445,153.67835998535156
S001,765,719,0.1424791626799291,435.12834846673405,109.2325,23.01222222222222,158.906982421875
S001,765,720,0.1443586443590996,440.86824575170135,109.23277777777778,23.01222222222222,156.9326629638672
S001,764,720,0.1535534186671148,468.9488919593073,109.23277777777778,23.0125,161.6325225830078
S001,763,720,0.1646276746543005,502.76943545188044,109.23277777777778,23.012777777777778,162.75421142578125
S001,763,721,0.16679590529006458,509.3911659413726,109.23305555555557,23.012777777777778,163.5756072998047
S001,762,721,0.1757019306414862,536.5899789444537,109.23305555555557,23.013055555555553,165.66754150390625
S001,761,721,0.1867761866286719,570.4105224370269,109.23305555555557,23.013333333333332,166.5437774658203
S001,761,722,0.18923316622102956,577.9140861310439,109.23333333333333,23.013333333333332,163.1529083251953
S001,760,722,0.1978504426158576,604.2310659296,109.23333333333333,23.01361111111111,166.9786834716797
S001,759,722,0.2089246986030433,638.0516094221733,109.23333333333333,23.01388888888889,174.78916931152344
S001,759,723,0.21167042715199455,646.4370063207151,109.23361111111112,23.01388888888889,176.50196838378906
S001,758,723,0.219998954590229,671.8721529147465,109.23361111111112,23.014166666666664,186.74330139160156
S001,757,723,0.23107321057741467,705.6926964073195,109.23361111111112,23.014444444444443,195.83773803710938
S001,757,724,0.23410768808295954,714.9599265103864,109.2338888888889,23.014444444444443,199.0145263671875
S001,756,724,0.24214746656460037,739.5132398998928,109.2338888888889,23.014722222222222,205.36367797851562
S001,755,724,0.2532217225517861,773.3337833924661,109.2338888888889,23.015,199.11651611328125
S001,755,725,0.2565449490139245,783.4828467000576,109.23416666666667,23.015,206.61099243164062
S001,754,725,0.2642959785389718,807.1543268850393,109.23416666666667,23.015277777777776,205.8351593017578
S001,753,725,0.2753702345261575,840.9748703776124,109.23416666666667,23.015555555555554,196.81793212890625
S001,753,726,0.2789822099448895,852.0057668897289,109.23444444444445,23.015555555555554,196.62066650390625
S001,752,726,0.2864444905133432,874.7954138701857,109.23444444444445,23.015833333333333,181.01292419433594
S001,751,726,0.2975187465005289,908.6159573627589,109.23444444444445,23.016111111111112,159.1558380126953
S001,751,727,0.30141947087585447,920.5286870794001,109.23472222222223,23.016111111111112,157.11402893066406
S001,750,727,0.3085930024877146,942.436500855332,109.23472222222223,23.016388888888887,138.3493194580078
S001,749,727,0.31966725847490024,976.2570443479051,109.23472222222223,23.016666666666666,140.89254760742188
S001,749,728,0.32385673180681945,989.0516072690714,109.235,23.016666666666666,139.77549743652344
S001,748,728,0.33074151446208594,1010.0775878404784,109.235,23.016944444444444,155.73793029785156
S001,747,728,0.34181577044927164,1043.8981313330514,109.235,23.017222222222223,171.0520782470703
S001,747,729,0.34629399273778444,1057.5745274587425,109.23527777777778,23.017222222222223,168.02224731445312
S001,746,729,0.35289002643645734,1077.7186748256247,109.23527777777778,23.0175,187.85836791992188
S001,745,729,0.36396428242364304,1111.539218318198,109.23527777777778,23.017777777777777,198.900634765625
S001,745,730,0.3687312536687494,1126.097447648414,109.23555555555556,23.017777777777777,193.07386779785156
S001,744,730,0.37503853841082874,1145.359761810771,109.23555555555556,23.018055555555556,182.73458862304688
S001,743,730,0.38611279439801444,1179.1803053033443,109.23555555555556,23.01833333333333,172.30978393554688
S001,743,731,0.3911685145997144,1194.6203678380853,109.23583333333333,23.01833333333333,160.85816955566406
S001,742,731,0.39718705038520014,1213.0008487959176,109.23583333333333,23.01861111111111,153.74887084960938
S001,741,731,0.40826130637238583,1246.8213922884906,109.23583333333333,23.01888888888889,160.18382263183594
S001,741,732,0.4136057755306794,1263.1432880277564,109.23611111111111,23.01888888888889,163.2061004638672
S001,740,732,0.41933556235957153,1280.641935781064,109.23611111111111,23.019166666666667,164.8919219970703
S001,739,732,0.43040981834675723,1314.4624792736372,109.23611111111111,23.019444444444442,176.84288024902344
S001,739,733,0.4360430364616444,1331.6662082174278,109.2363888888889,23.019444444444442,186.74765014648438
S001,738,733,0.44148407433394293,1348.2830227662103,109.2363888888889,23.01972222222222,196.0955810546875
S001,737,733,0.45255833032112863,1382.1035662587835,109.2363888888889,23.02,189.86671447753906
S001,737,734,0.45848029739260937,1400.189128407099,109.23666666666668,23.02,178.46998596191406
S001,736,734,0.46363258630831433,1415.9241097513568,109.23666666666668,23.02027777777778,164.6157684326172
S001,735,734,0.47470684229550003,1449.7446532439299,109.23666666666668,23.020555555555553,148.64019775390625
S001,735,735,0.48091755832357436,1468.7120485967703,109.23694444444445,23.020555555555553,143.9332733154297
S001,734,735,0.48578109828268573,1483.5651967365031,109.23694444444445,23.020833333333332,148.27027893066406
S001,733,735,0.49685535426987143,1517.3857402290764,109.23694444444445,23.02111111111111,152.0780792236328
S001,733,736,0.5033548192545394,1537.2349687864416,109.23722222222223,23.02111111111111,159.90310668945312
S001,732,736,0.5079296102570571,1551.2062837216495,109.23722222222223,23.02138888888889,160.89425659179688
S001,731,736,0.5190038662442428,1585.0268272142225,109.23722222222223,23.021666666666665,165.4351043701172
S001,731,737,0.5257920801855044,1605.757888976113,109.23750000000001,23.021666666666665,157.24456787109375
S001,730,737,0.5300781222314285,1618.8473707067958,109.23750000000001,23.021944444444443,164.92095947265625
S001,729,737,0.5411523782186142,1652.667914199369,109.23750000000001,23.022222222222222,170.78465270996094
S001,729,738,0.5482293411164694,1674.2808091657841,109.23777777777778,23.022222222222222,182.37081909179688
S001,728,738,0.5522266342057999,1686.4884576919421,109.23777777777778,23.0225,180.53103637695312
S001,727,738,0.5633008901929856,1720.3090011845154,109.23777777777778,23.022777777777776,185.40367126464844
S001,727,739,0.5706666020474344,1742.8037293554555,109.23805555555556,23.022777777777776,200.06764221191406
S001,726,739,0.5743751461801713,1754.1295446770887,109.23805555555556,23.023055555555555,207.7728729248047
S001,725,739,0.585449402167357,1787.9500881696617,109.23805555555556,23.023333333333333,195.97755432128906
S001,725,740,0.5931038629783993,1811.3266495451267,109.23833333333334,23.023333333333333,196.93614196777344
S001,724,740,0.5965236581545427,1821.770631662235,109.23833333333334,23.02361111111111,182.5525360107422
S001,723,740,0.6075979141417284,1855.5911751548083,109.23833333333334,23.023888888888887,191.4572296142578
S001,723,741,0.6155411239093643,1879.849569734798,109.23861111111111,23.023888888888887,211.8333282470703
S001,722,741,0.6186721701289141,1889.4117186473813,109.23861111111111,23.024166666666666,219.9192657470703
S001,721,741,0.6297464261160998,1923.2322621399546,109.23861111111111,23.024444444444445,223.05661010742188
S001,721,742,0.6379783848403293,1948.3724899244692,109.2388888888889,23.024444444444445,221.7563934326172
S001,720,742,0.6408206821032855,1957.052805632528,109.2388888888889,23.02472222222222,209.37196350097656
S001,719,742,0.6518949380904712,1990.873349125101,109.2388888888889,23.025,197.9749755859375
S001,719,743,0.6604156457712943,2016.8954101141405,109.23916666666668,23.025,197.1860809326172
S001,718,743,0.6629691940776569,2024.6938926176742,109.23916666666668,23.025277777777777,181.29310607910156
S001,717,743,0.6740434500648426,2058.5144361102475,109.23916666666668,23.025555555555556,177.47328186035156
S001,717,744,0.6828529067022593,2085.4183303038117,109.23944444444444,23.025555555555556,189.44052124023438
S001,716,744,0.6851177060520283,2092.3349796028206,109.23944444444444,23.02583333333333,208.28103637695312
S001,715,744,0.696191962039214,2126.1555230953936,109.23944444444444,23.02611111111111,212.2935333251953
S001,715,745,0.7052901676332243,2153.941250493483,109.23972222222223,23.02611111111111,219.75453186035156
S001,714,745,0.7072662180263997,2159.976066587967,109.23972222222223,23.02638888888889,207.915771484375
S001,713,745,0.7183404740135854,2193.79661008054,109.23972222222223,23.026666666666667,196.9198760986328
S001,713,746,0.7277274285641893,2222.4641706831544,109.24000000000001,23.026666666666667,194.655029296875
S001,712,746,0.7294147300007711,2227.6171535731132,109.24000000000001,23.026944444444442,186.66009521484375
S001,711,746,0.7404889859879568,2261.4376970656867,109.24000000000001,23.02722222222222,182.56399536132812
S001,711,747,0.7501646894951541,2290.9870908728253,109.24027777777778,23.02722222222222,186.36813354492188
S001,710,747,0.7515632419751425,2295.25824055826,109.24027777777778,23.0275,176.91641235351562
S001,709,747,0.7626374979623282,2329.078784050833,109.24027777777778,23.02777777777778,181.5545196533203
S001,709,748,0.7726019504261191,2359.5100110624962,109.24055555555556,23.02777777777778,195.95016479492188
S001,708,748,0.7737117539495139,2362.8993275434063,109.24055555555556,23.028055555555554,194.3182830810547
S001,707,748,0.7847860099366996,2396.7198710359794,109.24055555555556,23.028333333333332,184.3134765625
S001,707,749,0.7950392113570841,2428.0329312521676,109.24083333333334,23.028333333333332,203.2067108154297
S001,706,749,0.7958602659238853,2430.5404145285524,109.24083333333334,23.02861111111111,194.59690856933594
S001,705,749,0.806934521911071,2464.360958021126,109.24083333333334,23.02888888888889,184.76614379882812
S001,705,750,0.8174764722880491,2496.555851441839,109.24111111111111,23.02888888888889,195.2332000732422
S001,704,750,0.8180087778982567,2498.181501513699,109.24111111111111,23.029166666666665,186.42477416992188
S001,703,750,0.8290830338854424,2532.002045006272,109.24111111111111,23.029444444444444,192.69046020507812
S001,703,751,0.8399137332190141,2565.0787716315103,109.24138888888889,23.029444444444444,201.8096160888672
S001,702,751,0.840157289872628,2565.8225884988456,109.24138888888889,23.029722222222222,194.8701934814453
S001,701,751,0.8512315458598138,2599.6431319914186,109.24138888888889,23.029999999999998,194.1124725341797
S001,700,751,0.8623058018469995,2633.4636754839917,109.24138888888889,23.030277777777776,180.91859436035156
S001,700,752,0.8623509941499791,2633.6016918211817,109.24166666666667,23.030277777777776,155.07821655273438
S001,699,752,0.8733800578341852,2667.284218976565,109.24166666666667,23.030555555555555,146.75933837890625
S001,698,752,0.8844543138213709,2701.104762469138,109.24166666666667,23.030833333333334,151.46548461914062
S001,698,753,0.884788255080944,2702.1246120108526,109.24194444444446,23.030833333333334,150.22930908203125
S001,697,753,0.8955285698085566,2734.9253059617113,109.24194444444446,23.03111111111111,154.8434295654297
S001,696,753,0.9066028257957423,2768.745849454285,109.24194444444446,23.031388888888888,157.3914337158203
S001,696,754,0.907225516011909,2770.647532200524,109.24222222222222,23.031388888888888,158.7278289794922
S001,695,754,0.917677081782928,2802.566392946858,109.24222222222222,23.031666666666666,158.96871948242188
S001,694,754,0.9287513377701136,2836.386936439431,109.24222222222222,23.031944444444445,165.27926635742188
S001,694,755,0.929662776942874,2839.1704523901954,109.2425,23.031944444444445,156.3206329345703
S001,693,755,0.9398255937572993,2870.2074799320044,109.2425,23.03222222222222,149.48812866210938
S001,692,755,0.950899849744485,2904.0280234245774,109.2425,23.0325,148.6284637451172
S001,692,756,0.952100037873839,2907.6933725798667,109.24277777777779,23.0325,151.33242797851562
S001,691,756,0.9619741057316707,2937.8485669171505,109.24277777777779,23.032777777777778,156.43264770507812
S001,690,756,0.9730483617188564,2971.669110409724,109.24277777777779,23.033055555555556,154.73875427246094
S001,690,757,0.974537298804804,2976.2162927695376,109.24305555555556,23.033055555555556,154.0418243408203
S001,689,757,0.9841226177060421,3005.489653902297,109.24305555555556,23.03333333333333,151.58099365234375
S001,688,757,0.9951968736932278,3039.31019739487,109.24305555555556,23.03361111111111,152.53707885742188
S001,688,758,0.996974559735769,3044.739212959209,109.24333333333334,23.03361111111111,153.96136474609375
S002,778,713,0.0,0.0,109.23083333333334,23.00861111111111,128.7255401611328
S002,777,713,0.003890477792730099,28.833538740533424,109.23083333333334,23.008888888888887,130.80474853515625
S002,777,714,0.00435095133715226,32.246251134599056,109.23111111111112,23.008888888888887,132.31642150878906
S002,776,714,0.008383984136841882,62.13630928863619,109.23111111111112,23.009166666666665,133.5413055419922
S002,775,714,0.012877490480953666,95.43907983673897,109.23111111111112,23.009444444444444,135.11814880371094
S002,775,715,0.014378957552907492,106.56691844507499,109.2313888888889,23.009444444444444,140.24159240722656
S002,774,715,0.01737099682506545,128.74185038484174,109.2313888888889,23.009722222222223,144.3026123046875
S002,773,715,0.02186450316917723,162.0446209329445,109.2313888888889,23.009999999999998,145.23208618164062
S002,773,716,0.024406963768662724,180.88758575555093,109.23166666666667,23.009999999999998,142.67367553710938
S002,772,716,0.026358009513289014,195.34739148104725,109.23166666666667,23.010277777777777,141.5878448486328
S002,771,716,0.0308515158574008,228.65016202915004,109.23166666666667,23.010555555555555,141.0373077392578
S002,771,717,0.03443496998441795,255.20825306602686,109.23194444444445,23.010555555555555,137.09552001953125
S002,770,717,0.03534502220151258,261.9529325772528,109.23194444444445,23.010833333333334,138.46737670898438
S002,769,717,0.03983852854562436,295.2557031253556,109.23194444444445,23.01111111111111,142.2293701171875
S002,768,717,0.044332034889736145,328.5584736734583,109.23194444444445,23.011388888888888,148.668212890625
S002,768,718,0.044462976200173185,329.5289203765028,109.23222222222223,23.011388888888888,142.09059143066406
S002,767,718,0.048825541233847934,361.86124422156115,109.23222222222223,23.011666666666667,150.4017333984375
S002,766,718,0.053319047577959716,395.16401476966394,109.23222222222223,23.011944444444445,158.07029724121094
S002,766,719,0.05449098241592842,403.84958768697874,109.2325,23.011944444444445,153.67835998535156
S002,765,719,0.0578125539220715,428.46678531776666,109.2325,23.01222222222222,158.906982421875
S002,764,719,0.06230606026618328,461.76955586586945,109.2325,23.0125,160.82275390625
S002,764,720,0.06451898863168365,478.17025499745466,109.23277777777778,23.0125,161.6325225830078
S002,763,720,0.06679956661029507,495.07232641397223,109.23277777777778,23.012777777777778,162.75421142578125
S002,762,720,0.07129307295440684,528.375096962075,109.23277777777778,23.013055555555553,165.4799041748047
S002,762,721,0.07454699484743887,552.4909223079305,109.23305555555557,23.013055555555553,165.66754150390625
S002,761,721,0.07578657929851863,561.6778675101777,109.23305555555557,23.013333333333332,166.5437774658203
S002,760,721,0.08028008564263041,594.9806380582804,109.23305555555557,23.01361111111111,167.76405334472656
S002,760,722,0.08457500106319411,626.8115896184065,109.23333333333333,23.01361111111111,166.9786834716797
S002,759,722,0.0847735919867422,628.2834086063833,109.23333333333333,23.01388888888889,174.78916931152344
S002,758,722,0.08926709833085399,661.5861791544861,109.23333333333333,23.014166666666664,183.51953125
S002,757,722,0.09376060467496576,694.8889497025888,109.23333333333333,23.014444444444443,190.01271057128906
S002,757,723,0.09460300727894934,701.1322569288824,109.23361111111112,23.014444444444443,195.83773803710938
S002,756,723,0.09825411101907755,728.1917202506917,109.23361111111112,23.014722222222222,198.77255249023438
S002,755,723,0.10274761736318933,761.4944907987943,109.23361111111112,23.015,188.4161376953125
S002,755,724,0.10463101349470458,775.4529242393585,109.2338888888889,23.015,199.11651611328125
S002,754,724,0.10724112370730111,794.7972613468971,109.2338888888889,23.015277777777776,195.76229858398438
S002,753,724,0.1117346300514129,828.1000318949999,109.2338888888889,23.015555555555554,190.75100708007812
S002,753,725,0.1146590197104598,849.7735915498344,109.23416666666667,23.015555555555554,196.81793212890625
S002,752,725,0.11622813639552468,861.4028024431027,109.23416666666667,23.015833333333333,181.97972106933594
S002,751,725,0.12072164273963647,894.7055729912055,109.23416666666667,23.016111111111112,159.21817016601562
S002,751,726,0.12468702592621504,924.0942588603103,109.23444444444445,23.016111111111112,159.1558380126953
S002,750,726,0.12521514908374826,928.0083435393083,109.23444444444445,23.016388888888887,136.96408081054688
S002,749,726,0.12970865542786003,961.311114087411,109.23444444444445,23.016666666666666,143.4798126220703
S002,748,726,0.1342021617719718,994.6138846355137,109.23444444444445,23.016944444444444,168.96743774414062
S002,748,727,0.13471503214197028,998.4149261707863,109.23472222222223,23.016944444444444,163.0107879638672
S002,747,727,0.1386956681160836,1027.9166551836167,109.23472222222223,23.017222222222223,178.5902099609375
S002,746,727,0.14318917446019538,1061.2194257317194,109.23472222222223,23.0175,183.88833618164062
S002,746,728,0.1447430383577255,1072.7355934812622,109.235,23.0175,189.39260864257812
S002,745,728,0.14768268080430716,1094.522196279822,109.235,23.017777777777777,193.2533721923828
S002,744,728,0.15217618714841893,1127.8249668279248,109.235,23.018055555555556,181.4134521484375
S002,744,729,0.15477104457348073,1147.0562607917382,109.23527777777778,23.018055555555556,189.0953369140625
S002,743,729,0.15666969349253074,1161.1277373760277,109.23527777777778,23.01833333333333,176.63528442382812
S002,742,729,0.1611631998366425,1194.4305079241303,109.23527777777778,23.01861111111111,159.65402221679688
S002,742,730,0.16479905078923596,1221.376928102214,109.23555555555556,23.01861111111111,158.9274139404297
S002,741,730,0.1656567061807543,1227.733278472233,109.23555555555556,23.01888888888889,158.38143920898438
S002,740,730,0.1701502125248661,1261.036049020336,109.23555555555556,23.019166666666667,168.526123046875
S002,739,730,0.17464371886897787,1294.3388195684388,109.23555555555556,23.019444444444442,170.09600830078125
S002,739,731,0.17482705700499118,1295.69759541269,109.23583333333333,23.019444444444442,179.6592254638672
S002,738,731,0.17913722521308964,1327.6415901165415,109.23583333333333,23.01972222222222,191.2545166015625
S002,737,731,0.18363073155720142,1360.9443606646441,109.23583333333333,23.02,196.4828643798828
S002,737,732,0.18485506322074644,1370.018262723166,109.23611111111111,23.02,198.20648193359375
S002,736,732,0.18812423790131322,1394.247131212747,109.23611111111111,23.02027777777778,185.3983612060547
S002,735,732,0.192617744245425,1427.5499017608497,109.23611111111111,23.020555555555553,176.67970275878906
S002,735,733,0.19488306943650166,1444.3389300336419,109.2363888888889,23.020555555555553,160.12255859375
S002,734,733,0.19711125058953677,1460.8526723089524,109.2363888888889,23.020833333333332,153.90621948242188
S002,733,733,0.20160475693364857,1494.1554428570553,109.2363888888889,23.02111111111111,153.53384399414062
S002,733,734,0.20491107565225689,1518.6595973441176,109.23666666666668,23.02111111111111,144.04605102539062
S002,732,734,0.20609826327776035,1527.4582134051582,109.23666666666668,23.02138888888889,142.15194702148438
S002,731,734,0.21059176962187212,1560.7609839532608,109.23666666666668,23.021666666666665,147.14083862304688
S002,731,735,0.2149390818680121,1592.9802646545936,109.23694444444445,23.021666666666665,162.3026885986328
S002,730,735,0.21508527596598392,1594.0637545013637,109.23694444444445,23.021944444444443,159.76373291015625
S002,729,735,0.2195787823100957,1627.3665250494664,109.23694444444445,23.022222222222222,153.44805908203125
S002,728,735,0.22407228865420747,1660.669295597569,109.23694444444445,23.0225,165.61898803710938
S002,728,736,0.22496708808376736,1667.3009319650698,109.23722222222223,23.0225,163.68873596191406
S002,727,736,0.22856579499831925,1693.9720661456718,109.23722222222223,23.022777777777776,175.43548583984375
S002,726,736,0.23305930134243105,1727.2748366937747,109.23722222222223,23.023055555555555,185.74330139160156
S002,726,737,0.2349950942995226,1741.6215992755456,109.23750000000001,23.023055555555555,182.40821838378906
S002,725,737,0.23755280768654283,1760.5776072418776,109.23750000000001,23.023333333333333,193.28897094726562
S002,724,737,0.2420463140306546,1793.8803777899802,109.23750000000001,23.02361111111111,179.7077178955078
S002,724,738,0.24502310051527781,1815.9422665860216,109.23777777777778,23.02361111111111,175.870361328125
S002,723,738,0.2465398203747664,1827.1831483380831,109.23777777777778,23.023888888888887,160.4240264892578
S002,722,738,0.2510333267188782,1860.4859188861858,109.23777777777778,23.024166666666666,172.49945068359375
S002,722,739,0.25505110673103304,1890.2629338964973,109.23805555555556,23.024166666666666,191.3710479736328
S002,721,739,0.25552683306298996,1893.7886894342885,109.23805555555556,23.024444444444445,195.7935028076172
S002,720,739,0.26002033940710173,1927.0914599823911,109.23805555555556,23.02472222222222,200.99307250976562
S002,719,739,0.2645138457512135,1960.394230530494,109.23805555555556,23.025,192.35189819335938
S002,719,740,0.26507911294678826,1964.5836012069733,109.23833333333334,23.025,201.10816955566406
S002,718,740,0.26900735209532534,1993.6970010785972,109.23833333333334,23.025277777777777,183.55410766601562
S002,717,740,0.2735008584394371,2026.9997716266998,109.23833333333334,23.025555555555556,161.44398498535156
S002,717,741,0.2751071191625435,2038.904268517449,109.23861111111111,23.025555555555556,167.5762939453125
S002,716,741,0.2779943647835489,2060.3025421748025,109.23861111111111,23.02583333333333,171.61097717285156
S002,715,741,0.28248787112766066,2093.605312722905,109.23861111111111,23.02611111111111,179.83961486816406
S002,715,742,0.2851351253782987,2113.224935827925,109.2388888888889,23.02611111111111,192.2390899658203
S002,714,742,0.28698137747177244,2126.908083271008,109.2388888888889,23.02638888888889,187.5135040283203
S002,713,742,0.2914748838158842,2160.2108538191105,109.2388888888889,23.026666666666667,173.877197265625
S002,713,743,0.295163131594054,2187.5456031384015,109.23916666666668,23.026666666666667,182.9650421142578
S002,712,743,0.295968390159996,2193.513624367213,109.23916666666668,23.026944444444442,174.50650024414062
S002,711,743,0.3004618965041078,2226.8163949153163,109.23916666666668,23.02722222222222,171.11114501953125
S002,710,743,0.3049554028482196,2260.119165463419,109.23916666666668,23.0275,175.36245727539062
S002,710,744,0.3051911378098092,2261.8662704488775,109.23944444444444,23.0275,173.1007537841797
S002,709,744,0.30944890919233137,2293.4219360115217,109.23944444444444,23.02777777777778,162.5491943359375
S002,708,744,0.31394241553644314,2326.724706559625,109.23944444444444,23.028055555555554,155.70034790039062
S002,708,745,0.31521914402556445,2336.186937759353,109.23972222222223,23.028055555555554,155.16014099121094
S002,707,745,0.3184359218805549,2360.0274771077275,109.23972222222223,23.028333333333332,150.5155487060547
S002,706,745,0.3229294282246667,2393.33024765583,109.23972222222223,23.02861111111111,149.8846435546875
S002,706,746,0.32524715024131967,2410.507605069829,109.24000000000001,23.02861111111111,153.92478942871094
S002,705,746,0.32742293456877847,2426.633018203933,109.24000000000001,23.02888888888889,159.59072875976562
S002,704,746,0.3319164409128903,2459.935788752036,109.24000000000001,23.029166666666665,166.5621795654297
S002,704,747,0.3352751564570749,2484.828272380305,109.24027777777778,23.029166666666665,166.33033752441406
S002,703,747,0.3364099472570021,2493.2385593001386,109.24027777777778,23.029444444444444,176.35186767578125
S002,702,747,0.34090345360111385,2526.5413298482413,109.24027777777778,23.029722222222222,190.6454315185547
S002,702,748,0.3453031626728301,2559.148939690781,109.24055555555556,23.029722222222222,189.46151733398438
S002,701,748,0.3453969599452256,2559.844100396344,109.24055555555556,23.029999999999998,199.3138427734375
S002,700,748,0.3498904662893374,2593.1468709444466,109.24055555555556,23.030277777777776,188.41085815429688
S002,699,748,0.3543839726334492,2626.4496414925493,109.24055555555556,23.030555555555555,160.3629608154297
S002,699,749,0.35533116888858535,2633.4696070012565,109.24083333333334,23.030555555555555,172.9020538330078
S002,698,749,0.35887747897756095,2659.752412040652,109.24083333333334,23.030833333333334,153.43862915039062
S002,697,749,0.3633709853216728,2693.055182588755,109.24083333333334,23.03111111111111,151.53515625
S002,697,750,0.36535917510434057,2707.7902743117324,109.24111111111111,23.03111111111111,148.3597412109375
S002,696,750,0.36786449166578455,2726.3579531368578,109.24111111111111,23.031388888888888,150.4921875
S002,695,750,0.37235799800989633,2759.6607236849604,109.24111111111111,23.031666666666666,151.2364044189453
S002,695,751,0.3753871813200958,2782.1109416222084,109.24138888888889,23.031666666666666,155.29869079589844
S002,694,751,0.3768515043540081,2792.963494233063,109.24138888888889,23.031944444444445,163.6718292236328
S002,693,751,0.3813450106981199,2826.2662647811662,109.24138888888889,23.03222222222222,165.47601318359375
S002,693,752,0.3854151875358511,2856.431608932685,109.24166666666667,23.03222222222222,168.3876495361328
S002,692,752,0.38583851704223165,2859.569035329269,109.24166666666667,23.0325,177.2075653076172
S002,691,752,0.3903320233863435,2892.871805877372,109.24166666666667,23.032777777777778,178.3041229248047
S002,690,752,0.39482552973045526,2926.1745764254747,109.24166666666667,23.033055555555556,180.4202880859375
S002,690,753,0.3954431937516063,2930.752276243161,109.24194444444446,23.033055555555556,155.1537628173828
S002,689,753,0.39931903607456704,2959.4773469735774,109.24194444444446,23.03333333333333,158.3284454345703
S002,688,753,0.4038125424186788,2992.78011752168,109.24194444444446,23.03361111111111,170.41404724121094
S002,688,754,0.40547119996736153,3005.0729435536364,109.24222222222222,23.03361111111111,153.4143829345703
S002,687,754,0.4083060487627906,3026.0828880697827,109.24222222222222,23.03388888888889,164.13954162597656
S002,686,754,0.41279955510690236,3059.3856586178854,109.24222222222222,23.034166666666668,165.9986572265625
S002,686,755,0.41549920618311675,3079.3936108641124,109.2425,23.034166666666668,159.99502563476562
S002,685,755,0.41729306145101414,3092.688429165988,109.2425,23.034444444444443,162.4425506591797
S002,684,755,0.42178656779512597,3125.991199714091,109.2425,23.03472222222222,168.15550231933594
S002,684,756,0.425527212398872,3153.7142781745883,109.24277777777779,23.03472222222222,168.95826721191406
S002,683,756,0.42628007413923774,3159.293970262194,109.24277777777779,23.035,170.04002380371094
S002,682,756,0.4307735804833495,3192.5967408102965,109.24277777777779,23.035277777777775,163.7519989013672
S002,681,756,0.4352670868274613,3225.899511358399,109.24277777777779,23.035555555555554,162.9640655517578
S002,681,757,0.4355552186146272,3228.0349454850643,109.24305555555556,23.035555555555554,160.3959503173828
S002,680,757,0.43976059317157307,3259.202281906502,109.24305555555556,23.035833333333333,164.30418395996094
S002,679,757,0.44425409951568484,3292.505052454605,109.24305555555556,23.03611111111111,168.81504821777344
S002,679,758,0.44558322483038243,3302.3556127955403,109.24333333333334,23.03611111111111,166.29953002929688
S002,678,758,0.4487476058597966,3325.8078230027077,109.24333333333334,23.036388888888887,165.01123046875
S002,677,758,0.45324111220390845,3359.110593550811,109.24333333333334,23.036666666666665,158.92869567871094
S002,677,759,0.45561123104613765,3376.676280106016,109.24361111111112,23.036666666666665,154.14743041992188
S002,676,759,0.4577346185480202,3392.4133640989135,109.24361111111112,23.036944444444444,154.53761291503906
S002,675,759,0.462228124892132,3425.716134647016,109.24361111111112,23.037222222222223,159.80633544921875
S002,675,760,0.4656392372618929,3450.996947416492,109.24388888888889,23.037222222222223,157.0435791015625
S002,674,760,0.4667216312362438,3459.018905195119,109.24388888888889,23.037499999999998,163.99879455566406
S002,673,760,0.47121513758035555,3492.3216757432215,109.24388888888889,23.037777777777777,162.32870483398438
S002,673,761,0.47566724347764816,3525.3176147269683,109.24416666666667,23.037777777777777,171.2553253173828
S002,672,761,0.4757086439244673,3525.624446291324,109.24416666666667,23.038055555555555,167.8339080810547
S002,671,761,0.4802021502685791,3558.927216839427,109.24416666666667,23.038333333333334,158.36000061035156
S002,670,761,0.48469565661269093,3592.22998738753,109.24416666666667,23.03861111111111,154.6657257080078
S002,670,762,0.4856952496934034,3599.6382820374442,109.24444444444445,23.03861111111111,155.4857177734375
S002,669,762,0.4891891629568027,3625.5327579356326,109.24444444444445,23.038888888888888,155.31175231933594
S002,668,762,0.4936826693009145,3658.8355284837353,109.24444444444445,23.039166666666667,160.89649963378906
S002,668,763,0.4957232559091586,3673.9589493479198,109.24472222222222,23.039166666666667,171.22137451171875
S002,667,763,0.49817617564502625,3692.138299031838,109.24472222222222,23.039444444444445,184.5447540283203
S002,666,763,0.5026696819891381,3725.441069579941,109.24472222222222,23.03972222222222,199.55282592773438
S002,666,764,0.5057512621249138,3748.2796166583958,109.245,23.03972222222222,208.70713806152344
S002,665,764,0.5071631883332498,3758.7438401280438,109.245,23.04,194.45021057128906
S002,664,764,0.5116566946773616,3792.046610676147,109.245,23.040277777777778,200.9053955078125
S002,664,765,0.515779268340669,3822.6002839688713,109.24527777777779,23.040277777777778,216.97482299804688
S002,663,765,0.5161502010214734,3825.349381224249,109.24527777777779,23.040555555555553,215.33670043945312
S002,662,765,0.5206437073655852,3858.652151772352,109.24527777777779,23.04083333333333,198.06573486328125
S002,661,765,0.5251372137096969,3891.9549223204544,109.24527777777779,23.04111111111111,201.2321319580078
S002,661,766,0.5258072745564243,3896.9209512793477,109.24555555555555,23.04111111111111,204.53053283691406
S002,660,766,0.5296307200538087,3925.2576928685576,109.24555555555555,23.04138888888889,217.81964111328125
S002,659,766,0.5341242263979206,3958.5604634166607,109.24555555555555,23.041666666666664,218.9065704345703
S002,659,767,0.5358352807721796,3971.2416185898237,109.24583333333334,23.041666666666664,234.17681884765625
S002,658,767,0.5386177327420323,3991.863233964763,109.24583333333334,23.041944444444443,229.21343994140625
S002,657,767,0.5431112390861441,4025.166004512866,109.24583333333334,23.04222222222222,218.44932556152344
S002,657,768,0.5458632869879347,4045.5622859002992,109.24611111111112,23.04222222222222,212.8582763671875
S002,656,768,0.5476047454302558,4058.4687750609683,109.24611111111112,23.0425,195.35409545898438
S002,655,768,0.5520982517743677,4091.7715456090714,109.24611111111112,23.042777777777776,181.57977294921875
S002,655,769,0.55589129320369,4119.882953210776,109.24638888888889,23.042777777777776,174.31185913085938
S002,654,769,0.5565917581184794,4125.074316157174,109.24638888888889,23.043055555555554,162.7139434814453
S002,653,769,0.5610852644625912,4158.377086705277,109.24638888888889,23.043333333333333,167.2379150390625
S002,652,769,0.565578770806703,4191.67985725338,109.24638888888889,23.04361111111111,168.47633361816406
S002,652,770,0.5659192994194452,4194.203620521251,109.24666666666667,23.04361111111111,166.8900909423828
S002,651,770,0.5700722771508148,4224.9826278014825,109.24666666666667,23.043888888888887,166.6802215576172
S002,650,770,0.5745657834949266,4258.285398349585,109.24666666666667,23.044166666666666,167.5331268310547
S002,650,771,0.5759473056352005,4268.524287831728,109.24694444444445,23.044166666666666,165.58139038085938
S002,649,771,0.5790592898390383,4291.588168897688,109.24694444444445,23.044444444444444,167.37948608398438
S002,648,771,0.5835527961831501,4324.8909394457905,109.24694444444445,23.044722222222223,163.65249633789062
S002,648,772,0.5859753118509556,4342.844955142203,109.24722222222223,23.044722222222223,162.01930236816406
S002,647,772,0.5880463025272619,4358.193709993893,109.24722222222223,23.044999999999998,155.7318878173828
S002,646,772,0.5925398088713737,4391.496480541996,109.24722222222223,23.045277777777777,157.38697814941406
S002,646,773,0.5960033180667109,4417.16562245268,109.2475,23.045277777777777,159.311767578125
S002,645,773,0.5970333152154855,4424.7992510900995,109.2475,23.045555555555556,168.08584594726562
S002,644,773,0.6015268215595972,4458.102021638202,109.2475,23.045833333333334,174.6072235107422
S002,643,773,0.6060203279037091,4491.404792186305,109.2475,23.04611111111111,176.94715881347656
S002,643,774,0.6060313242824661,4491.486289763155,109.24777777777778,23.04611111111111,166.1547393798828
S002,642,774,0.6105138342478208,4524.7075627344075,109.24777777777778,23.046388888888888,160.7834930419922
S002,641,774,0.6150073405919326,4558.01033328251,109.24777777777778,23.046666666666667,161.1976318359375
S002,641,775,0.6160593304982214,4565.806957073631,109.24805555555557,23.046666666666667,163.39447021484375
S002,640,775,0.6195008469360445,4591.313103830614,109.24805555555557,23.046944444444442,167.17979431152344
S002,639,775,0.6239943532801562,4624.6158743787155,109.24805555555557,23.04722222222222,182.5372772216797
S002,639,776,0.6260873367139766,4640.127624384108,109.24833333333333,23.04722222222222,183.7781982421875
S002,638,776,0.628487859624268,4657.918644926819,109.24833333333333,23.0475,198.8767547607422
S002,637,776,0.6329813659683797,4691.221415474921,109.24833333333333,23.047777777777778,204.10348510742188
S002,637,777,0.6361153429297318,4714.448291694583,109.24861111111112,23.047777777777778,203.09556579589844
S002,636,777,0.6374748723124916,4724.524186023024,109.24861111111112,23.048055555555553,194.8064422607422
S002,635,777,0.6419683786566033,4757.826956571126,109.24861111111112,23.048333333333332,190.6627655029297
S002,635,778,0.6461433491454871,4788.7689590050595,109.2488888888889,23.048333333333332,169.83839416503906
S002,634,778,0.6464618850007151,4791.12972711923,109.2488888888889,23.04861111111111,169.9639892578125
S002,633,778,0.6509553913448269,4824.432497667332,109.2488888888889,23.04888888888889,166.96388244628906
S002,632,778,0.6554488976889387,4857.735268215435,109.2488888888889,23.049166666666665,168.86607360839844
S002,632,779,0.6561713553612423,4863.089626315535,109.24916666666667,23.049166666666665,162.11676025390625
S002,631,779,0.6599424040330505,4891.038038763538,109.24916666666667,23.049444444444443,164.89927673339844
S002,630,779,0.6644359103771622,4924.34080931164,109.24916666666667,23.049722222222222,168.82276916503906
S002,630,780,0.6661993615769976,4937.410293626011,109.24944444444445,23.049722222222222,165.94723510742188
S002,629,780,0.668929416721274,4957.643579859744,109.24944444444445,23.05,170.36001586914062
S002,628,780,0.6734229230653858,4990.946350407846,109.24944444444445,23.050277777777776,174.8787384033203
S002,628,781,0.6762273677927527,5011.730960936487,109.24972222222223,23.050277777777776,164.46221923828125
S002,627,781,0.6779164294094976,5024.249120955949,109.24972222222223,23.050555555555555,160.61322021484375
S002,626,781,0.6824099357536094,5057.551891504052,109.24972222222223,23.050833333333333,159.97518920898438
S002,626,782,0.686255374008508,5086.0516282469625,109.25,23.050833333333333,167.8846893310547
S002,625,782,0.6869034420977211,5090.854662052155,109.25,23.051111111111112,165.95870971679688
S002,624,782,0.691396948441833,5124.157432600257,109.25,23.051388888888887,163.09889221191406
S002,623,782,0.6958904547859447,5157.46020314836,109.25,23.051666666666666,171.89840698242188
S002,623,783,0.6962833802242632,5160.3722955574385,109.25027777777778,23.051666666666666,164.4802703857422
S002,622,783,0.7003839611300565,5190.762973696463,109.25027777777778,23.051944444444445,180.0247039794922
S002,621,783,0.7048774674741682,5224.065744244565,109.25027777777778,23.05222222222222,199.82891845703125
S002,621,784,0.7063113864400185,5234.6929628679145,109.25055555555556,23.05222222222222,193.0500030517578
S002,620,784,0.7093709738182801,5257.368514792668,109.25055555555556,23.0525,208.776123046875
S002,619,784,0.7138644801623919,5290.671285340772,109.25055555555556,23.052777777777777,201.0069122314453
S002,619,785,0.7163393926557737,5309.0136301783905,109.25083333333333,23.052777777777777,198.34413146972656
S002,618,785,0.7183579865065036,5323.974055888873,109.25083333333333,23.053055555555556,183.77783203125
S002,617,785,0.7228514928506155,5357.276826436977,109.25083333333333,23.05333333333333,179.18972778320312
S002,617,786,0.7263673988715289,5383.3342974888665,109.25111111111111,23.05333333333333,165.38294982910156
S002,616,786,0.7273449991947272,5390.57959698508,109.25111111111111,23.05361111111111,164.06036376953125
S002,615,786,0.731838505538839,5423.882367533182,109.25111111111111,23.05388888888889,166.38784790039062
S002,614,786,0.7363320118829507,5457.185138081285,109.25111111111111,23.054166666666667,166.4222869873047
S002,614,787,0.7363954050872842,5457.654964799342,109.2513888888889,23.054166666666667,168.42550659179688
S002,613,787,0.7408255182270626,5490.487908629388,109.2513888888889,23.054444444444442,165.76380920410156
S002,612,787,0.7453190245711744,5523.790679177491,109.2513888888889,23.05472222222222,164.10714721679688
S002,612,788,0.7464234113030394,5531.975632109818,109.25166666666667,23.05472222222222,164.17503356933594
S002,611,788,0.7498125309152861,5557.093449725593,109.25166666666667,23.055,172.95111083984375
S002,610,788,0.7543060372593979,5590.396220273697,109.25166666666667,23.05527777777778,191.4077606201172
S002,610,789,0.7564514175187946,5606.296299420294,109.25194444444445,23.05527777777778,191.84129333496094
S002,609,789,0.7587995436035097,5623.698990821798,109.25194444444445,23.055555555555554,205.2860107421875
S002,608,789,0.7632930499476215,5657.001761369902,109.25194444444445,23.055833333333332,212.69346618652344
S002,608,790,0.7664794237345498,5680.6169667307695,109.25222222222223,23.055833333333332,210.9479217529297
S002,607,790,0.7677865562917332,5690.304531918004,109.25222222222223,23.05611111111111,205.7431182861328
S002,606,790,0.772280062635845,5723.607302466107,109.25222222222223,23.05638888888889,190.2815399169922
S002,606,791,0.7765074299503051,5754.937634041246,109.25250000000001,23.05638888888889,172.7207489013672
S002,605,791,0.7767735689799569,5756.91007301421,109.25250000000001,23.056666666666665,169.79415893554688
S002,604,791,0.7812670753240686,5790.212843562313,109.25250000000001,23.056944444444444,170.9226531982422
S002,603,791,0.7857605816681804,5823.515614110415,109.25250000000001,23.057222222222222,171.540283203125
S002,603,792,0.7865354361660603,5829.2583013517215,109.25277777777778,23.057222222222222,191.39309692382812
S002,602,792,0.7902540880122921,5856.818384658518,109.25277777777778,23.057499999999997,196.13963317871094
S002,601,792,0.794747594356404,5890.121155206621,109.25277777777778,23.057777777777776,200.74124145507812
S002,601,793,0.7965634423818155,5903.578968662197,109.25305555555556,23.057777777777776,219.02490234375
S002,600,793,0.7992411007005157,5923.423925754723,109.25305555555556,23.058055555555555,227.8592071533203
S002,599,793,0.8037346070446275,5956.726696302827,109.25305555555556,23.058333333333334,223.16085815429688
S002,599,794,0.8065914485975708,5977.899635972674,109.25333333333334,23.058333333333334,234.1239776611328
S002,598,794,0.8082281133887393,5990.02946685093,109.25333333333334,23.05861111111111,233.59640502929688
S002,597,794,0.8127216197328511,6023.332237399032,109.25333333333334,23.058888888888887,246.04269409179688
S002,597,795,0.816619454813326,6052.220303283149,109.25361111111111,23.058888888888887,239.55824279785156
S002,596,795,0.8172151260769629,6056.635007947135,109.25361111111111,23.059166666666666,246.07225036621094
S002,595,795,0.8217086324210746,6089.937778495238,109.25361111111111,23.059444444444445,251.99119567871094
S002,594,795,0.8262021387651864,6123.24054904334,109.25361111111111,23.05972222222222,258.3594665527344
S002,594,796,0.8266474610290813,6126.540970593626,109.2538888888889,23.05972222222222,246.0419158935547
S002,593,796,0.8306956451092982,6156.543319591443,109.2538888888889,23.06,253.0184783935547
S002,592,796,0.83518915145341,6189.846090139546,109.2538888888889,23.060277777777777,252.2349853515625
S002,592,797,0.8366754672448364,6200.861637904101,109.25416666666668,23.060277777777777,254.32000732421875
S002,591,797,0.8396826577975218,6223.148860687649,109.25416666666668,23.060555555555556,258.9542541503906
S002,590,797,0.8441761641416335,6256.451631235751,109.25416666666668,23.06083333333333,247.1585693359375
S002,590,798,0.8467034734605917,6275.182305214577,109.25444444444445,23.06083333333333,257.12335205078125
S002,589,798,0.8486696704857454,6289.7544017838545,109.25444444444445,23.06111111111111,240.94290161132812
S002,588,798,0.8531631768298571,6323.057172331956,109.25444444444445,23.06138888888889,222.45790100097656
S002,588,799,0.8567314796763469,6349.502972525053,109.25472222222223,23.06138888888889,216.60614013671875
S002,587,799,0.8576566831739689,6356.35994288006,109.25472222222223,23.061666666666667,198.48876953125
S002,586,799,0.8621501895180806,6389.6627134281625,109.25472222222223,23.061944444444443,197.1254119873047
S002,585,799,0.8666436958621925,6422.965483976265,109.25472222222223,23.06222222222222,204.64833068847656
S002,585,800,0.8667594858921022,6423.823639835529,109.25500000000001,23.06222222222222,217.1674346923828
S002,584,800,0.8711372022063043,6456.268254524369,109.25500000000001,23.0625,207.12196350097656
S002,583,800,0.875630708550416,6489.571025072471,109.25500000000001,23.06277777777778,213.232666015625
S002,583,801,0.8767874921078573,6498.144307146005,109.25527777777778,23.06277777777778,212.50003051757812
S002,582,801,0.8801242148945279,6522.873795620574,109.25527777777778,23.063055555555554,222.31893920898438
S002,581,801,0.8846177212386396,6556.176566168676,109.25527777777778,23.063333333333333,226.73635864257812
S002,581,802,0.8868154983236126,6572.464974456481,109.25555555555556,23.063333333333333,242.99264526367188
S002,580,802,0.8891112275827514,6589.4793367167795,109.25555555555556,23.06361111111111,238.7548065185547
S002,579,802,0.8936047339268632,6622.782107264882,109.25555555555556,23.063888888888886,227.3189239501953
S002,579,803,0.8968435045393679,6646.785641766957,109.25583333333334,23.063888888888886,237.76153564453125
S002,578,803,0.898098240270975,6656.084877812985,109.25583333333334,23.064166666666665,235.07884216308594
S002,577,803,0.9025917466150868,6689.3876483610875,109.25583333333334,23.064444444444444,242.83851623535156
S002,577,804,0.9068715107551231,6721.106309077433,109.25611111111111,23.064444444444444,254.46148681640625
S002,576,804,0.9070852529591985,6722.69041890919,109.25611111111111,23.064722222222223,243.51968383789062
S002,575,804,0.9115787593033103,6755.993189457293,109.25611111111111,23.064999999999998,234.521728515625
S002,574,804,0.9160722656474221,6789.2959600053955,109.25611111111111,23.065277777777776,237.8499755859375
S002,574,805,0.9168995169708783,6795.426976387909,109.25638888888889,23.065277777777776,237.21751403808594
S002,573,805,0.9205657719915339,6822.598730553498,109.25638888888889,23.065555555555555,235.23939514160156
S002,572,805,0.9250592783356457,6855.901501101602,109.25638888888889,23.065833333333334,245.94918823242188
S002,572,806,0.9269275231866335,6869.747643698385,109.25666666666667,23.065833333333334,244.16058349609375
S002,571,806,0.9295527846797574,6889.204271649704,109.25666666666667,23.06611111111111,257.60980224609375
S002,570,806,0.9340462910238693,6922.507042197807,109.25666666666667,23.066388888888888,251.0462188720703
S002,570,807,0.9369555294023888,6944.068311008861,109.25694444444444,23.066388888888888,255.70184326171875
S002,569,807,0.938539797367981,6955.80981274591,109.25694444444444,23.066666666666666,245.02957153320312
S002,568,807,0.9430333037120928,6989.112583294012,109.25694444444444,23.066944444444445,229.47682189941406
S002,568,808,0.946983535618144,7018.388978319336,109.25722222222223,23.066944444444445,230.43011474609375
S002,567,808,0.9475268100562045,7022.415353842115,109.25722222222223,23.06722222222222,234.20553588867188
S002,566,808,0.9520203164003164,7055.718124390218,109.25722222222223,23.0675,252.11183166503906
S002,565,808,0.9565138227444282,7089.020894938321,109.25722222222223,23.067777777777778,256.583251953125
S002,565,809,0.9570115418338992,7092.709645629813,109.25750000000001,23.067777777777778,249.54290771484375
S002,564,809,0.9610073290885399,7122.323665486423,109.25750000000001,23.068055555555556,243.50611877441406
S002,563,809,0.9655008354326517,7155.626436034527,109.25750000000001,23.06833333333333,234.04364013671875
S002,563,810,0.9670395480496544,7167.030312940288,109.25777777777779,23.06833333333333,234.0133514404297
S002,562,810,0.9699943417767635,7188.9292065826285,109.25777777777779,23.06861111111111,215.4374237060547
S002,561,810,0.9744878481208753,7222.231977130732,109.25777777777779,23.06888888888889,194.57778930664062
S002,561,811,0.9770675542654097,7241.350980250764,109.25805555555556,23.06888888888889,192.91244506835938
S002,560,811,0.978981354464987,7255.534747678834,109.25805555555556,23.069166666666664,198.11402893066406
S002,559,811,0.9834748608090988,7288.837518226937,109.25805555555556,23.069444444444443,203.75294494628906
S002,559,812,0.987095560481165,7315.671647561241,109.25833333333334,23.069444444444443,203.82199096679688
S002,558,812,0.9879683671532107,7322.14028877504,109.25833333333334,23.06972222222222,190.1125946044922
S002,557,812,0.9924618734973224,7355.443059323143,109.25833333333334,23.07,188.19654846191406
S002,556,812,0.9969553798414342,7388.745829871246,109.25833333333334,23.070277777777775,190.24740600585938
S002,556,813,0.9971235666969201,7389.992314871716,109.25861111111112,23.070277777777775,188.7942352294922
S003,778,713,0.0,0.0,109.23083333333334,23.00861111111111,128.7255401611328
S003,778,712,0.002536629499811502,18.423994764598408,109.23055555555555,23.00861111111111,126.96179962158203
S003,778,711,0.007017357083941802,50.96832240793098,109.23027777777779,23.00861111111111,128.55950927734375
S003,777,711,0.007571965153213699,54.996540232185076,109.23027777777779,23.008888888888887,129.99810791015625
S003,777,710,0.011498084668072102,83.51265005126353,109.23,23.008888888888887,129.44732666015625
S003,777,709,0.015978812252202403,116.05697769459611,109.22972222222222,23.008888888888887,128.8667755126953
S003,776,709,0.016317593650808253,118.51760772145708,109.22972222222222,23.009166666666665,127.14604187011719
S003,776,708,0.020459539836332703,148.60130533792866,109.22944444444445,23.009166666666665,132.83932495117188
S003,776,707,0.024940267420463003,181.14563298126126,109.22916666666667,23.009166666666665,144.2466278076172
S003,775,707,0.025063222148402807,182.03867521072908,109.22916666666667,23.009444444444444,145.2404022216797
S003,775,706,0.029420995004593303,213.68996062459382,109.22888888888889,23.009444444444444,148.91098022460938
S003,774,706,0.03380885064599736,245.5597427000011,109.22888888888889,23.009722222222223,155.64010620117188
S003,774,705,0.0339017225887236,246.23428826792636,109.22861111111112,23.009722222222223,161.32106018066406
S003,774,704,0.0383824501728539,278.77861591125895,109.22833333333334,23.009722222222223,157.1849365234375
S003,773,704,0.042554479143591915,309.0808101892731,109.22833333333334,23.009999999999998,166.52967834472656
S003,773,703,0.0428631777569842,311.32294355459146,109.22805555555556,23.009999999999998,165.9195556640625
S003,773,702,0.0473439053411145,343.8672711979241,109.22777777777779,23.009999999999998,153.92185974121094
S003,772,702,0.05130010764118646,372.60187767854507,109.22777777777779,23.010277777777777,157.43710327148438
S003,772,701,0.0518246329252448,376.4115988412566,109.2275,23.010277777777777,145.1943817138672
S003,772,700,0.0563053605093751,408.9559264845892,109.22722222222222,23.010277777777777,140.2399444580078
S003,771,700,0.06004573613878102,436.1229451678171,109.22722222222222,23.010555555555555,143.95896911621094
S003,771,699,0.0607860880935054,441.5002541279217,109.22694444444446,23.010555555555555,146.14663696289062
S003,771,698,0.0652668156776357,474.04458177125434,109.22666666666667,23.010555555555555,159.1983184814453
S003,770,698,0.06879136463637557,499.6440126570891,109.22666666666667,23.010833333333334,161.46713256835938
S003,770,697,0.069747543261766,506.5889094145869,109.22638888888889,23.010833333333334,176.7745819091797
S003,770,696,0.0742282708458963,539.1332370579194,109.22611111111112,23.010833333333334,176.9140625
S003,769,696,0.07753699313397013,563.1650801463611,109.22611111111112,23.01111111111111,158.15907287597656
S003,769,695,0.0787089984300266,571.677564701252,109.22583333333334,23.01111111111111,165.26637268066406
S003,769,694,0.0831897260141569,604.2218923445846,109.22555555555556,23.01111111111111,183.16429138183594
S003,768,694,0.08628262163156468,626.6861476356331,109.22555555555556,23.011388888888888,182.08265686035156
S003,768,693,0.0876704535982872,636.7662199879172,109.22527777777778,23.011388888888888,196.6957550048828
S003,768,692,0.0921511811824175,669.3105476312496,109.22500000000001,23.011388888888888,196.0922393798828
S003,767,692,0.09502825012915923,690.2072151249051,109.22500000000001,23.011666666666667,203.7430419921875
S003,767,691,0.0966319087665478,701.8548752745822,109.22472222222223,23.011666666666667,202.73153686523438
S003,767,690,0.1011126363506781,734.3992029179149,109.22444444444444,23.011666666666667,203.0428466796875
S003,766,690,0.10377387862675379,753.7282826141771,109.22444444444444,23.011944444444445,208.8633575439453
S003,766,689,0.1055933639348084,766.9435305612475,109.22416666666668,23.011944444444445,204.85511779785156
S003,766,688,0.1100740915189387,799.4878582045799,109.2238888888889,23.011944444444445,188.86151123046875
S003,765,688,0.11251950712434834,817.2493501034492,109.2238888888889,23.01222222222222,179.8019256591797
S003,765,687,0.114554819103069,832.0321858479125,109.22361111111111,23.01222222222222,164.12147521972656
S003,765,686,0.1190355466871993,864.5765134912451,109.22333333333334,23.01222222222222,175.40008544921875
S003,764,686,0.1212651356219429,880.7704175927211,109.22333333333334,23.0125,176.81488037109375
S003,764,685,0.1235162742713296,897.1208411345777,109.22305555555556,23.0125,195.26771545410156
S003,764,684,0.1279970018554599,929.6651687779101,109.22277777777778,23.0125,205.2114715576172
S003,763,684,0.13001076411953744,944.2914850819931,109.22277777777778,23.012777777777778,189.74961853027344
S003,763,683,0.1324777294395902,962.2094964212429,109.22250000000001,23.012777777777778,186.61122131347656
S003,763,682,0.1369584570237205,994.7538240645754,109.22222222222223,23.012777777777778,179.39776611328125
S003,762,682,0.138756392617132,1007.812552571265,109.22222222222223,23.013055555555553,166.2287139892578
S003,762,681,0.1414391846078508,1027.298151707908,109.22194444444445,23.013055555555553,167.2234344482422
S003,762,680,0.1459199121919811,1059.8424793512406,109.22166666666668,23.013055555555553,174.30587768554688
S003,761,680,0.14750202111472654,1071.333620060537,109.22166666666668,23.013333333333332,178.2791748046875
S003,761,679,0.1504006397761114,1092.3868069945731,109.2213888888889,23.013333333333332,179.32717895507812
S003,761,678,0.1548813673602417,1124.9311346379056,109.22111111111111,23.013333333333332,187.6560516357422
S003,760,678,0.1562476496123211,1134.8546875498091,109.22111111111111,23.01361111111111,202.65394592285156
S003,760,677,0.159362094944372,1157.4754622812382,109.22083333333335,23.01361111111111,211.593994140625
S003,760,676,0.1638428225285023,1190.0197899245707,109.22055555555556,23.01361111111111,210.1307830810547
S003,759,676,0.16499327810991565,1198.375755039081,109.22055555555556,23.01388888888889,211.8399200439453
S003,759,675,0.16832355011263261,1222.5641175679034,109.22027777777778,23.01388888888889,205.8707275390625
S003,759,674,0.1728042776967629,1255.108445211236,109.22,23.01388888888889,221.74497985839844
S003,758,674,0.1737389066075102,1261.8968225283531,109.22,23.014166666666664,223.19073486328125
S003,758,673,0.1772850052808932,1287.6527728545684,109.21972222222223,23.014166666666664,245.01998901367188
S003,758,672,0.1817657328650235,1320.1971004979011,109.21944444444445,23.014166666666664,260.8084411621094
S003,757,672,0.18248453510510476,1325.417890017625,109.21944444444445,23.014444444444443,256.9202575683594
S003,757,671,0.1862464604491538,1352.7414281412337,109.21916666666667,23.014444444444443,265.4743957519531
S003,757,670,0.1907271880332841,1385.2857557845662,109.2188888888889,23.014444444444443,257.298583984375
S003,756,670,0.19123016360269932,1388.9389575068972,109.2188888888889,23.014722222222222,265.59228515625
S003,756,669,0.1952079156174144,1417.8300834278987,109.21861111111112,23.014722222222222,246.27845764160156
S003,756,668,0.1996886432015447,1450.3744110712312,109.21833333333333,23.014722222222222,221.633544921875
S003,755,668,0.19997579210029387,1452.460024996169,109.21833333333333,23.015,226.60581970214844
S003,755,667,0.20416937078567501,1482.918738714564,109.21805555555557,23.015,207.96604919433594
S003,755,666,0.2086500983698053,1515.4630663578964,109.21777777777778,23.015,203.3662567138672
S003,754,666,0.20872142059788842,1515.981092485441,109.21777777777778,23.015277777777776,200.6961669921875
S003,754,665,0.2131308259539356,1548.007394001229,109.2175,23.015277777777776,211.91355895996094
S003,753,665,0.21746704909548298,1579.502159974713,109.2175,23.015555555555554,210.55335998535156
S003,753,664,0.2176115535380659,1580.5517216445617,109.21722222222223,23.015555555555554,203.97178649902344
S003,753,663,0.2220922811221962,1613.0960492878942,109.21694444444445,23.015555555555554,205.3251495361328
S003,752,663,0.22621267759307753,1643.023227463985,109.21694444444445,23.015833333333333,223.90980529785156
S003,752,662,0.2265730087063265,1645.6403769312267,109.21666666666667,23.015833333333333,230.9905242919922
S003,752,661,0.2310537362904568,1678.1847045745592,109.2163888888889,23.015833333333333,227.7248992919922
S003,751,661,0.2349583060906721,1706.5442949532571,109.2163888888889,23.016111111111112,230.66159057617188
S003,751,660,0.2355344638745871,1710.7290322178917,109.21611111111112,23.016111111111112,214.95384216308594
S003,751,659,0.24001519145871741,1743.2733598612244,109.21583333333334,23.016111111111112,217.37060546875
S003,750,659,0.24370393458826664,1770.065362442529,109.21583333333334,23.016388888888887,226.1662139892578
S003,750,658,0.2444959190428477,1775.817687504557,109.21555555555557,23.016388888888887,231.1534881591797
S003,750,657,0.248976646626978,1808.3620151478895,109.21527777777779,23.016388888888887,229.98153686523438
S003,749,657,0.2524495630858612,1833.5864299318011,109.21527777777779,23.016666666666666,233.40435791015625
S003,749,656,0.2534573742111083,1840.9063427912222,109.215,23.016666666666666,223.90188598632812
S003,749,655,0.25793810179523863,1873.450670434555,109.21472222222222,23.016666666666666,208.44139099121094
S003,748,655,0.2611951915834557,1897.1074974210728,109.21472222222222,23.016944444444444,214.76695251464844
S003,748,654,0.2624188293793689,1905.9949980778872,109.21444444444445,23.016944444444444,217.4711456298828
S003,748,653,0.2668995569634992,1938.5393257212197,109.21416666666667,23.016944444444444,213.134033203125
S003,747,653,0.2699408200810503,1960.6285649103452,109.21416666666667,23.017222222222223,222.82672119140625
S003,747,652,0.2713802845476295,1971.0836533645524,109.21388888888889,23.017222222222223,218.66287231445312
S003,747,651,0.2758610121317598,2003.6279810078847,109.21361111111112,23.017222222222223,233.3336944580078
S003,746,651,0.27868644857864483,2024.1496323996168,109.21361111111112,23.0175,224.170654296875
S003,746,650,0.2803417397158901,2036.1723086512175,109.21333333333334,23.0175,242.2112274169922
S003,746,649,0.2848224673000204,2068.71663629455,109.21305555555556,23.0175,257.0120544433594
S003,745,649,0.2874320770762394,2087.670699888889,109.21305555555556,23.017777777777777,250.95335388183594
S003,745,648,0.2893031948841507,2101.2609639378825,109.21277777777779,23.017777777777777,258.89520263671875
S003,745,647,0.293783922468281,2133.805291581215,109.2125,23.017777777777777,249.688720703125
S003,744,647,0.29617770557383394,2151.191767378161,109.2125,23.018055555555556,248.62112426757812
S003,744,646,0.2982646500524113,2166.349619224548,109.21222222222222,23.018055555555556,259.4787902832031
S003,744,645,0.3027453776365416,2198.89394686788,109.21194444444446,23.018055555555556,268.2682189941406
S003,743,645,0.3049233340714285,2214.7128348674332,109.21194444444446,23.01833333333333,280.89910888671875
S003,743,644,0.3072261052206719,2231.438274511213,109.21166666666667,23.01833333333333,279.02423095703125
S003,743,643,0.3117068328048022,2263.9826021545455,109.21138888888889,23.01833333333333,273.94964599609375
S003,742,643,0.31366896256902305,2278.233902356705,109.21138888888889,23.01861111111111,287.6855163574219
S003,742,642,0.3161875603889325,2296.526929797878,109.21111111111112,23.01861111111111,288.2172546386719
S003,742,641,0.3206682879730628,2329.0712574412105,109.21083333333334,23.01861111111111,277.0533447265625
S003,741,641,0.32241459106661763,2341.754969845977,109.21083333333334,23.01888888888889,281.89190673828125
S003,741,640,0.3251490155571931,2361.615585084543,109.21055555555556,23.01888888888889,258.2143249511719
S003,741,639,0.32962974314132343,2394.159912727876,109.21027777777779,23.01888888888889,253.75750732421875
S003,740,639,0.33116021956421215,2405.276037335249,109.21027777777779,23.019166666666667,253.09954833984375
S003,740,638,0.3341104707254537,2426.704240371208,109.21000000000001,23.019166666666667,267.52142333984375
S003,740,637,0.338591198309584,2459.248568014541,109.20972222222223,23.019166666666667,286.6739196777344
S003,739,637,0.33990584806180674,2468.7971048245213,109.20972222222223,23.019444444444442,284.3363037109375
S003,739,636,0.3430719258937143,2491.7928956578735,109.20944444444444,23.019444444444442,302.9976501464844
S003,739,635,0.3475526534778446,2524.337223301206,109.20916666666668,23.019444444444442,309.11468505859375
S003,738,635,0.34865147655940126,2532.318172313793,109.20916666666668,23.01972222222222,314.5966796875
S003,738,634,0.3520333810619749,2556.8815509445385,109.2088888888889,23.01972222222222,317.7047119140625
S003,738,633,0.3565141086461052,2589.425878587871,109.20861111111111,23.01972222222222,315.4228820800781
S003,737,633,0.35739710505699585,2595.839239803065,109.20861111111111,23.02,316.13580322265625
S003,737,632,0.3609948362302355,2621.9702062312035,109.20833333333334,23.02,317.0708923339844
S003,737,631,0.3654755638143658,2654.514533874536,109.20805555555556,23.02,320.7244567871094
S003,736,631,0.36614273355459037,2659.360307292337,109.20805555555556,23.02027777777778,308.3739929199219
S003,736,630,0.3699562913984961,2687.058861517869,109.20777777777778,23.02027777777778,307.1396179199219
S003,736,629,0.3744370189826264,2719.603189161201,109.20750000000001,23.02027777777778,312.4040222167969
S003,735,629,0.37488836205218495,2722.8813747816093,109.20750000000001,23.020555555555553,302.5347595214844
S003,735,628,0.3789177465667567,2752.147516804534,109.20722222222223,23.020555555555553,322.6664123535156
S003,735,627,0.383398474150887,2784.6918444478665,109.20694444444445,23.020555555555553,332.5582580566406
S003,734,627,0.3836339905497795,2786.4024422708812,109.20694444444445,23.020833333333332,316.3184814453125
S003,734,626,0.3878792017350173,2817.236172091199,109.20666666666668,23.020833333333332,326.5660095214844
S003,734,625,0.3923599293191476,2849.7804997345315,109.2063888888889,23.020833333333332,334.54693603515625
S003,733,625,0.39237961904737406,2849.923509760153,109.2063888888889,23.02111111111111,310.9312744140625
S003,733,624,0.3968406569032779,2882.324827377864,109.20611111111111,23.02111111111111,316.0693359375
S003,732,624,0.4011252475449686,2913.444577249425,109.20611111111111,23.02138888888889,320.09735107421875
S003,732,623,0.40132138448740823,2914.869155021197,109.20583333333335,23.02138888888889,326.01104736328125
S003,732,622,0.4058021120715385,2947.413482664529,109.20555555555556,23.02138888888889,331.0555725097656
S003,731,622,0.40987087604256317,2976.9656447386974,109.20555555555556,23.021666666666665,353.30047607421875
S003,731,621,0.4102828396556688,2979.957810307862,109.20527777777778,23.021666666666665,355.4136047363281
S003,731,620,0.4147635672397991,3012.5021379511945,109.20500000000001,23.021666666666665,350.13031005859375
S003,730,620,0.4186165045401577,3040.486712227969,109.20500000000001,23.021944444444443,360.20172119140625
S003,730,619,0.4192442948239294,3045.046465594527,109.20472222222223,23.021944444444443,366.7301330566406
S003,730,618,0.4237250224080597,3077.5907932378595,109.20444444444445,23.021944444444443,381.86865234375
S003,729,618,0.4273621330377523,3104.007779717241,109.20444444444445,23.022222222222222,370.2703857421875
S003,729,617,0.42820574999219,3110.135120881192,109.20416666666667,23.022222222222222,382.02691650390625
S003,729,616,0.4326864775763203,3142.6794485245246,109.2038888888889,23.022222222222222,395.7085876464844
S003,728,616,0.4361077615353468,3167.528847206513,109.2038888888889,23.0225,402.3362731933594
S003,728,615,0.4371672051604506,3175.223776167857,109.20361111111112,23.0225,416.53973388671875
S003,728,614,0.4416479327445809,3207.76810381119,109.20333333333333,23.0225,433.1789855957031
S003,727,614,0.4448533900329414,3231.0499146957854,109.20333333333333,23.022777777777776,440.7572021484375
S003,727,613,0.4461286603287112,3240.312431454522,109.20305555555557,23.022777777777776,461.0959167480469
S003,727,612,0.4506093879128415,3272.856759097855,109.20277777777778,23.022777777777776,487.0770263671875
S003,726,612,0.4535990185305359,3294.570982185057,109.20277777777778,23.023055555555555,480.9510803222656
S003,726,611,0.4550901154969718,3305.4010867411876,109.2025,23.023055555555555,501.4280090332031
S003,726,610,0.4595708430811021,3337.94541438452,109.20222222222223,23.023055555555555,511.80413818359375
S003,725,610,0.4623446470281305,3358.0920496743292,109.20222222222223,23.023333333333333,492.4614562988281
S003,725,609,0.4640515706652324,3370.4897420278526,109.20194444444445,23.023333333333333,498.4873046875
S003,725,608,0.4685322982493627,3403.034069671185,109.20166666666667,23.023333333333333,493.9788513183594
S003,724,608,0.471090275525725,3421.613117163601,109.20166666666667,23.02361111111111,479.0474548339844
S003,724,607,0.47301302583349303,3435.578397314518,109.2013888888889,23.02361111111111,463.7419738769531
S003,724,606,0.4774937534176233,3468.12272495785,109.20111111111112,23.02361111111111,444.9214172363281
S003,723,606,0.4798359040233196,3485.1341846528735,109.20111111111112,23.023888888888887,430.9419250488281
S003,723,605,0.4819744810017536,3500.667052601183,109.20083333333334,23.023888888888887,435.0614013671875
S003,723,604,0.4864552085858839,3533.2113802445156,109.20055555555557,23.023888888888887,454.6038513183594
S003,722,604,0.48858153252091413,3548.655252142145,109.20055555555557,23.024166666666666,451.2830810546875
S003,722,603,0.4909359361700142,3565.755707887848,109.20027777777779,23.024166666666666,454.5823974609375
S003,722,602,0.4954166637541445,3598.3000355311806,109.2,23.024166666666666,447.86907958984375
S003,721,602,0.4973271610185087,3612.1763196314173,109.2,23.024444444444445,434.56280517578125
S003,721,601,0.4998973913382748,3630.844363174513,109.19972222222223,23.024444444444445,447.5720520019531
S003,721,600,0.5043781189224051,3663.388690817846,109.19944444444445,23.024444444444445,459.8941650390625
S003,720,600,0.5060727895161032,3675.697387120689,109.19944444444445,23.02472222222222,450.8341369628906
S003,720,599,0.5088588465065355,3695.9330184611786,109.19916666666667,23.02472222222222,448.574951171875
S003,720,598,0.5133395740906657,3728.4773461045106,109.19888888888889,23.02472222222222,440.8157043457031
S003,719,598,0.5148184180136978,3739.218454609961,109.19888888888889,23.025,434.01165771484375
S003,719,597,0.517820301674796,3761.021673747843,109.19861111111112,23.025,442.99371337890625
S003,719,596,0.5223010292589263,3793.566001391176,109.19833333333334,23.025,448.7274169921875
S003,718,596,0.5235640465112924,3802.7395220992335,109.19833333333334,23.025277777777777,437.9300231933594
S003,718,595,0.5267817568430566,3826.1103290345086,109.19805555555556,23.025277777777777,433.4616394042969
S003,718,594,0.5312624844271869,3858.654656677841,109.19777777777779,23.025277777777777,429.3318176269531
S003,717,594,0.5323096750088869,3866.2605895885054,109.19777777777779,23.025555555555556,423.2829895019531
S003,717,593,0.5357432120113172,3891.198984321174,109.1975,23.025555555555556,412.5281982421875
S003,717,592,0.5402239395954475,3923.743311964506,109.19722222222222,23.025555555555556,412.871826171875
S003,716,592,0.5410553035064815,3929.7816570777773,109.19722222222222,23.02583333333333,402.1262512207031
S003,716,591,0.5447046671795778,3956.2876396078386,109.19694444444445,23.02583333333333,413.2655029296875
S003,716,590,0.5491853947637081,3988.831967251171,109.19666666666667,23.02583333333333,427.3919372558594
S003,715,590,0.549800932004076,3993.302724567049,109.19666666666667,23.02611111111111,426.9118957519531
S003,715,589,0.5536661223478384,4021.376294894504,109.19638888888889,23.02611111111111,430.09808349609375
S003,715,588,0.5581468499319687,4053.9206225378366,109.19611111111112,23.02611111111111,423.9350891113281
S003,714,588,0.5585465605016705,4056.8237920563206,109.19611111111112,23.02638888888889,415.04302978515625
S003,714,587,0.562627577516099,4086.4649501811696,109.19583333333334,23.02638888888889,405.05572509765625
S003,714,586,0.5671083051002292,4119.009277824502,109.19555555555556,23.02638888888889,407.874755859375
S003,713,586,0.5672921889992651,4120.344859545593,109.19555555555556,23.026666666666667,405.281494140625
S003,713,585,0.5715890326843596,4151.553605467834,109.19527777777779,23.026666666666667,411.3043518066406
S003,712,585,0.5760378174968597,4183.865927034865,109.19527777777779,23.026944444444442,397.4144592285156
S003,712,584,0.5760697602684899,4184.097933111167,109.19500000000001,23.026944444444442,395.70654296875
S003,712,583,0.5805504878526202,4216.642260754499,109.19472222222223,23.026944444444442,396.0316467285156
S003,711,583,0.5847834459944542,4247.386994524137,109.19472222222223,23.02722222222222,383.19256591796875
S003,711,582,0.5850312154367505,4249.186588397832,109.19444444444446,23.02722222222222,378.8690490722656
S003,711,581,0.5895119430208808,4281.730916041165,109.19416666666667,23.02722222222222,378.0527038574219
S003,710,581,0.5935290744920487,4310.908062013409,109.19416666666667,23.0275,370.96875
S003,710,580,0.5939926706050112,4314.275243684498,109.19388888888889,23.0275,378.9034729003906
S003,710,579,0.5984733981891414,4346.819571327829,109.19361111111111,23.0275,370.2891540527344
S003,709,579,0.6022747029896434,4374.4291295026815,109.19361111111111,23.02777777777778,373.8294372558594
S003,709,578,0.6029541257732717,4379.363898971162,109.19333333333334,23.02777777777778,360.5344543457031
S003,709,577,0.607434853357402,4411.908226614494,109.19305555555556,23.02777777777778,348.72601318359375
S003,708,577,0.6110203314872379,4437.950196991953,109.19305555555556,23.028055555555554,355.8938903808594
S003,708,576,0.6119155809415323,4444.452554257828,109.19277777777778,23.028055555555554,339.65997314453125
S003,708,575,0.6163963085256626,4476.99688190116,109.19250000000001,23.028055555555554,336.432861328125
S003,707,575,0.6197659599848324,4501.471264481225,109.19250000000001,23.028333333333332,332.66259765625
S003,707,574,0.620877036109793,4509.541209544493,109.19222222222223,23.028333333333332,346.52197265625
S003,707,573,0.6253577636939232,4542.085537187824,109.19194444444445,23.028333333333332,358.9659729003906
S003,706,573,0.6285115884824269,4564.992331970497,109.19194444444445,23.02861111111111,351.80279541015625
S003,706,572,0.6298384912780535,4574.629864831158,109.19166666666668,23.02861111111111,358.3416442871094
S003,706,571,0.6343192188621838,4607.17419247449,109.1913888888889,23.02861111111111,353.2700500488281
S003,705,571,0.6372572169800216,4628.513399459769,109.1913888888889,23.02888888888889,346.0874328613281
S003,705,570,0.6387999464463141,4639.718520117823,109.19111111111111,23.02888888888889,341.0270080566406
S003,705,569,0.6432806740304444,4672.262847761155,109.19083333333334,23.02888888888889,326.2252197265625
S003,704,569,0.6460028454776161,4692.034466949041,109.19083333333334,23.029166666666665,334.7880859375
S003,704,568,0.6477614016145747,4704.807175404488,109.19055555555556,23.029166666666665,324.7218017578125
S003,704,567,0.652242129198705,4737.35150304782,109.19027777777778,23.029166666666665,319.0538635253906
S003,703,567,0.6547484739752106,4755.555534438313,109.19027777777778,23.029444444444444,329.0753479003906
S003,703,566,0.6567228567828353,4769.895830691153,109.19000000000001,23.029444444444444,321.50384521484375
S003,703,565,0.6612035843669656,4802.440158334485,109.18972222222223,23.029444444444444,331.67041015625
S003,702,565,0.6634941024728052,4819.076601927585,109.18972222222223,23.029722222222222,324.1633605957031
S003,702,564,0.6656843119510959,4834.984485977818,109.18944444444445,23.029722222222222,328.4970703125
S003,702,563,0.6701650395352262,4867.528813621151,109.18916666666668,23.029722222222222,323.2612609863281
S003,701,563,0.6722397309703998,4882.597669416858,109.18916666666668,23.029999999999998,319.0857849121094
S003,701,562,0.6746457671193565,4900.073141264484,109.1888888888889,23.029999999999998,316.4599304199219
S003,701,561,0.6791264947034868,4932.617468907816,109.18861111111111,23.029999999999998,325.8492126464844
S003,700,561,0.6809853594679943,4946.118736906129,109.18861111111111,23.030277777777776,308.6987609863281
S003,700,560,0.6836072222876171,4965.161796551148,109.18833333333333,23.030277777777776,309.7215270996094
S003,700,559,0.6880879498717474,4997.70612419448,109.18805555555556,23.030277777777776,314.9375915527344
S003,699,559,0.6897309879655888,5009.639804395401,109.18805555555556,23.030555555555555,304.8405456542969
S003,699,558,0.6925686774558777,5030.250451837814,109.18777777777778,23.030555555555555,308.3013916015625
S003,699,557,0.697049405040008,5062.794779481146,109.1875,23.030555555555555,313.9721374511719
S003,698,557,0.6984766164631834,5073.160871884673,109.1875,23.030833333333334,307.14801025390625
S003,698,556,0.7015301326241383,5095.339107124479,109.18722222222223,23.030833333333334,308.26873779296875
S003,698,555,0.7060108602082686,5127.883434767811,109.18694444444445,23.030833333333334,308.4297790527344
S003,697,555,0.707222244960778,5136.681939373945,109.18694444444445,23.03111111111111,303.25579833984375
S003,697,554,0.7104915877923988,5160.427762411144,109.18666666666667,23.03111111111111,302.4211730957031
S003,697,553,0.7149723153765292,5192.972090054476,109.1863888888889,23.03111111111111,303.49713134765625
S003,696,553,0.7159678734583725,5200.2030068632175,109.1863888888889,23.031388888888888,306.58758544921875
S003,696,552,0.7194530429606595,5225.516417697809,109.18611111111112,23.031388888888888,312.7063293457031
S003,696,551,0.7239337705447898,5258.060745341141,109.18583333333333,23.031388888888888,315.5868225097656
S003,695,551,0.7247135019559671,5263.724074352489,109.18583333333333,23.031666666666666,313.4015808105469
S003,695,550,0.7284144981289201,5290.605072984474,109.18555555555557,23.031666666666666,312.2161560058594
S003,695,549,0.7328952257130504,5323.149400627807,109.18527777777778,23.031666666666666,309.2340393066406
S003,694,549,0.7334591304535616,5327.245141841761,109.18527777777778,23.031944444444445,303.37127685546875
S003,694,548,0.7373759532971808,5355.69372827114,109.185,23.031944444444445,301.10595703125
S003,694,547,0.741856680881311,5388.238055914471,109.18472222222223,23.031944444444445,312.6112976074219
S003,693,547,0.7422047589511562,5390.766209331034,109.18472222222223,23.03222222222222,317.8233947753906
S003,693,546,0.7463374084654413,5420.782383557804,109.18444444444445,23.03222222222222,318.22613525390625
S003,693,545,0.7508181360495716,5453.326711201137,109.18416666666667,23.03222222222222,310.2717590332031
S003,692,545,0.7509503874487508,5454.287276820305,109.18416666666667,23.0325,315.14886474609375
S003,692,544,0.7552988636337019,5485.87103884447,109.1838888888889,23.0325,302.45684814453125
S003,691,544,0.7596960159463453,5517.8083443095775,109.1838888888889,23.032777777777778,306.6622009277344
S003,691,543,0.7597795912178322,5518.415366487802,109.18361111111112,23.032777777777778,299.65008544921875
S003,691,542,0.7642603188019625,5550.959694131135,109.18333333333334,23.032777777777778,298.0753479003906
S003,690,542,0.7684416444439398,5581.329411798849,109.18333333333334,23.033055555555556,303.3907165527344
S003,690,541,0.7687410463860928,5583.504021774466,109.18305555555555,23.033055555555556,294.34820556640625
S003,690,540,0.7732217739702231,5616.0483494178,109.18277777777779,23.033055555555556,294.1518859863281
S003,689,540,0.7771872729415344,5644.850479288121,109.18277777777779,23.03333333333333,300.5226135253906
S003,689,539,0.7777025015543534,5648.592677061132,109.1825,23.03333333333333,296.4304504394531
S003,689,538,0.7821832291384837,5681.137004704465,109.18222222222222,23.03333333333333,294.5221252441406
S003,688,538,0.785932901439129,5708.371546777394,109.18222222222222,23.03361111111111,316.5042419433594
S003,688,537,0.786663956722614,5713.681332347797,109.18194444444445,23.03361111111111,310.5555114746094
S003,688,536,0.7911446843067443,5746.22565999113,109.18166666666667,23.03361111111111,304.66546630859375
S003,687,536,0.7946785299367235,5771.892614266665,109.18166666666667,23.03388888888889,306.6065673828125
S003,687,535,0.7956254118908745,5778.769987634462,109.18138888888889,23.03388888888889,304.00592041015625
S003,687,534,0.8001061394750049,5811.314315277795,109.18111111111112,23.03388888888889,315.9239501953125
S003,686,534,0.803424158434318,5835.4136817559365,109.18111111111112,23.034166666666668,308.7049560546875
S003,686,533,0.8045868670591352,5843.858642921127,109.18083333333334,23.034166666666668,322.58734130859375
S003,686,532,0.8090675946432655,5876.40297056446,109.18055555555556,23.034166666666668,330.7362365722656
S003,685,532,0.8121697869319127,5898.93474924521,109.18055555555556,23.034444444444443,338.5301208496094
S003,685,531,0.8135483222273958,5908.947298207793,109.18027777777779,23.034444444444443,340.52276611328125
S003,685,530,0.8180290498115261,5941.491625851126,109.18,23.034444444444443,334.1622314453125
S003,684,530,0.8209154154295072,5962.455816734481,109.18,23.03472222222222,341.13140869140625
S003,684,529,0.8225097773956564,5974.035953494458,109.17972222222222,23.03472222222222,336.3879699707031
S003,684,528,0.8269905049797867,6006.58028113779,109.17944444444446,23.03472222222222,346.9541931152344
S003,683,528,0.8296610439271017,6025.976884223754,109.17944444444446,23.035,345.2997131347656
S003,683,527,0.831471232563917,6039.124608781122,109.17916666666667,23.035,351.1153564453125
S003,683,526,0.8359519601480473,6071.668936424456,109.17888888888889,23.035,351.3202819824219
S003,682,526,0.8384066724246962,6089.497951713025,109.17888888888889,23.035277777777775,344.74652099609375
S003,682,525,0.8404326877321776,6104.213264067788,109.17861111111112,23.035277777777775,335.0001525878906
S003,682,524,0.8449134153163079,6136.757591711121,109.17833333333334,23.035277777777775,333.6303405761719
S003,681,524,0.8471523009222908,6153.0190192022965,109.17833333333334,23.035555555555554,335.2143859863281
S003,681,523,0.8493941429004382,6169.301919354453,109.17805555555556,23.035555555555554,323.78759765625
S003,681,522,0.8538748704845684,6201.846246997786,109.17777777777778,23.035555555555554,314.6336669921875
S003,680,522,0.8558979294198854,6216.54008669157,109.17777777777778,23.035833333333333,321.7774963378906
S003,680,521,0.8583555980686988,6234.390574641118,109.17750000000001,23.035833333333333,312.4110412597656
S003,680,520,0.8628363256528291,6266.934902284451,109.17722222222223,23.035833333333333,299.47601318359375
S003,679,520,0.8646435579174799,6280.061154180841,109.17722222222223,23.03611111111111,313.238525390625
S003,679,519,0.8673170532369594,6299.479229927783,109.17694444444444,23.03611111111111,317.428955078125
S003,679,518,0.8717977808210897,6332.023557571116,109.17666666666668,23.03611111111111,323.85308837890625
S003,678,518,0.8733891864150745,6343.582221670113,109.17666666666668,23.036388888888887,340.6671142578125
S003,678,517,0.87627850840522,6364.567885214449,109.1763888888889,23.036388888888887,338.07208251953125
S003,678,516,0.8807592359893504,6397.112212857782,109.17611111111111,23.036388888888887,331.56317138671875
S003,677,516,0.882134814912669,6407.103289159385,109.17611111111111,23.036666666666665,334.3651123046875
S003,677,515,0.8852399635734806,6429.656540501113,109.17583333333334,23.036666666666665,324.8938903808594
S003,677,514,0.8897206911576109,6462.200868144446,109.17555555555556,23.036666666666665,315.7473449707031
S003,676,514,0.8908804434102636,6470.624356648657,109.17555555555556,23.036944444444444,315.0411376953125
S003,676,513,0.8942014187417412,6494.745195787779,109.17527777777778,23.036944444444444,308.35693359375
S003,676,512,0.8986821463258715,6527.289523431112,109.17500000000001,23.036944444444444,305.71124267578125
S003,675,512,0.8996260719078581,6534.145424137929,109.17500000000001,23.037222222222223,315.09136962890625
S003,675,511,0.9031628739100018,6559.833851074444,109.17472222222223,23.037222222222223,313.0574951171875
S003,675,510,0.9076436014941321,6592.378178717777,109.17444444444445,23.037222222222223,311.9483642578125
S003,674,510,0.9083717004054527,6597.666491627201,109.17444444444445,23.037499999999998,322.87353515625
S003,674,509,0.9121243290782624,6624.922506361108,109.17416666666668,23.037499999999998,323.922607421875
S003,674,508,0.9166050566623927,6657.466834004442,109.1738888888889,23.037499999999998,326.8877868652344
S003,673,508,0.9171173289030472,6661.187559116473,109.1738888888889,23.037777777777777,316.92999267578125
S003,673,507,0.921085784246523,6690.011161647774,109.17361111111111,23.037777777777777,325.3961486816406
S003,673,506,0.9255665118306533,6722.555489291107,109.17333333333335,23.037777777777777,335.3251037597656
S003,672,506,0.9258629574006418,6724.708626605746,109.17333333333335,23.038055555555555,334.2074890136719
S003,672,505,0.9300472394147836,6755.099816934439,109.17305555555556,23.038055555555555,343.5063781738281
S003,672,504,0.9345279669989139,6787.644144577772,109.17277777777778,23.038055555555555,341.3877868652344
S003,671,504,0.9346085858982364,6788.229694095017,109.17277777777778,23.038333333333334,328.6861267089844
S003,671,503,0.9390086945830441,6820.188472221104,109.1725,23.038333333333334,319.5953674316406
S003,670,503,0.9433542143958309,6851.750761584289,109.1725,23.03861111111111,305.20892333984375
S003,670,502,0.9434894221671745,6852.732799864437,109.17222222222223,23.03861111111111,292.00018310546875
S003,670,501,0.9479701497513048,6885.277127507769,109.17194444444445,23.03861111111111,285.6567687988281
S003,669,501,0.9520998428934254,6915.271829073561,109.17194444444445,23.038888888888888,290.7230529785156
S003,669,500,0.9524508773354351,6917.821455151102,109.17166666666667,23.038888888888888,292.0236511230469
S003,669,499,0.9569316049195654,6950.365782794435,109.1713888888889,23.038888888888888,291.6199035644531
S003,668,499,0.9608454713910201,6978.792896562833,109.1713888888889,23.039166666666667,301.6343688964844
S003,668,498,0.9614123325036957,6982.910110437768,109.17111111111112,23.039166666666667,299.5748596191406
S003,668,497,0.965893060087826,7015.4544380811,109.17083333333333,23.039166666666667,299.790283203125
S003,667,497,0.9695910998886146,7042.313964052105,109.17083333333333,23.039444444444445,308.0195617675781
S003,667,496,0.9703737876719563,7047.998765724432,109.17055555555557,23.039444444444445,309.6829528808594
S003,667,495,0.9748545152560866,7080.543093367764,109.17027777777778,23.039444444444445,308.4609069824219
S003,666,495,0.9783367283862091,7105.835031541377,109.17027777777778,23.03972222222222,301.84197998046875
S003,666,494,0.9793352428402169,7113.087421011098,109.17,23.03972222222222,298.89410400390625
S003,666,493,0.9838159704243472,7145.63174865443,109.16972222222223,23.03972222222222,302.8725280761719
S003,665,493,0.9870823568838036,7169.356099030649,109.16972222222223,23.04,305.1612854003906
S003,665,492,0.9882966980084775,7178.176076297763,109.16944444444445,23.04,307.4881896972656
S003,665,491,0.9927774255926078,7210.720403941095,109.16916666666667,23.04,306.70458984375
S003,664,491,0.9958279853813983,7232.877166519921,109.16916666666667,23.040277777777778,309.9442443847656
S003,664,490,0.997258153176738,7243.264731584428,109.1688888888889,23.040277777777778,308.51068115234375
S004,778,713,0.0,0.0,109.23083333333334,23.00861111111111,128.7255401611328
S004,777,713,0.003468821711216317,26.760906538141054,109.23083333333334,23.008888888888887,130.80474853515625
S004,776,713,0.007475314794166185,57.66978449858689,109.23083333333334,23.009166666666665,133.40194702148438
S004,775,713,0.011481807877116054,88.57866245903273,109.23083333333334,23.009444444444444,133.6541290283203
S004,774,713,0.015488300960065923,119.48754041947858,109.23083333333334,23.009722222222223,135.18157958984375
S004,774,714,0.01646545927147942,127.02602017476562,109.23111111111112,23.009722222222223,140.734619140625
S004,773,714,0.01949479404301579,150.39641837992443,109.23111111111112,23.009999999999998,142.61325073242188
S004,772,714,0.02350128712596566,181.30529634037026,109.23111111111112,23.010277777777777,146.64341735839844
S004,771,714,0.027507780208915526,212.21417430081607,109.23111111111112,23.010555555555555,148.6941375732422
S004,770,714,0.031514273291865395,243.12305226126193,109.23111111111112,23.010833333333334,149.6065673828125
S004,769,714,0.035520766374815264,274.0319302217078,109.23111111111112,23.01111111111111,154.50082397460938
S004,768,714,0.03952725945776513,304.9408081821536,109.23111111111112,23.011388888888888,153.51010131835938
S004,767,714,0.043533752540715,335.84968614259947,109.23111111111112,23.011666666666667,148.1344757080078
S004,766,714,0.04754024562366487,366.75856410304533,109.23111111111112,23.011944444444445,136.24497985839844
S004,765,714,0.05154673870661474,397.66744206349114,109.23111111111112,23.01222222222222,131.78041076660156
S004,765,715,0.05441479842169159,419.7936521632505,109.2313888888889,23.01222222222222,146.40965270996094
S004,764,715,0.05555323178956461,428.576320023937,109.2313888888889,23.0125,133.56430053710938
S004,763,715,0.05955972487251447,459.4851979843828,109.2313888888889,23.012777777777778,128.43751525878906
S004,762,715,0.06356621795546434,490.3940759448286,109.2313888888889,23.013055555555553,127.2642822265625
S004,761,715,0.06757271103841421,521.3029539052744,109.2313888888889,23.013333333333332,127.64614868164062
S004,760,715,0.07157920412136408,552.2118318657203,109.2313888888889,23.01361111111111,131.9091339111328
S004,759,715,0.07558569720431395,583.1207098261661,109.2313888888889,23.01388888888889,136.98744201660156
S004,758,715,0.07959219028726382,614.029587786612,109.2313888888889,23.014166666666664,141.8100128173828
S004,757,715,0.08359868337021369,644.9384657470579,109.2313888888889,23.014444444444443,149.5489959716797
S004,756,715,0.08760517645316356,675.8473437075037,109.2313888888889,23.014722222222222,160.66078186035156
S004,755,715,0.09161166953611342,706.7562216679495,109.2313888888889,23.015,169.00863647460938
S004,755,716,0.09236413757190376,712.5612841517354,109.23166666666667,23.015,153.67076110839844
S004,754,716,0.0956181626190633,737.6650996283954,109.23166666666667,23.015277777777776,161.8528594970703
S004,753,716,0.09962465570201316,768.5739775888412,109.23166666666667,23.015555555555554,164.943359375
S004,752,716,0.10363114878496303,799.482855549287,109.23166666666667,23.015833333333333,170.0679931640625
S004,751,716,0.1076376418679129,830.391733509733,109.23166666666667,23.016111111111112,173.88925170898438
S004,750,716,0.11164413495086277,861.3006114701788,109.23166666666667,23.016388888888887,181.23397827148438
S004,749,716,0.11565062803381264,892.2094894306246,109.23166666666667,23.016666666666666,187.71932983398438
S004,748,716,0.11965712111676251,923.1183673910705,109.23166666666667,23.016944444444444,185.7139129638672
S004,747,716,0.12366361419971238,954.0272453515163,109.23166666666667,23.017222222222223,178.59912109375
S004,746,716,0.12767010728266223,984.936123311962,109.23166666666667,23.0175,163.34619140625
S004,746,717,0.13031347672211593,1005.3289161402204,109.23194444444445,23.0175,161.64158630371094
S004,745,717,0.1316766003656121,1015.8450012724079,109.23194444444445,23.017777777777777,149.88731384277344
S004,744,717,0.13568309344856197,1046.7538792328537,109.23194444444445,23.018055555555556,136.9499969482422
S004,743,717,0.13968958653151184,1077.6627571932995,109.23194444444445,23.01833333333333,129.97531127929688
S004,742,717,0.1436960796144617,1108.5716351537453,109.23194444444445,23.01861111111111,135.10562133789062
S004,741,717,0.14770257269741158,1139.4805131141914,109.23194444444445,23.01888888888889,136.5840301513672
S004,740,717,0.15170906578036145,1170.3893910746372,109.23194444444445,23.019166666666667,141.9512176513672
S004,739,717,0.15571555886331132,1201.298269035083,109.23194444444445,23.019444444444442,145.075927734375
S004,738,717,0.15972205194626118,1232.2071469955288,109.23194444444445,23.01972222222222,144.8016357421875
S004,737,717,0.16372854502921105,1263.1160249559746,109.23194444444445,23.02,145.4068145751953
S004,736,717,0.16773503811216092,1294.0249029164204,109.23194444444445,23.02027777777778,148.46156311035156
S004,736,718,0.1682628158723281,1298.0965481287053,109.23222222222223,23.02027777777778,144.3670196533203
S004,735,718,0.1717415311951108,1324.9337808768664,109.23222222222223,23.020555555555553,153.87069702148438
S004,734,718,0.17574802427806066,1355.8426588373122,109.23222222222223,23.020833333333332,156.70394897460938
S004,733,718,0.17975451736101053,1386.751536797758,109.23222222222223,23.02111111111111,149.07289123535156
S004,732,718,0.1837610104439604,1417.6604147582038,109.23222222222223,23.02138888888889,145.0550994873047
S004,731,718,0.18776750352691027,1448.5692927186496,109.23222222222223,23.021666666666665,144.21914672851562
S004,730,718,0.19177399660986014,1479.4781706790955,109.23222222222223,23.021944444444443,145.7208709716797
S004,729,718,0.19578048969281,1510.3870486395415,109.23222222222223,23.022222222222222,147.84678649902344
S004,728,718,0.19978698277575987,1541.2959265999873,109.23222222222223,23.0225,147.49911499023438
S004,727,718,0.20379347585870974,1572.204804560433,109.23222222222223,23.022777777777776,155.91029357910156
S004,727,719,0.20621215502254026,1590.86418011719,109.2325,23.022777777777776,150.47230529785156
S004,726,719,0.2077999689416596,1603.113682520879,109.2325,23.023055555555555,157.22909545898438
S004,725,719,0.21180646202460948,1634.0225604813247,109.2325,23.023333333333333,169.05638122558594
S004,724,719,0.21581295510755935,1664.9314384417705,109.2325,23.02361111111111,183.481201171875
S004,723,719,0.21981944819050922,1695.8403164022166,109.2325,23.023888888888887,190.4971466064453
S004,722,719,0.2238259412734591,1726.7491943626624,109.2325,23.024166666666666,198.35421752929688
S004,721,719,0.22783243435640896,1757.6580723231082,109.2325,23.024444444444445,210.0857391357422
S004,720,719,0.23183892743935883,1788.566950283554,109.2325,23.02472222222222,217.3641357421875
S004,719,719,0.2358454205223087,1819.4758282439998,109.2325,23.025,220.85052490234375
S004,718,719,0.23985191360525857,1850.3847062044456,109.2325,23.025277777777777,221.84344482421875
S004,717,719,0.24385840668820843,1881.2935841648916,109.2325,23.025555555555556,227.9234161376953
S004,717,720,0.24416149417275243,1883.631812105675,109.23277777777778,23.025555555555556,223.86412048339844
S004,716,720,0.2478648997711583,1912.2024621253374,109.23277777777778,23.02583333333333,231.8917236328125
S004,715,720,0.25187139285410814,1943.111340085783,109.23277777777778,23.02611111111111,230.84323120117188
S004,714,720,0.255877885937058,1974.0202180462288,109.23277777777778,23.02638888888889,227.68887329101562
S004,713,720,0.2598843790200079,2004.9290960066746,109.23277777777778,23.026666666666667,215.29103088378906
S004,712,720,0.26389087210295775,2035.8379739671204,109.23277777777778,23.026944444444442,193.0621795654297
S004,711,720,0.2678973651859076,2066.7468519275662,109.23277777777778,23.02722222222222,166.18807983398438
S004,710,720,0.2719038582688575,2097.655729888012,109.23277777777778,23.0275,145.40658569335938
S004,709,720,0.27591035135180736,2128.564607848458,109.23277777777778,23.02777777777778,149.47525024414062
S004,708,720,0.27991684443475723,2159.473485808904,109.23277777777778,23.028055555555554,152.89768981933594
S004,708,721,0.2821108333229646,2176.3994440941597,109.23305555555557,23.028055555555554,150.20509338378906
S004,707,721,0.2839233375177071,2190.38236376935,109.23305555555557,23.028333333333332,153.3573760986328
S004,706,721,0.28792983060065697,2221.2912417297957,109.23305555555557,23.02861111111111,155.78257751464844
S004,705,721,0.29193632368360684,2252.2001196902415,109.23305555555557,23.02888888888889,155.85409545898438
S004,704,721,0.2959428167665567,2283.1089976506873,109.23305555555557,23.029166666666665,170.99403381347656
S004,703,721,0.2999493098495066,2314.017875611133,109.23305555555557,23.029444444444444,186.5896453857422
S004,702,721,0.30395580293245644,2344.926753571579,109.23305555555557,23.029722222222222,191.6955108642578
S004,701,721,0.3079622960154063,2375.8356315320248,109.23305555555557,23.029999999999998,188.30691528320312
S004,700,721,0.3119687890983562,2406.7445094924706,109.23305555555557,23.030277777777776,185.75611877441406
S004,699,721,0.31597528218130605,2437.6533874529164,109.23305555555557,23.030555555555555,175.39700317382812
S004,698,721,0.3199817752642559,2468.562265413362,109.23305555555557,23.030833333333334,180.39598083496094
S004,698,722,0.32006017247317675,2469.1670760826446,109.23333333333333,23.030833333333334,194.6613006591797
S004,697,722,0.3239882683472058,2499.471143373808,109.23333333333333,23.03111111111111,196.6715087890625
S004,696,722,0.32799476143015566,2530.3800213342543,109.23333333333333,23.031388888888888,208.00201416015625
S004,695,722,0.3320012545131055,2561.2888992947,109.23333333333333,23.031666666666666,208.95465087890625
S004,694,722,0.3360077475960554,2592.197777255146,109.23333333333333,23.031944444444445,190.79507446289062
S004,693,722,0.34001424067900526,2623.1066552155917,109.23333333333333,23.03222222222222,173.6873779296875
S004,692,722,0.34402073376195513,2654.0155331760375,109.23333333333333,23.0325,172.0814971923828
S004,691,722,0.348027226844905,2684.9244111364833,109.23333333333333,23.032777777777778,157.056396484375
S004,690,722,0.35203371992785487,2715.833289096929,109.23333333333333,23.033055555555556,142.5
S004,689,722,0.35604021301080474,2746.742167057375,109.23333333333333,23.03333333333333,143.43020629882812
S004,689,723,0.35800951162338895,2761.9347080711295,109.23361111111112,23.03333333333333,155.51866149902344
S004,688,723,0.3600467060937546,2777.6510450178207,109.23361111111112,23.03361111111111,155.973388671875
S004,687,723,0.3640531991767045,2808.5599229782665,109.23361111111112,23.03388888888889,154.1881866455078
S004,686,723,0.36805969225965435,2839.4688009387123,109.23361111111112,23.034166666666668,151.84320068359375
S004,685,723,0.3720661853426042,2870.377678899158,109.23361111111112,23.034444444444443,153.82589721679688
S004,684,723,0.3760726784255541,2901.2865568596044,109.23361111111112,23.03472222222222,156.2194366455078
S004,683,723,0.38007917150850395,2932.19543482005,109.23361111111112,23.035,163.52664184570312
S004,682,723,0.3840856645914538,2963.104312780496,109.23361111111112,23.035277777777775,165.24435424804688
S004,681,723,0.3880921576744037,2994.013190740942,109.23361111111112,23.035555555555554,163.80648803710938
S004,680,723,0.39209865075735356,3024.9220687013876,109.23361111111112,23.035833333333333,160.19024658203125
S004,680,724,0.3959588507736011,3054.7023400596145,109.2338888888889,23.035833333333333,165.89923095703125
S004,679,724,0.39610514384030343,3055.8309466618334,109.2338888888889,23.03611111111111,162.44692993164062
S004,678,724,0.4001116369232533,3086.7398246222792,109.2338888888889,23.036388888888887,164.19252014160156
S004,677,724,0.40411813000620317,3117.648702582725,109.2338888888889,23.036666666666665,158.78688049316406
S004,676,724,0.40812462308915304,3148.557580543171,109.2338888888889,23.036944444444444,149.3049774169922
S004,675,724,0.4121311161721029,3179.4664585036166,109.2338888888889,23.037222222222223,145.80996704101562
S004,674,724,0.4161376092550528,3210.3753364640625,109.2338888888889,23.037499999999998,145.0
S004,673,724,0.42014410233800265,3241.2842144245083,109.2338888888889,23.037777777777777,156.27044677734375
S004,672,724,0.4241505954209525,3272.1930923849545,109.2338888888889,23.038055555555555,162.89291381835938
S004,671,724,0.4281570885039024,3303.1019703454003,109.2338888888889,23.038333333333334,168.65489196777344
S004,670,724,0.43216358158685225,3334.010848305846,109.2338888888889,23.03861111111111,178.29190063476562
S004,670,725,0.4339081899238133,3347.4699720480994,109.23416666666667,23.03861111111111,175.8939971923828
S004,669,725,0.4361700746698021,3364.919726266292,109.23416666666667,23.038888888888888,186.71287536621094
S004,668,725,0.440176567752752,3395.8286042267378,109.23416666666667,23.039166666666667,194.13021850585938
S004,667,725,0.44418306083570186,3426.7374821871836,109.23416666666667,23.039444444444445,178.21229553222656
S004,666,725,0.44818955391865173,3457.6463601476294,109.23416666666667,23.03972222222222,159.15647888183594
S004,665,725,0.4521960470016016,3488.555238108075,109.23416666666667,23.04,155.0780792236328
S004,664,725,0.45620254008455147,3519.464116068521,109.23416666666667,23.040277777777778,152.6243438720703
S004,663,725,0.46020903316750134,3550.372994028967,109.23416666666667,23.040555555555553,152.5611114501953
S004,662,725,0.4642155262504512,3581.2818719894126,109.23416666666667,23.04083333333333,152.39642333984375
S004,661,725,0.4682220193334011,3612.1907499498584,109.23416666666667,23.04111111111111,153.65542602539062
S004,661,726,0.47185752907402545,3640.2376040365843,109.23444444444445,23.04111111111111,152.44845581054688
S004,660,726,0.47222851241635094,3643.0996279103047,109.23444444444445,23.04138888888889,154.3355712890625
S004,659,726,0.4762350054993008,3674.0085058707505,109.23444444444445,23.041666666666664,156.31532287597656
S004,658,726,0.4802414985822507,3704.9173838311963,109.23444444444445,23.041944444444443,151.287353515625
S004,657,726,0.48424799166520055,3735.826261791642,109.23444444444445,23.04222222222222,150.92530822753906
S004,656,726,0.4882544847481504,3766.735139752088,109.23444444444445,23.0425,162.3950653076172
S004,655,726,0.4922609778311003,3797.6440177125337,109.23444444444445,23.042777777777776,183.3037109375
S004,654,726,0.49626747091405016,3828.5528956729795,109.23444444444445,23.043055555555554,199.10415649414062
S004,653,726,0.500273963997,3859.461773633425,109.23444444444445,23.043333333333333,207.93797302246094
S004,652,726,0.5042804570799498,3890.3706515938707,109.23444444444445,23.04361111111111,216.4515380859375
S004,651,726,0.5082869501628997,3921.2795295543165,109.23444444444445,23.043888888888887,229.3142547607422
S004,651,727,0.5098068682242376,3933.0052360250693,109.23472222222223,23.043888888888887,219.24574279785156
S004,650,727,0.5122934432458496,3952.1884075147623,109.23472222222223,23.044166666666666,230.7282257080078
S004,649,727,0.5162999363287994,3983.097285475208,109.23472222222223,23.044444444444444,242.52313232421875
S004,648,727,0.5203064294117493,4014.0061634356543,109.23472222222223,23.044722222222223,251.66712951660156
S004,647,727,0.5243129224946992,4044.9150413961,109.23472222222223,23.044999999999998,261.73699951171875
S004,646,727,0.528319415577649,4075.823919356546,109.23472222222223,23.045277777777777,261.97412109375
S004,645,727,0.5323259086605989,4106.732797316991,109.23472222222223,23.045555555555556,258.0741882324219
S004,644,727,0.5363324017435488,4137.641675277438,109.23472222222223,23.045833333333334,249.6328887939453
S004,643,727,0.5403388948264987,4168.550553237883,109.23472222222223,23.04611111111111,238.20452880859375
S004,642,727,0.5443453879094485,4199.459431198329,109.23472222222223,23.046388888888888,235.0436248779297
S004,642,728,0.5477562073744497,4225.772868013554,109.235,23.046388888888888,248.972900390625
S004,641,728,0.5483518809923984,4230.368309158775,109.235,23.046666666666667,243.23431396484375
S004,640,728,0.5523583740753483,4261.277187119221,109.235,23.046944444444442,241.8838653564453
S004,639,728,0.5563648671582981,4292.186065079667,109.235,23.04722222222222,231.58334350585938
S004,638,728,0.560371360241248,4323.094943040112,109.235,23.0475,213.44931030273438
S004,637,728,0.5643778533241979,4354.003821000559,109.235,23.047777777777778,220.03909301757812
S004,636,728,0.5683843464071477,4384.912698961004,109.235,23.048055555555553,239.4560089111328
S004,635,728,0.5723908394900976,4415.82157692145,109.235,23.048333333333332,250.90737915039062
S004,634,728,0.5763973325730475,4446.730454881896,109.235,23.04861111111111,259.4090576171875
S004,633,728,0.5804038256559974,4477.639332842342,109.235,23.04888888888889,268.830078125
S004,632,728,0.5844103187389472,4508.548210802787,109.235,23.049166666666665,281.0758056640625
S004,632,729,0.585705546524662,4518.540500002039,109.23527777777778,23.049166666666665,282.9464416503906
S004,631,729,0.5884168118218971,4539.4570887632335,109.23527777777778,23.049444444444443,292.7298889160156
S004,630,729,0.592423304904847,4570.36596672368,109.23527777777778,23.049722222222222,281.9906921386719
S004,629,729,0.5964297979877968,4601.274844684125,109.23527777777778,23.05,262.96710205078125
S004,628,729,0.6004362910707467,4632.183722644571,109.23527777777778,23.050277777777776,256.8616027832031
S004,627,729,0.6044427841536966,4663.092600605017,109.23527777777778,23.050555555555555,259.81787109375
S004,626,729,0.6084492772366464,4694.001478565463,109.23527777777778,23.050833333333333,249.02392578125
S004,625,729,0.6124557703195963,4724.910356525908,109.23527777777778,23.051111111111112,263.3919982910156
S004,624,729,0.6164622634025462,4755.819234486355,109.23527777777778,23.051388888888887,273.4190673828125
S004,623,729,0.620468756485496,4786.7281124468,109.23527777777778,23.051666666666666,262.6319274902344
S004,623,730,0.6236548856748741,4811.308131990524,109.23555555555556,23.051666666666666,269.24664306640625
S004,622,730,0.6244752495684459,4817.636990407246,109.23555555555556,23.051944444444445,256.74700927734375
S004,621,730,0.6284817426513958,4848.545868367692,109.23555555555556,23.05222222222222,245.01673889160156
S004,620,730,0.6324882357343456,4879.454746328138,109.23555555555556,23.0525,245.36541748046875
S004,619,730,0.6364947288172955,4910.363624288583,109.23555555555556,23.052777777777777,253.28311157226562
S004,618,730,0.6405012219002454,4941.2725022490295,109.23555555555556,23.053055555555556,238.1753387451172
S004,617,730,0.6445077149831953,4972.181380209476,109.23555555555556,23.05333333333333,224.1054229736328
S004,616,730,0.6485142080661451,5003.090258169921,109.23555555555556,23.05361111111111,232.8063201904297
S004,615,730,0.652520701149095,5033.999136130367,109.23555555555556,23.05388888888889,244.8858642578125
S004,614,730,0.6565271942320449,5064.908014090813,109.23555555555556,23.054166666666667,248.09786987304688
S004,613,730,0.6605336873149947,5095.816892051259,109.23555555555556,23.054444444444442,262.0197448730469
S004,613,731,0.6616042248250863,5104.075763979009,109.23583333333333,23.054444444444442,249.9714813232422
S004,612,731,0.6645401803979446,5126.725770011704,109.23583333333333,23.05472222222222,265.5665283203125
S004,611,731,0.6685466734808945,5157.634647972151,109.23583333333333,23.055,273.5014343261719
S004,610,731,0.6725531665638443,5188.543525932596,109.23583333333333,23.05527777777778,272.1981201171875
S004,609,731,0.6765596596467942,5219.452403893042,109.23583333333333,23.055555555555554,269.40679931640625
S004,608,731,0.6805661527297441,5250.3612818534875,109.23583333333333,23.055833333333332,277.4698181152344
S004,607,731,0.684572645812694,5281.270159813934,109.23583333333333,23.05611111111111,275.8066711425781
S004,606,731,0.6885791388956438,5312.17903777438,109.23583333333333,23.05638888888889,264.420166015625
S004,605,731,0.6925856319785937,5343.087915734825,109.23583333333333,23.056666666666665,268.54296875
S004,604,731,0.6965921250615436,5373.996793695272,109.23583333333333,23.056944444444444,273.0462951660156
S004,604,732,0.6995535639752984,5396.843395967494,109.23611111111111,23.056944444444444,283.02777099609375
S004,603,732,0.7005986181444934,5404.905671655717,109.23611111111111,23.057222222222222,285.51690673828125
S004,602,732,0.7046051112274433,5435.814549616163,109.23611111111111,23.057499999999997,288.6454772949219
S004,601,732,0.7086116043103932,5466.723427576609,109.23611111111111,23.057777777777776,288.7551574707031
S004,600,732,0.712618097393343,5497.632305537055,109.23611111111111,23.058055555555555,290.4381103515625
S004,599,732,0.7166245904762929,5528.5411834975,109.23611111111111,23.058333333333334,294.0818176269531
S004,598,732,0.7206310835592428,5559.4500614579465,109.23611111111111,23.05861111111111,294.41876220703125
S004,597,732,0.7246375766421926,5590.358939418392,109.23611111111111,23.058888888888887,309.4656982421875
S004,596,732,0.7286440697251425,5621.267817378838,109.23611111111111,23.059166666666666,323.8739929199219
S004,595,732,0.7326505628080924,5652.1766953392835,109.23611111111111,23.059444444444445,311.37042236328125
S004,594,732,0.7366570558910422,5683.08557329973,109.23611111111111,23.05972222222222,302.15777587890625
S004,594,733,0.7375029031255106,5689.611027955978,109.2363888888889,23.05972222222222,309.6524963378906
S004,593,733,0.7406635489739921,5713.994451260176,109.2363888888889,23.06,322.755615234375
S004,592,733,0.744670042056942,5744.903329220621,109.2363888888889,23.060277777777777,333.22174072265625
S004,591,733,0.7486765351398919,5775.812207181068,109.2363888888889,23.060555555555556,330.5505676269531
S004,590,733,0.7526830282228417,5806.721085141513,109.2363888888889,23.06083333333333,325.6984558105469
S004,589,733,0.7566895213057916,5837.629963101959,109.2363888888889,23.06111111111111,337.35302734375
S004,588,733,0.7606960143887415,5868.538841062405,109.2363888888889,23.06138888888889,347.11456298828125
S004,587,733,0.7647025074716913,5899.447719022851,109.2363888888889,23.061666666666667,348.2391662597656
S004,586,733,0.7687090005546412,5930.356596983296,109.2363888888889,23.061944444444443,336.5574951171875
S004,585,733,0.7727154936375911,5961.265474943742,109.2363888888889,23.06222222222222,322.776611328125
S004,585,734,0.7754522422757228,5982.378659944464,109.23666666666668,23.06222222222222,333.7394714355469
S004,584,734,0.7767219867205409,5992.174352904188,109.23666666666668,23.0625,328.5135803222656
S004,583,734,0.7807284798034908,6023.083230864634,109.23666666666668,23.06277777777778,325.69146728515625
S004,582,734,0.7847349728864407,6053.99210882508,109.23666666666668,23.063055555555554,318.7444763183594
S004,581,734,0.7887414659693905,6084.900986785526,109.23666666666668,23.063333333333333,322.7115173339844
S004,580,734,0.7927479590523404,6115.809864745972,109.23666666666668,23.06361111111111,326.6756591796875
S004,579,734,0.7967544521352903,6146.718742706417,109.23666666666668,23.063888888888886,318.6462097167969
S004,578,734,0.8007609452182401,6177.627620666864,109.23666666666668,23.064166666666665,318.63104248046875
S004,577,734,0.80476743830119,6208.536498627309,109.23666666666668,23.064444444444444,316.51641845703125
S004,576,734,0.8087739313841399,6239.445376587755,109.23666666666668,23.064722222222223,302.74163818359375
S004,575,734,0.8127804244670898,6270.3542545482005,109.23666666666668,23.064999999999998,289.73907470703125
S004,575,735,0.813401581425935,6275.146291932949,109.23694444444445,23.064999999999998,296.2171630859375
S004,574,735,0.8167869175500396,6301.263132508647,109.23694444444445,23.065277777777776,284.0322265625
S004,573,735,0.8207934106329895,6332.172010469092,109.23694444444445,23.065555555555555,269.6351623535156
S004,572,735,0.8247999037159394,6363.080888429538,109.23694444444445,23.065833333333334,253.66372680664062
S004,571,735,0.8288063967988892,6393.989766389984,109.23694444444445,23.06611111111111,245.2732391357422
S004,570,735,0.8328128898818391,6424.89864435043,109.23694444444445,23.066388888888888,244.06739807128906
S004,569,735,0.836819382964789,6455.807522310876,109.23694444444445,23.066666666666666,229.5096435546875
S004,568,735,0.8408258760477388,6486.716400271322,109.23694444444445,23.066944444444445,220.94308471679688
S004,567,735,0.8448323691306887,6517.625278231768,109.23694444444445,23.06722222222222,238.3279266357422
S004,566,735,0.8488388622136386,6548.534156192213,109.23694444444445,23.0675,247.68048095703125
S004,566,736,0.8513509205761471,6567.913923921434,109.23722222222223,23.0675,240.2353515625
S004,565,736,0.8528453552965884,6579.4430341526595,109.23722222222223,23.067777777777778,230.15623474121094
S004,564,736,0.8568518483795383,6610.351912113105,109.23722222222223,23.068055555555556,233.67185974121094
S004,563,736,0.8608583414624882,6641.260790073551,109.23722222222223,23.06833333333333,246.828369140625
S004,562,736,0.864864834545438,6672.1696680339965,109.23722222222223,23.06861111111111,239.76438903808594
S004,561,736,0.8688713276283879,6703.078545994443,109.23722222222223,23.06888888888889,231.06822204589844
S004,560,736,0.8728778207113378,6733.987423954888,109.23722222222223,23.069166666666664,216.8209686279297
S004,559,736,0.8768843137942877,6764.896301915334,109.23722222222223,23.069444444444443,202.3566131591797
S004,558,736,0.8808908068772375,6795.80517987578,109.23722222222223,23.06972222222222,200.69740295410156
S004,557,736,0.8848972999601874,6826.714057836226,109.23722222222223,23.07,211.33372497558594
S004,556,736,0.8889037930431373,6857.622935796672,109.23722222222223,23.070277777777775,225.7750244140625
S004,556,737,0.8893002597263593,6860.681555909918,109.23750000000001,23.070277777777775,230.7193145751953
S004,555,737,0.8929102861260871,6888.531813757118,109.23750000000001,23.070555555555554,239.22543334960938
S004,554,737,0.896916779209037,6919.440691717564,109.23750000000001,23.070833333333333,238.4581756591797
S004,553,737,0.9009232722919869,6950.349569678009,109.23750000000001,23.07111111111111,229.06832885742188
S004,552,737,0.9049297653749367,6981.258447638455,109.23750000000001,23.071388888888887,215.82855224609375
S004,551,737,0.9089362584578866,7012.167325598901,109.23750000000001,23.071666666666665,221.39276123046875
S004,550,737,0.9129427515408365,7043.076203559347,109.23750000000001,23.071944444444444,234.78997802734375
S004,549,737,0.9169492446237864,7073.985081519792,109.23750000000001,23.072222222222223,234.0657196044922
S004,548,737,0.9209557377067362,7104.893959480239,109.23750000000001,23.072499999999998,231.08905029296875
S004,547,737,0.9249622307896861,7135.802837440684,109.23750000000001,23.072777777777777,226.56436157226562
S004,547,738,0.9272495988765714,7153.449187898403,109.23777777777778,23.072777777777777,244.2332305908203
S004,546,738,0.928968723872636,7166.71171540113,109.23777777777778,23.073055555555555,247.1850128173828
S004,545,738,0.9329752169555858,7197.6205933615765,109.23777777777778,23.073333333333334,250.83314514160156
S004,544,738,0.9369817100385357,7228.529471322022,109.23777777777778,23.07361111111111,240.78211975097656
S004,543,738,0.9409882031214856,7259.438349282468,109.23777777777778,23.073888888888888,256.258544921875
S004,542,738,0.9449946962044354,7290.3472272429135,109.23777777777778,23.074166666666667,271.5724182128906
S004,541,738,0.9490011892873853,7321.25610520336,109.23777777777778,23.074444444444445,282.1116027832031
S004,540,738,0.9530076823703352,7352.164983163805,109.23777777777778,23.07472222222222,292.08544921875
S004,539,738,0.957014175453285,7383.073861124251,109.23777777777778,23.075,285.30792236328125
S004,538,738,0.9610206685362349,7413.982739084697,109.23777777777778,23.075277777777778,267.2309265136719
S004,537,738,0.9650271616191848,7444.891617045143,109.23777777777778,23.075555555555553,257.2462158203125
S004,537,739,0.9651989380267837,7446.2168198868885,109.23805555555556,23.075555555555553,271.4110107421875
S004,536,739,0.9690336547021347,7475.800495005588,109.23805555555556,23.075833333333332,263.1273193359375
S004,535,739,0.9730401477850845,7506.709372966035,109.23805555555556,23.07611111111111,247.15768432617188
S004,534,739,0.9770466408680344,7537.61825092648,109.23805555555556,23.07638888888889,229.87893676757812
S004,533,739,0.9810531339509843,7568.527128886926,109.23805555555556,23.076666666666664,214.66004943847656
S004,532,739,0.9850596270339341,7599.4360068473725,109.23805555555556,23.076944444444443,216.1753387451172
S004,531,739,0.989066120116884,7630.344884807818,109.23805555555556,23.077222222222222,215.39187622070312
S004,530,739,0.9930726131998339,7661.253762768264,109.23805555555556,23.0775,203.27952575683594
S004,529,739,0.9970791062827837,7692.162640728709,109.23805555555556,23.077777777777776,195.11575317382812
S005,778,713,0.0,0.0,109.23083333333334,23.00861111111111,128.7255401611328
S005,777,713,0.005049942991285113,26.666763990593576,109.23083333333334,23.008888888888887,130.80474853515625
S005,776,713,0.010882632978912229,57.466907199887274,109.23083333333334,23.009166666666665,133.40194702148438
S005,775,713,0.016715322966539346,88.26705040918098,109.23083333333334,23.009444444444444,133.6541290283203
S005,774,713,0.022548012954166464,119.06719361847469,109.23083333333334,23.009722222222223,135.18157958984375
S005,773,713,0.028380702941793578,149.86733682776838,109.23083333333334,23.009999999999998,139.52947998046875
S005,772,713,0.034213392929420695,180.6674800370621,109.23083333333334,23.010277777777777,143.50363159179688
S005,771,713,0.04004608291704781,211.46762324635577,109.23083333333334,23.010555555555555,147.5701446533203
S005,770,713,0.04587877290467493,242.2677664556495,109.23083333333334,23.010833333333334,148.52069091796875
S005,769,713,0.051711462892302044,273.06790966494316,109.23083333333334,23.01111111111111,149.6406707763672
S005,768,713,0.05754415287992916,303.86805287423687,109.23083333333334,23.011388888888888,143.94345092773438
S005,768,712,0.061635006486300686,325.4702428057745,109.23055555555555,23.011388888888888,128.8519287109375
S005,767,712,0.06337684286755628,334.6681960835306,109.23055555555555,23.011666666666667,128.23745727539062
S005,766,712,0.0692095328551834,365.46833929282434,109.23055555555555,23.011944444444445,127.55382537841797
S005,765,712,0.07504222284281051,396.268482502118,109.23055555555555,23.01222222222222,131.58016967773438
S005,764,712,0.08087491283043763,427.0686257114117,109.23055555555555,23.0125,137.08578491210938
S005,763,712,0.08670760281806475,457.8687689207054,109.23055555555555,23.012777777777778,144.7996826171875
S005,762,712,0.09254029280569186,488.66891212999906,109.23055555555555,23.013055555555553,150.41404724121094
S005,761,712,0.09837298279331898,519.4690553392928,109.23055555555555,23.013333333333332,155.54681396484375
S005,760,712,0.1042056727809461,550.2691985485865,109.23055555555555,23.01361111111111,159.63743591308594
S005,759,712,0.1100383627685732,581.0693417578801,109.23055555555555,23.01388888888889,161.31056213378906
S005,758,712,0.11587105275620033,611.8694849671739,109.23055555555555,23.014166666666664,162.76080322265625
S005,757,712,0.12170374274382745,642.6696281764677,109.23055555555555,23.014444444444443,162.78504943847656
S005,756,712,0.12753643273145457,673.4697713857613,109.23055555555555,23.014722222222222,154.5097198486328
S005,755,712,0.13336912271908166,704.269914595055,109.23055555555555,23.015,156.9323272705078
S005,754,712,0.13920181270670878,735.0700578043486,109.23055555555555,23.015277777777776,162.26895141601562
S005,753,712,0.1450345026943359,765.8702010136424,109.23055555555555,23.015555555555554,161.41465759277344
S005,752,712,0.15086719268196302,796.6703442229361,109.23055555555555,23.015833333333333,169.70916748046875
S005,751,712,0.15669988266959015,827.4704874322298,109.23055555555555,23.016111111111112,180.08937072753906
S005,750,712,0.16253257265721727,858.2706306415236,109.23055555555555,23.016388888888887,188.41993713378906
S005,749,712,0.16836526264484436,889.0707738508171,109.23055555555555,23.016666666666666,189.08946228027344
S005,749,711,0.17050769511967806,900.384117639206,109.23027777777779,23.016666666666666,177.4230499267578
S005,748,711,0.17419795263247148,919.8709170601109,109.23027777777779,23.016944444444444,167.45504760742188
S005,747,711,0.1800306426200986,950.6710602694046,109.23027777777779,23.017222222222223,150.07215881347656
S005,746,711,0.18586333260772572,981.4712034786983,109.23027777777779,23.0175,141.44146728515625
S005,745,711,0.19169602259535284,1012.271346687992,109.23027777777779,23.017777777777777,136.43283081054688
S005,744,711,0.19752871258297997,1043.0714898972858,109.23027777777779,23.018055555555556,133.4369659423828
S005,743,711,0.20336140257060706,1073.8716331065793,109.23027777777779,23.01833333333333,138.2466278076172
S005,742,711,0.20919409255823418,1104.671776315873,109.23027777777779,23.01861111111111,140.71946716308594
S005,741,711,0.2150267825458613,1135.4719195251669,109.23027777777779,23.01888888888889,133.5133819580078
S005,740,711,0.22085947253348842,1166.2720627344604,109.23027777777779,23.019166666666667,129.62075805664062
S005,739,711,0.22669216252111554,1197.0722059437542,109.23027777777779,23.019444444444442,130.9544219970703
S005,738,711,0.23252485250874266,1227.872349153048,109.23027777777779,23.01972222222222,132.181640625
S005,737,711,0.23835754249636978,1258.6724923623417,109.23027777777779,23.02,134.03321838378906
S005,736,711,0.24419023248399688,1289.4726355716352,109.23027777777779,23.02027777777778,137.31773376464844
S005,735,711,0.250022922471624,1320.272778780929,109.23027777777779,23.020555555555553,138.5513916015625
S005,734,711,0.25585561245925115,1351.0729219902228,109.23027777777779,23.020833333333332,138.47293090820312
S005,733,711,0.26168830244687824,1381.8730651995165,109.23027777777779,23.02111111111111,139.26327514648438
S005,732,711,0.26752099243450533,1412.67320840881,109.23027777777779,23.02138888888889,139.74610900878906
S005,731,711,0.2733536824221325,1443.4733516181038,109.23027777777779,23.021666666666665,139.17271423339844
S005,730,711,0.2791863724097596,1474.2734948273974,109.23027777777779,23.021944444444443,141.76058959960938
S005,730,710,0.2793803837530554,1475.2979924726376,109.23,23.021944444444443,133.45526123046875
S005,729,710,0.2850190623973867,1505.0736380366914,109.23,23.022222222222222,136.2510528564453
S005,728,710,0.2908517523850138,1535.873781245985,109.23,23.0225,146.5470428466797
S005,727,710,0.2966844423726409,1566.6739244552784,109.23,23.022777777777776,160.8629608154297
S005,726,710,0.30251713236026806,1597.4740676645724,109.23,23.023055555555555,171.10885620117188
S005,725,710,0.30834982234789515,1628.274210873866,109.23,23.023333333333333,180.18789672851562
S005,724,710,0.3141825123355223,1659.0743540831597,109.23,23.02361111111111,180.1331024169922
S005,723,710,0.3200152023231494,1689.8744972924535,109.23,23.023888888888887,169.0928497314453
S005,722,710,0.32584789231077654,1720.6746405017473,109.23,23.024166666666666,158.06149291992188
S005,721,710,0.33168058229840364,1751.4747837110408,109.23,23.024444444444445,152.8723602294922
S005,720,710,0.33751327228603073,1782.2749269203343,109.23,23.02472222222222,145.00938415527344
S005,719,710,0.3433459622736579,1813.0750701296283,109.23,23.025,140.68402099609375
S005,718,710,0.34917865226128497,1843.8752133389219,109.23,23.025277777777777,139.0
S005,717,710,0.3550113422489121,1874.6753565482156,109.23,23.025555555555556,139.0
S005,716,710,0.3608440322365392,1905.4754997575094,109.23,23.02583333333333,139.0
S005,715,710,0.3666767222241663,1936.275642966803,109.23,23.02611111111111,139.5
S005,714,710,0.37250941221179346,1967.0757861760967,109.23,23.02638888888889,139.5
S005,713,710,0.37834210219942055,1997.8759293853902,109.23,23.026666666666667,139.5
S005,712,710,0.3841747921870477,2028.6760725946842,109.23,23.026944444444442,161.78318786621094
S005,712,709,0.38825307238643275,2050.211867306069,109.22972222222222,23.026944444444442,171.1339111328125
S005,711,709,0.3900074821746748,2059.476215803978,109.22972222222222,23.02722222222222,187.2941436767578
S005,710,709,0.39584017216230194,2090.2763590132718,109.22972222222222,23.0275,197.65956115722656
S005,709,709,0.40167286214992903,2121.076502222565,109.22972222222222,23.02777777777778,198.8589324951172
S005,708,709,0.4075055521375561,2151.876645431859,109.22972222222222,23.028055555555554,192.9013671875
S005,707,709,0.4133382421251833,2182.6767886411526,109.22972222222222,23.028333333333332,184.04736328125
S005,706,709,0.41917093211281037,2213.4769318504464,109.22972222222222,23.02861111111111,171.6350860595703
S005,705,709,0.4250036221004375,2244.27707505974,109.22972222222222,23.02888888888889,178.32977294921875
S005,704,709,0.4308363120880646,2275.077218269034,109.22972222222222,23.029166666666665,186.73440551757812
S005,703,709,0.4366690020756917,2305.877361478327,109.22972222222222,23.029444444444444,192.53457641601562
S005,702,709,0.44250169206331885,2336.677504687621,109.22972222222222,23.029722222222222,200.61599731445312
S005,701,709,0.44833438205094595,2367.4776478969147,109.22972222222222,23.029999999999998,209.38194274902344
S005,700,709,0.4541670720385731,2398.2777911062085,109.22972222222222,23.030277777777776,210.56874084472656
S005,699,709,0.4599997620262002,2429.0779343155023,109.22972222222222,23.030555555555555,201.3861083984375
S005,698,709,0.46583245201382734,2459.878077524796,109.22972222222222,23.030833333333334,193.113037109375
S005,697,709,0.47166514200145443,2490.67822073409,109.22972222222222,23.03111111111111,193.91107177734375
S005,696,709,0.4774978319890815,2521.478363943383,109.22972222222222,23.031388888888888,205.84439086914062
S005,695,709,0.48333052197670867,2552.2785071526773,109.22972222222222,23.031666666666666,210.92356872558594
S005,694,709,0.48916321196433576,2583.0786503619706,109.22972222222222,23.031944444444445,213.29689025878906
S005,693,709,0.4949959019519629,2613.8787935712644,109.22972222222222,23.03222222222222,217.97190856933594
S005,693,708,0.49712576101981015,2625.1257421395007,109.22944444444445,23.03222222222222,212.18304443359375
S005,692,708,0.5008285919395901,2644.6789367805586,109.22944444444445,23.0325,217.99798583984375
S005,691,708,0.5066612819272172,2675.479079989852,109.22944444444445,23.032777777777778,216.6199188232422
S005,690,708,0.5124939719148442,2706.2792231991457,109.22944444444445,23.033055555555556,219.90245056152344
S005,689,708,0.5183266619024713,2737.079366408439,109.22944444444445,23.03333333333333,223.35609436035156
S005,688,708,0.5241593518900984,2767.8795096177328,109.22944444444445,23.03361111111111,221.8770751953125
S005,687,708,0.5299920418777256,2798.679652827027,109.22944444444445,23.03388888888889,239.31243896484375
S005,686,708,0.5358247318653527,2829.4797960363203,109.22944444444445,23.034166666666668,248.2711181640625
S005,685,708,0.5416574218529798,2860.279939245614,109.22944444444445,23.034444444444443,243.9189910888672
S005,684,708,0.5474901118406069,2891.080082454908,109.22944444444445,23.03472222222222,229.3459014892578
S005,683,708,0.553322801828234,2921.880225664201,109.22944444444445,23.035,216.88548278808594
S005,682,708,0.5591554918158612,2952.6803688734954,109.22944444444445,23.035277777777775,208.9762420654297
S005,681,708,0.5649881818034883,2983.480512082789,109.22944444444445,23.035555555555554,194.9723663330078
S005,680,708,0.5708208717911154,3014.2806552920824,109.22944444444445,23.035833333333333,180.34420776367188
S005,679,708,0.5766535617787425,3045.080798501376,109.22944444444445,23.03611111111111,187.45167541503906
S005,678,708,0.5824862517663696,3075.8809417106695,109.22944444444445,23.036388888888887,201.15895080566406
S005,677,708,0.5883189417539968,3106.6810849199637,109.22944444444445,23.036666666666665,214.42776489257812
S005,676,708,0.5941516317416239,3137.4812281292575,109.22944444444445,23.036944444444444,226.79367065429688
S005,675,708,0.599984321729251,3168.281371338551,109.22944444444445,23.037222222222223,227.47940063476562
S005,674,708,0.6058170117168781,3199.0815145478446,109.22944444444445,23.037499999999998,218.50462341308594
S005,674,707,0.6059984496531875,3200.039616972932,109.22916666666667,23.037499999999998,228.19383239746094
S005,673,707,0.6116497017045053,3229.881657757139,109.22916666666667,23.037777777777777,238.79495239257812
S005,672,707,0.6174823916921324,3260.6818009664325,109.22916666666667,23.038055555555555,248.85299682617188
S005,671,707,0.6233150816797595,3291.481944175726,109.22916666666667,23.038333333333334,261.0234069824219
S005,670,707,0.6291477716673866,3322.2820873850196,109.22916666666667,23.03861111111111,268.4219665527344
S005,669,707,0.6349804616550137,3353.082230594313,109.22916666666667,23.038888888888888,276.410888671875
S005,668,707,0.6408131516426409,3383.882373803607,109.22916666666667,23.039166666666667,271.3585510253906
S005,667,707,0.646645841630268,3414.682517012901,109.22916666666667,23.039444444444445,259.73272705078125
S005,666,707,0.652478531617895,3445.482660222194,109.22916666666667,23.03972222222222,248.37278747558594
S005,665,707,0.6583112216055221,3476.282803431488,109.22916666666667,23.04,238.8348846435547
S005,664,707,0.6641439115931492,3507.0829466407818,109.22916666666667,23.040277777777778,223.1132354736328
S005,663,707,0.6699766015807764,3537.8830898500755,109.22916666666667,23.040555555555553,230.91836547851562
S005,662,707,0.6758092915684035,3568.6832330593693,109.22916666666667,23.04083333333333,230.12152099609375
S005,661,707,0.6816419815560306,3599.483376268663,109.22916666666667,23.04111111111111,225.3959197998047
S005,660,707,0.6874746715436577,3630.2835194779564,109.22916666666667,23.04138888888889,226.33004760742188
S005,659,707,0.6933073615312848,3661.08366268725,109.22916666666667,23.041666666666664,223.0150909423828
S005,658,707,0.699140051518912,3691.8838058965443,109.22916666666667,23.041944444444443,214.95384216308594
S005,657,707,0.7049727415065391,3722.6839491058377,109.22916666666667,23.04222222222222,209.4966583251953
S005,656,707,0.7108054314941662,3753.4840923151314,109.22916666666667,23.0425,198.01901245117188
S005,656,706,0.7148711382865649,3774.9534918063637,109.22888888888889,23.0425,193.70762634277344
S005,655,706,0.7166381214817933,3784.2842355244247,109.22888888888889,23.042777777777776,190.44517517089844
S005,654,706,0.7224708114694204,3815.0843787337185,109.22888888888889,23.043055555555554,202.1780548095703
S005,653,706,0.7283035014570476,3845.8845219430127,109.22888888888889,23.043333333333333,219.3751678466797
S005,652,706,0.7341361914446747,3876.684665152306,109.22888888888889,23.04361111111111,238.7801971435547
S005,651,706,0.7399688814323018,3907.4848083616,109.22888888888889,23.043888888888887,256.1034240722656
S005,650,706,0.7458015714199289,3938.2849515708936,109.22888888888889,23.044166666666666,251.5946807861328
S005,649,706,0.7516342614075561,3969.085094780188,109.22888888888889,23.044444444444444,237.51937866210938
S005,648,706,0.7574669513951832,3999.885237989481,109.22888888888889,23.044722222222223,230.5911407470703
S005,647,706,0.7632996413828103,4030.685381198775,109.22888888888889,23.044999999999998,224.7574462890625
S005,646,706,0.7691323313704373,4061.485524408068,109.22888888888889,23.045277777777777,218.17422485351562
S005,645,706,0.7749650213580644,4092.285667617362,109.22888888888889,23.045555555555556,212.40313720703125
S005,644,706,0.7807977113456916,4123.085810826656,109.22888888888889,23.045833333333334,200.023193359375
S005,643,706,0.7866304013333187,4153.88595403595,109.22888888888889,23.04611111111111,186.16871643066406
S005,642,706,0.7924630913209458,4184.686097245243,109.22888888888889,23.046388888888888,173.27932739257812
S005,641,706,0.7982957813085729,4215.4862404545365,109.22888888888889,23.046666666666667,186.79649353027344
S005,640,706,0.8041284712962,4246.286383663831,109.22888888888889,23.046944444444442,203.0699920654297
S005,639,706,0.8099611612838272,4277.086526873125,109.22888888888889,23.04722222222222,203.62559509277344
S005,638,706,0.8157938512714543,4307.886670082418,109.22888888888889,23.0475,210.364501953125
S005,637,706,0.8216265412590814,4338.686813291712,109.22888888888889,23.047777777777778,219.16232299804688
S005,637,705,0.8237438269199422,4349.867366639795,109.22861111111112,23.047777777777778,204.44700622558594
S005,636,705,0.8274592312467085,4369.486956501005,109.22861111111112,23.048055555555553,211.42337036132812
S005,635,705,0.8332919212343356,4400.287099710299,109.22861111111112,23.048333333333332,218.23101806640625
S005,634,705,0.8391246112219628,4431.087242919593,109.22861111111112,23.04861111111111,218.8123779296875
S005,633,705,0.8449573012095899,4461.887386128887,109.22861111111112,23.04888888888889,211.0592803955078
S005,632,705,0.850789991197217,4492.68752933818,109.22861111111112,23.049166666666665,196.32424926757812
S005,631,705,0.8566226811848441,4523.487672547474,109.22861111111112,23.049444444444443,184.0388641357422
S005,630,705,0.8624553711724712,4554.2878157567675,109.22861111111112,23.049722222222222,196.20591735839844
S005,629,705,0.8682880611600984,4585.087958966062,109.22861111111112,23.05,211.4542999267578
S005,628,705,0.8741207511477255,4615.888102175355,109.22861111111112,23.050277777777776,218.7521209716797
S005,627,705,0.8799534411353526,4646.688245384648,109.22861111111112,23.050555555555555,225.3471221923828
S005,626,705,0.8857861311229797,4677.488388593943,109.22861111111112,23.050833333333333,232.54295349121094
S005,625,705,0.8916188211106069,4708.288531803237,109.22861111111112,23.051111111111112,239.35430908203125
S005,624,705,0.897451511098234,4739.08867501253,109.22861111111112,23.051388888888887,236.00546264648438
S005,623,705,0.903284201085861,4769.888818221823,109.22861111111112,23.051666666666666,223.50784301757812
S005,622,705,0.9091168910734881,4800.688961431117,109.22861111111112,23.051944444444445,209.5558319091797
S005,621,705,0.9149495810611152,4831.489104640411,109.22861111111112,23.05222222222222,189.70802307128906
S005,620,705,0.9207822710487424,4862.289247849705,109.22861111111112,23.0525,183.1671142578125
S005,619,705,0.9266149610363695,4893.089391058998,109.22861111111112,23.052777777777777,200.45533752441406
S005,618,705,0.9324476510239966,4923.889534268292,109.22861111111112,23.053055555555556,191.84683227539062
S005,618,704,0.9326165155533196,4924.781241473227,109.22833333333334,23.053055555555556,205.31216430664062
S005,617,704,0.9382803410116237,4954.689677477586,109.22833333333334,23.05333333333333,197.3092041015625
S005,616,704,0.9441130309992508,4985.489820686879,109.22833333333334,23.05361111111111,188.32447814941406
S005,615,704,0.949945720986878,5016.2899638961735,109.22833333333334,23.05388888888889,181.36705017089844
S005,614,704,0.9557784109745051,5047.090107105467,109.22833333333334,23.054166666666667,175.98390197753906
S005,613,704,0.9616111009621322,5077.89025031476,109.22833333333334,23.054444444444442,172.07708740234375
S005,612,704,0.9674437909497593,5108.690393524054,109.22833333333334,23.05472222222222,162.80604553222656
S005,611,704,0.9732764809373864,5139.490536733348,109.22833333333334,23.055,165.0547332763672
S005,610,704,0.9791091709250136,5170.290679942642,109.22833333333334,23.05527777777778,165.6302032470703
S005,609,704,0.9849418609126407,5201.090823151935,109.22833333333334,23.055555555555554,167.0666961669922
S005,608,704,0.9907745509002678,5231.890966361229,109.22833333333334,23.055833333333332,168.42124938964844
S005,607,704,0.9966072408878949,5262.691109570523,109.22833333333334,23.05611111111111,169.03955078125
S006,778,713,0.0,0.0,109.23083333333334,23.00861111111111,128.7255401611328
S006,778,712,0.005061640575007418,16.12744059627948,109.23055555555555,23.00861111111111,126.96179962158203
S006,778,711,0.014002572842441127,44.6151121094201,109.23027777777779,23.00861111111111,128.55950927734375
S006,778,710,0.022943505109874834,73.10278362256072,109.23,23.00861111111111,130.71424865722656
S006,778,709,0.03188443737730855,101.59045513570136,109.22972222222222,23.00861111111111,137.30633544921875
S006,778,708,0.04082536964474225,130.07812664884196,109.22944444444445,23.00861111111111,139.99212646484375
S006,779,708,0.04686081430295369,149.3083097791988,109.22944444444445,23.008333333333333,138.85665893554688
S006,779,707,0.04976630191217596,158.5657981619826,109.22916666666667,23.008333333333333,136.7021942138672
S006,779,706,0.05870723417960967,187.0534696751232,109.22888888888889,23.008333333333333,138.79013061523438
S006,779,705,0.06764816644704338,215.54114118826385,109.22861111111112,23.008333333333333,154.62913513183594
S006,779,704,0.07658909871447708,244.02881270140446,109.22833333333334,23.008333333333333,166.360107421875
S006,779,703,0.0855300309819108,272.5164842145451,109.22805555555556,23.008333333333333,173.8037567138672
S006,779,702,0.09447096324934451,301.0041557276857,109.22777777777779,23.008333333333333,177.32321166992188
S006,779,701,0.10341189551677821,329.4918272408263,109.2275,23.008333333333333,182.52334594726562
S006,779,700,0.11235282778421192,357.97949875396694,109.22722222222222,23.008333333333333,193.21873474121094
S006,779,699,0.12129376005164563,386.4671702671076,109.22694444444446,23.008333333333333,203.8802947998047
S006,779,698,0.13023469231907933,414.95484178024816,109.22666666666667,23.008333333333333,202.68939208984375
S006,779,697,0.13917562458651306,443.44251329338886,109.22638888888889,23.008333333333333,196.47735595703125
S006,779,696,0.14811655685394676,471.93018480652944,109.22611111111112,23.008333333333333,185.36456298828125
S006,779,695,0.15705748912138046,500.41785631967,109.22583333333334,23.008333333333333,169.12513732910156
S006,779,694,0.16599842138881418,528.9055278328107,109.22555555555556,23.008333333333333,160.18948364257812
S006,779,693,0.17493935365624788,557.3931993459513,109.22527777777778,23.008333333333333,172.709228515625
S006,779,692,0.18388028592368158,585.8808708590919,109.22500000000001,23.008333333333333,189.67369079589844
S006,779,691,0.1928212181911153,614.3685423722326,109.22472222222223,23.008333333333333,203.00186157226562
S006,779,690,0.201762150458549,642.8562138853732,109.22444444444444,23.008333333333333,209.4669647216797
S006,779,689,0.21070308272598273,671.3438853985139,109.22416666666668,23.008333333333333,204.7967071533203
S006,779,688,0.21964401499341643,699.8315569116544,109.2238888888889,23.008333333333333,192.89871215820312
S006,779,687,0.22858494726085013,728.319228424795,109.22361111111111,23.008333333333333,193.32022094726562
S006,779,686,0.23752587952828386,756.8068999379357,109.22333333333334,23.008333333333333,204.63194274902344
S006,779,685,0.24646681179571756,785.2945714510763,109.22305555555556,23.008333333333333,214.98760986328125
S006,779,684,0.25540774406315125,813.782242964217,109.22277777777778,23.008333333333333,212.57479858398438
S006,779,683,0.26434867633058495,842.2699144773575,109.22250000000001,23.008333333333333,196.69044494628906
S006,779,682,0.2732896085980187,870.7575859904982,109.22222222222223,23.008333333333333,180.94863891601562
S006,779,681,0.2822305408654524,899.2452575036389,109.22194444444445,23.008333333333333,181.01544189453125
S006,779,680,0.2911714731328861,927.7329290167794,109.22166666666668,23.008333333333333,183.24154663085938
S006,779,679,0.3001124054003198,956.22060052992,109.2213888888889,23.008333333333333,178.18260192871094
S006,779,678,0.3090533376677535,984.7082720430607,109.22111111111111,23.008333333333333,180.96160888671875
S006,779,677,0.3179942699351872,1013.1959435562012,109.22083333333335,23.008333333333333,180.61680603027344
S006,779,676,0.32693520220262096,1041.683615069342,109.22055555555556,23.008333333333333,183.64474487304688
S006,779,675,0.33587613447005465,1070.1712865824825,109.22027777777778,23.008333333333333,198.9639434814453
S006,779,674,0.34481706673748835,1098.6589580956231,109.22,23.008333333333333,204.51353454589844
S006,779,673,0.35375799900492205,1127.1466296087638,109.21972222222223,23.008333333333333,193.1706085205078
S006,779,672,0.36269893127235575,1155.6343011219044,109.21944444444445,23.008333333333333,180.56549072265625
S006,779,671,0.37163986353978945,1184.121972635045,109.21916666666667,23.008333333333333,173.74441528320312
S006,779,670,0.3805807958072232,1212.6096441481857,109.2188888888889,23.008333333333333,173.32208251953125
S006,779,669,0.3895217280746569,1241.0973156613263,109.21861111111112,23.008333333333333,174.4071044921875
S006,780,669,0.39604721000196524,1261.8888595462072,109.21861111111112,23.008055555555554,174.56101989746094
S006,780,668,0.3984626603420906,1269.584987174467,109.21833333333333,23.008055555555554,169.40370178222656
S006,780,667,0.4074035926095243,1298.0726586876074,109.21805555555557,23.008055555555554,166.45101928710938
S006,780,666,0.416344524876958,1326.560330200748,109.21777777777778,23.008055555555554,172.136474609375
S006,780,665,0.42528545714439175,1355.0480017138889,109.2175,23.008055555555554,181.0680694580078
S006,780,664,0.43422638941182545,1383.5356732270295,109.21722222222223,23.008055555555554,187.7624053955078
S006,780,663,0.44316732167925915,1412.02334474017,109.21694444444445,23.008055555555554,194.0924072265625
S006,780,662,0.45210825394669285,1440.5110162533106,109.21666666666667,23.008055555555554,196.06790161132812
S006,780,661,0.46104918621412655,1468.9986877664512,109.2163888888889,23.008055555555554,180.70370483398438
S006,780,660,0.46999011848156025,1497.4863592795919,109.21611111111112,23.008055555555554,174.62782287597656
S006,780,659,0.478931050748994,1525.9740307927325,109.21583333333334,23.008055555555554,179.7963409423828
S006,780,658,0.4878719830164277,1554.4617023058731,109.21555555555557,23.008055555555554,178.83950805664062
S006,780,657,0.4968129152838614,1582.9493738190138,109.21527777777779,23.008055555555554,167.96922302246094
S006,780,656,0.5057538475512952,1611.4370453321544,109.215,23.008055555555554,171.91259765625
S006,780,655,0.5146947798187288,1639.9247168452948,109.21472222222222,23.008055555555554,189.31707763671875
S006,780,654,0.5236357120861626,1668.4123883584357,109.21444444444445,23.008055555555554,200.0556640625
S006,780,653,0.5325766443535962,1696.900059871576,109.21416666666667,23.008055555555554,210.12222290039062
S006,780,652,0.54151757662103,1725.387731384717,109.21388888888889,23.008055555555554,220.79759216308594
S006,780,651,0.5504585088884637,1753.8754028978576,109.21361111111112,23.008055555555554,229.88739013671875
S006,780,650,0.5593994411558973,1782.363074410998,109.21333333333334,23.008055555555554,236.586181640625
S006,780,649,0.5683403734233311,1810.850745924139,109.21305555555556,23.008055555555554,239.96255493164062
S006,780,648,0.5772813056907647,1839.3384174372793,109.21277777777779,23.008055555555554,243.23948669433594
S006,780,647,0.5862222379581985,1867.82608895042,109.2125,23.008055555555554,242.67794799804688
S006,780,646,0.5951631702256321,1896.3137604635604,109.21222222222222,23.008055555555554,232.89576721191406
S006,780,645,0.6041041024930659,1924.8014319767012,109.21194444444446,23.008055555555554,219.12185668945312
S006,780,644,0.6130450347604997,1953.2891034898419,109.21166666666667,23.008055555555554,203.8896484375
S006,780,643,0.6219859670279333,1981.7767750029823,109.21138888888889,23.008055555555554,191.58660888671875
S006,780,642,0.630926899295367,2010.2644465161231,109.21111111111112,23.008055555555554,205.75662231445312
S006,780,641,0.6398678315628007,2038.7521180292636,109.21083333333334,23.008055555555554,226.2247772216797
S006,780,640,0.6488087638302344,2067.239789542404,109.21055555555556,23.008055555555554,240.07574462890625
S006,780,639,0.6577496960976682,2095.727461055545,109.21027777777779,23.008055555555554,239.32872009277344
S006,780,638,0.6666906283651018,2124.2151325686855,109.21000000000001,23.008055555555554,229.49798583984375
S006,780,637,0.6756315606325356,2152.7028040818263,109.20972222222223,23.008055555555554,231.1177520751953
S006,780,636,0.6845724928999692,2181.1904755949668,109.20944444444444,23.008055555555554,241.6512908935547
S006,780,635,0.693513425167403,2209.6781471081076,109.20916666666668,23.008055555555554,254.95713806152344
S006,780,634,0.7024543574348368,2238.165818621248,109.2088888888889,23.008055555555554,266.4388122558594
S006,780,633,0.7113952897022704,2266.6534901343884,109.20861111111111,23.008055555555554,267.3359680175781
S006,780,632,0.7203362219697041,2295.1411616475293,109.20833333333334,23.008055555555554,255.19651794433594
S006,780,631,0.7292771542371378,2323.6288331606697,109.20805555555556,23.008055555555554,250.14610290527344
S006,780,630,0.7382180865045715,2352.1165046738106,109.20777777777778,23.008055555555554,260.20062255859375
S006,781,630,0.7452336057009769,2374.4694093132157,109.20777777777778,23.007777777777775,256.73223876953125
S006,781,629,0.7471590187720052,2380.604176186951,109.20750000000001,23.007777777777775,265.7027893066406
S006,781,628,0.7560999510394389,2409.091847700092,109.20722222222223,23.007777777777775,265.33172607421875
S006,781,627,0.7650408833068727,2437.5795192132327,109.20694444444445,23.007777777777775,259.4498596191406
S006,781,626,0.7739818155743063,2466.067190726373,109.20666666666668,23.007777777777775,273.0829772949219
S006,781,625,0.7829227478417401,2494.5548622395136,109.2063888888889,23.007777777777775,287.7576599121094
S006,781,624,0.7918636801091737,2523.042533752654,109.20611111111111,23.007777777777775,300.7074890136719
S006,781,623,0.8008046123766075,2551.530205265795,109.20583333333335,23.007777777777775,301.7519836425781
S006,781,622,0.8097455446440412,2580.0178767789357,109.20555555555556,23.007777777777775,284.077880859375
S006,781,621,0.8186864769114749,2608.505548292076,109.20527777777778,23.007777777777775,259.8458557128906
S006,781,620,0.8276274091789086,2636.993219805217,109.20500000000001,23.007777777777775,240.7816925048828
S006,781,619,0.8365683414463423,2665.4808913183574,109.20472222222223,23.007777777777775,234.90133666992188
S006,781,618,0.845509273713776,2693.9685628314983,109.20444444444445,23.007777777777775,247.19395446777344
S006,781,617,0.8544502059812098,2722.4562343446387,109.20416666666667,23.007777777777775,269.6336975097656
S006,781,616,0.8633911382486434,2750.943905857779,109.2038888888889,23.007777777777775,289.3233337402344
S006,781,615,0.8723320705160772,2779.43157737092,109.20361111111112,23.007777777777775,310.1711120605469
S006,781,614,0.8812730027835108,2807.9192488840604,109.20333333333333,23.007777777777775,316.09783935546875
S006,781,613,0.8902139350509446,2836.4069203972012,109.20305555555557,23.007777777777775,309.5765686035156
S006,781,612,0.8991548673183783,2864.894591910342,109.20277777777778,23.007777777777775,302.9105224609375
S006,781,611,0.908095799585812,2893.3822634234825,109.2025,23.007777777777775,311.59368896484375
S006,781,610,0.9170367318532457,2921.869934936623,109.20222222222223,23.007777777777775,315.56744384765625
S006,781,609,0.9259776641206794,2950.3576064497634,109.20194444444445,23.007777777777775,313.008056640625
S006,781,608,0.9349185963881131,2978.845277962904,109.20166666666667,23.007777777777775,307.1275634765625
S006,781,607,0.9438595286555468,3007.3329494760446,109.2013888888889,23.007777777777775,301.5110168457031
S006,781,606,0.9528004609229805,3035.8206209891855,109.20111111111112,23.007777777777775,296.555419921875
S006,781,605,0.9617413931904143,3064.3082925023264,109.20083333333334,23.007777777777775,288.1715087890625
S006,781,604,0.9706823254578479,3092.795964015467,109.20055555555557,23.007777777777775,278.5697326660156
S006,781,603,0.9796232577252817,3121.2836355286076,109.20027777777779,23.007777777777775,287.0384216308594
S006,781,602,0.9885641899927153,3149.771307041748,109.2,23.007777777777775,284.8224182128906
S006,781,601,0.9975051222601491,3178.2589785548885,109.19972222222223,23.007777777777775,275.1272277832031
S007,778,713,0.0,0.0,109.23083333333334,23.00861111111111,128.7255401611328
S007,778,712,0.004134756907188005,18.748892149010018,109.23055555555555,23.00861111111111,126.96179962158203
S007,778,711,0.011438432642681623,51.867121764409475,109.23027777777779,23.00861111111111,128.55950927734375
S007,777,711,0.011502168912093819,52.156131364734975,109.23027777777779,23.008888888888887,129.99810791015625
S007,777,710,0.01874210837817524,84.98535137980893,109.23,23.008888888888887,129.44732666015625
S007,776,710,0.024787187290586987,112.39652333142499,109.23,23.009166666666665,130.1841583251953
S007,776,709,0.02604578411366886,118.1035809952084,109.22972222222222,23.009166666666665,127.14604187011719
S007,776,708,0.03334945984916248,151.22181061060786,109.22944444444445,23.009166666666665,132.83932495117188
S007,775,708,0.03807220566908016,172.636915298115,109.22944444444445,23.009444444444444,133.03717041015625
S007,775,707,0.040653135584656094,184.3400402260073,109.22916666666667,23.009444444444444,145.2404022216797
S007,775,706,0.047956811320149714,217.45826984140677,109.22888888888889,23.009444444444444,148.91098022460938
S007,774,706,0.05135722404757333,232.87730726480504,109.22888888888889,23.009722222222223,155.64010620117188
S007,774,705,0.055260487055643334,250.57649945680623,109.22861111111112,23.009722222222223,161.32106018066406
S007,774,704,0.06256416279113695,283.6947290722057,109.22833333333334,23.009722222222223,157.1849365234375
S007,773,704,0.0646422424260665,293.11769923149507,109.22833333333334,23.009999999999998,166.52967834472656
S007,773,703,0.06986783852663057,316.81295868760515,109.22805555555556,23.009999999999998,165.9195556640625
S007,773,702,0.0771715142621242,349.93118830300466,109.22777777777779,23.009999999999998,153.92185974121094
S007,772,702,0.07792726080455967,353.3580911981851,109.22777777777779,23.010277777777777,157.43710327148438
S007,772,701,0.0844751899976178,383.04941791840406,109.2275,23.010277777777777,145.1943817138672
S007,771,701,0.09121227918305284,413.5984831648751,109.2275,23.010555555555555,156.6539764404297
S007,771,700,0.09177886573311142,416.1676475338035,109.22722222222222,23.010555555555555,143.95896911621094
S007,771,699,0.09908254146860504,449.285877149203,109.22694444444446,23.010555555555555,146.14663696289062
S007,770,699,0.10449729756154601,473.83887513156515,109.22694444444446,23.010833333333334,145.55728149414062
S007,770,698,0.10638621720409866,482.40410676460243,109.22666666666667,23.010833333333334,161.46713256835938
S007,770,697,0.11368989293959228,515.5223363800019,109.22638888888889,23.010833333333334,176.7745819091797
S007,769,697,0.11778231594003918,534.0792670982552,109.22638888888889,23.01111111111111,158.85031127929688
S007,769,696,0.1209935686750859,548.6405659954014,109.22611111111112,23.01111111111111,158.15907287597656
S007,769,695,0.12829724441057952,581.7587956108008,109.22583333333334,23.01111111111111,165.26637268066406
S007,768,695,0.13106733431853235,594.3196590649452,109.22583333333334,23.011388888888888,162.18984985351562
S007,768,694,0.13560092014607314,614.8770252262003,109.22555555555556,23.011388888888888,182.08265686035156
S007,768,693,0.14290459588156676,647.9952548415997,109.22527777777778,23.011388888888888,196.6957550048828
S007,767,693,0.1443523526970255,654.5600510316351,109.22527777777778,23.011666666666667,198.71807861328125
S007,767,692,0.15020827161706038,681.1134844569992,109.22500000000001,23.011666666666667,203.7430419921875
S007,767,691,0.157511947352554,714.2317140723987,109.22472222222223,23.011666666666667,202.73153686523438
S007,766,691,0.1576373710755187,714.8004429983253,109.22472222222223,23.011944444444445,209.6676025390625
S007,766,690,0.16481562308804762,747.3499436877981,109.22444444444444,23.011944444444445,208.8633575439453
S007,765,690,0.17092238945401186,775.0408349650153,109.22444444444444,23.01222222222222,192.9745330810547
S007,765,689,0.1721192988235412,780.4681733031975,109.22416666666668,23.01222222222222,192.64358520507812
S007,765,688,0.17942297455903483,813.586402918597,109.2238888888889,23.01222222222222,179.8019256591797
S007,764,688,0.18420740783250503,835.2812269317053,109.2238888888889,23.0125,161.73837280273438
S007,764,687,0.18672665029452845,846.7046325339965,109.22361111111111,23.0125,160.8779754638672
S007,764,686,0.19403032603002207,879.8228621493959,109.22333333333334,23.0125,176.81488037109375
S007,763,686,0.1974924262109982,895.5216188983952,109.22333333333334,23.012777777777778,173.57017517089844
S007,763,685,0.2013340017655157,912.9410917647954,109.22305555555556,23.012777777777778,186.37742614746094
S007,763,684,0.2086376775010093,946.0593213801949,109.22277777777778,23.012777777777778,189.74961853027344
S007,762,684,0.21077744458949135,955.7620108650852,109.22277777777778,23.013055555555553,170.79156494140625
S007,762,683,0.21594135323650293,979.1775509955943,109.22250000000001,23.013055555555553,168.97406005859375
S007,762,682,0.22324502897199655,1012.2957806109938,109.22222222222223,23.013055555555553,166.2287139892578
S007,761,682,0.22406246296798454,1016.0024028317754,109.22222222222223,23.013333333333332,170.637939453125
S007,761,681,0.23054870470749017,1045.4140102263932,109.22194444444445,23.013333333333332,178.90408325195312
S007,760,681,0.2373474813464777,1076.2427947984654,109.22194444444445,23.01361111111111,196.212646484375
S007,760,680,0.2378523804429838,1078.5322398417927,109.22166666666668,23.01361111111111,195.21719360351562
S007,760,679,0.2451560561784774,1111.6504694571922,109.2213888888889,23.01361111111111,192.82794189453125
S007,759,679,0.25063249972497087,1136.4831867651553,109.2213888888889,23.01388888888889,212.17733764648438
S007,759,678,0.25245973191397103,1144.7686990725917,109.22111111111111,23.01388888888889,222.53067016601562
S007,759,677,0.25976340764946465,1177.886928687991,109.22083333333335,23.01388888888889,226.2900390625
S007,758,677,0.26391751810346403,1196.7235787318452,109.22083333333335,23.014166666666664,235.874267578125
S007,758,676,0.26706708338495827,1211.0051583033905,109.22055555555556,23.014166666666664,215.2989959716797
S007,758,675,0.2743707591204519,1244.12338791879,109.22027777777778,23.014166666666664,206.0210418701172
S007,757,675,0.2772025364819572,1256.9639706985354,109.22027777777778,23.014444444444443,210.9347381591797
S007,757,674,0.2816744348559455,1277.2416175341896,109.22,23.014444444444443,221.61328125
S007,757,673,0.28897811059143913,1310.3598471495889,109.21972222222223,23.014444444444443,238.70542907714844
S007,756,673,0.29048755486045036,1317.2043626652253,109.21972222222223,23.014722222222222,251.39613342285156
S007,756,672,0.29628178632693275,1343.4780767649884,109.21944444444445,23.014722222222222,265.2869873046875
S007,756,671,0.30358546206242637,1376.596306380388,109.21916666666667,23.014722222222222,270.59320068359375
S007,755,671,0.3037725732389436,1377.4447546319154,109.21916666666667,23.015,263.2491149902344
S007,755,670,0.31088913779792,1409.7145359957874,109.2188888888889,23.015,258.24676513671875
S007,754,670,0.31705759161743674,1437.6851465986056,109.2188888888889,23.015277777777776,241.63258361816406
S007,754,669,0.3181928135334136,1442.832765611187,109.21861111111112,23.015277777777776,245.685791015625
S007,754,668,0.32549648926890723,1475.9509952265862,109.21833333333333,23.015277777777776,233.57510375976562
S007,753,668,0.3303426099959299,1497.9255385652955,109.21833333333333,23.015555555555554,233.48995971679688
S007,753,667,0.33280016500440085,1509.0692248419857,109.21805555555557,23.015555555555554,217.4547882080078
S007,753,666,0.34010384073989447,1542.1874544573852,109.21777777777778,23.015555555555554,208.4561767578125
S007,752,666,0.34362762837442307,1558.1659305319856,109.21777777777778,23.015833333333333,212.4820556640625
S007,752,665,0.3474075164753881,1575.3056840727847,109.2175,23.015833333333333,206.08413696289062
S007,752,664,0.35471119221088165,1608.423913688184,109.21722222222223,23.015833333333333,210.02847290039062
S007,751,664,0.35691264675291623,1618.4063224986755,109.21722222222223,23.016111111111112,217.37686157226562
S007,751,663,0.3620148679463753,1641.5421433035833,109.21694444444445,23.016111111111112,230.15603637695312
S007,751,662,0.3693185436818689,1674.6603729189828,109.21666666666667,23.016111111111112,237.0565643310547
S007,750,662,0.3701976651314094,1678.6467144653654,109.21666666666667,23.016388888888887,239.7255401611328
S007,750,661,0.3766222194173625,1707.7786025343823,109.2163888888889,23.016388888888887,230.9061279296875
S007,749,661,0.38348268350990256,1738.8871064320556,109.2163888888889,23.016666666666666,234.2487030029297
S007,749,660,0.38392589515285613,1740.8968321497819,109.21611111111112,23.016666666666666,221.7059326171875
S007,749,659,0.39122957088834975,1774.0150617651811,109.21583333333334,23.016666666666666,227.83653259277344
S007,748,659,0.3967677018883957,1799.1274983987455,109.21583333333334,23.016944444444444,234.71029663085938
S007,748,658,0.3985332466238434,1807.1332913805807,109.21555555555557,23.016944444444444,239.84555053710938
S007,748,657,0.405836922359337,1840.2515209959802,109.21527777777779,23.016944444444444,233.24452209472656
S007,747,657,0.41005272026688894,1859.3678903654356,109.21527777777779,23.017222222222223,231.08547973632812
S007,747,656,0.4131405980948306,1873.3697506113797,109.215,23.017222222222223,216.20437622070312
S007,747,655,0.42044427383032423,1906.4879802267792,109.21472222222222,23.017222222222223,217.43182373046875
S007,746,655,0.4233377386453821,1919.6082823321258,109.21472222222222,23.0175,214.18707275390625
S007,746,654,0.42774794956581785,1939.6062098421785,109.21444444444445,23.0175,221.98622131347656
S007,746,653,0.4350516253013115,1972.724439457578,109.21416666666667,23.0175,225.83364868164062
S007,745,653,0.43662275702387526,1979.8486742988157,109.21416666666667,23.017777777777777,226.73587036132812
S007,745,652,0.4423553010368051,2005.8426690729775,109.21388888888889,23.017777777777777,229.56056213378906
S007,745,651,0.4496589767722987,2038.960898688377,109.21361111111112,23.017777777777777,227.51922607421875
S007,744,651,0.4499077754023684,2040.0890662655056,109.21361111111112,23.018055555555556,240.77804565429688
S007,744,650,0.45696265250779233,2072.0791283037765,109.21333333333334,23.018055555555556,244.8872528076172
S007,743,650,0.4631927937808616,2100.3294582321955,109.21333333333334,23.01833333333333,261.8020324707031
S007,743,649,0.46426632824328595,2105.197357919176,109.21305555555556,23.01833333333333,260.59991455078125
S007,743,648,0.4715700039787796,2138.3155875345756,109.21277777777779,23.01833333333333,252.8495635986328
S007,742,648,0.47647781215935475,2160.569850198886,109.21277777777779,23.01861111111111,256.72845458984375
S007,742,647,0.4788736797142732,2171.433817149975,109.2125,23.01861111111111,262.9217834472656
S007,742,646,0.4861773554497668,2204.552046765374,109.21222222222222,23.01861111111111,279.40521240234375
S007,741,646,0.4897628305378479,2220.810242165576,109.21222222222222,23.01888888888889,272.00286865234375
S007,741,645,0.49348103118526043,2237.670276380774,109.21194444444446,23.01888888888889,286.2146301269531
S007,741,644,0.500784706920754,2270.788505996173,109.21166666666667,23.01888888888889,296.5360107421875
S007,740,644,0.5030478489163411,2281.0506341322657,109.21166666666667,23.019166666666667,296.4427795410156
S007,740,643,0.5080883826562477,2303.906735611573,109.21138888888889,23.019166666666667,300.6283874511719
S007,740,642,0.5153920583917413,2337.024965226972,109.21111111111112,23.019166666666667,296.404541015625
S007,739,642,0.5163328672948343,2341.291026098956,109.21111111111112,23.019444444444442,300.2721862792969
S007,739,641,0.5226957341272349,2370.1431948423715,109.21083333333334,23.019444444444442,283.49725341796875
S007,738,641,0.5296178856733275,2401.531418065646,109.21083333333334,23.01972222222222,288.4007873535156
S007,738,640,0.5299994098627285,2403.261424457771,109.21055555555556,23.01972222222222,269.59423828125
S007,738,639,0.5373030855982222,2436.3796540731705,109.21027777777779,23.01972222222222,268.11962890625
S007,737,639,0.5429029040518206,2461.771810032336,109.21027777777779,23.02,279.51800537109375
S007,737,638,0.5446067613337158,2469.4978836885703,109.21000000000001,23.02,287.6309509277344
S007,737,637,0.5519104370692094,2502.6161133039695,109.20972222222223,23.02,297.717041015625
S007,736,637,0.5561879224303138,2522.012201999026,109.20972222222223,23.02027777777778,296.7113342285156
S007,736,636,0.559214112804703,2535.734342919369,109.20944444444444,23.02027777777778,289.5295715332031
S007,736,635,0.5665177885401966,2568.8525725347686,109.20916666666668,23.02027777777778,292.4049072265625
S007,735,635,0.569472940808807,2582.2525939657157,109.20916666666668,23.020555555555553,274.01348876953125
S007,735,634,0.5738214642756903,2601.970802150168,109.2088888888889,23.020555555555553,282.9241943359375
S007,735,633,0.5811251400111839,2635.0890317655676,109.20861111111111,23.020555555555553,283.2320556640625
S007,734,633,0.5827579591873001,2642.4929859324056,109.20861111111111,23.020833333333332,278.9745788574219
S007,734,632,0.5884288157466775,2668.207261380967,109.20833333333334,23.020833333333332,283.44854736328125
S007,734,631,0.5957324914821711,2701.325490996366,109.20805555555556,23.020833333333332,285.575439453125
S007,733,631,0.5960429775657933,2702.733377899096,109.20805555555556,23.02111111111111,302.2382507324219
S007,733,630,0.6030361672176647,2734.443720611766,109.20777777777778,23.02111111111111,294.4189758300781
S007,732,630,0.6093279959442864,2762.973769865786,109.20777777777778,23.02138888888889,305.576904296875
S007,732,629,0.6103398429531584,2767.561950227165,109.20750000000001,23.02138888888889,293.3496398925781
S007,732,628,0.617643518688652,2800.6801798425645,109.20722222222223,23.02138888888889,294.96942138671875
S007,731,628,0.6226130143227796,2823.214161832476,109.20722222222223,23.021666666666665,298.4671630859375
S007,731,627,0.6249471944241456,2833.798409457964,109.20694444444445,23.021666666666665,308.11175537109375
S007,731,626,0.6322508701596392,2866.9166390733635,109.20666666666668,23.021666666666665,325.4864807128906
S007,730,626,0.6358980327012728,2883.4545537991658,109.20666666666668,23.021944444444443,323.5376281738281
S007,730,625,0.6395545458951328,2900.0348686887633,109.2063888888889,23.021944444444443,331.8864440917969
S007,730,624,0.6468582216306265,2933.1530983041625,109.20611111111111,23.021944444444443,340.8309631347656
S007,729,624,0.6491830510797659,2943.6949457658557,109.20611111111111,23.022222222222222,322.4146728515625
S007,729,623,0.6541618973661201,2966.271327919562,109.20583333333335,23.022222222222222,329.6239013671875
S007,729,622,0.6614655731016137,2999.3895575349616,109.20555555555556,23.022222222222222,336.6211853027344
S007,728,622,0.6624680694582591,3003.9353377325456,109.20555555555556,23.0225,331.5557556152344
S007,728,621,0.6687692488371073,3032.507787150361,109.20527777777778,23.0225,346.2642517089844
S007,727,621,0.6757530878367524,3064.1757296992364,109.20527777777778,23.022777777777776,357.2776794433594
S007,727,620,0.6760729245726009,3065.6260167657606,109.20500000000001,23.022777777777776,372.2557067871094
S007,727,619,0.6833766003080946,3098.74424638116,109.20472222222223,23.022777777777776,388.4893798828125
S007,726,619,0.6890381062152455,3124.4161216659263,109.20472222222223,23.023055555555555,390.1824951171875
S007,726,618,0.6906802760435882,3131.862475996559,109.20444444444445,23.023055555555555,404.7940368652344
S007,726,617,0.6979839517790818,3164.980705611959,109.20416666666667,23.023055555555555,425.83697509765625
S007,725,617,0.7023231245937387,3184.656513632616,109.20416666666667,23.023333333333333,424.8576354980469
S007,725,616,0.7052876275145754,3198.098935227358,109.2038888888889,23.023333333333333,428.02972412109375
S007,725,615,0.7125913032500689,3231.2171648427575,109.20361111111112,23.023333333333333,432.1819152832031
S007,724,615,0.7156081429722319,3244.896905599306,109.20361111111112,23.02361111111111,422.9848937988281
S007,724,614,0.7198949789855625,3264.3353944581568,109.20333333333333,23.02361111111111,441.88934326171875
S007,724,613,0.7271986547210562,3297.453624073556,109.20305555555557,23.02361111111111,461.9731750488281
S007,723,613,0.728893161350725,3305.137297565996,109.20305555555557,23.023888888888887,448.04412841796875
S007,723,612,0.7345023304565498,3330.571853688956,109.20277777777778,23.023888888888887,447.3362121582031
S007,723,611,0.7418060061920434,3363.690083304355,109.2025,23.023888888888887,445.0967712402344
S007,722,611,0.7421781797292182,3365.3776895326864,109.2025,23.024166666666666,432.5866394042969
S007,722,610,0.749109681927537,3396.8083129197544,109.20222222222223,23.024166666666666,451.8304748535156
S007,721,610,0.7554631981077113,3425.6180814993763,109.20222222222223,23.024444444444445,447.202880859375
S007,721,609,0.7564133576630306,3429.926542535154,109.20194444444445,23.024444444444445,447.02880859375
S007,721,608,0.7637170333985243,3463.0447721505534,109.20166666666667,23.024444444444445,437.24468994140625
S007,720,608,0.7687482164862045,3485.8584734660662,109.20166666666667,23.02472222222222,420.553955078125
S007,720,607,0.7710207091340179,3496.163001765953,109.2013888888889,23.02472222222222,405.326416015625
S007,720,606,0.7783243848695115,3529.2812313813524,109.20111111111112,23.02472222222222,412.5296936035156
S007,719,606,0.7820332348646977,3546.098865432756,109.20111111111112,23.025,412.688232421875
S007,719,605,0.7856280606050051,3562.3994609967517,109.20083333333334,23.025,428.2510070800781
S007,719,604,0.7929317363404987,3595.5176906121515,109.20055555555557,23.025,426.27972412109375
S007,718,604,0.7953182532431908,3606.339257399446,109.20055555555557,23.025277777777777,422.83807373046875
S007,718,603,0.8002354120759924,3628.6359202275507,109.20027777777779,23.025277777777777,408.1235656738281
S007,718,602,0.807539087811486,3661.7541498429505,109.2,23.025277777777777,415.568359375
S007,717,602,0.808603271621684,3666.579649366136,109.2,23.025555555555556,415.5739440917969
S007,717,601,0.8148427635469796,3694.8723794583498,109.19972222222223,23.025555555555556,423.2332458496094
S007,716,601,0.8218882900001772,3726.8200413328263,109.19972222222223,23.02583333333333,415.3500671386719
S007,716,600,0.8221464392824732,3727.990609073749,109.19944444444445,23.02583333333333,411.8524169921875
S007,716,599,0.8294501150179668,3761.108838689149,109.19916666666667,23.02583333333333,408.9008483886719
S007,715,599,0.8351733083786703,3787.0604332995163,109.19916666666667,23.02611111111111,402.70513916015625
S007,715,598,0.8367537907534605,3794.227068304548,109.19888888888889,23.02611111111111,401.5870056152344
S007,715,597,0.8440574664889541,3827.345297919948,109.19861111111112,23.02611111111111,398.74957275390625
S007,714,597,0.8484583267571635,3847.300825266206,109.19861111111112,23.02638888888889,394.4211730957031
S007,714,596,0.8513611422244477,3860.463527535347,109.19833333333334,23.02638888888889,407.2957763671875
S007,714,595,0.8586648179599413,3893.5817571507464,109.19805555555556,23.02638888888889,406.180419921875
S007,713,595,0.8617433451356566,3907.541217232896,109.19805555555556,23.026666666666667,396.4049072265625
S007,713,594,0.8659684936954349,3926.699986766146,109.19777777777779,23.026666666666667,397.0990295410156
S007,713,593,0.8732721694309286,3959.8182163815454,109.1975,23.026666666666667,400.1630554199219
S007,712,593,0.8750283635141498,3967.781609199586,109.1975,23.026944444444442,388.1633605957031
S007,712,592,0.8805758451664222,3992.936445996945,109.19722222222222,23.026944444444442,378.3106689453125
S007,712,591,0.8878795209019158,4026.0546756123445,109.19694444444445,23.026944444444442,386.2069091796875
S007,711,591,0.8883133818926431,4028.022001166277,109.19694444444445,23.02722222222222,374.475341796875
S007,711,590,0.8951831966374094,4059.1729052277437,109.19666666666667,23.02722222222222,386.7020568847656
S007,710,590,0.9015984002711362,4088.2623931329667,109.19666666666667,23.0275,376.4999694824219
S007,710,589,0.902486872372903,4092.2911348431435,109.19638888888889,23.0275,380.736328125
S007,710,588,0.9097905481083967,4125.409364458543,109.19611111111112,23.0275,381.6987609863281
S007,709,588,0.9148834186496294,4148.502785099657,109.19611111111112,23.02777777777778,377.43255615234375
S007,709,587,0.9170942238438903,4158.527594073942,109.19583333333334,23.02777777777778,385.7431945800781
S007,709,586,0.9243978995793839,4191.645823689341,109.19555555555556,23.02777777777778,386.0711669921875
S007,708,586,0.9281684370281226,4208.743177066347,109.19555555555556,23.028055555555554,377.18328857421875
S007,708,585,0.9317015753148775,4224.7640533047415,109.19527777777779,23.028055555555554,361.6812744140625
S007,708,584,0.9390052510503711,4257.882282920141,109.19500000000001,23.028055555555554,361.9118957519531
S007,707,584,0.9414534554066157,4268.9835690330365,109.19500000000001,23.028333333333332,348.3702392578125
S007,707,583,0.9463089267858648,4291.00051253554,109.19472222222223,23.028333333333332,358.6803894042969
S007,707,582,0.9536126025213584,4324.118742150939,109.19444444444446,23.028333333333332,365.22222900390625
S007,706,582,0.9547384737851089,4329.223960999727,109.19444444444446,23.02861111111111,356.8807678222656
S007,706,581,0.960916278256852,4357.236971766339,109.19416666666667,23.02861111111111,362.7779235839844
S007,705,581,0.9680234921636021,4389.464352966416,109.19416666666667,23.02888888888889,361.7854309082031
S007,705,580,0.9682199539923456,4390.355201381739,109.19388888888889,23.02888888888889,351.7755126953125
S007,705,579,0.9755236297278392,4423.473430997138,109.19361111111111,23.02888888888889,344.8890075683594
S007,704,579,0.9813085105420952,4449.704744933107,109.19361111111111,23.029166666666665,341.09515380859375
S007,704,578,0.9828273054633329,4456.591660612537,109.19333333333334,23.029166666666665,341.7681579589844
S007,704,577,0.9901309811988265,4489.709890227937,109.19305555555556,23.029166666666665,335.8194885253906
S007,703,577,0.9945935289205884,4509.945136899796,109.19305555555556,23.029444444444444,318.474609375
S007,703,576,0.9974346569343201,4522.828119843336,109.19277777777778,23.029444444444444,314.2220458984375
S008,778,713,0.0,0.0,109.23083333333334,23.00861111111111,128.7255401611328
S008,777,713,0.0033872380700190915,27.36560852734465,109.23083333333334,23.008888888888887,130.80474853515625
S008,776,713,0.007299501953156919,58.972917983752474,109.23083333333334,23.009166666666665,133.40194702148438
S008,776,712,0.008685992739284377,70.17442295494587,109.23055555555555,23.009166666666665,133.20738220214844
S008,775,712,0.011211765836294746,90.5802274401603,109.23055555555555,23.009444444444444,133.5510711669922
S008,774,712,0.015124029719432573,122.18753689656812,109.23055555555555,23.009722222222223,134.21600341796875
S008,773,712,0.019036293602570403,153.79484635297595,109.23055555555555,23.009999999999998,136.61082458496094
S008,772,712,0.02294855748570823,185.40215580938377,109.23055555555555,23.010277777777777,138.58750915527344
S008,772,711,0.024029016726571102,194.13122179293856,109.23027777777779,23.010277777777777,132.96780395507812
S008,771,711,0.026860821368846054,217.0094652657916,109.23027777777779,23.010555555555555,132.68983459472656
S008,770,711,0.030773085251983884,248.61677472219944,109.23027777777779,23.010833333333334,127.50688171386719
S008,769,711,0.03468534913512171,280.22408417860726,109.23027777777779,23.01111111111111,128.790771484375
S008,768,711,0.038597613018259536,311.83139363501505,109.23027777777779,23.011388888888888,127.0422134399414
S008,768,710,0.03937204071385783,318.0880206309313,109.23,23.011388888888888,128.1844024658203
S008,767,710,0.04250987690139737,343.43870309142295,109.23,23.011666666666667,132.91812133789062
S008,766,710,0.046422140784535194,375.04601254783074,109.23,23.011944444444445,139.52053833007812
S008,765,710,0.05033440466767302,406.65332200423853,109.23,23.01222222222222,134.18728637695312
S008,764,710,0.054246668550810846,438.2606314606464,109.23,23.0125,133.1561737060547
S008,764,709,0.05471506470114456,442.044819468924,109.22972222222222,23.0125,145.68429565429688
S008,763,709,0.05815893243394867,469.86794091705417,109.22972222222222,23.012777777777778,136.46885681152344
S008,762,709,0.062071196317086505,501.4752503734621,109.22972222222222,23.013055555555553,132.66122436523438
S008,761,709,0.06598346020022433,533.0825598298699,109.22972222222222,23.013333333333332,132.65663146972656
S008,760,709,0.06989572408336216,564.6898692862777,109.22972222222222,23.01361111111111,138.98719787597656
S008,760,708,0.07005808868843129,566.0016183069167,109.22944444444445,23.01361111111111,140.00267028808594
S008,759,708,0.07380798796649998,596.2971787426854,109.22944444444445,23.01388888888889,155.14585876464844
S008,758,708,0.07772025184963781,627.9044881990933,109.22944444444445,23.014166666666664,163.02462768554688
S008,757,708,0.08163251573277563,659.5117976555011,109.22944444444445,23.014444444444443,171.21006774902344
S008,757,707,0.08540111267571801,689.9584171449094,109.22916666666667,23.014444444444443,160.87911987304688
S008,756,707,0.08554477961591346,691.119107111909,109.22916666666667,23.014722222222222,165.27374267578125
S008,755,707,0.0894570434990513,722.7264165683168,109.22916666666667,23.015,169.1483612060547
S008,754,707,0.09336930738218913,754.3337260247247,109.22916666666667,23.015277777777776,174.5121612548828
S008,753,707,0.09728157126532695,785.9410354811325,109.22916666666667,23.015555555555554,181.98526000976562
S008,753,706,0.10074413666300475,813.9152159829022,109.22888888888889,23.015555555555554,166.96524047851562
S008,752,706,0.10119383514846478,817.5483449375403,109.22888888888889,23.015833333333333,154.34803771972656
S008,751,706,0.1051060990316026,849.1556543939481,109.22888888888889,23.016111111111112,154.4271697998047
S008,750,706,0.10901836291474043,880.762963850356,109.22888888888889,23.016388888888887,165.09619140625
S008,749,706,0.11293062679787826,912.3702733067637,109.22888888888889,23.016666666666666,174.8217315673828
S008,749,705,0.11608716065029147,937.8720148208948,109.22861111111112,23.016666666666666,167.61489868164062
S008,748,705,0.11684289068101608,943.9775827631715,109.22861111111112,23.016944444444444,180.83560180664062
S008,747,705,0.12075515456415391,975.5848922195794,109.22861111111112,23.017222222222223,193.27687072753906
S008,746,705,0.12466741844729175,1007.1922016759872,109.22861111111112,23.0175,199.77774047851562
S008,745,705,0.12857968233042957,1038.799511132395,109.22861111111112,23.017777777777777,196.6827392578125
S008,745,704,0.1314301846375782,1061.8288136588874,109.22833333333334,23.017777777777777,198.57191467285156
S008,744,704,0.13249194621356739,1070.4068205888027,109.22833333333334,23.018055555555556,195.7525634765625
S008,743,704,0.13640421009670523,1102.0141300452108,109.22833333333334,23.01833333333333,200.187255859375
S008,742,704,0.14031647397984304,1133.6214395016184,109.22833333333334,23.01861111111111,203.5731201171875
S008,741,704,0.14422873786298088,1165.2287489580262,109.22833333333334,23.01888888888889,205.1633758544922
S008,741,703,0.14677320862486493,1185.7856124968803,109.22805555555556,23.01888888888889,200.16481018066406
S008,740,703,0.14814100174611872,1196.8360584144343,109.22805555555556,23.019166666666667,201.4271697998047
S008,739,703,0.15205326562925653,1228.443367870842,109.22805555555556,23.019444444444442,201.02774047851562
S008,738,703,0.15596552951239437,1260.05067732725,109.22805555555556,23.01972222222222,204.2788543701172
S008,737,703,0.15987779339553218,1291.6579867836576,109.22805555555556,23.02,194.78147888183594
S008,737,702,0.16211623261215166,1309.742411334873,109.22777777777779,23.02,200.30059814453125
S008,736,702,0.16379005727867002,1323.2652962400655,109.22777777777779,23.02027777777778,185.29049682617188
S008,735,702,0.16770232116180783,1354.8726056964733,109.22777777777779,23.020555555555553,170.7978515625
S008,734,702,0.17161458504494567,1386.4799151528812,109.22777777777779,23.020833333333332,163.59104919433594
S008,733,702,0.17552684892808348,1418.0872246092888,109.22777777777779,23.02111111111111,162.65591430664062
S008,733,701,0.17745925659943837,1433.6992101728656,109.2275,23.02111111111111,173.8075408935547
S008,732,701,0.17943911281122132,1449.6945340656969,109.2275,23.02138888888889,169.06527709960938
S008,731,701,0.18335137669435916,1481.3018435221047,109.2275,23.021666666666665,156.3429412841797
S008,730,701,0.18726364057749698,1512.9091529785123,109.2275,23.021944444444443,136.0429229736328
S008,729,701,0.19117590446063482,1544.5164624349204,109.2275,23.022222222222222,137.32992553710938
S008,729,700,0.1928022805867251,1557.6560090108583,109.22722222222222,23.022222222222222,138.2509307861328
S008,728,700,0.19508816834377263,1576.123771891328,109.22722222222222,23.0225,140.5471954345703
S008,727,700,0.19900043222691047,1607.7310813477359,109.22722222222222,23.022777777777776,141.211669921875
S008,726,700,0.20291269611004828,1639.3383908041437,109.22722222222222,23.023055555555555,141.15771484375
S008,725,700,0.20682495999318612,1670.9457002605516,109.22722222222222,23.023333333333333,139.40574645996094
S008,725,699,0.20814530457401184,1681.6128078488512,109.22694444444446,23.023333333333333,138.32093811035156
S008,724,699,0.21073722387632393,1702.5530097169592,109.22694444444446,23.02361111111111,140.2158660888672
S008,723,699,0.21464948775946177,1734.1603191733673,109.22694444444446,23.023888888888887,144.53883361816406
S008,722,699,0.2185617516425996,1765.7676286297751,109.22694444444446,23.024166666666666,157.97300720214844
S008,721,699,0.22247401552573742,1797.3749380861827,109.22694444444446,23.024444444444445,179.50616455078125
S008,721,698,0.22348832856129855,1805.5696066868436,109.22666666666667,23.024444444444445,181.96324157714844
S008,720,698,0.22638627940887526,1828.9822475425908,109.22666666666667,23.02472222222222,191.08619689941406
S008,719,698,0.23029854329201307,1860.5895569989984,109.22666666666667,23.025,197.91146850585938
S008,718,698,0.23421080717515091,1892.1968664554065,109.22666666666667,23.025277777777777,209.1463165283203
S008,717,698,0.23812307105828873,1923.8041759118141,109.22666666666667,23.025555555555556,212.54971313476562
S008,717,697,0.23883135254858529,1929.5264055248365,109.22638888888889,23.025555555555556,210.35076904296875
S008,716,697,0.24203533494142657,1955.411485368222,109.22638888888889,23.02583333333333,209.68287658691406
S008,715,697,0.24594759882456438,1987.0187948246298,109.22638888888889,23.02611111111111,203.0789031982422
S008,714,697,0.24985986270770222,2018.6261042810377,109.22638888888889,23.02638888888889,192.6483917236328
S008,713,697,0.25377212659084003,2050.2334137374455,109.22638888888889,23.026666666666667,179.4084930419922
S008,713,696,0.254174376535872,2053.483204362829,109.22611111111112,23.026666666666667,189.58364868164062
S008,712,696,0.2576843904739779,2081.8407231938536,109.22611111111112,23.026944444444442,174.8004913330078
S008,711,696,0.2615966543571157,2113.448032650261,109.22611111111112,23.02722222222222,158.80348205566406
S008,710,696,0.2655089182402535,2145.055342106669,109.22611111111112,23.0275,151.3913116455078
S008,709,696,0.26942118212339133,2176.6626515630765,109.22611111111112,23.02777777777778,157.32200622558594
S008,709,695,0.26951740052315876,2177.440003200822,109.22583333333334,23.02777777777778,150.2891082763672
S008,708,695,0.2733334460065292,2208.269961019485,109.22583333333334,23.028055555555554,148.82444763183594
S008,707,695,0.277245709889667,2239.8772704758926,109.22583333333334,23.028333333333332,150.10281372070312
S008,706,695,0.2811579737728048,2271.4845799323,109.22583333333334,23.02861111111111,161.69569396972656
S008,706,694,0.28486042451044546,2301.3968020388147,109.22555555555556,23.02861111111111,158.82687377929688
S008,705,694,0.28507023765594264,2303.091889388708,109.22555555555556,23.02888888888889,182.5805206298828
S008,704,694,0.2889825015390805,2334.699198845116,109.22555555555556,23.029166666666665,194.2313690185547
S008,703,694,0.2928947654222183,2366.3065083015235,109.22555555555556,23.029444444444444,195.38876342773438
S008,702,694,0.29680702930535613,2397.9138177579316,109.22555555555556,23.029722222222222,204.0930938720703
S008,702,693,0.3002034484977322,2425.353600876807,109.22527777777778,23.029722222222222,207.65652465820312
S008,701,693,0.300719293188494,2429.5211272143397,109.22527777777778,23.029999999999998,204.71510314941406
S008,700,693,0.3046315570716318,2461.1284366707473,109.22527777777778,23.030277777777776,199.13455200195312
S008,699,693,0.3085438209547696,2492.735746127155,109.22527777777778,23.030555555555555,190.19015502929688
S008,698,693,0.31245608483790743,2524.3430555835625,109.22527777777778,23.030833333333334,187.4729766845703
S008,698,692,0.31554647248501894,2549.3103997148,109.22500000000001,23.030833333333334,202.21958923339844
S008,697,692,0.3163683487210453,2555.9503650399706,109.22500000000001,23.03111111111111,198.179931640625
S008,696,692,0.3202806126041831,2587.5576744963787,109.22500000000001,23.031388888888888,197.65887451171875
S008,695,692,0.3241928764873209,2619.1649839527863,109.22500000000001,23.031666666666666,203.07904052734375
S008,694,692,0.3281051403704588,2650.7722934091944,109.22500000000001,23.031944444444445,208.65528869628906
S008,694,691,0.33088949647230564,2673.2671985527927,109.22472222222223,23.031944444444445,204.5586395263672
S008,693,691,0.3320174042535966,2682.379602865602,109.22472222222223,23.03222222222222,206.86363220214844
S008,692,691,0.3359296681367344,2713.9869123220096,109.22472222222223,23.0325,203.52493286132812
S008,691,691,0.33984193201987223,2745.5942217784177,109.22472222222223,23.032777777777778,197.51866149902344
S008,690,691,0.3437541959030101,2777.201531234826,109.22472222222223,23.033055555555556,202.43679809570312
S008,690,690,0.34623252045959235,2797.2239973907854,109.22444444444444,23.033055555555556,188.63851928710938
S008,689,690,0.3476664597861479,2808.8088406912334,109.22444444444444,23.03333333333333,188.54307556152344
S008,688,690,0.3515787236692857,2840.416150147641,109.22444444444444,23.03361111111111,204.6278533935547
S008,687,690,0.35549098755242353,2872.0234596040486,109.22444444444444,23.03388888888889,219.34292602539062
S008,686,690,0.3594032514355614,2903.6307690604567,109.22444444444444,23.034166666666668,230.9404296875
S008,686,689,0.3615755444468791,2921.180796228778,109.22416666666668,23.034166666666668,227.56387329101562
S008,685,689,0.3633155153186992,2935.238078516865,109.22416666666668,23.034444444444443,233.81436157226562
S008,684,689,0.367227779201837,2966.8453879732724,109.22416666666668,23.03472222222222,217.3805389404297
S008,683,689,0.3711400430849749,2998.4526974296805,109.22416666666668,23.035,201.4029083251953
S008,682,689,0.3750523069681127,3030.060006886088,109.22416666666668,23.035277777777775,189.5266876220703
S008,682,688,0.3769185684341658,3045.1375950667707,109.2238888888889,23.035277777777775,189.26210021972656
S008,681,688,0.3789645708512505,3061.6673163424957,109.2238888888889,23.035555555555554,195.11061096191406
S008,680,688,0.3828768347343883,3093.2746257989033,109.2238888888889,23.035833333333333,206.69134521484375
S008,679,688,0.3867890986175262,3124.881935255312,109.2238888888889,23.03611111111111,215.8779754638672
S008,678,688,0.390701362500664,3156.4892447117195,109.2238888888889,23.036388888888887,213.09124755859375
S008,678,687,0.39226159242145253,3169.0943939047634,109.22361111111111,23.036388888888887,221.69253540039062
S008,677,687,0.3946136263838018,3188.096554168127,109.22361111111111,23.036666666666665,208.74270629882812
S008,676,687,0.3985258902669397,3219.703863624535,109.22361111111111,23.036944444444444,218.54376220703125
S008,675,687,0.4024381541500775,3251.311173080943,109.22361111111111,23.037222222222223,233.77346801757812
S008,674,687,0.4063504180332153,3282.9184825373504,109.22361111111111,23.037499999999998,252.66204833984375
S008,674,686,0.4076046164087393,3293.0511927427565,109.22333333333334,23.037499999999998,261.7333679199219
S008,673,686,0.4102626819163531,3314.5257919937585,109.22333333333334,23.037777777777777,274.6983642578125
S008,672,686,0.414174945799491,3346.1331014501666,109.22333333333334,23.038055555555555,267.4793701171875
S008,671,686,0.4180872096826288,3377.740410906574,109.22333333333334,23.038333333333334,251.5581512451172
S008,670,686,0.4219994735657666,3409.347720362982,109.22333333333334,23.03861111111111,243.28456115722656
S008,670,685,0.422947640396026,3417.0079915807487,109.22305555555556,23.03861111111111,261.55853271484375
S008,669,685,0.4259117374489044,3440.9550298193894,109.22305555555556,23.038888888888888,261.178955078125
S008,668,685,0.4298240013320423,3472.562339275798,109.22305555555556,23.039166666666667,265.2282409667969
S008,667,685,0.4337362652151801,3504.1696487322056,109.22305555555556,23.039444444444445,272.85498046875
S008,666,685,0.4376485290983179,3535.776958188613,109.22305555555556,23.03972222222222,289.7340393066406
S008,666,684,0.4382906643833127,3540.9647904187414,109.22277777777778,23.03972222222222,294.2038269042969
S008,665,684,0.4415607929814558,3567.3842676450213,109.22277777777778,23.04,299.5338134765625
S008,664,684,0.4454730568645936,3598.991577101429,109.22277777777778,23.040277777777778,287.5166015625
S008,663,684,0.4493853207477314,3630.5988865578365,109.22277777777778,23.040555555555553,274.5884094238281
S008,662,684,0.4532975846308692,3662.2061960142446,109.22277777777778,23.04083333333333,264.4491271972656
S008,662,683,0.4536336883705995,3664.9215892567345,109.22250000000001,23.04083333333333,264.3040466308594
S008,661,683,0.4572098485140071,3693.8135054706527,109.22250000000001,23.04111111111111,251.8332977294922
S008,660,683,0.4611221123971449,3725.4208149270603,109.22250000000001,23.04138888888889,237.97767639160156
S008,659,683,0.4650343762802827,3757.028124383468,109.22250000000001,23.041666666666664,237.32525634765625
S008,658,683,0.4689466401634206,3788.635433839876,109.22250000000001,23.041944444444443,254.4922332763672
S008,658,682,0.4689767123578862,3788.878388094727,109.22222222222223,23.041944444444443,264.4530334472656
S008,657,682,0.4728589040465584,3820.2427432962836,109.22222222222223,23.04222222222222,263.96722412109375
S008,656,682,0.4767711679296962,3851.8500527526917,109.22222222222223,23.0425,251.7985382080078
S008,655,682,0.480683431812834,3883.4573622090993,109.22222222222223,23.042777777777776,235.9147186279297
S008,655,681,0.48431973634517295,3912.83518693272,109.22194444444445,23.042777777777776,234.9308624267578
S008,654,681,0.4845956956959719,3915.0646716655074,109.22194444444445,23.043055555555554,232.9689178466797
S008,653,681,0.4885079595791097,3946.671981121915,109.22194444444445,23.043333333333333,256.21453857421875
S008,652,681,0.4924202234622475,3978.2792905783226,109.22194444444445,23.04361111111111,277.38739013671875
S008,651,681,0.4963324873453853,4009.8866000347307,109.22194444444445,23.043888888888887,286.32275390625
S008,651,680,0.49966276033245965,4036.7919857707125,109.22166666666668,23.043888888888887,284.017822265625
S008,650,680,0.5002447512285232,4041.4939094911388,109.22166666666668,23.044166666666666,279.37054443359375
S008,649,680,0.504157015111661,4073.1012189475464,109.22166666666668,23.044444444444444,265.89813232421875
S008,648,680,0.5080692789947988,4104.708528403954,109.22166666666668,23.044722222222223,252.0584716796875
S008,647,680,0.5119815428779366,4136.315837860362,109.22166666666668,23.044999999999998,238.73394775390625
S008,647,679,0.5150057843197464,4160.748784608705,109.2213888888889,23.044999999999998,242.47157287597656
S008,646,679,0.5158938067610744,4167.923147316769,109.2213888888889,23.045277777777777,253.44384765625
S008,645,679,0.5198060706442124,4199.530456773178,109.2213888888889,23.045555555555556,271.87689208984375
S008,644,679,0.5237183345273502,4231.137766229585,109.2213888888889,23.045833333333334,288.2223815917969
S008,643,679,0.527630598410488,4262.7450756859935,109.2213888888889,23.04611111111111,300.735595703125
S008,643,678,0.5303488083070331,4284.705583446698,109.22111111111111,23.04611111111111,304.9871826171875
S008,642,678,0.5315428622936258,4294.3523851424015,109.22111111111111,23.046388888888888,296.9696960449219
S008,641,678,0.5354551261767636,4325.959694598809,109.22111111111111,23.046666666666667,283.2336120605469
S008,640,678,0.5393673900599014,4357.567004055217,109.22111111111111,23.046944444444442,270.6124267578125
S008,639,678,0.5432796539430392,4389.174313511624,109.22111111111111,23.04722222222222,254.3681182861328
S008,639,677,0.5456918322943198,4408.6623822846905,109.22083333333335,23.04722222222222,256.2218017578125
S008,638,677,0.5471919178261772,4420.781622968033,109.22083333333335,23.0475,243.53675842285156
S008,637,677,0.551104181709315,4452.38893242444,109.22083333333335,23.047777777777778,260.5283508300781
S008,636,677,0.5550164455924528,4483.996241880848,109.22083333333335,23.048055555555553,276.5382385253906
S008,635,677,0.5589287094755906,4515.603551337256,109.22083333333335,23.048333333333332,291.9681396484375
S008,635,676,0.5610348562816065,4532.619181122684,109.22055555555556,23.048333333333332,291.4376220703125
S008,634,676,0.5628409733587284,4547.210860793663,109.22055555555556,23.04861111111111,298.74542236328125
S008,633,676,0.5667532372418662,4578.8181702500715,109.22055555555556,23.04888888888889,293.9507751464844
S008,632,676,0.570665501125004,4610.425479706479,109.22055555555556,23.049166666666665,299.40216064453125
S008,631,676,0.5745777650081418,4642.032789162887,109.22055555555556,23.049444444444443,305.68731689453125
S008,631,675,0.5763778802688933,4656.575979960676,109.22027777777778,23.049444444444443,300.09515380859375
S008,630,675,0.5784900288912798,4673.640098619296,109.22027777777778,23.049722222222222,305.3985900878906
S008,629,675,0.5824022927744176,4705.247408075703,109.22027777777778,23.05,288.4785461425781
S008,628,675,0.5863145566575554,4736.854717532111,109.22027777777778,23.050277777777776,270.4479675292969
S008,627,675,0.5902268205406932,4768.462026988518,109.22027777777778,23.050555555555555,257.5056457519531
S008,627,674,0.59172090425618,4780.532778798668,109.22,23.050555555555555,270.2376403808594
S008,626,674,0.594139084423831,4800.069336444926,109.22,23.050833333333333,250.56796264648438
S008,625,674,0.5980513483069688,4831.676645901334,109.22,23.051111111111112,244.2054443359375
S008,624,674,0.6019636121901066,4863.283955357741,109.22,23.051388888888887,262.01580810546875
S008,623,674,0.6058758760732446,4894.89126481415,109.22,23.051666666666666,276.8590087890625
S008,623,673,0.6070639282434668,4904.489577636662,109.21972222222223,23.051666666666666,275.5881652832031
S008,622,673,0.6097881399563824,4926.498574270558,109.21972222222223,23.051944444444445,268.4632263183594
S008,621,673,0.6137004038395202,4958.105883726966,109.21972222222223,23.05222222222222,255.9833221435547
S008,620,673,0.617612667722658,4989.713193183373,109.21972222222223,23.0525,234.39305114746094
S008,619,673,0.6215249316057958,5021.320502639781,109.21972222222223,23.052777777777777,229.59461975097656
S008,619,672,0.6224069522307535,5028.446376474654,109.21944444444445,23.052777777777777,233.08123779296875
S008,618,672,0.6254371954889336,5052.927812096189,109.21944444444445,23.053055555555556,253.53060913085938
S008,617,672,0.6293494593720714,5084.535121552596,109.21944444444445,23.05333333333333,270.8594665527344
S008,616,672,0.6332617232552094,5116.142431009005,109.21944444444445,23.05361111111111,288.0013427734375
S008,615,672,0.6371739871383472,5147.749740465412,109.21944444444445,23.05388888888889,297.9179382324219
S008,615,671,0.6377499762180402,5152.403175312646,109.21916666666667,23.05388888888889,304.4717102050781
S008,614,671,0.641086251021485,5179.35704992182,109.21916666666667,23.054166666666667,300.010498046875
S008,613,671,0.6449985149046228,5210.964359378228,109.21916666666667,23.054444444444442,284.62261962890625
S008,612,671,0.6489107787877606,5242.571668834636,109.21916666666667,23.05472222222222,287.38836669921875
S008,611,671,0.6528230426708984,5274.178978291044,109.21916666666667,23.055,301.1072998046875
S008,611,670,0.6530930002053269,5276.35997415064,109.2188888888889,23.055,309.3165283203125
S008,610,670,0.6567353065540362,5305.786287747451,109.2188888888889,23.05527777777778,317.5588684082031
S008,609,670,0.6606475704371741,5337.39359720386,109.2188888888889,23.055555555555554,315.0748596191406
S008,608,670,0.664559834320312,5369.000906660268,109.2188888888889,23.055833333333332,305.5211181640625
S008,608,669,0.6684360241926136,5400.316772988632,109.21861111111112,23.055833333333332,305.9945373535156
S008,607,669,0.6684720982034498,5400.608216116675,109.21861111111112,23.05611111111111,292.4982604980469
S008,606,669,0.6723843620865876,5432.215525573083,109.21861111111112,23.05638888888889,275.5279235839844
S008,605,669,0.6762966259697254,5463.82283502949,109.21861111111112,23.056666666666665,262.9507751464844
S008,604,669,0.6802088898528632,5495.430144485898,109.21861111111112,23.056944444444444,252.05604553222656
S008,604,668,0.6837790481799004,5524.273571826625,109.21833333333333,23.056944444444444,254.61631774902344
S008,603,668,0.684121153736001,5527.037453942306,109.21833333333333,23.057222222222222,241.96456909179688
S008,602,668,0.6880334176191389,5558.6447633987145,109.21833333333333,23.057499999999997,231.58534240722656
S008,601,668,0.6919456815022768,5590.252072855123,109.21833333333333,23.057777777777776,228.82870483398438
S008,600,668,0.6958579453854146,5621.85938231153,109.21833333333333,23.058055555555555,231.92626953125
S008,600,667,0.6991220721671871,5648.230370664618,109.21805555555557,23.058055555555555,241.87957763671875
S008,599,667,0.6997702092685524,5653.466691767938,109.21805555555557,23.058333333333334,255.89830017089844
S008,598,667,0.7036824731516902,5685.074001224345,109.21805555555557,23.05861111111111,261.4875793457031
S008,597,667,0.707594737034828,5716.681310680753,109.21805555555557,23.058888888888887,244.96237182617188
S008,596,667,0.7115070009179658,5748.288620137161,109.21805555555557,23.059166666666666,227.80665588378906
S008,596,666,0.7144650961544738,5772.18716950261,109.21777777777778,23.059166666666666,237.42918395996094
S008,595,666,0.7154192648011036,5779.895929593568,109.21777777777778,23.059444444444445,222.84323120117188
S008,594,666,0.7193315286842416,5811.503239049977,109.21777777777778,23.05972222222222,211.96286010742188
S008,593,666,0.7232437925673794,5843.1105485063845,109.21777777777778,23.06,213.64059448242188
S008,592,666,0.7271560564505172,5874.717857962793,109.21777777777778,23.060277777777777,228.270751953125
S008,592,665,0.7298081201417606,5896.143968340603,109.2175,23.060277777777777,238.0721435546875
S008,591,665,0.731068320333655,5906.3251674192,109.2175,23.060555555555556,226.5134735107422
S008,590,665,0.7349805842167928,5937.932476875608,109.2175,23.06083333333333,218.881591796875
S008,589,665,0.7388928480999306,5969.539786332016,109.2175,23.06111111111111,224.2071990966797
S008,588,665,0.7428051119830684,6001.147095788423,109.2175,23.06138888888889,226.0297393798828
S008,588,664,0.7451511441290473,6020.100767178596,109.21722222222223,23.06138888888889,240.32928466796875
S008,587,664,0.7467173758662063,6032.754405244832,109.21722222222223,23.061666666666667,245.6693878173828
S008,586,664,0.7506296397493442,6064.361714701239,109.21722222222223,23.061944444444443,248.68333435058594
S008,585,664,0.754541903632482,6095.969024157647,109.21722222222223,23.06222222222222,241.48922729492188
S008,584,664,0.7584541675156198,6127.576333614055,109.21722222222223,23.0625,219.23544311523438
S008,584,663,0.760494168116334,6144.057566016588,109.21694444444445,23.0625,216.90191650390625
S008,583,663,0.7623664313987576,6159.1836430704625,109.21694444444445,23.06277777777778,196.55072021484375
S008,582,663,0.7662786952818954,6190.790952526871,109.21694444444445,23.063055555555554,192.0325164794922
S008,581,663,0.7701909591650332,6222.398261983278,109.21694444444445,23.063333333333333,192.41534423828125
S008,580,663,0.7741032230481711,6254.005571439687,109.21694444444445,23.06361111111111,190.67898559570312
S008,580,662,0.7758371921036208,6268.014364854582,109.21666666666667,23.06361111111111,189.5645751953125
S008,579,662,0.778015486931309,6285.612880896095,109.21666666666667,23.063888888888886,199.82032775878906
S008,578,662,0.7819277508144468,6317.220190352502,109.21666666666667,23.064166666666665,218.56076049804688
S008,577,662,0.7858400146975846,6348.82749980891,109.21666666666667,23.064444444444444,212.3238067626953
S008,576,662,0.7897522785807224,6380.434809265317,109.21666666666667,23.064722222222223,195.0727081298828
S008,576,661,0.7911802160909075,6391.971163692574,109.2163888888889,23.064722222222223,200.58766174316406
S008,575,661,0.7936645424638602,6412.042118721725,109.2163888888889,23.064999999999998,203.32150268554688
S008,574,661,0.797576806346998,6443.649428178132,109.2163888888889,23.065277777777776,221.8558807373047
S008,573,661,0.8014890702301359,6475.256737634541,109.2163888888889,23.065555555555555,229.89999389648438
S008,572,661,0.8054013341132737,6506.8640470909495,109.2163888888889,23.065833333333334,231.56979370117188
S008,572,660,0.8065232400781942,6515.927962530566,109.21611111111112,23.065833333333334,241.39601135253906
S008,571,660,0.8093135979964116,6538.471356547357,109.21611111111112,23.06611111111111,245.1039276123047
S008,570,660,0.8132258618795494,6570.078666003765,109.21611111111112,23.066388888888888,247.53948974609375
S008,569,660,0.8171381257626872,6601.685975460172,109.21611111111112,23.066666666666666,247.95494079589844
S008,568,660,0.821050389645825,6633.29328491658,109.21611111111112,23.066944444444445,235.2439422607422
S008,568,659,0.8218662640654809,6639.884761368559,109.21583333333334,23.066944444444445,236.06332397460938
S008,567,659,0.8249626535289628,6664.900594372988,109.21583333333334,23.06722222222222,241.52883911132812
S008,566,659,0.8288749174121006,6696.507903829395,109.21583333333334,23.0675,237.06053161621094
S008,565,659,0.8327871812952385,6728.115213285804,109.21583333333334,23.067777777777778,245.50759887695312
S008,564,659,0.8366994451783764,6759.722522742211,109.21583333333334,23.068055555555556,250.45384216308594
S008,564,658,0.8372092880527676,6763.841560206552,109.21555555555557,23.068055555555556,254.71351623535156
S008,563,658,0.8406117090615142,6791.329832198619,109.21555555555557,23.06833333333333,246.42410278320312
S008,562,658,0.844523972944652,6822.9371416550275,109.21555555555557,23.06861111111111,231.8065643310547
S008,561,658,0.8484362368277898,6854.544451111435,109.21555555555557,23.06888888888889,217.213134765625
S008,560,658,0.8523485007109276,6886.151760567843,109.21555555555557,23.069166666666664,202.55966186523438
S008,560,657,0.8525523120400543,6887.798359044545,109.21527777777779,23.069166666666664,191.2307586669922
S008,559,657,0.8562607645940654,6917.75907002425,109.21527777777779,23.069444444444443,202.85975646972656
S008,558,657,0.8601730284772033,6949.366379480659,109.21527777777779,23.06972222222222,202.4349822998047
S008,557,657,0.8640852923603412,6980.973688937066,109.21527777777779,23.07,191.31826782226562
S008,557,656,0.8678953360273411,7011.755157882538,109.215,23.07,190.30491638183594
S008,556,656,0.867997556243479,7012.580998393474,109.215,23.070277777777775,199.54124450683594
S008,555,656,0.8719098201266168,7044.188307849882,109.215,23.070555555555554,206.4857177734375
S008,554,656,0.8758220840097546,7075.795617306289,109.215,23.070833333333333,198.7283477783203
S008,553,656,0.8797343478928924,7107.4029267626975,109.215,23.07111111111111,204.43264770507812
S008,553,655,0.8832383600146279,7135.71195672053,109.21472222222222,23.07111111111111,208.28152465820312
S008,552,655,0.8836466117760302,7139.010236219105,109.21472222222222,23.071388888888887,221.5296173095703
S008,551,655,0.8875588756591681,7170.617545675514,109.21472222222222,23.071666666666665,213.6440887451172
S008,550,655,0.891471139542306,7202.224855131922,109.21472222222222,23.071944444444444,207.2244110107422
S008,549,655,0.8953834034254438,7233.832164588329,109.21472222222222,23.072222222222223,218.54214477539062
S008,549,654,0.8985813840019146,7259.668755558523,109.21444444444445,23.072222222222223,210.32510375976562
S008,548,654,0.8992956673085816,7265.439474044737,109.21444444444445,23.072499999999998,223.51820373535156
S008,547,654,0.9032079311917194,7297.046783501144,109.21444444444445,23.072777777777777,225.15780639648438
S008,546,654,0.9071201950748572,7328.654092957552,109.21444444444445,23.073055555555555,230.05514526367188
S008,545,654,0.911032458957995,7360.26140241396,109.21444444444445,23.073333333333334,230.2826385498047
S008,545,653,0.9139244079892013,7383.625554396515,109.21416666666667,23.073333333333334,219.0626678466797
S008,544,653,0.9149447228411329,7391.868711870368,109.21416666666667,23.07361111111111,219.0988006591797
S008,543,653,0.9188569867242707,7423.476021326776,109.21416666666667,23.073888888888888,226.18600463867188
S008,542,653,0.9227692506074086,7455.083330783184,109.21416666666667,23.074166666666667,237.24539184570312
S008,541,653,0.9266815144905464,7486.690640239592,109.21416666666667,23.074444444444445,252.37945556640625
S008,541,652,0.929267431976488,7507.5823532345075,109.21388888888889,23.074444444444445,239.03366088867188
S008,540,652,0.9305937783736842,7518.297949695999,109.21388888888889,23.07472222222222,234.4785614013672
S008,539,652,0.934506042256822,7549.905259152407,109.21388888888889,23.075,236.01766967773438
S008,538,652,0.9384183061399598,7581.512568608815,109.21388888888889,23.075277777777778,240.59654235839844
S008,537,652,0.9423305700230977,7613.119878065223,109.21388888888889,23.075555555555553,255.05564880371094
S008,537,651,0.9446104559637747,7631.539152072501,109.21361111111112,23.075555555555553,252.4549102783203
S008,536,651,0.9462428339062355,7644.727187521631,109.21361111111112,23.075833333333332,267.1428527832031
S008,535,651,0.9501550977893733,7676.334496978038,109.21361111111112,23.07611111111111,285.2511901855469
S008,534,651,0.9540673616725112,7707.941806434446,109.21361111111112,23.07638888888889,307.96917724609375
S008,533,651,0.957979625555649,7739.549115890854,109.21361111111112,23.076666666666664,322.9093322753906
S008,533,650,0.9599534799510615,7755.495950910494,109.21333333333334,23.076666666666664,314.31085205078125
S008,532,650,0.9618918894387868,7771.156425347262,109.21333333333334,23.076944444444443,306.58551025390625
S008,531,650,0.9658041533219246,7802.76373480367,109.21333333333334,23.077222222222222,295.6534423828125
S008,530,650,0.9697164172050624,7834.371044260077,109.21333333333334,23.0775,283.3652648925781
S008,529,650,0.9736286810882003,7865.978353716486,109.21333333333334,23.077777777777776,276.72137451171875
S008,529,649,0.9752965039383482,7879.452749748487,109.21305555555556,23.077777777777776,258.8279724121094
S008,528,649,0.9775409449713381,7897.585663172894,109.21305555555556,23.078055555555554,256.8560485839844
S008,527,649,0.981453208854476,7929.192972629301,109.21305555555556,23.078333333333333,260.3319091796875
S008,526,649,0.9853654727376138,7960.800282085709,109.21305555555556,23.078611111111112,261.23358154296875
S008,525,649,0.9892777366207516,7992.407591542116,109.21305555555556,23.078888888888887,260.12530517578125
S008,525,648,0.9906395279256349,8003.409548586479,109.21277777777779,23.078888888888887,253.4600830078125
S008,524,648,0.9931900005038894,8024.014900998524,109.21277777777779,23.079166666666666,252.99481201171875
S008,523,648,0.9971022643870272,8055.6222104549315,109.21277777777779,23.079444444444444,248.2891845703125
S009,778,713,0.0,0.0,109.23083333333334,23.00861111111111,128.7255401611328
S009,777,713,0.0051400530889445795,29.324747986228676,109.23083333333334,23.008888888888887,130.80474853515625
S009,777,714,0.005174692998896755,29.52237369398606,109.23111111111112,23.008888888888887,132.31642150878906
S009,776,714,0.011076820343445698,63.19486578045699,109.23111111111112,23.009166666666665,133.5413055419922
S009,775,714,0.017013587597946814,97.06498357468529,109.23111111111112,23.009444444444444,135.11814880371094
S009,775,715,0.01710124642055039,97.56508986486122,109.2313888888889,23.009444444444444,140.24159240722656
S009,774,715,0.022950354852447934,130.93510136891362,109.2313888888889,23.009722222222223,144.3026123046875
S009,773,715,0.02888712210694905,164.8052191631419,109.2313888888889,23.009999999999998,145.23208618164062
S009,773,716,0.029027799842204022,165.60780603573636,109.23166666666667,23.009999999999998,142.67367553710938
S009,772,716,0.03482388936145017,198.67533695737026,109.23166666666667,23.010277777777777,141.5878448486328
S009,771,716,0.04076065661595129,232.54545475159856,109.23166666666667,23.010555555555555,141.0373077392578
S009,771,717,0.04095435326385766,233.65052220661153,109.23194444444445,23.010555555555555,137.09552001953125
S009,770,717,0.046697423870452406,266.4155725458269,109.23194444444445,23.010833333333334,138.46737670898438
S009,769,717,0.052634191124953524,300.28569034005517,109.23194444444445,23.01111111111111,142.2293701171875
S009,769,718,0.05288090668551129,301.6932383774867,109.23222222222223,23.01111111111111,139.03878784179688
S009,768,718,0.05857095837945464,334.15580813428346,109.23222222222223,23.011388888888888,142.09059143066406
S009,767,718,0.06450772563395576,368.0259259285118,109.23222222222223,23.011666666666667,150.4017333984375
S009,767,719,0.06480746010716493,369.73595454836186,109.2325,23.011666666666667,146.45533752441406
S009,766,719,0.07044449288845687,401.8960437227401,109.2325,23.011944444444445,153.67835998535156
S009,765,719,0.076381260142958,435.76616151696845,109.2325,23.01222222222222,158.906982421875
S009,765,720,0.07673401352881856,437.778670719237,109.23277777777778,23.01222222222222,156.9326629638672
S009,764,720,0.08231802739745911,469.63627931119674,109.23277777777778,23.0125,161.6325225830078
S009,763,720,0.08825479465196023,503.5063971054251,109.23277777777778,23.012777777777778,162.75421142578125
S009,763,721,0.0886605669504722,505.8213868901122,109.23305555555557,23.012777777777778,163.5756072998047
S009,762,721,0.09419156190646134,537.3765148996533,109.23305555555557,23.013055555555553,165.66754150390625
S009,761,721,0.10012832916096247,571.2466326938817,109.23305555555557,23.013333333333332,166.5437774658203
S009,761,722,0.10058712037212583,573.8641030609873,109.23333333333333,23.013333333333332,163.1529083251953
S009,760,722,0.10606509641546358,605.1167504881099,109.23333333333333,23.01361111111111,166.9786834716797
S009,759,722,0.1120018636699647,638.9868682823383,109.23333333333333,23.01388888888889,174.78916931152344
S009,759,723,0.11251367379377947,641.9068192318625,109.23361111111112,23.01388888888889,176.50196838378906
S009,758,723,0.11793863092446581,672.8569860765666,109.23361111111112,23.014166666666664,186.74330139160156
S009,757,723,0.12387539817896694,706.727103870795,109.23361111111112,23.014444444444443,195.83773803710938
S009,757,724,0.12444022721543309,709.9495354027375,109.2338888888889,23.014444444444443,199.0145263671875
S009,756,724,0.12981216543346805,740.5972216650232,109.2338888888889,23.014722222222222,205.36367797851562
S009,755,724,0.13574893268796917,774.4673394592515,109.2338888888889,23.015,199.11651611328125
S009,755,725,0.13636678063708674,777.9922515736129,109.23416666666667,23.015,206.61099243164062
S009,754,725,0.1416856999424703,808.3374572534799,109.23416666666667,23.015277777777776,205.8351593017578
S009,753,725,0.14762246719697142,842.2075750477082,109.23416666666667,23.015555555555554,196.81793212890625
S009,753,726,0.14829333405874037,846.034967744488,109.23444444444445,23.015555555555554,196.62066650390625
S009,752,726,0.15355923445147251,876.0776928419364,109.23444444444445,23.015833333333333,181.01292419433594
S009,751,726,0.15949600170597364,909.9478106361647,109.23444444444445,23.016111111111112,159.1558380126953
S009,751,727,0.160219887480394,914.0776839153631,109.23472222222223,23.016111111111112,157.11402893066406
S009,750,727,0.16543276896047476,943.8179284303931,109.23472222222223,23.016388888888887,138.3493194580078
S009,749,727,0.1713695362149759,977.6880462246214,109.23472222222223,23.016666666666666,140.89254760742188
S009,749,728,0.17214644090204764,982.1204000862383,109.235,23.016666666666666,139.77549743652344
S009,748,728,0.17730630346947698,1011.5581640188497,109.235,23.016944444444444,155.73793029785156
S009,747,728,0.1832430707239781,1045.428281813078,109.235,23.017222222222223,171.0520782470703
S009,747,729,0.18407299432370128,1050.1631162571134,109.23527777777778,23.017222222222223,168.02224731445312
S009,746,729,0.18917983797847923,1079.2983996073062,109.23527777777778,23.0175,187.85836791992188
S009,745,729,0.19511660523298036,1113.1685174015347,109.23527777777778,23.017777777777777,198.900634765625
S009,745,730,0.1959995477453549,1118.2058324279885,109.23555555555556,23.017777777777777,193.07386779785156
S009,744,730,0.20105337248748148,1147.038635195763,109.23555555555556,23.018055555555556,182.73458862304688
S009,743,730,0.20699013974198258,1180.9087529899912,109.23555555555556,23.01833333333333,172.30978393554688
S009,743,731,0.20792610116700852,1186.2485485988636,109.23583333333333,23.01833333333333,160.85816955566406
S009,742,731,0.2129269069964837,1214.7788707842196,109.23583333333333,23.01861111111111,153.74887084960938
S009,741,731,0.21886367425098482,1248.6489885784479,109.23583333333333,23.01888888888889,160.18382263183594
S009,741,732,0.21985265458866216,1254.2912647697387,109.23611111111111,23.01888888888889,163.2061004638672
S009,740,732,0.22480044150548595,1282.5191063726763,109.23611111111111,23.019166666666667,164.8919219970703
S009,739,732,0.23073720875998704,1316.3892241669046,109.23611111111111,23.019444444444442,176.84288024902344
S009,739,733,0.2317792080103158,1322.3339809406139,109.2363888888889,23.019444444444442,186.74765014648438
S009,738,733,0.23667397601448817,1350.2593419611328,109.2363888888889,23.01972222222222,196.0955810546875
S009,737,733,0.2426107432689893,1384.129459755361,109.2363888888889,23.02,189.86671447753906
S009,737,734,0.24370576143196943,1390.3766971114892,109.23666666666668,23.02,178.46998596191406
S009,736,734,0.24854751052349042,1417.9995775495895,109.23666666666668,23.02027777777778,164.6157684326172
S009,735,734,0.25448427777799154,1451.8696953438177,109.23666666666668,23.020555555555553,148.64019775390625
S009,735,735,0.2556323148536231,1458.4194132823645,109.23694444444445,23.020555555555553,143.9332733154297
S009,734,735,0.26042104503249264,1485.739813138046,109.23694444444445,23.020833333333332,148.27027893066406
S009,733,735,0.2663578122869938,1519.6099309322744,109.23694444444445,23.02111111111111,152.0780792236328
S009,733,736,0.2675588682752767,1526.4621294532394,109.23722222222223,23.02111111111111,159.90310668945312
S009,732,736,0.2722945795414949,1553.4800487265027,109.23722222222223,23.02138888888889,160.89425659179688
S009,731,736,0.278231346795996,1587.350166520731,109.23722222222223,23.021666666666665,165.4351043701172
S009,731,737,0.27948542169693036,1594.5048456241148,109.23750000000001,23.021666666666665,157.24456787109375
S009,730,737,0.28416811405049713,1621.2202843149594,109.23750000000001,23.021944444444443,164.92095947265625
S009,729,737,0.29010488130499823,1655.0904021091876,109.23750000000001,23.022222222222222,170.78465270996094
S009,729,738,0.29141197511858397,1662.5475617949899,109.23777777777778,23.022222222222222,182.37081909179688
S009,728,738,0.2960416485594993,1688.9605199034158,109.23777777777778,23.0225,180.53103637695312
S009,727,738,0.3019784158140005,1722.8306376976443,109.23777777777778,23.022777777777776,185.40367126464844
S009,727,739,0.30333852854023763,1730.590277965865,109.23805555555556,23.022777777777776,200.06764221191406
S009,726,739,0.3079151830685016,1756.7007554918725,109.23805555555556,23.023055555555555,207.7728729248047
S009,725,739,0.3138519503230027,1790.570873286101,109.23805555555556,23.023333333333333,195.97755432128906
S009,725,740,0.31526508196189124,1798.63299413674,109.23833333333334,23.023333333333333,196.93614196777344
S009,724,740,0.3197887175775038,1824.4409910803292,109.23833333333334,23.02361111111111,182.5525360107422
S009,723,740,0.3257254848320049,1858.3111088745575,109.23833333333334,23.023888888888887,191.4572296142578
S009,723,741,0.3271916353835449,1866.6757103076154,109.23861111111111,23.023888888888887,211.8333282470703
S009,722,741,0.33166225208650607,1892.181226668786,109.23861111111111,23.024166666666666,219.9192657470703
S009,721,741,0.33759901934100717,1926.0513444630142,109.23861111111111,23.024444444444445,223.05661010742188
S009,721,742,0.3391181888051985,1934.7184264784903,109.2388888888889,23.024444444444445,221.7563934326172
S009,720,742,0.3435357865955083,1959.9214622572426,109.2388888888889,23.02472222222222,209.37196350097656
S009,719,742,0.3494725538500094,1993.7915800514709,109.2388888888889,23.025,197.9749755859375
S009,719,743,0.35104474222685217,2002.7611426493656,109.23916666666668,23.025,197.1860809326172
S009,718,743,0.3554093211045105,2027.6616978456989,109.23916666666668,23.025277777777777,181.29310607910156
S009,717,743,0.36134608835901166,2061.5318156399276,109.23916666666668,23.025555555555556,177.47328186035156
S009,717,744,0.3629712956485058,2070.8038588202407,109.23944444444444,23.025555555555556,189.44052124023438
S009,716,744,0.36728285561351276,2095.4019334341556,109.23944444444444,23.02583333333333,208.28103637695312
S009,715,744,0.3732196228680139,2129.272051228384,109.23944444444444,23.02611111111111,212.2935333251953
S009,715,745,0.3748978490701594,2138.8465749911156,109.23972222222223,23.02611111111111,219.75453186035156
S009,714,745,0.379156390122515,2163.1421690226125,109.23972222222223,23.02638888888889,207.915771484375
S009,713,745,0.3850931573770161,2197.0122868168405,109.23972222222223,23.026666666666667,196.9198760986328
S009,713,746,0.38682440249181305,2206.889291161991,109.24000000000001,23.026666666666667,194.655029296875
S009,712,746,0.39102992463151726,2230.882404611069,109.24000000000001,23.026944444444442,186.66009521484375
S009,711,746,0.39696669188601835,2264.7525224052974,109.24000000000001,23.02722222222222,182.56399536132812
S009,711,747,0.39875095591346665,2274.932007332866,109.24027777777778,23.02722222222222,186.36813354492188
S009,710,747,0.40290345914051945,2298.6226401995254,109.24027777777778,23.0275,176.91641235351562
S009,709,747,0.4088402263950206,2332.492757993754,109.24027777777778,23.02777777777778,181.5545196533203
S009,709,748,0.4106775093351203,2342.974723503741,109.24055555555556,23.02777777777778,195.95016479492188
S009,708,748,0.4147769936495217,2366.362875787982,109.24055555555556,23.028055555555554,194.3182830810547
S009,707,748,0.42071376090402285,2400.232993582211,109.24055555555556,23.028333333333332,184.3134765625
S009,707,749,0.4226040627567739,2411.0174396746165,109.24083333333334,23.028333333333332,203.2067108154297
S009,706,749,0.42665052815852395,2434.103111376439,109.24083333333334,23.02861111111111,194.59690856933594
S009,705,749,0.43258729541302504,2467.973229170667,109.24083333333334,23.02888888888889,184.76614379882812
S009,705,750,0.4345306161784276,2479.060155845492,109.24111111111111,23.02888888888889,195.2332000732422
S009,704,750,0.4385240626675262,2501.8433469648953,109.24111111111111,23.029166666666665,186.42477416992188
S009,703,750,0.4444608299220273,2535.713464759124,109.24111111111111,23.029444444444444,192.69046020507812
S009,703,751,0.4464571696000812,2547.1028720163667,109.24138888888889,23.029444444444444,201.8096160888672
S009,702,751,0.45039759717652844,2569.5835825533522,109.24138888888889,23.029722222222222,194.8701934814453
S009,701,751,0.45633436443102954,2603.4537003475803,109.24138888888889,23.029999999999998,194.1124725341797
S009,701,752,0.45838372302173486,2615.145588187242,109.24166666666667,23.029999999999998,172.48233032226562
S009,700,752,0.46227113168553063,2637.3238181418087,109.24166666666667,23.030277777777776,155.07821655273438
S009,699,752,0.4682078989400318,2671.193935936037,109.24166666666667,23.030555555555555,146.75933837890625
S009,699,753,0.47031027644338846,2683.188304358117,109.24194444444446,23.030555555555555,147.1859130859375
S009,698,753,0.4741446661945329,2705.064053730265,109.24194444444446,23.030833333333334,150.22930908203125
S009,697,753,0.480081433449034,2738.9341715244936,109.24194444444446,23.03111111111111,154.8434295654297
S009,697,754,0.4822368298650421,2751.2310205289923,109.24222222222222,23.03111111111111,157.69549560546875
S009,696,754,0.48601820070353513,2772.804289318722,109.24222222222222,23.031388888888888,158.7278289794922
S009,695,754,0.4919549679580362,2806.67440711295,109.24222222222222,23.031666666666666,158.96871948242188
S009,695,755,0.49416338328669573,2819.273736699867,109.2425,23.031666666666666,158.47520446777344
S009,694,755,0.4978917352125374,2840.5445249071786,109.2425,23.031944444444445,156.3206329345703
S009,693,755,0.5038285024670385,2874.414642701407,109.2425,23.03222222222222,149.48812866210938
S009,693,756,0.5060899367083493,2887.3164528707425,109.24277777777779,23.03222222222222,148.17782592773438
S009,692,756,0.5097652697215396,2908.284760495635,109.24277777777779,23.0325,151.33242797851562
S009,691,756,0.5157020369760407,2942.154878289863,109.24277777777779,23.032777777777778,156.43264770507812
S009,691,757,0.5180164901300031,2955.359169041618,109.24305555555556,23.032777777777778,156.487548828125
S009,690,757,0.5216388042305419,2976.024996084092,109.24305555555556,23.033055555555556,154.0418243408203
S009,689,757,0.527575571485043,3009.8951138783204,109.24305555555556,23.03333333333333,151.58099365234375
S009,689,758,0.5299430435516567,3023.401885212493,109.24333333333334,23.03333333333333,152.3549346923828
S009,688,758,0.5335123387395441,3043.7652316725485,109.24333333333334,23.03361111111111,153.96136474609375
S009,687,758,0.5394491059940452,3077.6353494667765,109.24333333333334,23.03388888888889,159.47708129882812
S009,687,759,0.5418695969733103,3091.444601383368,109.24361111111112,23.03388888888889,159.2494354248047
S009,686,759,0.5453858732485463,3111.505467261005,109.24361111111112,23.034166666666668,156.0995635986328
S009,685,759,0.5513226405030475,3145.375585055234,109.24361111111112,23.034444444444443,151.9848175048828
S009,685,760,0.5537961503949639,3159.487317554243,109.24388888888889,23.034444444444443,152.05587768554688
S009,684,760,0.5572594077575486,3179.245702849462,109.24388888888889,23.03472222222222,152.12855529785156
S009,683,760,0.5631961750120497,3213.11582064369,109.24388888888889,23.035,152.16354370117188
S009,683,761,0.5657227038166176,3227.5300337251188,109.24416666666667,23.035,152.30174255371094
S009,682,761,0.5691329422665508,3246.9859384379183,109.24416666666667,23.035277777777775,152.87533569335938
S009,681,761,0.5750697095210519,3280.8560562321463,109.24416666666667,23.035555555555554,153.32350158691406
S009,681,762,0.5776492572382712,3295.5727498959936,109.24444444444445,23.035555555555554,154.4083251953125
S009,680,762,0.5810064767755531,3314.7261740263752,109.24444444444445,23.035833333333333,156.00479125976562
S009,679,762,0.5869432440300542,3348.5962918206033,109.24444444444445,23.03611111111111,156.384765625
S009,679,763,0.5895758106599248,3363.6154660668685,109.24472222222222,23.03611111111111,164.760986328125
S009,678,763,0.5928800112845553,3382.4664096148317,109.24472222222222,23.036388888888887,165.84815979003906
S009,677,763,0.5988167785390563,3416.3365274090597,109.24472222222222,23.036666666666665,159.29150390625
S009,677,764,0.6015023640815784,3431.6581822377434,109.245,23.036666666666665,162.85281372070312
S009,676,764,0.6047535457935574,3450.206645203288,109.245,23.036944444444444,155.18234252929688
S009,675,764,0.6106903130480585,3484.076762997516,109.245,23.037222222222223,155.9600067138672
S009,675,765,0.6134289175032321,3499.700898408619,109.24527777777779,23.037222222222223,156.00733947753906
S009,674,765,0.6166270803025597,3517.946880791745,109.24527777777779,23.037499999999998,155.74642944335938
S009,673,765,0.6225638475570608,3551.816998585973,109.24527777777779,23.037777777777777,155.90696716308594
S009,673,766,0.6253554709248857,3567.743614579494,109.24555555555555,23.037777777777777,158.21791076660156
S009,672,766,0.6285006148115619,3585.6871163802016,109.24555555555555,23.038055555555555,163.6779022216797
S009,671,766,0.634437382066063,3619.5572341744296,109.24555555555555,23.038333333333334,170.17237854003906
S009,671,767,0.6372820243465394,3635.7863307503694,109.24583333333334,23.038333333333334,178.6177520751953
S009,670,767,0.6403741493205641,3653.4273519686576,109.24583333333334,23.03861111111111,201.65313720703125
S009,669,767,0.6463109165750653,3687.2974697628865,109.24583333333334,23.038888888888888,213.51339721679688
S009,669,768,0.649208577768193,3703.8290469212443,109.24611111111112,23.038888888888888,224.3541717529297
S009,668,768,0.6522476838295664,3721.1675875571145,109.24611111111112,23.039166666666667,224.62107849121094
S009,667,768,0.6581844510840675,3755.037705351343,109.24611111111112,23.039444444444445,224.7399139404297
S009,667,769,0.6611351311898467,3771.87176309212,109.24638888888889,23.039444444444445,207.8146209716797
S009,666,769,0.6641212183385686,3788.907823145571,109.24638888888889,23.03972222222222,217.05551147460938
S009,665,769,0.6700579855930697,3822.7779409397995,109.24638888888889,23.04,214.5608367919922
S009,665,770,0.6730616846115003,3839.914479262995,109.24666666666667,23.04,202.6996612548828
S009,664,770,0.6759947528475709,3856.648058734028,109.24666666666667,23.040277777777778,216.65199279785156
S009,663,770,0.681931520102072,3890.5181765282564,109.24666666666667,23.040555555555553,229.42453002929688
S009,663,771,0.6849882380331539,3907.95719543387,109.24694444444445,23.040555555555553,220.0437469482422
S009,662,771,0.6878682873565731,3924.3882943224844,109.24694444444445,23.04083333333333,230.04458618164062
S009,661,771,0.6938050546110742,3958.258412116713,109.24694444444445,23.04111111111111,225.52908325195312
S009,661,772,0.6969147914548075,3975.9999116047447,109.24722222222223,23.04111111111111,208.26158142089844
S009,660,772,0.6997418218655753,3992.128529910941,109.24722222222223,23.04138888888889,218.34950256347656
S009,659,772,0.7056785891200765,4025.99864770517,109.24722222222223,23.041666666666664,231.4035186767578
S009,659,773,0.7088413448764611,4044.04262777562,109.2475,23.041666666666664,218.21548461914062
S009,658,773,0.7116153563745776,4059.868765499398,109.2475,23.041944444444443,219.7036895751953
S009,657,773,0.7175521236290787,4093.7388832936263,109.2475,23.04222222222222,214.68722534179688
S009,657,774,0.7207678982981148,4112.085343946495,109.24777777777778,23.04222222222222,204.37002563476562
S009,656,774,0.7234888908835798,4127.609001087854,109.24777777777778,23.0425,202.1669464111328
S009,655,774,0.7294256581380809,4161.479118882083,109.24777777777778,23.042777777777776,192.97727966308594
S009,655,775,0.7326944517197684,4180.12806011737,109.24805555555557,23.042777777777776,199.68975830078125
S009,654,775,0.7353624253925821,4195.349236676311,109.24805555555557,23.043055555555554,188.92752075195312
S009,653,775,0.7412991926470832,4229.21935447054,109.24805555555557,23.043333333333333,176.14682006835938
S009,653,776,0.744621005141422,4248.170776288245,109.24833333333333,23.043333333333333,182.47979736328125
S009,652,776,0.7472359599015843,4263.089472264768,109.24833333333333,23.04361111111111,178.6287384033203
S009,651,776,0.7531727271560854,4296.959590058996,109.24833333333333,23.043888888888887,188.66017150878906
S009,651,777,0.7565475585630757,4316.213492459121,109.24861111111112,23.043888888888887,199.95608520507812
S009,650,777,0.7591094944105865,4330.829707853224,109.24861111111112,23.044166666666666,209.20741271972656
S009,649,777,0.7650462616650877,4364.699825647453,109.24861111111112,23.044444444444444,216.74630737304688
S009,649,778,0.7684741119847294,4384.256208629996,109.2488888888889,23.044444444444444,215.89820861816406
S009,648,778,0.7709830289195888,4398.569943441681,109.2488888888889,23.044722222222223,205.23951721191406
S009,647,778,0.7769197961740899,4432.4400612359095,109.2488888888889,23.044999999999998,187.467529296875
S009,647,779,0.780400665406383,4452.298924800872,109.24916666666667,23.044999999999998,182.01150512695312
S009,646,779,0.782856563428591,4466.310179030137,109.24916666666667,23.045277777777777,181.78652954101562
S009,645,779,0.7887933306830921,4500.1802968243655,109.24916666666667,23.045555555555556,177.69869995117188
S009,645,780,0.7923272188280366,4520.3416409717465,109.24944444444445,23.045555555555556,178.81475830078125
S009,644,780,0.7947300979375932,4534.050414618594,109.24944444444445,23.045833333333334,168.0017852783203
S009,643,780,0.8006668651920944,4567.9205324128225,109.24944444444445,23.04611111111111,158.55328369140625
S009,643,781,0.8042537722496902,4588.384357142621,109.24972222222223,23.04611111111111,161.0406494140625
S009,642,781,0.8066036324465955,4601.790650207051,109.24972222222223,23.046388888888888,161.4354705810547
S009,641,781,0.8125403997010966,4635.660768001279,109.24972222222223,23.046666666666667,164.40695190429688
S009,641,782,0.8161803256713439,4656.427073313497,109.25,23.046666666666667,162.48902893066406
S009,640,782,0.8184771669555977,4669.530885795507,109.25,23.046944444444442,166.73822021484375
S009,639,782,0.8244139342100988,4703.401003589735,109.25,23.04722222222222,172.3350067138672
S009,639,783,0.8281068790929975,4724.469789484372,109.25027777777778,23.04722222222222,166.1001739501953
S009,638,783,0.8303507014646,4737.271121383964,109.25027777777778,23.0475,166.13682556152344
S009,637,783,0.8362874687191011,4771.141239178192,109.25027777777778,23.047777777777778,178.3858642578125
S009,637,784,0.8400334325146511,4792.512505655247,109.25055555555556,23.047777777777778,187.46011352539062
S009,636,784,0.8422242359736022,4805.011356972421,109.25055555555556,23.048055555555553,212.9812774658203
S009,635,784,0.8481610032281033,4838.881474766648,109.25055555555556,23.048333333333332,230.8697967529297
S009,635,785,0.8519599859363047,4860.555221826122,109.25083333333333,23.048333333333332,232.99734497070312
S009,634,785,0.8540977704826044,4872.751592560877,109.25083333333333,23.04861111111111,242.522705078125
S009,633,785,0.8600345377371056,4906.621710355106,109.25083333333333,23.04888888888889,243.22891235351562
S009,633,786,0.8638865393579584,4928.597937996998,109.25111111111111,23.04888888888889,242.40199279785156
S009,632,786,0.8659713049916067,4940.491828149334,109.25111111111111,23.049166666666665,241.2812957763672
S009,631,786,0.8719080722461078,4974.361945943562,109.25111111111111,23.049444444444443,229.93692016601562
S009,631,787,0.8758130927796121,4996.6406541678725,109.2513888888889,23.049444444444443,242.39755249023438
S009,630,787,0.8778448395006089,5008.232063737791,109.2513888888889,23.049722222222222,237.49899291992188
S009,629,787,0.88378160675511,5042.102181532018,109.2513888888889,23.05,227.64735412597656
S009,629,788,0.8877396462012657,5064.683370338747,109.25166666666667,23.05,224.38710021972656
S009,628,788,0.8897183740096112,5075.972299326248,109.25166666666667,23.050277777777776,212.6951904296875
S009,627,788,0.8956551412641123,5109.842417120475,109.25166666666667,23.050555555555555,198.23138427734375
S009,627,789,0.8996661996229193,5132.726086509622,109.25194444444445,23.050555555555555,212.0606689453125
S009,626,789,0.9015919085186134,5143.712534914704,109.25194444444445,23.050833333333333,212.03387451171875
S009,625,789,0.9075286757731145,5177.582652708932,109.25194444444445,23.051111111111112,213.1594696044922
S009,625,790,0.911592753044573,5200.768802680498,109.25222222222223,23.051111111111112,227.03721618652344
S009,624,790,0.9134654430276156,5211.4527705031605,109.25222222222223,23.051388888888887,218.47251892089844
S009,623,790,0.9194022102821168,5245.322888297389,109.25222222222223,23.051666666666666,209.84019470214844
S009,623,791,0.9235193064662266,5268.811518851373,109.25250000000001,23.051666666666666,222.34872436523438
S009,622,791,0.9253389775366179,5279.1930060916175,109.25250000000001,23.051944444444445,216.2017364501953
S009,621,791,0.931275744791119,5313.063123885845,109.25250000000001,23.05222222222222,210.49903869628906
S009,621,792,0.9354458598878802,5336.854235022248,109.25277777777778,23.05222222222222,217.86859130859375
S009,620,792,0.9372125120456201,5346.9332416800735,109.25277777777778,23.0525,204.22560119628906
S009,619,792,0.9431492793001212,5380.803359474302,109.25277777777778,23.052777777777777,198.4345245361328
S009,619,793,0.9473724133095338,5404.896951193123,109.25305555555556,23.052777777777777,196.85679626464844
S009,618,793,0.9490860465546224,5414.67347726853,109.25305555555556,23.053055555555556,185.3640594482422
S009,617,793,0.9550228138091235,5448.543595062759,109.25305555555556,23.05333333333333,167.10543823242188
S009,617,794,0.9592989667311875,5472.9396673639985,109.25333333333334,23.05333333333333,168.3866729736328
S009,616,794,0.9609595810636246,5482.413712856987,109.25333333333334,23.05361111111111,169.70835876464844
S009,615,794,0.9668963483181257,5516.283830651215,109.25333333333334,23.05388888888889,171.25088500976562
S009,615,795,0.9712255201528411,5540.982383534873,109.25361111111111,23.05388888888889,171.50436401367188
S009,614,795,0.9728331155726267,5550.153948445443,109.25361111111111,23.054166666666667,164.69082641601562
S009,613,795,0.9787698828271278,5584.024066239672,109.25361111111111,23.054444444444442,165.89920043945312
S009,613,796,0.9831520735744947,5609.025099705749,109.2538888888889,23.054444444444442,168.01170349121094
S009,612,796,0.984706650081629,5617.8941840339,109.2538888888889,23.05472222222222,169.64694213867188
S009,611,796,0.9906434173361301,5651.764301828129,109.2538888888889,23.055,175.34385681152344
S009,611,797,0.9950786269961484,5677.067815876624,109.25416666666668,23.055,181.16195678710938
S009,610,797,0.9965801845906312,5685.634419622356,109.25416666666668,23.05527777777778,189.4370880126953
S010,778,713,0.0,0.0,109.23083333333334,23.00861111111111,128.7255401611328
S010,778,714,0.002668481243912745,12.767334773209056,109.23111111111112,23.00861111111111,129.26283264160156
S010,778,715,0.008818756075094296,42.193293039192746,109.2313888888889,23.00861111111111,129.6593780517578
S010,778,716,0.014969030906275847,71.61925130517643,109.23166666666667,23.00861111111111,130.7870330810547
S010,778,717,0.0211193057374574,101.04520957116013,109.23194444444445,23.00861111111111,130.97445678710938
S010,777,717,0.022081642396733644,105.6495043630156,109.23194444444445,23.008888888888887,141.4391632080078
S010,777,718,0.02726958056863895,130.4711678371438,109.23222222222223,23.008888888888887,136.89614868164062
S010,777,719,0.0334198553998205,159.8971261031275,109.2325,23.008888888888887,132.49862670898438
S010,777,720,0.03957013023100205,189.3230843691112,109.23277777777778,23.008888888888887,139.00277709960938
S010,777,721,0.045720405062183604,218.7490426350949,109.23305555555557,23.008888888888887,150.30274963378906
S010,776,721,0.047585964869295824,227.67480392765725,109.23305555555557,23.009166666666665,139.53724670410156
S010,776,722,0.051870679893365156,248.1750009010786,109.23333333333333,23.009166666666665,145.0338897705078
S010,776,723,0.05802095472454671,277.6009591670623,109.23361111111112,23.009166666666665,147.27359008789062
S010,776,724,0.06417122955572827,307.026917433046,109.2338888888889,23.009166666666665,156.08363342285156
S010,776,725,0.07032150438690982,336.4528756990297,109.23416666666667,23.009166666666665,161.7819061279297
S010,775,725,0.073090287341858,349.7001034922989,109.23416666666667,23.009444444444444,173.83717346191406
S010,775,726,0.07647177921809137,365.87883396501337,109.23444444444445,23.009444444444444,178.259521484375
S010,775,727,0.08262205404927292,395.30479223099707,109.23472222222223,23.009444444444444,186.8094940185547
S010,775,728,0.08877232888045447,424.73075049698076,109.235,23.009444444444444,196.3131561279297
S010,775,729,0.09492260371163602,454.15670876296446,109.23527777777778,23.009444444444444,204.68081665039062
S010,774,729,0.09859460981442017,471.7254030569405,109.23527777777778,23.009722222222223,214.19642639160156
S010,774,730,0.10107287854281757,483.58266702894815,109.23555555555556,23.009722222222223,223.5308074951172
S010,774,731,0.10722315337399912,513.0086252949318,109.23583333333333,23.009722222222223,224.35464477539062
S010,774,732,0.11337342820518068,542.4345835609155,109.23611111111111,23.009722222222223,229.0069122314453
S010,774,733,0.11952370303636223,571.8605418268992,109.2363888888889,23.009722222222223,240.1845703125
S010,773,733,0.12409893228698235,593.7507026215821,109.2363888888889,23.009999999999998,240.85340881347656
S010,773,734,0.12567397786754378,601.2865000928829,109.23666666666668,23.009999999999998,242.675048828125
S010,773,735,0.13182425269872533,630.7124583588666,109.23694444444445,23.009999999999998,237.54945373535156
S010,773,736,0.13797452752990688,660.1384166248503,109.23722222222223,23.009999999999998,220.5750732421875
S010,773,737,0.14412480236108843,689.564374890834,109.23750000000001,23.009999999999998,203.77952575683594
S010,772,737,0.14960325475954453,715.7760021862238,109.23750000000001,23.010277777777777,196.00819396972656
S010,772,738,0.15027507719226998,718.9903331568177,109.23777777777778,23.010277777777777,192.3236083984375
S010,772,739,0.15642535202345154,748.4162914228014,109.23805555555556,23.010277777777777,208.33335876464844
S010,772,740,0.1625756268546331,777.842249688785,109.23833333333334,23.010277777777777,215.4399871826172
S010,772,741,0.16872590168581464,807.2682079547687,109.23861111111111,23.010277777777777,217.44505310058594
S010,772,742,0.1748761765169962,836.6941662207524,109.2388888888889,23.010277777777777,225.23260498046875
S010,771,742,0.1751075772321067,837.8013017508655,109.2388888888889,23.010555555555555,214.73878479003906
S010,771,743,0.18102645134817774,866.1201244867361,109.23916666666668,23.010555555555555,213.4800567626953
S010,771,744,0.1871767261793593,895.5460827527198,109.23944444444444,23.010555555555555,204.58241271972656
S010,771,745,0.19332700101054084,924.9720410187035,109.23972222222223,23.010555555555555,190.66567993164062
S010,771,746,0.1994772758417224,954.3979992846872,109.24000000000001,23.010555555555555,186.72140502929688
S010,770,746,0.2006118997046689,959.8266013155071,109.24000000000001,23.010833333333334,187.84396362304688
S010,770,747,0.20562755067290395,983.8239575506709,109.24027777777778,23.010833333333334,198.16453552246094
S010,770,748,0.2117778255040855,1013.2499158166546,109.24055555555556,23.010833333333334,204.8264923095703
S010,770,749,0.21792810033526705,1042.6758740826383,109.24083333333334,23.010833333333334,208.85992431640625
S010,770,750,0.2240783751664486,1072.1018323486219,109.24111111111111,23.010833333333334,213.13809204101562
S010,769,750,0.22611622217723107,1081.8519008801488,109.24111111111111,23.01111111111111,222.9669647216797
S010,769,751,0.23022864999763015,1101.5277906146057,109.24138888888889,23.01111111111111,231.89132690429688
S010,769,752,0.2363789248288117,1130.9537488805893,109.24166666666667,23.01111111111111,236.26956176757812
S010,769,753,0.24252919965999326,1160.379707146573,109.24194444444446,23.01111111111111,240.9746856689453
S010,769,754,0.2486794744911748,1189.8056654125567,109.24222222222222,23.01111111111111,246.3290557861328
S010,768,754,0.2516205446497932,1203.8772004447903,109.24222222222222,23.011388888888888,260.7400207519531
S010,768,755,0.25482974932235636,1219.2316236785405,109.2425,23.011388888888888,261.96783447265625
S010,768,756,0.2609800241535379,1248.657581944524,109.24277777777779,23.011388888888888,261.2598876953125
S010,768,757,0.26713029898471946,1278.0835402105079,109.24305555555556,23.011388888888888,249.69529724121094
S010,768,758,0.273280573815901,1307.5094984764914,109.24333333333334,23.011388888888888,230.45912170410156
S010,767,758,0.2771248671223554,1325.902500009432,109.24333333333334,23.011666666666667,223.6324462890625
S010,767,759,0.27943084864708256,1336.9354567424753,109.24361111111112,23.011666666666667,210.12399291992188
S010,767,760,0.2855811234782641,1366.3614150084588,109.24388888888889,23.011666666666667,197.39341735839844
S010,767,761,0.29173139830944567,1395.7873732744426,109.24416666666667,23.011666666666667,195.91891479492188
S010,767,762,0.2978816731406272,1425.2133315404262,109.24444444444445,23.011666666666667,197.3807373046875
S010,766,762,0.3026291895949176,1447.9277995740736,109.24444444444445,23.011944444444445,209.9900360107422
S010,766,763,0.30403194797180877,1454.63928980641,109.24472222222222,23.011944444444445,223.7550048828125
S010,766,764,0.3101822228029903,1484.0652480723936,109.245,23.011944444444445,238.73428344726562
S010,766,765,0.31633249763417187,1513.4912063383774,109.24527777777779,23.011944444444445,245.55807495117188
S010,766,766,0.3224827724653534,1542.917164604361,109.24555555555555,23.011944444444445,254.3456573486328
S010,765,766,0.32813351206747976,1569.9530991387153,109.24555555555555,23.01222222222222,255.3411407470703
S010,765,767,0.328633047296535,1572.3431228703448,109.24583333333334,23.01222222222222,264.3828125
S010,765,768,0.3347833221277165,1601.7690811363284,109.24611111111112,23.01222222222222,280.3984375
S010,765,769,0.3409335969588981,1631.1950394023122,109.24638888888889,23.01222222222222,298.1341552734375
S010,765,770,0.3470838717900796,1660.6209976682958,109.24666666666667,23.01222222222222,308.8465881347656
S010,765,771,0.3532341466212612,1690.0469559342796,109.24694444444445,23.01222222222222,314.12994384765625
S010,764,771,0.35363783454004194,1691.978398703357,109.24694444444445,23.0125,320.2543640136719
S010,764,772,0.3593844214524427,1719.4729142002632,109.24722222222223,23.0125,325.3608703613281
S010,764,773,0.3655346962836243,1748.898872466247,109.2475,23.0125,326.8221130371094
S010,764,774,0.3716849711148058,1778.3248307322303,109.24777777777778,23.0125,328.4038391113281
S010,764,775,0.3778352459459874,1807.7507889982144,109.24805555555557,23.0125,328.80126953125
S010,763,775,0.3791421570126041,1814.0036982679985,109.24805555555557,23.012777777777778,339.6867370605469
S010,763,776,0.3839855207771689,1837.1767472641977,109.24833333333333,23.012777777777778,338.0235595703125
S010,763,777,0.3901357956083505,1866.6027055301818,109.24861111111112,23.012777777777778,332.8406982421875
S010,763,778,0.396286070439532,1896.0286637961651,109.2488888888889,23.012777777777778,324.2035217285156
S010,763,779,0.4024363452707136,1925.454622062149,109.24916666666667,23.012777777777778,319.4271240234375
S010,762,779,0.4046464794851663,1936.0289978326402,109.24916666666667,23.013055555555553,334.19683837890625
S010,762,780,0.4085866201018951,1954.8805803281325,109.24944444444445,23.013055555555553,332.71722412109375
S010,762,781,0.4147368949330767,1984.3065385941163,109.24972222222223,23.013055555555553,322.64837646484375
S010,762,782,0.4208871697642582,2013.7324968601,109.25,23.013055555555553,306.52691650390625
S010,762,783,0.4270374445954398,2043.1584551260837,109.25027777777778,23.013055555555553,303.7901306152344
S010,761,783,0.4301508019577285,2058.054297397282,109.25027777777778,23.013333333333332,287.0643005371094
S010,761,784,0.4331877194266213,2072.5844133920673,109.25055555555556,23.013333333333332,297.82373046875
S010,761,785,0.4393379942578029,2102.010371658051,109.25083333333333,23.013333333333332,307.01007080078125
S010,761,786,0.4454882690889844,2131.436329924035,109.25111111111111,23.013333333333332,310.64453125
S010,761,787,0.451638543920166,2160.8622881900187,109.2513888888889,23.013333333333332,308.7034912109375
S010,760,787,0.45565512443029066,2180.0795969619235,109.2513888888889,23.01361111111111,307.7069396972656
S010,760,788,0.4577888187513475,2190.288246456002,109.25166666666667,23.01361111111111,321.4677429199219
S010,760,789,0.4639390935825291,2219.714204721986,109.25194444444445,23.01361111111111,334.382080078125
S010,760,790,0.47008936841371063,2249.1401629879697,109.25222222222223,23.01361111111111,342.460205078125
S010,760,791,0.4762396432448922,2278.5661212539535,109.25250000000001,23.01361111111111,350.1064758300781
S010,759,791,0.48115944690285284,2302.1048965265654,109.25250000000001,23.01388888888889,354.7733459472656
S010,759,792,0.48238991807607373,2307.992079519937,109.25277777777778,23.01388888888889,355.9044494628906
S010,759,793,0.4885401929072553,2337.4180377859207,109.25305555555556,23.01388888888889,348.4651794433594
S010,759,794,0.49469046773843683,2366.8439960519045,109.25333333333334,23.01388888888889,333.7569885253906
S010,759,795,0.5008407425696184,2396.2699543178883,109.25361111111111,23.01388888888889,319.47662353515625
S010,758,795,0.506663769375415,2424.130196091207,109.25361111111111,23.014166666666664,313.4781799316406
S010,758,796,0.5069910174008,2425.695912583872,109.2538888888889,23.014166666666664,306.4256896972656
S010,758,797,0.5131412922319815,2455.1218708498554,109.25416666666668,23.014166666666664,304.7427062988281
S010,758,798,0.519291567063163,2484.5478291158392,109.25444444444445,23.014166666666664,302.42340087890625
S010,758,799,0.5254418418943446,2513.973787381823,109.25472222222223,23.014166666666664,293.47991943359375
S010,758,800,0.5315921167255262,2543.399745647807,109.25500000000001,23.014166666666664,295.0419921875
S010,757,800,0.5321680918479772,2546.1554956558484,109.25500000000001,23.014444444444443,299.6820068359375
S010,757,801,0.5377423915567077,2572.8257039137898,109.25527777777778,23.014444444444443,318.1925354003906
S010,757,802,0.5438926663878892,2602.251662179774,109.25555555555556,23.014444444444443,330.46905517578125
S010,757,803,0.5500429412190708,2631.677620445758,109.25583333333334,23.014444444444443,330.93646240234375
S010,757,804,0.5561932160502524,2661.1035787117416,109.25611111111111,23.014444444444443,322.35662841796875
S010,756,804,0.5576724143205394,2668.1807952204904,109.25611111111111,23.014722222222222,326.9499816894531
S010,756,805,0.5623434908814339,2690.5295369777245,109.25638888888889,23.014722222222222,315.12548828125
S010,756,806,0.5684937657126155,2719.9554952437084,109.25666666666667,23.014722222222222,299.54705810546875
S010,756,807,0.574644040543797,2749.3814535096926,109.25694444444444,23.014722222222222,283.47308349609375
S010,756,808,0.5807943153749786,2778.8074117756764,109.25722222222223,23.014722222222222,289.53778076171875
S010,755,808,0.5831767367931016,2790.206094785132,109.25722222222223,23.015,287.6104431152344
S010,755,809,0.5869445902061601,2808.2333700416593,109.25750000000001,23.015,290.3079528808594
S010,755,810,0.5930948650373417,2837.659328307643,109.25777777777779,23.015,291.7734375
S010,755,811,0.5992451398685232,2867.085286573627,109.25805555555556,23.015,293.1517028808594
S010,755,812,0.6053954146997048,2896.511244839611,109.25833333333334,23.015,291.8612060546875
S010,754,812,0.6086810592656637,2912.2313943497734,109.25833333333334,23.015277777777776,299.9115295410156
S010,754,813,0.6115456895308863,2925.937203105594,109.25861111111112,23.015277777777776,296.5780334472656
S010,754,814,0.6176959643620679,2955.363161371578,109.25888888888889,23.015277777777776,290.79742431640625
S010,754,815,0.6238462391932494,2984.7891196375617,109.25916666666667,23.015277777777776,301.3692626953125
S010,754,816,0.629996514024431,3014.2150779035455,109.25944444444445,23.015277777777776,318.0804748535156
S010,753,816,0.6341853817382259,3034.2566939144153,109.25944444444445,23.015555555555554,310.988037109375
S010,753,817,0.6361467888556125,3043.641036169529,109.25972222222222,23.015555555555554,315.5020751953125
S010,753,818,0.6422970636867941,3073.0669944355127,109.26,23.015555555555554,311.6385192871094
S010,753,819,0.6484473385179756,3102.4929527014965,109.26027777777779,23.015555555555554,315.4277038574219
S010,753,820,0.6545976133491572,3131.9189109674803,109.26055555555556,23.015555555555554,318.7570495605469
S010,752,820,0.6596897042107881,3156.281993479057,109.26055555555556,23.015833333333333,299.3463134765625
S010,752,821,0.6607478881803388,3161.344869233464,109.26083333333334,23.015833333333333,302.1263427734375
S010,752,822,0.6668981630115203,3190.7708274994475,109.26111111111112,23.015833333333333,307.6109619140625
S010,752,823,0.6730484378427019,3220.1967857654313,109.26138888888889,23.015833333333333,321.14459228515625
S010,752,824,0.6791987126738834,3249.622744031415,109.26166666666667,23.015833333333333,342.51495361328125
S010,751,824,0.6851940266833503,3278.3072930436983,109.26166666666667,23.016111111111112,339.2012023925781
S010,751,825,0.685348987505065,3279.048702297399,109.26194444444445,23.016111111111112,349.7723083496094
S010,751,826,0.6914992623362465,3308.4746605633823,109.26222222222222,23.016111111111112,350.73883056640625
S010,751,827,0.6976495371674281,3337.900618829366,109.2625,23.016111111111112,348.7284240722656
S010,751,828,0.7037998119986096,3367.32657709535,109.26277777777779,23.016111111111112,345.2633972167969
S010,751,829,0.7099500868297912,3396.7525353613337,109.26305555555557,23.016111111111112,337.8037414550781
S010,750,829,0.7106983491559125,3400.3325926083403,109.26305555555557,23.016388888888887,326.0931701660156
S010,750,830,0.7161003616609727,3426.178493627317,109.26333333333334,23.016388888888887,340.0522766113281
S010,750,831,0.7222506364921543,3455.604451893301,109.26361111111112,23.016388888888887,356.9182434082031
S010,750,832,0.7284009113233358,3485.0304101592847,109.2638888888889,23.016388888888887,369.86346435546875
S010,750,833,0.7345511861545174,3514.4563684252685,109.26416666666667,23.016388888888887,372.2313232421875
S010,749,833,0.7362026716284746,3522.357892172982,109.26416666666667,23.016666666666666,369.91558837890625
S010,749,834,0.7407014609856989,3543.882326691252,109.26444444444445,23.016666666666666,357.4199523925781
S010,749,835,0.7468517358168805,3573.3082849572356,109.26472222222223,23.016666666666666,354.4152526855469
S010,749,836,0.753002010648062,3602.7342432232194,109.265,23.016666666666666,368.26190185546875
S010,749,837,0.7591522854792436,3632.1602014892032,109.26527777777778,23.016666666666666,371.2227478027344
S010,748,837,0.7617069941010368,3644.3831917376233,109.26527777777778,23.016944444444444,367.3927917480469
S010,748,838,0.7653025603104251,3661.5861597551866,109.26555555555557,23.016944444444444,369.4041748046875
S010,748,839,0.7714528351416067,3691.0121180211704,109.26583333333333,23.016944444444444,364.29034423828125
S010,748,840,0.7776031099727883,3720.438076287154,109.26611111111112,23.016944444444444,347.9423828125
S010,748,841,0.7837533848039698,3749.864034553138,109.2663888888889,23.016944444444444,335.3065185546875
S010,747,841,0.787211316573599,3766.4084913022652,109.2663888888889,23.017222222222223,329.44964599609375
S010,747,842,0.7899036596351513,3779.2899928191214,109.26666666666667,23.017222222222223,328.87982177734375
S010,747,843,0.7960539344663329,3808.715951085105,109.26694444444445,23.017222222222223,332.0450744628906
S010,747,844,0.8022042092975145,3838.141909351089,109.26722222222223,23.017222222222223,331.4789123535156
S010,747,845,0.808354484128696,3867.567867617073,109.2675,23.017222222222223,327.4062194824219
S010,746,845,0.8127156390461612,3888.4337908669067,109.2675,23.0175,328.7884826660156
S010,746,846,0.8145047589598775,3896.993825883056,109.26777777777778,23.0175,332.4767761230469
S010,746,847,0.8206550337910591,3926.41978414904,109.26805555555556,23.0175,343.21368408203125
S010,746,848,0.8268053086222407,3955.845742415024,109.26833333333335,23.0175,360.2828063964844
S010,746,849,0.8329555834534222,3985.2717006810076,109.26861111111111,23.0175,373.5824890136719
S010,745,849,0.8382199615187234,4010.4590904315482,109.26861111111111,23.017777777777777,374.73052978515625
S010,745,850,0.8391058582846037,4014.697658946991,109.2688888888889,23.017777777777777,385.63653564453125
S010,745,851,0.8452561331157853,4044.1236172129748,109.26916666666668,23.017777777777777,378.4324951171875
S010,745,852,0.8514064079469669,4073.5495754789586,109.26944444444445,23.017777777777777,360.6341857910156
S010,745,853,0.8575566827781484,4102.975533744942,109.26972222222223,23.017777777777777,346.4875183105469
S010,745,854,0.8637069576093299,4132.401492010926,109.27000000000001,23.017777777777777,337.8852233886719
S010,744,854,0.8637242839912855,4132.48438999619,109.27000000000001,23.018055555555556,346.4356994628906
S010,744,855,0.8698572324405115,4161.82745027691,109.27027777777778,23.018055555555556,340.3582458496094
S010,744,856,0.8760075072716931,4191.253408542893,109.27055555555556,23.018055555555556,350.5947265625
S010,744,857,0.8821577821028747,4220.679366808878,109.27083333333334,23.018055555555556,370.05291748046875
S010,744,858,0.8883080569340561,4250.105325074861,109.27111111111111,23.018055555555556,382.5758972167969
S010,743,858,0.8892286064638477,4254.509689560831,109.27111111111111,23.01833333333333,379.7716064453125
S010,743,859,0.8944583317652377,4279.531283340844,109.2713888888889,23.01833333333333,383.4050598144531
S010,743,860,0.9006086065964193,4308.957241606829,109.27166666666668,23.01833333333333,373.84619140625
S010,743,861,0.9067588814276009,4338.383199872812,109.27194444444444,23.01833333333333,359.3324279785156
S010,743,862,0.9129091562587823,4367.809158138795,109.27222222222223,23.01833333333333,346.0876159667969
S010,742,862,0.9147329289364099,4376.534989125474,109.27222222222223,23.01861111111111,346.1986083984375
S010,742,863,0.9190594310899639,4397.23511640478,109.27250000000001,23.01861111111111,348.6914978027344
S010,742,864,0.9252097059211455,4426.661074670763,109.27277777777778,23.01861111111111,354.6838684082031
S010,742,865,0.9313599807523271,4456.087032936747,109.27305555555556,23.01861111111111,353.20245361328125
S010,742,866,0.9375102555835085,4485.5129912027305,109.27333333333334,23.01861111111111,347.15655517578125
S010,741,866,0.9402372514089721,4498.560288690115,109.27333333333334,23.01888888888889,345.3644104003906
S010,741,867,0.9436605304146901,4514.938949468714,109.27361111111112,23.01888888888889,330.88128662109375
S010,741,868,0.9498108052458717,4544.364907734698,109.27388888888889,23.01888888888889,324.56500244140625
S010,741,869,0.9559610800770533,4573.7908660006815,109.27416666666667,23.01888888888889,331.86175537109375
S010,741,870,0.9621113549082347,4603.216824266665,109.27444444444446,23.01888888888889,330.20367431640625
S010,740,870,0.9657415738815343,4620.585588254757,109.27444444444446,23.019166666666667,334.3668212890625
S010,740,871,0.9682616297394163,4632.642782532649,109.27472222222222,23.019166666666667,325.05694580078125
S010,740,872,0.9744119045705979,4662.0687407986325,109.275,23.019166666666667,324.156982421875
S010,740,873,0.9805621794017795,4691.494699064617,109.27527777777779,23.019166666666667,324.3236999511719
S010,740,874,0.986712454232961,4720.920657330599,109.27555555555556,23.019166666666667,321.04888916015625
S010,739,874,0.9912458963540964,4742.610887819398,109.27555555555556,23.019444444444442,329.63592529296875
S010,739,875,0.9928627290641425,4750.346615596583,109.27583333333334,23.019444444444442,324.4798278808594
S010,739,876,0.9990130038953241,4779.772573862568,109.27611111111112,23.019444444444442,321.5816650390625
S011,778,713,0.0,0.0,109.23083333333334,23.00861111111111,128.7255401611328
S011,777,713,0.0102718078381739,28.84399891343349,109.23083333333334,23.008888888888887,130.80474853515625
S011,777,712,0.014953790430707988,41.991353589392475,109.23055555555555,23.008888888888887,129.57713317871094
S011,776,712,0.022135757755220413,62.158850973317364,109.23055555555555,23.009166666666665,133.20738220214844
S011,775,712,0.03399970767226693,95.47370303320123,109.23055555555555,23.009444444444444,133.5510711669922
S011,775,711,0.04136831461532229,116.16529832075406,109.23027777777779,23.009444444444444,133.19796752929688
S011,774,711,0.04586365758931344,128.7885550930851,109.23027777777779,23.009722222222223,133.52427673339844
S011,773,711,0.057727607506359954,162.10340715296897,109.23027777777779,23.009999999999998,133.4326629638672
S011,773,710,0.06778283879993659,190.33924305211565,109.23,23.009999999999998,127.3309326171875
S011,772,710,0.06959155742340646,195.41825921285283,109.23,23.010277777777777,127.28250122070312
S011,771,710,0.08145550734045298,228.7331112727367,109.23,23.010555555555555,130.66067504882812
S011,770,710,0.09331945725749949,262.04796333262055,109.23,23.010833333333334,133.42791748046875
S011,770,709,0.09419736298455089,264.51318778347724,109.22972222222222,23.010833333333334,136.49490356445312
S011,769,709,0.10518340717454601,295.36281539250444,109.22972222222222,23.01111111111111,132.38890075683594
S011,768,709,0.11704735709159252,328.6776674523883,109.22972222222222,23.011388888888888,134.79196166992188
S011,768,708,0.1206118871691652,338.6871325148388,109.22944444444445,23.011388888888888,143.6562957763672
S011,767,708,0.12891130700863904,361.99251951227217,109.22944444444445,23.011666666666667,155.7956085205078
S011,766,708,0.14077525692568554,395.30737157215606,109.22944444444445,23.011944444444445,169.6597900390625
S011,766,707,0.1470264113537795,412.86107724620047,109.22916666666667,23.011944444444445,176.92347717285156
S011,765,707,0.15263920684273205,428.6222236320399,109.22916666666667,23.01222222222222,181.9468536376953
S011,764,707,0.16450315675977858,461.93707569192384,109.22916666666667,23.0125,168.77951049804688
S011,764,706,0.1734409355383938,487.035021977562,109.22888888888889,23.0125,171.74655151367188
S011,763,706,0.1763671066768251,495.25192775180767,109.22888888888889,23.012777777777778,153.16891479492188
S011,762,706,0.1882310565938716,528.5667798116915,109.22888888888889,23.013055555555553,139.50914001464844
S011,762,705,0.1998554597230081,561.2089667089236,109.22861111111112,23.013055555555553,145.885986328125
S011,761,705,0.2000950065109181,561.8816318715753,109.22861111111112,23.013333333333332,132.5202178955078
S011,760,705,0.21195895642796464,595.1964839314593,109.22861111111112,23.01361111111111,132.06593322753906
S011,759,705,0.22382290634501115,628.5113359913431,109.22861111111112,23.01388888888889,133.7986602783203
S011,759,704,0.2262699839076224,635.3829114402852,109.22833333333334,23.01388888888889,140.94410705566406
S011,758,704,0.23568685626205765,661.826188051227,109.22833333333334,23.014166666666664,140.9303741455078
S011,757,704,0.24755080617910416,695.1410401111108,109.22833333333334,23.014444444444443,143.26170349121094
S011,757,703,0.2526845080922367,709.5568561716468,109.22805555555556,23.014444444444443,158.60874938964844
S011,756,703,0.25941475609615067,728.4558921709947,109.22805555555556,23.014722222222222,150.92898559570312
S011,755,703,0.2712787060131972,761.7707442308786,109.22805555555556,23.015,136.66421508789062
S011,755,702,0.279099032276851,783.7308009030085,109.22777777777779,23.015,136.8118896484375
S011,754,702,0.28314265593024374,795.0855962907625,109.22777777777779,23.015277777777776,140.6468505859375
S011,753,702,0.2950066058472902,828.4004483506463,109.22777777777779,23.015555555555554,155.78802490234375
S011,753,701,0.30551355646146533,857.9047456343701,109.2275,23.015555555555554,147.09664916992188
S011,752,701,0.30687055576433675,861.7153004105303,109.2275,23.015833333333333,156.70382690429688
S011,751,701,0.31873450568138323,895.030152470414,109.2275,23.016111111111112,156.18820190429688
S011,750,701,0.33059845559842976,928.345004530298,109.2275,23.016388888888887,154.48936462402344
S011,750,700,0.33192808064607965,932.0786903657317,109.22722222222222,23.016388888888887,145.95654296875
S011,749,700,0.3424624055154763,961.6598565901819,109.22722222222222,23.016666666666666,147.62741088867188
S011,748,700,0.3543263554325228,994.9747086500656,109.22722222222222,23.016944444444444,143.14413452148438
S011,748,699,0.3583426048306939,1006.2526350970932,109.22694444444446,23.016944444444444,160.0056610107422
S011,747,699,0.3661903053495693,1028.2895607099497,109.22694444444446,23.017222222222223,162.3725128173828
S011,746,699,0.37805425526661585,1061.6044127698335,109.22694444444446,23.0175,153.45779418945312
S011,746,698,0.38475712901530823,1080.4265798284548,109.22666666666667,23.0175,159.1973419189453
S011,745,698,0.3899182051836623,1094.9192648297173,109.22666666666667,23.017777777777777,145.53167724609375
S011,744,698,0.40178215510070886,1128.2341168896012,109.22666666666667,23.018055555555556,142.8646697998047
S011,744,697,0.41117165319992255,1154.6005245598164,109.22638888888889,23.018055555555556,158.2321014404297
S011,743,697,0.41364610501775534,1161.548968949485,109.22638888888889,23.01833333333333,146.03591918945312
S011,742,697,0.4255100549348019,1194.8638210093688,109.22638888888889,23.01861111111111,147.01516723632812
S011,741,697,0.4373740048518484,1228.178673069253,109.22638888888889,23.01888888888889,157.68460083007812
S011,741,696,0.4375861773845368,1228.7744692911779,109.22611111111112,23.01888888888889,152.61158752441406
S011,740,696,0.4492379547688949,1261.4935251291365,109.22611111111112,23.019166666666667,165.97311401367188
S011,739,696,0.4611019046859414,1294.8083771890206,109.22611111111112,23.019444444444442,182.5540313720703
S011,739,695,0.46400070156915113,1302.9484140225395,109.22583333333334,23.019444444444442,172.71188354492188
S011,738,695,0.47296585460298796,1328.1232292489044,109.22583333333334,23.01972222222222,180.626220703125
S011,737,695,0.48482980452003444,1361.4380813087882,109.22583333333334,23.02,190.6657257080078
S011,737,694,0.49041522575376545,1377.1223587539012,109.22555555555556,23.02,168.62257385253906
S011,736,694,0.49669375443708097,1394.752933368672,109.22555555555556,23.02027777777778,181.2503662109375
S011,735,694,0.5085577043541275,1428.0677854285561,109.22555555555556,23.020555555555553,185.3854217529297
S011,735,693,0.5168297499383797,1451.2963034852628,109.22527777777778,23.020555555555553,174.9038543701172
S011,734,693,0.520421654271174,1461.38263748844,109.22527777777778,23.020833333333332,191.2509002685547
S011,733,693,0.5322856041882205,1494.6974895483236,109.22527777777778,23.02111111111111,205.7864227294922
S011,733,692,0.543244274122994,1525.4702482166244,109.22500000000001,23.02111111111111,196.0546875
S011,732,692,0.544149554105267,1528.0123416082076,109.22500000000001,23.02138888888889,206.07455444335938
S011,731,692,0.5560135040223135,1561.3271936680915,109.22500000000001,23.021666666666665,202.99473571777344
S011,730,692,0.5678774539393601,1594.6420457279753,109.22500000000001,23.021944444444443,204.4110565185547
S011,730,691,0.5696587983076083,1599.644192947986,109.22472222222223,23.021944444444443,189.56532287597656
S011,729,691,0.5797414038564066,1627.9568977878594,109.22472222222223,23.022222222222222,195.2512969970703
S011,728,691,0.591605353773453,1661.271749847743,109.22472222222223,23.0225,200.25729370117188
S011,728,690,0.5960733224922227,1673.8181376793475,109.22444444444444,23.0225,190.9076690673828
S011,727,690,0.6034693036904996,1694.5866019076268,109.22444444444444,23.022777777777776,193.5016632080078
S011,726,690,0.6153332536075461,1727.9014539675109,109.22444444444444,23.023055555555555,201.08370971679688
S011,726,689,0.622487846676837,1747.9920824107091,109.22416666666668,23.023055555555555,206.56809997558594
S011,725,689,0.6271972035245926,1761.2163060273947,109.22416666666668,23.023333333333333,216.2744903564453
S011,724,689,0.6390611534416392,1794.5311580872788,109.22416666666668,23.02361111111111,212.33969116210938
S011,724,688,0.6489023708614513,1822.1660271420708,109.2238888888889,23.02361111111111,225.6109161376953
S011,723,688,0.6509251033586856,1827.8460101471624,109.2238888888889,23.023888888888887,216.35105895996094
S011,722,688,0.6627890532757321,1861.1608622070462,109.2238888888889,23.024166666666666,215.2924346923828
S011,721,688,0.6746530031927787,1894.47571426693,109.2238888888889,23.024444444444445,220.58836364746094
S011,721,687,0.6753168950460655,1896.3399718734322,109.22361111111111,23.024444444444445,225.03819274902344
S011,720,687,0.6865169531098252,1927.790566326814,109.22361111111111,23.02472222222222,223.82614135742188
S011,719,687,0.6983809030268717,1961.105418386698,109.22361111111111,23.025,217.8102264404297
S011,719,686,0.7017314192306798,1970.5139166047938,109.22333333333334,23.025,217.42071533203125
S011,718,686,0.7102448529439183,1994.420270446582,109.22333333333334,23.025277777777777,202.9794158935547
S011,717,686,0.7221088028609647,2027.7351225064656,109.22333333333334,23.025555555555556,187.08148193359375
S011,717,685,0.7281459434152942,2044.6878613361555,109.22305555555556,23.025555555555556,189.3448944091797
S011,716,685,0.7339727527780112,2061.0499745663496,109.22305555555556,23.02583333333333,200.93930053710938
S011,715,685,0.7458367026950578,2094.3648266262335,109.22305555555556,23.02611111111111,213.982421875
S011,715,684,0.7545604675999085,2118.861806067517,109.22277777777778,23.02611111111111,221.9364013671875
S011,714,684,0.7577006526121043,2127.6796786861173,109.22277777777778,23.02638888888889,236.635009765625
S011,713,684,0.7695646025291508,2160.994530746001,109.22277777777778,23.026666666666667,243.34902954101562
S011,713,683,0.7809749917845228,2193.035750798879,109.22250000000001,23.026666666666667,245.36175537109375
S011,712,683,0.7814285524461972,2194.309382805885,109.22250000000001,23.026944444444442,237.29266357421875
S011,711,683,0.7932925023632438,2227.624234865769,109.22250000000001,23.02722222222222,227.02102661132812
S011,710,683,0.8051564522802903,2260.9390869256526,109.22250000000001,23.0275,219.37213134765625
S011,710,682,0.8073895159691371,2267.2096955302404,109.22222222222223,23.0275,217.59384155273438
S011,709,682,0.8170204021973368,2294.2539389855365,109.22222222222223,23.02777777777778,208.4428253173828
S011,708,682,0.8288843521143834,2327.5687910454208,109.22222222222223,23.028055555555554,195.38682556152344
S011,708,681,0.8338040401537514,2341.383640261602,109.22194444444445,23.028055555555554,203.00765991210938
S011,707,681,0.8407483020314298,2360.883643105304,109.22194444444445,23.028333333333332,208.04888916015625
S011,706,681,0.8526122519484763,2394.198495165188,109.22194444444445,23.02861111111111,205.81503295898438
S011,706,680,0.8602185643383656,2415.5575849929633,109.22166666666668,23.02861111111111,212.78103637695312
S011,705,680,0.8644762018655229,2427.5133472250723,109.22166666666668,23.02888888888889,197.20457458496094
S011,704,680,0.8763401517825694,2460.828199284956,109.22166666666668,23.029166666666665,178.11019897460938
S011,704,679,0.88663308852298,2489.731529724325,109.2213888888889,23.029166666666665,185.7355194091797
S011,703,679,0.8882041016996159,2494.14305134484,109.2213888888889,23.029444444444444,174.9913787841797
S011,702,679,0.9000680516166625,2527.4579034047238,109.2213888888889,23.029722222222222,174.9820098876953
S011,701,679,0.9119320015337089,2560.7727554646076,109.2213888888889,23.029999999999998,168.2948455810547
S011,701,678,0.9130476127075943,2563.9054744556865,109.22111111111111,23.029999999999998,179.12205505371094
S011,700,678,0.9237959514507554,2594.0876075244914,109.22111111111111,23.030277777777776,161.94187927246094
S011,699,678,0.935659901367802,2627.4024595843753,109.22111111111111,23.030555555555555,159.30723571777344
S011,699,677,0.9394621368922086,2638.079419187048,109.22083333333335,23.030555555555555,161.7221221923828
S011,698,677,0.9475238512848485,2660.717311644259,109.22083333333335,23.030833333333334,161.52557373046875
S011,697,677,0.959387801201895,2694.032163704143,109.22083333333335,23.03111111111111,159.40325927734375
S011,697,676,0.9658766610768229,2712.25336391841,109.22055555555556,23.03111111111111,160.4806671142578
S011,696,676,0.9712517511189415,2727.3470157640268,109.22055555555556,23.031388888888888,160.13360595703125
S011,695,676,0.983115701035988,2760.6618678239106,109.22055555555556,23.031666666666666,168.5878448486328
S011,695,675,0.9922911852614372,2786.4273086497715,109.22027777777778,23.031666666666666,164.31346130371094
S011,694,675,0.9949796509530345,2793.9767198837944,109.22027777777778,23.031944444444445,178.04286193847656
S012,778,713,0.0,0.0,109.23083333333334,23.00861111111111,128.7255401611328
S012,778,714,0.0023051454025976776,17.03615793517178,109.23111111111112,23.00861111111111,129.26283264160156
S012,777,714,0.005233437421794766,38.67767576008946,109.23111111111112,23.008888888888887,132.31642150878906
S012,777,715,0.007618009333776177,56.300834652587326,109.2313888888889,23.008888888888887,133.27137756347656
S012,776,715,0.011278063688596913,83.35043593577457,109.2313888888889,23.009166666666665,134.4770050048828
S012,776,716,0.012930873264954677,95.56551137000288,109.23166666666667,23.009166666666665,141.8726348876953
S012,775,716,0.01732268995539906,128.0231961114597,109.23166666666667,23.009444444444444,144.63507080078125
S012,775,717,0.018243737196133175,134.83018808741843,109.23194444444445,23.009444444444444,146.04852294921875
S012,774,717,0.023367316222201208,172.6959562871448,109.23194444444445,23.009722222222223,141.21533203125
S012,774,718,0.023556601127311675,174.09486480483397,109.23222222222223,23.009722222222223,139.6374053955078
S012,774,719,0.028869465058490175,213.35954152224954,109.2325,23.009722222222223,136.2056884765625
S012,773,719,0.029411942489003355,217.36871646282992,109.2325,23.009999999999998,133.91409301757812
S012,773,720,0.03418232898966868,252.6242182396651,109.23277777777778,23.009999999999998,134.9976043701172
S012,772,720,0.0354565687558055,262.04147663851506,109.23277777777778,23.010277777777777,133.928955078125
S012,772,721,0.039495192920847175,291.88889495708065,109.23305555555557,23.010277777777777,135.2376251220703
S012,771,721,0.04150119502260765,306.71423681420015,109.23305555555557,23.010555555555555,136.348388671875
S012,771,722,0.04480805685202568,331.1535716744962,109.23333333333333,23.010555555555555,138.6898193359375
S012,770,722,0.0475458212894098,351.3869969898853,109.23333333333333,23.010833333333334,140.08653259277344
S012,770,723,0.050120920783204174,370.41824839191173,109.23361111111112,23.010833333333334,147.76934814453125
S012,769,723,0.053590447556211944,396.0597571655704,109.23361111111112,23.01111111111111,146.78590393066406
S012,769,724,0.05543378471438268,409.6829251093273,109.2338888888889,23.01111111111111,148.8672637939453
S012,768,724,0.05963507382301409,440.7325173412555,109.2338888888889,23.011388888888888,151.2235107421875
S012,768,725,0.060746648645561174,448.94760182674287,109.23416666666667,23.011388888888888,148.06825256347656
S012,767,725,0.06567970008981625,485.40527751694066,109.23416666666667,23.011666666666667,163.7376251220703
S012,767,726,0.06605951257673967,488.2122785441584,109.23444444444445,23.011666666666667,157.69105529785156
S012,767,727,0.07137237650791818,527.4769552615741,109.23472222222223,23.011666666666667,150.1484832763672
S012,766,727,0.07172432635661839,530.0780376926258,109.23472222222223,23.011944444444445,165.53012084960938
S012,766,728,0.07668524043909668,566.7416319789895,109.235,23.011944444444445,159.62808227539062
S012,765,728,0.07776895262342054,574.7507978683109,109.235,23.01222222222222,172.2777862548828
S012,765,729,0.08199810437027517,606.0063086964051,109.23527777777778,23.01222222222222,158.1728973388672
S012,764,729,0.08381357889022269,619.4235580439961,109.23527777777778,23.0125,167.01487731933594
S012,764,730,0.08731096830145367,645.2709854138205,109.23555555555556,23.0125,154.64892578125
S012,763,730,0.08985820515702483,664.0963182196812,109.23555555555556,23.012777777777778,161.2673797607422
S012,763,731,0.09262383223263217,684.5356621312361,109.23583333333333,23.012777777777778,150.3024444580078
S012,762,731,0.09590283142382698,708.7690783953663,109.23583333333333,23.013055555555553,164.5654296875
S012,762,732,0.09793669616381068,723.8003388486518,109.23611111111111,23.013055555555553,169.6546630859375
S012,761,732,0.10194745769062913,753.4418385710513,109.23611111111111,23.013333333333332,180.1864471435547
S012,761,733,0.10324956009498917,763.0650155660672,109.2363888888889,23.013333333333332,179.8877716064453
S012,760,733,0.10799208395743128,798.1145987467365,109.2363888888889,23.01361111111111,173.6026153564453
S012,760,734,0.10856242402616767,802.3296922834828,109.23666666666668,23.01361111111111,171.38726806640625
S012,760,735,0.11387528795734617,841.5943690008984,109.23694444444445,23.01361111111111,179.79458618164062
S012,759,735,0.11403671022423342,842.7873589224216,109.23694444444445,23.01388888888889,183.01461791992188
S012,759,736,0.11918815188852468,880.859045718314,109.23722222222223,23.01388888888889,185.03602600097656
S012,758,736,0.12008133649103557,887.4601190981067,109.23722222222223,23.014166666666664,175.17872619628906
S012,758,737,0.12450101581970317,920.1237224357295,109.23750000000001,23.014166666666664,163.51119995117188
S012,757,737,0.12612596275783772,932.1328792737919,109.23750000000001,23.014444444444443,147.08534240722656
S012,757,738,0.12981387975088168,959.3883991531451,109.23777777777778,23.014444444444443,144.33273315429688
S012,756,738,0.13217058902463985,976.8056394494769,109.23777777777778,23.014722222222222,154.93922424316406
S012,756,739,0.13512674368206018,998.6530758705607,109.23805555555556,23.014722222222222,148.56883239746094
S012,755,739,0.138215215291442,1021.4783996251621,109.23805555555556,23.015,165.18975830078125
S012,755,740,0.14043960761323868,1037.917752587976,109.23833333333334,23.015,158.93624877929688
S012,754,740,0.14425984155824415,1066.1511598008472,109.23833333333334,23.015277777777776,177.6822052001953
S012,754,741,0.14575247154441717,1077.1824293053917,109.23861111111111,23.015277777777776,171.4521026611328
S012,753,741,0.1503044678250463,1110.8239199765324,109.23861111111111,23.015555555555554,182.31149291992188
S012,753,742,0.15106533547559567,1116.4471060228072,109.2388888888889,23.015555555555554,171.3695068359375
S012,752,742,0.15634909409184844,1155.4966801522173,109.2388888888889,23.015833333333333,176.36582946777344
S012,752,743,0.15637819940677417,1155.7117827402228,109.23916666666668,23.015833333333333,174.9212188720703
S012,752,744,0.16169106333795266,1194.9764594576384,109.23944444444444,23.015833333333333,185.62864685058594
S012,751,744,0.1623937203586506,1200.1694403279025,109.23944444444444,23.016111111111112,172.51451110839844
S012,751,745,0.16700392726913116,1234.2411361750537,109.23972222222223,23.016111111111112,187.70187377929688
S012,750,745,0.16843834662545276,1244.8422005035877,109.23972222222223,23.016388888888887,174.8483428955078
S012,750,746,0.17231679120030968,1273.5058128924695,109.24000000000001,23.016388888888887,177.8864288330078
S012,749,746,0.1744829728922549,1289.5149606792727,109.24000000000001,23.016666666666666,159.35780334472656
S012,749,747,0.17762965513148818,1312.770489609885,109.24027777777778,23.016666666666666,156.47337341308594
S012,748,747,0.18052759915905706,1334.1877208549581,109.24027777777778,23.016944444444444,148.2489013671875
S012,748,748,0.18294251906266668,1352.0351663273007,109.24055555555556,23.016944444444444,145.7408905029297
S012,747,748,0.1865722254258592,1378.860481030643,109.24055555555556,23.017222222222223,146.22364807128906
S012,747,749,0.18825538299384517,1391.2998430447162,109.24083333333334,23.017222222222223,145.21188354492188
S012,746,749,0.19261685169266135,1423.5332412063283,109.24083333333334,23.0175,148.5589599609375
S012,746,750,0.19356824692502367,1430.5645197621316,109.24111111111111,23.0175,148.9412384033203
S012,745,750,0.19866147795946348,1468.2060013820133,109.24111111111111,23.017777777777777,150.80551147460938
S012,745,751,0.19888111085620216,1469.8291964795471,109.24138888888889,23.017777777777777,150.99423217773438
S012,745,752,0.20419397478738066,1509.0938731969627,109.24166666666667,23.017777777777777,154.9879150390625
S012,744,752,0.20470610422626564,1512.8787615576985,109.24166666666667,23.018055555555556,148.60353088378906
S012,744,753,0.20950683871855916,1548.3585499143783,109.24194444444446,23.018055555555556,149.67222595214844
S012,743,753,0.21075073049306778,1557.5515217333834,109.24194444444446,23.01833333333333,150.69508361816406
S012,743,754,0.21481970264973768,1587.623226631794,109.24222222222222,23.01833333333333,151.48342895507812
S012,742,754,0.21679535675986994,1602.2242819090686,109.24222222222222,23.01861111111111,162.1238555908203
S012,742,755,0.22013256658091618,1626.8879033492094,109.2425,23.01861111111111,169.26873779296875
S012,741,755,0.22283998302667207,1646.8970420847538,109.2425,23.01888888888889,176.15769958496094
S012,741,756,0.22544543051209467,1666.152580066625,109.24277777777779,23.01888888888889,190.5690155029297
S012,740,756,0.22888460929347423,1691.569802260439,109.24277777777779,23.019166666666667,178.90394592285156
S012,740,757,0.23075829444327317,1705.4172567840405,109.24305555555556,23.019166666666667,194.4901123046875
S012,739,757,0.23492923556027637,1736.242562436124,109.24305555555556,23.019444444444442,187.53086853027344
S012,739,758,0.23607115837445167,1744.6819335014561,109.24333333333334,23.019444444444442,187.8685302734375
S012,738,758,0.24097386182707853,1780.9153226118092,109.24333333333334,23.01972222222222,172.8196563720703
S012,738,759,0.24138402230563016,1783.9466102188717,109.24361111111112,23.01972222222222,166.96018981933594
S012,738,760,0.24669688623680866,1823.2112869362873,109.24388888888889,23.01972222222222,165.34585571289062
S012,737,760,0.24701848809388066,1825.5880827874942,109.24388888888889,23.02,165.30047607421875
S012,737,761,0.25200975016798716,1862.4759636537026,109.24416666666667,23.02,164.8079833984375
S012,736,761,0.2530631143606828,1870.2608429631791,109.24416666666667,23.02027777777778,182.1112823486328
S012,736,762,0.2573226140991657,1901.7406403711184,109.24444444444445,23.02027777777778,174.16021728515625
S012,735,762,0.259107740627485,1914.9336031388646,109.24444444444445,23.020555555555553,190.66192626953125
S012,735,763,0.26263547803034415,1941.0053170885337,109.24472222222222,23.020555555555553,176.29637145996094
S012,734,763,0.2651523668942871,1959.6063633145498,109.24472222222222,23.020833333333332,186.18115234375
S012,734,764,0.2679483419615227,1980.2699938059495,109.245,23.020833333333332,187.85009765625
S012,733,764,0.27119699316108925,2004.2791234902347,109.245,23.02111111111111,196.10739135742188
S012,733,765,0.27326120589270114,2019.5346705233649,109.24527777777779,23.02111111111111,200.5380096435547
S012,732,765,0.2772416194278914,2048.9518836659195,109.24527777777779,23.02138888888889,213.41920471191406
S012,732,766,0.27857406982387967,2058.7993472407807,109.24555555555555,23.02138888888889,207.2450714111328
S012,731,766,0.2832862456946936,2093.624643841605,109.24555555555555,23.021666666666665,218.2115936279297
S012,731,767,0.2838869337550582,2098.0640239581962,109.24583333333334,23.021666666666665,215.43350219726562
S012,731,768,0.28919979768623666,2137.328700675612,109.24611111111112,23.021666666666665,219.55093383789062
S012,730,768,0.2893308719614957,2138.2974040172903,109.24611111111112,23.021944444444443,230.4595184326172
S012,730,769,0.2945126616174152,2176.5933773930274,109.24638888888889,23.021944444444443,233.72103881835938
S012,729,769,0.29537549822829784,2182.970164192975,109.24638888888889,23.022222222222222,247.2608642578125
S012,729,770,0.29982552554859365,2215.8580541104425,109.24666666666667,23.022222222222222,253.19757080078125
S012,728,770,0.3014201244951,2227.6429243686603,109.24666666666667,23.0225,267.7915954589844
S012,728,771,0.3051383894797722,2255.1227308278585,109.24694444444445,23.0225,280.0849304199219
S012,727,771,0.30746475076190216,2272.3156845443455,109.24694444444445,23.022777777777776,297.2634582519531
S012,727,772,0.31045125341095064,2294.3874075452736,109.24722222222223,23.022777777777776,309.84619140625
S012,726,772,0.3135093770287043,2316.9884447200307,109.24722222222223,23.023055555555555,329.1663513183594
S012,726,773,0.31576411734212917,2333.6520842626896,109.2475,23.023055555555555,328.4283752441406
S012,725,773,0.31955400329550643,2361.6612048957154,109.2475,23.023333333333333,344.1709289550781
S012,725,774,0.32107698127330764,2372.9167609801048,109.24777777777778,23.023333333333333,336.56707763671875
S012,724,774,0.32559862956230856,2406.3339650714006,109.24777777777778,23.02361111111111,343.6112060546875
S012,724,775,0.32638984520448616,2412.1814376975203,109.24805555555557,23.02361111111111,332.78143310546875
S012,723,775,0.33164325582911075,2451.0067252470863,109.24805555555557,23.023888888888887,327.5497741699219
S012,723,776,0.3317027091356647,2451.4461144149363,109.24833333333333,23.023888888888887,323.1469421386719
S012,723,777,0.33701557306684315,2490.7107911323515,109.24861111111112,23.023888888888887,319.877197265625
S012,722,777,0.3376878820959129,2495.679485422771,109.24861111111112,23.024166666666666,300.39471435546875
S012,722,778,0.3423284369980217,2529.9754678497675,109.2488888888889,23.024166666666666,299.0216064453125
S012,721,778,0.343732508362715,2540.352245598456,109.2488888888889,23.024444444444445,279.96051025390625
S012,721,779,0.34764130092920015,2569.2401445671826,109.24916666666667,23.024444444444445,281.7724609375
S012,720,779,0.34977713462951715,2585.025005774141,109.24916666666667,23.02472222222222,269.8632507324219
S012,720,780,0.35295416486037867,2608.504821284598,109.24944444444445,23.02472222222222,283.6560974121094
S012,719,780,0.35582176089631934,2629.6977659498266,109.24944444444445,23.025,281.8474426269531
S012,719,781,0.35826702879155714,2647.7694980020137,109.24972222222223,23.025,286.2397155761719
S012,718,781,0.3618663871631215,2674.3705261255113,109.24972222222223,23.025277777777777,286.473876953125
S012,718,782,0.36357989272273566,2687.0341747194293,109.25,23.025277777777777,284.1027526855469
S012,717,782,0.3679110134299236,2719.0432863011965,109.25,23.025555555555556,283.6775817871094
S012,717,783,0.3688927566539142,2726.2988514368453,109.25027777777778,23.025555555555556,278.663818359375
S012,716,783,0.37395563969672574,2763.7160464768817,109.25027777777778,23.02583333333333,276.722900390625
S012,716,784,0.37420562058509266,2765.5635281542604,109.25055555555556,23.02583333333333,272.2882995605469
S012,716,785,0.3795184845162712,2804.828204871676,109.25083333333333,23.02583333333333,256.0080871582031
S012,715,785,0.38000026596352793,2808.388806652567,109.25083333333333,23.02611111111111,267.9749755859375
S012,715,786,0.38483134844744965,2844.0928815890916,109.25111111111111,23.02611111111111,252.52264404296875
S012,714,786,0.38604489223033006,2853.061566828252,109.25111111111111,23.02638888888889,258.1115417480469
S012,714,787,0.3901442123786282,2883.357558306507,109.2513888888889,23.02638888888889,241.2138671875
S012,713,787,0.3920895184971322,2897.734327003937,109.2513888888889,23.026666666666667,248.6118927001953
S012,713,788,0.39545707630980664,2922.6222350239227,109.25166666666667,23.026666666666667,244.89854431152344
S012,712,788,0.39813414476393433,2942.407087179622,109.25166666666667,23.026944444444442,257.5350036621094
S012,712,789,0.40076994024098517,2961.8869117413383,109.25194444444445,23.026944444444442,262.66839599609375
S012,711,789,0.4041787710307365,2987.0798473553073,109.25194444444445,23.02722222222222,262.12451171875
S012,711,790,0.40608280417216364,3001.1515884587534,109.25222222222223,23.02722222222222,258.9098815917969
S012,710,790,0.41022339729753865,3031.7526075309925,109.25222222222223,23.0275,250.18519592285156
S012,710,791,0.41139566810334216,3040.4162651761694,109.25250000000001,23.0275,242.3522186279297
S012,709,791,0.4162680235643408,3076.4253677066777,109.25250000000001,23.02777777777778,239.66148376464844
S012,709,792,0.4167085320345207,3079.680941893585,109.25277777777778,23.02777777777778,228.2467041015625
S012,709,793,0.42202139596569915,3118.9456186110006,109.25305555555556,23.02777777777778,209.12603759765625
S012,708,793,0.4223126498311429,3121.0981278823624,109.25305555555556,23.028055555555554,214.2034454345703
S012,708,794,0.4273342598968777,3158.210295328416,109.25333333333334,23.028055555555554,202.5923309326172
S012,707,794,0.4283572760979451,3165.770888058048,109.25333333333334,23.028333333333332,211.33364868164062
S012,707,795,0.43264712382805615,3197.4749720458312,109.25361111111111,23.028333333333332,191.89358520507812
S012,706,795,0.43440190236474724,3210.443648233733,109.25361111111111,23.02861111111111,199.08653259277344
S012,706,796,0.43795998775923467,3236.7396487632473,109.2538888888889,23.02861111111111,185.29092407226562
S012,705,796,0.44044652863154937,3255.116408409418,109.2538888888889,23.02888888888889,187.52044677734375
S012,705,797,0.44327285169041314,3276.0043254806624,109.25416666666668,23.02888888888889,181.11251831054688
S012,704,797,0.4464911548983515,3299.7891685851027,109.25416666666668,23.029166666666665,188.1781005859375
S012,704,798,0.44858571562159166,3315.2690021980784,109.25444444444445,23.029166666666665,179.28863525390625
S012,703,798,0.4525357811651537,3344.4619287607884,109.25444444444445,23.029444444444444,177.83474731445312
S012,703,799,0.45389857955277013,3354.5336789154935,109.25472222222223,23.029444444444444,185.2198028564453
S012,702,799,0.4585804074319558,3389.1346889364736,109.25472222222223,23.029722222222222,181.3470458984375
S012,702,800,0.45921144348394866,3393.798355632909,109.25500000000001,23.029722222222222,187.0796356201172
S012,702,801,0.4645243074151272,3433.063032350325,109.25527777777778,23.029722222222222,187.56631469726562
S012,701,801,0.46462503369875796,3433.8074491121583,109.25527777777778,23.029999999999998,179.6058807373047
S012,701,802,0.46983717134630565,3472.32770906774,109.25555555555556,23.029999999999998,178.0335693359375
S012,700,802,0.47066965996556015,3478.480209287844,109.25555555555556,23.030277777777776,184.38978576660156
S012,700,803,0.4751500352774842,3511.5923857851562,109.25583333333334,23.030277777777776,179.48007202148438
S012,699,803,0.4767142862323623,3523.1529694635287,109.25583333333334,23.030555555555555,190.35186767578125
S012,699,804,0.48046289920866264,3550.8570625025714,109.25611111111111,23.030555555555555,179.71885681152344
S012,698,804,0.4827589124991644,3567.825729639214,109.25611111111111,23.030833333333334,188.18704223632812
S012,698,805,0.48577576313984117,3590.121739219987,109.25638888888889,23.030833333333334,183.0313720703125
S012,697,805,0.48880353876596655,3612.4984898148987,109.25638888888889,23.03111111111111,182.1917266845703
S012,697,806,0.49108862707101963,3629.3864159374025,109.25666666666667,23.03111111111111,189.2182159423828
S012,696,806,0.49484816503276874,3657.1712499905843,109.25666666666667,23.031388888888888,208.013427734375
S012,696,807,0.49640149100219816,3668.651092654818,109.25694444444444,23.031388888888888,220.26963806152344
S012,695,807,0.5008927912995709,3701.8440101662695,109.25694444444444,23.031666666666666,220.16465759277344
S012,695,808,0.5017143549333767,3707.915769372234,109.25722222222223,23.031666666666666,232.0944061279297
S012,694,808,0.506937417566373,3746.5167703419543,109.25722222222223,23.031944444444445,240.3002471923828
S012,694,809,0.5070272188645552,3747.180446089649,109.25750000000001,23.031944444444445,254.7896728515625
S012,694,810,0.5123400827957336,3786.4451228070648,109.25777777777779,23.031944444444445,260.6629943847656
S012,693,810,0.5129820438331751,3791.1895305176395,109.25777777777779,23.03222222222222,255.71017456054688
S012,693,811,0.5176529467269122,3825.709799524481,109.25805555555556,23.03222222222222,249.17745971679688
S012,692,811,0.5190266700999773,3835.862290693324,109.25805555555556,23.0325,234.6591033935547
S012,692,812,0.5229658106580907,3864.974476241896,109.25833333333334,23.0325,228.67079162597656
S012,691,812,0.5250712963667794,3880.5350508690094,109.25833333333334,23.032777777777778,219.15914916992188
S012,691,813,0.5282786745892691,3904.2391529593115,109.25861111111112,23.032777777777778,219.0493621826172
S012,690,813,0.5311159226335816,3925.207811044695,109.25861111111112,23.033055555555556,213.73558044433594
S012,690,814,0.5335915385204476,3943.5038296767266,109.25888888888889,23.033055555555556,220.53524780273438
S012,689,814,0.5371605489003838,3969.8805712203803,109.25888888888889,23.03333333333333,213.68055725097656
S012,689,815,0.5389044024516262,3982.7685063941426,109.25916666666667,23.03333333333333,226.1333465576172
S012,688,815,0.5432051751671859,4014.5533313960655,109.25916666666667,23.03361111111111,216.36610412597656
S012,688,816,0.5442172663828047,4022.033183111558,109.25944444444445,23.03361111111111,219.17276000976562
S012,687,816,0.549249801433988,4059.22609157175,109.25944444444445,23.03388888888889,203.48899841308594
S012,687,817,0.5495301303139831,4061.2978598289733,109.25972222222222,23.03388888888889,195.11355590820312
S012,687,818,0.5548429942451617,4100.562536546389,109.26,23.03388888888889,183.18389892578125
S012,686,818,0.5552944277007902,4103.898851747435,109.26,23.034166666666668,185.75526428222656
S012,686,819,0.5601558581763402,4139.827213263805,109.26027777777779,23.034166666666668,192.83795166015625
S012,685,819,0.5613390539675923,4148.57161192312,109.26027777777779,23.034444444444443,215.36721801757812
S012,685,820,0.5654687221075186,4179.09188998122,109.26055555555556,23.034444444444443,218.8511199951172
S012,684,820,0.5673836802343944,4193.244372098805,109.26055555555556,23.03472222222222,232.59202575683594
S012,684,821,0.5707815860386971,4218.356566698636,109.26083333333334,23.03472222222222,235.32032775878906
S012,683,821,0.5734283065011966,4237.9171322744905,109.26083333333334,23.035,252.1072235107422
S012,683,822,0.5760944499698757,4257.621243416052,109.26111111111112,23.035,247.20611572265625
S012,682,822,0.5794729327679988,4282.589892450176,109.26111111111112,23.035277777777775,262.13751220703125
S012,682,823,0.5814073139010542,4296.885920133467,109.26138888888889,23.035277777777775,253.77587890625
S012,681,823,0.585517559034801,4327.262652625861,109.26138888888889,23.035555555555554,263.99591064453125
S012,681,824,0.5867201778322326,4336.150596850883,109.26166666666667,23.035555555555554,254.36497497558594
S012,680,824,0.5915621853016031,4371.935412801547,109.26166666666667,23.035833333333333,241.57235717773438
S012,680,825,0.5920330417634112,4375.415273568298,109.26194444444445,23.035833333333333,236.6446075439453
S012,680,826,0.5973459056945897,4414.679950285714,109.26222222222222,23.035833333333333,229.13487243652344
S012,679,826,0.5976068115684052,4416.608172977231,109.26222222222222,23.03611111111111,212.4367218017578
S012,679,827,0.6026587696257681,4453.944627003129,109.2625,23.03611111111111,206.62037658691406
S012,678,827,0.6036514378352074,4461.280933152916,109.2625,23.036388888888887,216.6297149658203
S012,678,828,0.6079716335569466,4493.209303720544,109.26277777777779,23.036388888888887,226.62045288085938
S012,677,828,0.6096960641020095,4505.953693328601,109.26277777777779,23.036666666666665,231.41317749023438
S012,677,829,0.6132844974881252,4532.473980437961,109.26305555555557,23.036666666666665,228.2358856201172
S012,676,829,0.6157406903688116,4550.6264535042865,109.26305555555557,23.036944444444444,225.41612243652344
S012,676,830,0.6185973614193037,4571.738657155376,109.26333333333334,23.036944444444444,210.97677612304688
S012,675,830,0.6217853166356138,4595.299213679971,109.26333333333334,23.037222222222223,204.23446655273438
S012,675,831,0.6239102253504821,4611.003333872792,109.26361111111112,23.037222222222223,206.0081329345703
S012,674,831,0.627829942902416,4639.971973855657,109.26361111111112,23.037499999999998,224.64346313476562
S012,674,832,0.6292230892816606,4650.268010590206,109.2638888888889,23.037499999999998,228.706787109375
S012,673,832,0.6338745691692181,4684.6447340313425,109.2638888888889,23.037777777777777,246.418212890625
S012,673,833,0.6345359532128392,4689.532687307623,109.26416666666667,23.037777777777777,244.84390258789062
S012,673,834,0.6398488171440176,4728.797364025038,109.26444444444445,23.037777777777777,238.6752166748047
S012,672,834,0.6399191954360203,4729.317494207027,109.26444444444445,23.038055555555555,255.0806427001953
S012,672,835,0.6451616810751961,4768.062040742453,109.26472222222223,23.038055555555555,243.7289276123047
S012,671,835,0.6459638217028224,4773.990254382712,109.26472222222223,23.038333333333334,241.19281005859375
S012,671,836,0.6504745450063747,4807.3267174598695,109.265,23.038333333333334,223.35711669921875
S012,670,836,0.6520084479696245,4818.663014558397,109.265,23.03861111111111,228.30845642089844
S012,670,837,0.6557874089375532,4846.591394177285,109.26527777777778,23.03861111111111,230.2189483642578
S012,669,837,0.6580530742364267,4863.335774734082,109.26527777777778,23.038888888888888,247.36428833007812
S012,669,838,0.6611002728687316,4885.8560708947,109.26555555555557,23.038888888888888,242.45355224609375
S012,668,838,0.6640977005032288,4908.008534909767,109.26555555555557,23.039166666666667,255.48077392578125
S012,668,839,0.6664131367999101,4925.120747612115,109.26583333333333,23.039166666666667,248.419921875
S012,667,839,0.6701423267700309,4952.681295085452,109.26583333333333,23.039444444444445,256.5867614746094
S012,667,840,0.6717260007310887,4964.385424329532,109.26611111111112,23.039444444444445,262.1891174316406
S012,666,840,0.6761869530368332,4997.3540552611385,109.26611111111112,23.03972222222222,264.0461120605469
S012,666,841,0.6770388646622671,5003.650101046947,109.2663888888889,23.03972222222222,275.71160888671875
S012,665,841,0.6822315793036353,5042.026815436823,109.2663888888889,23.04,270.8012390136719
S012,665,842,0.6823517285934456,5042.914777764362,109.26666666666667,23.04,280.558837890625
S012,665,843,0.6876645925246242,5082.1794544817785,109.26694444444445,23.04,295.4401550292969
S012,664,843,0.6882762055704374,5086.699575612508,109.26694444444445,23.040277777777778,299.3490295410156
S012,664,844,0.6929774564558027,5121.444131199194,109.26722222222223,23.040277777777778,314.0968017578125
S012,663,844,0.6943208318372396,5131.372335788193,109.26722222222223,23.040555555555553,321.0915222167969
S012,663,845,0.6982903203869811,5160.708807916609,109.2675,23.040555555555553,329.6744384765625
S012,662,845,0.7003654581040417,5176.045095963878,109.2675,23.04083333333333,317.6057434082031
S012,662,846,0.7036031843181596,5199.973484634024,109.26777777777778,23.04083333333333,316.6915283203125
S012,661,846,0.7064100843708438,5220.717856139563,109.26777777777778,23.04111111111111,299.923095703125
S012,661,847,0.7089160482493382,5239.238161351441,109.26805555555556,23.04111111111111,294.6917724609375
S012,660,847,0.712454710637646,5265.390616315248,109.26805555555556,23.04138888888889,281.5832214355469
S012,660,848,0.7142289121805167,5278.502838068855,109.26833333333335,23.04138888888889,275.79345703125
S012,659,848,0.7184993369044481,5310.0633764909335,109.26833333333335,23.041666666666664,260.22271728515625
S012,659,849,0.7195417761116951,5317.767514786271,109.26861111111111,23.041666666666664,265.49224853515625
S012,658,849,0.7245439631712504,5354.736136666619,109.26861111111111,23.041944444444443,262.8504943847656
S012,658,850,0.7248546400428737,5357.0321915036875,109.2688888888889,23.041944444444443,271.04290771484375
S012,658,851,0.7301675039740522,5396.296868221103,109.26916666666668,23.041944444444443,279.20428466796875
S012,657,851,0.7305885894380525,5399.408896842304,109.26916666666668,23.04222222222222,288.9143371582031
S012,657,852,0.7354803679052306,5435.561544938518,109.26944444444445,23.04222222222222,296.90557861328125
S012,656,852,0.7366332157048546,5444.081657017989,109.26944444444445,23.0425,307.7552185058594
S012,656,853,0.7407932318364091,5474.826221655933,109.26972222222223,23.0425,314.0830993652344
S012,655,853,0.7426778419716568,5488.754417193674,109.26972222222223,23.042777777777776,328.58184814453125
S012,655,854,0.7461060957675877,5514.09089837335,109.27000000000001,23.042777777777776,338.02978515625
S012,654,854,0.7487224682384589,5533.427177369359,109.27000000000001,23.043055555555554,351.6332092285156
S012,654,855,0.7514189596987662,5553.355575090764,109.27027777777778,23.043055555555554,356.6015625
S012,653,855,0.754767094505261,5578.099937545044,109.27027777777778,23.043333333333333,353.0249938964844
S012,653,856,0.7567318236299446,5592.62025180818,109.27055555555556,23.043333333333333,354.9936828613281
S012,652,856,0.7608117207720632,5622.772697720729,109.27055555555556,23.04361111111111,337.1551818847656
S012,652,857,0.7620446875611231,5631.884928525596,109.27083333333334,23.04361111111111,334.2931823730469
S012,651,857,0.7668563470388653,5667.445457896414,109.27083333333334,23.043888888888887,320.04034423828125
S012,651,858,0.7673575514923017,5671.149605243011,109.27111111111111,23.043888888888887,329.0572204589844
S012,651,859,0.7726704154234801,5710.414281960427,109.2713888888889,23.043888888888887,349.8086242675781
S012,650,859,0.7729009733056675,5712.1182180721,109.2713888888889,23.044166666666666,339.4374694824219
S012,650,860,0.7779832793546586,5749.678958677842,109.27166666666668,23.044166666666666,336.2382507324219
S012,649,860,0.7789455995724697,5756.790978247785,109.27166666666668,23.044444444444444,320.12579345703125
S012,649,861,0.7832961432858372,5788.943635395259,109.27194444444444,23.044444444444444,318.6631774902344
S012,648,861,0.7849902258392718,5801.46373842347,109.27194444444444,23.044722222222223,309.35980224609375
S012,648,862,0.7886090072170157,5828.208312112673,109.27222222222223,23.044722222222223,301.1184387207031
S012,647,862,0.7910348521060739,5846.136498599155,109.27222222222223,23.044999999999998,291.7424621582031
S012,647,863,0.7939218711481941,5867.472988830089,109.27250000000001,23.044999999999998,281.24822998046875
S012,646,863,0.7970794783728761,5890.80925877484,109.27250000000001,23.045277777777777,278.4911804199219
S012,646,864,0.7992347350793726,5906.737665547505,109.27277777777778,23.045277777777777,301.2737731933594
S012,645,864,0.8031241046396782,5935.482018950525,109.27277777777778,23.045555555555556,309.4036560058594
S012,645,865,0.8045475990105512,5946.00234226492,109.27305555555556,23.045555555555556,329.9598083496094
S012,644,865,0.8091687309064803,5980.15477912621,109.27305555555556,23.045833333333334,329.7265319824219
S012,644,866,0.8098604629417296,5985.267018982336,109.27333333333334,23.045833333333334,346.58526611328125
S012,644,867,0.8151733268729081,6024.531695699751,109.27361111111112,23.045833333333334,359.2452392578125
S012,643,867,0.8152133571732826,6024.827539301896,109.27361111111112,23.04611111111111,344.6420593261719
S012,643,868,0.8204861908040867,6063.796372417167,109.27388888888889,23.04611111111111,356.3914794921875
S012,642,868,0.8212579834400847,6069.5002994775805,109.27388888888889,23.046388888888888,362.35931396484375
S012,642,869,0.8257990547352652,6103.061049134582,109.27416666666667,23.046388888888888,363.3009948730469
S012,641,869,0.8273026097068868,6114.173059653266,109.27416666666667,23.046666666666667,360.38336181640625
S012,641,870,0.8311119186664436,6142.325725851998,109.27444444444446,23.046666666666667,351.0553283691406
S012,640,870,0.833347235973689,6158.845819828951,109.27444444444446,23.046944444444442,335.9823913574219
S012,640,871,0.8364247825976221,6181.5904025694135,109.27472222222222,23.046944444444442,327.4634094238281
S012,639,871,0.8393918622404911,6203.518580004636,109.27472222222222,23.04722222222222,340.9901123046875
S012,639,872,0.8417376465288007,6220.855079286829,109.275,23.04722222222222,342.3763122558594
S012,638,872,0.8454364885072932,6248.191340180321,109.275,23.0475,363.2245788574219
S012,638,873,0.8470505104599791,6260.119756004245,109.27527777777779,23.0475,355.53253173828125
S012,637,873,0.8514811147740954,6292.864100356006,109.27527777777779,23.047777777777778,362.01812744140625
S012,637,874,0.8523633743911576,6299.38443272166,109.27555555555556,23.047777777777778,345.324462890625
S012,636,874,0.8575257410408975,6337.536860531691,109.27555555555556,23.048055555555553,351.372314453125
S012,636,875,0.8576762383223362,6338.649109439076,109.27583333333334,23.048055555555553,344.4468994140625
S012,636,876,0.8629891022535147,6377.913786156491,109.27611111111112,23.048055555555553,346.3538818359375
S012,635,876,0.8635703673076998,6382.209620707376,109.27611111111112,23.048333333333332,350.5852355957031
S012,635,877,0.8683019661846931,6417.178462873907,109.27638888888889,23.048333333333332,351.7663269042969
S012,634,877,0.8696149935745019,6426.882380883062,109.27638888888889,23.04861111111111,337.2025146484375
S012,634,878,0.8736148301158716,6456.4431395913225,109.27666666666667,23.04861111111111,337.4251708984375
S012,633,878,0.875659619841304,6471.555141058747,109.27666666666667,23.04888888888889,319.876708984375
S012,633,879,0.8789276940470502,6495.707816308738,109.27694444444445,23.04888888888889,325.779541015625
S012,632,879,0.8817042461081062,6516.227901234432,109.27694444444445,23.049166666666665,310.4362487792969
S012,632,880,0.8842405579782286,6534.972493026154,109.27722222222222,23.049166666666665,314.5032043457031
S012,631,880,0.8877488723749083,6560.900661410117,109.27722222222222,23.049444444444443,302.4338684082031
S012,631,881,0.8895534219094071,6574.237169743569,109.2775,23.049444444444443,312.8169250488281
S012,630,881,0.8937934986417104,6605.573421585802,109.2775,23.049722222222222,299.2202453613281
S012,630,882,0.8948662858405856,6613.501846460984,109.27777777777779,23.049722222222222,297.69842529296875
S012,629,882,0.8998381249085126,6650.246181761487,109.27777777777779,23.05,278.45440673828125
S012,629,883,0.9001791497717642,6652.7665231784,109.27805555555555,23.05,276.2496643066406
S012,629,884,0.9054920137029426,6692.031199895816,109.27833333333334,23.05,273.78857421875
S012,628,884,0.9058827511753147,6694.918941937171,109.27833333333334,23.050277777777776,260.3423156738281
S012,628,885,0.9108048776341211,6731.295876613231,109.27861111111112,23.050277777777776,260.27557373046875
S012,627,885,0.9119273774421169,6739.591702112858,109.27861111111112,23.050555555555555,272.11041259765625
S012,627,886,0.9161177415652997,6770.560553330647,109.2788888888889,23.050555555555555,268.8701477050781
S012,626,886,0.9179720037089191,6784.264462288543,109.2788888888889,23.050833333333333,280.1001892089844
S012,626,887,0.9214306054964782,6809.825230048063,109.27916666666667,23.050833333333333,270.0331726074219
S012,625,887,0.9240166299757212,6828.9372224642275,109.27916666666667,23.051111111111112,278.0749206542969
S012,625,888,0.9267434694276566,6849.089906765478,109.27944444444445,23.051111111111112,273.09320068359375
S012,624,888,0.9300612562425233,6873.609982639913,109.27944444444445,23.051388888888887,288.4149169921875
S012,624,889,0.9320563333588351,6888.354583482893,109.27972222222223,23.051388888888887,281.7498474121094
S012,623,889,0.9361058825093255,6918.282742815598,109.27972222222223,23.051666666666666,280.8437805175781
S012,623,890,0.9373691972900137,6927.619260200309,109.28,23.051666666666666,267.47607421875
S012,622,890,0.9421505087761276,6962.955502991283,109.28,23.051944444444445,266.3133544921875
S012,622,891,0.9426820612211921,6966.883936917725,109.28027777777778,23.051944444444445,254.21527099609375
S012,622,892,0.9479949251523706,7006.14861363514,109.28055555555557,23.051944444444445,248.27896118164062
S012,621,892,0.9481951350429297,7007.628263166967,109.28055555555557,23.05222222222222,258.73406982421875
S012,621,893,0.9533077890835492,7045.413290352556,109.28083333333333,23.05222222222222,257.47998046875
S012,620,893,0.9542397613097319,7052.301023342653,109.28083333333333,23.0525,266.70562744140625
S012,620,894,0.9586206530147277,7084.677967069972,109.28111111111112,23.0525,254.58023071289062
S012,619,894,0.9602843875765341,7096.973783518339,109.28111111111112,23.052777777777777,266.9141540527344
S012,619,895,0.9639335169459061,7123.942643787386,109.2813888888889,23.052777777777777,260.5035705566406
S012,618,895,0.9663290138433362,7141.646543694023,109.2813888888889,23.053055555555556,284.1225891113281
S012,618,896,0.9692463808770846,7163.207320504802,109.28166666666667,23.053055555555556,288.2176818847656
S012,617,896,0.9723736401101384,7186.319303869709,109.28166666666667,23.05333333333333,301.59783935546875
S012,617,897,0.9745592448082632,7202.471997222218,109.28194444444445,23.05333333333333,299.7571105957031
S012,616,897,0.9784182663769405,7230.992064045394,109.28194444444445,23.05361111111111,293.83465576171875
S012,616,898,0.9798721087394416,7241.736673939634,109.28222222222223,23.05361111111111,281.0279541015625
S012,615,898,0.9844628926437426,7275.664824221079,109.28222222222223,23.05388888888889,280.5797119140625
S012,615,899,0.9851849726706201,7281.0013506570485,109.2825,23.05388888888889,271.685546875
S012,615,900,0.9904978366017987,7320.266027374465,109.28277777777778,23.05388888888889,260.31024169921875
S012,614,900,0.9905075189105448,7320.337584396763,109.28277777777778,23.054166666666667,256.27459716796875
S012,614,901,0.9958107005329772,7359.530704091881,109.28305555555556,23.054166666666667,250.5758514404297
S012,613,901,0.9965521451773469,7365.010344572449,109.28305555555556,23.054444444444442,253.31507873535156
S013,778,713,0.0,0.0,109.23083333333334,23.00861111111111,128.7255401611328
S013,778,714,0.0029734932283317257,14.419189371234165,109.23111111111112,23.00861111111111,129.26283264160156
S013,778,715,0.009826755024574417,47.65231689582911,109.2313888888889,23.00861111111111,129.6593780517578
S013,777,715,0.010651631847709427,51.65234454257068,109.2313888888889,23.008888888888887,133.27137756347656
S013,777,716,0.016680016820817108,80.88544442042407,109.23166666666667,23.008888888888887,137.37794494628906
S013,776,716,0.022954278934466856,111.3108621477863,109.23166666666667,23.009166666666665,141.8726348876953
S013,776,717,0.023533278617059797,114.118571945019,109.23194444444445,23.009166666666665,146.87705993652344
S013,776,718,0.03038654041330249,147.35169946961395,109.23222222222223,23.009166666666665,143.1937255859375
S013,775,718,0.03525692602122429,170.96937975300193,109.23222222222223,23.009444444444444,140.9268341064453
S013,775,719,0.03723980220954518,180.58482699420892,109.2325,23.009444444444444,133.36398315429688
S013,775,720,0.04409306400578787,213.81795451880384,109.23277777777778,23.009444444444444,136.6715850830078
S013,774,720,0.04755957310798172,230.62789735821755,109.23277777777778,23.009722222222223,135.24513244628906
S013,774,721,0.05094632580203056,247.0510820433988,109.23305555555557,23.009722222222223,144.65625
S013,774,722,0.05779958759827325,280.28420956799374,109.23333333333333,23.009722222222223,156.73956298828125
S013,773,722,0.05986222019473915,290.2864149634332,109.23333333333333,23.009999999999998,149.24330139160156
S013,773,723,0.06465284939451595,313.5173370925887,109.23361111111112,23.009999999999998,166.00123596191406
S013,773,724,0.07150611119075863,346.75046461718364,109.2338888888889,23.009999999999998,176.76187133789062
S013,772,724,0.07216486728149658,349.9449325686488,109.2338888888889,23.010277777777777,173.4326629638672
S013,772,725,0.07835937298700132,379.9835921417786,109.23416666666667,23.010277777777777,187.17044067382812
S013,771,725,0.084467514368254,409.6034501738644,109.23416666666667,23.010555555555555,173.9003143310547
S013,771,726,0.08521263478324402,413.2167196663736,109.23444444444445,23.010555555555555,179.8124542236328
S013,771,727,0.0920658965794867,446.44984719096846,109.23472222222223,23.010555555555555,185.66729736328125
S013,770,727,0.09677016145501144,469.26196777908,109.23472222222223,23.010833333333334,175.3516082763672
S013,770,728,0.0989191583757294,479.68297471556343,109.235,23.010833333333334,178.2624969482422
S013,770,729,0.1057724201719721,512.9161022401585,109.23527777777778,23.010833333333334,182.8495635986328
S013,769,729,0.10907280854176887,528.9204853842957,109.23527777777778,23.01111111111111,178.2666473388672
S013,769,730,0.11262568196821478,546.1492297647533,109.23555555555556,23.01111111111111,187.86361694335938
S013,769,731,0.11947894376445747,579.3823572893483,109.23583333333333,23.01111111111111,196.4637451171875
S013,768,731,0.12137545562852631,588.5790029895113,109.23583333333333,23.011388888888888,184.53404235839844
S013,768,732,0.12633220556070016,612.6154848139432,109.23611111111111,23.011388888888888,192.0431365966797
S013,768,733,0.13318546735694287,645.8486123385383,109.2363888888889,23.011388888888888,190.56954956054688
S013,767,733,0.13367810271528374,648.237520594727,109.2363888888889,23.011666666666667,180.1917724609375
S013,767,734,0.14003872915318555,679.0817398631332,109.23666666666668,23.011666666666667,170.3144989013672
S013,766,734,0.14598074980204118,707.8960381999426,109.23666666666668,23.011944444444445,159.54806518554688
S013,766,735,0.14689199094942823,712.3148673877281,109.23694444444445,23.011944444444445,157.5170135498047
S013,766,736,0.1537452527456709,745.547994912323,109.23722222222223,23.011944444444445,158.405517578125
S013,765,736,0.15828339688879858,767.5545558051581,109.23722222222223,23.01222222222222,173.51962280273438
S013,765,737,0.16059851454191362,778.781122436918,109.23750000000001,23.01222222222222,179.56385803222656
S013,765,738,0.1674517763381563,812.0142499615129,109.23777777777778,23.01222222222222,186.8882598876953
S013,764,738,0.17058604397555602,827.2130734103738,109.23777777777778,23.0125,190.57980346679688
S013,764,739,0.174305038134399,845.2473774861078,109.23805555555556,23.0125,188.99034118652344
S013,764,740,0.1811582999306417,878.4805050107028,109.23833333333334,23.0125,196.48609924316406
S013,763,740,0.18288869106231345,886.8715910155894,109.23833333333334,23.012777777777778,184.8897247314453
S013,763,741,0.18801156172688438,911.7136325352977,109.23861111111111,23.012777777777778,198.28045654296875
S013,763,742,0.19486482352312706,944.9467600598927,109.2388888888889,23.012777777777778,209.3359832763672
S013,762,742,0.1951913381490709,946.5301086208051,109.2388888888889,23.013055555555553,193.89649963378906
S013,762,743,0.20171808531936977,978.1798875844877,109.23916666666668,23.013055555555553,203.2099609375
S013,761,743,0.20749398523582832,1006.1886262260207,109.23916666666668,23.013333333333332,199.61195373535156
S013,761,744,0.20857134711561245,1011.4130151090826,109.23944444444444,23.013333333333332,192.61029052734375
S013,761,745,0.21542460891185514,1044.6461426336775,109.23972222222223,23.013333333333332,182.1529083251953
S013,760,745,0.21979663232258576,1065.8471438312363,109.23972222222223,23.01361111111111,177.31825256347656
S013,760,746,0.22227787070809785,1077.8792701582727,109.24000000000001,23.01361111111111,177.34938049316406
S013,760,747,0.22913113250434053,1111.1123976828674,109.24027777777778,23.01361111111111,185.4136199951172
S013,759,747,0.2320992794093432,1125.5056614364519,109.24027777777778,23.01388888888889,171.5114288330078
S013,759,748,0.2359843943005832,1144.3455252074623,109.24055555555556,23.01388888888889,181.7978973388672
S013,759,749,0.24283765609682592,1177.5786527320574,109.24083333333334,23.01388888888889,190.37249755859375
S013,758,749,0.2444019264961006,1185.1641790416675,109.24083333333334,23.014166666666664,193.9892120361328
S013,758,750,0.2496909178930686,1210.8117802566524,109.24111111111111,23.014166666666664,214.16336059570312
S013,758,751,0.2565441796893113,1244.0449077812473,109.24138888888889,23.014166666666664,230.95628356933594
S013,757,751,0.25670457358285803,1244.822696646883,109.24138888888889,23.014444444444443,232.97463989257812
S013,757,752,0.263397441485554,1277.2780353058422,109.24166666666667,23.014444444444443,222.32872009277344
S013,756,752,0.26900722066961547,1304.4812142520987,109.24166666666667,23.014722222222222,217.20138549804688
S013,756,753,0.2702507032817967,1310.5111628304371,109.24194444444446,23.014722222222222,199.06405639648438
S013,756,754,0.27710396507803936,1343.744290355032,109.24222222222222,23.014722222222222,184.4694366455078
S013,755,754,0.2813098677563729,1364.1397318573145,109.24222222222222,23.015,182.70140075683594
S013,755,755,0.28395722687428204,1376.977417879627,109.2425,23.015,173.0187225341797
S013,755,756,0.2908104886705247,1410.2105454042219,109.24277777777779,23.015,169.38967895507812
S013,754,756,0.29361251484313033,1423.79824946253,109.24277777777779,23.015277777777776,171.16204833984375
S013,754,757,0.29766375046676746,1443.443672928817,109.24305555555556,23.015277777777776,190.61705017089844
S013,754,758,0.30451701226301015,1476.676800453412,109.24333333333334,23.015277777777776,207.34841918945312
S013,753,758,0.30591516192988777,1483.4567670677457,109.24333333333334,23.015555555555554,194.81439208984375
S013,753,759,0.3113702740592528,1509.9099279780069,109.24361111111112,23.015555555555554,193.96104431152344
S013,752,759,0.3182178090166452,1543.1152846729613,109.24361111111112,23.015833333333333,172.24920654296875
S013,752,760,0.3182235358554955,1543.1430555026018,109.24388888888889,23.015833333333333,184.60433959960938
S013,752,761,0.3250767976517382,1576.3761830271967,109.24416666666667,23.015833333333333,194.6490478515625
S013,751,761,0.33052045610340264,1602.773802278177,109.24416666666667,23.016111111111112,176.82083129882812
S013,751,762,0.3319300594479809,1609.6093105517916,109.24444444444445,23.016111111111112,173.689453125
S013,751,763,0.33878332124422356,1642.8424380763865,109.24472222222222,23.016111111111112,170.835693359375
S013,750,763,0.3428231031901601,1662.4323198833927,109.24472222222222,23.016388888888887,173.07757568359375
S013,750,764,0.3456365830404663,1676.0755656009817,109.245,23.016388888888887,183.73529052734375
S013,750,765,0.352489844836709,1709.3086931255766,109.24527777777779,23.016388888888887,187.65261840820312
S013,749,765,0.3551257502769175,1722.0908374886083,109.24527777777779,23.016666666666666,208.44488525390625
S013,749,766,0.35934310663295166,1742.5418206501715,109.24555555555555,23.016666666666666,208.35919189453125
S013,749,767,0.36619636842919434,1775.7749481747665,109.24583333333334,23.016666666666666,208.29859924316406
S013,748,767,0.3674283973636749,1781.7493550938236,109.24583333333334,23.016944444444444,219.94967651367188
S013,748,768,0.373049630225437,1809.0080756993614,109.24611111111112,23.016944444444444,209.04403686523438
S013,747,768,0.3797310444504323,1841.4078726990392,109.24611111111112,23.017222222222223,214.99636840820312
S013,747,769,0.3799028920216797,1842.2412032239563,109.24638888888889,23.017222222222223,201.13987731933594
S013,747,770,0.38675615381792244,1875.4743307485514,109.24666666666667,23.017222222222223,195.3201446533203
S013,746,770,0.39203369153718975,1901.0663903042548,109.24666666666667,23.0175,214.78225708007812
S013,746,771,0.3936094156141651,1908.7074582731464,109.24694444444445,23.0175,212.33274841308594
S013,746,772,0.4004626774104078,1941.9405857977413,109.24722222222223,23.0175,204.55616760253906
S013,745,772,0.4043363386239472,1960.7249079094706,109.24722222222223,23.017777777777777,222.9443817138672
S013,745,773,0.4073159392066505,1975.1737133223362,109.2475,23.017777777777777,221.29335021972656
S013,745,774,0.4141692010028932,2008.4068408469311,109.24777777777778,23.017777777777777,215.09988403320312
S013,744,774,0.4166389857107046,2020.3834255146862,109.24777777777778,23.018055555555556,231.82827758789062
S013,744,775,0.42102246279913585,2041.639968371526,109.24805555555557,23.018055555555556,220.31109619140625
S013,744,776,0.42787572459537854,2074.873095896121,109.24833333333333,23.018055555555556,209.59915161132812
S013,743,776,0.42894163279746206,2080.041943119902,109.24833333333333,23.01833333333333,219.191650390625
S013,743,777,0.4347289863916213,2108.106223420716,109.24861111111112,23.01833333333333,213.18370056152344
S013,742,777,0.4412442798842195,2139.7004607251174,109.24861111111112,23.01861111111111,226.62094116210938
S013,742,778,0.44158224818786396,2141.339350945311,109.2488888888889,23.01861111111111,231.75038146972656
S013,742,779,0.44843550998410664,2174.572478469906,109.24916666666667,23.01861111111111,241.23057556152344
S013,741,779,0.4535469269709769,2199.3589783303332,109.24916666666667,23.01888888888889,256.70916748046875
S013,741,780,0.4552887717803493,2207.8056059945006,109.24944444444445,23.01888888888889,266.47528076171875
S013,741,781,0.462142033576592,2241.038733519096,109.24972222222223,23.01888888888889,275.1168518066406
S013,740,781,0.46584957405773436,2259.0174959355486,109.24972222222223,23.019166666666667,276.3605041503906
S013,740,782,0.4689952953728347,2274.2718610436905,109.25,23.019166666666667,265.4202880859375
S013,740,783,0.4758485571690774,2307.5049885682856,109.25027777777778,23.019166666666667,246.51698303222656
S013,739,783,0.4781522211444918,2318.6760135407644,109.25027777777778,23.019444444444442,242.38243103027344
S013,739,784,0.4827018189653201,2340.738116092881,109.25055555555556,23.019444444444442,240.09413146972656
S013,739,785,0.4895550807615628,2373.9712436174755,109.25083333333333,23.019444444444442,255.8639373779297
S013,738,785,0.49045486823124923,2378.3345311459802,109.25083333333333,23.01972222222222,250.67446899414062
S013,738,786,0.49640834255780547,2407.2043711420706,109.25111111111111,23.01972222222222,244.66641235351562
S013,737,786,0.5027575153180066,2437.9930487511956,109.25111111111111,23.02,242.13082885742188
S013,737,787,0.5032616043540482,2440.4374986666658,109.2513888888889,23.02,236.5829620361328
S013,737,788,0.5101148661502909,2473.6706261912605,109.25166666666667,23.02,228.00018310546875
S013,736,788,0.515060162404764,2497.651566356411,109.25166666666667,23.02027777777778,239.88731384277344
S013,736,789,0.5169681279465336,2506.9037537158556,109.25194444444445,23.02027777777778,226.67196655273438
S013,736,790,0.5238213897427763,2540.1368812404503,109.25222222222223,23.02027777777778,212.61907958984375
S013,735,790,0.5273628094915215,2557.310083961627,109.25222222222223,23.020555555555553,212.10879516601562
S013,735,791,0.5306746515390189,2573.3700087650454,109.25250000000001,23.020555555555553,210.4221954345703
S013,735,792,0.5375279133352616,2606.60313628964,109.25277777777778,23.020555555555553,223.26490783691406
S013,734,792,0.5396654565782789,2616.968601566842,109.25277777777778,23.020833333333332,234.46958923339844
S013,734,793,0.5443811751315043,2639.8362638142353,109.25305555555556,23.020833333333332,250.03976440429688
S013,734,794,0.551234436927747,2673.06939133883,109.25333333333334,23.020833333333332,261.1318664550781
S013,733,794,0.5519681036650363,2676.627119172058,109.25333333333334,23.02111111111111,249.24566650390625
S013,733,795,0.5580876987239897,2706.3025188634247,109.25361111111111,23.02111111111111,256.1141052246094
S013,732,795,0.5642707507517938,2736.285636777274,109.25361111111111,23.02138888888889,242.40907287597656
S013,732,796,0.5649409605202323,2739.53564638802,109.2538888888889,23.02138888888889,260.4031066894531
S013,732,797,0.571794222316475,2772.7687739126145,109.25416666666668,23.02138888888889,279.5854187011719
S013,731,797,0.5765733978385512,2795.944154382489,109.25416666666668,23.021666666666665,271.4499206542969
S013,731,798,0.5786474841127177,2806.0019014372097,109.25444444444445,23.021666666666665,278.3844909667969
S013,731,799,0.5855007459089605,2839.2350289618053,109.25472222222223,23.021666666666665,269.7198181152344
S013,730,799,0.5888760449253087,2855.602671987705,109.25472222222223,23.021944444444443,257.4873046875
S013,730,800,0.5923540077052032,2872.4681564864,109.25500000000001,23.021944444444443,242.90174865722656
S013,730,801,0.5992072695014459,2905.7012840109946,109.25527777777778,23.021944444444443,234.16195678710938
S013,729,801,0.6011786920120661,2915.2611895929203,109.25527777777778,23.022222222222222,219.6739044189453
S013,729,802,0.6060605312976886,2938.93441153559,109.25555555555556,23.022222222222222,214.225830078125
S013,729,803,0.6129137930939312,2972.1675390601845,109.25583333333334,23.022222222222222,199.06175231933594
S013,728,803,0.6134813390988235,2974.919707198136,109.25583333333334,23.0225,192.73081970214844
S013,728,804,0.6197670548901739,3005.4006665847796,109.25611111111111,23.0225,192.70162963867188
S013,727,804,0.625783986185581,3034.578224803352,109.25611111111111,23.022777777777776,194.69883728027344
S013,727,805,0.6266203166864166,3038.6337941093743,109.25638888888889,23.022777777777776,198.102294921875
S013,727,806,0.6334735784826593,3071.8669216339695,109.25666666666667,23.022777777777776,202.9087677001953
S013,726,806,0.6380866332723384,3094.2367424085674,109.25666666666667,23.023055555555555,206.34115600585938
S013,726,807,0.640326840278902,3105.100049158564,109.25694444444444,23.023055555555555,219.20472717285156
S013,726,808,0.6471801020751446,3138.3331766831593,109.25722222222223,23.023055555555555,232.87571716308594
S013,725,808,0.6503892803590958,3153.895260013783,109.25722222222223,23.023333333333333,229.2017822265625
S013,725,809,0.6540333638713873,3171.566304207754,109.25750000000001,23.023333333333333,242.28067016601562
S013,725,810,0.66088662566763,3204.799431732349,109.25777777777779,23.023333333333333,261.9175720214844
S013,724,810,0.6626919274458533,3213.553777618999,109.25777777777779,23.02361111111111,252.56858825683594
S013,724,811,0.6677398874638727,3238.032559256944,109.25805555555556,23.02361111111111,272.02056884765625
S013,724,812,0.6745931492601155,3271.2656867815394,109.25833333333334,23.02361111111111,293.73358154296875
S013,723,812,0.6749945745326107,3273.2122952242144,109.25833333333334,23.023888888888887,295.5396728515625
S013,723,813,0.6814464110563582,3304.498814306134,109.25861111111112,23.023888888888887,292.44049072265625
S013,722,813,0.6872972216193681,3332.87081282943,109.25861111111112,23.024166666666666,284.13433837890625
S013,722,814,0.6882996728526009,3337.7319418307293,109.25888888888889,23.024166666666666,271.49066162109375
S013,722,815,0.6951529346488435,3370.965069355324,109.25916666666667,23.024166666666666,264.8305358886719
S013,721,815,0.6995998687061256,3392.5293304346455,109.25916666666667,23.024444444444445,250.67303466796875
S013,721,816,0.7020061964450862,3404.198196879919,109.25944444444445,23.024444444444445,252.5596160888672
S013,721,817,0.7088594582413289,3437.431324404514,109.25972222222222,23.024444444444445,251.11013793945312
S013,720,817,0.711902515792883,3452.1878480398614,109.25972222222222,23.02472222222222,240.41427612304688
S013,720,818,0.7157127200375716,3470.664451929109,109.26,23.02472222222222,239.42208862304688
S013,720,819,0.7225659818338143,3503.8975794537037,109.26027777777779,23.02472222222222,242.2003173828125
S013,719,819,0.7242051628796404,3511.846365645077,109.26027777777779,23.025,237.98692321777344
S013,719,820,0.729419243630057,3537.130706978299,109.26055555555556,23.025,242.6090545654297
S013,719,821,0.7362725054262996,3570.3638345028935,109.26083333333334,23.025,255.4525909423828
S013,718,821,0.7365078099663979,3571.5048832502926,109.26083333333334,23.025277777777777,266.3859558105469
S013,718,822,0.7431257672225423,3603.5969620274886,109.26111111111112,23.025277777777777,276.1702575683594
S013,717,822,0.7488104570531553,3631.1634008555084,109.26111111111112,23.025555555555556,273.5848083496094
S013,717,823,0.749979029018785,3636.8300895520833,109.26138888888889,23.025555555555556,264.1238098144531
S013,717,824,0.7568322908150277,3670.063217076678,109.26166666666667,23.025555555555556,254.7865753173828
S013,716,824,0.7611131041399127,3690.8219184607237,109.26166666666667,23.02583333333333,245.46629333496094
S013,716,825,0.7636855526112705,3703.2963446012736,109.26194444444445,23.02583333333333,256.3196716308594
S013,716,826,0.7705388144075132,3736.529472125869,109.26222222222222,23.02583333333333,271.99859619140625
S013,715,826,0.7734157512266702,3750.4804360659396,109.26222222222222,23.02611111111111,276.6703186035156
S013,715,827,0.7773920762037558,3769.7625996504635,109.2625,23.02611111111111,288.5829162597656
S013,715,828,0.7842453379999985,3802.9957271750586,109.26277777777779,23.02611111111111,295.05841064453125
S013,714,828,0.7857183983134276,3810.1389536711554,109.26277777777779,23.02638888888889,275.4273986816406
S013,714,829,0.7910985997962412,3836.2288546996533,109.26305555555557,23.02638888888889,280.0391540527344
S013,714,830,0.7979518615924839,3869.461982224248,109.26333333333334,23.02638888888889,288.4856872558594
S013,713,830,0.7980210454001849,3869.7974712763703,109.26333333333334,23.026666666666667,272.56512451171875
S013,713,831,0.8048051233887266,3902.695109748843,109.26361111111112,23.026666666666667,277.45733642578125
S013,712,831,0.8103236924869424,3929.455988881586,109.26361111111112,23.026944444444442,263.322265625
S013,712,832,0.8116583851849692,3935.928237273438,109.2638888888889,23.026944444444442,275.51141357421875
S013,712,833,0.8185116469812119,3969.161364798033,109.26416666666667,23.026944444444442,281.5660705566406
S013,711,833,0.8226263395736998,3989.1145064868015,109.26416666666667,23.02722222222222,268.7350769042969
S013,711,834,0.8253649087774546,4002.3944923226277,109.26444444444445,23.02722222222222,262.9645080566406
S013,711,835,0.8322181705736973,4035.627619847223,109.26472222222223,23.02722222222222,263.9211730957031
S013,710,835,0.8349289866604572,4048.7730240920173,109.26472222222223,23.0275,263.08746337890625
S013,710,836,0.83907143236994,4068.8607473718175,109.265,23.0275,280.8726501464844
S013,710,837,0.8459246941661827,4102.093874896413,109.26527777777778,23.0275,304.4068298339844
S013,709,837,0.8472316337472147,4108.431541697233,109.26527777777778,23.02777777777778,311.5611267089844
S013,709,838,0.8527779559624254,4135.327002421008,109.26555555555557,23.02777777777778,310.3868103027344
S013,708,838,0.8595342808339721,4168.090059302449,109.26555555555557,23.028055555555554,300.1910705566406
S013,708,839,0.8596312177586681,4168.560129945603,109.26583333333333,23.028055555555554,288.44549560546875
S013,708,840,0.8664844795549108,4201.793257470198,109.26611111111112,23.028055555555554,285.9338073730469
S013,707,840,0.8718369279207295,4227.748576907664,109.26611111111112,23.028333333333332,292.39971923828125
S013,707,841,0.8733377413511535,4235.026384994792,109.2663888888889,23.028333333333332,310.95745849609375
S013,707,842,0.8801910031473962,4268.2595125193875,109.26666666666667,23.028333333333332,325.92333984375
S013,706,842,0.884139575007487,4287.40709451288,109.26666666666667,23.02861111111111,313.7692565917969
S013,706,843,0.8870442649436389,4301.492640043983,109.26694444444445,23.02861111111111,318.2356872558594
S013,706,844,0.8938975267398815,4334.725767568578,109.26722222222223,23.02861111111111,327.29168701171875
S013,705,844,0.8964422220942444,4347.0656121180955,109.26722222222223,23.02888888888889,311.10150146484375
S013,705,845,0.9007507885361242,4367.958895093172,109.2675,23.02888888888889,318.9384765625
S013,705,846,0.9076040503323669,4401.192022617767,109.26777777777778,23.02888888888889,333.1826171875
S013,704,846,0.9087448691810018,4406.724129723311,109.26777777777778,23.029166666666665,322.4056701660156
S013,704,847,0.9144573121286096,4434.425150142362,109.26805555555556,23.029166666666665,328.7919006347656
S013,703,847,0.9210475162677593,4466.382647328527,109.26805555555556,23.029444444444444,320.9934387207031
S013,703,848,0.9213105739248523,4467.6582776669575,109.26833333333335,23.029444444444444,332.27166748046875
S013,703,849,0.928163835721095,4500.891405191552,109.26861111111111,23.029444444444444,332.67138671875
S013,702,849,0.9333501633545167,4526.041164933742,109.26861111111111,23.029722222222222,325.6995849609375
S013,702,850,0.9350170975173376,4534.124532716147,109.2688888888889,23.029722222222222,320.986083984375
S013,702,851,0.9418703593135804,4567.357660240742,109.26916666666668,23.029722222222222,332.13916015625
S013,701,851,0.9456528104412741,4585.699682538958,109.26916666666668,23.029999999999998,319.5679016113281
S013,701,852,0.9487236211098231,4600.590787765337,109.26944444444445,23.029999999999998,338.1882629394531
S013,701,853,0.9555768829060658,4633.823915289932,109.26972222222223,23.029999999999998,349.18182373046875
S013,700,853,0.9579554575280316,4645.358200144174,109.26972222222223,23.030277777777776,342.7518310546875
S013,700,854,0.9624301447023085,4667.057042814527,109.27000000000001,23.030277777777776,347.3786926269531
S013,700,855,0.9692834064985512,4700.290170339122,109.27027777777778,23.030277777777776,346.4269104003906
S013,699,855,0.970258104614789,4705.0167177493895,109.27027777777778,23.030555555555555,341.16864013671875
S013,699,856,0.9761366682947938,4733.523297863717,109.27055555555556,23.030555555555555,341.64190673828125
S013,698,856,0.9825607517015464,4764.675235354605,109.27055555555556,23.030833333333334,337.3526611328125
S013,698,857,0.9829899300910365,4766.756425388312,109.27083333333334,23.030833333333334,338.654052734375
S013,698,858,0.9898431918872792,4799.989552912907,109.27111111111111,23.030833333333334,333.60107421875
S013,697,858,0.9948633987883039,4824.33375295982,109.27111111111111,23.03111111111111,324.4444580078125
S013,697,859,0.9966964536835219,4833.222680437501,109.2713888888889,23.03111111111111,321.70806884765625
S014,778,713,0.0,0.0,109.23083333333334,23.00861111111111,128.7255401611328
S014,778,714,0.0022850023837271264,12.383803164870198,109.23111111111112,23.00861111111111,129.26283264160156
S014,778,715,0.007551440992536893,40.925803635343826,109.2313888888889,23.00861111111111,129.6593780517578
S014,779,715,0.011296980961850365,61.22513901304868,109.2313888888889,23.008333333333333,129.28472900390625
S014,779,716,0.01281787960134666,69.46780410581745,109.23166666666667,23.008333333333333,129.98789978027344
S014,779,717,0.01808431821015643,98.00980457629109,109.23194444444445,23.008333333333333,133.90892028808594
S014,779,718,0.023350756818966194,126.5518050467647,109.23222222222223,23.008333333333333,145.2412109375
S014,779,719,0.028617195427775962,155.09380551723834,109.2325,23.008333333333333,151.00820922851562
S014,779,720,0.03388363403658573,183.63580598771196,109.23277777777778,23.008333333333333,156.33633422851562
S014,779,721,0.039150072645395495,212.1778064581856,109.23305555555557,23.008333333333333,162.16592407226562
S014,779,722,0.04441651125420526,240.71980692865918,109.23333333333333,23.008333333333333,170.4844512939453
S014,779,723,0.04968294986301503,269.26180739913286,109.23361111111112,23.008333333333333,174.65780639648438
S014,779,724,0.054949388471824796,297.80380786960643,109.2338888888889,23.008333333333333,179.5667266845703
S014,779,725,0.06021582708063456,326.34580834008005,109.23416666666667,23.008333333333333,187.17919921875
S014,779,726,0.06548226568944433,354.88780881055374,109.23444444444445,23.008333333333333,188.67779541015625
S014,779,727,0.0707487042982541,383.4298092810273,109.23472222222223,23.008333333333333,187.57858276367188
S014,779,728,0.07601514290706386,411.9718097515009,109.235,23.008333333333333,185.86924743652344
S014,779,729,0.08128158151587363,440.51381022197455,109.23527777777778,23.008333333333333,186.67628479003906
S014,779,730,0.0865480201246834,469.05581069244823,109.23555555555556,23.008333333333333,187.61566162109375
S014,779,731,0.09181445873349317,497.59781116292186,109.23583333333333,23.008333333333333,191.22911071777344
S014,780,731,0.09547716696643371,517.448231508261,109.23583333333333,23.008055555555554,200.91978454589844
S014,780,732,0.09708089734230294,526.1398116333954,109.23611111111111,23.008055555555554,211.13983154296875
S014,780,733,0.1023473359511127,554.6818121038691,109.2363888888889,23.008055555555554,221.82736206054688
S014,780,734,0.10761377455992246,583.2238125743427,109.23666666666668,23.008055555555554,229.8799285888672
S014,780,735,0.11288021316873223,611.7658130448164,109.23694444444445,23.008055555555554,227.4667510986328
S014,780,736,0.11814665177754201,640.30781351529,109.23722222222223,23.008055555555554,212.51914978027344
S014,780,737,0.12341309038635177,668.8498139857636,109.23750000000001,23.008055555555554,193.15304565429688
S014,780,738,0.12867952899516152,697.3918144562372,109.23777777777778,23.008055555555554,189.23287963867188
S014,780,739,0.13394596760397132,725.933814926711,109.23805555555556,23.008055555555554,198.59432983398438
S014,780,740,0.13921240621278108,754.4758153971845,109.23833333333334,23.008055555555554,199.7314910888672
S014,780,741,0.14447884482159085,783.0178158676581,109.23861111111111,23.008055555555554,198.00140380859375
S014,780,742,0.1497452834304006,811.5598163381318,109.2388888888889,23.008055555555554,192.2019500732422
S014,780,743,0.15501172203921038,840.1018168086053,109.23916666666668,23.008055555555554,188.55593872070312
S014,780,744,0.16027816064802014,868.643817279079,109.23944444444444,23.008055555555554,189.1827392578125
S014,780,745,0.1655445992568299,897.1858177495526,109.23972222222223,23.008055555555554,194.96578979492188
S014,780,746,0.17081103786563967,925.7278182200262,109.24000000000001,23.008055555555554,200.46893310546875
S014,780,747,0.17607747647444943,954.2698186904998,109.24027777777778,23.008055555555554,203.80654907226562
S014,781,747,0.17965735297101706,973.6713240034732,109.24027777777778,23.007777777777775,208.6623077392578
S014,781,748,0.1813439150832592,982.8118191609734,109.24055555555556,23.007777777777775,214.8997802734375
S014,781,749,0.18661035369206896,1011.3538196314471,109.24083333333334,23.007777777777775,223.04656982421875
S014,781,750,0.19187679230087873,1039.8958201019207,109.24111111111111,23.007777777777775,228.46510314941406
S014,781,751,0.19714323090968852,1068.4378205723945,109.24138888888889,23.007777777777775,235.89675903320312
S014,781,752,0.2024096695184983,1096.979821042868,109.24166666666667,23.007777777777775,244.93040466308594
S014,781,753,0.20767610812730805,1125.5218215133416,109.24194444444446,23.007777777777775,257.22259521484375
S014,781,754,0.21294254673611782,1154.0638219838152,109.24222222222222,23.007777777777775,270.09033203125
S014,781,755,0.21820898534492758,1182.605822454289,109.2425,23.007777777777775,281.8160400390625
S014,781,756,0.22347542395373735,1211.1478229247625,109.24277777777779,23.007777777777775,293.673095703125
S014,781,757,0.2287418625625471,1239.689823395236,109.24305555555556,23.007777777777775,304.7143859863281
S014,781,758,0.23400830117135688,1268.2318238657097,109.24333333333334,23.007777777777775,313.5386657714844
S014,781,759,0.23927473978016664,1296.7738243361832,109.24361111111112,23.007777777777775,320.74169921875
S014,781,760,0.2445411783889764,1325.315824806657,109.24388888888889,23.007777777777775,322.7029724121094
S014,781,761,0.24980761699778617,1353.8578252771306,109.24416666666667,23.007777777777775,320.3739318847656
S014,781,762,0.25507405560659596,1382.3998257476044,109.24444444444445,23.007777777777775,321.36273193359375
S014,781,763,0.2603404942154057,1410.941826218078,109.24472222222222,23.007777777777775,325.1877136230469
S014,782,763,0.2638375389756004,1429.8944164986854,109.24472222222222,23.0075,337.1573486328125
S014,782,764,0.2656069328242155,1439.4838266885515,109.245,23.0075,344.5039978027344
S014,782,765,0.27087337143302526,1468.025827159025,109.24527777777779,23.0075,352.3396301269531
S014,782,766,0.276139810041835,1496.5678276294989,109.24555555555555,23.0075,352.6406555175781
S014,782,767,0.2814062486506448,1525.1098280999724,109.24583333333334,23.0075,339.8145446777344
S014,782,768,0.28667268725945455,1553.651828570446,109.24611111111112,23.0075,326.4410095214844
S014,782,769,0.2919391258682643,1582.1938290409196,109.24638888888889,23.0075,322.3827209472656
S014,782,770,0.2972055644770741,1610.7358295113931,109.24666666666667,23.0075,316.8052978515625
S014,782,771,0.30247200308588384,1639.277829981867,109.24694444444445,23.0075,312.87030029296875
S014,782,772,0.3077384416946936,1667.8198304523405,109.24722222222223,23.0075,314.25604248046875
S014,782,773,0.3130048803035034,1696.361830922814,109.2475,23.0075,315.4833679199219
S014,782,774,0.31827131891231314,1724.9038313932876,109.24777777777778,23.0075,310.27239990234375
S014,782,775,0.3235377575211229,1753.4458318637612,109.24805555555557,23.0075,306.7596435546875
S014,782,776,0.32880419612993267,1781.987832334235,109.24833333333333,23.0075,303.129150390625
S014,782,777,0.33407063473874243,1810.5298328047086,109.24861111111112,23.0075,290.6310119628906
S014,782,778,0.3393370733475522,1839.0718332751821,109.2488888888889,23.0075,291.20703125
S014,782,779,0.34460351195636196,1867.6138337456557,109.24916666666667,23.0075,288.1540832519531
S014,783,779,0.34801772498018374,1886.1175089938974,109.24916666666667,23.00722222222222,298.3387756347656
S014,783,780,0.3498699505651718,1896.1558342161297,109.24944444444445,23.00722222222222,291.7024230957031
S014,783,781,0.35513638917398155,1924.6978346866033,109.24972222222223,23.00722222222222,287.3536682128906
S014,783,782,0.3604028277827913,1953.2398351570769,109.25,23.00722222222222,285.03179931640625
S014,783,783,0.3656692663916011,1981.7818356275504,109.25027777777778,23.00722222222222,292.9482421875
S014,783,784,0.37093570500041084,2010.323836098024,109.25055555555556,23.00722222222222,291.25543212890625
S014,783,785,0.3762021436092206,2038.8658365684978,109.25083333333333,23.00722222222222,282.4837951660156
S014,783,786,0.38146858221803037,2067.407837038971,109.25111111111111,23.00722222222222,273.2742614746094
S014,783,787,0.38673502082684014,2095.949837509445,109.2513888888889,23.00722222222222,264.5191345214844
S014,783,788,0.3920014594356499,2124.4918379799187,109.25166666666667,23.00722222222222,268.5773620605469
S014,783,789,0.39726789804445967,2153.033838450392,109.25194444444445,23.00722222222222,278.7673645019531
S014,783,790,0.40253433665326943,2181.575838920866,109.25222222222223,23.00722222222222,283.65447998046875
S014,783,791,0.4078007752620792,2210.117839391339,109.25250000000001,23.00722222222222,270.8948974609375
S014,783,792,0.41306721387088896,2238.659839861813,109.25277777777778,23.00722222222222,267.6038513183594
S014,783,793,0.4183336524796987,2267.201840332287,109.25305555555556,23.00722222222222,281.2757568359375
S014,783,794,0.4236000910885085,2295.74384080276,109.25333333333334,23.00722222222222,292.2279357910156
S014,783,795,0.42886652969731826,2324.285841273234,109.25361111111111,23.00722222222222,295.5849609375
S014,784,795,0.43219791098476706,2342.3406014891098,109.25361111111111,23.006944444444443,280.85626220703125
S014,784,796,0.434132968306128,2352.8278417437073,109.2538888888889,23.006944444444443,284.2557373046875
S014,784,797,0.4393994069149378,2381.369842214181,109.25416666666668,23.006944444444443,278.2004699707031
S014,784,798,0.44466584552374755,2409.911842684655,109.25444444444445,23.006944444444443,266.50946044921875
S014,784,799,0.4499322841325573,2438.453843155128,109.25472222222223,23.006944444444443,260.88983154296875
S014,784,800,0.4551987227413671,2466.995843625602,109.25500000000001,23.006944444444443,261.6959533691406
S014,784,801,0.46046516135017684,2495.5378440960753,109.25527777777778,23.006944444444443,263.59564208984375
S014,784,802,0.4657315999589866,2524.079844566549,109.25555555555556,23.006944444444443,270.6304016113281
S014,784,803,0.4709980385677964,2552.621845037023,109.25583333333334,23.006944444444443,286.0662841796875
S014,784,804,0.4762644771766062,2581.1638455074967,109.25611111111111,23.006944444444443,303.6142883300781
S014,784,805,0.48153091578541596,2609.70584597797,109.25638888888889,23.006944444444443,316.97393798828125
S014,784,806,0.4867973543942257,2638.247846448444,109.25666666666667,23.006944444444443,335.844970703125
S014,784,807,0.4920637930030355,2666.7898469189176,109.25694444444444,23.006944444444443,349.4792175292969
S014,784,808,0.49733023161184525,2695.331847389391,109.25722222222223,23.006944444444443,355.21295166015625
S014,784,809,0.502596670220655,2723.873847859865,109.25750000000001,23.006944444444443,357.3052978515625
S014,784,810,0.5078631088294647,2752.415848330338,109.25777777777779,23.006944444444443,365.0150146484375
S014,784,811,0.5131295474382745,2780.957848800812,109.25805555555556,23.006944444444443,378.45465087890625
S014,785,811,0.5163780969893504,2798.563693984322,109.25805555555556,23.006666666666664,369.0889892578125
S014,785,812,0.5183959860470843,2809.4998492712853,109.25833333333334,23.006666666666664,387.9398193359375
S014,785,813,0.5236624246558941,2838.041849741759,109.25861111111112,23.006666666666664,405.0333557128906
S014,785,814,0.5289288632647038,2866.5838502122324,109.25888888888889,23.006666666666664,399.0369567871094
S014,785,815,0.5341953018735136,2895.125850682706,109.25916666666667,23.006666666666664,387.4132385253906
S014,785,816,0.5394617404823234,2923.6678511531804,109.25944444444445,23.006666666666664,378.9989929199219
S014,785,817,0.5447281790911331,2952.209851623654,109.25972222222222,23.006666666666664,371.8008117675781
S014,785,818,0.549994617699943,2980.7518520941276,109.26,23.006666666666664,363.44561767578125
S014,785,819,0.5552610563087527,3009.293852564601,109.26027777777779,23.006666666666664,354.20245361328125
S014,785,820,0.5605274949175625,3037.8358530350747,109.26055555555556,23.006666666666664,342.8380126953125
S014,785,821,0.5657939335263722,3066.377853505548,109.26083333333334,23.006666666666664,345.7016906738281
S014,785,822,0.571060372135182,3094.919853976022,109.26111111111112,23.006666666666664,355.32073974609375
S014,785,823,0.5763268107439917,3123.461854446495,109.26138888888889,23.006666666666664,370.2837219238281
S014,785,824,0.5815932493528015,3152.0038549169694,109.26166666666667,23.006666666666664,385.6121826171875
S014,785,825,0.5868596879616113,3180.5458553874423,109.26194444444445,23.006666666666664,392.81231689453125
S014,785,826,0.5921261265704211,3209.0878558579166,109.26222222222222,23.006666666666664,388.2697448730469
S014,785,827,0.5973925651792308,3237.62985632839,109.2625,23.006666666666664,381.0928649902344
S014,786,827,0.6005582829939338,3254.7867864795344,109.2625,23.00638888888889,375.3927917480469
S014,786,828,0.6026590037880406,3266.1718567988637,109.26277777777779,23.00638888888889,369.92364501953125
S014,786,829,0.6079254423968503,3294.713857269337,109.26305555555557,23.00638888888889,363.81341552734375
S014,786,830,0.6131918810056601,3323.255857739811,109.26333333333334,23.00638888888889,356.15350341796875
S014,786,831,0.6184583196144698,3351.797858210284,109.26361111111112,23.00638888888889,345.24981689453125
S014,786,832,0.6237247582232797,3380.339858680758,109.2638888888889,23.00638888888889,332.8507995605469
S014,786,833,0.6289911968320894,3408.8818591512313,109.26416666666667,23.00638888888889,315.9678039550781
S014,786,834,0.6342576354408992,3437.4238596217056,109.26444444444445,23.00638888888889,287.9430236816406
S014,786,835,0.6395240740497089,3465.965860092179,109.26472222222223,23.00638888888889,269.153076171875
S014,786,836,0.6447905126585187,3494.5078605626527,109.265,23.00638888888889,256.989013671875
S014,786,837,0.6500569512673284,3523.049861033126,109.26527777777778,23.00638888888889,253.11892700195312
S014,786,838,0.6553233898761383,3551.5918615036,109.26555555555557,23.00638888888889,256.8568420410156
S014,786,839,0.660589828484948,3580.133861974073,109.26583333333333,23.00638888888889,264.1955871582031
S014,786,840,0.6658562670937578,3608.675862444547,109.26611111111112,23.00638888888889,281.81011962890625
S014,786,841,0.6711227057025676,3637.2178629150208,109.2663888888889,23.00638888888889,290.5700988769531
S014,786,842,0.6763891443113773,3665.759863385494,109.26666666666667,23.00638888888889,286.842529296875
S014,786,843,0.6816555829201871,3694.3018638559683,109.26694444444445,23.00638888888889,283.5062561035156
S014,787,843,0.6847384689985171,3711.0098789747462,109.26694444444445,23.00611111111111,298.7863464355469
S014,787,844,0.6869220215289968,3722.8438643264417,109.26722222222223,23.00611111111111,291.2650146484375
S014,787,845,0.6921884601378067,3751.3858647969155,109.2675,23.00611111111111,302.6631774902344
S014,787,846,0.6974548987466164,3779.927865267389,109.26777777777778,23.00611111111111,318.6530456542969
S014,787,847,0.7027213373554262,3808.4698657378626,109.26805555555556,23.00611111111111,321.8570251464844
S014,787,848,0.7079877759642359,3837.011866208336,109.26833333333335,23.00611111111111,319.16632080078125
S014,787,849,0.7132542145730457,3865.5538666788098,109.26861111111111,23.00611111111111,309.9738464355469
S014,787,850,0.7185206531818554,3894.095867149283,109.2688888888889,23.00611111111111,308.8295593261719
S014,787,851,0.7237870917906652,3922.637867619757,109.26916666666668,23.00611111111111,315.8067932128906
S014,787,852,0.729053530399475,3951.1798680902302,109.26944444444445,23.00611111111111,320.88958740234375
S014,787,853,0.7343199690082848,3979.7218685607045,109.26972222222223,23.00611111111111,326.9061584472656
S014,787,854,0.7395864076170945,4008.263869031178,109.27000000000001,23.00611111111111,344.4620056152344
S014,787,855,0.7448528462259043,4036.8058695016516,109.27027777777778,23.00611111111111,360.79150390625
S014,787,856,0.750119284834714,4065.347869972125,109.27055555555556,23.00611111111111,368.4179992675781
S014,787,857,0.7553857234435238,4093.8898704425987,109.27083333333334,23.00611111111111,366.3319396972656
S014,787,858,0.7606521620523335,4122.431870913072,109.27111111111111,23.00611111111111,357.1737365722656
S014,787,859,0.7659186006611434,4150.973871383546,109.2713888888889,23.00611111111111,368.17718505859375
S014,788,859,0.7689186550031005,4167.232971469959,109.2713888888889,23.00583333333333,371.6614074707031
S014,788,860,0.7711850392699531,4179.51587185402,109.27166666666668,23.00583333333333,390.6653137207031
S014,788,861,0.7764514778787629,4208.0578723244935,109.27194444444444,23.00583333333333,405.0166015625
S014,788,862,0.7817179164875726,4236.599872794966,109.27222222222223,23.00583333333333,402.1581726074219
S014,788,863,0.7869843550963824,4265.14187326544,109.27250000000001,23.00583333333333,395.8411865234375
S014,788,864,0.7922507937051922,4293.683873735914,109.27277777777778,23.00583333333333,393.9056396484375
S014,788,865,0.797517232314002,4322.225874206388,109.27305555555556,23.00583333333333,400.0279846191406
S014,788,866,0.8027836709228118,4350.7678746768615,109.27333333333334,23.00583333333333,406.7390441894531
S014,788,867,0.8080501095316215,4379.309875147335,109.27361111111112,23.00583333333333,414.5606384277344
S014,788,868,0.8133165481404313,4407.851875617809,109.27388888888889,23.00583333333333,421.7335205078125
S014,788,869,0.818582986749241,4436.393876088282,109.27416666666667,23.00583333333333,438.5855712890625
S014,788,870,0.8238494253580508,4464.935876558756,109.27444444444446,23.00583333333333,456.88311767578125
S014,788,871,0.8291158639668605,4493.47787702923,109.27472222222222,23.00583333333333,475.0733337402344
S014,788,872,0.8343823025756704,4522.019877499703,109.275,23.00583333333333,485.9512939453125
S014,788,873,0.8396487411844801,4550.561877970176,109.27527777777779,23.00583333333333,490.92901611328125
S014,788,874,0.8449151797932899,4579.10387844065,109.27555555555556,23.00583333333333,493.41546630859375
S014,788,875,0.8501816184020996,4607.645878911124,109.27583333333334,23.00583333333333,498.3155517578125
S014,789,875,0.8530988410076839,4623.456063965171,109.27583333333334,23.005555555555556,511.73236083984375
S014,789,876,0.8554480570109094,4636.187879381598,109.27611111111112,23.005555555555556,519.4487915039062
S014,789,877,0.8607144956197191,4664.7298798520715,109.27638888888889,23.005555555555556,529.467529296875
S014,789,878,0.865980934228529,4693.271880322545,109.27666666666667,23.005555555555556,540.404541015625
S014,789,879,0.8712473728373387,4721.813880793018,109.27694444444445,23.005555555555556,541.9473876953125
S014,789,880,0.8765138114461485,4750.355881263492,109.27722222222222,23.005555555555556,522.5582885742188
S014,789,881,0.8817802500549582,4778.897881733966,109.2775,23.005555555555556,498.4481201171875
S014,789,882,0.887046688663768,4807.4398822044395,109.27777777777779,23.005555555555556,481.672607421875
S014,789,883,0.8923131272725777,4835.981882674912,109.27805555555555,23.005555555555556,470.9631042480469
S014,789,884,0.8975795658813875,4864.523883145386,109.27833333333334,23.005555555555556,463.095458984375
S014,789,885,0.9028460044901973,4893.06588361586,109.27861111111112,23.005555555555556,456.0906677246094
S014,789,886,0.9081124430990071,4921.607884086334,109.2788888888889,23.005555555555556,449.724853515625
S014,789,887,0.9133788817078169,4950.149884556808,109.27916666666667,23.005555555555556,442.62890625
S014,789,888,0.9186453203166266,4978.691885027281,109.27944444444445,23.005555555555556,434.8148498535156
S014,789,889,0.9239117589254364,5007.233885497755,109.27972222222223,23.005555555555556,426.6019592285156
S014,789,890,0.9291781975342461,5035.775885968228,109.28,23.005555555555556,414.5891418457031
S014,789,891,0.934444636143056,5064.317886438702,109.28027777777778,23.005555555555556,405.7098388671875
S014,790,891,0.9372790270122672,5079.679156460384,109.28027777777778,23.005277777777778,409.8594055175781
S014,790,892,0.9397110747518657,5092.859886909176,109.28055555555557,23.005277777777778,403.7811584472656
S014,790,893,0.9449775133606755,5121.401887379649,109.28083333333333,23.005277777777778,398.1123962402344
S014,790,894,0.9502439519694852,5149.943887850122,109.28111111111112,23.005277777777778,393.7908935546875
S014,790,895,0.955510390578295,5178.485888320597,109.2813888888889,23.005277777777778,388.10516357421875
S014,790,896,0.9607768291871047,5207.02788879107,109.28166666666667,23.005277777777778,382.3006591796875
S014,790,897,0.9660432677959145,5235.569889261544,109.28194444444445,23.005277777777778,375.3077392578125
S014,790,898,0.9713097064047242,5264.1118897320175,109.28222222222223,23.005277777777778,370.9260559082031
S014,790,899,0.9765761450135341,5292.653890202491,109.2825,23.005277777777778,364.3560485839844
S014,790,900,0.9818425836223438,5321.195890672964,109.28277777777778,23.005277777777778,352.7638244628906
S014,790,901,0.9871090222311536,5349.737891143438,109.28305555555556,23.005277777777778,341.270263671875
S014,790,902,0.9923754608399633,5378.279891613912,109.28333333333333,23.005277777777778,331.1523742675781
S014,790,903,0.9976418994487731,5406.821892084386,109.28361111111111,23.005277777777778,320.9825134277344
S015,778,713,0.0,0.0,109.23083333333334,23.00861111111111,128.7255401611328
S015,778,712,0.004087415767078401,24.56284670861323,109.23055555555555,23.00861111111111,126.96179962158203
S015,777,712,0.0058736900205854535,35.29725279028226,109.23055555555555,23.008888888888887,129.57713317871094
S015,777,711,0.011307467641708997,67.95090349823349,109.23027777777779,23.008888888888887,129.99810791015625
S015,776,711,0.012657808778483694,76.06562053144573,109.23027777777779,23.009166666666665,132.34918212890625
S015,776,710,0.018527519516339592,111.33896028785374,109.23,23.009166666666665,130.1841583251953
S015,775,710,0.019441927536381937,116.83398827260922,109.23,23.009444444444444,130.9450225830078
S015,775,709,0.025747571390970184,154.72701707747396,109.22972222222222,23.009444444444444,128.42845153808594
S015,774,709,0.026226046294280176,157.6023560137727,109.22972222222222,23.009722222222223,127.02400970458984
S015,774,708,0.03296762326560078,198.11507386709422,109.22944444444445,23.009722222222223,127.3252944946289
S015,773,708,0.033010165052178415,198.37072375493617,109.22944444444445,23.009999999999998,130.1522979736328
S015,772,708,0.03979428381007666,239.13909149609967,109.22944444444445,23.010277777777777,133.5745086669922
S015,772,707,0.040187675140231374,241.50313065671446,109.22916666666667,23.010277777777777,141.1538848876953
S015,771,707,0.0465784025679749,279.90745923726314,109.22916666666667,23.010555555555555,140.66429138183594
S015,771,706,0.04740772701486197,284.8911874463347,109.22888888888889,23.010555555555555,158.15313720703125
S015,770,706,0.05336252132587314,320.6758269784266,109.22888888888889,23.010833333333334,159.2159423828125
S015,770,705,0.054627778889492565,328.279244235955,109.22861111111112,23.010833333333334,173.6190643310547
S015,769,705,0.06014664008377138,361.4441947195901,109.22861111111112,23.01111111111111,179.368896484375
S015,769,704,0.06184783076412316,371.6673010255752,109.22833333333334,23.01111111111111,192.2503204345703
S015,768,704,0.06693075884166962,402.21256246075353,109.22833333333334,23.011388888888888,197.59158325195312
S015,768,703,0.06906788263875376,415.05535781519546,109.22805555555556,23.011388888888888,201.20233154296875
S015,767,703,0.07371487759956787,442.9809302019171,109.22805555555556,23.011666666666667,184.95909118652344
S015,767,702,0.07628793451338435,458.4434146048157,109.22777777777779,23.011666666666667,186.15101623535156
S015,766,702,0.0804989963574661,483.74929794308053,109.22777777777779,23.011944444444445,185.74520874023438
S015,766,701,0.08350798638801495,501.831471394436,109.2275,23.011944444444445,178.4615936279297
S015,765,701,0.08728311511536434,524.517665684244,109.2275,23.01222222222222,186.1015167236328
S015,765,700,0.09072803826264554,545.2195281840562,109.22722222222222,23.01222222222222,171.52407836914062
S015,764,700,0.09406723387326259,565.2860334254075,109.22722222222222,23.0125,174.2421875
S015,764,699,0.09794809013727614,588.6075849736765,109.22694444444446,23.0125,161.720947265625
S015,763,699,0.10085135263116082,606.054401166571,109.22694444444446,23.012777777777778,161.88992309570312
S015,763,698,0.10516814201190672,631.9956417632967,109.22666666666667,23.012777777777778,167.2264862060547
S015,762,698,0.10763547138905906,646.8227689077344,109.22666666666667,23.013055555555553,153.57406616210938
S015,762,697,0.11238819388653731,675.3836985529169,109.22638888888889,23.013055555555553,157.79055786132812
S015,761,697,0.11441959014695731,687.591136648898,109.22638888888889,23.013333333333332,156.15724182128906
S015,761,696,0.11960824576116791,718.7717553425372,109.22611111111112,23.013333333333332,155.89892578125
S015,760,696,0.12120370890485554,728.3595043900614,109.22611111111112,23.01361111111111,172.17794799804688
S015,760,695,0.1268282976357985,762.1598121321574,109.22583333333334,23.01361111111111,176.42633056640625
S015,759,695,0.1279878276627538,769.127872131225,109.22583333333334,23.01388888888889,192.6300811767578
S015,759,694,0.1340483495104291,805.5478689217776,109.22555555555556,23.01388888888889,196.5889434814453
S015,758,694,0.13477194642065202,809.8962398723883,109.22555555555556,23.014166666666664,213.3251495361328
S015,758,693,0.1412684013850597,848.9359257113979,109.22527777777778,23.014166666666664,214.0499267578125
S015,757,693,0.14155606517855027,850.6646076135519,109.22527777777778,23.014444444444443,217.5030975341797
S015,756,693,0.14834018393644852,891.4329753547154,109.22527777777778,23.014722222222222,209.62973022460938
S015,756,692,0.1484884532596903,892.3239825010181,109.22500000000001,23.014722222222222,211.25051879882812
S015,755,692,0.15512430269434674,932.2013430958788,109.22500000000001,23.015,211.5020751953125
S015,755,691,0.15570850513432088,935.7120392906384,109.22472222222223,23.015,197.69944763183594
S015,754,691,0.161908421452245,972.9697108370423,109.22472222222223,23.015277777777776,202.44935607910156
S015,754,690,0.16292855700895148,979.1000960802587,109.22444444444444,23.015277777777776,197.6648712158203
S015,753,690,0.16869254021014324,1013.7380785782058,109.22444444444444,23.015555555555554,202.1243438720703
S015,753,689,0.17014860888358208,1022.488152869879,109.22416666666668,23.015555555555554,207.0345916748047
S015,752,689,0.17547665896804146,1054.5064463193692,109.22416666666668,23.015833333333333,189.4158172607422
S015,752,688,0.17736866075821267,1065.8762096594992,109.2238888888889,23.015833333333333,195.0461883544922
S015,751,688,0.1822607777259397,1095.2748140605327,109.2238888888889,23.016111111111112,204.4022216796875
S015,751,687,0.18458871263284327,1109.2642664491195,109.22361111111111,23.016111111111112,201.7058868408203
S015,750,687,0.18904489648383796,1136.0431818016962,109.22361111111111,23.016388888888887,216.6481170654297
S015,750,686,0.19180876450747386,1152.6523232387397,109.22333333333334,23.016388888888887,218.07144165039062
S015,749,686,0.19582901524173618,1176.8115495428597,109.22333333333334,23.016666666666666,220.53456115722656
S015,749,685,0.19902881638210446,1196.04038002836,109.22305555555556,23.016666666666666,220.84205627441406
S015,748,685,0.20261313399963443,1217.5799172840232,109.22305555555556,23.016944444444444,204.45834350585938
S015,748,684,0.20624886825673505,1239.4284368179801,109.22277777777778,23.016944444444444,209.0821533203125
S015,747,684,0.20939725275753268,1258.3482850251867,109.22277777777778,23.017222222222223,203.02566528320312
S015,747,683,0.21346892013136565,1282.8164936076005,109.22250000000001,23.017222222222223,218.70770263671875
S015,746,683,0.2161813715154309,1299.1166527663502,109.22250000000001,23.0175,223.44737243652344
S015,746,682,0.22068897200599624,1326.2045503972206,109.22222222222223,23.0175,233.4349822998047
S015,745,682,0.22296549027332915,1339.8850205075137,109.22222222222223,23.017777777777777,230.38153076171875
S015,745,681,0.22790902388062684,1369.592607186841,109.22194444444445,23.017777777777777,222.87991333007812
S015,744,681,0.2297496090312274,1380.6533882486772,109.22194444444445,23.018055555555556,210.73516845703125
S015,744,680,0.23512907575525743,1412.980663976461,109.22166666666668,23.018055555555556,198.83058166503906
S015,743,680,0.23653372778912563,1421.4217559898404,109.22166666666668,23.01833333333333,192.0568084716797
S015,743,679,0.24234912762988803,1456.3687207660814,109.2213888888889,23.01833333333333,197.6837158203125
S015,742,679,0.24331784654702387,1462.190123731004,109.2213888888889,23.01861111111111,209.46218872070312
S015,742,678,0.24956917950451862,1499.7567775557018,109.22111111111111,23.01861111111111,211.19256591796875
S015,741,678,0.2501019653049221,1502.9584914721677,109.22111111111111,23.01888888888889,198.8733673095703
S015,741,677,0.2567892313791492,1543.144834345322,109.22083333333335,23.01888888888889,197.0516357421875
S015,740,677,0.2568860840628204,1543.7268592133312,109.22083333333335,23.019166666666667,185.21836853027344
S015,739,677,0.2636702028207186,1584.4952269544947,109.22083333333335,23.019444444444442,181.1520233154297
S015,739,676,0.2640092832537798,1586.5328911349422,109.22055555555556,23.019444444444442,187.8848419189453
S015,738,676,0.2704543215786168,1625.2635946956577,109.22055555555556,23.01972222222222,174.69503784179688
S015,738,675,0.2712293351284104,1629.9209479245624,109.22027777777778,23.01972222222222,178.06301879882812
S015,737,675,0.27723844033651507,1666.0319624368215,109.22027777777778,23.02,182.9754180908203
S015,737,674,0.278449387003041,1673.3090047141827,109.22,23.02,194.8052978515625
S015,736,674,0.2840225590944133,1706.800330177985,109.22,23.02027777777778,198.2925262451172
S015,736,673,0.2856694388776716,1716.6970615038028,109.21972222222223,23.02027777777778,199.81198120117188
S015,735,673,0.29080667785231157,1747.5686979191485,109.21972222222223,23.020555555555553,186.89414978027344
S015,735,672,0.2928894907523022,1760.0851182934232,109.21944444444445,23.020555555555553,189.10630798339844
S015,734,672,0.2975907966102098,1788.337065660312,109.21944444444445,23.020833333333332,179.7926788330078
S015,734,671,0.3001095426269328,1803.4731750830435,109.21916666666667,23.020833333333332,193.13694763183594
S015,733,671,0.30437491536810807,1829.1054334014755,109.21916666666667,23.02111111111111,196.55654907226562
S015,733,670,0.3073295945015634,1846.8612318726637,109.2188888888889,23.02111111111111,210.05226135253906
S015,732,670,0.31115903412600626,1869.8738011426387,109.2188888888889,23.02138888888889,214.3096923828125
S015,732,669,0.314549646376194,1890.249288662284,109.21861111111112,23.02138888888889,220.22018432617188
S015,731,669,0.3179431528839045,1910.6421688838022,109.21861111111112,23.021666666666665,204.29441833496094
S015,731,668,0.3217696982508246,1933.6373454519041,109.21833333333333,23.021666666666665,210.95449829101562
S015,730,668,0.32472727164180276,1951.4105366249657,109.21833333333333,23.021944444444443,201.2081298828125
S015,730,667,0.32898975012545517,1977.0254022415245,109.21805555555557,23.021944444444443,213.42503356933594
S015,729,667,0.331511390399701,1992.1789043661292,109.21805555555557,23.022222222222222,203.69004821777344
S015,729,666,0.33620980200008577,2020.4134590311446,109.21777777777778,23.022222222222222,212.9901580810547
S015,728,666,0.33829550915759926,2032.9472721072927,109.21777777777778,23.0225,199.37965393066406
S015,728,665,0.34342985387471636,2063.801515820765,109.2175,23.0225,200.1329345703125
S015,727,665,0.3450796279154975,2073.7156398484562,109.2175,23.022777777777776,189.56874084472656
S015,727,664,0.35064990574934696,2107.1895726103853,109.21722222222223,23.022777777777776,192.370361328125
S015,726,664,0.3518637466733957,2114.4840075896195,109.21722222222223,23.023055555555555,189.78578186035156
S015,726,663,0.35786995762397755,2150.5776294000057,109.21694444444445,23.023055555555555,197.3487548828125
S015,725,663,0.35864786543129396,2155.2523753307833,109.21694444444445,23.023333333333333,206.26930236816406
S015,725,662,0.36509000949860815,2193.9656861896256,109.21666666666667,23.023333333333333,218.34375
S015,724,662,0.3654319841891922,2196.0207430719465,109.21666666666667,23.02361111111111,209.41087341308594
S015,723,662,0.37221610294709045,2236.7891108131103,109.21666666666667,23.023888888888887,205.57583618164062
S015,723,661,0.37231006137323874,2237.353742979246,109.2163888888889,23.023888888888887,210.12603759765625
S015,722,661,0.3790002217049887,2277.5574785542735,109.2163888888889,23.024166666666666,224.5704803466797
S015,722,660,0.37953011324786934,2280.7417997688663,109.21611111111112,23.024166666666666,225.7084197998047
S015,721,660,0.38578434046288695,2318.3258462954373,109.21611111111112,23.024444444444445,235.27920532226562
S015,721,659,0.38675016512249993,2324.1298565584866,109.21583333333334,23.024444444444445,227.41920471191406
S015,720,659,0.39256845922078515,2359.0942140366005,109.21583333333334,23.02472222222222,228.9103546142578
S015,720,658,0.39397021699713053,2367.5179133481065,109.21555555555557,23.02472222222222,233.8832550048828
S015,719,658,0.3993525779786834,2399.862581777764,109.21555555555557,23.025,231.20599365234375
S015,719,657,0.4011902688717611,2410.905970137727,109.21527777777779,23.025,242.9732208251953
S015,718,657,0.40613669673658165,2440.6309495189275,109.21527777777779,23.025277777777777,249.92420959472656
S015,718,656,0.4084103207463917,2454.294026927347,109.215,23.025277777777777,265.5035705566406
S015,717,656,0.4129208154944799,2481.3993172600913,109.215,23.025555555555556,268.63555908203125
S015,717,655,0.41563037262102226,2497.682083716967,109.21472222222222,23.025555555555556,279.7456359863281
S015,716,655,0.41970493425237815,2522.1676850012545,109.21472222222222,23.02583333333333,265.0047607421875
S015,716,654,0.42285042449565285,2541.0701405065874,109.21444444444445,23.02583333333333,279.808837890625
S015,715,654,0.4264890530102764,2562.9360527424183,109.21444444444445,23.02611111111111,277.56695556640625
S015,715,653,0.43007047637028345,2584.458197296208,109.21416666666667,23.02611111111111,285.9927673339844
S015,714,653,0.43327317176817465,2603.7044204835815,109.21416666666667,23.02638888888889,285.75286865234375
S015,714,652,0.43729052824491405,2627.8462540858277,109.21388888888889,23.02638888888889,275.15277099609375
S015,713,652,0.44005729052607284,2644.472788224745,109.21388888888889,23.026666666666667,290.23150634765625
S015,713,651,0.44451058011954464,2671.234310875448,109.21361111111112,23.026666666666667,291.3152770996094
S015,712,651,0.4468414092839711,2685.2411559659085,109.21361111111112,23.026944444444442,313.0795593261719
S015,712,650,0.45173063199417524,2714.6223676650684,109.21333333333334,23.026944444444442,310.45245361328125
S015,711,650,0.45362552804186934,2726.009523707072,109.21333333333334,23.02722222222222,324.9146728515625
S015,711,649,0.45895068386880583,2758.0104244546887,109.21305555555556,23.02722222222222,330.14404296875
S015,710,649,0.4604096467997676,2766.7778914482356,109.21305555555556,23.0275,328.0064392089844
S015,710,648,0.4661707357434364,2801.398481244309,109.21277777777779,23.0275,336.706787109375
S015,709,648,0.46719376555766584,2807.546259189399,109.21277777777779,23.02777777777778,330.8237609863281
S015,709,647,0.473390787618067,2844.786538033929,109.2125,23.02777777777778,340.4804992675781
S015,708,647,0.4739778843155641,2848.3146269305626,109.2125,23.028055555555554,338.79107666015625
S015,708,646,0.4806108394926976,2888.1745948235493,109.21222222222222,23.028055555555554,331.69390869140625
S015,707,646,0.4807620030734623,2889.082994671726,109.21222222222222,23.028333333333332,320.2984313964844
S015,706,646,0.48754612183136053,2929.851362412889,109.21222222222222,23.02861111111111,305.88372802734375
S015,706,645,0.4878308913673282,2931.5626516131697,109.21194444444446,23.02861111111111,296.8924865722656
S015,705,645,0.4943302405892588,2970.619730154053,109.21194444444446,23.02888888888889,278.87579345703125
S015,705,644,0.4950509432419588,2974.95070840279,109.21166666666667,23.02888888888889,270.958984375
S015,704,644,0.501114359347157,3011.388097895216,109.21166666666667,23.029166666666665,262.6513977050781
S015,704,643,0.5022709951165895,3018.3387651924104,109.21138888888889,23.029166666666665,275.5166931152344
S015,703,643,0.5078984781050553,3052.15646563638,109.21138888888889,23.029444444444444,278.482177734375
S015,703,642,0.50949104699122,3061.7268219820307,109.21111111111112,23.029444444444444,294.465576171875
S015,702,642,0.5146825968629535,3092.924833377543,109.21111111111112,23.029722222222222,298.7615661621094
S015,702,641,0.5167110988658506,3105.114878771651,109.21083333333334,23.029722222222222,312.5800476074219
S015,701,641,0.5214667156208518,3133.693201118707,109.21083333333334,23.029999999999998,322.77740478515625
S015,701,640,0.5239311507404812,3148.5029355612714,109.21055555555556,23.029999999999998,331.3285217285156
S015,700,640,0.52825083437875,3174.46156885987,109.21055555555556,23.030277777777776,332.9919738769531
S015,700,639,0.5311512026151118,3191.8909923508913,109.21027777777779,23.030277777777776,321.7679748535156
S015,699,639,0.5350349531366483,3215.229936601034,109.21027777777779,23.030555555555555,315.61358642578125
S015,699,638,0.5383712544897424,3235.2790491405117,109.21000000000001,23.030555555555555,305.50701904296875
S015,698,638,0.5418190718945465,3255.998304342197,109.21000000000001,23.030833333333334,307.31719970703125
S015,698,637,0.545591306364373,3278.667105930132,109.20972222222223,23.030833333333334,322.0558166503906
S015,697,637,0.5486031906524447,3296.7666720833604,109.20972222222223,23.03111111111111,328.0915832519531
S015,697,636,0.5528113582390036,3322.0551627197524,109.20944444444444,23.03111111111111,340.5566101074219
S015,696,636,0.555387309410343,3337.535039824524,109.20944444444444,23.031388888888888,332.029541015625
S015,696,635,0.5600314101136342,3365.4432195093723,109.20916666666668,23.031388888888888,330.53460693359375
S015,695,635,0.5621714281682412,3378.3034075656874,109.20916666666668,23.031666666666666,314.9786071777344
S015,695,634,0.5672514619882648,3408.8312762989926,109.2088888888889,23.031666666666666,320.8665771484375
S015,694,634,0.5689555469261395,3419.0717753068516,109.2088888888889,23.031944444444445,314.4324645996094
S015,694,633,0.5744715138628954,3452.219333088613,109.20861111111111,23.031944444444445,321.1531066894531
S015,693,633,0.5757396656840377,3459.8401430480144,109.20861111111111,23.03222222222222,342.2085876464844
S015,693,632,0.581691565737526,3495.6073898782333,109.20833333333334,23.03222222222222,349.083984375
S015,692,632,0.5825237844419359,3500.6085107891777,109.20833333333334,23.0325,365.7950134277344
S015,692,631,0.5889116176121566,3538.9954466678537,109.20805555555556,23.0325,371.4930725097656
S015,691,631,0.5893079031998342,3541.376878530342,109.20805555555556,23.032777777777778,368.70538330078125
S015,690,631,0.5960920219577324,3582.1452462715047,109.20805555555556,23.033055555555556,373.0076599121094
S015,690,630,0.5961316694867872,3582.3835034574736,109.20777777777778,23.033055555555556,388.54022216796875
S015,689,630,0.6028761407156307,3622.913614012669,109.20777777777778,23.03333333333333,390.5199890136719
S015,689,629,0.6033517213614178,3625.771560247094,109.20750000000001,23.03333333333333,404.7244873046875
S015,688,629,0.6096602594735289,3663.681981753832,109.20750000000001,23.03361111111111,403.8991394042969
S015,688,628,0.6105717732360484,3669.1596170367143,109.20722222222223,23.03361111111111,406.16729736328125
S015,687,628,0.6164443782314272,3704.450349494996,109.20722222222223,23.03388888888889,406.2044372558594
S015,687,627,0.617791825110679,3712.5476738263346,109.20694444444445,23.03388888888889,397.5628967285156
S015,686,627,0.6232284969893254,3745.218717236159,109.20694444444445,23.034166666666668,397.3446350097656
S015,686,626,0.6250118769853096,3755.935730615955,109.20666666666668,23.034166666666668,383.900390625
S015,685,626,0.6300126157472236,3785.987084977322,109.20666666666668,23.034444444444443,388.324951171875
S015,685,625,0.6322319288599402,3799.323787405575,109.2063888888889,23.034444444444443,382.5972595214844
S015,684,625,0.6367967345051219,3826.755452718486,109.2063888888889,23.03472222222222,393.5421142578125
S015,684,624,0.6394519807345708,3842.711844195195,109.20611111111111,23.03472222222222,394.8216857910156
S015,683,624,0.6435808532630201,3867.5238204596494,109.20611111111111,23.035,390.656494140625
S015,683,623,0.6466720326092014,3886.0999009848156,109.20583333333335,23.035,388.4659423828125
S015,682,623,0.6503649720209184,3908.292188200813,109.20583333333335,23.035277777777775,370.5013732910156
S015,682,622,0.653892084483832,3929.487957774436,109.20555555555556,23.035277777777775,371.05279541015625
S015,681,622,0.6571490907788166,3949.0605559419764,109.20555555555556,23.035555555555554,363.81671142578125
S015,681,621,0.6611121363584626,3972.876014564056,109.20527777777778,23.035555555555554,378.64544677734375
S015,680,621,0.6639332095367148,3989.8289236831397,109.20527777777778,23.035833333333333,367.0697326660156
S015,680,620,0.668332188233093,4016.2640713536757,109.20500000000001,23.035833333333333,382.3247375488281
S015,679,620,0.6707173282946131,4030.5972914243034,109.20500000000001,23.03611111111111,365.907470703125
S015,679,619,0.6755522401077236,4059.652128143296,109.20472222222223,23.03611111111111,377.5674133300781
S015,678,619,0.6775014470525113,4071.3656591654667,109.20472222222223,23.036388888888887,385.60211181640625
S015,678,618,0.6827722919823542,4103.040184932916,109.20444444444445,23.036388888888887,391.8821105957031
S015,677,618,0.6842855658104096,4112.13402690663,109.20444444444445,23.036666666666665,406.6156005859375
S015,677,617,0.6899923438569848,4146.428241722537,109.20416666666667,23.036666666666665,404.1262512207031
S015,676,617,0.6910696845683078,4152.902394647794,109.20416666666667,23.036944444444444,419.74346923828125
S015,676,616,0.6972123957316154,4189.816298512156,109.2038888888889,23.036944444444444,411.1866760253906
S015,675,616,0.6978538033262061,4193.670762388958,109.2038888888889,23.037222222222223,428.1672668457031
S015,675,615,0.704432447606246,4233.204355301777,109.20361111111112,23.037222222222223,431.62554931640625
S015,674,615,0.7046379220841043,4234.439130130121,109.20361111111112,23.037499999999998,449.629638671875
S015,673,615,0.7114220408420024,4275.2074978712835,109.20361111111112,23.037777777777777,467.1478271484375
S015,673,614,0.7116524994808766,4276.592412091397,109.20333333333333,23.037777777777777,466.4912414550781
S015,672,614,0.7182061595999008,4315.975865612448,109.20333333333333,23.038055555555555,475.2427978515625
S015,672,613,0.7188725513555072,4319.980468881017,109.20305555555557,23.038055555555555,464.2030944824219
S015,671,613,0.724990278357799,4356.744233353611,109.20305555555557,23.038333333333334,468.6478271484375
S015,671,612,0.7260926032301378,4363.368525670638,109.20277777777778,23.038333333333334,461.8041687011719
S015,670,612,0.7317743971156973,4397.512601094775,109.20277777777778,23.03861111111111,476.0238037109375
S015,670,611,0.7333126551047684,4406.756582460258,109.2025,23.03861111111111,474.7108459472656
S015,669,611,0.7385585158735954,4438.280968835938,109.2025,23.038888888888888,489.56524658203125
S015,669,610,0.740532706979399,4450.144639249878,109.20222222222223,23.038888888888888,490.14208984375
S015,668,610,0.7453426346314936,4479.049336577102,109.20222222222223,23.039166666666667,501.76263427734375
S015,668,609,0.7477527588540296,4493.532696039499,109.20194444444445,23.039166666666667,498.5931091308594
S015,667,609,0.7521267533893919,4519.817704318265,109.20194444444445,23.039444444444445,509.94586181640625
S015,667,608,0.7549728107286602,4536.920752829119,109.20166666666667,23.039444444444445,509.7004089355469
S015,666,608,0.7589108721472901,4560.586072059428,109.20166666666667,23.03972222222222,521.7992553710938
S015,666,607,0.7621928626032908,4580.308809618738,109.2013888888889,23.03972222222222,515.7960815429688
S015,665,607,0.7656949909051884,4601.354439800592,109.2013888888889,23.04,520.8697509765625
S015,665,606,0.7694129144779214,4623.696866408359,109.20111111111112,23.04,511.4041442871094
S015,664,606,0.7724791096630866,4642.122807541756,109.20111111111112,23.040277777777778,518.2929077148438
S015,664,605,0.776632966352552,4667.084923197979,109.20083333333334,23.040277777777778,510.0628967285156
S015,663,605,0.7792632284209849,4682.891175282919,109.20083333333334,23.040555555555553,515.4601440429688
S015,663,604,0.7838530182271826,4710.4729799875995,109.20055555555557,23.040555555555553,508.64764404296875
S015,662,604,0.7860473471788831,4723.659543024082,109.20055555555557,23.04083333333333,500.84942626953125
S015,662,603,0.7910730701018132,4753.86103677722,109.20027777777779,23.04083333333333,495.77655029296875
S015,661,603,0.7928314659367813,4764.4279107652455,109.20027777777779,23.04111111111111,483.4228820800781
S015,661,602,0.7982931219764438,4797.24909356684,109.2,23.04111111111111,479.500244140625
S015,660,602,0.7996155846946796,4805.19627850641,109.2,23.04138888888889,466.09149169921875
S015,660,601,0.8055131738510743,4840.637150356461,109.19972222222223,23.04138888888889,462.5655212402344
S015,659,601,0.8063997034525778,4845.964646247573,109.19972222222223,23.041666666666664,451.5903015136719
S015,659,600,0.8127332257257049,4884.025207146081,109.19944444444445,23.041666666666664,445.0202941894531
S015,658,600,0.8131838222104761,4886.733013988736,109.19944444444445,23.041944444444443,433.1746826171875
S015,658,599,0.8199532776003355,4927.413263935701,109.19916666666667,23.041944444444443,430.9159851074219
S015,657,599,0.8199679409683743,4927.5013817299,109.19916666666667,23.04222222222222,445.3458251953125
S015,656,599,0.8267520597262726,4968.269749471064,109.19916666666667,23.0425,456.4684143066406
S015,656,598,0.8271733294749661,4970.801320725322,109.19888888888889,23.0425,447.8731384277344
S015,655,598,0.8335361784841708,5009.038117212227,109.19888888888889,23.042777777777776,457.1419677734375
S015,655,597,0.8343933813495967,5014.189377514941,109.19861111111112,23.042777777777776,459.33502197265625
S015,654,597,0.840320297242069,5049.80648495339,109.19861111111112,23.043055555555554,468.9034729003906
S015,654,596,0.8416134332242273,5057.577434304561,109.19833333333334,23.043055555555554,466.5473327636719
S015,653,596,0.8471044159999673,5090.574852694554,109.19833333333334,23.043333333333333,465.04779052734375
S015,653,595,0.8488334850988579,5100.965491094182,109.19805555555556,23.043333333333333,457.8802490234375
S015,652,595,0.8538885347578655,5131.343220435717,109.19805555555556,23.04361111111111,473.9796142578125
S015,652,594,0.8560535369734885,5144.353547883802,109.19777777777779,23.04361111111111,476.47039794921875
S015,651,594,0.8606726535157638,5172.111588176881,109.19777777777779,23.043888888888887,484.99871826171875
S015,651,593,0.8632735888481191,5187.741604673422,109.1975,23.043888888888887,476.25628662109375
S015,650,593,0.867456772273662,5212.879955918044,109.1975,23.044166666666666,475.5318298339844
S015,650,592,0.8704936407227497,5231.129661463043,109.19722222222222,23.044166666666666,467.9712829589844
S015,649,592,0.8742408910315602,5253.648323659208,109.19722222222222,23.044444444444444,452.68463134765625
S015,649,591,0.8777136925973803,5274.517718252663,109.19694444444445,23.044444444444444,452.622802734375
S015,648,591,0.8810250097894585,5294.416691400372,109.19694444444445,23.044722222222223,436.0406799316406
S015,648,590,0.8849337444720109,5317.9057750422835,109.19666666666667,23.044722222222223,438.1168212890625
S015,647,590,0.8878091285473567,5335.185059141534,109.19666666666667,23.044999999999998,422.80712890625
S015,647,589,0.8921537963466415,5361.293831831904,109.19638888888889,23.044999999999998,421.72265625
S015,646,589,0.894593247305255,5375.953426882698,109.19638888888889,23.045277777777777,405.7637634277344
S015,646,588,0.8993738482212721,5404.681888621523,109.19611111111112,23.045277777777777,402.5779724121094
S015,645,588,0.9013773660631532,5416.721794623862,109.19611111111112,23.045555555555556,404.4861755371094
S015,645,587,0.9065939000959027,5448.069945411144,109.19583333333334,23.045555555555556,397.81451416015625
S015,644,587,0.9081614848210515,5457.490162365026,109.19583333333334,23.045833333333334,416.9912414550781
S015,644,586,0.9138139519705333,5491.458002200764,109.19555555555556,23.045833333333334,416.2489013671875
S015,643,586,0.9149456035789497,5498.258530106189,109.19555555555556,23.04611111111111,434.7826843261719
S015,643,585,0.9210340038451639,5534.846058990384,109.19527777777779,23.04611111111111,434.55255126953125
S015,642,585,0.9217297223368479,5539.026897847351,109.19527777777779,23.046388888888888,429.1619873046875
S015,642,584,0.9282540557197945,5578.234115780005,109.19500000000001,23.046388888888888,423.1994323730469
S015,641,584,0.9285138410947462,5579.795265588516,109.19500000000001,23.046666666666667,410.788818359375
S015,640,584,0.9352979598526444,5620.563633329679,109.19500000000001,23.046944444444442,397.90625
S015,640,583,0.9354741075944251,5621.622172569625,109.19472222222223,23.046944444444442,388.3587951660156
S015,639,583,0.9420820786105427,5661.332001070843,109.19472222222223,23.04722222222222,378.86383056640625
S015,639,582,0.9426941594690557,5665.010229359245,109.19444444444446,23.04722222222222,373.9698791503906
S015,638,582,0.9488661973684409,5702.100368812006,109.19444444444446,23.0475,385.868408203125
S015,638,581,0.9499142113436863,5708.398286148866,109.19416666666667,23.0475,387.25299072265625
S015,637,581,0.9556503161263391,5742.86873655317,109.19416666666667,23.047777777777778,400.8355407714844
S015,637,580,0.9571342632183168,5751.786342938486,109.19388888888889,23.047777777777778,395.3080139160156
S015,636,580,0.9624344348842374,5783.637104294333,109.19388888888889,23.048055555555553,396.17498779296875
S015,636,579,0.9643543150929474,5795.1743997281055,109.19361111111111,23.048055555555553,404.5386657714844
S015,635,579,0.9692185536421356,5824.405472035496,109.19361111111111,23.048333333333332,417.38134765625
S015,635,578,0.971574366967578,5838.562456517726,109.19333333333334,23.048333333333332,420.12518310546875
S015,634,578,0.9760026724000339,5865.17383977666,109.19333333333334,23.04861111111111,430.9982604980469
S015,634,577,0.9787944188422086,5881.950513307346,109.19305555555556,23.04861111111111,433.3060607910156
S015,633,577,0.9827867911579321,5905.942207517824,109.19305555555556,23.04888888888889,432.2781677246094
S015,633,576,0.9860144707168392,5925.338570096967,109.19277777777778,23.04888888888889,432.1774597167969
S015,632,576,0.9895709099158304,5946.710575258987,109.19277777777778,23.049166666666665,431.2510986328125
S015,632,575,0.9932345225914698,5968.726626886587,109.19250000000001,23.049166666666665,432.57025146484375
S015,631,575,0.9963550286737286,5987.47894300015,109.19250000000001,23.049444444444443,436.229248046875
