cell_or_check,pass
sheet_names_and_order,True
Q1_单点组批/record_count,True
Q1_单点组批/row1_no_extra_fields,True
Q1_单点组批!R1C1,True
Q1_单点组批!R1C2,True
Q1_单点组批!R1C3,True
Q1_单点组批!R1C4,True
Q1_单点组批!R1C5,True
Q1_单点组批!R1C6,True
Q1_单点组批!R1C7,True
Q1_单点组批!R1C8,True
Q1_单点组批!R1C9,True
Q1_单点组批/row2_no_extra_fields,True
Q1_单点组批!R2C1,True
Q1_单点组批!R2C2,True
Q1_单点组批!R2C3,True
Q1_单点组批!R2C4,True
Q1_单点组批!R2C5,True
Q1_单点组批!R2C6,True
Q1_单点组批!R2C7,True
Q1_单点组批!R2C8,True
Q1_单点组批!R2C9,True
Q1_单点组批/row3_no_extra_fields,True
Q1_单点组批!R3C1,True
Q1_单点组批!R3C2,True
Q1_单点组批!R3C3,True
Q1_单点组批!R3C4,True
Q1_单点组批!R3C5,True
Q1_单点组批!R3C6,True
Q1_单点组批!R3C7,True
Q1_单点组批!R3C8,True
Q1_单点组批!R3C9,True
Q1_单点组批/row4_no_extra_fields,True
Q1_单点组批!R4C1,True
Q1_单点组批!R4C2,True
Q1_单点组批!R4C3,True
Q1_单点组批!R4C4,True
Q1_单点组批!R4C5,True
Q1_单点组批!R4C6,True
Q1_单点组批!R4C7,True
Q1_单点组批!R4C8,True
Q1_单点组批!R4C9,True
Q1_单点组批/row5_no_extra_fields,True
Q1_单点组批!R5C1,True
Q1_单点组批!R5C2,True
Q1_单点组批!R5C3,True
Q1_单点组批!R5C4,True
Q1_单点组批!R5C5,True
Q1_单点组批!R5C6,True
Q1_单点组批!R5C7,True
Q1_单点组批!R5C8,True
Q1_单点组批!R5C9,True
Q1_单点组批/row6_no_extra_fields,True
Q1_单点组批!R6C1,True
Q1_单点组批!R6C2,True
Q1_单点组批!R6C3,True
Q1_单点组批!R6C4,True
Q1_单点组批!R6C5,True
Q1_单点组批!R6C6,True
Q1_单点组批!R6C7,True
Q1_单点组批!R6C8,True
Q1_单点组批!R6C9,True
Q1_单点组批/row7_no_extra_fields,True
Q1_单点组批!R7C1,True
Q1_单点组批!R7C2,True
Q1_单点组批!R7C3,True
Q1_单点组批!R7C4,True
Q1_单点组批!R7C5,True
Q1_单点组批!R7C6,True
Q1_单点组批!R7C7,True
Q1_单点组批!R7C8,True
Q1_单点组批!R7C9,True
Q1_单点组批/row8_no_extra_fields,True
Q1_单点组批!R8C1,True
Q1_单点组批!R8C2,True
Q1_单点组批!R8C3,True
Q1_单点组批!R8C4,True
Q1_单点组批!R8C5,True
Q1_单点组批!R8C6,True
Q1_单点组批!R8C7,True
Q1_单点组批!R8C8,True
Q1_单点组批!R8C9,True
Q1_单点组批/row9_no_extra_fields,True
Q1_单点组批!R9C1,True
Q1_单点组批!R9C2,True
Q1_单点组批!R9C3,True
Q1_单点组批!R9C4,True
Q1_单点组批!R9C5,True
Q1_单点组批!R9C6,True
Q1_单点组批!R9C7,True
Q1_单点组批!R9C8,True
Q1_单点组批!R9C9,True
Q1_单点组批/row10_no_extra_fields,True
Q1_单点组批!R10C1,True
Q1_单点组批!R10C2,True
Q1_单点组批!R10C3,True
Q1_单点组批!R10C4,True
Q1_单点组批!R10C5,True
Q1_单点组批!R10C6,True
Q1_单点组批!R10C7,True
Q1_单点组批!R10C8,True
Q1_单点组批!R10C9,True
Q1_单点组批/row11_no_extra_fields,True
Q1_单点组批!R11C1,True
Q1_单点组批!R11C2,True
Q1_单点组批!R11C3,True
Q1_单点组批!R11C4,True
Q1_单点组批!R11C5,True
Q1_单点组批!R11C6,True
Q1_单点组批!R11C7,True
Q1_单点组批!R11C8,True
Q1_单点组批!R11C9,True
Q1_单点组批/row12_no_extra_fields,True
Q1_单点组批!R12C1,True
Q1_单点组批!R12C2,True
Q1_单点组批!R12C3,True
Q1_单点组批!R12C4,True
Q1_单点组批!R12C5,True
Q1_单点组批!R12C6,True
Q1_单点组批!R12C7,True
Q1_单点组批!R12C8,True
Q1_单点组批!R12C9,True
Q1_单点组批/row13_no_extra_fields,True
Q1_单点组批!R13C1,True
Q1_单点组批!R13C2,True
Q1_单点组批!R13C3,True
Q1_单点组批!R13C4,True
Q1_单点组批!R13C5,True
Q1_单点组批!R13C6,True
Q1_单点组批!R13C7,True
Q1_单点组批!R13C8,True
Q1_单点组批!R13C9,True
Q1_单点组批/row14_no_extra_fields,True
Q1_单点组批!R14C1,True
Q1_单点组批!R14C2,True
Q1_单点组批!R14C3,True
Q1_单点组批!R14C4,True
Q1_单点组批!R14C5,True
Q1_单点组批!R14C6,True
Q1_单点组批!R14C7,True
Q1_单点组批!R14C8,True
Q1_单点组批!R14C9,True
Q1_单点组批/row15_no_extra_fields,True
Q1_单点组批!R15C1,True
Q1_单点组批!R15C2,True
Q1_单点组批!R15C3,True
Q1_单点组批!R15C4,True
Q1_单点组批!R15C5,True
Q1_单点组批!R15C6,True
Q1_单点组批!R15C7,True
Q1_单点组批!R15C8,True
Q1_单点组批!R15C9,True
Q1_单点组批/row16_no_extra_fields,True
Q1_单点组批!R16C1,True
Q1_单点组批!R16C2,True
Q1_单点组批!R16C3,True
Q1_单点组批!R16C4,True
Q1_单点组批!R16C5,True
Q1_单点组批!R16C6,True
Q1_单点组批!R16C7,True
Q1_单点组批!R16C8,True
Q1_单点组批!R16C9,True
Q1_单点组批/row17_no_extra_fields,True
Q1_单点组批!R17C1,True
Q1_单点组批!R17C2,True
Q1_单点组批!R17C3,True
Q1_单点组批!R17C4,True
Q1_单点组批!R17C5,True
Q1_单点组批!R17C6,True
Q1_单点组批!R17C7,True
Q1_单点组批!R17C8,True
Q1_单点组批!R17C9,True
Q1_单点组批/row18_no_extra_fields,True
Q1_单点组批!R18C1,True
Q1_单点组批!R18C2,True
Q1_单点组批!R18C3,True
Q1_单点组批!R18C4,True
Q1_单点组批!R18C5,True
Q1_单点组批!R18C6,True
Q1_单点组批!R18C7,True
Q1_单点组批!R18C8,True
Q1_单点组批!R18C9,True
Q1_单点组批/row19_no_extra_fields,True
Q1_单点组批!R19C1,True
Q1_单点组批!R19C2,True
Q1_单点组批!R19C3,True
Q1_单点组批!R19C4,True
Q1_单点组批!R19C5,True
Q1_单点组批!R19C6,True
Q1_单点组批!R19C7,True
Q1_单点组批!R19C8,True
Q1_单点组批!R19C9,True
Q2_运输架次/record_count,True
Q2_运输架次/row1_no_extra_fields,True
Q2_运输架次!R1C1,True
Q2_运输架次!R1C2,True
Q2_运输架次!R1C3,True
Q2_运输架次!R1C4,True
Q2_运输架次!R1C5,True
Q2_运输架次!R1C6,True
Q2_运输架次!R1C7,True
Q2_运输架次!R1C8,True
Q2_运输架次/row2_no_extra_fields,True
Q2_运输架次!R2C1,True
Q2_运输架次!R2C2,True
Q2_运输架次!R2C3,True
Q2_运输架次!R2C4,True
Q2_运输架次!R2C5,True
Q2_运输架次!R2C6,True
Q2_运输架次!R2C7,True
Q2_运输架次!R2C8,True
Q2_运输架次/row3_no_extra_fields,True
Q2_运输架次!R3C1,True
Q2_运输架次!R3C2,True
Q2_运输架次!R3C3,True
Q2_运输架次!R3C4,True
Q2_运输架次!R3C5,True
Q2_运输架次!R3C6,True
Q2_运输架次!R3C7,True
Q2_运输架次!R3C8,True
Q2_运输架次/row4_no_extra_fields,True
Q2_运输架次!R4C1,True
Q2_运输架次!R4C2,True
Q2_运输架次!R4C3,True
Q2_运输架次!R4C4,True
Q2_运输架次!R4C5,True
Q2_运输架次!R4C6,True
Q2_运输架次!R4C7,True
Q2_运输架次!R4C8,True
Q2_运输架次/row5_no_extra_fields,True
Q2_运输架次!R5C1,True
Q2_运输架次!R5C2,True
Q2_运输架次!R5C3,True
Q2_运输架次!R5C4,True
Q2_运输架次!R5C5,True
Q2_运输架次!R5C6,True
Q2_运输架次!R5C7,True
Q2_运输架次!R5C8,True
Q2_运输架次/row6_no_extra_fields,True
Q2_运输架次!R6C1,True
Q2_运输架次!R6C2,True
Q2_运输架次!R6C3,True
Q2_运输架次!R6C4,True
Q2_运输架次!R6C5,True
Q2_运输架次!R6C6,True
Q2_运输架次!R6C7,True
Q2_运输架次!R6C8,True
Q2_运输架次/row7_no_extra_fields,True
Q2_运输架次!R7C1,True
Q2_运输架次!R7C2,True
Q2_运输架次!R7C3,True
Q2_运输架次!R7C4,True
Q2_运输架次!R7C5,True
Q2_运输架次!R7C6,True
Q2_运输架次!R7C7,True
Q2_运输架次!R7C8,True
Q2_运输架次/row8_no_extra_fields,True
Q2_运输架次!R8C1,True
Q2_运输架次!R8C2,True
Q2_运输架次!R8C3,True
Q2_运输架次!R8C4,True
Q2_运输架次!R8C5,True
Q2_运输架次!R8C6,True
Q2_运输架次!R8C7,True
Q2_运输架次!R8C8,True
Q2_运输架次/row9_no_extra_fields,True
Q2_运输架次!R9C1,True
Q2_运输架次!R9C2,True
Q2_运输架次!R9C3,True
Q2_运输架次!R9C4,True
Q2_运输架次!R9C5,True
Q2_运输架次!R9C6,True
Q2_运输架次!R9C7,True
Q2_运输架次!R9C8,True
Q2_运输架次/row10_no_extra_fields,True
Q2_运输架次!R10C1,True
Q2_运输架次!R10C2,True
Q2_运输架次!R10C3,True
Q2_运输架次!R10C4,True
Q2_运输架次!R10C5,True
Q2_运输架次!R10C6,True
Q2_运输架次!R10C7,True
Q2_运输架次!R10C8,True
Q2_运输架次/row11_no_extra_fields,True
Q2_运输架次!R11C1,True
Q2_运输架次!R11C2,True
Q2_运输架次!R11C3,True
Q2_运输架次!R11C4,True
Q2_运输架次!R11C5,True
Q2_运输架次!R11C6,True
Q2_运输架次!R11C7,True
Q2_运输架次!R11C8,True
Q2_运输架次/row12_no_extra_fields,True
Q2_运输架次!R12C1,True
Q2_运输架次!R12C2,True
Q2_运输架次!R12C3,True
Q2_运输架次!R12C4,True
Q2_运输架次!R12C5,True
Q2_运输架次!R12C6,True
Q2_运输架次!R12C7,True
Q2_运输架次!R12C8,True
Q2_运输架次/row13_no_extra_fields,True
Q2_运输架次!R13C1,True
Q2_运输架次!R13C2,True
Q2_运输架次!R13C3,True
Q2_运输架次!R13C4,True
Q2_运输架次!R13C5,True
Q2_运输架次!R13C6,True
Q2_运输架次!R13C7,True
Q2_运输架次!R13C8,True
Q2_运输架次/row14_no_extra_fields,True
Q2_运输架次!R14C1,True
Q2_运输架次!R14C2,True
Q2_运输架次!R14C3,True
Q2_运输架次!R14C4,True
Q2_运输架次!R14C5,True
Q2_运输架次!R14C6,True
Q2_运输架次!R14C7,True
Q2_运输架次!R14C8,True
Q2_运输架次/row15_no_extra_fields,True
Q2_运输架次!R15C1,True
Q2_运输架次!R15C2,True
Q2_运输架次!R15C3,True
Q2_运输架次!R15C4,True
Q2_运输架次!R15C5,True
Q2_运输架次!R15C6,True
Q2_运输架次!R15C7,True
Q2_运输架次!R15C8,True
Q2_运输架次/row16_no_extra_fields,True
Q2_运输架次!R16C1,True
Q2_运输架次!R16C2,True
Q2_运输架次!R16C3,True
Q2_运输架次!R16C4,True
Q2_运输架次!R16C5,True
Q2_运输架次!R16C6,True
Q2_运输架次!R16C7,True
Q2_运输架次!R16C8,True
Q2_运输架次/row17_no_extra_fields,True
Q2_运输架次!R17C1,True
Q2_运输架次!R17C2,True
Q2_运输架次!R17C3,True
Q2_运输架次!R17C4,True
Q2_运输架次!R17C5,True
Q2_运输架次!R17C6,True
Q2_运输架次!R17C7,True
Q2_运输架次!R17C8,True
Q2_运输架次/row18_no_extra_fields,True
Q2_运输架次!R18C1,True
Q2_运输架次!R18C2,True
Q2_运输架次!R18C3,True
Q2_运输架次!R18C4,True
Q2_运输架次!R18C5,True
Q2_运输架次!R18C6,True
Q2_运输架次!R18C7,True
Q2_运输架次!R18C8,True
Q2_运输架次/row19_no_extra_fields,True
Q2_运输架次!R19C1,True
Q2_运输架次!R19C2,True
Q2_运输架次!R19C3,True
Q2_运输架次!R19C4,True
Q2_运输架次!R19C5,True
Q2_运输架次!R19C6,True
Q2_运输架次!R19C7,True
Q2_运输架次!R19C8,True
Q2_运输架次/row20_no_extra_fields,True
Q2_运输架次!R20C1,True
Q2_运输架次!R20C2,True
Q2_运输架次!R20C3,True
Q2_运输架次!R20C4,True
Q2_运输架次!R20C5,True
Q2_运输架次!R20C6,True
Q2_运输架次!R20C7,True
Q2_运输架次!R20C8,True
Q2_运输架次/row21_no_extra_fields,True
Q2_运输架次!R21C1,True
Q2_运输架次!R21C2,True
Q2_运输架次!R21C3,True
Q2_运输架次!R21C4,True
Q2_运输架次!R21C5,True
Q2_运输架次!R21C6,True
Q2_运输架次!R21C7,True
Q2_运输架次!R21C8,True
Q2_运输架次/row22_no_extra_fields,True
Q2_运输架次!R22C1,True
Q2_运输架次!R22C2,True
Q2_运输架次!R22C3,True
Q2_运输架次!R22C4,True
Q2_运输架次!R22C5,True
Q2_运输架次!R22C6,True
Q2_运输架次!R22C7,True
Q2_运输架次!R22C8,True
Q2_运输架次/row23_no_extra_fields,True
Q2_运输架次!R23C1,True
Q2_运输架次!R23C2,True
Q2_运输架次!R23C3,True
Q2_运输架次!R23C4,True
Q2_运输架次!R23C5,True
Q2_运输架次!R23C6,True
Q2_运输架次!R23C7,True
Q2_运输架次!R23C8,True
Q2_运输架次/row24_no_extra_fields,True
Q2_运输架次!R24C1,True
Q2_运输架次!R24C2,True
Q2_运输架次!R24C3,True
Q2_运输架次!R24C4,True
Q2_运输架次!R24C5,True
Q2_运输架次!R24C6,True
Q2_运输架次!R24C7,True
Q2_运输架次!R24C8,True
Q2_运输架次/row25_no_extra_fields,True
Q2_运输架次!R25C1,True
Q2_运输架次!R25C2,True
Q2_运输架次!R25C3,True
Q2_运输架次!R25C4,True
Q2_运输架次!R25C5,True
Q2_运输架次!R25C6,True
Q2_运输架次!R25C7,True
Q2_运输架次!R25C8,True
Q2_运输架次/row26_no_extra_fields,True
Q2_运输架次!R26C1,True
Q2_运输架次!R26C2,True
Q2_运输架次!R26C3,True
Q2_运输架次!R26C4,True
Q2_运输架次!R26C5,True
Q2_运输架次!R26C6,True
Q2_运输架次!R26C7,True
Q2_运输架次!R26C8,True
Q2_运输架次/row27_no_extra_fields,True
Q2_运输架次!R27C1,True
Q2_运输架次!R27C2,True
Q2_运输架次!R27C3,True
Q2_运输架次!R27C4,True
Q2_运输架次!R27C5,True
Q2_运输架次!R27C6,True
Q2_运输架次!R27C7,True
Q2_运输架次!R27C8,True
Q2_逐箱交付/record_count,True
Q2_逐箱交付/row1_no_extra_fields,True
Q2_逐箱交付!R1C1,True
Q2_逐箱交付!R1C2,True
Q2_逐箱交付!R1C3,True
Q2_逐箱交付!R1C4,True
Q2_逐箱交付/row2_no_extra_fields,True
Q2_逐箱交付!R2C1,True
Q2_逐箱交付!R2C2,True
Q2_逐箱交付!R2C3,True
Q2_逐箱交付!R2C4,True
Q2_逐箱交付/row3_no_extra_fields,True
Q2_逐箱交付!R3C1,True
Q2_逐箱交付!R3C2,True
Q2_逐箱交付!R3C3,True
Q2_逐箱交付!R3C4,True
Q2_逐箱交付/row4_no_extra_fields,True
Q2_逐箱交付!R4C1,True
Q2_逐箱交付!R4C2,True
Q2_逐箱交付!R4C3,True
Q2_逐箱交付!R4C4,True
Q2_逐箱交付/row5_no_extra_fields,True
Q2_逐箱交付!R5C1,True
Q2_逐箱交付!R5C2,True
Q2_逐箱交付!R5C3,True
Q2_逐箱交付!R5C4,True
Q2_逐箱交付/row6_no_extra_fields,True
Q2_逐箱交付!R6C1,True
Q2_逐箱交付!R6C2,True
Q2_逐箱交付!R6C3,True
Q2_逐箱交付!R6C4,True
Q2_逐箱交付/row7_no_extra_fields,True
Q2_逐箱交付!R7C1,True
Q2_逐箱交付!R7C2,True
Q2_逐箱交付!R7C3,True
Q2_逐箱交付!R7C4,True
Q2_逐箱交付/row8_no_extra_fields,True
Q2_逐箱交付!R8C1,True
Q2_逐箱交付!R8C2,True
Q2_逐箱交付!R8C3,True
Q2_逐箱交付!R8C4,True
Q2_逐箱交付/row9_no_extra_fields,True
Q2_逐箱交付!R9C1,True
Q2_逐箱交付!R9C2,True
Q2_逐箱交付!R9C3,True
Q2_逐箱交付!R9C4,True
Q2_逐箱交付/row10_no_extra_fields,True
Q2_逐箱交付!R10C1,True
Q2_逐箱交付!R10C2,True
Q2_逐箱交付!R10C3,True
Q2_逐箱交付!R10C4,True
Q2_逐箱交付/row11_no_extra_fields,True
Q2_逐箱交付!R11C1,True
Q2_逐箱交付!R11C2,True
Q2_逐箱交付!R11C3,True
Q2_逐箱交付!R11C4,True
Q2_逐箱交付/row12_no_extra_fields,True
Q2_逐箱交付!R12C1,True
Q2_逐箱交付!R12C2,True
Q2_逐箱交付!R12C3,True
Q2_逐箱交付!R12C4,True
Q2_逐箱交付/row13_no_extra_fields,True
Q2_逐箱交付!R13C1,True
Q2_逐箱交付!R13C2,True
Q2_逐箱交付!R13C3,True
Q2_逐箱交付!R13C4,True
Q2_逐箱交付/row14_no_extra_fields,True
Q2_逐箱交付!R14C1,True
Q2_逐箱交付!R14C2,True
Q2_逐箱交付!R14C3,True
Q2_逐箱交付!R14C4,True
Q2_逐箱交付/row15_no_extra_fields,True
Q2_逐箱交付!R15C1,True
Q2_逐箱交付!R15C2,True
Q2_逐箱交付!R15C3,True
Q2_逐箱交付!R15C4,True
Q2_逐箱交付/row16_no_extra_fields,True
Q2_逐箱交付!R16C1,True
Q2_逐箱交付!R16C2,True
Q2_逐箱交付!R16C3,True
Q2_逐箱交付!R16C4,True
Q2_逐箱交付/row17_no_extra_fields,True
Q2_逐箱交付!R17C1,True
Q2_逐箱交付!R17C2,True
Q2_逐箱交付!R17C3,True
Q2_逐箱交付!R17C4,True
Q2_逐箱交付/row18_no_extra_fields,True
Q2_逐箱交付!R18C1,True
Q2_逐箱交付!R18C2,True
Q2_逐箱交付!R18C3,True
Q2_逐箱交付!R18C4,True
Q2_逐箱交付/row19_no_extra_fields,True
Q2_逐箱交付!R19C1,True
Q2_逐箱交付!R19C2,True
Q2_逐箱交付!R19C3,True
Q2_逐箱交付!R19C4,True
Q2_逐箱交付/row20_no_extra_fields,True
Q2_逐箱交付!R20C1,True
Q2_逐箱交付!R20C2,True
Q2_逐箱交付!R20C3,True
Q2_逐箱交付!R20C4,True
Q2_逐箱交付/row21_no_extra_fields,True
Q2_逐箱交付!R21C1,True
Q2_逐箱交付!R21C2,True
Q2_逐箱交付!R21C3,True
Q2_逐箱交付!R21C4,True
Q2_逐箱交付/row22_no_extra_fields,True
Q2_逐箱交付!R22C1,True
Q2_逐箱交付!R22C2,True
Q2_逐箱交付!R22C3,True
Q2_逐箱交付!R22C4,True
Q2_逐箱交付/row23_no_extra_fields,True
Q2_逐箱交付!R23C1,True
Q2_逐箱交付!R23C2,True
Q2_逐箱交付!R23C3,True
Q2_逐箱交付!R23C4,True
Q2_逐箱交付/row24_no_extra_fields,True
Q2_逐箱交付!R24C1,True
Q2_逐箱交付!R24C2,True
Q2_逐箱交付!R24C3,True
Q2_逐箱交付!R24C4,True
Q2_逐箱交付/row25_no_extra_fields,True
Q2_逐箱交付!R25C1,True
Q2_逐箱交付!R25C2,True
Q2_逐箱交付!R25C3,True
Q2_逐箱交付!R25C4,True
Q2_逐箱交付/row26_no_extra_fields,True
Q2_逐箱交付!R26C1,True
Q2_逐箱交付!R26C2,True
Q2_逐箱交付!R26C3,True
Q2_逐箱交付!R26C4,True
Q2_逐箱交付/row27_no_extra_fields,True
Q2_逐箱交付!R27C1,True
Q2_逐箱交付!R27C2,True
Q2_逐箱交付!R27C3,True
Q2_逐箱交付!R27C4,True
Q2_逐箱交付/row28_no_extra_fields,True
Q2_逐箱交付!R28C1,True
Q2_逐箱交付!R28C2,True
Q2_逐箱交付!R28C3,True
Q2_逐箱交付!R28C4,True
Q2_逐箱交付/row29_no_extra_fields,True
Q2_逐箱交付!R29C1,True
Q2_逐箱交付!R29C2,True
Q2_逐箱交付!R29C3,True
Q2_逐箱交付!R29C4,True
Q2_逐箱交付/row30_no_extra_fields,True
Q2_逐箱交付!R30C1,True
Q2_逐箱交付!R30C2,True
Q2_逐箱交付!R30C3,True
Q2_逐箱交付!R30C4,True
Q2_逐箱交付/row31_no_extra_fields,True
Q2_逐箱交付!R31C1,True
Q2_逐箱交付!R31C2,True
Q2_逐箱交付!R31C3,True
Q2_逐箱交付!R31C4,True
Q2_逐箱交付/row32_no_extra_fields,True
Q2_逐箱交付!R32C1,True
Q2_逐箱交付!R32C2,True
Q2_逐箱交付!R32C3,True
Q2_逐箱交付!R32C4,True
Q2_逐箱交付/row33_no_extra_fields,True
Q2_逐箱交付!R33C1,True
Q2_逐箱交付!R33C2,True
Q2_逐箱交付!R33C3,True
Q2_逐箱交付!R33C4,True
Q2_逐箱交付/row34_no_extra_fields,True
Q2_逐箱交付!R34C1,True
Q2_逐箱交付!R34C2,True
Q2_逐箱交付!R34C3,True
Q2_逐箱交付!R34C4,True
Q2_逐箱交付/row35_no_extra_fields,True
Q2_逐箱交付!R35C1,True
Q2_逐箱交付!R35C2,True
Q2_逐箱交付!R35C3,True
Q2_逐箱交付!R35C4,True
Q2_逐箱交付/row36_no_extra_fields,True
Q2_逐箱交付!R36C1,True
Q2_逐箱交付!R36C2,True
Q2_逐箱交付!R36C3,True
Q2_逐箱交付!R36C4,True
Q2_逐箱交付/row37_no_extra_fields,True
Q2_逐箱交付!R37C1,True
Q2_逐箱交付!R37C2,True
Q2_逐箱交付!R37C3,True
Q2_逐箱交付!R37C4,True
Q2_逐箱交付/row38_no_extra_fields,True
Q2_逐箱交付!R38C1,True
Q2_逐箱交付!R38C2,True
Q2_逐箱交付!R38C3,True
Q2_逐箱交付!R38C4,True
Q2_逐箱交付/row39_no_extra_fields,True
Q2_逐箱交付!R39C1,True
Q2_逐箱交付!R39C2,True
Q2_逐箱交付!R39C3,True
Q2_逐箱交付!R39C4,True
Q2_逐箱交付/row40_no_extra_fields,True
Q2_逐箱交付!R40C1,True
Q2_逐箱交付!R40C2,True
Q2_逐箱交付!R40C3,True
Q2_逐箱交付!R40C4,True
Q2_逐箱交付/row41_no_extra_fields,True
Q2_逐箱交付!R41C1,True
Q2_逐箱交付!R41C2,True
Q2_逐箱交付!R41C3,True
Q2_逐箱交付!R41C4,True
Q2_逐箱交付/row42_no_extra_fields,True
Q2_逐箱交付!R42C1,True
Q2_逐箱交付!R42C2,True
Q2_逐箱交付!R42C3,True
Q2_逐箱交付!R42C4,True
Q2_逐箱交付/row43_no_extra_fields,True
Q2_逐箱交付!R43C1,True
Q2_逐箱交付!R43C2,True
Q2_逐箱交付!R43C3,True
Q2_逐箱交付!R43C4,True
Q2_逐箱交付/row44_no_extra_fields,True
Q2_逐箱交付!R44C1,True
Q2_逐箱交付!R44C2,True
Q2_逐箱交付!R44C3,True
Q2_逐箱交付!R44C4,True
Q2_逐箱交付/row45_no_extra_fields,True
Q2_逐箱交付!R45C1,True
Q2_逐箱交付!R45C2,True
Q2_逐箱交付!R45C3,True
Q2_逐箱交付!R45C4,True
Q2_逐箱交付/row46_no_extra_fields,True
Q2_逐箱交付!R46C1,True
Q2_逐箱交付!R46C2,True
Q2_逐箱交付!R46C3,True
Q2_逐箱交付!R46C4,True
Q2_逐箱交付/row47_no_extra_fields,True
Q2_逐箱交付!R47C1,True
Q2_逐箱交付!R47C2,True
Q2_逐箱交付!R47C3,True
Q2_逐箱交付!R47C4,True
Q2_逐箱交付/row48_no_extra_fields,True
Q2_逐箱交付!R48C1,True
Q2_逐箱交付!R48C2,True
Q2_逐箱交付!R48C3,True
Q2_逐箱交付!R48C4,True
Q2_逐箱交付/row49_no_extra_fields,True
Q2_逐箱交付!R49C1,True
Q2_逐箱交付!R49C2,True
Q2_逐箱交付!R49C3,True
Q2_逐箱交付!R49C4,True
Q2_逐箱交付/row50_no_extra_fields,True
Q2_逐箱交付!R50C1,True
Q2_逐箱交付!R50C2,True
Q2_逐箱交付!R50C3,True
Q2_逐箱交付!R50C4,True
Q2_逐箱交付/row51_no_extra_fields,True
Q2_逐箱交付!R51C1,True
Q2_逐箱交付!R51C2,True
Q2_逐箱交付!R51C3,True
Q2_逐箱交付!R51C4,True
Q2_逐箱交付/row52_no_extra_fields,True
Q2_逐箱交付!R52C1,True
Q2_逐箱交付!R52C2,True
Q2_逐箱交付!R52C3,True
Q2_逐箱交付!R52C4,True
Q2_逐箱交付/row53_no_extra_fields,True
Q2_逐箱交付!R53C1,True
Q2_逐箱交付!R53C2,True
Q2_逐箱交付!R53C3,True
Q2_逐箱交付!R53C4,True
Q2_逐箱交付/row54_no_extra_fields,True
Q2_逐箱交付!R54C1,True
Q2_逐箱交付!R54C2,True
Q2_逐箱交付!R54C3,True
Q2_逐箱交付!R54C4,True
Q2_逐箱交付/row55_no_extra_fields,True
Q2_逐箱交付!R55C1,True
Q2_逐箱交付!R55C2,True
Q2_逐箱交付!R55C3,True
Q2_逐箱交付!R55C4,True
Q2_逐箱交付/row56_no_extra_fields,True
Q2_逐箱交付!R56C1,True
Q2_逐箱交付!R56C2,True
Q2_逐箱交付!R56C3,True
Q2_逐箱交付!R56C4,True
Q2_逐箱交付/row57_no_extra_fields,True
Q2_逐箱交付!R57C1,True
Q2_逐箱交付!R57C2,True
Q2_逐箱交付!R57C3,True
Q2_逐箱交付!R57C4,True
Q2_逐箱交付/row58_no_extra_fields,True
Q2_逐箱交付!R58C1,True
Q2_逐箱交付!R58C2,True
Q2_逐箱交付!R58C3,True
Q2_逐箱交付!R58C4,True
Q2_逐箱交付/row59_no_extra_fields,True
Q2_逐箱交付!R59C1,True
Q2_逐箱交付!R59C2,True
Q2_逐箱交付!R59C3,True
Q2_逐箱交付!R59C4,True
Q2_逐箱交付/row60_no_extra_fields,True
Q2_逐箱交付!R60C1,True
Q2_逐箱交付!R60C2,True
Q2_逐箱交付!R60C3,True
Q2_逐箱交付!R60C4,True
Q2_逐箱交付/row61_no_extra_fields,True
Q2_逐箱交付!R61C1,True
Q2_逐箱交付!R61C2,True
Q2_逐箱交付!R61C3,True
Q2_逐箱交付!R61C4,True
Q2_逐箱交付/row62_no_extra_fields,True
Q2_逐箱交付!R62C1,True
Q2_逐箱交付!R62C2,True
Q2_逐箱交付!R62C3,True
Q2_逐箱交付!R62C4,True
Q2_逐箱交付/row63_no_extra_fields,True
Q2_逐箱交付!R63C1,True
Q2_逐箱交付!R63C2,True
Q2_逐箱交付!R63C3,True
Q2_逐箱交付!R63C4,True
Q2_逐箱交付/row64_no_extra_fields,True
Q2_逐箱交付!R64C1,True
Q2_逐箱交付!R64C2,True
Q2_逐箱交付!R64C3,True
Q2_逐箱交付!R64C4,True
Q2_逐箱交付/row65_no_extra_fields,True
Q2_逐箱交付!R65C1,True
Q2_逐箱交付!R65C2,True
Q2_逐箱交付!R65C3,True
Q2_逐箱交付!R65C4,True
Q2_逐箱交付/row66_no_extra_fields,True
Q2_逐箱交付!R66C1,True
Q2_逐箱交付!R66C2,True
Q2_逐箱交付!R66C3,True
Q2_逐箱交付!R66C4,True
Q2_逐箱交付/row67_no_extra_fields,True
Q2_逐箱交付!R67C1,True
Q2_逐箱交付!R67C2,True
Q2_逐箱交付!R67C3,True
Q2_逐箱交付!R67C4,True
Q2_逐箱交付/row68_no_extra_fields,True
Q2_逐箱交付!R68C1,True
Q2_逐箱交付!R68C2,True
Q2_逐箱交付!R68C3,True
Q2_逐箱交付!R68C4,True
Q2_逐箱交付/row69_no_extra_fields,True
Q2_逐箱交付!R69C1,True
Q2_逐箱交付!R69C2,True
Q2_逐箱交付!R69C3,True
Q2_逐箱交付!R69C4,True
Q2_逐箱交付/row70_no_extra_fields,True
Q2_逐箱交付!R70C1,True
Q2_逐箱交付!R70C2,True
Q2_逐箱交付!R70C3,True
Q2_逐箱交付!R70C4,True
Q2_逐箱交付/row71_no_extra_fields,True
Q2_逐箱交付!R71C1,True
Q2_逐箱交付!R71C2,True
Q2_逐箱交付!R71C3,True
Q2_逐箱交付!R71C4,True
Q2_逐箱交付/row72_no_extra_fields,True
Q2_逐箱交付!R72C1,True
Q2_逐箱交付!R72C2,True
Q2_逐箱交付!R72C3,True
Q2_逐箱交付!R72C4,True
Q2_逐箱交付/row73_no_extra_fields,True
Q2_逐箱交付!R73C1,True
Q2_逐箱交付!R73C2,True
Q2_逐箱交付!R73C3,True
Q2_逐箱交付!R73C4,True
Q2_逐箱交付/row74_no_extra_fields,True
Q2_逐箱交付!R74C1,True
Q2_逐箱交付!R74C2,True
Q2_逐箱交付!R74C3,True
Q2_逐箱交付!R74C4,True
Q2_逐箱交付/row75_no_extra_fields,True
Q2_逐箱交付!R75C1,True
Q2_逐箱交付!R75C2,True
Q2_逐箱交付!R75C3,True
Q2_逐箱交付!R75C4,True
Q2_逐箱交付/row76_no_extra_fields,True
Q2_逐箱交付!R76C1,True
Q2_逐箱交付!R76C2,True
Q2_逐箱交付!R76C3,True
Q2_逐箱交付!R76C4,True
Q2_逐箱交付/row77_no_extra_fields,True
Q2_逐箱交付!R77C1,True
Q2_逐箱交付!R77C2,True
Q2_逐箱交付!R77C3,True
Q2_逐箱交付!R77C4,True
Q2_逐箱交付/row78_no_extra_fields,True
Q2_逐箱交付!R78C1,True
Q2_逐箱交付!R78C2,True
Q2_逐箱交付!R78C3,True
Q2_逐箱交付!R78C4,True
Q2_逐箱交付/row79_no_extra_fields,True
Q2_逐箱交付!R79C1,True
Q2_逐箱交付!R79C2,True
Q2_逐箱交付!R79C3,True
Q2_逐箱交付!R79C4,True
Q2_逐箱交付/row80_no_extra_fields,True
Q2_逐箱交付!R80C1,True
Q2_逐箱交付!R80C2,True
Q2_逐箱交付!R80C3,True
Q2_逐箱交付!R80C4,True
Q2_逐箱交付/row81_no_extra_fields,True
Q2_逐箱交付!R81C1,True
Q2_逐箱交付!R81C2,True
Q2_逐箱交付!R81C3,True
Q2_逐箱交付!R81C4,True
Q3_中继架次/record_count,True
Q3_中继架次/row1_no_extra_fields,True
Q3_中继架次!R1C1,True
Q3_中继架次!R1C2,True
Q3_中继架次!R1C3,True
Q3_中继架次!R1C4,True
Q3_中继架次!R1C5,True
Q3_中继架次!R1C6,True
Q3_中继架次!R1C7,True
Q3_中继架次!R1C8,True
Q3_中继架次!R1C9,True
Q3_中继架次!R1C10,True
Q3_中继架次!R1C11,True
Q3_中继架次/row2_no_extra_fields,True
Q3_中继架次!R2C1,True
Q3_中继架次!R2C2,True
Q3_中继架次!R2C3,True
Q3_中继架次!R2C4,True
Q3_中继架次!R2C5,True
Q3_中继架次!R2C6,True
Q3_中继架次!R2C7,True
Q3_中继架次!R2C8,True
Q3_中继架次!R2C9,True
Q3_中继架次!R2C10,True
Q3_中继架次!R2C11,True
Q3_中继架次/row3_no_extra_fields,True
Q3_中继架次!R3C1,True
Q3_中继架次!R3C2,True
Q3_中继架次!R3C3,True
Q3_中继架次!R3C4,True
Q3_中继架次!R3C5,True
Q3_中继架次!R3C6,True
Q3_中继架次!R3C7,True
Q3_中继架次!R3C8,True
Q3_中继架次!R3C9,True
Q3_中继架次!R3C10,True
Q3_中继架次!R3C11,True
Q3_中继架次/row4_no_extra_fields,True
Q3_中继架次!R4C1,True
Q3_中继架次!R4C2,True
Q3_中继架次!R4C3,True
Q3_中继架次!R4C4,True
Q3_中继架次!R4C5,True
Q3_中继架次!R4C6,True
Q3_中继架次!R4C7,True
Q3_中继架次!R4C8,True
Q3_中继架次!R4C9,True
Q3_中继架次!R4C10,True
Q3_中继架次!R4C11,True
Q3_中继架次/row5_no_extra_fields,True
Q3_中继架次!R5C1,True
Q3_中继架次!R5C2,True
Q3_中继架次!R5C3,True
Q3_中继架次!R5C4,True
Q3_中继架次!R5C5,True
Q3_中继架次!R5C6,True
Q3_中继架次!R5C7,True
Q3_中继架次!R5C8,True
Q3_中继架次!R5C9,True
Q3_中继架次!R5C10,True
Q3_中继架次!R5C11,True
Q3_通信保障/record_count,True
Q3_通信保障/row1_no_extra_fields,True
Q3_通信保障!R1C1,True
Q3_通信保障!R1C2,True
Q3_通信保障!R1C3,True
Q3_通信保障!R1C4,True
Q3_通信保障!R1C5,True
Q3_通信保障!R1C6,True
Q3_通信保障/row2_no_extra_fields,True
Q3_通信保障!R2C1,True
Q3_通信保障!R2C2,True
Q3_通信保障!R2C3,True
Q3_通信保障!R2C4,True
Q3_通信保障!R2C5,True
Q3_通信保障!R2C6,True
Q3_通信保障/row3_no_extra_fields,True
Q3_通信保障!R3C1,True
Q3_通信保障!R3C2,True
Q3_通信保障!R3C3,True
Q3_通信保障!R3C4,True
Q3_通信保障!R3C5,True
Q3_通信保障!R3C6,True
Q3_通信保障/row4_no_extra_fields,True
Q3_通信保障!R4C1,True
Q3_通信保障!R4C2,True
Q3_通信保障!R4C3,True
Q3_通信保障!R4C4,True
Q3_通信保障!R4C5,True
Q3_通信保障!R4C6,True
Q3_通信保障/row5_no_extra_fields,True
Q3_通信保障!R5C1,True
Q3_通信保障!R5C2,True
Q3_通信保障!R5C3,True
Q3_通信保障!R5C4,True
Q3_通信保障!R5C5,True
Q3_通信保障!R5C6,True
Q3_通信保障/row6_no_extra_fields,True
Q3_通信保障!R6C1,True
Q3_通信保障!R6C2,True
Q3_通信保障!R6C3,True
Q3_通信保障!R6C4,True
Q3_通信保障!R6C5,True
Q3_通信保障!R6C6,True
Q3_通信保障/row7_no_extra_fields,True
Q3_通信保障!R7C1,True
Q3_通信保障!R7C2,True
Q3_通信保障!R7C3,True
Q3_通信保障!R7C4,True
Q3_通信保障!R7C5,True
Q3_通信保障!R7C6,True
Q3_通信保障/row8_no_extra_fields,True
Q3_通信保障!R8C1,True
Q3_通信保障!R8C2,True
Q3_通信保障!R8C3,True
Q3_通信保障!R8C4,True
Q3_通信保障!R8C5,True
Q3_通信保障!R8C6,True
Q3_通信保障/row9_no_extra_fields,True
Q3_通信保障!R9C1,True
Q3_通信保障!R9C2,True
Q3_通信保障!R9C3,True
Q3_通信保障!R9C4,True
Q3_通信保障!R9C5,True
Q3_通信保障!R9C6,True
Q3_通信保障/row10_no_extra_fields,True
Q3_通信保障!R10C1,True
Q3_通信保障!R10C2,True
Q3_通信保障!R10C3,True
Q3_通信保障!R10C4,True
Q3_通信保障!R10C5,True
Q3_通信保障!R10C6,True
Q3_通信保障/row11_no_extra_fields,True
Q3_通信保障!R11C1,True
Q3_通信保障!R11C2,True
Q3_通信保障!R11C3,True
Q3_通信保障!R11C4,True
Q3_通信保障!R11C5,True
Q3_通信保障!R11C6,True
Q3_通信保障/row12_no_extra_fields,True
Q3_通信保障!R12C1,True
Q3_通信保障!R12C2,True
Q3_通信保障!R12C3,True
Q3_通信保障!R12C4,True
Q3_通信保障!R12C5,True
Q3_通信保障!R12C6,True
Q3_通信保障/row13_no_extra_fields,True
Q3_通信保障!R13C1,True
Q3_通信保障!R13C2,True
Q3_通信保障!R13C3,True
Q3_通信保障!R13C4,True
Q3_通信保障!R13C5,True
Q3_通信保障!R13C6,True
Q3_通信保障/row14_no_extra_fields,True
Q3_通信保障!R14C1,True
Q3_通信保障!R14C2,True
Q3_通信保障!R14C3,True
Q3_通信保障!R14C4,True
Q3_通信保障!R14C5,True
Q3_通信保障!R14C6,True
Q3_通信保障/row15_no_extra_fields,True
Q3_通信保障!R15C1,True
Q3_通信保障!R15C2,True
Q3_通信保障!R15C3,True
Q3_通信保障!R15C4,True
Q3_通信保障!R15C5,True
Q3_通信保障!R15C6,True
Q3_通信保障/row16_no_extra_fields,True
Q3_通信保障!R16C1,True
Q3_通信保障!R16C2,True
Q3_通信保障!R16C3,True
Q3_通信保障!R16C4,True
Q3_通信保障!R16C5,True
Q3_通信保障!R16C6,True
Q3_通信保障/row17_no_extra_fields,True
Q3_通信保障!R17C1,True
Q3_通信保障!R17C2,True
Q3_通信保障!R17C3,True
Q3_通信保障!R17C4,True
Q3_通信保障!R17C5,True
Q3_通信保障!R17C6,True
Q3_通信保障/row18_no_extra_fields,True
Q3_通信保障!R18C1,True
Q3_通信保障!R18C2,True
Q3_通信保障!R18C3,True
Q3_通信保障!R18C4,True
Q3_通信保障!R18C5,True
Q3_通信保障!R18C6,True
Q3_通信保障/row19_no_extra_fields,True
Q3_通信保障!R19C1,True
Q3_通信保障!R19C2,True
Q3_通信保障!R19C3,True
Q3_通信保障!R19C4,True
Q3_通信保障!R19C5,True
Q3_通信保障!R19C6,True
Q3_通信保障/row20_no_extra_fields,True
Q3_通信保障!R20C1,True
Q3_通信保障!R20C2,True
Q3_通信保障!R20C3,True
Q3_通信保障!R20C4,True
Q3_通信保障!R20C5,True
Q3_通信保障!R20C6,True
Q3_通信保障/row21_no_extra_fields,True
Q3_通信保障!R21C1,True
Q3_通信保障!R21C2,True
Q3_通信保障!R21C3,True
Q3_通信保障!R21C4,True
Q3_通信保障!R21C5,True
Q3_通信保障!R21C6,True
Q3_通信保障/row22_no_extra_fields,True
Q3_通信保障!R22C1,True
Q3_通信保障!R22C2,True
Q3_通信保障!R22C3,True
Q3_通信保障!R22C4,True
Q3_通信保障!R22C5,True
Q3_通信保障!R22C6,True
Q3_通信保障/row23_no_extra_fields,True
Q3_通信保障!R23C1,True
Q3_通信保障!R23C2,True
Q3_通信保障!R23C3,True
Q3_通信保障!R23C4,True
Q3_通信保障!R23C5,True
Q3_通信保障!R23C6,True
Q3_通信保障/row24_no_extra_fields,True
Q3_通信保障!R24C1,True
Q3_通信保障!R24C2,True
Q3_通信保障!R24C3,True
Q3_通信保障!R24C4,True
Q3_通信保障!R24C5,True
Q3_通信保障!R24C6,True
Q3_通信保障/row25_no_extra_fields,True
Q3_通信保障!R25C1,True
Q3_通信保障!R25C2,True
Q3_通信保障!R25C3,True
Q3_通信保障!R25C4,True
Q3_通信保障!R25C5,True
Q3_通信保障!R25C6,True
Q3_通信保障/row26_no_extra_fields,True
Q3_通信保障!R26C1,True
Q3_通信保障!R26C2,True
Q3_通信保障!R26C3,True
Q3_通信保障!R26C4,True
Q3_通信保障!R26C5,True
Q3_通信保障!R26C6,True
Q3_通信保障/row27_no_extra_fields,True
Q3_通信保障!R27C1,True
Q3_通信保障!R27C2,True
Q3_通信保障!R27C3,True
Q3_通信保障!R27C4,True
Q3_通信保障!R27C5,True
Q3_通信保障!R27C6,True
Q3_通信保障/row28_no_extra_fields,True
Q3_通信保障!R28C1,True
Q3_通信保障!R28C2,True
Q3_通信保障!R28C3,True
Q3_通信保障!R28C4,True
Q3_通信保障!R28C5,True
Q3_通信保障!R28C6,True
Q3_通信保障/row29_no_extra_fields,True
Q3_通信保障!R29C1,True
Q3_通信保障!R29C2,True
Q3_通信保障!R29C3,True
Q3_通信保障!R29C4,True
Q3_通信保障!R29C5,True
Q3_通信保障!R29C6,True
Q3_通信保障/row30_no_extra_fields,True
Q3_通信保障!R30C1,True
Q3_通信保障!R30C2,True
Q3_通信保障!R30C3,True
Q3_通信保障!R30C4,True
Q3_通信保障!R30C5,True
Q3_通信保障!R30C6,True
Q3_通信保障/row31_no_extra_fields,True
Q3_通信保障!R31C1,True
Q3_通信保障!R31C2,True
Q3_通信保障!R31C3,True
Q3_通信保障!R31C4,True
Q3_通信保障!R31C5,True
Q3_通信保障!R31C6,True
Q3_通信保障/row32_no_extra_fields,True
Q3_通信保障!R32C1,True
Q3_通信保障!R32C2,True
Q3_通信保障!R32C3,True
Q3_通信保障!R32C4,True
Q3_通信保障!R32C5,True
Q3_通信保障!R32C6,True
Q3_通信保障/row33_no_extra_fields,True
Q3_通信保障!R33C1,True
Q3_通信保障!R33C2,True
Q3_通信保障!R33C3,True
Q3_通信保障!R33C4,True
Q3_通信保障!R33C5,True
Q3_通信保障!R33C6,True
Q3_通信保障/row34_no_extra_fields,True
Q3_通信保障!R34C1,True
Q3_通信保障!R34C2,True
Q3_通信保障!R34C3,True
Q3_通信保障!R34C4,True
Q3_通信保障!R34C5,True
Q3_通信保障!R34C6,True
Q3_通信保障/row35_no_extra_fields,True
Q3_通信保障!R35C1,True
Q3_通信保障!R35C2,True
Q3_通信保障!R35C3,True
Q3_通信保障!R35C4,True
Q3_通信保障!R35C5,True
Q3_通信保障!R35C6,True
Q3_通信保障/row36_no_extra_fields,True
Q3_通信保障!R36C1,True
Q3_通信保障!R36C2,True
Q3_通信保障!R36C3,True
Q3_通信保障!R36C4,True
Q3_通信保障!R36C5,True
Q3_通信保障!R36C6,True
Q3_通信保障/row37_no_extra_fields,True
Q3_通信保障!R37C1,True
Q3_通信保障!R37C2,True
Q3_通信保障!R37C3,True
Q3_通信保障!R37C4,True
Q3_通信保障!R37C5,True
Q3_通信保障!R37C6,True
Q3_通信保障/row38_no_extra_fields,True
Q3_通信保障!R38C1,True
Q3_通信保障!R38C2,True
Q3_通信保障!R38C3,True
Q3_通信保障!R38C4,True
Q3_通信保障!R38C5,True
Q3_通信保障!R38C6,True
Q3_通信保障/row39_no_extra_fields,True
Q3_通信保障!R39C1,True
Q3_通信保障!R39C2,True
Q3_通信保障!R39C3,True
Q3_通信保障!R39C4,True
Q3_通信保障!R39C5,True
Q3_通信保障!R39C6,True
Q3_通信保障/row40_no_extra_fields,True
Q3_通信保障!R40C1,True
Q3_通信保障!R40C2,True
Q3_通信保障!R40C3,True
Q3_通信保障!R40C4,True
Q3_通信保障!R40C5,True
Q3_通信保障!R40C6,True
Q3_通信保障/row41_no_extra_fields,True
Q3_通信保障!R41C1,True
Q3_通信保障!R41C2,True
Q3_通信保障!R41C3,True
Q3_通信保障!R41C4,True
Q3_通信保障!R41C5,True
Q3_通信保障!R41C6,True
Q3_通信保障/row42_no_extra_fields,True
Q3_通信保障!R42C1,True
Q3_通信保障!R42C2,True
Q3_通信保障!R42C3,True
Q3_通信保障!R42C4,True
Q3_通信保障!R42C5,True
Q3_通信保障!R42C6,True
Q3_通信保障/row43_no_extra_fields,True
Q3_通信保障!R43C1,True
Q3_通信保障!R43C2,True
Q3_通信保障!R43C3,True
Q3_通信保障!R43C4,True
Q3_通信保障!R43C5,True
Q3_通信保障!R43C6,True
Q3_通信保障/row44_no_extra_fields,True
Q3_通信保障!R44C1,True
Q3_通信保障!R44C2,True
Q3_通信保障!R44C3,True
Q3_通信保障!R44C4,True
Q3_通信保障!R44C5,True
Q3_通信保障!R44C6,True
Q3_通信保障/row45_no_extra_fields,True
Q3_通信保障!R45C1,True
Q3_通信保障!R45C2,True
Q3_通信保障!R45C3,True
Q3_通信保障!R45C4,True
Q3_通信保障!R45C5,True
Q3_通信保障!R45C6,True
Q3_通信保障/row46_no_extra_fields,True
Q3_通信保障!R46C1,True
Q3_通信保障!R46C2,True
Q3_通信保障!R46C3,True
Q3_通信保障!R46C4,True
Q3_通信保障!R46C5,True
Q3_通信保障!R46C6,True
Q3_通信保障/row47_no_extra_fields,True
Q3_通信保障!R47C1,True
Q3_通信保障!R47C2,True
Q3_通信保障!R47C3,True
Q3_通信保障!R47C4,True
Q3_通信保障!R47C5,True
Q3_通信保障!R47C6,True
Q3_通信保障/row48_no_extra_fields,True
Q3_通信保障!R48C1,True
Q3_通信保障!R48C2,True
Q3_通信保障!R48C3,True
Q3_通信保障!R48C4,True
Q3_通信保障!R48C5,True
Q3_通信保障!R48C6,True
Q3_通信保障/row49_no_extra_fields,True
Q3_通信保障!R49C1,True
Q3_通信保障!R49C2,True
Q3_通信保障!R49C3,True
Q3_通信保障!R49C4,True
Q3_通信保障!R49C5,True
Q3_通信保障!R49C6,True
Q3_通信保障/row50_no_extra_fields,True
Q3_通信保障!R50C1,True
Q3_通信保障!R50C2,True
Q3_通信保障!R50C3,True
Q3_通信保障!R50C4,True
Q3_通信保障!R50C5,True
Q3_通信保障!R50C6,True
Q3_通信保障/row51_no_extra_fields,True
Q3_通信保障!R51C1,True
Q3_通信保障!R51C2,True
Q3_通信保障!R51C3,True
Q3_通信保障!R51C4,True
Q3_通信保障!R51C5,True
Q3_通信保障!R51C6,True
Q3_通信保障/row52_no_extra_fields,True
Q3_通信保障!R52C1,True
Q3_通信保障!R52C2,True
Q3_通信保障!R52C3,True
Q3_通信保障!R52C4,True
Q3_通信保障!R52C5,True
Q3_通信保障!R52C6,True
Q3_通信保障/row53_no_extra_fields,True
Q3_通信保障!R53C1,True
Q3_通信保障!R53C2,True
Q3_通信保障!R53C3,True
Q3_通信保障!R53C4,True
Q3_通信保障!R53C5,True
Q3_通信保障!R53C6,True
Q3_通信保障/row54_no_extra_fields,True
Q3_通信保障!R54C1,True
Q3_通信保障!R54C2,True
Q3_通信保障!R54C3,True
Q3_通信保障!R54C4,True
Q3_通信保障!R54C5,True
Q3_通信保障!R54C6,True
Q3_通信保障/row55_no_extra_fields,True
Q3_通信保障!R55C1,True
Q3_通信保障!R55C2,True
Q3_通信保障!R55C3,True
Q3_通信保障!R55C4,True
Q3_通信保障!R55C5,True
Q3_通信保障!R55C6,True
Q3_通信保障/row56_no_extra_fields,True
Q3_通信保障!R56C1,True
Q3_通信保障!R56C2,True
Q3_通信保障!R56C3,True
Q3_通信保障!R56C4,True
Q3_通信保障!R56C5,True
Q3_通信保障!R56C6,True
Q3_通信保障/row57_no_extra_fields,True
Q3_通信保障!R57C1,True
Q3_通信保障!R57C2,True
Q3_通信保障!R57C3,True
Q3_通信保障!R57C4,True
Q3_通信保障!R57C5,True
Q3_通信保障!R57C6,True
Q3_通信保障/row58_no_extra_fields,True
Q3_通信保障!R58C1,True
Q3_通信保障!R58C2,True
Q3_通信保障!R58C3,True
Q3_通信保障!R58C4,True
Q3_通信保障!R58C5,True
Q3_通信保障!R58C6,True
Q3_通信保障/row59_no_extra_fields,True
Q3_通信保障!R59C1,True
Q3_通信保障!R59C2,True
Q3_通信保障!R59C3,True
Q3_通信保障!R59C4,True
Q3_通信保障!R59C5,True
Q3_通信保障!R59C6,True
Q3_通信保障/row60_no_extra_fields,True
Q3_通信保障!R60C1,True
Q3_通信保障!R60C2,True
Q3_通信保障!R60C3,True
Q3_通信保障!R60C4,True
Q3_通信保障!R60C5,True
Q3_通信保障!R60C6,True
Q3_通信保障/row61_no_extra_fields,True
Q3_通信保障!R61C1,True
Q3_通信保障!R61C2,True
Q3_通信保障!R61C3,True
Q3_通信保障!R61C4,True
Q3_通信保障!R61C5,True
Q3_通信保障!R61C6,True
Q3_通信保障/row62_no_extra_fields,True
Q3_通信保障!R62C1,True
Q3_通信保障!R62C2,True
Q3_通信保障!R62C3,True
Q3_通信保障!R62C4,True
Q3_通信保障!R62C5,True
Q3_通信保障!R62C6,True
Q3_通信保障/row63_no_extra_fields,True
Q3_通信保障!R63C1,True
Q3_通信保障!R63C2,True
Q3_通信保障!R63C3,True
Q3_通信保障!R63C4,True
Q3_通信保障!R63C5,True
Q3_通信保障!R63C6,True
Q3_通信保障/row64_no_extra_fields,True
Q3_通信保障!R64C1,True
Q3_通信保障!R64C2,True
Q3_通信保障!R64C3,True
Q3_通信保障!R64C4,True
Q3_通信保障!R64C5,True
Q3_通信保障!R64C6,True
Q3_通信保障/row65_no_extra_fields,True
Q3_通信保障!R65C1,True
Q3_通信保障!R65C2,True
Q3_通信保障!R65C3,True
Q3_通信保障!R65C4,True
Q3_通信保障!R65C5,True
Q3_通信保障!R65C6,True
Q3_通信保障/row66_no_extra_fields,True
Q3_通信保障!R66C1,True
Q3_通信保障!R66C2,True
Q3_通信保障!R66C3,True
Q3_通信保障!R66C4,True
Q3_通信保障!R66C5,True
Q3_通信保障!R66C6,True
Q3_通信保障/row67_no_extra_fields,True
Q3_通信保障!R67C1,True
Q3_通信保障!R67C2,True
Q3_通信保障!R67C3,True
Q3_通信保障!R67C4,True
Q3_通信保障!R67C5,True
Q3_通信保障!R67C6,True
Q3_通信保障/row68_no_extra_fields,True
Q3_通信保障!R68C1,True
Q3_通信保障!R68C2,True
Q3_通信保障!R68C3,True
Q3_通信保障!R68C4,True
Q3_通信保障!R68C5,True
Q3_通信保障!R68C6,True
Q3_通信保障/row69_no_extra_fields,True
Q3_通信保障!R69C1,True
Q3_通信保障!R69C2,True
Q3_通信保障!R69C3,True
Q3_通信保障!R69C4,True
Q3_通信保障!R69C5,True
Q3_通信保障!R69C6,True
Q3_通信保障/row70_no_extra_fields,True
Q3_通信保障!R70C1,True
Q3_通信保障!R70C2,True
Q3_通信保障!R70C3,True
Q3_通信保障!R70C4,True
Q3_通信保障!R70C5,True
Q3_通信保障!R70C6,True
Q3_通信保障/row71_no_extra_fields,True
Q3_通信保障!R71C1,True
Q3_通信保障!R71C2,True
Q3_通信保障!R71C3,True
Q3_通信保障!R71C4,True
Q3_通信保障!R71C5,True
Q3_通信保障!R71C6,True
Q3_通信保障/row72_no_extra_fields,True
Q3_通信保障!R72C1,True
Q3_通信保障!R72C2,True
Q3_通信保障!R72C3,True
Q3_通信保障!R72C4,True
Q3_通信保障!R72C5,True
Q3_通信保障!R72C6,True
Q3_通信保障/row73_no_extra_fields,True
Q3_通信保障!R73C1,True
Q3_通信保障!R73C2,True
Q3_通信保障!R73C3,True
Q3_通信保障!R73C4,True
Q3_通信保障!R73C5,True
Q3_通信保障!R73C6,True
Q3_通信保障/row74_no_extra_fields,True
Q3_通信保障!R74C1,True
Q3_通信保障!R74C2,True
Q3_通信保障!R74C3,True
Q3_通信保障!R74C4,True
Q3_通信保障!R74C5,True
Q3_通信保障!R74C6,True
Q3_通信保障/row75_no_extra_fields,True
Q3_通信保障!R75C1,True
Q3_通信保障!R75C2,True
Q3_通信保障!R75C3,True
Q3_通信保障!R75C4,True
Q3_通信保障!R75C5,True
Q3_通信保障!R75C6,True
Q3_通信保障/row76_no_extra_fields,True
Q3_通信保障!R76C1,True
Q3_通信保障!R76C2,True
Q3_通信保障!R76C3,True
Q3_通信保障!R76C4,True
Q3_通信保障!R76C5,True
Q3_通信保障!R76C6,True
Q3_通信保障/row77_no_extra_fields,True
Q3_通信保障!R77C1,True
Q3_通信保障!R77C2,True
Q3_通信保障!R77C3,True
Q3_通信保障!R77C4,True
Q3_通信保障!R77C5,True
Q3_通信保障!R77C6,True
Q3_通信保障/row78_no_extra_fields,True
Q3_通信保障!R78C1,True
Q3_通信保障!R78C2,True
Q3_通信保障!R78C3,True
Q3_通信保障!R78C4,True
Q3_通信保障!R78C5,True
Q3_通信保障!R78C6,True
Q3_通信保障/row79_no_extra_fields,True
Q3_通信保障!R79C1,True
Q3_通信保障!R79C2,True
Q3_通信保障!R79C3,True
Q3_通信保障!R79C4,True
Q3_通信保障!R79C5,True
Q3_通信保障!R79C6,True
Q3_通信保障/row80_no_extra_fields,True
Q3_通信保障!R80C1,True
Q3_通信保障!R80C2,True
Q3_通信保障!R80C3,True
Q3_通信保障!R80C4,True
Q3_通信保障!R80C5,True
Q3_通信保障!R80C6,True
Q3_通信保障/row81_no_extra_fields,True
Q3_通信保障!R81C1,True
Q3_通信保障!R81C2,True
Q3_通信保障!R81C3,True
Q3_通信保障!R81C4,True
Q3_通信保障!R81C5,True
Q3_通信保障!R81C6,True
Q3_通信保障/row82_no_extra_fields,True
Q3_通信保障!R82C1,True
Q3_通信保障!R82C2,True
Q3_通信保障!R82C3,True
Q3_通信保障!R82C4,True
Q3_通信保障!R82C5,True
Q3_通信保障!R82C6,True
Q3_通信保障/row83_no_extra_fields,True
Q3_通信保障!R83C1,True
Q3_通信保障!R83C2,True
Q3_通信保障!R83C3,True
Q3_通信保障!R83C4,True
Q3_通信保障!R83C5,True
Q3_通信保障!R83C6,True
Q3_通信保障/row84_no_extra_fields,True
Q3_通信保障!R84C1,True
Q3_通信保障!R84C2,True
Q3_通信保障!R84C3,True
Q3_通信保障!R84C4,True
Q3_通信保障!R84C5,True
Q3_通信保障!R84C6,True
Q3_通信保障/row85_no_extra_fields,True
Q3_通信保障!R85C1,True
Q3_通信保障!R85C2,True
Q3_通信保障!R85C3,True
Q3_通信保障!R85C4,True
Q3_通信保障!R85C5,True
Q3_通信保障!R85C6,True
Q3_通信保障/row86_no_extra_fields,True
Q3_通信保障!R86C1,True
Q3_通信保障!R86C2,True
Q3_通信保障!R86C3,True
Q3_通信保障!R86C4,True
Q3_通信保障!R86C5,True
Q3_通信保障!R86C6,True
Q3_通信保障/row87_no_extra_fields,True
Q3_通信保障!R87C1,True
Q3_通信保障!R87C2,True
Q3_通信保障!R87C3,True
Q3_通信保障!R87C4,True
Q3_通信保障!R87C5,True
Q3_通信保障!R87C6,True
Q3_通信保障/row88_no_extra_fields,True
Q3_通信保障!R88C1,True
Q3_通信保障!R88C2,True
Q3_通信保障!R88C3,True
Q3_通信保障!R88C4,True
Q3_通信保障!R88C5,True
Q3_通信保障!R88C6,True
Q3_通信保障/row89_no_extra_fields,True
Q3_通信保障!R89C1,True
Q3_通信保障!R89C2,True
Q3_通信保障!R89C3,True
Q3_通信保障!R89C4,True
Q3_通信保障!R89C5,True
Q3_通信保障!R89C6,True
Q3_通信保障/row90_no_extra_fields,True
Q3_通信保障!R90C1,True
Q3_通信保障!R90C2,True
Q3_通信保障!R90C3,True
Q3_通信保障!R90C4,True
Q3_通信保障!R90C5,True
Q3_通信保障!R90C6,True
Q3_通信保障/row91_no_extra_fields,True
Q3_通信保障!R91C1,True
Q3_通信保障!R91C2,True
Q3_通信保障!R91C3,True
Q3_通信保障!R91C4,True
Q3_通信保障!R91C5,True
Q3_通信保障!R91C6,True
Q3_通信保障/row92_no_extra_fields,True
Q3_通信保障!R92C1,True
Q3_通信保障!R92C2,True
Q3_通信保障!R92C3,True
Q3_通信保障!R92C4,True
Q3_通信保障!R92C5,True
Q3_通信保障!R92C6,True
Q3_通信保障/row93_no_extra_fields,True
Q3_通信保障!R93C1,True
Q3_通信保障!R93C2,True
Q3_通信保障!R93C3,True
Q3_通信保障!R93C4,True
Q3_通信保障!R93C5,True
Q3_通信保障!R93C6,True
Q3_通信保障/row94_no_extra_fields,True
Q3_通信保障!R94C1,True
Q3_通信保障!R94C2,True
Q3_通信保障!R94C3,True
Q3_通信保障!R94C4,True
Q3_通信保障!R94C5,True
Q3_通信保障!R94C6,True
Q3_通信保障/row95_no_extra_fields,True
Q3_通信保障!R95C1,True
Q3_通信保障!R95C2,True
Q3_通信保障!R95C3,True
Q3_通信保障!R95C4,True
Q3_通信保障!R95C5,True
Q3_通信保障!R95C6,True
Q3_通信保障/row96_no_extra_fields,True
Q3_通信保障!R96C1,True
Q3_通信保障!R96C2,True
Q3_通信保障!R96C3,True
Q3_通信保障!R96C4,True
Q3_通信保障!R96C5,True
Q3_通信保障!R96C6,True
Q3_通信保障/row97_no_extra_fields,True
Q3_通信保障!R97C1,True
Q3_通信保障!R97C2,True
Q3_通信保障!R97C3,True
Q3_通信保障!R97C4,True
Q3_通信保障!R97C5,True
Q3_通信保障!R97C6,True
Q3_通信保障/row98_no_extra_fields,True
Q3_通信保障!R98C1,True
Q3_通信保障!R98C2,True
Q3_通信保障!R98C3,True
Q3_通信保障!R98C4,True
Q3_通信保障!R98C5,True
Q3_通信保障!R98C6,True
Q3_通信保障/row99_no_extra_fields,True
Q3_通信保障!R99C1,True
Q3_通信保障!R99C2,True
Q3_通信保障!R99C3,True
Q3_通信保障!R99C4,True
Q3_通信保障!R99C5,True
Q3_通信保障!R99C6,True
Q3_通信保障/row100_no_extra_fields,True
Q3_通信保障!R100C1,True
Q3_通信保障!R100C2,True
Q3_通信保障!R100C3,True
Q3_通信保障!R100C4,True
Q3_通信保障!R100C5,True
Q3_通信保障!R100C6,True
Q3_通信保障/row101_no_extra_fields,True
Q3_通信保障!R101C1,True
Q3_通信保障!R101C2,True
Q3_通信保障!R101C3,True
Q3_通信保障!R101C4,True
Q3_通信保障!R101C5,True
Q3_通信保障!R101C6,True
Q3_通信保障/row102_no_extra_fields,True
Q3_通信保障!R102C1,True
Q3_通信保障!R102C2,True
Q3_通信保障!R102C3,True
Q3_通信保障!R102C4,True
Q3_通信保障!R102C5,True
Q3_通信保障!R102C6,True
Q3_通信保障/row103_no_extra_fields,True
Q3_通信保障!R103C1,True
Q3_通信保障!R103C2,True
Q3_通信保障!R103C3,True
Q3_通信保障!R103C4,True
Q3_通信保障!R103C5,True
Q3_通信保障!R103C6,True
Q3_通信保障/row104_no_extra_fields,True
Q3_通信保障!R104C1,True
Q3_通信保障!R104C2,True
Q3_通信保障!R104C3,True
Q3_通信保障!R104C4,True
Q3_通信保障!R104C5,True
Q3_通信保障!R104C6,True
Q3_通信保障/row105_no_extra_fields,True
Q3_通信保障!R105C1,True
Q3_通信保障!R105C2,True
Q3_通信保障!R105C3,True
Q3_通信保障!R105C4,True
Q3_通信保障!R105C5,True
Q3_通信保障!R105C6,True
Q3_通信保障/row106_no_extra_fields,True
Q3_通信保障!R106C1,True
Q3_通信保障!R106C2,True
Q3_通信保障!R106C3,True
Q3_通信保障!R106C4,True
Q3_通信保障!R106C5,True
Q3_通信保障!R106C6,True
Q3_通信保障/row107_no_extra_fields,True
Q3_通信保障!R107C1,True
Q3_通信保障!R107C2,True
Q3_通信保障!R107C3,True
Q3_通信保障!R107C4,True
Q3_通信保障!R107C5,True
Q3_通信保障!R107C6,True
Q3_通信保障/row108_no_extra_fields,True
Q3_通信保障!R108C1,True
Q3_通信保障!R108C2,True
Q3_通信保障!R108C3,True
Q3_通信保障!R108C4,True
Q3_通信保障!R108C5,True
Q3_通信保障!R108C6,True
Q3_通信保障/row109_no_extra_fields,True
Q3_通信保障!R109C1,True
Q3_通信保障!R109C2,True
Q3_通信保障!R109C3,True
Q3_通信保障!R109C4,True
Q3_通信保障!R109C5,True
Q3_通信保障!R109C6,True
Q3_通信保障/row110_no_extra_fields,True
Q3_通信保障!R110C1,True
Q3_通信保障!R110C2,True
Q3_通信保障!R110C3,True
Q3_通信保障!R110C4,True
Q3_通信保障!R110C5,True
Q3_通信保障!R110C6,True
Q3_通信保障/row111_no_extra_fields,True
Q3_通信保障!R111C1,True
Q3_通信保障!R111C2,True
Q3_通信保障!R111C3,True
Q3_通信保障!R111C4,True
Q3_通信保障!R111C5,True
Q3_通信保障!R111C6,True
Q3_通信保障/row112_no_extra_fields,True
Q3_通信保障!R112C1,True
Q3_通信保障!R112C2,True
Q3_通信保障!R112C3,True
Q3_通信保障!R112C4,True
Q3_通信保障!R112C5,True
Q3_通信保障!R112C6,True
Q3_通信保障/row113_no_extra_fields,True
Q3_通信保障!R113C1,True
Q3_通信保障!R113C2,True
Q3_通信保障!R113C3,True
Q3_通信保障!R113C4,True
Q3_通信保障!R113C5,True
Q3_通信保障!R113C6,True
Q3_通信保障/row114_no_extra_fields,True
Q3_通信保障!R114C1,True
Q3_通信保障!R114C2,True
Q3_通信保障!R114C3,True
Q3_通信保障!R114C4,True
Q3_通信保障!R114C5,True
Q3_通信保障!R114C6,True
Q3_通信保障/row115_no_extra_fields,True
Q3_通信保障!R115C1,True
Q3_通信保障!R115C2,True
Q3_通信保障!R115C3,True
Q3_通信保障!R115C4,True
Q3_通信保障!R115C5,True
Q3_通信保障!R115C6,True
Q3_通信保障/row116_no_extra_fields,True
Q3_通信保障!R116C1,True
Q3_通信保障!R116C2,True
Q3_通信保障!R116C3,True
Q3_通信保障!R116C4,True
Q3_通信保障!R116C5,True
Q3_通信保障!R116C6,True
Q3_通信保障/row117_no_extra_fields,True
Q3_通信保障!R117C1,True
Q3_通信保障!R117C2,True
Q3_通信保障!R117C3,True
Q3_通信保障!R117C4,True
Q3_通信保障!R117C5,True
Q3_通信保障!R117C6,True
Q3_通信保障/row118_no_extra_fields,True
Q3_通信保障!R118C1,True
Q3_通信保障!R118C2,True
Q3_通信保障!R118C3,True
Q3_通信保障!R118C4,True
Q3_通信保障!R118C5,True
Q3_通信保障!R118C6,True
Q3_通信保障/row119_no_extra_fields,True
Q3_通信保障!R119C1,True
Q3_通信保障!R119C2,True
Q3_通信保障!R119C3,True
Q3_通信保障!R119C4,True
Q3_通信保障!R119C5,True
Q3_通信保障!R119C6,True
Q3_通信保障/row120_no_extra_fields,True
Q3_通信保障!R120C1,True
Q3_通信保障!R120C2,True
Q3_通信保障!R120C3,True
Q3_通信保障!R120C4,True
Q3_通信保障!R120C5,True
Q3_通信保障!R120C6,True
Q3_通信保障/row121_no_extra_fields,True
Q3_通信保障!R121C1,True
Q3_通信保障!R121C2,True
Q3_通信保障!R121C3,True
Q3_通信保障!R121C4,True
Q3_通信保障!R121C5,True
Q3_通信保障!R121C6,True
Q3_通信保障/row122_no_extra_fields,True
Q3_通信保障!R122C1,True
Q3_通信保障!R122C2,True
Q3_通信保障!R122C3,True
Q3_通信保障!R122C4,True
Q3_通信保障!R122C5,True
Q3_通信保障!R122C6,True
Q3_通信保障/row123_no_extra_fields,True
Q3_通信保障!R123C1,True
Q3_通信保障!R123C2,True
Q3_通信保障!R123C3,True
Q3_通信保障!R123C4,True
Q3_通信保障!R123C5,True
Q3_通信保障!R123C6,True
Q3_通信保障/row124_no_extra_fields,True
Q3_通信保障!R124C1,True
Q3_通信保障!R124C2,True
Q3_通信保障!R124C3,True
Q3_通信保障!R124C4,True
Q3_通信保障!R124C5,True
Q3_通信保障!R124C6,True
Q3_通信保障/row125_no_extra_fields,True
Q3_通信保障!R125C1,True
Q3_通信保障!R125C2,True
Q3_通信保障!R125C3,True
Q3_通信保障!R125C4,True
Q3_通信保障!R125C5,True
Q3_通信保障!R125C6,True
Q3_通信保障/row126_no_extra_fields,True
Q3_通信保障!R126C1,True
Q3_通信保障!R126C2,True
Q3_通信保障!R126C3,True
Q3_通信保障!R126C4,True
Q3_通信保障!R126C5,True
Q3_通信保障!R126C6,True
Q3_通信保障/row127_no_extra_fields,True
Q3_通信保障!R127C1,True
Q3_通信保障!R127C2,True
Q3_通信保障!R127C3,True
Q3_通信保障!R127C4,True
Q3_通信保障!R127C5,True
Q3_通信保障!R127C6,True
Q3_通信保障/row128_no_extra_fields,True
Q3_通信保障!R128C1,True
Q3_通信保障!R128C2,True
Q3_通信保障!R128C3,True
Q3_通信保障!R128C4,True
Q3_通信保障!R128C5,True
Q3_通信保障!R128C6,True
Q3_通信保障/row129_no_extra_fields,True
Q3_通信保障!R129C1,True
Q3_通信保障!R129C2,True
Q3_通信保障!R129C3,True
Q3_通信保障!R129C4,True
Q3_通信保障!R129C5,True
Q3_通信保障!R129C6,True
Q3_通信保障/row130_no_extra_fields,True
Q3_通信保障!R130C1,True
Q3_通信保障!R130C2,True
Q3_通信保障!R130C3,True
Q3_通信保障!R130C4,True
Q3_通信保障!R130C5,True
Q3_通信保障!R130C6,True
Q3_通信保障/row131_no_extra_fields,True
Q3_通信保障!R131C1,True
Q3_通信保障!R131C2,True
Q3_通信保障!R131C3,True
Q3_通信保障!R131C4,True
Q3_通信保障!R131C5,True
Q3_通信保障!R131C6,True
Q3_通信保障/row132_no_extra_fields,True
Q3_通信保障!R132C1,True
Q3_通信保障!R132C2,True
Q3_通信保障!R132C3,True
Q3_通信保障!R132C4,True
Q3_通信保障!R132C5,True
Q3_通信保障!R132C6,True
Q3_通信保障/row133_no_extra_fields,True
Q3_通信保障!R133C1,True
Q3_通信保障!R133C2,True
Q3_通信保障!R133C3,True
Q3_通信保障!R133C4,True
Q3_通信保障!R133C5,True
Q3_通信保障!R133C6,True
Q3_通信保障/row134_no_extra_fields,True
Q3_通信保障!R134C1,True
Q3_通信保障!R134C2,True
Q3_通信保障!R134C3,True
Q3_通信保障!R134C4,True
Q3_通信保障!R134C5,True
Q3_通信保障!R134C6,True
Q3_通信保障/row135_no_extra_fields,True
Q3_通信保障!R135C1,True
Q3_通信保障!R135C2,True
Q3_通信保障!R135C3,True
Q3_通信保障!R135C4,True
Q3_通信保障!R135C5,True
Q3_通信保障!R135C6,True
Q3_通信保障/row136_no_extra_fields,True
Q3_通信保障!R136C1,True
Q3_通信保障!R136C2,True
Q3_通信保障!R136C3,True
Q3_通信保障!R136C4,True
Q3_通信保障!R136C5,True
Q3_通信保障!R136C6,True
Q3_通信保障/row137_no_extra_fields,True
Q3_通信保障!R137C1,True
Q3_通信保障!R137C2,True
Q3_通信保障!R137C3,True
Q3_通信保障!R137C4,True
Q3_通信保障!R137C5,True
Q3_通信保障!R137C6,True
Q3_通信保障/row138_no_extra_fields,True
Q3_通信保障!R138C1,True
Q3_通信保障!R138C2,True
Q3_通信保障!R138C3,True
Q3_通信保障!R138C4,True
Q3_通信保障!R138C5,True
Q3_通信保障!R138C6,True
Q3_通信保障/row139_no_extra_fields,True
Q3_通信保障!R139C1,True
Q3_通信保障!R139C2,True
Q3_通信保障!R139C3,True
Q3_通信保障!R139C4,True
Q3_通信保障!R139C5,True
Q3_通信保障!R139C6,True
Q3_通信保障/row140_no_extra_fields,True
Q3_通信保障!R140C1,True
Q3_通信保障!R140C2,True
Q3_通信保障!R140C3,True
Q3_通信保障!R140C4,True
Q3_通信保障!R140C5,True
Q3_通信保障!R140C6,True
Q3_通信保障/row141_no_extra_fields,True
Q3_通信保障!R141C1,True
Q3_通信保障!R141C2,True
Q3_通信保障!R141C3,True
Q3_通信保障!R141C4,True
Q3_通信保障!R141C5,True
Q3_通信保障!R141C6,True
Q3_通信保障/row142_no_extra_fields,True
Q3_通信保障!R142C1,True
Q3_通信保障!R142C2,True
Q3_通信保障!R142C3,True
Q3_通信保障!R142C4,True
Q3_通信保障!R142C5,True
Q3_通信保障!R142C6,True
Q3_通信保障/row143_no_extra_fields,True
Q3_通信保障!R143C1,True
Q3_通信保障!R143C2,True
Q3_通信保障!R143C3,True
Q3_通信保障!R143C4,True
Q3_通信保障!R143C5,True
Q3_通信保障!R143C6,True
Q3_通信保障/row144_no_extra_fields,True
Q3_通信保障!R144C1,True
Q3_通信保障!R144C2,True
Q3_通信保障!R144C3,True
Q3_通信保障!R144C4,True
Q3_通信保障!R144C5,True
Q3_通信保障!R144C6,True
Q3_通信保障/row145_no_extra_fields,True
Q3_通信保障!R145C1,True
Q3_通信保障!R145C2,True
Q3_通信保障!R145C3,True
Q3_通信保障!R145C4,True
Q3_通信保障!R145C5,True
Q3_通信保障!R145C6,True
Q3_通信保障/row146_no_extra_fields,True
Q3_通信保障!R146C1,True
Q3_通信保障!R146C2,True
Q3_通信保障!R146C3,True
Q3_通信保障!R146C4,True
Q3_通信保障!R146C5,True
Q3_通信保障!R146C6,True
Q3_通信保障/row147_no_extra_fields,True
Q3_通信保障!R147C1,True
Q3_通信保障!R147C2,True
Q3_通信保障!R147C3,True
Q3_通信保障!R147C4,True
Q3_通信保障!R147C5,True
Q3_通信保障!R147C6,True
Q3_通信保障/row148_no_extra_fields,True
Q3_通信保障!R148C1,True
Q3_通信保障!R148C2,True
Q3_通信保障!R148C3,True
Q3_通信保障!R148C4,True
Q3_通信保障!R148C5,True
Q3_通信保障!R148C6,True
Q3_通信保障/row149_no_extra_fields,True
Q3_通信保障!R149C1,True
Q3_通信保障!R149C2,True
Q3_通信保障!R149C3,True
Q3_通信保障!R149C4,True
Q3_通信保障!R149C5,True
Q3_通信保障!R149C6,True
Q3_通信保障/row150_no_extra_fields,True
Q3_通信保障!R150C1,True
Q3_通信保障!R150C2,True
Q3_通信保障!R150C3,True
Q3_通信保障!R150C4,True
Q3_通信保障!R150C5,True
Q3_通信保障!R150C6,True
Q3_通信保障/row151_no_extra_fields,True
Q3_通信保障!R151C1,True
Q3_通信保障!R151C2,True
Q3_通信保障!R151C3,True
Q3_通信保障!R151C4,True
Q3_通信保障!R151C5,True
Q3_通信保障!R151C6,True
Q3_通信保障/row152_no_extra_fields,True
Q3_通信保障!R152C1,True
Q3_通信保障!R152C2,True
Q3_通信保障!R152C3,True
Q3_通信保障!R152C4,True
Q3_通信保障!R152C5,True
Q3_通信保障!R152C6,True
Q3_通信保障/row153_no_extra_fields,True
Q3_通信保障!R153C1,True
Q3_通信保障!R153C2,True
Q3_通信保障!R153C3,True
Q3_通信保障!R153C4,True
Q3_通信保障!R153C5,True
Q3_通信保障!R153C6,True
Q3_通信保障/row154_no_extra_fields,True
Q3_通信保障!R154C1,True
Q3_通信保障!R154C2,True
Q3_通信保障!R154C3,True
Q3_通信保障!R154C4,True
Q3_通信保障!R154C5,True
Q3_通信保障!R154C6,True
Q3_通信保障/row155_no_extra_fields,True
Q3_通信保障!R155C1,True
Q3_通信保障!R155C2,True
Q3_通信保障!R155C3,True
Q3_通信保障!R155C4,True
Q3_通信保障!R155C5,True
Q3_通信保障!R155C6,True
Q3_通信保障/row156_no_extra_fields,True
Q3_通信保障!R156C1,True
Q3_通信保障!R156C2,True
Q3_通信保障!R156C3,True
Q3_通信保障!R156C4,True
Q3_通信保障!R156C5,True
Q3_通信保障!R156C6,True
Q3_通信保障/row157_no_extra_fields,True
Q3_通信保障!R157C1,True
Q3_通信保障!R157C2,True
Q3_通信保障!R157C3,True
Q3_通信保障!R157C4,True
Q3_通信保障!R157C5,True
Q3_通信保障!R157C6,True
Q3_通信保障/row158_no_extra_fields,True
Q3_通信保障!R158C1,True
Q3_通信保障!R158C2,True
Q3_通信保障!R158C3,True
Q3_通信保障!R158C4,True
Q3_通信保障!R158C5,True
Q3_通信保障!R158C6,True
Q3_通信保障/row159_no_extra_fields,True
Q3_通信保障!R159C1,True
Q3_通信保障!R159C2,True
Q3_通信保障!R159C3,True
Q3_通信保障!R159C4,True
Q3_通信保障!R159C5,True
Q3_通信保障!R159C6,True
Q3_通信保障/row160_no_extra_fields,True
Q3_通信保障!R160C1,True
Q3_通信保障!R160C2,True
Q3_通信保障!R160C3,True
Q3_通信保障!R160C4,True
Q3_通信保障!R160C5,True
Q3_通信保障!R160C6,True
Q3_通信保障/row161_no_extra_fields,True
Q3_通信保障!R161C1,True
Q3_通信保障!R161C2,True
Q3_通信保障!R161C3,True
Q3_通信保障!R161C4,True
Q3_通信保障!R161C5,True
Q3_通信保障!R161C6,True
Q3_通信保障/row162_no_extra_fields,True
Q3_通信保障!R162C1,True
Q3_通信保障!R162C2,True
Q3_通信保障!R162C3,True
Q3_通信保障!R162C4,True
Q3_通信保障!R162C5,True
Q3_通信保障!R162C6,True
Q3_通信保障/row163_no_extra_fields,True
Q3_通信保障!R163C1,True
Q3_通信保障!R163C2,True
Q3_通信保障!R163C3,True
Q3_通信保障!R163C4,True
Q3_通信保障!R163C5,True
Q3_通信保障!R163C6,True
Q3_通信保障/row164_no_extra_fields,True
Q3_通信保障!R164C1,True
Q3_通信保障!R164C2,True
Q3_通信保障!R164C3,True
Q3_通信保障!R164C4,True
Q3_通信保障!R164C5,True
Q3_通信保障!R164C6,True
Q3_通信保障/row165_no_extra_fields,True
Q3_通信保障!R165C1,True
Q3_通信保障!R165C2,True
Q3_通信保障!R165C3,True
Q3_通信保障!R165C4,True
Q3_通信保障!R165C5,True
Q3_通信保障!R165C6,True
Q3_通信保障/row166_no_extra_fields,True
Q3_通信保障!R166C1,True
Q3_通信保障!R166C2,True
Q3_通信保障!R166C3,True
Q3_通信保障!R166C4,True
Q3_通信保障!R166C5,True
Q3_通信保障!R166C6,True
Q3_通信保障/row167_no_extra_fields,True
Q3_通信保障!R167C1,True
Q3_通信保障!R167C2,True
Q3_通信保障!R167C3,True
Q3_通信保障!R167C4,True
Q3_通信保障!R167C5,True
Q3_通信保障!R167C6,True
Q3_通信保障/row168_no_extra_fields,True
Q3_通信保障!R168C1,True
Q3_通信保障!R168C2,True
Q3_通信保障!R168C3,True
Q3_通信保障!R168C4,True
Q3_通信保障!R168C5,True
Q3_通信保障!R168C6,True
Q3_通信保障/row169_no_extra_fields,True
Q3_通信保障!R169C1,True
Q3_通信保障!R169C2,True
Q3_通信保障!R169C3,True
Q3_通信保障!R169C4,True
Q3_通信保障!R169C5,True
Q3_通信保障!R169C6,True
Q3_通信保障/row170_no_extra_fields,True
Q3_通信保障!R170C1,True
Q3_通信保障!R170C2,True
Q3_通信保障!R170C3,True
Q3_通信保障!R170C4,True
Q3_通信保障!R170C5,True
Q3_通信保障!R170C6,True
Q3_通信保障/row171_no_extra_fields,True
Q3_通信保障!R171C1,True
Q3_通信保障!R171C2,True
Q3_通信保障!R171C3,True
Q3_通信保障!R171C4,True
Q3_通信保障!R171C5,True
Q3_通信保障!R171C6,True
Q3_通信保障/row172_no_extra_fields,True
Q3_通信保障!R172C1,True
Q3_通信保障!R172C2,True
Q3_通信保障!R172C3,True
Q3_通信保障!R172C4,True
Q3_通信保障!R172C5,True
Q3_通信保障!R172C6,True
Q3_通信保障/row173_no_extra_fields,True
Q3_通信保障!R173C1,True
Q3_通信保障!R173C2,True
Q3_通信保障!R173C3,True
Q3_通信保障!R173C4,True
Q3_通信保障!R173C5,True
Q3_通信保障!R173C6,True
Q3_通信保障/row174_no_extra_fields,True
Q3_通信保障!R174C1,True
Q3_通信保障!R174C2,True
Q3_通信保障!R174C3,True
Q3_通信保障!R174C4,True
Q3_通信保障!R174C5,True
Q3_通信保障!R174C6,True
Q3_通信保障/row175_no_extra_fields,True
Q3_通信保障!R175C1,True
Q3_通信保障!R175C2,True
Q3_通信保障!R175C3,True
Q3_通信保障!R175C4,True
Q3_通信保障!R175C5,True
Q3_通信保障!R175C6,True
Q3_通信保障/row176_no_extra_fields,True
Q3_通信保障!R176C1,True
Q3_通信保障!R176C2,True
Q3_通信保障!R176C3,True
Q3_通信保障!R176C4,True
Q3_通信保障!R176C5,True
Q3_通信保障!R176C6,True
Q3_通信保障/row177_no_extra_fields,True
Q3_通信保障!R177C1,True
Q3_通信保障!R177C2,True
Q3_通信保障!R177C3,True
Q3_通信保障!R177C4,True
Q3_通信保障!R177C5,True
Q3_通信保障!R177C6,True
Q3_通信保障/row178_no_extra_fields,True
Q3_通信保障!R178C1,True
Q3_通信保障!R178C2,True
Q3_通信保障!R178C3,True
Q3_通信保障!R178C4,True
Q3_通信保障!R178C5,True
Q3_通信保障!R178C6,True
Q3_通信保障/row179_no_extra_fields,True
Q3_通信保障!R179C1,True
Q3_通信保障!R179C2,True
Q3_通信保障!R179C3,True
Q3_通信保障!R179C4,True
Q3_通信保障!R179C5,True
Q3_通信保障!R179C6,True
Q3_通信保障/row180_no_extra_fields,True
Q3_通信保障!R180C1,True
Q3_通信保障!R180C2,True
Q3_通信保障!R180C3,True
Q3_通信保障!R180C4,True
Q3_通信保障!R180C5,True
Q3_通信保障!R180C6,True
Q3_通信保障/row181_no_extra_fields,True
Q3_通信保障!R181C1,True
Q3_通信保障!R181C2,True
Q3_通信保障!R181C3,True
Q3_通信保障!R181C4,True
Q3_通信保障!R181C5,True
Q3_通信保障!R181C6,True
Q3_通信保障/row182_no_extra_fields,True
Q3_通信保障!R182C1,True
Q3_通信保障!R182C2,True
Q3_通信保障!R182C3,True
Q3_通信保障!R182C4,True
Q3_通信保障!R182C5,True
Q3_通信保障!R182C6,True
Q3_通信保障/row183_no_extra_fields,True
Q3_通信保障!R183C1,True
Q3_通信保障!R183C2,True
Q3_通信保障!R183C3,True
Q3_通信保障!R183C4,True
Q3_通信保障!R183C5,True
Q3_通信保障!R183C6,True
Q3_通信保障/row184_no_extra_fields,True
Q3_通信保障!R184C1,True
Q3_通信保障!R184C2,True
Q3_通信保障!R184C3,True
Q3_通信保障!R184C4,True
Q3_通信保障!R184C5,True
Q3_通信保障!R184C6,True
Q3_通信保障/row185_no_extra_fields,True
Q3_通信保障!R185C1,True
Q3_通信保障!R185C2,True
Q3_通信保障!R185C3,True
Q3_通信保障!R185C4,True
Q3_通信保障!R185C5,True
Q3_通信保障!R185C6,True
Q3_通信保障/row186_no_extra_fields,True
Q3_通信保障!R186C1,True
Q3_通信保障!R186C2,True
Q3_通信保障!R186C3,True
Q3_通信保障!R186C4,True
Q3_通信保障!R186C5,True
Q3_通信保障!R186C6,True
Q3_通信保障/row187_no_extra_fields,True
Q3_通信保障!R187C1,True
Q3_通信保障!R187C2,True
Q3_通信保障!R187C3,True
Q3_通信保障!R187C4,True
Q3_通信保障!R187C5,True
Q3_通信保障!R187C6,True
Q3_通信保障/row188_no_extra_fields,True
Q3_通信保障!R188C1,True
Q3_通信保障!R188C2,True
Q3_通信保障!R188C3,True
Q3_通信保障!R188C4,True
Q3_通信保障!R188C5,True
Q3_通信保障!R188C6,True
Q3_通信保障/row189_no_extra_fields,True
Q3_通信保障!R189C1,True
Q3_通信保障!R189C2,True
Q3_通信保障!R189C3,True
Q3_通信保障!R189C4,True
Q3_通信保障!R189C5,True
Q3_通信保障!R189C6,True
Q3_通信保障/row190_no_extra_fields,True
Q3_通信保障!R190C1,True
Q3_通信保障!R190C2,True
Q3_通信保障!R190C3,True
Q3_通信保障!R190C4,True
Q3_通信保障!R190C5,True
Q3_通信保障!R190C6,True
Q3_通信保障/row191_no_extra_fields,True
Q3_通信保障!R191C1,True
Q3_通信保障!R191C2,True
Q3_通信保障!R191C3,True
Q3_通信保障!R191C4,True
Q3_通信保障!R191C5,True
Q3_通信保障!R191C6,True
Q3_通信保障/row192_no_extra_fields,True
Q3_通信保障!R192C1,True
Q3_通信保障!R192C2,True
Q3_通信保障!R192C3,True
Q3_通信保障!R192C4,True
Q3_通信保障!R192C5,True
Q3_通信保障!R192C6,True
Q3_通信保障/row193_no_extra_fields,True
Q3_通信保障!R193C1,True
Q3_通信保障!R193C2,True
Q3_通信保障!R193C3,True
Q3_通信保障!R193C4,True
Q3_通信保障!R193C5,True
Q3_通信保障!R193C6,True
Q3_通信保障/row194_no_extra_fields,True
Q3_通信保障!R194C1,True
Q3_通信保障!R194C2,True
Q3_通信保障!R194C3,True
Q3_通信保障!R194C4,True
Q3_通信保障!R194C5,True
Q3_通信保障!R194C6,True
Q3_通信保障/row195_no_extra_fields,True
Q3_通信保障!R195C1,True
Q3_通信保障!R195C2,True
Q3_通信保障!R195C3,True
Q3_通信保障!R195C4,True
Q3_通信保障!R195C5,True
Q3_通信保障!R195C6,True
Q3_通信保障/row196_no_extra_fields,True
Q3_通信保障!R196C1,True
Q3_通信保障!R196C2,True
Q3_通信保障!R196C3,True
Q3_通信保障!R196C4,True
Q3_通信保障!R196C5,True
Q3_通信保障!R196C6,True
Q3_通信保障/row197_no_extra_fields,True
Q3_通信保障!R197C1,True
Q3_通信保障!R197C2,True
Q3_通信保障!R197C3,True
Q3_通信保障!R197C4,True
Q3_通信保障!R197C5,True
Q3_通信保障!R197C6,True
Q3_通信保障/row198_no_extra_fields,True
Q3_通信保障!R198C1,True
Q3_通信保障!R198C2,True
Q3_通信保障!R198C3,True
Q3_通信保障!R198C4,True
Q3_通信保障!R198C5,True
Q3_通信保障!R198C6,True
Q3_通信保障/row199_no_extra_fields,True
Q3_通信保障!R199C1,True
Q3_通信保障!R199C2,True
Q3_通信保障!R199C3,True
Q3_通信保障!R199C4,True
Q3_通信保障!R199C5,True
Q3_通信保障!R199C6,True
Q3_通信保障/row200_no_extra_fields,True
Q3_通信保障!R200C1,True
Q3_通信保障!R200C2,True
Q3_通信保障!R200C3,True
Q3_通信保障!R200C4,True
Q3_通信保障!R200C5,True
Q3_通信保障!R200C6,True
Q3_通信保障/row201_no_extra_fields,True
Q3_通信保障!R201C1,True
Q3_通信保障!R201C2,True
Q3_通信保障!R201C3,True
Q3_通信保障!R201C4,True
Q3_通信保障!R201C5,True
Q3_通信保障!R201C6,True
Q3_通信保障/row202_no_extra_fields,True
Q3_通信保障!R202C1,True
Q3_通信保障!R202C2,True
Q3_通信保障!R202C3,True
Q3_通信保障!R202C4,True
Q3_通信保障!R202C5,True
Q3_通信保障!R202C6,True
Q3_通信保障/row203_no_extra_fields,True
Q3_通信保障!R203C1,True
Q3_通信保障!R203C2,True
Q3_通信保障!R203C3,True
Q3_通信保障!R203C4,True
Q3_通信保障!R203C5,True
Q3_通信保障!R203C6,True
Q3_通信保障/row204_no_extra_fields,True
Q3_通信保障!R204C1,True
Q3_通信保障!R204C2,True
Q3_通信保障!R204C3,True
Q3_通信保障!R204C4,True
Q3_通信保障!R204C5,True
Q3_通信保障!R204C6,True
Q3_通信保障/row205_no_extra_fields,True
Q3_通信保障!R205C1,True
Q3_通信保障!R205C2,True
Q3_通信保障!R205C3,True
Q3_通信保障!R205C4,True
Q3_通信保障!R205C5,True
Q3_通信保障!R205C6,True
Q3_通信保障/row206_no_extra_fields,True
Q3_通信保障!R206C1,True
Q3_通信保障!R206C2,True
Q3_通信保障!R206C3,True
Q3_通信保障!R206C4,True
Q3_通信保障!R206C5,True
Q3_通信保障!R206C6,True
Q3_通信保障/row207_no_extra_fields,True
Q3_通信保障!R207C1,True
Q3_通信保障!R207C2,True
Q3_通信保障!R207C3,True
Q3_通信保障!R207C4,True
Q3_通信保障!R207C5,True
Q3_通信保障!R207C6,True
Q3_通信保障/row208_no_extra_fields,True
Q3_通信保障!R208C1,True
Q3_通信保障!R208C2,True
Q3_通信保障!R208C3,True
Q3_通信保障!R208C4,True
Q3_通信保障!R208C5,True
Q3_通信保障!R208C6,True
Q3_通信保障/row209_no_extra_fields,True
Q3_通信保障!R209C1,True
Q3_通信保障!R209C2,True
Q3_通信保障!R209C3,True
Q3_通信保障!R209C4,True
Q3_通信保障!R209C5,True
Q3_通信保障!R209C6,True
Q3_通信保障/row210_no_extra_fields,True
Q3_通信保障!R210C1,True
Q3_通信保障!R210C2,True
Q3_通信保障!R210C3,True
Q3_通信保障!R210C4,True
Q3_通信保障!R210C5,True
Q3_通信保障!R210C6,True
Q3_通信保障/row211_no_extra_fields,True
Q3_通信保障!R211C1,True
Q3_通信保障!R211C2,True
Q3_通信保障!R211C3,True
Q3_通信保障!R211C4,True
Q3_通信保障!R211C5,True
Q3_通信保障!R211C6,True
Q3_通信保障/row212_no_extra_fields,True
Q3_通信保障!R212C1,True
Q3_通信保障!R212C2,True
Q3_通信保障!R212C3,True
Q3_通信保障!R212C4,True
Q3_通信保障!R212C5,True
Q3_通信保障!R212C6,True
Q3_通信保障/row213_no_extra_fields,True
Q3_通信保障!R213C1,True
Q3_通信保障!R213C2,True
Q3_通信保障!R213C3,True
Q3_通信保障!R213C4,True
Q3_通信保障!R213C5,True
Q3_通信保障!R213C6,True
Q3_通信保障/row214_no_extra_fields,True
Q3_通信保障!R214C1,True
Q3_通信保障!R214C2,True
Q3_通信保障!R214C3,True
Q3_通信保障!R214C4,True
Q3_通信保障!R214C5,True
Q3_通信保障!R214C6,True
Q3_通信保障/row215_no_extra_fields,True
Q3_通信保障!R215C1,True
Q3_通信保障!R215C2,True
Q3_通信保障!R215C3,True
Q3_通信保障!R215C4,True
Q3_通信保障!R215C5,True
Q3_通信保障!R215C6,True
Q3_通信保障/row216_no_extra_fields,True
Q3_通信保障!R216C1,True
Q3_通信保障!R216C2,True
Q3_通信保障!R216C3,True
Q3_通信保障!R216C4,True
Q3_通信保障!R216C5,True
Q3_通信保障!R216C6,True
Q3_通信保障/row217_no_extra_fields,True
Q3_通信保障!R217C1,True
Q3_通信保障!R217C2,True
Q3_通信保障!R217C3,True
Q3_通信保障!R217C4,True
Q3_通信保障!R217C5,True
Q3_通信保障!R217C6,True
Q3_通信保障/row218_no_extra_fields,True
Q3_通信保障!R218C1,True
Q3_通信保障!R218C2,True
Q3_通信保障!R218C3,True
Q3_通信保障!R218C4,True
Q3_通信保障!R218C5,True
Q3_通信保障!R218C6,True
Q3_通信保障/row219_no_extra_fields,True
Q3_通信保障!R219C1,True
Q3_通信保障!R219C2,True
Q3_通信保障!R219C3,True
Q3_通信保障!R219C4,True
Q3_通信保障!R219C5,True
Q3_通信保障!R219C6,True
Q3_通信保障/row220_no_extra_fields,True
Q3_通信保障!R220C1,True
Q3_通信保障!R220C2,True
Q3_通信保障!R220C3,True
Q3_通信保障!R220C4,True
Q3_通信保障!R220C5,True
Q3_通信保障!R220C6,True
Q3_通信保障/row221_no_extra_fields,True
Q3_通信保障!R221C1,True
Q3_通信保障!R221C2,True
Q3_通信保障!R221C3,True
Q3_通信保障!R221C4,True
Q3_通信保障!R221C5,True
Q3_通信保障!R221C6,True
Q3_通信保障/row222_no_extra_fields,True
Q3_通信保障!R222C1,True
Q3_通信保障!R222C2,True
Q3_通信保障!R222C3,True
Q3_通信保障!R222C4,True
Q3_通信保障!R222C5,True
Q3_通信保障!R222C6,True
Q3_通信保障/row223_no_extra_fields,True
Q3_通信保障!R223C1,True
Q3_通信保障!R223C2,True
Q3_通信保障!R223C3,True
Q3_通信保障!R223C4,True
Q3_通信保障!R223C5,True
Q3_通信保障!R223C6,True
Q3_通信保障/row224_no_extra_fields,True
Q3_通信保障!R224C1,True
Q3_通信保障!R224C2,True
Q3_通信保障!R224C3,True
Q3_通信保障!R224C4,True
Q3_通信保障!R224C5,True
Q3_通信保障!R224C6,True
Q3_通信保障/row225_no_extra_fields,True
Q3_通信保障!R225C1,True
Q3_通信保障!R225C2,True
Q3_通信保障!R225C3,True
Q3_通信保障!R225C4,True
Q3_通信保障!R225C5,True
Q3_通信保障!R225C6,True
Q3_通信保障/row226_no_extra_fields,True
Q3_通信保障!R226C1,True
Q3_通信保障!R226C2,True
Q3_通信保障!R226C3,True
Q3_通信保障!R226C4,True
Q3_通信保障!R226C5,True
Q3_通信保障!R226C6,True
Q3_通信保障/row227_no_extra_fields,True
Q3_通信保障!R227C1,True
Q3_通信保障!R227C2,True
Q3_通信保障!R227C3,True
Q3_通信保障!R227C4,True
Q3_通信保障!R227C5,True
Q3_通信保障!R227C6,True
Q3_通信保障/row228_no_extra_fields,True
Q3_通信保障!R228C1,True
Q3_通信保障!R228C2,True
Q3_通信保障!R228C3,True
Q3_通信保障!R228C4,True
Q3_通信保障!R228C5,True
Q3_通信保障!R228C6,True
Q3_通信保障/row229_no_extra_fields,True
Q3_通信保障!R229C1,True
Q3_通信保障!R229C2,True
Q3_通信保障!R229C3,True
Q3_通信保障!R229C4,True
Q3_通信保障!R229C5,True
Q3_通信保障!R229C6,True
Q3_通信保障/row230_no_extra_fields,True
Q3_通信保障!R230C1,True
Q3_通信保障!R230C2,True
Q3_通信保障!R230C3,True
Q3_通信保障!R230C4,True
Q3_通信保障!R230C5,True
Q3_通信保障!R230C6,True
Q3_通信保障/row231_no_extra_fields,True
Q3_通信保障!R231C1,True
Q3_通信保障!R231C2,True
Q3_通信保障!R231C3,True
Q3_通信保障!R231C4,True
Q3_通信保障!R231C5,True
Q3_通信保障!R231C6,True
Q3_通信保障/row232_no_extra_fields,True
Q3_通信保障!R232C1,True
Q3_通信保障!R232C2,True
Q3_通信保障!R232C3,True
Q3_通信保障!R232C4,True
Q3_通信保障!R232C5,True
Q3_通信保障!R232C6,True
Q3_通信保障/row233_no_extra_fields,True
Q3_通信保障!R233C1,True
Q3_通信保障!R233C2,True
Q3_通信保障!R233C3,True
Q3_通信保障!R233C4,True
Q3_通信保障!R233C5,True
Q3_通信保障!R233C6,True
Q3_通信保障/row234_no_extra_fields,True
Q3_通信保障!R234C1,True
Q3_通信保障!R234C2,True
Q3_通信保障!R234C3,True
Q3_通信保障!R234C4,True
Q3_通信保障!R234C5,True
Q3_通信保障!R234C6,True
Q3_通信保障/row235_no_extra_fields,True
Q3_通信保障!R235C1,True
Q3_通信保障!R235C2,True
Q3_通信保障!R235C3,True
Q3_通信保障!R235C4,True
Q3_通信保障!R235C5,True
Q3_通信保障!R235C6,True
Q3_通信保障/row236_no_extra_fields,True
Q3_通信保障!R236C1,True
Q3_通信保障!R236C2,True
Q3_通信保障!R236C3,True
Q3_通信保障!R236C4,True
Q3_通信保障!R236C5,True
Q3_通信保障!R236C6,True
Q3_通信保障/row237_no_extra_fields,True
Q3_通信保障!R237C1,True
Q3_通信保障!R237C2,True
Q3_通信保障!R237C3,True
Q3_通信保障!R237C4,True
Q3_通信保障!R237C5,True
Q3_通信保障!R237C6,True
Q3_通信保障/row238_no_extra_fields,True
Q3_通信保障!R238C1,True
Q3_通信保障!R238C2,True
Q3_通信保障!R238C3,True
Q3_通信保障!R238C4,True
Q3_通信保障!R238C5,True
Q3_通信保障!R238C6,True
Q3_通信保障/row239_no_extra_fields,True
Q3_通信保障!R239C1,True
Q3_通信保障!R239C2,True
Q3_通信保障!R239C3,True
Q3_通信保障!R239C4,True
Q3_通信保障!R239C5,True
Q3_通信保障!R239C6,True
Q3_通信保障/row240_no_extra_fields,True
Q3_通信保障!R240C1,True
Q3_通信保障!R240C2,True
Q3_通信保障!R240C3,True
Q3_通信保障!R240C4,True
Q3_通信保障!R240C5,True
Q3_通信保障!R240C6,True
Q3_通信保障/row241_no_extra_fields,True
Q3_通信保障!R241C1,True
Q3_通信保障!R241C2,True
Q3_通信保障!R241C3,True
Q3_通信保障!R241C4,True
Q3_通信保障!R241C5,True
Q3_通信保障!R241C6,True
Q3_通信保障/row242_no_extra_fields,True
Q3_通信保障!R242C1,True
Q3_通信保障!R242C2,True
Q3_通信保障!R242C3,True
Q3_通信保障!R242C4,True
Q3_通信保障!R242C5,True
Q3_通信保障!R242C6,True
Q3_通信保障/row243_no_extra_fields,True
Q3_通信保障!R243C1,True
Q3_通信保障!R243C2,True
Q3_通信保障!R243C3,True
Q3_通信保障!R243C4,True
Q3_通信保障!R243C5,True
Q3_通信保障!R243C6,True
Q3_通信保障/row244_no_extra_fields,True
Q3_通信保障!R244C1,True
Q3_通信保障!R244C2,True
Q3_通信保障!R244C3,True
Q3_通信保障!R244C4,True
Q3_通信保障!R244C5,True
Q3_通信保障!R244C6,True
Q3_通信保障/row245_no_extra_fields,True
Q3_通信保障!R245C1,True
Q3_通信保障!R245C2,True
Q3_通信保障!R245C3,True
Q3_通信保障!R245C4,True
Q3_通信保障!R245C5,True
Q3_通信保障!R245C6,True
Q3_通信保障/row246_no_extra_fields,True
Q3_通信保障!R246C1,True
Q3_通信保障!R246C2,True
Q3_通信保障!R246C3,True
Q3_通信保障!R246C4,True
Q3_通信保障!R246C5,True
Q3_通信保障!R246C6,True
Q3_通信保障/row247_no_extra_fields,True
Q3_通信保障!R247C1,True
Q3_通信保障!R247C2,True
Q3_通信保障!R247C3,True
Q3_通信保障!R247C4,True
Q3_通信保障!R247C5,True
Q3_通信保障!R247C6,True
Q3_通信保障/row248_no_extra_fields,True
Q3_通信保障!R248C1,True
Q3_通信保障!R248C2,True
Q3_通信保障!R248C3,True
Q3_通信保障!R248C4,True
Q3_通信保障!R248C5,True
Q3_通信保障!R248C6,True
Q3_通信保障/row249_no_extra_fields,True
Q3_通信保障!R249C1,True
Q3_通信保障!R249C2,True
Q3_通信保障!R249C3,True
Q3_通信保障!R249C4,True
Q3_通信保障!R249C5,True
Q3_通信保障!R249C6,True
Q3_通信保障/row250_no_extra_fields,True
Q3_通信保障!R250C1,True
Q3_通信保障!R250C2,True
Q3_通信保障!R250C3,True
Q3_通信保障!R250C4,True
Q3_通信保障!R250C5,True
Q3_通信保障!R250C6,True
Q3_通信保障/row251_no_extra_fields,True
Q3_通信保障!R251C1,True
Q3_通信保障!R251C2,True
Q3_通信保障!R251C3,True
Q3_通信保障!R251C4,True
Q3_通信保障!R251C5,True
Q3_通信保障!R251C6,True
Q3_通信保障/row252_no_extra_fields,True
Q3_通信保障!R252C1,True
Q3_通信保障!R252C2,True
Q3_通信保障!R252C3,True
Q3_通信保障!R252C4,True
Q3_通信保障!R252C5,True
Q3_通信保障!R252C6,True
Q3_通信保障/row253_no_extra_fields,True
Q3_通信保障!R253C1,True
Q3_通信保障!R253C2,True
Q3_通信保障!R253C3,True
Q3_通信保障!R253C4,True
Q3_通信保障!R253C5,True
Q3_通信保障!R253C6,True
Q3_通信保障/row254_no_extra_fields,True
Q3_通信保障!R254C1,True
Q3_通信保障!R254C2,True
Q3_通信保障!R254C3,True
Q3_通信保障!R254C4,True
Q3_通信保障!R254C5,True
Q3_通信保障!R254C6,True
Q3_通信保障/row255_no_extra_fields,True
Q3_通信保障!R255C1,True
Q3_通信保障!R255C2,True
Q3_通信保障!R255C3,True
Q3_通信保障!R255C4,True
Q3_通信保障!R255C5,True
Q3_通信保障!R255C6,True
Q3_通信保障/row256_no_extra_fields,True
Q3_通信保障!R256C1,True
Q3_通信保障!R256C2,True
Q3_通信保障!R256C3,True
Q3_通信保障!R256C4,True
Q3_通信保障!R256C5,True
Q3_通信保障!R256C6,True
Q3_通信保障/row257_no_extra_fields,True
Q3_通信保障!R257C1,True
Q3_通信保障!R257C2,True
Q3_通信保障!R257C3,True
Q3_通信保障!R257C4,True
Q3_通信保障!R257C5,True
Q3_通信保障!R257C6,True
Q3_通信保障/row258_no_extra_fields,True
Q3_通信保障!R258C1,True
Q3_通信保障!R258C2,True
Q3_通信保障!R258C3,True
Q3_通信保障!R258C4,True
Q3_通信保障!R258C5,True
Q3_通信保障!R258C6,True
Q3_通信保障/row259_no_extra_fields,True
Q3_通信保障!R259C1,True
Q3_通信保障!R259C2,True
Q3_通信保障!R259C3,True
Q3_通信保障!R259C4,True
Q3_通信保障!R259C5,True
Q3_通信保障!R259C6,True
Q3_通信保障/row260_no_extra_fields,True
Q3_通信保障!R260C1,True
Q3_通信保障!R260C2,True
Q3_通信保障!R260C3,True
Q3_通信保障!R260C4,True
Q3_通信保障!R260C5,True
Q3_通信保障!R260C6,True
Q3_通信保障/row261_no_extra_fields,True
Q3_通信保障!R261C1,True
Q3_通信保障!R261C2,True
Q3_通信保障!R261C3,True
Q3_通信保障!R261C4,True
Q3_通信保障!R261C5,True
Q3_通信保障!R261C6,True
Q3_通信保障/row262_no_extra_fields,True
Q3_通信保障!R262C1,True
Q3_通信保障!R262C2,True
Q3_通信保障!R262C3,True
Q3_通信保障!R262C4,True
Q3_通信保障!R262C5,True
Q3_通信保障!R262C6,True
Q3_通信保障/row263_no_extra_fields,True
Q3_通信保障!R263C1,True
Q3_通信保障!R263C2,True
Q3_通信保障!R263C3,True
Q3_通信保障!R263C4,True
Q3_通信保障!R263C5,True
Q3_通信保障!R263C6,True
Q3_通信保障/row264_no_extra_fields,True
Q3_通信保障!R264C1,True
Q3_通信保障!R264C2,True
Q3_通信保障!R264C3,True
Q3_通信保障!R264C4,True
Q3_通信保障!R264C5,True
Q3_通信保障!R264C6,True
Q3_通信保障/row265_no_extra_fields,True
Q3_通信保障!R265C1,True
Q3_通信保障!R265C2,True
Q3_通信保障!R265C3,True
Q3_通信保障!R265C4,True
Q3_通信保障!R265C5,True
Q3_通信保障!R265C6,True
Q3_通信保障/row266_no_extra_fields,True
Q3_通信保障!R266C1,True
Q3_通信保障!R266C2,True
Q3_通信保障!R266C3,True
Q3_通信保障!R266C4,True
Q3_通信保障!R266C5,True
Q3_通信保障!R266C6,True
Q3_通信保障/row267_no_extra_fields,True
Q3_通信保障!R267C1,True
Q3_通信保障!R267C2,True
Q3_通信保障!R267C3,True
Q3_通信保障!R267C4,True
Q3_通信保障!R267C5,True
Q3_通信保障!R267C6,True
Q3_通信保障/row268_no_extra_fields,True
Q3_通信保障!R268C1,True
Q3_通信保障!R268C2,True
Q3_通信保障!R268C3,True
Q3_通信保障!R268C4,True
Q3_通信保障!R268C5,True
Q3_通信保障!R268C6,True
Q3_通信保障/row269_no_extra_fields,True
Q3_通信保障!R269C1,True
Q3_通信保障!R269C2,True
Q3_通信保障!R269C3,True
Q3_通信保障!R269C4,True
Q3_通信保障!R269C5,True
Q3_通信保障!R269C6,True
Q3_通信保障/row270_no_extra_fields,True
Q3_通信保障!R270C1,True
Q3_通信保障!R270C2,True
Q3_通信保障!R270C3,True
Q3_通信保障!R270C4,True
Q3_通信保障!R270C5,True
Q3_通信保障!R270C6,True
Q3_通信保障/row271_no_extra_fields,True
Q3_通信保障!R271C1,True
Q3_通信保障!R271C2,True
Q3_通信保障!R271C3,True
Q3_通信保障!R271C4,True
Q3_通信保障!R271C5,True
Q3_通信保障!R271C6,True
Q3_通信保障/row272_no_extra_fields,True
Q3_通信保障!R272C1,True
Q3_通信保障!R272C2,True
Q3_通信保障!R272C3,True
Q3_通信保障!R272C4,True
Q3_通信保障!R272C5,True
Q3_通信保障!R272C6,True
Q3_通信保障/row273_no_extra_fields,True
Q3_通信保障!R273C1,True
Q3_通信保障!R273C2,True
Q3_通信保障!R273C3,True
Q3_通信保障!R273C4,True
Q3_通信保障!R273C5,True
Q3_通信保障!R273C6,True
Q3_通信保障/row274_no_extra_fields,True
Q3_通信保障!R274C1,True
Q3_通信保障!R274C2,True
Q3_通信保障!R274C3,True
Q3_通信保障!R274C4,True
Q3_通信保障!R274C5,True
Q3_通信保障!R274C6,True
Q3_通信保障/row275_no_extra_fields,True
Q3_通信保障!R275C1,True
Q3_通信保障!R275C2,True
Q3_通信保障!R275C3,True
Q3_通信保障!R275C4,True
Q3_通信保障!R275C5,True
Q3_通信保障!R275C6,True
Q3_通信保障/row276_no_extra_fields,True
Q3_通信保障!R276C1,True
Q3_通信保障!R276C2,True
Q3_通信保障!R276C3,True
Q3_通信保障!R276C4,True
Q3_通信保障!R276C5,True
Q3_通信保障!R276C6,True
Q3_通信保障/row277_no_extra_fields,True
Q3_通信保障!R277C1,True
Q3_通信保障!R277C2,True
Q3_通信保障!R277C3,True
Q3_通信保障!R277C4,True
Q3_通信保障!R277C5,True
Q3_通信保障!R277C6,True
Q3_通信保障/row278_no_extra_fields,True
Q3_通信保障!R278C1,True
Q3_通信保障!R278C2,True
Q3_通信保障!R278C3,True
Q3_通信保障!R278C4,True
Q3_通信保障!R278C5,True
Q3_通信保障!R278C6,True
Q3_通信保障/row279_no_extra_fields,True
Q3_通信保障!R279C1,True
Q3_通信保障!R279C2,True
Q3_通信保障!R279C3,True
Q3_通信保障!R279C4,True
Q3_通信保障!R279C5,True
Q3_通信保障!R279C6,True
Q3_通信保障/row280_no_extra_fields,True
Q3_通信保障!R280C1,True
Q3_通信保障!R280C2,True
Q3_通信保障!R280C3,True
Q3_通信保障!R280C4,True
Q3_通信保障!R280C5,True
Q3_通信保障!R280C6,True
Q3_通信保障/row281_no_extra_fields,True
Q3_通信保障!R281C1,True
Q3_通信保障!R281C2,True
Q3_通信保障!R281C3,True
Q3_通信保障!R281C4,True
Q3_通信保障!R281C5,True
Q3_通信保障!R281C6,True
Q3_通信保障/row282_no_extra_fields,True
Q3_通信保障!R282C1,True
Q3_通信保障!R282C2,True
Q3_通信保障!R282C3,True
Q3_通信保障!R282C4,True
Q3_通信保障!R282C5,True
Q3_通信保障!R282C6,True
Q3_通信保障/row283_no_extra_fields,True
Q3_通信保障!R283C1,True
Q3_通信保障!R283C2,True
Q3_通信保障!R283C3,True
Q3_通信保障!R283C4,True
Q3_通信保障!R283C5,True
Q3_通信保障!R283C6,True
Q3_通信保障/row284_no_extra_fields,True
Q3_通信保障!R284C1,True
Q3_通信保障!R284C2,True
Q3_通信保障!R284C3,True
Q3_通信保障!R284C4,True
Q3_通信保障!R284C5,True
Q3_通信保障!R284C6,True
Q3_通信保障/row285_no_extra_fields,True
Q3_通信保障!R285C1,True
Q3_通信保障!R285C2,True
Q3_通信保障!R285C3,True
Q3_通信保障!R285C4,True
Q3_通信保障!R285C5,True
Q3_通信保障!R285C6,True
Q3_通信保障/row286_no_extra_fields,True
Q3_通信保障!R286C1,True
Q3_通信保障!R286C2,True
Q3_通信保障!R286C3,True
Q3_通信保障!R286C4,True
Q3_通信保障!R286C5,True
Q3_通信保障!R286C6,True
Q3_通信保障/row287_no_extra_fields,True
Q3_通信保障!R287C1,True
Q3_通信保障!R287C2,True
Q3_通信保障!R287C3,True
Q3_通信保障!R287C4,True
Q3_通信保障!R287C5,True
Q3_通信保障!R287C6,True
Q3_通信保障/row288_no_extra_fields,True
Q3_通信保障!R288C1,True
Q3_通信保障!R288C2,True
Q3_通信保障!R288C3,True
Q3_通信保障!R288C4,True
Q3_通信保障!R288C5,True
Q3_通信保障!R288C6,True
Q3_通信保障/row289_no_extra_fields,True
Q3_通信保障!R289C1,True
Q3_通信保障!R289C2,True
Q3_通信保障!R289C3,True
Q3_通信保障!R289C4,True
Q3_通信保障!R289C5,True
Q3_通信保障!R289C6,True
Q3_通信保障/row290_no_extra_fields,True
Q3_通信保障!R290C1,True
Q3_通信保障!R290C2,True
Q3_通信保障!R290C3,True
Q3_通信保障!R290C4,True
Q3_通信保障!R290C5,True
Q3_通信保障!R290C6,True
Q3_通信保障/row291_no_extra_fields,True
Q3_通信保障!R291C1,True
Q3_通信保障!R291C2,True
Q3_通信保障!R291C3,True
Q3_通信保障!R291C4,True
Q3_通信保障!R291C5,True
Q3_通信保障!R291C6,True
Q3_通信保障/row292_no_extra_fields,True
Q3_通信保障!R292C1,True
Q3_通信保障!R292C2,True
Q3_通信保障!R292C3,True
Q3_通信保障!R292C4,True
Q3_通信保障!R292C5,True
Q3_通信保障!R292C6,True
Q3_通信保障/row293_no_extra_fields,True
Q3_通信保障!R293C1,True
Q3_通信保障!R293C2,True
Q3_通信保障!R293C3,True
Q3_通信保障!R293C4,True
Q3_通信保障!R293C5,True
Q3_通信保障!R293C6,True
Q3_通信保障/row294_no_extra_fields,True
Q3_通信保障!R294C1,True
Q3_通信保障!R294C2,True
Q3_通信保障!R294C3,True
Q3_通信保障!R294C4,True
Q3_通信保障!R294C5,True
Q3_通信保障!R294C6,True
Q3_通信保障/row295_no_extra_fields,True
Q3_通信保障!R295C1,True
Q3_通信保障!R295C2,True
Q3_通信保障!R295C3,True
Q3_通信保障!R295C4,True
Q3_通信保障!R295C5,True
Q3_通信保障!R295C6,True
Q3_通信保障/row296_no_extra_fields,True
Q3_通信保障!R296C1,True
Q3_通信保障!R296C2,True
Q3_通信保障!R296C3,True
Q3_通信保障!R296C4,True
Q3_通信保障!R296C5,True
Q3_通信保障!R296C6,True
Q3_通信保障/row297_no_extra_fields,True
Q3_通信保障!R297C1,True
Q3_通信保障!R297C2,True
Q3_通信保障!R297C3,True
Q3_通信保障!R297C4,True
Q3_通信保障!R297C5,True
Q3_通信保障!R297C6,True
Q3_通信保障/row298_no_extra_fields,True
Q3_通信保障!R298C1,True
Q3_通信保障!R298C2,True
Q3_通信保障!R298C3,True
Q3_通信保障!R298C4,True
Q3_通信保障!R298C5,True
Q3_通信保障!R298C6,True
Q3_通信保障/row299_no_extra_fields,True
Q3_通信保障!R299C1,True
Q3_通信保障!R299C2,True
Q3_通信保障!R299C3,True
Q3_通信保障!R299C4,True
Q3_通信保障!R299C5,True
Q3_通信保障!R299C6,True
Q3_通信保障/row300_no_extra_fields,True
Q3_通信保障!R300C1,True
Q3_通信保障!R300C2,True
Q3_通信保障!R300C3,True
Q3_通信保障!R300C4,True
Q3_通信保障!R300C5,True
Q3_通信保障!R300C6,True
Q3_通信保障/row301_no_extra_fields,True
Q3_通信保障!R301C1,True
Q3_通信保障!R301C2,True
Q3_通信保障!R301C3,True
Q3_通信保障!R301C4,True
Q3_通信保障!R301C5,True
Q3_通信保障!R301C6,True
Q3_通信保障/row302_no_extra_fields,True
Q3_通信保障!R302C1,True
Q3_通信保障!R302C2,True
Q3_通信保障!R302C3,True
Q3_通信保障!R302C4,True
Q3_通信保障!R302C5,True
Q3_通信保障!R302C6,True
Q3_通信保障/row303_no_extra_fields,True
Q3_通信保障!R303C1,True
Q3_通信保障!R303C2,True
Q3_通信保障!R303C3,True
Q3_通信保障!R303C4,True
Q3_通信保障!R303C5,True
Q3_通信保障!R303C6,True
Q3_通信保障/row304_no_extra_fields,True
Q3_通信保障!R304C1,True
Q3_通信保障!R304C2,True
Q3_通信保障!R304C3,True
Q3_通信保障!R304C4,True
Q3_通信保障!R304C5,True
Q3_通信保障!R304C6,True
Q3_通信保障/row305_no_extra_fields,True
Q3_通信保障!R305C1,True
Q3_通信保障!R305C2,True
Q3_通信保障!R305C3,True
Q3_通信保障!R305C4,True
Q3_通信保障!R305C5,True
Q3_通信保障!R305C6,True
Q3_通信保障/row306_no_extra_fields,True
Q3_通信保障!R306C1,True
Q3_通信保障!R306C2,True
Q3_通信保障!R306C3,True
Q3_通信保障!R306C4,True
Q3_通信保障!R306C5,True
Q3_通信保障!R306C6,True
Q3_通信保障/row307_no_extra_fields,True
Q3_通信保障!R307C1,True
Q3_通信保障!R307C2,True
Q3_通信保障!R307C3,True
Q3_通信保障!R307C4,True
Q3_通信保障!R307C5,True
Q3_通信保障!R307C6,True
Q3_通信保障/row308_no_extra_fields,True
Q3_通信保障!R308C1,True
Q3_通信保障!R308C2,True
Q3_通信保障!R308C3,True
Q3_通信保障!R308C4,True
Q3_通信保障!R308C5,True
Q3_通信保障!R308C6,True
Q3_通信保障/row309_no_extra_fields,True
Q3_通信保障!R309C1,True
Q3_通信保障!R309C2,True
Q3_通信保障!R309C3,True
Q3_通信保障!R309C4,True
Q3_通信保障!R309C5,True
Q3_通信保障!R309C6,True
Q3_通信保障/row310_no_extra_fields,True
Q3_通信保障!R310C1,True
Q3_通信保障!R310C2,True
Q3_通信保障!R310C3,True
Q3_通信保障!R310C4,True
Q3_通信保障!R310C5,True
Q3_通信保障!R310C6,True
Q3_通信保障/row311_no_extra_fields,True
Q3_通信保障!R311C1,True
Q3_通信保障!R311C2,True
Q3_通信保障!R311C3,True
Q3_通信保障!R311C4,True
Q3_通信保障!R311C5,True
Q3_通信保障!R311C6,True
Q3_通信保障/row312_no_extra_fields,True
Q3_通信保障!R312C1,True
Q3_通信保障!R312C2,True
Q3_通信保障!R312C3,True
Q3_通信保障!R312C4,True
Q3_通信保障!R312C5,True
Q3_通信保障!R312C6,True
Q3_通信保障/row313_no_extra_fields,True
Q3_通信保障!R313C1,True
Q3_通信保障!R313C2,True
Q3_通信保障!R313C3,True
Q3_通信保障!R313C4,True
Q3_通信保障!R313C5,True
Q3_通信保障!R313C6,True
Q3_通信保障/row314_no_extra_fields,True
Q3_通信保障!R314C1,True
Q3_通信保障!R314C2,True
Q3_通信保障!R314C3,True
Q3_通信保障!R314C4,True
Q3_通信保障!R314C5,True
Q3_通信保障!R314C6,True
Q3_通信保障/row315_no_extra_fields,True
Q3_通信保障!R315C1,True
Q3_通信保障!R315C2,True
Q3_通信保障!R315C3,True
Q3_通信保障!R315C4,True
Q3_通信保障!R315C5,True
Q3_通信保障!R315C6,True
Q3_通信保障/row316_no_extra_fields,True
Q3_通信保障!R316C1,True
Q3_通信保障!R316C2,True
Q3_通信保障!R316C3,True
Q3_通信保障!R316C4,True
Q3_通信保障!R316C5,True
Q3_通信保障!R316C6,True
Q3_通信保障/row317_no_extra_fields,True
Q3_通信保障!R317C1,True
Q3_通信保障!R317C2,True
Q3_通信保障!R317C3,True
Q3_通信保障!R317C4,True
Q3_通信保障!R317C5,True
Q3_通信保障!R317C6,True
Q3_通信保障/row318_no_extra_fields,True
Q3_通信保障!R318C1,True
Q3_通信保障!R318C2,True
Q3_通信保障!R318C3,True
Q3_通信保障!R318C4,True
Q3_通信保障!R318C5,True
Q3_通信保障!R318C6,True
Q3_通信保障/row319_no_extra_fields,True
Q3_通信保障!R319C1,True
Q3_通信保障!R319C2,True
Q3_通信保障!R319C3,True
Q3_通信保障!R319C4,True
Q3_通信保障!R319C5,True
Q3_通信保障!R319C6,True
Q3_通信保障/row320_no_extra_fields,True
Q3_通信保障!R320C1,True
Q3_通信保障!R320C2,True
Q3_通信保障!R320C3,True
Q3_通信保障!R320C4,True
Q3_通信保障!R320C5,True
Q3_通信保障!R320C6,True
Q3_通信保障/row321_no_extra_fields,True
Q3_通信保障!R321C1,True
Q3_通信保障!R321C2,True
Q3_通信保障!R321C3,True
Q3_通信保障!R321C4,True
Q3_通信保障!R321C5,True
Q3_通信保障!R321C6,True
Q3_通信保障/row322_no_extra_fields,True
Q3_通信保障!R322C1,True
Q3_通信保障!R322C2,True
Q3_通信保障!R322C3,True
Q3_通信保障!R322C4,True
Q3_通信保障!R322C5,True
Q3_通信保障!R322C6,True
Q3_通信保障/row323_no_extra_fields,True
Q3_通信保障!R323C1,True
Q3_通信保障!R323C2,True
Q3_通信保障!R323C3,True
Q3_通信保障!R323C4,True
Q3_通信保障!R323C5,True
Q3_通信保障!R323C6,True
Q3_通信保障/row324_no_extra_fields,True
Q3_通信保障!R324C1,True
Q3_通信保障!R324C2,True
Q3_通信保障!R324C3,True
Q3_通信保障!R324C4,True
Q3_通信保障!R324C5,True
Q3_通信保障!R324C6,True
Q3_通信保障/row325_no_extra_fields,True
Q3_通信保障!R325C1,True
Q3_通信保障!R325C2,True
Q3_通信保障!R325C3,True
Q3_通信保障!R325C4,True
Q3_通信保障!R325C5,True
Q3_通信保障!R325C6,True
Q3_通信保障/row326_no_extra_fields,True
Q3_通信保障!R326C1,True
Q3_通信保障!R326C2,True
Q3_通信保障!R326C3,True
Q3_通信保障!R326C4,True
Q3_通信保障!R326C5,True
Q3_通信保障!R326C6,True
Q3_通信保障/row327_no_extra_fields,True
Q3_通信保障!R327C1,True
Q3_通信保障!R327C2,True
Q3_通信保障!R327C3,True
Q3_通信保障!R327C4,True
Q3_通信保障!R327C5,True
Q3_通信保障!R327C6,True
Q3_通信保障/row328_no_extra_fields,True
Q3_通信保障!R328C1,True
Q3_通信保障!R328C2,True
Q3_通信保障!R328C3,True
Q3_通信保障!R328C4,True
Q3_通信保障!R328C5,True
Q3_通信保障!R328C6,True
Q3_通信保障/row329_no_extra_fields,True
Q3_通信保障!R329C1,True
Q3_通信保障!R329C2,True
Q3_通信保障!R329C3,True
Q3_通信保障!R329C4,True
Q3_通信保障!R329C5,True
Q3_通信保障!R329C6,True
Q3_通信保障/row330_no_extra_fields,True
Q3_通信保障!R330C1,True
Q3_通信保障!R330C2,True
Q3_通信保障!R330C3,True
Q3_通信保障!R330C4,True
Q3_通信保障!R330C5,True
Q3_通信保障!R330C6,True
Q3_通信保障/row331_no_extra_fields,True
Q3_通信保障!R331C1,True
Q3_通信保障!R331C2,True
Q3_通信保障!R331C3,True
Q3_通信保障!R331C4,True
Q3_通信保障!R331C5,True
Q3_通信保障!R331C6,True
Q3_通信保障/row332_no_extra_fields,True
Q3_通信保障!R332C1,True
Q3_通信保障!R332C2,True
Q3_通信保障!R332C3,True
Q3_通信保障!R332C4,True
Q3_通信保障!R332C5,True
Q3_通信保障!R332C6,True
Q3_通信保障/row333_no_extra_fields,True
Q3_通信保障!R333C1,True
Q3_通信保障!R333C2,True
Q3_通信保障!R333C3,True
Q3_通信保障!R333C4,True
Q3_通信保障!R333C5,True
Q3_通信保障!R333C6,True
Q3_通信保障/row334_no_extra_fields,True
Q3_通信保障!R334C1,True
Q3_通信保障!R334C2,True
Q3_通信保障!R334C3,True
Q3_通信保障!R334C4,True
Q3_通信保障!R334C5,True
Q3_通信保障!R334C6,True
Q3_通信保障/row335_no_extra_fields,True
Q3_通信保障!R335C1,True
Q3_通信保障!R335C2,True
Q3_通信保障!R335C3,True
Q3_通信保障!R335C4,True
Q3_通信保障!R335C5,True
Q3_通信保障!R335C6,True
Q3_通信保障/row336_no_extra_fields,True
Q3_通信保障!R336C1,True
Q3_通信保障!R336C2,True
Q3_通信保障!R336C3,True
Q3_通信保障!R336C4,True
Q3_通信保障!R336C5,True
Q3_通信保障!R336C6,True
Q3_通信保障/row337_no_extra_fields,True
Q3_通信保障!R337C1,True
Q3_通信保障!R337C2,True
Q3_通信保障!R337C3,True
Q3_通信保障!R337C4,True
Q3_通信保障!R337C5,True
Q3_通信保障!R337C6,True
Q3_通信保障/row338_no_extra_fields,True
Q3_通信保障!R338C1,True
Q3_通信保障!R338C2,True
Q3_通信保障!R338C3,True
Q3_通信保障!R338C4,True
Q3_通信保障!R338C5,True
Q3_通信保障!R338C6,True
Q3_通信保障/row339_no_extra_fields,True
Q3_通信保障!R339C1,True
Q3_通信保障!R339C2,True
Q3_通信保障!R339C3,True
Q3_通信保障!R339C4,True
Q3_通信保障!R339C5,True
Q3_通信保障!R339C6,True
Q3_通信保障/row340_no_extra_fields,True
Q3_通信保障!R340C1,True
Q3_通信保障!R340C2,True
Q3_通信保障!R340C3,True
Q3_通信保障!R340C4,True
Q3_通信保障!R340C5,True
Q3_通信保障!R340C6,True
Q3_通信保障/row341_no_extra_fields,True
Q3_通信保障!R341C1,True
Q3_通信保障!R341C2,True
Q3_通信保障!R341C3,True
Q3_通信保障!R341C4,True
Q3_通信保障!R341C5,True
Q3_通信保障!R341C6,True
Q3_通信保障/row342_no_extra_fields,True
Q3_通信保障!R342C1,True
Q3_通信保障!R342C2,True
Q3_通信保障!R342C3,True
Q3_通信保障!R342C4,True
Q3_通信保障!R342C5,True
Q3_通信保障!R342C6,True
Q3_通信保障/row343_no_extra_fields,True
Q3_通信保障!R343C1,True
Q3_通信保障!R343C2,True
Q3_通信保障!R343C3,True
Q3_通信保障!R343C4,True
Q3_通信保障!R343C5,True
Q3_通信保障!R343C6,True
Q3_通信保障/row344_no_extra_fields,True
Q3_通信保障!R344C1,True
Q3_通信保障!R344C2,True
Q3_通信保障!R344C3,True
Q3_通信保障!R344C4,True
Q3_通信保障!R344C5,True
Q3_通信保障!R344C6,True
Q3_通信保障/row345_no_extra_fields,True
Q3_通信保障!R345C1,True
Q3_通信保障!R345C2,True
Q3_通信保障!R345C3,True
Q3_通信保障!R345C4,True
Q3_通信保障!R345C5,True
Q3_通信保障!R345C6,True
Q3_通信保障/row346_no_extra_fields,True
Q3_通信保障!R346C1,True
Q3_通信保障!R346C2,True
Q3_通信保障!R346C3,True
Q3_通信保障!R346C4,True
Q3_通信保障!R346C5,True
Q3_通信保障!R346C6,True
Q3_通信保障/row347_no_extra_fields,True
Q3_通信保障!R347C1,True
Q3_通信保障!R347C2,True
Q3_通信保障!R347C3,True
Q3_通信保障!R347C4,True
Q3_通信保障!R347C5,True
Q3_通信保障!R347C6,True
Q3_通信保障/row348_no_extra_fields,True
Q3_通信保障!R348C1,True
Q3_通信保障!R348C2,True
Q3_通信保障!R348C3,True
Q3_通信保障!R348C4,True
Q3_通信保障!R348C5,True
Q3_通信保障!R348C6,True
Q3_通信保障/row349_no_extra_fields,True
Q3_通信保障!R349C1,True
Q3_通信保障!R349C2,True
Q3_通信保障!R349C3,True
Q3_通信保障!R349C4,True
Q3_通信保障!R349C5,True
Q3_通信保障!R349C6,True
Q3_通信保障/row350_no_extra_fields,True
Q3_通信保障!R350C1,True
Q3_通信保障!R350C2,True
Q3_通信保障!R350C3,True
Q3_通信保障!R350C4,True
Q3_通信保障!R350C5,True
Q3_通信保障!R350C6,True
Q3_通信保障/row351_no_extra_fields,True
Q3_通信保障!R351C1,True
Q3_通信保障!R351C2,True
Q3_通信保障!R351C3,True
Q3_通信保障!R351C4,True
Q3_通信保障!R351C5,True
Q3_通信保障!R351C6,True
Q3_通信保障/row352_no_extra_fields,True
Q3_通信保障!R352C1,True
Q3_通信保障!R352C2,True
Q3_通信保障!R352C3,True
Q3_通信保障!R352C4,True
Q3_通信保障!R352C5,True
Q3_通信保障!R352C6,True
Q3_通信保障/row353_no_extra_fields,True
Q3_通信保障!R353C1,True
Q3_通信保障!R353C2,True
Q3_通信保障!R353C3,True
Q3_通信保障!R353C4,True
Q3_通信保障!R353C5,True
Q3_通信保障!R353C6,True
Q3_通信保障/row354_no_extra_fields,True
Q3_通信保障!R354C1,True
Q3_通信保障!R354C2,True
Q3_通信保障!R354C3,True
Q3_通信保障!R354C4,True
Q3_通信保障!R354C5,True
Q3_通信保障!R354C6,True
Q3_通信保障/row355_no_extra_fields,True
Q3_通信保障!R355C1,True
Q3_通信保障!R355C2,True
Q3_通信保障!R355C3,True
Q3_通信保障!R355C4,True
Q3_通信保障!R355C5,True
Q3_通信保障!R355C6,True
Q3_通信保障/row356_no_extra_fields,True
Q3_通信保障!R356C1,True
Q3_通信保障!R356C2,True
Q3_通信保障!R356C3,True
Q3_通信保障!R356C4,True
Q3_通信保障!R356C5,True
Q3_通信保障!R356C6,True
Q3_通信保障/row357_no_extra_fields,True
Q3_通信保障!R357C1,True
Q3_通信保障!R357C2,True
Q3_通信保障!R357C3,True
Q3_通信保障!R357C4,True
Q3_通信保障!R357C5,True
Q3_通信保障!R357C6,True
Q3_通信保障/row358_no_extra_fields,True
Q3_通信保障!R358C1,True
Q3_通信保障!R358C2,True
Q3_通信保障!R358C3,True
Q3_通信保障!R358C4,True
Q3_通信保障!R358C5,True
Q3_通信保障!R358C6,True
Q3_通信保障/row359_no_extra_fields,True
Q3_通信保障!R359C1,True
Q3_通信保障!R359C2,True
Q3_通信保障!R359C3,True
Q3_通信保障!R359C4,True
Q3_通信保障!R359C5,True
Q3_通信保障!R359C6,True
Q3_通信保障/row360_no_extra_fields,True
Q3_通信保障!R360C1,True
Q3_通信保障!R360C2,True
Q3_通信保障!R360C3,True
Q3_通信保障!R360C4,True
Q3_通信保障!R360C5,True
Q3_通信保障!R360C6,True
Q3_通信保障/row361_no_extra_fields,True
Q3_通信保障!R361C1,True
Q3_通信保障!R361C2,True
Q3_通信保障!R361C3,True
Q3_通信保障!R361C4,True
Q3_通信保障!R361C5,True
Q3_通信保障!R361C6,True
Q3_通信保障/row362_no_extra_fields,True
Q3_通信保障!R362C1,True
Q3_通信保障!R362C2,True
Q3_通信保障!R362C3,True
Q3_通信保障!R362C4,True
Q3_通信保障!R362C5,True
Q3_通信保障!R362C6,True
Q3_通信保障/row363_no_extra_fields,True
Q3_通信保障!R363C1,True
Q3_通信保障!R363C2,True
Q3_通信保障!R363C3,True
Q3_通信保障!R363C4,True
Q3_通信保障!R363C5,True
Q3_通信保障!R363C6,True
Q3_通信保障/row364_no_extra_fields,True
Q3_通信保障!R364C1,True
Q3_通信保障!R364C2,True
Q3_通信保障!R364C3,True
Q3_通信保障!R364C4,True
Q3_通信保障!R364C5,True
Q3_通信保障!R364C6,True
Q3_通信保障/row365_no_extra_fields,True
Q3_通信保障!R365C1,True
Q3_通信保障!R365C2,True
Q3_通信保障!R365C3,True
Q3_通信保障!R365C4,True
Q3_通信保障!R365C5,True
Q3_通信保障!R365C6,True
Q3_通信保障/row366_no_extra_fields,True
Q3_通信保障!R366C1,True
Q3_通信保障!R366C2,True
Q3_通信保障!R366C3,True
Q3_通信保障!R366C4,True
Q3_通信保障!R366C5,True
Q3_通信保障!R366C6,True
Q3_通信保障/row367_no_extra_fields,True
Q3_通信保障!R367C1,True
Q3_通信保障!R367C2,True
Q3_通信保障!R367C3,True
Q3_通信保障!R367C4,True
Q3_通信保障!R367C5,True
Q3_通信保障!R367C6,True
Q3_通信保障/row368_no_extra_fields,True
Q3_通信保障!R368C1,True
Q3_通信保障!R368C2,True
Q3_通信保障!R368C3,True
Q3_通信保障!R368C4,True
Q3_通信保障!R368C5,True
Q3_通信保障!R368C6,True
Q3_通信保障/row369_no_extra_fields,True
Q3_通信保障!R369C1,True
Q3_通信保障!R369C2,True
Q3_通信保障!R369C3,True
Q3_通信保障!R369C4,True
Q3_通信保障!R369C5,True
Q3_通信保障!R369C6,True
Q3_通信保障/row370_no_extra_fields,True
Q3_通信保障!R370C1,True
Q3_通信保障!R370C2,True
Q3_通信保障!R370C3,True
Q3_通信保障!R370C4,True
Q3_通信保障!R370C5,True
Q3_通信保障!R370C6,True
Q3_通信保障/row371_no_extra_fields,True
Q3_通信保障!R371C1,True
Q3_通信保障!R371C2,True
Q3_通信保障!R371C3,True
Q3_通信保障!R371C4,True
Q3_通信保障!R371C5,True
Q3_通信保障!R371C6,True
Q3_通信保障/row372_no_extra_fields,True
Q3_通信保障!R372C1,True
Q3_通信保障!R372C2,True
Q3_通信保障!R372C3,True
Q3_通信保障!R372C4,True
Q3_通信保障!R372C5,True
Q3_通信保障!R372C6,True
Q3_通信保障/row373_no_extra_fields,True
Q3_通信保障!R373C1,True
Q3_通信保障!R373C2,True
Q3_通信保障!R373C3,True
Q3_通信保障!R373C4,True
Q3_通信保障!R373C5,True
Q3_通信保障!R373C6,True
Q3_通信保障/row374_no_extra_fields,True
Q3_通信保障!R374C1,True
Q3_通信保障!R374C2,True
Q3_通信保障!R374C3,True
Q3_通信保障!R374C4,True
Q3_通信保障!R374C5,True
Q3_通信保障!R374C6,True
Q3_通信保障/row375_no_extra_fields,True
Q3_通信保障!R375C1,True
Q3_通信保障!R375C2,True
Q3_通信保障!R375C3,True
Q3_通信保障!R375C4,True
Q3_通信保障!R375C5,True
Q3_通信保障!R375C6,True
Q3_通信保障/row376_no_extra_fields,True
Q3_通信保障!R376C1,True
Q3_通信保障!R376C2,True
Q3_通信保障!R376C3,True
Q3_通信保障!R376C4,True
Q3_通信保障!R376C5,True
Q3_通信保障!R376C6,True
Q3_通信保障/row377_no_extra_fields,True
Q3_通信保障!R377C1,True
Q3_通信保障!R377C2,True
Q3_通信保障!R377C3,True
Q3_通信保障!R377C4,True
Q3_通信保障!R377C5,True
Q3_通信保障!R377C6,True
Q3_通信保障/row378_no_extra_fields,True
Q3_通信保障!R378C1,True
Q3_通信保障!R378C2,True
Q3_通信保障!R378C3,True
Q3_通信保障!R378C4,True
Q3_通信保障!R378C5,True
Q3_通信保障!R378C6,True
Q3_通信保障/row379_no_extra_fields,True
Q3_通信保障!R379C1,True
Q3_通信保障!R379C2,True
Q3_通信保障!R379C3,True
Q3_通信保障!R379C4,True
Q3_通信保障!R379C5,True
Q3_通信保障!R379C6,True
Q3_通信保障/row380_no_extra_fields,True
Q3_通信保障!R380C1,True
Q3_通信保障!R380C2,True
Q3_通信保障!R380C3,True
Q3_通信保障!R380C4,True
Q3_通信保障!R380C5,True
Q3_通信保障!R380C6,True
Q3_通信保障/row381_no_extra_fields,True
Q3_通信保障!R381C1,True
Q3_通信保障!R381C2,True
Q3_通信保障!R381C3,True
Q3_通信保障!R381C4,True
Q3_通信保障!R381C5,True
Q3_通信保障!R381C6,True
Q3_通信保障/row382_no_extra_fields,True
Q3_通信保障!R382C1,True
Q3_通信保障!R382C2,True
Q3_通信保障!R382C3,True
Q3_通信保障!R382C4,True
Q3_通信保障!R382C5,True
Q3_通信保障!R382C6,True
Q3_通信保障/row383_no_extra_fields,True
Q3_通信保障!R383C1,True
Q3_通信保障!R383C2,True
Q3_通信保障!R383C3,True
Q3_通信保障!R383C4,True
Q3_通信保障!R383C5,True
Q3_通信保障!R383C6,True
Q3_通信保障/row384_no_extra_fields,True
Q3_通信保障!R384C1,True
Q3_通信保障!R384C2,True
Q3_通信保障!R384C3,True
Q3_通信保障!R384C4,True
Q3_通信保障!R384C5,True
Q3_通信保障!R384C6,True
Q3_通信保障/row385_no_extra_fields,True
Q3_通信保障!R385C1,True
Q3_通信保障!R385C2,True
Q3_通信保障!R385C3,True
Q3_通信保障!R385C4,True
Q3_通信保障!R385C5,True
Q3_通信保障!R385C6,True
Q3_通信保障/row386_no_extra_fields,True
Q3_通信保障!R386C1,True
Q3_通信保障!R386C2,True
Q3_通信保障!R386C3,True
Q3_通信保障!R386C4,True
Q3_通信保障!R386C5,True
Q3_通信保障!R386C6,True
Q3_通信保障/row387_no_extra_fields,True
Q3_通信保障!R387C1,True
Q3_通信保障!R387C2,True
Q3_通信保障!R387C3,True
Q3_通信保障!R387C4,True
Q3_通信保障!R387C5,True
Q3_通信保障!R387C6,True
Q3_通信保障/row388_no_extra_fields,True
Q3_通信保障!R388C1,True
Q3_通信保障!R388C2,True
Q3_通信保障!R388C3,True
Q3_通信保障!R388C4,True
Q3_通信保障!R388C5,True
Q3_通信保障!R388C6,True
Q3_通信保障/row389_no_extra_fields,True
Q3_通信保障!R389C1,True
Q3_通信保障!R389C2,True
Q3_通信保障!R389C3,True
Q3_通信保障!R389C4,True
Q3_通信保障!R389C5,True
Q3_通信保障!R389C6,True
Q3_通信保障/row390_no_extra_fields,True
Q3_通信保障!R390C1,True
Q3_通信保障!R390C2,True
Q3_通信保障!R390C3,True
Q3_通信保障!R390C4,True
Q3_通信保障!R390C5,True
Q3_通信保障!R390C6,True
Q3_通信保障/row391_no_extra_fields,True
Q3_通信保障!R391C1,True
Q3_通信保障!R391C2,True
Q3_通信保障!R391C3,True
Q3_通信保障!R391C4,True
Q3_通信保障!R391C5,True
Q3_通信保障!R391C6,True
Q3_通信保障/row392_no_extra_fields,True
Q3_通信保障!R392C1,True
Q3_通信保障!R392C2,True
Q3_通信保障!R392C3,True
Q3_通信保障!R392C4,True
Q3_通信保障!R392C5,True
Q3_通信保障!R392C6,True
Q3_通信保障/row393_no_extra_fields,True
Q3_通信保障!R393C1,True
Q3_通信保障!R393C2,True
Q3_通信保障!R393C3,True
Q3_通信保障!R393C4,True
Q3_通信保障!R393C5,True
Q3_通信保障!R393C6,True
Q3_通信保障/row394_no_extra_fields,True
Q3_通信保障!R394C1,True
Q3_通信保障!R394C2,True
Q3_通信保障!R394C3,True
Q3_通信保障!R394C4,True
Q3_通信保障!R394C5,True
Q3_通信保障!R394C6,True
Q3_通信保障/row395_no_extra_fields,True
Q3_通信保障!R395C1,True
Q3_通信保障!R395C2,True
Q3_通信保障!R395C3,True
Q3_通信保障!R395C4,True
Q3_通信保障!R395C5,True
Q3_通信保障!R395C6,True
Q3_通信保障/row396_no_extra_fields,True
Q3_通信保障!R396C1,True
Q3_通信保障!R396C2,True
Q3_通信保障!R396C3,True
Q3_通信保障!R396C4,True
Q3_通信保障!R396C5,True
Q3_通信保障!R396C6,True
Q3_通信保障/row397_no_extra_fields,True
Q3_通信保障!R397C1,True
Q3_通信保障!R397C2,True
Q3_通信保障!R397C3,True
Q3_通信保障!R397C4,True
Q3_通信保障!R397C5,True
Q3_通信保障!R397C6,True
Q3_通信保障/row398_no_extra_fields,True
Q3_通信保障!R398C1,True
Q3_通信保障!R398C2,True
Q3_通信保障!R398C3,True
Q3_通信保障!R398C4,True
Q3_通信保障!R398C5,True
Q3_通信保障!R398C6,True
Q3_通信保障/row399_no_extra_fields,True
Q3_通信保障!R399C1,True
Q3_通信保障!R399C2,True
Q3_通信保障!R399C3,True
Q3_通信保障!R399C4,True
Q3_通信保障!R399C5,True
Q3_通信保障!R399C6,True
Q3_通信保障/row400_no_extra_fields,True
Q3_通信保障!R400C1,True
Q3_通信保障!R400C2,True
Q3_通信保障!R400C3,True
Q3_通信保障!R400C4,True
Q3_通信保障!R400C5,True
Q3_通信保障!R400C6,True
Q3_通信保障/row401_no_extra_fields,True
Q3_通信保障!R401C1,True
Q3_通信保障!R401C2,True
Q3_通信保障!R401C3,True
Q3_通信保障!R401C4,True
Q3_通信保障!R401C5,True
Q3_通信保障!R401C6,True
Q3_通信保障/row402_no_extra_fields,True
Q3_通信保障!R402C1,True
Q3_通信保障!R402C2,True
Q3_通信保障!R402C3,True
Q3_通信保障!R402C4,True
Q3_通信保障!R402C5,True
Q3_通信保障!R402C6,True
Q3_通信保障/row403_no_extra_fields,True
Q3_通信保障!R403C1,True
Q3_通信保障!R403C2,True
Q3_通信保障!R403C3,True
Q3_通信保障!R403C4,True
Q3_通信保障!R403C5,True
Q3_通信保障!R403C6,True
Q3_通信保障/row404_no_extra_fields,True
Q3_通信保障!R404C1,True
Q3_通信保障!R404C2,True
Q3_通信保障!R404C3,True
Q3_通信保障!R404C4,True
Q3_通信保障!R404C5,True
Q3_通信保障!R404C6,True
Q3_通信保障/row405_no_extra_fields,True
Q3_通信保障!R405C1,True
Q3_通信保障!R405C2,True
Q3_通信保障!R405C3,True
Q3_通信保障!R405C4,True
Q3_通信保障!R405C5,True
Q3_通信保障!R405C6,True
Q3_通信保障/row406_no_extra_fields,True
Q3_通信保障!R406C1,True
Q3_通信保障!R406C2,True
Q3_通信保障!R406C3,True
Q3_通信保障!R406C4,True
Q3_通信保障!R406C5,True
Q3_通信保障!R406C6,True
Q3_通信保障/row407_no_extra_fields,True
Q3_通信保障!R407C1,True
Q3_通信保障!R407C2,True
Q3_通信保障!R407C3,True
Q3_通信保障!R407C4,True
Q3_通信保障!R407C5,True
Q3_通信保障!R407C6,True
Q3_通信保障/row408_no_extra_fields,True
Q3_通信保障!R408C1,True
Q3_通信保障!R408C2,True
Q3_通信保障!R408C3,True
Q3_通信保障!R408C4,True
Q3_通信保障!R408C5,True
Q3_通信保障!R408C6,True
Q3_通信保障/row409_no_extra_fields,True
Q3_通信保障!R409C1,True
Q3_通信保障!R409C2,True
Q3_通信保障!R409C3,True
Q3_通信保障!R409C4,True
Q3_通信保障!R409C5,True
Q3_通信保障!R409C6,True
Q3_通信保障/row410_no_extra_fields,True
Q3_通信保障!R410C1,True
Q3_通信保障!R410C2,True
Q3_通信保障!R410C3,True
Q3_通信保障!R410C4,True
Q3_通信保障!R410C5,True
Q3_通信保障!R410C6,True
Q3_通信保障/row411_no_extra_fields,True
Q3_通信保障!R411C1,True
Q3_通信保障!R411C2,True
Q3_通信保障!R411C3,True
Q3_通信保障!R411C4,True
Q3_通信保障!R411C5,True
Q3_通信保障!R411C6,True
Q3_通信保障/row412_no_extra_fields,True
Q3_通信保障!R412C1,True
Q3_通信保障!R412C2,True
Q3_通信保障!R412C3,True
Q3_通信保障!R412C4,True
Q3_通信保障!R412C5,True
Q3_通信保障!R412C6,True
Q3_通信保障/row413_no_extra_fields,True
Q3_通信保障!R413C1,True
Q3_通信保障!R413C2,True
Q3_通信保障!R413C3,True
Q3_通信保障!R413C4,True
Q3_通信保障!R413C5,True
Q3_通信保障!R413C6,True
Q3_通信保障/row414_no_extra_fields,True
Q3_通信保障!R414C1,True
Q3_通信保障!R414C2,True
Q3_通信保障!R414C3,True
Q3_通信保障!R414C4,True
Q3_通信保障!R414C5,True
Q3_通信保障!R414C6,True
Q3_通信保障/row415_no_extra_fields,True
Q3_通信保障!R415C1,True
Q3_通信保障!R415C2,True
Q3_通信保障!R415C3,True
Q3_通信保障!R415C4,True
Q3_通信保障!R415C5,True
Q3_通信保障!R415C6,True
Q3_通信保障/row416_no_extra_fields,True
Q3_通信保障!R416C1,True
Q3_通信保障!R416C2,True
Q3_通信保障!R416C3,True
Q3_通信保障!R416C4,True
Q3_通信保障!R416C5,True
Q3_通信保障!R416C6,True
Q3_通信保障/row417_no_extra_fields,True
Q3_通信保障!R417C1,True
Q3_通信保障!R417C2,True
Q3_通信保障!R417C3,True
Q3_通信保障!R417C4,True
Q3_通信保障!R417C5,True
Q3_通信保障!R417C6,True
Q3_通信保障/row418_no_extra_fields,True
Q3_通信保障!R418C1,True
Q3_通信保障!R418C2,True
Q3_通信保障!R418C3,True
Q3_通信保障!R418C4,True
Q3_通信保障!R418C5,True
Q3_通信保障!R418C6,True
Q3_通信保障/row419_no_extra_fields,True
Q3_通信保障!R419C1,True
Q3_通信保障!R419C2,True
Q3_通信保障!R419C3,True
Q3_通信保障!R419C4,True
Q3_通信保障!R419C5,True
Q3_通信保障!R419C6,True
Q3_通信保障/row420_no_extra_fields,True
Q3_通信保障!R420C1,True
Q3_通信保障!R420C2,True
Q3_通信保障!R420C3,True
Q3_通信保障!R420C4,True
Q3_通信保障!R420C5,True
Q3_通信保障!R420C6,True
Q3_通信保障/row421_no_extra_fields,True
Q3_通信保障!R421C1,True
Q3_通信保障!R421C2,True
Q3_通信保障!R421C3,True
Q3_通信保障!R421C4,True
Q3_通信保障!R421C5,True
Q3_通信保障!R421C6,True
Q3_通信保障/row422_no_extra_fields,True
Q3_通信保障!R422C1,True
Q3_通信保障!R422C2,True
Q3_通信保障!R422C3,True
Q3_通信保障!R422C4,True
Q3_通信保障!R422C5,True
Q3_通信保障!R422C6,True
Q3_通信保障/row423_no_extra_fields,True
Q3_通信保障!R423C1,True
Q3_通信保障!R423C2,True
Q3_通信保障!R423C3,True
Q3_通信保障!R423C4,True
Q3_通信保障!R423C5,True
Q3_通信保障!R423C6,True
Q3_通信保障/row424_no_extra_fields,True
Q3_通信保障!R424C1,True
Q3_通信保障!R424C2,True
Q3_通信保障!R424C3,True
Q3_通信保障!R424C4,True
Q3_通信保障!R424C5,True
Q3_通信保障!R424C6,True
Q3_通信保障/row425_no_extra_fields,True
Q3_通信保障!R425C1,True
Q3_通信保障!R425C2,True
Q3_通信保障!R425C3,True
Q3_通信保障!R425C4,True
Q3_通信保障!R425C5,True
Q3_通信保障!R425C6,True
Q3_通信保障/row426_no_extra_fields,True
Q3_通信保障!R426C1,True
Q3_通信保障!R426C2,True
Q3_通信保障!R426C3,True
Q3_通信保障!R426C4,True
Q3_通信保障!R426C5,True
Q3_通信保障!R426C6,True
Q3_通信保障/row427_no_extra_fields,True
Q3_通信保障!R427C1,True
Q3_通信保障!R427C2,True
Q3_通信保障!R427C3,True
Q3_通信保障!R427C4,True
Q3_通信保障!R427C5,True
Q3_通信保障!R427C6,True
Q3_通信保障/row428_no_extra_fields,True
Q3_通信保障!R428C1,True
Q3_通信保障!R428C2,True
Q3_通信保障!R428C3,True
Q3_通信保障!R428C4,True
Q3_通信保障!R428C5,True
Q3_通信保障!R428C6,True
Q3_通信保障/row429_no_extra_fields,True
Q3_通信保障!R429C1,True
Q3_通信保障!R429C2,True
Q3_通信保障!R429C3,True
Q3_通信保障!R429C4,True
Q3_通信保障!R429C5,True
Q3_通信保障!R429C6,True
Q3_通信保障/row430_no_extra_fields,True
Q3_通信保障!R430C1,True
Q3_通信保障!R430C2,True
Q3_通信保障!R430C3,True
Q3_通信保障!R430C4,True
Q3_通信保障!R430C5,True
Q3_通信保障!R430C6,True
Q3_通信保障/row431_no_extra_fields,True
Q3_通信保障!R431C1,True
Q3_通信保障!R431C2,True
Q3_通信保障!R431C3,True
Q3_通信保障!R431C4,True
Q3_通信保障!R431C5,True
Q3_通信保障!R431C6,True
Q3_通信保障/row432_no_extra_fields,True
Q3_通信保障!R432C1,True
Q3_通信保障!R432C2,True
Q3_通信保障!R432C3,True
Q3_通信保障!R432C4,True
Q3_通信保障!R432C5,True
Q3_通信保障!R432C6,True
Q3_通信保障/row433_no_extra_fields,True
Q3_通信保障!R433C1,True
Q3_通信保障!R433C2,True
Q3_通信保障!R433C3,True
Q3_通信保障!R433C4,True
Q3_通信保障!R433C5,True
Q3_通信保障!R433C6,True
Q3_通信保障/row434_no_extra_fields,True
Q3_通信保障!R434C1,True
Q3_通信保障!R434C2,True
Q3_通信保障!R434C3,True
Q3_通信保障!R434C4,True
Q3_通信保障!R434C5,True
Q3_通信保障!R434C6,True
Q3_通信保障/row435_no_extra_fields,True
Q3_通信保障!R435C1,True
Q3_通信保障!R435C2,True
Q3_通信保障!R435C3,True
Q3_通信保障!R435C4,True
Q3_通信保障!R435C5,True
Q3_通信保障!R435C6,True
Q3_通信保障/row436_no_extra_fields,True
Q3_通信保障!R436C1,True
Q3_通信保障!R436C2,True
Q3_通信保障!R436C3,True
Q3_通信保障!R436C4,True
Q3_通信保障!R436C5,True
Q3_通信保障!R436C6,True
Q3_通信保障/row437_no_extra_fields,True
Q3_通信保障!R437C1,True
Q3_通信保障!R437C2,True
Q3_通信保障!R437C3,True
Q3_通信保障!R437C4,True
Q3_通信保障!R437C5,True
Q3_通信保障!R437C6,True
Q3_通信保障/row438_no_extra_fields,True
Q3_通信保障!R438C1,True
Q3_通信保障!R438C2,True
Q3_通信保障!R438C3,True
Q3_通信保障!R438C4,True
Q3_通信保障!R438C5,True
Q3_通信保障!R438C6,True
Q3_通信保障/row439_no_extra_fields,True
Q3_通信保障!R439C1,True
Q3_通信保障!R439C2,True
Q3_通信保障!R439C3,True
Q3_通信保障!R439C4,True
Q3_通信保障!R439C5,True
Q3_通信保障!R439C6,True
Q3_通信保障/row440_no_extra_fields,True
Q3_通信保障!R440C1,True
Q3_通信保障!R440C2,True
Q3_通信保障!R440C3,True
Q3_通信保障!R440C4,True
Q3_通信保障!R440C5,True
Q3_通信保障!R440C6,True
Q3_通信保障/row441_no_extra_fields,True
Q3_通信保障!R441C1,True
Q3_通信保障!R441C2,True
Q3_通信保障!R441C3,True
Q3_通信保障!R441C4,True
Q3_通信保障!R441C5,True
Q3_通信保障!R441C6,True
Q3_通信保障/row442_no_extra_fields,True
Q3_通信保障!R442C1,True
Q3_通信保障!R442C2,True
Q3_通信保障!R442C3,True
Q3_通信保障!R442C4,True
Q3_通信保障!R442C5,True
Q3_通信保障!R442C6,True
Q3_通信保障/row443_no_extra_fields,True
Q3_通信保障!R443C1,True
Q3_通信保障!R443C2,True
Q3_通信保障!R443C3,True
Q3_通信保障!R443C4,True
Q3_通信保障!R443C5,True
Q3_通信保障!R443C6,True
Q3_通信保障/row444_no_extra_fields,True
Q3_通信保障!R444C1,True
Q3_通信保障!R444C2,True
Q3_通信保障!R444C3,True
Q3_通信保障!R444C4,True
Q3_通信保障!R444C5,True
Q3_通信保障!R444C6,True
Q3_通信保障/row445_no_extra_fields,True
Q3_通信保障!R445C1,True
Q3_通信保障!R445C2,True
Q3_通信保障!R445C3,True
Q3_通信保障!R445C4,True
Q3_通信保障!R445C5,True
Q3_通信保障!R445C6,True
Q3_通信保障/row446_no_extra_fields,True
Q3_通信保障!R446C1,True
Q3_通信保障!R446C2,True
Q3_通信保障!R446C3,True
Q3_通信保障!R446C4,True
Q3_通信保障!R446C5,True
Q3_通信保障!R446C6,True
Q3_通信保障/row447_no_extra_fields,True
Q3_通信保障!R447C1,True
Q3_通信保障!R447C2,True
Q3_通信保障!R447C3,True
Q3_通信保障!R447C4,True
Q3_通信保障!R447C5,True
Q3_通信保障!R447C6,True
Q3_通信保障/row448_no_extra_fields,True
Q3_通信保障!R448C1,True
Q3_通信保障!R448C2,True
Q3_通信保障!R448C3,True
Q3_通信保障!R448C4,True
Q3_通信保障!R448C5,True
Q3_通信保障!R448C6,True
Q3_通信保障/row449_no_extra_fields,True
Q3_通信保障!R449C1,True
Q3_通信保障!R449C2,True
Q3_通信保障!R449C3,True
Q3_通信保障!R449C4,True
Q3_通信保障!R449C5,True
Q3_通信保障!R449C6,True
Q3_通信保障/row450_no_extra_fields,True
Q3_通信保障!R450C1,True
Q3_通信保障!R450C2,True
Q3_通信保障!R450C3,True
Q3_通信保障!R450C4,True
Q3_通信保障!R450C5,True
Q3_通信保障!R450C6,True
Q3_通信保障/row451_no_extra_fields,True
Q3_通信保障!R451C1,True
Q3_通信保障!R451C2,True
Q3_通信保障!R451C3,True
Q3_通信保障!R451C4,True
Q3_通信保障!R451C5,True
Q3_通信保障!R451C6,True
Q3_通信保障/row452_no_extra_fields,True
Q3_通信保障!R452C1,True
Q3_通信保障!R452C2,True
Q3_通信保障!R452C3,True
Q3_通信保障!R452C4,True
Q3_通信保障!R452C5,True
Q3_通信保障!R452C6,True
Q3_通信保障/row453_no_extra_fields,True
Q3_通信保障!R453C1,True
Q3_通信保障!R453C2,True
Q3_通信保障!R453C3,True
Q3_通信保障!R453C4,True
Q3_通信保障!R453C5,True
Q3_通信保障!R453C6,True
Q3_通信保障/row454_no_extra_fields,True
Q3_通信保障!R454C1,True
Q3_通信保障!R454C2,True
Q3_通信保障!R454C3,True
Q3_通信保障!R454C4,True
Q3_通信保障!R454C5,True
Q3_通信保障!R454C6,True
Q3_通信保障/row455_no_extra_fields,True
Q3_通信保障!R455C1,True
Q3_通信保障!R455C2,True
Q3_通信保障!R455C3,True
Q3_通信保障!R455C4,True
Q3_通信保障!R455C5,True
Q3_通信保障!R455C6,True
Q3_通信保障/row456_no_extra_fields,True
Q3_通信保障!R456C1,True
Q3_通信保障!R456C2,True
Q3_通信保障!R456C3,True
Q3_通信保障!R456C4,True
Q3_通信保障!R456C5,True
Q3_通信保障!R456C6,True
Q3_通信保障/row457_no_extra_fields,True
Q3_通信保障!R457C1,True
Q3_通信保障!R457C2,True
Q3_通信保障!R457C3,True
Q3_通信保障!R457C4,True
Q3_通信保障!R457C5,True
Q3_通信保障!R457C6,True
Q3_通信保障/row458_no_extra_fields,True
Q3_通信保障!R458C1,True
Q3_通信保障!R458C2,True
Q3_通信保障!R458C3,True
Q3_通信保障!R458C4,True
Q3_通信保障!R458C5,True
Q3_通信保障!R458C6,True
Q3_通信保障/row459_no_extra_fields,True
Q3_通信保障!R459C1,True
Q3_通信保障!R459C2,True
Q3_通信保障!R459C3,True
Q3_通信保障!R459C4,True
Q3_通信保障!R459C5,True
Q3_通信保障!R459C6,True
Q3_通信保障/row460_no_extra_fields,True
Q3_通信保障!R460C1,True
Q3_通信保障!R460C2,True
Q3_通信保障!R460C3,True
Q3_通信保障!R460C4,True
Q3_通信保障!R460C5,True
Q3_通信保障!R460C6,True
Q3_通信保障/row461_no_extra_fields,True
Q3_通信保障!R461C1,True
Q3_通信保障!R461C2,True
Q3_通信保障!R461C3,True
Q3_通信保障!R461C4,True
Q3_通信保障!R461C5,True
Q3_通信保障!R461C6,True
Q3_通信保障/row462_no_extra_fields,True
Q3_通信保障!R462C1,True
Q3_通信保障!R462C2,True
Q3_通信保障!R462C3,True
Q3_通信保障!R462C4,True
Q3_通信保障!R462C5,True
Q3_通信保障!R462C6,True
Q3_通信保障/row463_no_extra_fields,True
Q3_通信保障!R463C1,True
Q3_通信保障!R463C2,True
Q3_通信保障!R463C3,True
Q3_通信保障!R463C4,True
Q3_通信保障!R463C5,True
Q3_通信保障!R463C6,True
Q3_通信保障/row464_no_extra_fields,True
Q3_通信保障!R464C1,True
Q3_通信保障!R464C2,True
Q3_通信保障!R464C3,True
Q3_通信保障!R464C4,True
Q3_通信保障!R464C5,True
Q3_通信保障!R464C6,True
Q3_通信保障/row465_no_extra_fields,True
Q3_通信保障!R465C1,True
Q3_通信保障!R465C2,True
Q3_通信保障!R465C3,True
Q3_通信保障!R465C4,True
Q3_通信保障!R465C5,True
Q3_通信保障!R465C6,True
Q3_通信保障/row466_no_extra_fields,True
Q3_通信保障!R466C1,True
Q3_通信保障!R466C2,True
Q3_通信保障!R466C3,True
Q3_通信保障!R466C4,True
Q3_通信保障!R466C5,True
Q3_通信保障!R466C6,True
Q3_通信保障/row467_no_extra_fields,True
Q3_通信保障!R467C1,True
Q3_通信保障!R467C2,True
Q3_通信保障!R467C3,True
Q3_通信保障!R467C4,True
Q3_通信保障!R467C5,True
Q3_通信保障!R467C6,True
Q3_通信保障/row468_no_extra_fields,True
Q3_通信保障!R468C1,True
Q3_通信保障!R468C2,True
Q3_通信保障!R468C3,True
Q3_通信保障!R468C4,True
Q3_通信保障!R468C5,True
Q3_通信保障!R468C6,True
Q3_通信保障/row469_no_extra_fields,True
Q3_通信保障!R469C1,True
Q3_通信保障!R469C2,True
Q3_通信保障!R469C3,True
Q3_通信保障!R469C4,True
Q3_通信保障!R469C5,True
Q3_通信保障!R469C6,True
Q3_通信保障/row470_no_extra_fields,True
Q3_通信保障!R470C1,True
Q3_通信保障!R470C2,True
Q3_通信保障!R470C3,True
Q3_通信保障!R470C4,True
Q3_通信保障!R470C5,True
Q3_通信保障!R470C6,True
Q3_通信保障/row471_no_extra_fields,True
Q3_通信保障!R471C1,True
Q3_通信保障!R471C2,True
Q3_通信保障!R471C3,True
Q3_通信保障!R471C4,True
Q3_通信保障!R471C5,True
Q3_通信保障!R471C6,True
Q3_通信保障/row472_no_extra_fields,True
Q3_通信保障!R472C1,True
Q3_通信保障!R472C2,True
Q3_通信保障!R472C3,True
Q3_通信保障!R472C4,True
Q3_通信保障!R472C5,True
Q3_通信保障!R472C6,True
Q3_通信保障/row473_no_extra_fields,True
Q3_通信保障!R473C1,True
Q3_通信保障!R473C2,True
Q3_通信保障!R473C3,True
Q3_通信保障!R473C4,True
Q3_通信保障!R473C5,True
Q3_通信保障!R473C6,True
Q3_通信保障/row474_no_extra_fields,True
Q3_通信保障!R474C1,True
Q3_通信保障!R474C2,True
Q3_通信保障!R474C3,True
Q3_通信保障!R474C4,True
Q3_通信保障!R474C5,True
Q3_通信保障!R474C6,True
Q3_通信保障/row475_no_extra_fields,True
Q3_通信保障!R475C1,True
Q3_通信保障!R475C2,True
Q3_通信保障!R475C3,True
Q3_通信保障!R475C4,True
Q3_通信保障!R475C5,True
Q3_通信保障!R475C6,True
Q3_通信保障/row476_no_extra_fields,True
Q3_通信保障!R476C1,True
Q3_通信保障!R476C2,True
Q3_通信保障!R476C3,True
Q3_通信保障!R476C4,True
Q3_通信保障!R476C5,True
Q3_通信保障!R476C6,True
Q3_通信保障/row477_no_extra_fields,True
Q3_通信保障!R477C1,True
Q3_通信保障!R477C2,True
Q3_通信保障!R477C3,True
Q3_通信保障!R477C4,True
Q3_通信保障!R477C5,True
Q3_通信保障!R477C6,True
Q3_通信保障/row478_no_extra_fields,True
Q3_通信保障!R478C1,True
Q3_通信保障!R478C2,True
Q3_通信保障!R478C3,True
Q3_通信保障!R478C4,True
Q3_通信保障!R478C5,True
Q3_通信保障!R478C6,True
Q3_通信保障/row479_no_extra_fields,True
Q3_通信保障!R479C1,True
Q3_通信保障!R479C2,True
Q3_通信保障!R479C3,True
Q3_通信保障!R479C4,True
Q3_通信保障!R479C5,True
Q3_通信保障!R479C6,True
Q3_通信保障/row480_no_extra_fields,True
Q3_通信保障!R480C1,True
Q3_通信保障!R480C2,True
Q3_通信保障!R480C3,True
Q3_通信保障!R480C4,True
Q3_通信保障!R480C5,True
Q3_通信保障!R480C6,True
Q3_通信保障/row481_no_extra_fields,True
Q3_通信保障!R481C1,True
Q3_通信保障!R481C2,True
Q3_通信保障!R481C3,True
Q3_通信保障!R481C4,True
Q3_通信保障!R481C5,True
Q3_通信保障!R481C6,True
Q3_通信保障/row482_no_extra_fields,True
Q3_通信保障!R482C1,True
Q3_通信保障!R482C2,True
Q3_通信保障!R482C3,True
Q3_通信保障!R482C4,True
Q3_通信保障!R482C5,True
Q3_通信保障!R482C6,True
Q3_通信保障/row483_no_extra_fields,True
Q3_通信保障!R483C1,True
Q3_通信保障!R483C2,True
Q3_通信保障!R483C3,True
Q3_通信保障!R483C4,True
Q3_通信保障!R483C5,True
Q3_通信保障!R483C6,True
Q3_通信保障/row484_no_extra_fields,True
Q3_通信保障!R484C1,True
Q3_通信保障!R484C2,True
Q3_通信保障!R484C3,True
Q3_通信保障!R484C4,True
Q3_通信保障!R484C5,True
Q3_通信保障!R484C6,True
Q3_通信保障/row485_no_extra_fields,True
Q3_通信保障!R485C1,True
Q3_通信保障!R485C2,True
Q3_通信保障!R485C3,True
Q3_通信保障!R485C4,True
Q3_通信保障!R485C5,True
Q3_通信保障!R485C6,True
Q3_通信保障/row486_no_extra_fields,True
Q3_通信保障!R486C1,True
Q3_通信保障!R486C2,True
Q3_通信保障!R486C3,True
Q3_通信保障!R486C4,True
Q3_通信保障!R486C5,True
Q3_通信保障!R486C6,True
Q3_通信保障/row487_no_extra_fields,True
Q3_通信保障!R487C1,True
Q3_通信保障!R487C2,True
Q3_通信保障!R487C3,True
Q3_通信保障!R487C4,True
Q3_通信保障!R487C5,True
Q3_通信保障!R487C6,True
Q3_通信保障/row488_no_extra_fields,True
Q3_通信保障!R488C1,True
Q3_通信保障!R488C2,True
Q3_通信保障!R488C3,True
Q3_通信保障!R488C4,True
Q3_通信保障!R488C5,True
Q3_通信保障!R488C6,True
Q3_通信保障/row489_no_extra_fields,True
Q3_通信保障!R489C1,True
Q3_通信保障!R489C2,True
Q3_通信保障!R489C3,True
Q3_通信保障!R489C4,True
Q3_通信保障!R489C5,True
Q3_通信保障!R489C6,True
Q3_通信保障/row490_no_extra_fields,True
Q3_通信保障!R490C1,True
Q3_通信保障!R490C2,True
Q3_通信保障!R490C3,True
Q3_通信保障!R490C4,True
Q3_通信保障!R490C5,True
Q3_通信保障!R490C6,True
Q3_通信保障/row491_no_extra_fields,True
Q3_通信保障!R491C1,True
Q3_通信保障!R491C2,True
Q3_通信保障!R491C3,True
Q3_通信保障!R491C4,True
Q3_通信保障!R491C5,True
Q3_通信保障!R491C6,True
Q3_通信保障/row492_no_extra_fields,True
Q3_通信保障!R492C1,True
Q3_通信保障!R492C2,True
Q3_通信保障!R492C3,True
Q3_通信保障!R492C4,True
Q3_通信保障!R492C5,True
Q3_通信保障!R492C6,True
Q3_通信保障/row493_no_extra_fields,True
Q3_通信保障!R493C1,True
Q3_通信保障!R493C2,True
Q3_通信保障!R493C3,True
Q3_通信保障!R493C4,True
Q3_通信保障!R493C5,True
Q3_通信保障!R493C6,True
Q3_通信保障/row494_no_extra_fields,True
Q3_通信保障!R494C1,True
Q3_通信保障!R494C2,True
Q3_通信保障!R494C3,True
Q3_通信保障!R494C4,True
Q3_通信保障!R494C5,True
Q3_通信保障!R494C6,True
Q3_通信保障/row495_no_extra_fields,True
Q3_通信保障!R495C1,True
Q3_通信保障!R495C2,True
Q3_通信保障!R495C3,True
Q3_通信保障!R495C4,True
Q3_通信保障!R495C5,True
Q3_通信保障!R495C6,True
Q3_通信保障/row496_no_extra_fields,True
Q3_通信保障!R496C1,True
Q3_通信保障!R496C2,True
Q3_通信保障!R496C3,True
Q3_通信保障!R496C4,True
Q3_通信保障!R496C5,True
Q3_通信保障!R496C6,True
Q3_通信保障/row497_no_extra_fields,True
Q3_通信保障!R497C1,True
Q3_通信保障!R497C2,True
Q3_通信保障!R497C3,True
Q3_通信保障!R497C4,True
Q3_通信保障!R497C5,True
Q3_通信保障!R497C6,True
Q3_通信保障/row498_no_extra_fields,True
Q3_通信保障!R498C1,True
Q3_通信保障!R498C2,True
Q3_通信保障!R498C3,True
Q3_通信保障!R498C4,True
Q3_通信保障!R498C5,True
Q3_通信保障!R498C6,True
Q3_通信保障/row499_no_extra_fields,True
Q3_通信保障!R499C1,True
Q3_通信保障!R499C2,True
Q3_通信保障!R499C3,True
Q3_通信保障!R499C4,True
Q3_通信保障!R499C5,True
Q3_通信保障!R499C6,True
Q3_通信保障/row500_no_extra_fields,True
Q3_通信保障!R500C1,True
Q3_通信保障!R500C2,True
Q3_通信保障!R500C3,True
Q3_通信保障!R500C4,True
Q3_通信保障!R500C5,True
Q3_通信保障!R500C6,True
Q3_通信保障/row501_no_extra_fields,True
Q3_通信保障!R501C1,True
Q3_通信保障!R501C2,True
Q3_通信保障!R501C3,True
Q3_通信保障!R501C4,True
Q3_通信保障!R501C5,True
Q3_通信保障!R501C6,True
Q3_通信保障/row502_no_extra_fields,True
Q3_通信保障!R502C1,True
Q3_通信保障!R502C2,True
Q3_通信保障!R502C3,True
Q3_通信保障!R502C4,True
Q3_通信保障!R502C5,True
Q3_通信保障!R502C6,True
Q3_通信保障/row503_no_extra_fields,True
Q3_通信保障!R503C1,True
Q3_通信保障!R503C2,True
Q3_通信保障!R503C3,True
Q3_通信保障!R503C4,True
Q3_通信保障!R503C5,True
Q3_通信保障!R503C6,True
Q3_通信保障/row504_no_extra_fields,True
Q3_通信保障!R504C1,True
Q3_通信保障!R504C2,True
Q3_通信保障!R504C3,True
Q3_通信保障!R504C4,True
Q3_通信保障!R504C5,True
Q3_通信保障!R504C6,True
Q3_通信保障/row505_no_extra_fields,True
Q3_通信保障!R505C1,True
Q3_通信保障!R505C2,True
Q3_通信保障!R505C3,True
Q3_通信保障!R505C4,True
Q3_通信保障!R505C5,True
Q3_通信保障!R505C6,True
Q3_通信保障/row506_no_extra_fields,True
Q3_通信保障!R506C1,True
Q3_通信保障!R506C2,True
Q3_通信保障!R506C3,True
Q3_通信保障!R506C4,True
Q3_通信保障!R506C5,True
Q3_通信保障!R506C6,True
Q3_通信保障/row507_no_extra_fields,True
Q3_通信保障!R507C1,True
Q3_通信保障!R507C2,True
Q3_通信保障!R507C3,True
Q3_通信保障!R507C4,True
Q3_通信保障!R507C5,True
Q3_通信保障!R507C6,True
Q3_通信保障/row508_no_extra_fields,True
Q3_通信保障!R508C1,True
Q3_通信保障!R508C2,True
Q3_通信保障!R508C3,True
Q3_通信保障!R508C4,True
Q3_通信保障!R508C5,True
Q3_通信保障!R508C6,True
Q3_通信保障/row509_no_extra_fields,True
Q3_通信保障!R509C1,True
Q3_通信保障!R509C2,True
Q3_通信保障!R509C3,True
Q3_通信保障!R509C4,True
Q3_通信保障!R509C5,True
Q3_通信保障!R509C6,True
Q3_通信保障/row510_no_extra_fields,True
Q3_通信保障!R510C1,True
Q3_通信保障!R510C2,True
Q3_通信保障!R510C3,True
Q3_通信保障!R510C4,True
Q3_通信保障!R510C5,True
Q3_通信保障!R510C6,True
Q3_通信保障/row511_no_extra_fields,True
Q3_通信保障!R511C1,True
Q3_通信保障!R511C2,True
Q3_通信保障!R511C3,True
Q3_通信保障!R511C4,True
Q3_通信保障!R511C5,True
Q3_通信保障!R511C6,True
Q3_通信保障/row512_no_extra_fields,True
Q3_通信保障!R512C1,True
Q3_通信保障!R512C2,True
Q3_通信保障!R512C3,True
Q3_通信保障!R512C4,True
Q3_通信保障!R512C5,True
Q3_通信保障!R512C6,True
Q3_通信保障/row513_no_extra_fields,True
Q3_通信保障!R513C1,True
Q3_通信保障!R513C2,True
Q3_通信保障!R513C3,True
Q3_通信保障!R513C4,True
Q3_通信保障!R513C5,True
Q3_通信保障!R513C6,True
Q3_通信保障/row514_no_extra_fields,True
Q3_通信保障!R514C1,True
Q3_通信保障!R514C2,True
Q3_通信保障!R514C3,True
Q3_通信保障!R514C4,True
Q3_通信保障!R514C5,True
Q3_通信保障!R514C6,True
Q3_通信保障/row515_no_extra_fields,True
Q3_通信保障!R515C1,True
Q3_通信保障!R515C2,True
Q3_通信保障!R515C3,True
Q3_通信保障!R515C4,True
Q3_通信保障!R515C5,True
Q3_通信保障!R515C6,True
Q3_通信保障/row516_no_extra_fields,True
Q3_通信保障!R516C1,True
Q3_通信保障!R516C2,True
Q3_通信保障!R516C3,True
Q3_通信保障!R516C4,True
Q3_通信保障!R516C5,True
Q3_通信保障!R516C6,True
Q3_通信保障/row517_no_extra_fields,True
Q3_通信保障!R517C1,True
Q3_通信保障!R517C2,True
Q3_通信保障!R517C3,True
Q3_通信保障!R517C4,True
Q3_通信保障!R517C5,True
Q3_通信保障!R517C6,True
Q3_通信保障/row518_no_extra_fields,True
Q3_通信保障!R518C1,True
Q3_通信保障!R518C2,True
Q3_通信保障!R518C3,True
Q3_通信保障!R518C4,True
Q3_通信保障!R518C5,True
Q3_通信保障!R518C6,True
Q3_通信保障/row519_no_extra_fields,True
Q3_通信保障!R519C1,True
Q3_通信保障!R519C2,True
Q3_通信保障!R519C3,True
Q3_通信保障!R519C4,True
Q3_通信保障!R519C5,True
Q3_通信保障!R519C6,True
Q3_通信保障/row520_no_extra_fields,True
Q3_通信保障!R520C1,True
Q3_通信保障!R520C2,True
Q3_通信保障!R520C3,True
Q3_通信保障!R520C4,True
Q3_通信保障!R520C5,True
Q3_通信保障!R520C6,True
Q3_通信保障/row521_no_extra_fields,True
Q3_通信保障!R521C1,True
Q3_通信保障!R521C2,True
Q3_通信保障!R521C3,True
Q3_通信保障!R521C4,True
Q3_通信保障!R521C5,True
Q3_通信保障!R521C6,True
Q3_通信保障/row522_no_extra_fields,True
Q3_通信保障!R522C1,True
Q3_通信保障!R522C2,True
Q3_通信保障!R522C3,True
Q3_通信保障!R522C4,True
Q3_通信保障!R522C5,True
Q3_通信保障!R522C6,True
Q3_通信保障/row523_no_extra_fields,True
Q3_通信保障!R523C1,True
Q3_通信保障!R523C2,True
Q3_通信保障!R523C3,True
Q3_通信保障!R523C4,True
Q3_通信保障!R523C5,True
Q3_通信保障!R523C6,True
Q3_通信保障/row524_no_extra_fields,True
Q3_通信保障!R524C1,True
Q3_通信保障!R524C2,True
Q3_通信保障!R524C3,True
Q3_通信保障!R524C4,True
Q3_通信保障!R524C5,True
Q3_通信保障!R524C6,True
Q3_通信保障/row525_no_extra_fields,True
Q3_通信保障!R525C1,True
Q3_通信保障!R525C2,True
Q3_通信保障!R525C3,True
Q3_通信保障!R525C4,True
Q3_通信保障!R525C5,True
Q3_通信保障!R525C6,True
Q3_通信保障/row526_no_extra_fields,True
Q3_通信保障!R526C1,True
Q3_通信保障!R526C2,True
Q3_通信保障!R526C3,True
Q3_通信保障!R526C4,True
Q3_通信保障!R526C5,True
Q3_通信保障!R526C6,True
Q3_通信保障/row527_no_extra_fields,True
Q3_通信保障!R527C1,True
Q3_通信保障!R527C2,True
Q3_通信保障!R527C3,True
Q3_通信保障!R527C4,True
Q3_通信保障!R527C5,True
Q3_通信保障!R527C6,True
Q3_通信保障/row528_no_extra_fields,True
Q3_通信保障!R528C1,True
Q3_通信保障!R528C2,True
Q3_通信保障!R528C3,True
Q3_通信保障!R528C4,True
Q3_通信保障!R528C5,True
Q3_通信保障!R528C6,True
Q3_通信保障/row529_no_extra_fields,True
Q3_通信保障!R529C1,True
Q3_通信保障!R529C2,True
Q3_通信保障!R529C3,True
Q3_通信保障!R529C4,True
Q3_通信保障!R529C5,True
Q3_通信保障!R529C6,True
Q3_通信保障/row530_no_extra_fields,True
Q3_通信保障!R530C1,True
Q3_通信保障!R530C2,True
Q3_通信保障!R530C3,True
Q3_通信保障!R530C4,True
Q3_通信保障!R530C5,True
Q3_通信保障!R530C6,True
Q3_通信保障/row531_no_extra_fields,True
Q3_通信保障!R531C1,True
Q3_通信保障!R531C2,True
Q3_通信保障!R531C3,True
Q3_通信保障!R531C4,True
Q3_通信保障!R531C5,True
Q3_通信保障!R531C6,True
Q3_通信保障/row532_no_extra_fields,True
Q3_通信保障!R532C1,True
Q3_通信保障!R532C2,True
Q3_通信保障!R532C3,True
Q3_通信保障!R532C4,True
Q3_通信保障!R532C5,True
Q3_通信保障!R532C6,True
Q3_通信保障/row533_no_extra_fields,True
Q3_通信保障!R533C1,True
Q3_通信保障!R533C2,True
Q3_通信保障!R533C3,True
Q3_通信保障!R533C4,True
Q3_通信保障!R533C5,True
Q3_通信保障!R533C6,True
Q3_通信保障/row534_no_extra_fields,True
Q3_通信保障!R534C1,True
Q3_通信保障!R534C2,True
Q3_通信保障!R534C3,True
Q3_通信保障!R534C4,True
Q3_通信保障!R534C5,True
Q3_通信保障!R534C6,True
Q3_通信保障/row535_no_extra_fields,True
Q3_通信保障!R535C1,True
Q3_通信保障!R535C2,True
Q3_通信保障!R535C3,True
Q3_通信保障!R535C4,True
Q3_通信保障!R535C5,True
Q3_通信保障!R535C6,True
Q3_通信保障/row536_no_extra_fields,True
Q3_通信保障!R536C1,True
Q3_通信保障!R536C2,True
Q3_通信保障!R536C3,True
Q3_通信保障!R536C4,True
Q3_通信保障!R536C5,True
Q3_通信保障!R536C6,True
Q3_通信保障/row537_no_extra_fields,True
Q3_通信保障!R537C1,True
Q3_通信保障!R537C2,True
Q3_通信保障!R537C3,True
Q3_通信保障!R537C4,True
Q3_通信保障!R537C5,True
Q3_通信保障!R537C6,True
Q3_通信保障/row538_no_extra_fields,True
Q3_通信保障!R538C1,True
Q3_通信保障!R538C2,True
Q3_通信保障!R538C3,True
Q3_通信保障!R538C4,True
Q3_通信保障!R538C5,True
Q3_通信保障!R538C6,True
Q3_通信保障/row539_no_extra_fields,True
Q3_通信保障!R539C1,True
Q3_通信保障!R539C2,True
Q3_通信保障!R539C3,True
Q3_通信保障!R539C4,True
Q3_通信保障!R539C5,True
Q3_通信保障!R539C6,True
Q3_通信保障/row540_no_extra_fields,True
Q3_通信保障!R540C1,True
Q3_通信保障!R540C2,True
Q3_通信保障!R540C3,True
Q3_通信保障!R540C4,True
Q3_通信保障!R540C5,True
Q3_通信保障!R540C6,True
Q3_通信保障/row541_no_extra_fields,True
Q3_通信保障!R541C1,True
Q3_通信保障!R541C2,True
Q3_通信保障!R541C3,True
Q3_通信保障!R541C4,True
Q3_通信保障!R541C5,True
Q3_通信保障!R541C6,True
Q3_通信保障/row542_no_extra_fields,True
Q3_通信保障!R542C1,True
Q3_通信保障!R542C2,True
Q3_通信保障!R542C3,True
Q3_通信保障!R542C4,True
Q3_通信保障!R542C5,True
Q3_通信保障!R542C6,True
Q3_通信保障/row543_no_extra_fields,True
Q3_通信保障!R543C1,True
Q3_通信保障!R543C2,True
Q3_通信保障!R543C3,True
Q3_通信保障!R543C4,True
Q3_通信保障!R543C5,True
Q3_通信保障!R543C6,True
Q3_通信保障/row544_no_extra_fields,True
Q3_通信保障!R544C1,True
Q3_通信保障!R544C2,True
Q3_通信保障!R544C3,True
Q3_通信保障!R544C4,True
Q3_通信保障!R544C5,True
Q3_通信保障!R544C6,True
Q3_通信保障/row545_no_extra_fields,True
Q3_通信保障!R545C1,True
Q3_通信保障!R545C2,True
Q3_通信保障!R545C3,True
Q3_通信保障!R545C4,True
Q3_通信保障!R545C5,True
Q3_通信保障!R545C6,True
Q3_通信保障/row546_no_extra_fields,True
Q3_通信保障!R546C1,True
Q3_通信保障!R546C2,True
Q3_通信保障!R546C3,True
Q3_通信保障!R546C4,True
Q3_通信保障!R546C5,True
Q3_通信保障!R546C6,True
Q3_通信保障/row547_no_extra_fields,True
Q3_通信保障!R547C1,True
Q3_通信保障!R547C2,True
Q3_通信保障!R547C3,True
Q3_通信保障!R547C4,True
Q3_通信保障!R547C5,True
Q3_通信保障!R547C6,True
Q3_通信保障/row548_no_extra_fields,True
Q3_通信保障!R548C1,True
Q3_通信保障!R548C2,True
Q3_通信保障!R548C3,True
Q3_通信保障!R548C4,True
Q3_通信保障!R548C5,True
Q3_通信保障!R548C6,True
Q3_通信保障/row549_no_extra_fields,True
Q3_通信保障!R549C1,True
Q3_通信保障!R549C2,True
Q3_通信保障!R549C3,True
Q3_通信保障!R549C4,True
Q3_通信保障!R549C5,True
Q3_通信保障!R549C6,True
Q3_通信保障/row550_no_extra_fields,True
Q3_通信保障!R550C1,True
Q3_通信保障!R550C2,True
Q3_通信保障!R550C3,True
Q3_通信保障!R550C4,True
Q3_通信保障!R550C5,True
Q3_通信保障!R550C6,True
Q3_通信保障/row551_no_extra_fields,True
Q3_通信保障!R551C1,True
Q3_通信保障!R551C2,True
Q3_通信保障!R551C3,True
Q3_通信保障!R551C4,True
Q3_通信保障!R551C5,True
Q3_通信保障!R551C6,True
Q3_通信保障/row552_no_extra_fields,True
Q3_通信保障!R552C1,True
Q3_通信保障!R552C2,True
Q3_通信保障!R552C3,True
Q3_通信保障!R552C4,True
Q3_通信保障!R552C5,True
Q3_通信保障!R552C6,True
Q3_通信保障/row553_no_extra_fields,True
Q3_通信保障!R553C1,True
Q3_通信保障!R553C2,True
Q3_通信保障!R553C3,True
Q3_通信保障!R553C4,True
Q3_通信保障!R553C5,True
Q3_通信保障!R553C6,True
Q3_通信保障/row554_no_extra_fields,True
Q3_通信保障!R554C1,True
Q3_通信保障!R554C2,True
Q3_通信保障!R554C3,True
Q3_通信保障!R554C4,True
Q3_通信保障!R554C5,True
Q3_通信保障!R554C6,True
Q3_通信保障/row555_no_extra_fields,True
Q3_通信保障!R555C1,True
Q3_通信保障!R555C2,True
Q3_通信保障!R555C3,True
Q3_通信保障!R555C4,True
Q3_通信保障!R555C5,True
Q3_通信保障!R555C6,True
Q3_通信保障/row556_no_extra_fields,True
Q3_通信保障!R556C1,True
Q3_通信保障!R556C2,True
Q3_通信保障!R556C3,True
Q3_通信保障!R556C4,True
Q3_通信保障!R556C5,True
Q3_通信保障!R556C6,True
Q3_通信保障/row557_no_extra_fields,True
Q3_通信保障!R557C1,True
Q3_通信保障!R557C2,True
Q3_通信保障!R557C3,True
Q3_通信保障!R557C4,True
Q3_通信保障!R557C5,True
Q3_通信保障!R557C6,True
Q3_通信保障/row558_no_extra_fields,True
Q3_通信保障!R558C1,True
Q3_通信保障!R558C2,True
Q3_通信保障!R558C3,True
Q3_通信保障!R558C4,True
Q3_通信保障!R558C5,True
Q3_通信保障!R558C6,True
Q3_通信保障/row559_no_extra_fields,True
Q3_通信保障!R559C1,True
Q3_通信保障!R559C2,True
Q3_通信保障!R559C3,True
Q3_通信保障!R559C4,True
Q3_通信保障!R559C5,True
Q3_通信保障!R559C6,True
Q3_通信保障/row560_no_extra_fields,True
Q3_通信保障!R560C1,True
Q3_通信保障!R560C2,True
Q3_通信保障!R560C3,True
Q3_通信保障!R560C4,True
Q3_通信保障!R560C5,True
Q3_通信保障!R560C6,True
Q3_通信保障/row561_no_extra_fields,True
Q3_通信保障!R561C1,True
Q3_通信保障!R561C2,True
Q3_通信保障!R561C3,True
Q3_通信保障!R561C4,True
Q3_通信保障!R561C5,True
Q3_通信保障!R561C6,True
Q3_通信保障/row562_no_extra_fields,True
Q3_通信保障!R562C1,True
Q3_通信保障!R562C2,True
Q3_通信保障!R562C3,True
Q3_通信保障!R562C4,True
Q3_通信保障!R562C5,True
Q3_通信保障!R562C6,True
Q3_通信保障/row563_no_extra_fields,True
Q3_通信保障!R563C1,True
Q3_通信保障!R563C2,True
Q3_通信保障!R563C3,True
Q3_通信保障!R563C4,True
Q3_通信保障!R563C5,True
Q3_通信保障!R563C6,True
Q3_通信保障/row564_no_extra_fields,True
Q3_通信保障!R564C1,True
Q3_通信保障!R564C2,True
Q3_通信保障!R564C3,True
Q3_通信保障!R564C4,True
Q3_通信保障!R564C5,True
Q3_通信保障!R564C6,True
Q3_通信保障/row565_no_extra_fields,True
Q3_通信保障!R565C1,True
Q3_通信保障!R565C2,True
Q3_通信保障!R565C3,True
Q3_通信保障!R565C4,True
Q3_通信保障!R565C5,True
Q3_通信保障!R565C6,True
Q3_通信保障/row566_no_extra_fields,True
Q3_通信保障!R566C1,True
Q3_通信保障!R566C2,True
Q3_通信保障!R566C3,True
Q3_通信保障!R566C4,True
Q3_通信保障!R566C5,True
Q3_通信保障!R566C6,True
Q3_通信保障/row567_no_extra_fields,True
Q3_通信保障!R567C1,True
Q3_通信保障!R567C2,True
Q3_通信保障!R567C3,True
Q3_通信保障!R567C4,True
Q3_通信保障!R567C5,True
Q3_通信保障!R567C6,True
Q3_通信保障/row568_no_extra_fields,True
Q3_通信保障!R568C1,True
Q3_通信保障!R568C2,True
Q3_通信保障!R568C3,True
Q3_通信保障!R568C4,True
Q3_通信保障!R568C5,True
Q3_通信保障!R568C6,True
Q3_通信保障/row569_no_extra_fields,True
Q3_通信保障!R569C1,True
Q3_通信保障!R569C2,True
Q3_通信保障!R569C3,True
Q3_通信保障!R569C4,True
Q3_通信保障!R569C5,True
Q3_通信保障!R569C6,True
Q3_通信保障/row570_no_extra_fields,True
Q3_通信保障!R570C1,True
Q3_通信保障!R570C2,True
Q3_通信保障!R570C3,True
Q3_通信保障!R570C4,True
Q3_通信保障!R570C5,True
Q3_通信保障!R570C6,True
Q3_通信保障/row571_no_extra_fields,True
Q3_通信保障!R571C1,True
Q3_通信保障!R571C2,True
Q3_通信保障!R571C3,True
Q3_通信保障!R571C4,True
Q3_通信保障!R571C5,True
Q3_通信保障!R571C6,True
Q3_通信保障/row572_no_extra_fields,True
Q3_通信保障!R572C1,True
Q3_通信保障!R572C2,True
Q3_通信保障!R572C3,True
Q3_通信保障!R572C4,True
Q3_通信保障!R572C5,True
Q3_通信保障!R572C6,True
Q3_通信保障/row573_no_extra_fields,True
Q3_通信保障!R573C1,True
Q3_通信保障!R573C2,True
Q3_通信保障!R573C3,True
Q3_通信保障!R573C4,True
Q3_通信保障!R573C5,True
Q3_通信保障!R573C6,True
Q3_通信保障/row574_no_extra_fields,True
Q3_通信保障!R574C1,True
Q3_通信保障!R574C2,True
Q3_通信保障!R574C3,True
Q3_通信保障!R574C4,True
Q3_通信保障!R574C5,True
Q3_通信保障!R574C6,True
Q3_通信保障/row575_no_extra_fields,True
Q3_通信保障!R575C1,True
Q3_通信保障!R575C2,True
Q3_通信保障!R575C3,True
Q3_通信保障!R575C4,True
Q3_通信保障!R575C5,True
Q3_通信保障!R575C6,True
Q3_通信保障/row576_no_extra_fields,True
Q3_通信保障!R576C1,True
Q3_通信保障!R576C2,True
Q3_通信保障!R576C3,True
Q3_通信保障!R576C4,True
Q3_通信保障!R576C5,True
Q3_通信保障!R576C6,True
Q3_通信保障/row577_no_extra_fields,True
Q3_通信保障!R577C1,True
Q3_通信保障!R577C2,True
Q3_通信保障!R577C3,True
Q3_通信保障!R577C4,True
Q3_通信保障!R577C5,True
Q3_通信保障!R577C6,True
Q3_通信保障/row578_no_extra_fields,True
Q3_通信保障!R578C1,True
Q3_通信保障!R578C2,True
Q3_通信保障!R578C3,True
Q3_通信保障!R578C4,True
Q3_通信保障!R578C5,True
Q3_通信保障!R578C6,True
Q3_通信保障/row579_no_extra_fields,True
Q3_通信保障!R579C1,True
Q3_通信保障!R579C2,True
Q3_通信保障!R579C3,True
Q3_通信保障!R579C4,True
Q3_通信保障!R579C5,True
Q3_通信保障!R579C6,True
Q3_通信保障/row580_no_extra_fields,True
Q3_通信保障!R580C1,True
Q3_通信保障!R580C2,True
Q3_通信保障!R580C3,True
Q3_通信保障!R580C4,True
Q3_通信保障!R580C5,True
Q3_通信保障!R580C6,True
Q3_通信保障/row581_no_extra_fields,True
Q3_通信保障!R581C1,True
Q3_通信保障!R581C2,True
Q3_通信保障!R581C3,True
Q3_通信保障!R581C4,True
Q3_通信保障!R581C5,True
Q3_通信保障!R581C6,True
Q3_通信保障/row582_no_extra_fields,True
Q3_通信保障!R582C1,True
Q3_通信保障!R582C2,True
Q3_通信保障!R582C3,True
Q3_通信保障!R582C4,True
Q3_通信保障!R582C5,True
Q3_通信保障!R582C6,True
Q3_通信保障/row583_no_extra_fields,True
Q3_通信保障!R583C1,True
Q3_通信保障!R583C2,True
Q3_通信保障!R583C3,True
Q3_通信保障!R583C4,True
Q3_通信保障!R583C5,True
Q3_通信保障!R583C6,True
Q3_通信保障/row584_no_extra_fields,True
Q3_通信保障!R584C1,True
Q3_通信保障!R584C2,True
Q3_通信保障!R584C3,True
Q3_通信保障!R584C4,True
Q3_通信保障!R584C5,True
Q3_通信保障!R584C6,True
Q3_通信保障/row585_no_extra_fields,True
Q3_通信保障!R585C1,True
Q3_通信保障!R585C2,True
Q3_通信保障!R585C3,True
Q3_通信保障!R585C4,True
Q3_通信保障!R585C5,True
Q3_通信保障!R585C6,True
Q3_通信保障/row586_no_extra_fields,True
Q3_通信保障!R586C1,True
Q3_通信保障!R586C2,True
Q3_通信保障!R586C3,True
Q3_通信保障!R586C4,True
Q3_通信保障!R586C5,True
Q3_通信保障!R586C6,True
Q3_通信保障/row587_no_extra_fields,True
Q3_通信保障!R587C1,True
Q3_通信保障!R587C2,True
Q3_通信保障!R587C3,True
Q3_通信保障!R587C4,True
Q3_通信保障!R587C5,True
Q3_通信保障!R587C6,True
Q3_通信保障/row588_no_extra_fields,True
Q3_通信保障!R588C1,True
Q3_通信保障!R588C2,True
Q3_通信保障!R588C3,True
Q3_通信保障!R588C4,True
Q3_通信保障!R588C5,True
Q3_通信保障!R588C6,True
Q3_通信保障/row589_no_extra_fields,True
Q3_通信保障!R589C1,True
Q3_通信保障!R589C2,True
Q3_通信保障!R589C3,True
Q3_通信保障!R589C4,True
Q3_通信保障!R589C5,True
Q3_通信保障!R589C6,True
Q3_通信保障/row590_no_extra_fields,True
Q3_通信保障!R590C1,True
Q3_通信保障!R590C2,True
Q3_通信保障!R590C3,True
Q3_通信保障!R590C4,True
Q3_通信保障!R590C5,True
Q3_通信保障!R590C6,True
Q3_通信保障/row591_no_extra_fields,True
Q3_通信保障!R591C1,True
Q3_通信保障!R591C2,True
Q3_通信保障!R591C3,True
Q3_通信保障!R591C4,True
Q3_通信保障!R591C5,True
Q3_通信保障!R591C6,True
Q3_通信保障/row592_no_extra_fields,True
Q3_通信保障!R592C1,True
Q3_通信保障!R592C2,True
Q3_通信保障!R592C3,True
Q3_通信保障!R592C4,True
Q3_通信保障!R592C5,True
Q3_通信保障!R592C6,True
Q3_通信保障/row593_no_extra_fields,True
Q3_通信保障!R593C1,True
Q3_通信保障!R593C2,True
Q3_通信保障!R593C3,True
Q3_通信保障!R593C4,True
Q3_通信保障!R593C5,True
Q3_通信保障!R593C6,True
Q3_通信保障/row594_no_extra_fields,True
Q3_通信保障!R594C1,True
Q3_通信保障!R594C2,True
Q3_通信保障!R594C3,True
Q3_通信保障!R594C4,True
Q3_通信保障!R594C5,True
Q3_通信保障!R594C6,True
Q3_通信保障/row595_no_extra_fields,True
Q3_通信保障!R595C1,True
Q3_通信保障!R595C2,True
Q3_通信保障!R595C3,True
Q3_通信保障!R595C4,True
Q3_通信保障!R595C5,True
Q3_通信保障!R595C6,True
Q3_通信保障/row596_no_extra_fields,True
Q3_通信保障!R596C1,True
Q3_通信保障!R596C2,True
Q3_通信保障!R596C3,True
Q3_通信保障!R596C4,True
Q3_通信保障!R596C5,True
Q3_通信保障!R596C6,True
Q3_通信保障/row597_no_extra_fields,True
Q3_通信保障!R597C1,True
Q3_通信保障!R597C2,True
Q3_通信保障!R597C3,True
Q3_通信保障!R597C4,True
Q3_通信保障!R597C5,True
Q3_通信保障!R597C6,True
Q3_通信保障/row598_no_extra_fields,True
Q3_通信保障!R598C1,True
Q3_通信保障!R598C2,True
Q3_通信保障!R598C3,True
Q3_通信保障!R598C4,True
Q3_通信保障!R598C5,True
Q3_通信保障!R598C6,True
Q3_通信保障/row599_no_extra_fields,True
Q3_通信保障!R599C1,True
Q3_通信保障!R599C2,True
Q3_通信保障!R599C3,True
Q3_通信保障!R599C4,True
Q3_通信保障!R599C5,True
Q3_通信保障!R599C6,True
Q3_通信保障/row600_no_extra_fields,True
Q3_通信保障!R600C1,True
Q3_通信保障!R600C2,True
Q3_通信保障!R600C3,True
Q3_通信保障!R600C4,True
Q3_通信保障!R600C5,True
Q3_通信保障!R600C6,True
Q3_通信保障/row601_no_extra_fields,True
Q3_通信保障!R601C1,True
Q3_通信保障!R601C2,True
Q3_通信保障!R601C3,True
Q3_通信保障!R601C4,True
Q3_通信保障!R601C5,True
Q3_通信保障!R601C6,True
Q3_通信保障/row602_no_extra_fields,True
Q3_通信保障!R602C1,True
Q3_通信保障!R602C2,True
Q3_通信保障!R602C3,True
Q3_通信保障!R602C4,True
Q3_通信保障!R602C5,True
Q3_通信保障!R602C6,True
Q3_通信保障/row603_no_extra_fields,True
Q3_通信保障!R603C1,True
Q3_通信保障!R603C2,True
Q3_通信保障!R603C3,True
Q3_通信保障!R603C4,True
Q3_通信保障!R603C5,True
Q3_通信保障!R603C6,True
Q3_通信保障/row604_no_extra_fields,True
Q3_通信保障!R604C1,True
Q3_通信保障!R604C2,True
Q3_通信保障!R604C3,True
Q3_通信保障!R604C4,True
Q3_通信保障!R604C5,True
Q3_通信保障!R604C6,True
Q3_通信保障/row605_no_extra_fields,True
Q3_通信保障!R605C1,True
Q3_通信保障!R605C2,True
Q3_通信保障!R605C3,True
Q3_通信保障!R605C4,True
Q3_通信保障!R605C5,True
Q3_通信保障!R605C6,True
Q3_通信保障/row606_no_extra_fields,True
Q3_通信保障!R606C1,True
Q3_通信保障!R606C2,True
Q3_通信保障!R606C3,True
Q3_通信保障!R606C4,True
Q3_通信保障!R606C5,True
Q3_通信保障!R606C6,True
Q3_通信保障/row607_no_extra_fields,True
Q3_通信保障!R607C1,True
Q3_通信保障!R607C2,True
Q3_通信保障!R607C3,True
Q3_通信保障!R607C4,True
Q3_通信保障!R607C5,True
Q3_通信保障!R607C6,True
Q3_通信保障/row608_no_extra_fields,True
Q3_通信保障!R608C1,True
Q3_通信保障!R608C2,True
Q3_通信保障!R608C3,True
Q3_通信保障!R608C4,True
Q3_通信保障!R608C5,True
Q3_通信保障!R608C6,True
Q3_通信保障/row609_no_extra_fields,True
Q3_通信保障!R609C1,True
Q3_通信保障!R609C2,True
Q3_通信保障!R609C3,True
Q3_通信保障!R609C4,True
Q3_通信保障!R609C5,True
Q3_通信保障!R609C6,True
Q3_通信保障/row610_no_extra_fields,True
Q3_通信保障!R610C1,True
Q3_通信保障!R610C2,True
Q3_通信保障!R610C3,True
Q3_通信保障!R610C4,True
Q3_通信保障!R610C5,True
Q3_通信保障!R610C6,True
Q3_通信保障/row611_no_extra_fields,True
Q3_通信保障!R611C1,True
Q3_通信保障!R611C2,True
Q3_通信保障!R611C3,True
Q3_通信保障!R611C4,True
Q3_通信保障!R611C5,True
Q3_通信保障!R611C6,True
Q3_通信保障/row612_no_extra_fields,True
Q3_通信保障!R612C1,True
Q3_通信保障!R612C2,True
Q3_通信保障!R612C3,True
Q3_通信保障!R612C4,True
Q3_通信保障!R612C5,True
Q3_通信保障!R612C6,True
Q3_通信保障/row613_no_extra_fields,True
Q3_通信保障!R613C1,True
Q3_通信保障!R613C2,True
Q3_通信保障!R613C3,True
Q3_通信保障!R613C4,True
Q3_通信保障!R613C5,True
Q3_通信保障!R613C6,True
Q3_通信保障/row614_no_extra_fields,True
Q3_通信保障!R614C1,True
Q3_通信保障!R614C2,True
Q3_通信保障!R614C3,True
Q3_通信保障!R614C4,True
Q3_通信保障!R614C5,True
Q3_通信保障!R614C6,True
Q3_通信保障/row615_no_extra_fields,True
Q3_通信保障!R615C1,True
Q3_通信保障!R615C2,True
Q3_通信保障!R615C3,True
Q3_通信保障!R615C4,True
Q3_通信保障!R615C5,True
Q3_通信保障!R615C6,True
Q3_通信保障/row616_no_extra_fields,True
Q3_通信保障!R616C1,True
Q3_通信保障!R616C2,True
Q3_通信保障!R616C3,True
Q3_通信保障!R616C4,True
Q3_通信保障!R616C5,True
Q3_通信保障!R616C6,True
Q3_通信保障/row617_no_extra_fields,True
Q3_通信保障!R617C1,True
Q3_通信保障!R617C2,True
Q3_通信保障!R617C3,True
Q3_通信保障!R617C4,True
Q3_通信保障!R617C5,True
Q3_通信保障!R617C6,True
Q3_通信保障/row618_no_extra_fields,True
Q3_通信保障!R618C1,True
Q3_通信保障!R618C2,True
Q3_通信保障!R618C3,True
Q3_通信保障!R618C4,True
Q3_通信保障!R618C5,True
Q3_通信保障!R618C6,True
Q3_通信保障/row619_no_extra_fields,True
Q3_通信保障!R619C1,True
Q3_通信保障!R619C2,True
Q3_通信保障!R619C3,True
Q3_通信保障!R619C4,True
Q3_通信保障!R619C5,True
Q3_通信保障!R619C6,True
Q3_通信保障/row620_no_extra_fields,True
Q3_通信保障!R620C1,True
Q3_通信保障!R620C2,True
Q3_通信保障!R620C3,True
Q3_通信保障!R620C4,True
Q3_通信保障!R620C5,True
Q3_通信保障!R620C6,True
Q3_通信保障/row621_no_extra_fields,True
Q3_通信保障!R621C1,True
Q3_通信保障!R621C2,True
Q3_通信保障!R621C3,True
Q3_通信保障!R621C4,True
Q3_通信保障!R621C5,True
Q3_通信保障!R621C6,True
Q3_通信保障/row622_no_extra_fields,True
Q3_通信保障!R622C1,True
Q3_通信保障!R622C2,True
Q3_通信保障!R622C3,True
Q3_通信保障!R622C4,True
Q3_通信保障!R622C5,True
Q3_通信保障!R622C6,True
Q3_通信保障/row623_no_extra_fields,True
Q3_通信保障!R623C1,True
Q3_通信保障!R623C2,True
Q3_通信保障!R623C3,True
Q3_通信保障!R623C4,True
Q3_通信保障!R623C5,True
Q3_通信保障!R623C6,True
Q3_通信保障/row624_no_extra_fields,True
Q3_通信保障!R624C1,True
Q3_通信保障!R624C2,True
Q3_通信保障!R624C3,True
Q3_通信保障!R624C4,True
Q3_通信保障!R624C5,True
Q3_通信保障!R624C6,True
Q3_通信保障/row625_no_extra_fields,True
Q3_通信保障!R625C1,True
Q3_通信保障!R625C2,True
Q3_通信保障!R625C3,True
Q3_通信保障!R625C4,True
Q3_通信保障!R625C5,True
Q3_通信保障!R625C6,True
Q3_通信保障/row626_no_extra_fields,True
Q3_通信保障!R626C1,True
Q3_通信保障!R626C2,True
Q3_通信保障!R626C3,True
Q3_通信保障!R626C4,True
Q3_通信保障!R626C5,True
Q3_通信保障!R626C6,True
Q3_通信保障/row627_no_extra_fields,True
Q3_通信保障!R627C1,True
Q3_通信保障!R627C2,True
Q3_通信保障!R627C3,True
Q3_通信保障!R627C4,True
Q3_通信保障!R627C5,True
Q3_通信保障!R627C6,True
Q3_通信保障/row628_no_extra_fields,True
Q3_通信保障!R628C1,True
Q3_通信保障!R628C2,True
Q3_通信保障!R628C3,True
Q3_通信保障!R628C4,True
Q3_通信保障!R628C5,True
Q3_通信保障!R628C6,True
Q3_通信保障/row629_no_extra_fields,True
Q3_通信保障!R629C1,True
Q3_通信保障!R629C2,True
Q3_通信保障!R629C3,True
Q3_通信保障!R629C4,True
Q3_通信保障!R629C5,True
Q3_通信保障!R629C6,True
Q3_通信保障/row630_no_extra_fields,True
Q3_通信保障!R630C1,True
Q3_通信保障!R630C2,True
Q3_通信保障!R630C3,True
Q3_通信保障!R630C4,True
Q3_通信保障!R630C5,True
Q3_通信保障!R630C6,True
Q3_通信保障/row631_no_extra_fields,True
Q3_通信保障!R631C1,True
Q3_通信保障!R631C2,True
Q3_通信保障!R631C3,True
Q3_通信保障!R631C4,True
Q3_通信保障!R631C5,True
Q3_通信保障!R631C6,True
Q3_通信保障/row632_no_extra_fields,True
Q3_通信保障!R632C1,True
Q3_通信保障!R632C2,True
Q3_通信保障!R632C3,True
Q3_通信保障!R632C4,True
Q3_通信保障!R632C5,True
Q3_通信保障!R632C6,True
Q3_通信保障/row633_no_extra_fields,True
Q3_通信保障!R633C1,True
Q3_通信保障!R633C2,True
Q3_通信保障!R633C3,True
Q3_通信保障!R633C4,True
Q3_通信保障!R633C5,True
Q3_通信保障!R633C6,True
Q3_通信保障/row634_no_extra_fields,True
Q3_通信保障!R634C1,True
Q3_通信保障!R634C2,True
Q3_通信保障!R634C3,True
Q3_通信保障!R634C4,True
Q3_通信保障!R634C5,True
Q3_通信保障!R634C6,True
Q3_通信保障/row635_no_extra_fields,True
Q3_通信保障!R635C1,True
Q3_通信保障!R635C2,True
Q3_通信保障!R635C3,True
Q3_通信保障!R635C4,True
Q3_通信保障!R635C5,True
Q3_通信保障!R635C6,True
Q3_通信保障/row636_no_extra_fields,True
Q3_通信保障!R636C1,True
Q3_通信保障!R636C2,True
Q3_通信保障!R636C3,True
Q3_通信保障!R636C4,True
Q3_通信保障!R636C5,True
Q3_通信保障!R636C6,True
Q3_通信保障/row637_no_extra_fields,True
Q3_通信保障!R637C1,True
Q3_通信保障!R637C2,True
Q3_通信保障!R637C3,True
Q3_通信保障!R637C4,True
Q3_通信保障!R637C5,True
Q3_通信保障!R637C6,True
Q3_通信保障/row638_no_extra_fields,True
Q3_通信保障!R638C1,True
Q3_通信保障!R638C2,True
Q3_通信保障!R638C3,True
Q3_通信保障!R638C4,True
Q3_通信保障!R638C5,True
Q3_通信保障!R638C6,True
Q3_通信保障/row639_no_extra_fields,True
Q3_通信保障!R639C1,True
Q3_通信保障!R639C2,True
Q3_通信保障!R639C3,True
Q3_通信保障!R639C4,True
Q3_通信保障!R639C5,True
Q3_通信保障!R639C6,True
Q3_通信保障/row640_no_extra_fields,True
Q3_通信保障!R640C1,True
Q3_通信保障!R640C2,True
Q3_通信保障!R640C3,True
Q3_通信保障!R640C4,True
Q3_通信保障!R640C5,True
Q3_通信保障!R640C6,True
Q3_通信保障/row641_no_extra_fields,True
Q3_通信保障!R641C1,True
Q3_通信保障!R641C2,True
Q3_通信保障!R641C3,True
Q3_通信保障!R641C4,True
Q3_通信保障!R641C5,True
Q3_通信保障!R641C6,True
Q3_通信保障/row642_no_extra_fields,True
Q3_通信保障!R642C1,True
Q3_通信保障!R642C2,True
Q3_通信保障!R642C3,True
Q3_通信保障!R642C4,True
Q3_通信保障!R642C5,True
Q3_通信保障!R642C6,True
Q3_通信保障/row643_no_extra_fields,True
Q3_通信保障!R643C1,True
Q3_通信保障!R643C2,True
Q3_通信保障!R643C3,True
Q3_通信保障!R643C4,True
Q3_通信保障!R643C5,True
Q3_通信保障!R643C6,True
Q3_通信保障/row644_no_extra_fields,True
Q3_通信保障!R644C1,True
Q3_通信保障!R644C2,True
Q3_通信保障!R644C3,True
Q3_通信保障!R644C4,True
Q3_通信保障!R644C5,True
Q3_通信保障!R644C6,True
Q3_通信保障/row645_no_extra_fields,True
Q3_通信保障!R645C1,True
Q3_通信保障!R645C2,True
Q3_通信保障!R645C3,True
Q3_通信保障!R645C4,True
Q3_通信保障!R645C5,True
Q3_通信保障!R645C6,True
Q3_通信保障/row646_no_extra_fields,True
Q3_通信保障!R646C1,True
Q3_通信保障!R646C2,True
Q3_通信保障!R646C3,True
Q3_通信保障!R646C4,True
Q3_通信保障!R646C5,True
Q3_通信保障!R646C6,True
Q3_通信保障/row647_no_extra_fields,True
Q3_通信保障!R647C1,True
Q3_通信保障!R647C2,True
Q3_通信保障!R647C3,True
Q3_通信保障!R647C4,True
Q3_通信保障!R647C5,True
Q3_通信保障!R647C6,True
Q3_通信保障/row648_no_extra_fields,True
Q3_通信保障!R648C1,True
Q3_通信保障!R648C2,True
Q3_通信保障!R648C3,True
Q3_通信保障!R648C4,True
Q3_通信保障!R648C5,True
Q3_通信保障!R648C6,True
Q3_通信保障/row649_no_extra_fields,True
Q3_通信保障!R649C1,True
Q3_通信保障!R649C2,True
Q3_通信保障!R649C3,True
Q3_通信保障!R649C4,True
Q3_通信保障!R649C5,True
Q3_通信保障!R649C6,True
Q3_通信保障/row650_no_extra_fields,True
Q3_通信保障!R650C1,True
Q3_通信保障!R650C2,True
Q3_通信保障!R650C3,True
Q3_通信保障!R650C4,True
Q3_通信保障!R650C5,True
Q3_通信保障!R650C6,True
Q3_通信保障/row651_no_extra_fields,True
Q3_通信保障!R651C1,True
Q3_通信保障!R651C2,True
Q3_通信保障!R651C3,True
Q3_通信保障!R651C4,True
Q3_通信保障!R651C5,True
Q3_通信保障!R651C6,True
Q3_通信保障/row652_no_extra_fields,True
Q3_通信保障!R652C1,True
Q3_通信保障!R652C2,True
Q3_通信保障!R652C3,True
Q3_通信保障!R652C4,True
Q3_通信保障!R652C5,True
Q3_通信保障!R652C6,True
Q3_通信保障/row653_no_extra_fields,True
Q3_通信保障!R653C1,True
Q3_通信保障!R653C2,True
Q3_通信保障!R653C3,True
Q3_通信保障!R653C4,True
Q3_通信保障!R653C5,True
Q3_通信保障!R653C6,True
Q3_通信保障/row654_no_extra_fields,True
Q3_通信保障!R654C1,True
Q3_通信保障!R654C2,True
Q3_通信保障!R654C3,True
Q3_通信保障!R654C4,True
Q3_通信保障!R654C5,True
Q3_通信保障!R654C6,True
Q3_通信保障/row655_no_extra_fields,True
Q3_通信保障!R655C1,True
Q3_通信保障!R655C2,True
Q3_通信保障!R655C3,True
Q3_通信保障!R655C4,True
Q3_通信保障!R655C5,True
Q3_通信保障!R655C6,True
Q3_通信保障/row656_no_extra_fields,True
Q3_通信保障!R656C1,True
Q3_通信保障!R656C2,True
Q3_通信保障!R656C3,True
Q3_通信保障!R656C4,True
Q3_通信保障!R656C5,True
Q3_通信保障!R656C6,True
Q3_通信保障/row657_no_extra_fields,True
Q3_通信保障!R657C1,True
Q3_通信保障!R657C2,True
Q3_通信保障!R657C3,True
Q3_通信保障!R657C4,True
Q3_通信保障!R657C5,True
Q3_通信保障!R657C6,True
Q3_通信保障/row658_no_extra_fields,True
Q3_通信保障!R658C1,True
Q3_通信保障!R658C2,True
Q3_通信保障!R658C3,True
Q3_通信保障!R658C4,True
Q3_通信保障!R658C5,True
Q3_通信保障!R658C6,True
Q3_通信保障/row659_no_extra_fields,True
Q3_通信保障!R659C1,True
Q3_通信保障!R659C2,True
Q3_通信保障!R659C3,True
Q3_通信保障!R659C4,True
Q3_通信保障!R659C5,True
Q3_通信保障!R659C6,True
Q3_通信保障/row660_no_extra_fields,True
Q3_通信保障!R660C1,True
Q3_通信保障!R660C2,True
Q3_通信保障!R660C3,True
Q3_通信保障!R660C4,True
Q3_通信保障!R660C5,True
Q3_通信保障!R660C6,True
Q3_通信保障/row661_no_extra_fields,True
Q3_通信保障!R661C1,True
Q3_通信保障!R661C2,True
Q3_通信保障!R661C3,True
Q3_通信保障!R661C4,True
Q3_通信保障!R661C5,True
Q3_通信保障!R661C6,True
Q3_通信保障/row662_no_extra_fields,True
Q3_通信保障!R662C1,True
Q3_通信保障!R662C2,True
Q3_通信保障!R662C3,True
Q3_通信保障!R662C4,True
Q3_通信保障!R662C5,True
Q3_通信保障!R662C6,True
Q3_通信保障/row663_no_extra_fields,True
Q3_通信保障!R663C1,True
Q3_通信保障!R663C2,True
Q3_通信保障!R663C3,True
Q3_通信保障!R663C4,True
Q3_通信保障!R663C5,True
Q3_通信保障!R663C6,True
Q3_通信保障/row664_no_extra_fields,True
Q3_通信保障!R664C1,True
Q3_通信保障!R664C2,True
Q3_通信保障!R664C3,True
Q3_通信保障!R664C4,True
Q3_通信保障!R664C5,True
Q3_通信保障!R664C6,True
Q3_通信保障/row665_no_extra_fields,True
Q3_通信保障!R665C1,True
Q3_通信保障!R665C2,True
Q3_通信保障!R665C3,True
Q3_通信保障!R665C4,True
Q3_通信保障!R665C5,True
Q3_通信保障!R665C6,True
Q3_通信保障/row666_no_extra_fields,True
Q3_通信保障!R666C1,True
Q3_通信保障!R666C2,True
Q3_通信保障!R666C3,True
Q3_通信保障!R666C4,True
Q3_通信保障!R666C5,True
Q3_通信保障!R666C6,True
Q3_通信保障/row667_no_extra_fields,True
Q3_通信保障!R667C1,True
Q3_通信保障!R667C2,True
Q3_通信保障!R667C3,True
Q3_通信保障!R667C4,True
Q3_通信保障!R667C5,True
Q3_通信保障!R667C6,True
Q3_通信保障/row668_no_extra_fields,True
Q3_通信保障!R668C1,True
Q3_通信保障!R668C2,True
Q3_通信保障!R668C3,True
Q3_通信保障!R668C4,True
Q3_通信保障!R668C5,True
Q3_通信保障!R668C6,True
Q3_通信保障/row669_no_extra_fields,True
Q3_通信保障!R669C1,True
Q3_通信保障!R669C2,True
Q3_通信保障!R669C3,True
Q3_通信保障!R669C4,True
Q3_通信保障!R669C5,True
Q3_通信保障!R669C6,True
Q3_通信保障/row670_no_extra_fields,True
Q3_通信保障!R670C1,True
Q3_通信保障!R670C2,True
Q3_通信保障!R670C3,True
Q3_通信保障!R670C4,True
Q3_通信保障!R670C5,True
Q3_通信保障!R670C6,True
Q3_通信保障/row671_no_extra_fields,True
Q3_通信保障!R671C1,True
Q3_通信保障!R671C2,True
Q3_通信保障!R671C3,True
Q3_通信保障!R671C4,True
Q3_通信保障!R671C5,True
Q3_通信保障!R671C6,True
Q3_通信保障/row672_no_extra_fields,True
Q3_通信保障!R672C1,True
Q3_通信保障!R672C2,True
Q3_通信保障!R672C3,True
Q3_通信保障!R672C4,True
Q3_通信保障!R672C5,True
Q3_通信保障!R672C6,True
Q3_通信保障/row673_no_extra_fields,True
Q3_通信保障!R673C1,True
Q3_通信保障!R673C2,True
Q3_通信保障!R673C3,True
Q3_通信保障!R673C4,True
Q3_通信保障!R673C5,True
Q3_通信保障!R673C6,True
Q3_通信保障/row674_no_extra_fields,True
Q3_通信保障!R674C1,True
Q3_通信保障!R674C2,True
Q3_通信保障!R674C3,True
Q3_通信保障!R674C4,True
Q3_通信保障!R674C5,True
Q3_通信保障!R674C6,True
Q3_通信保障/row675_no_extra_fields,True
Q3_通信保障!R675C1,True
Q3_通信保障!R675C2,True
Q3_通信保障!R675C3,True
Q3_通信保障!R675C4,True
Q3_通信保障!R675C5,True
Q3_通信保障!R675C6,True
Q3_通信保障/row676_no_extra_fields,True
Q3_通信保障!R676C1,True
Q3_通信保障!R676C2,True
Q3_通信保障!R676C3,True
Q3_通信保障!R676C4,True
Q3_通信保障!R676C5,True
Q3_通信保障!R676C6,True
Q3_通信保障/row677_no_extra_fields,True
Q3_通信保障!R677C1,True
Q3_通信保障!R677C2,True
Q3_通信保障!R677C3,True
Q3_通信保障!R677C4,True
Q3_通信保障!R677C5,True
Q3_通信保障!R677C6,True
Q3_通信保障/row678_no_extra_fields,True
Q3_通信保障!R678C1,True
Q3_通信保障!R678C2,True
Q3_通信保障!R678C3,True
Q3_通信保障!R678C4,True
Q3_通信保障!R678C5,True
Q3_通信保障!R678C6,True
Q3_通信保障/row679_no_extra_fields,True
Q3_通信保障!R679C1,True
Q3_通信保障!R679C2,True
Q3_通信保障!R679C3,True
Q3_通信保障!R679C4,True
Q3_通信保障!R679C5,True
Q3_通信保障!R679C6,True
Q3_通信保障/row680_no_extra_fields,True
Q3_通信保障!R680C1,True
Q3_通信保障!R680C2,True
Q3_通信保障!R680C3,True
Q3_通信保障!R680C4,True
Q3_通信保障!R680C5,True
Q3_通信保障!R680C6,True
Q3_通信保障/row681_no_extra_fields,True
Q3_通信保障!R681C1,True
Q3_通信保障!R681C2,True
Q3_通信保障!R681C3,True
Q3_通信保障!R681C4,True
Q3_通信保障!R681C5,True
Q3_通信保障!R681C6,True
Q3_通信保障/row682_no_extra_fields,True
Q3_通信保障!R682C1,True
Q3_通信保障!R682C2,True
Q3_通信保障!R682C3,True
Q3_通信保障!R682C4,True
Q3_通信保障!R682C5,True
Q3_通信保障!R682C6,True
Q3_通信保障/row683_no_extra_fields,True
Q3_通信保障!R683C1,True
Q3_通信保障!R683C2,True
Q3_通信保障!R683C3,True
Q3_通信保障!R683C4,True
Q3_通信保障!R683C5,True
Q3_通信保障!R683C6,True
Q3_通信保障/row684_no_extra_fields,True
Q3_通信保障!R684C1,True
Q3_通信保障!R684C2,True
Q3_通信保障!R684C3,True
Q3_通信保障!R684C4,True
Q3_通信保障!R684C5,True
Q3_通信保障!R684C6,True
Q3_通信保障/row685_no_extra_fields,True
Q3_通信保障!R685C1,True
Q3_通信保障!R685C2,True
Q3_通信保障!R685C3,True
Q3_通信保障!R685C4,True
Q3_通信保障!R685C5,True
Q3_通信保障!R685C6,True
Q3_通信保障/row686_no_extra_fields,True
Q3_通信保障!R686C1,True
Q3_通信保障!R686C2,True
Q3_通信保障!R686C3,True
Q3_通信保障!R686C4,True
Q3_通信保障!R686C5,True
Q3_通信保障!R686C6,True
Q3_通信保障/row687_no_extra_fields,True
Q3_通信保障!R687C1,True
Q3_通信保障!R687C2,True
Q3_通信保障!R687C3,True
Q3_通信保障!R687C4,True
Q3_通信保障!R687C5,True
Q3_通信保障!R687C6,True
Q3_通信保障/row688_no_extra_fields,True
Q3_通信保障!R688C1,True
Q3_通信保障!R688C2,True
Q3_通信保障!R688C3,True
Q3_通信保障!R688C4,True
Q3_通信保障!R688C5,True
Q3_通信保障!R688C6,True
Q3_通信保障/row689_no_extra_fields,True
Q3_通信保障!R689C1,True
Q3_通信保障!R689C2,True
Q3_通信保障!R689C3,True
Q3_通信保障!R689C4,True
Q3_通信保障!R689C5,True
Q3_通信保障!R689C6,True
Q3_通信保障/row690_no_extra_fields,True
Q3_通信保障!R690C1,True
Q3_通信保障!R690C2,True
Q3_通信保障!R690C3,True
Q3_通信保障!R690C4,True
Q3_通信保障!R690C5,True
Q3_通信保障!R690C6,True
Q3_通信保障/row691_no_extra_fields,True
Q3_通信保障!R691C1,True
Q3_通信保障!R691C2,True
Q3_通信保障!R691C3,True
Q3_通信保障!R691C4,True
Q3_通信保障!R691C5,True
Q3_通信保障!R691C6,True
Q3_通信保障/row692_no_extra_fields,True
Q3_通信保障!R692C1,True
Q3_通信保障!R692C2,True
Q3_通信保障!R692C3,True
Q3_通信保障!R692C4,True
Q3_通信保障!R692C5,True
Q3_通信保障!R692C6,True
Q3_通信保障/row693_no_extra_fields,True
Q3_通信保障!R693C1,True
Q3_通信保障!R693C2,True
Q3_通信保障!R693C3,True
Q3_通信保障!R693C4,True
Q3_通信保障!R693C5,True
Q3_通信保障!R693C6,True
Q3_通信保障/row694_no_extra_fields,True
Q3_通信保障!R694C1,True
Q3_通信保障!R694C2,True
Q3_通信保障!R694C3,True
Q3_通信保障!R694C4,True
Q3_通信保障!R694C5,True
Q3_通信保障!R694C6,True
Q3_通信保障/row695_no_extra_fields,True
Q3_通信保障!R695C1,True
Q3_通信保障!R695C2,True
Q3_通信保障!R695C3,True
Q3_通信保障!R695C4,True
Q3_通信保障!R695C5,True
Q3_通信保障!R695C6,True
Q3_通信保障/row696_no_extra_fields,True
Q3_通信保障!R696C1,True
Q3_通信保障!R696C2,True
Q3_通信保障!R696C3,True
Q3_通信保障!R696C4,True
Q3_通信保障!R696C5,True
Q3_通信保障!R696C6,True
Q3_通信保障/row697_no_extra_fields,True
Q3_通信保障!R697C1,True
Q3_通信保障!R697C2,True
Q3_通信保障!R697C3,True
Q3_通信保障!R697C4,True
Q3_通信保障!R697C5,True
Q3_通信保障!R697C6,True
Q3_通信保障/row698_no_extra_fields,True
Q3_通信保障!R698C1,True
Q3_通信保障!R698C2,True
Q3_通信保障!R698C3,True
Q3_通信保障!R698C4,True
Q3_通信保障!R698C5,True
Q3_通信保障!R698C6,True
Q3_通信保障/row699_no_extra_fields,True
Q3_通信保障!R699C1,True
Q3_通信保障!R699C2,True
Q3_通信保障!R699C3,True
Q3_通信保障!R699C4,True
Q3_通信保障!R699C5,True
Q3_通信保障!R699C6,True
Q3_通信保障/row700_no_extra_fields,True
Q3_通信保障!R700C1,True
Q3_通信保障!R700C2,True
Q3_通信保障!R700C3,True
Q3_通信保障!R700C4,True
Q3_通信保障!R700C5,True
Q3_通信保障!R700C6,True
Q3_通信保障/row701_no_extra_fields,True
Q3_通信保障!R701C1,True
Q3_通信保障!R701C2,True
Q3_通信保障!R701C3,True
Q3_通信保障!R701C4,True
Q3_通信保障!R701C5,True
Q3_通信保障!R701C6,True
Q3_通信保障/row702_no_extra_fields,True
Q3_通信保障!R702C1,True
Q3_通信保障!R702C2,True
Q3_通信保障!R702C3,True
Q3_通信保障!R702C4,True
Q3_通信保障!R702C5,True
Q3_通信保障!R702C6,True
Q3_通信保障/row703_no_extra_fields,True
Q3_通信保障!R703C1,True
Q3_通信保障!R703C2,True
Q3_通信保障!R703C3,True
Q3_通信保障!R703C4,True
Q3_通信保障!R703C5,True
Q3_通信保障!R703C6,True
Q3_通信保障/row704_no_extra_fields,True
Q3_通信保障!R704C1,True
Q3_通信保障!R704C2,True
Q3_通信保障!R704C3,True
Q3_通信保障!R704C4,True
Q3_通信保障!R704C5,True
Q3_通信保障!R704C6,True
Q3_通信保障/row705_no_extra_fields,True
Q3_通信保障!R705C1,True
Q3_通信保障!R705C2,True
Q3_通信保障!R705C3,True
Q3_通信保障!R705C4,True
Q3_通信保障!R705C5,True
Q3_通信保障!R705C6,True
Q3_通信保障/row706_no_extra_fields,True
Q3_通信保障!R706C1,True
Q3_通信保障!R706C2,True
Q3_通信保障!R706C3,True
Q3_通信保障!R706C4,True
Q3_通信保障!R706C5,True
Q3_通信保障!R706C6,True
Q3_通信保障/row707_no_extra_fields,True
Q3_通信保障!R707C1,True
Q3_通信保障!R707C2,True
Q3_通信保障!R707C3,True
Q3_通信保障!R707C4,True
Q3_通信保障!R707C5,True
Q3_通信保障!R707C6,True
Q3_通信保障/row708_no_extra_fields,True
Q3_通信保障!R708C1,True
Q3_通信保障!R708C2,True
Q3_通信保障!R708C3,True
Q3_通信保障!R708C4,True
Q3_通信保障!R708C5,True
Q3_通信保障!R708C6,True
Q3_通信保障/row709_no_extra_fields,True
Q3_通信保障!R709C1,True
Q3_通信保障!R709C2,True
Q3_通信保障!R709C3,True
Q3_通信保障!R709C4,True
Q3_通信保障!R709C5,True
Q3_通信保障!R709C6,True
Q3_通信保障/row710_no_extra_fields,True
Q3_通信保障!R710C1,True
Q3_通信保障!R710C2,True
Q3_通信保障!R710C3,True
Q3_通信保障!R710C4,True
Q3_通信保障!R710C5,True
Q3_通信保障!R710C6,True
Q3_通信保障/row711_no_extra_fields,True
Q3_通信保障!R711C1,True
Q3_通信保障!R711C2,True
Q3_通信保障!R711C3,True
Q3_通信保障!R711C4,True
Q3_通信保障!R711C5,True
Q3_通信保障!R711C6,True
Q3_通信保障/row712_no_extra_fields,True
Q3_通信保障!R712C1,True
Q3_通信保障!R712C2,True
Q3_通信保障!R712C3,True
Q3_通信保障!R712C4,True
Q3_通信保障!R712C5,True
Q3_通信保障!R712C6,True
Q3_通信保障/row713_no_extra_fields,True
Q3_通信保障!R713C1,True
Q3_通信保障!R713C2,True
Q3_通信保障!R713C3,True
Q3_通信保障!R713C4,True
Q3_通信保障!R713C5,True
Q3_通信保障!R713C6,True
Q3_通信保障/row714_no_extra_fields,True
Q3_通信保障!R714C1,True
Q3_通信保障!R714C2,True
Q3_通信保障!R714C3,True
Q3_通信保障!R714C4,True
Q3_通信保障!R714C5,True
Q3_通信保障!R714C6,True
Q3_通信保障/row715_no_extra_fields,True
Q3_通信保障!R715C1,True
Q3_通信保障!R715C2,True
Q3_通信保障!R715C3,True
Q3_通信保障!R715C4,True
Q3_通信保障!R715C5,True
Q3_通信保障!R715C6,True
Q3_通信保障/row716_no_extra_fields,True
Q3_通信保障!R716C1,True
Q3_通信保障!R716C2,True
Q3_通信保障!R716C3,True
Q3_通信保障!R716C4,True
Q3_通信保障!R716C5,True
Q3_通信保障!R716C6,True
Q3_通信保障/row717_no_extra_fields,True
Q3_通信保障!R717C1,True
Q3_通信保障!R717C2,True
Q3_通信保障!R717C3,True
Q3_通信保障!R717C4,True
Q3_通信保障!R717C5,True
Q3_通信保障!R717C6,True
Q3_通信保障/row718_no_extra_fields,True
Q3_通信保障!R718C1,True
Q3_通信保障!R718C2,True
Q3_通信保障!R718C3,True
Q3_通信保障!R718C4,True
Q3_通信保障!R718C5,True
Q3_通信保障!R718C6,True
Q3_通信保障/row719_no_extra_fields,True
Q3_通信保障!R719C1,True
Q3_通信保障!R719C2,True
Q3_通信保障!R719C3,True
Q3_通信保障!R719C4,True
Q3_通信保障!R719C5,True
Q3_通信保障!R719C6,True
Q3_通信保障/row720_no_extra_fields,True
Q3_通信保障!R720C1,True
Q3_通信保障!R720C2,True
Q3_通信保障!R720C3,True
Q3_通信保障!R720C4,True
Q3_通信保障!R720C5,True
Q3_通信保障!R720C6,True
Q3_通信保障/row721_no_extra_fields,True
Q3_通信保障!R721C1,True
Q3_通信保障!R721C2,True
Q3_通信保障!R721C3,True
Q3_通信保障!R721C4,True
Q3_通信保障!R721C5,True
Q3_通信保障!R721C6,True
Q3_通信保障/row722_no_extra_fields,True
Q3_通信保障!R722C1,True
Q3_通信保障!R722C2,True
Q3_通信保障!R722C3,True
Q3_通信保障!R722C4,True
Q3_通信保障!R722C5,True
Q3_通信保障!R722C6,True
Q3_通信保障/row723_no_extra_fields,True
Q3_通信保障!R723C1,True
Q3_通信保障!R723C2,True
Q3_通信保障!R723C3,True
Q3_通信保障!R723C4,True
Q3_通信保障!R723C5,True
Q3_通信保障!R723C6,True
Q3_通信保障/row724_no_extra_fields,True
Q3_通信保障!R724C1,True
Q3_通信保障!R724C2,True
Q3_通信保障!R724C3,True
Q3_通信保障!R724C4,True
Q3_通信保障!R724C5,True
Q3_通信保障!R724C6,True
Q3_通信保障/row725_no_extra_fields,True
Q3_通信保障!R725C1,True
Q3_通信保障!R725C2,True
Q3_通信保障!R725C3,True
Q3_通信保障!R725C4,True
Q3_通信保障!R725C5,True
Q3_通信保障!R725C6,True
Q3_通信保障/row726_no_extra_fields,True
Q3_通信保障!R726C1,True
Q3_通信保障!R726C2,True
Q3_通信保障!R726C3,True
Q3_通信保障!R726C4,True
Q3_通信保障!R726C5,True
Q3_通信保障!R726C6,True
Q3_通信保障/row727_no_extra_fields,True
Q3_通信保障!R727C1,True
Q3_通信保障!R727C2,True
Q3_通信保障!R727C3,True
Q3_通信保障!R727C4,True
Q3_通信保障!R727C5,True
Q3_通信保障!R727C6,True
Q3_通信保障/row728_no_extra_fields,True
Q3_通信保障!R728C1,True
Q3_通信保障!R728C2,True
Q3_通信保障!R728C3,True
Q3_通信保障!R728C4,True
Q3_通信保障!R728C5,True
Q3_通信保障!R728C6,True
Q3_通信保障/row729_no_extra_fields,True
Q3_通信保障!R729C1,True
Q3_通信保障!R729C2,True
Q3_通信保障!R729C3,True
Q3_通信保障!R729C4,True
Q3_通信保障!R729C5,True
Q3_通信保障!R729C6,True
Q3_通信保障/row730_no_extra_fields,True
Q3_通信保障!R730C1,True
Q3_通信保障!R730C2,True
Q3_通信保障!R730C3,True
Q3_通信保障!R730C4,True
Q3_通信保障!R730C5,True
Q3_通信保障!R730C6,True
Q3_通信保障/row731_no_extra_fields,True
Q3_通信保障!R731C1,True
Q3_通信保障!R731C2,True
Q3_通信保障!R731C3,True
Q3_通信保障!R731C4,True
Q3_通信保障!R731C5,True
Q3_通信保障!R731C6,True
Q3_通信保障/row732_no_extra_fields,True
Q3_通信保障!R732C1,True
Q3_通信保障!R732C2,True
Q3_通信保障!R732C3,True
Q3_通信保障!R732C4,True
Q3_通信保障!R732C5,True
Q3_通信保障!R732C6,True
Q3_通信保障/row733_no_extra_fields,True
Q3_通信保障!R733C1,True
Q3_通信保障!R733C2,True
Q3_通信保障!R733C3,True
Q3_通信保障!R733C4,True
Q3_通信保障!R733C5,True
Q3_通信保障!R733C6,True
Q3_通信保障/row734_no_extra_fields,True
Q3_通信保障!R734C1,True
Q3_通信保障!R734C2,True
Q3_通信保障!R734C3,True
Q3_通信保障!R734C4,True
Q3_通信保障!R734C5,True
Q3_通信保障!R734C6,True
Q3_通信保障/row735_no_extra_fields,True
Q3_通信保障!R735C1,True
Q3_通信保障!R735C2,True
Q3_通信保障!R735C3,True
Q3_通信保障!R735C4,True
Q3_通信保障!R735C5,True
Q3_通信保障!R735C6,True
Q3_通信保障/row736_no_extra_fields,True
Q3_通信保障!R736C1,True
Q3_通信保障!R736C2,True
Q3_通信保障!R736C3,True
Q3_通信保障!R736C4,True
Q3_通信保障!R736C5,True
Q3_通信保障!R736C6,True
Q3_通信保障/row737_no_extra_fields,True
Q3_通信保障!R737C1,True
Q3_通信保障!R737C2,True
Q3_通信保障!R737C3,True
Q3_通信保障!R737C4,True
Q3_通信保障!R737C5,True
Q3_通信保障!R737C6,True
Q3_通信保障/row738_no_extra_fields,True
Q3_通信保障!R738C1,True
Q3_通信保障!R738C2,True
Q3_通信保障!R738C3,True
Q3_通信保障!R738C4,True
Q3_通信保障!R738C5,True
Q3_通信保障!R738C6,True
Q3_通信保障/row739_no_extra_fields,True
Q3_通信保障!R739C1,True
Q3_通信保障!R739C2,True
Q3_通信保障!R739C3,True
Q3_通信保障!R739C4,True
Q3_通信保障!R739C5,True
Q3_通信保障!R739C6,True
Q3_通信保障/row740_no_extra_fields,True
Q3_通信保障!R740C1,True
Q3_通信保障!R740C2,True
Q3_通信保障!R740C3,True
Q3_通信保障!R740C4,True
Q3_通信保障!R740C5,True
Q3_通信保障!R740C6,True
Q3_通信保障/row741_no_extra_fields,True
Q3_通信保障!R741C1,True
Q3_通信保障!R741C2,True
Q3_通信保障!R741C3,True
Q3_通信保障!R741C4,True
Q3_通信保障!R741C5,True
Q3_通信保障!R741C6,True
Q3_通信保障/row742_no_extra_fields,True
Q3_通信保障!R742C1,True
Q3_通信保障!R742C2,True
Q3_通信保障!R742C3,True
Q3_通信保障!R742C4,True
Q3_通信保障!R742C5,True
Q3_通信保障!R742C6,True
Q3_通信保障/row743_no_extra_fields,True
Q3_通信保障!R743C1,True
Q3_通信保障!R743C2,True
Q3_通信保障!R743C3,True
Q3_通信保障!R743C4,True
Q3_通信保障!R743C5,True
Q3_通信保障!R743C6,True
Q3_通信保障/row744_no_extra_fields,True
Q3_通信保障!R744C1,True
Q3_通信保障!R744C2,True
Q3_通信保障!R744C3,True
Q3_通信保障!R744C4,True
Q3_通信保障!R744C5,True
Q3_通信保障!R744C6,True
Q3_通信保障/row745_no_extra_fields,True
Q3_通信保障!R745C1,True
Q3_通信保障!R745C2,True
Q3_通信保障!R745C3,True
Q3_通信保障!R745C4,True
Q3_通信保障!R745C5,True
Q3_通信保障!R745C6,True
Q3_通信保障/row746_no_extra_fields,True
Q3_通信保障!R746C1,True
Q3_通信保障!R746C2,True
Q3_通信保障!R746C3,True
Q3_通信保障!R746C4,True
Q3_通信保障!R746C5,True
Q3_通信保障!R746C6,True
Q3_通信保障/row747_no_extra_fields,True
Q3_通信保障!R747C1,True
Q3_通信保障!R747C2,True
Q3_通信保障!R747C3,True
Q3_通信保障!R747C4,True
Q3_通信保障!R747C5,True
Q3_通信保障!R747C6,True
Q3_通信保障/row748_no_extra_fields,True
Q3_通信保障!R748C1,True
Q3_通信保障!R748C2,True
Q3_通信保障!R748C3,True
Q3_通信保障!R748C4,True
Q3_通信保障!R748C5,True
Q3_通信保障!R748C6,True
Q3_通信保障/row749_no_extra_fields,True
Q3_通信保障!R749C1,True
Q3_通信保障!R749C2,True
Q3_通信保障!R749C3,True
Q3_通信保障!R749C4,True
Q3_通信保障!R749C5,True
Q3_通信保障!R749C6,True
Q3_通信保障/row750_no_extra_fields,True
Q3_通信保障!R750C1,True
Q3_通信保障!R750C2,True
Q3_通信保障!R750C3,True
Q3_通信保障!R750C4,True
Q3_通信保障!R750C5,True
Q3_通信保障!R750C6,True
Q3_通信保障/row751_no_extra_fields,True
Q3_通信保障!R751C1,True
Q3_通信保障!R751C2,True
Q3_通信保障!R751C3,True
Q3_通信保障!R751C4,True
Q3_通信保障!R751C5,True
Q3_通信保障!R751C6,True
Q3_通信保障/row752_no_extra_fields,True
Q3_通信保障!R752C1,True
Q3_通信保障!R752C2,True
Q3_通信保障!R752C3,True
Q3_通信保障!R752C4,True
Q3_通信保障!R752C5,True
Q3_通信保障!R752C6,True
Q3_通信保障/row753_no_extra_fields,True
Q3_通信保障!R753C1,True
Q3_通信保障!R753C2,True
Q3_通信保障!R753C3,True
Q3_通信保障!R753C4,True
Q3_通信保障!R753C5,True
Q3_通信保障!R753C6,True
Q3_通信保障/row754_no_extra_fields,True
Q3_通信保障!R754C1,True
Q3_通信保障!R754C2,True
Q3_通信保障!R754C3,True
Q3_通信保障!R754C4,True
Q3_通信保障!R754C5,True
Q3_通信保障!R754C6,True
Q3_通信保障/row755_no_extra_fields,True
Q3_通信保障!R755C1,True
Q3_通信保障!R755C2,True
Q3_通信保障!R755C3,True
Q3_通信保障!R755C4,True
Q3_通信保障!R755C5,True
Q3_通信保障!R755C6,True
Q3_通信保障/row756_no_extra_fields,True
Q3_通信保障!R756C1,True
Q3_通信保障!R756C2,True
Q3_通信保障!R756C3,True
Q3_通信保障!R756C4,True
Q3_通信保障!R756C5,True
Q3_通信保障!R756C6,True
Q3_通信保障/row757_no_extra_fields,True
Q3_通信保障!R757C1,True
Q3_通信保障!R757C2,True
Q3_通信保障!R757C3,True
Q3_通信保障!R757C4,True
Q3_通信保障!R757C5,True
Q3_通信保障!R757C6,True
Q3_通信保障/row758_no_extra_fields,True
Q3_通信保障!R758C1,True
Q3_通信保障!R758C2,True
Q3_通信保障!R758C3,True
Q3_通信保障!R758C4,True
Q3_通信保障!R758C5,True
Q3_通信保障!R758C6,True
Q3_通信保障/row759_no_extra_fields,True
Q3_通信保障!R759C1,True
Q3_通信保障!R759C2,True
Q3_通信保障!R759C3,True
Q3_通信保障!R759C4,True
Q3_通信保障!R759C5,True
Q3_通信保障!R759C6,True
Q3_通信保障/row760_no_extra_fields,True
Q3_通信保障!R760C1,True
Q3_通信保障!R760C2,True
Q3_通信保障!R760C3,True
Q3_通信保障!R760C4,True
Q3_通信保障!R760C5,True
Q3_通信保障!R760C6,True
Q3_通信保障/row761_no_extra_fields,True
Q3_通信保障!R761C1,True
Q3_通信保障!R761C2,True
Q3_通信保障!R761C3,True
Q3_通信保障!R761C4,True
Q3_通信保障!R761C5,True
Q3_通信保障!R761C6,True
Q3_通信保障/row762_no_extra_fields,True
Q3_通信保障!R762C1,True
Q3_通信保障!R762C2,True
Q3_通信保障!R762C3,True
Q3_通信保障!R762C4,True
Q3_通信保障!R762C5,True
Q3_通信保障!R762C6,True
Q3_通信保障/row763_no_extra_fields,True
Q3_通信保障!R763C1,True
Q3_通信保障!R763C2,True
Q3_通信保障!R763C3,True
Q3_通信保障!R763C4,True
Q3_通信保障!R763C5,True
Q3_通信保障!R763C6,True
Q3_通信保障/row764_no_extra_fields,True
Q3_通信保障!R764C1,True
Q3_通信保障!R764C2,True
Q3_通信保障!R764C3,True
Q3_通信保障!R764C4,True
Q3_通信保障!R764C5,True
Q3_通信保障!R764C6,True
Q3_通信保障/row765_no_extra_fields,True
Q3_通信保障!R765C1,True
Q3_通信保障!R765C2,True
Q3_通信保障!R765C3,True
Q3_通信保障!R765C4,True
Q3_通信保障!R765C5,True
Q3_通信保障!R765C6,True
Q3_通信保障/row766_no_extra_fields,True
Q3_通信保障!R766C1,True
Q3_通信保障!R766C2,True
Q3_通信保障!R766C3,True
Q3_通信保障!R766C4,True
Q3_通信保障!R766C5,True
Q3_通信保障!R766C6,True
Q3_通信保障/row767_no_extra_fields,True
Q3_通信保障!R767C1,True
Q3_通信保障!R767C2,True
Q3_通信保障!R767C3,True
Q3_通信保障!R767C4,True
Q3_通信保障!R767C5,True
Q3_通信保障!R767C6,True
Q3_通信保障/row768_no_extra_fields,True
Q3_通信保障!R768C1,True
Q3_通信保障!R768C2,True
Q3_通信保障!R768C3,True
Q3_通信保障!R768C4,True
Q3_通信保障!R768C5,True
Q3_通信保障!R768C6,True
Q3_通信保障/row769_no_extra_fields,True
Q3_通信保障!R769C1,True
Q3_通信保障!R769C2,True
Q3_通信保障!R769C3,True
Q3_通信保障!R769C4,True
Q3_通信保障!R769C5,True
Q3_通信保障!R769C6,True
Q3_通信保障/row770_no_extra_fields,True
Q3_通信保障!R770C1,True
Q3_通信保障!R770C2,True
Q3_通信保障!R770C3,True
Q3_通信保障!R770C4,True
Q3_通信保障!R770C5,True
Q3_通信保障!R770C6,True
Q3_通信保障/row771_no_extra_fields,True
Q3_通信保障!R771C1,True
Q3_通信保障!R771C2,True
Q3_通信保障!R771C3,True
Q3_通信保障!R771C4,True
Q3_通信保障!R771C5,True
Q3_通信保障!R771C6,True
Q3_通信保障/row772_no_extra_fields,True
Q3_通信保障!R772C1,True
Q3_通信保障!R772C2,True
Q3_通信保障!R772C3,True
Q3_通信保障!R772C4,True
Q3_通信保障!R772C5,True
Q3_通信保障!R772C6,True
Q3_通信保障/row773_no_extra_fields,True
Q3_通信保障!R773C1,True
Q3_通信保障!R773C2,True
Q3_通信保障!R773C3,True
Q3_通信保障!R773C4,True
Q3_通信保障!R773C5,True
Q3_通信保障!R773C6,True
Q3_通信保障/row774_no_extra_fields,True
Q3_通信保障!R774C1,True
Q3_通信保障!R774C2,True
Q3_通信保障!R774C3,True
Q3_通信保障!R774C4,True
Q3_通信保障!R774C5,True
Q3_通信保障!R774C6,True
Q3_通信保障/row775_no_extra_fields,True
Q3_通信保障!R775C1,True
Q3_通信保障!R775C2,True
Q3_通信保障!R775C3,True
Q3_通信保障!R775C4,True
Q3_通信保障!R775C5,True
Q3_通信保障!R775C6,True
Q3_通信保障/row776_no_extra_fields,True
Q3_通信保障!R776C1,True
Q3_通信保障!R776C2,True
Q3_通信保障!R776C3,True
Q3_通信保障!R776C4,True
Q3_通信保障!R776C5,True
Q3_通信保障!R776C6,True
Q3_通信保障/row777_no_extra_fields,True
Q3_通信保障!R777C1,True
Q3_通信保障!R777C2,True
Q3_通信保障!R777C3,True
Q3_通信保障!R777C4,True
Q3_通信保障!R777C5,True
Q3_通信保障!R777C6,True
Q3_通信保障/row778_no_extra_fields,True
Q3_通信保障!R778C1,True
Q3_通信保障!R778C2,True
Q3_通信保障!R778C3,True
Q3_通信保障!R778C4,True
Q3_通信保障!R778C5,True
Q3_通信保障!R778C6,True
Q3_通信保障/row779_no_extra_fields,True
Q3_通信保障!R779C1,True
Q3_通信保障!R779C2,True
Q3_通信保障!R779C3,True
Q3_通信保障!R779C4,True
Q3_通信保障!R779C5,True
Q3_通信保障!R779C6,True
Q3_通信保障/row780_no_extra_fields,True
Q3_通信保障!R780C1,True
Q3_通信保障!R780C2,True
Q3_通信保障!R780C3,True
Q3_通信保障!R780C4,True
Q3_通信保障!R780C5,True
Q3_通信保障!R780C6,True
Q3_通信保障/row781_no_extra_fields,True
Q3_通信保障!R781C1,True
Q3_通信保障!R781C2,True
Q3_通信保障!R781C3,True
Q3_通信保障!R781C4,True
Q3_通信保障!R781C5,True
Q3_通信保障!R781C6,True
Q3_通信保障/row782_no_extra_fields,True
Q3_通信保障!R782C1,True
Q3_通信保障!R782C2,True
Q3_通信保障!R782C3,True
Q3_通信保障!R782C4,True
Q3_通信保障!R782C5,True
Q3_通信保障!R782C6,True
Q3_通信保障/row783_no_extra_fields,True
Q3_通信保障!R783C1,True
Q3_通信保障!R783C2,True
Q3_通信保障!R783C3,True
Q3_通信保障!R783C4,True
Q3_通信保障!R783C5,True
Q3_通信保障!R783C6,True
Q3_通信保障/row784_no_extra_fields,True
Q3_通信保障!R784C1,True
Q3_通信保障!R784C2,True
Q3_通信保障!R784C3,True
Q3_通信保障!R784C4,True
Q3_通信保障!R784C5,True
Q3_通信保障!R784C6,True
Q3_通信保障/row785_no_extra_fields,True
Q3_通信保障!R785C1,True
Q3_通信保障!R785C2,True
Q3_通信保障!R785C3,True
Q3_通信保障!R785C4,True
Q3_通信保障!R785C5,True
Q3_通信保障!R785C6,True
Q3_通信保障/row786_no_extra_fields,True
Q3_通信保障!R786C1,True
Q3_通信保障!R786C2,True
Q3_通信保障!R786C3,True
Q3_通信保障!R786C4,True
Q3_通信保障!R786C5,True
Q3_通信保障!R786C6,True
Q3_通信保障/row787_no_extra_fields,True
Q3_通信保障!R787C1,True
Q3_通信保障!R787C2,True
Q3_通信保障!R787C3,True
Q3_通信保障!R787C4,True
Q3_通信保障!R787C5,True
Q3_通信保障!R787C6,True
Q3_通信保障/row788_no_extra_fields,True
Q3_通信保障!R788C1,True
Q3_通信保障!R788C2,True
Q3_通信保障!R788C3,True
Q3_通信保障!R788C4,True
Q3_通信保障!R788C5,True
Q3_通信保障!R788C6,True
Q3_通信保障/row789_no_extra_fields,True
Q3_通信保障!R789C1,True
Q3_通信保障!R789C2,True
Q3_通信保障!R789C3,True
Q3_通信保障!R789C4,True
Q3_通信保障!R789C5,True
Q3_通信保障!R789C6,True
Q3_通信保障/row790_no_extra_fields,True
Q3_通信保障!R790C1,True
Q3_通信保障!R790C2,True
Q3_通信保障!R790C3,True
Q3_通信保障!R790C4,True
Q3_通信保障!R790C5,True
Q3_通信保障!R790C6,True
Q3_通信保障/row791_no_extra_fields,True
Q3_通信保障!R791C1,True
Q3_通信保障!R791C2,True
Q3_通信保障!R791C3,True
Q3_通信保障!R791C4,True
Q3_通信保障!R791C5,True
Q3_通信保障!R791C6,True
Q3_通信保障/row792_no_extra_fields,True
Q3_通信保障!R792C1,True
Q3_通信保障!R792C2,True
Q3_通信保障!R792C3,True
Q3_通信保障!R792C4,True
Q3_通信保障!R792C5,True
Q3_通信保障!R792C6,True
Q3_通信保障/row793_no_extra_fields,True
Q3_通信保障!R793C1,True
Q3_通信保障!R793C2,True
Q3_通信保障!R793C3,True
Q3_通信保障!R793C4,True
Q3_通信保障!R793C5,True
Q3_通信保障!R793C6,True
Q3_通信保障/row794_no_extra_fields,True
Q3_通信保障!R794C1,True
Q3_通信保障!R794C2,True
Q3_通信保障!R794C3,True
Q3_通信保障!R794C4,True
Q3_通信保障!R794C5,True
Q3_通信保障!R794C6,True
Q3_通信保障/row795_no_extra_fields,True
Q3_通信保障!R795C1,True
Q3_通信保障!R795C2,True
Q3_通信保障!R795C3,True
Q3_通信保障!R795C4,True
Q3_通信保障!R795C5,True
Q3_通信保障!R795C6,True
Q3_通信保障/row796_no_extra_fields,True
Q3_通信保障!R796C1,True
Q3_通信保障!R796C2,True
Q3_通信保障!R796C3,True
Q3_通信保障!R796C4,True
Q3_通信保障!R796C5,True
Q3_通信保障!R796C6,True
Q3_通信保障/row797_no_extra_fields,True
Q3_通信保障!R797C1,True
Q3_通信保障!R797C2,True
Q3_通信保障!R797C3,True
Q3_通信保障!R797C4,True
Q3_通信保障!R797C5,True
Q3_通信保障!R797C6,True
Q3_通信保障/row798_no_extra_fields,True
Q3_通信保障!R798C1,True
Q3_通信保障!R798C2,True
Q3_通信保障!R798C3,True
Q3_通信保障!R798C4,True
Q3_通信保障!R798C5,True
Q3_通信保障!R798C6,True
Q3_通信保障/row799_no_extra_fields,True
Q3_通信保障!R799C1,True
Q3_通信保障!R799C2,True
Q3_通信保障!R799C3,True
Q3_通信保障!R799C4,True
Q3_通信保障!R799C5,True
Q3_通信保障!R799C6,True
Q3_通信保障/row800_no_extra_fields,True
Q3_通信保障!R800C1,True
Q3_通信保障!R800C2,True
Q3_通信保障!R800C3,True
Q3_通信保障!R800C4,True
Q3_通信保障!R800C5,True
Q3_通信保障!R800C6,True
Q3_通信保障/row801_no_extra_fields,True
Q3_通信保障!R801C1,True
Q3_通信保障!R801C2,True
Q3_通信保障!R801C3,True
Q3_通信保障!R801C4,True
Q3_通信保障!R801C5,True
Q3_通信保障!R801C6,True
Q3_通信保障/row802_no_extra_fields,True
Q3_通信保障!R802C1,True
Q3_通信保障!R802C2,True
Q3_通信保障!R802C3,True
Q3_通信保障!R802C4,True
Q3_通信保障!R802C5,True
Q3_通信保障!R802C6,True
Q3_通信保障/row803_no_extra_fields,True
Q3_通信保障!R803C1,True
Q3_通信保障!R803C2,True
Q3_通信保障!R803C3,True
Q3_通信保障!R803C4,True
Q3_通信保障!R803C5,True
Q3_通信保障!R803C6,True
Q3_通信保障/row804_no_extra_fields,True
Q3_通信保障!R804C1,True
Q3_通信保障!R804C2,True
Q3_通信保障!R804C3,True
Q3_通信保障!R804C4,True
Q3_通信保障!R804C5,True
Q3_通信保障!R804C6,True
Q3_通信保障/row805_no_extra_fields,True
Q3_通信保障!R805C1,True
Q3_通信保障!R805C2,True
Q3_通信保障!R805C3,True
Q3_通信保障!R805C4,True
Q3_通信保障!R805C5,True
Q3_通信保障!R805C6,True
Q3_通信保障/row806_no_extra_fields,True
Q3_通信保障!R806C1,True
Q3_通信保障!R806C2,True
Q3_通信保障!R806C3,True
Q3_通信保障!R806C4,True
Q3_通信保障!R806C5,True
Q3_通信保障!R806C6,True
Q3_通信保障/row807_no_extra_fields,True
Q3_通信保障!R807C1,True
Q3_通信保障!R807C2,True
Q3_通信保障!R807C3,True
Q3_通信保障!R807C4,True
Q3_通信保障!R807C5,True
Q3_通信保障!R807C6,True
Q3_通信保障/row808_no_extra_fields,True
Q3_通信保障!R808C1,True
Q3_通信保障!R808C2,True
Q3_通信保障!R808C3,True
Q3_通信保障!R808C4,True
Q3_通信保障!R808C5,True
Q3_通信保障!R808C6,True
Q3_通信保障/row809_no_extra_fields,True
Q3_通信保障!R809C1,True
Q3_通信保障!R809C2,True
Q3_通信保障!R809C3,True
Q3_通信保障!R809C4,True
Q3_通信保障!R809C5,True
Q3_通信保障!R809C6,True
Q3_通信保障/row810_no_extra_fields,True
Q3_通信保障!R810C1,True
Q3_通信保障!R810C2,True
Q3_通信保障!R810C3,True
Q3_通信保障!R810C4,True
Q3_通信保障!R810C5,True
Q3_通信保障!R810C6,True
Q3_通信保障/row811_no_extra_fields,True
Q3_通信保障!R811C1,True
Q3_通信保障!R811C2,True
Q3_通信保障!R811C3,True
Q3_通信保障!R811C4,True
Q3_通信保障!R811C5,True
Q3_通信保障!R811C6,True
Q3_通信保障/row812_no_extra_fields,True
Q3_通信保障!R812C1,True
Q3_通信保障!R812C2,True
Q3_通信保障!R812C3,True
Q3_通信保障!R812C4,True
Q3_通信保障!R812C5,True
Q3_通信保障!R812C6,True
Q3_通信保障/row813_no_extra_fields,True
Q3_通信保障!R813C1,True
Q3_通信保障!R813C2,True
Q3_通信保障!R813C3,True
Q3_通信保障!R813C4,True
Q3_通信保障!R813C5,True
Q3_通信保障!R813C6,True
Q3_通信保障/row814_no_extra_fields,True
Q3_通信保障!R814C1,True
Q3_通信保障!R814C2,True
Q3_通信保障!R814C3,True
Q3_通信保障!R814C4,True
Q3_通信保障!R814C5,True
Q3_通信保障!R814C6,True
Q3_通信保障/row815_no_extra_fields,True
Q3_通信保障!R815C1,True
Q3_通信保障!R815C2,True
Q3_通信保障!R815C3,True
Q3_通信保障!R815C4,True
Q3_通信保障!R815C5,True
Q3_通信保障!R815C6,True
Q3_通信保障/row816_no_extra_fields,True
Q3_通信保障!R816C1,True
Q3_通信保障!R816C2,True
Q3_通信保障!R816C3,True
Q3_通信保障!R816C4,True
Q3_通信保障!R816C5,True
Q3_通信保障!R816C6,True
Q3_通信保障/row817_no_extra_fields,True
Q3_通信保障!R817C1,True
Q3_通信保障!R817C2,True
Q3_通信保障!R817C3,True
Q3_通信保障!R817C4,True
Q3_通信保障!R817C5,True
Q3_通信保障!R817C6,True
Q3_通信保障/row818_no_extra_fields,True
Q3_通信保障!R818C1,True
Q3_通信保障!R818C2,True
Q3_通信保障!R818C3,True
Q3_通信保障!R818C4,True
Q3_通信保障!R818C5,True
Q3_通信保障!R818C6,True
Q3_通信保障/row819_no_extra_fields,True
Q3_通信保障!R819C1,True
Q3_通信保障!R819C2,True
Q3_通信保障!R819C3,True
Q3_通信保障!R819C4,True
Q3_通信保障!R819C5,True
Q3_通信保障!R819C6,True
Q3_通信保障/row820_no_extra_fields,True
Q3_通信保障!R820C1,True
Q3_通信保障!R820C2,True
Q3_通信保障!R820C3,True
Q3_通信保障!R820C4,True
Q3_通信保障!R820C5,True
Q3_通信保障!R820C6,True
Q3_通信保障/row821_no_extra_fields,True
Q3_通信保障!R821C1,True
Q3_通信保障!R821C2,True
Q3_通信保障!R821C3,True
Q3_通信保障!R821C4,True
Q3_通信保障!R821C5,True
Q3_通信保障!R821C6,True
Q3_通信保障/row822_no_extra_fields,True
Q3_通信保障!R822C1,True
Q3_通信保障!R822C2,True
Q3_通信保障!R822C3,True
Q3_通信保障!R822C4,True
Q3_通信保障!R822C5,True
Q3_通信保障!R822C6,True
Q3_通信保障/row823_no_extra_fields,True
Q3_通信保障!R823C1,True
Q3_通信保障!R823C2,True
Q3_通信保障!R823C3,True
Q3_通信保障!R823C4,True
Q3_通信保障!R823C5,True
Q3_通信保障!R823C6,True
Q3_通信保障/row824_no_extra_fields,True
Q3_通信保障!R824C1,True
Q3_通信保障!R824C2,True
Q3_通信保障!R824C3,True
Q3_通信保障!R824C4,True
Q3_通信保障!R824C5,True
Q3_通信保障!R824C6,True
Q3_通信保障/row825_no_extra_fields,True
Q3_通信保障!R825C1,True
Q3_通信保障!R825C2,True
Q3_通信保障!R825C3,True
Q3_通信保障!R825C4,True
Q3_通信保障!R825C5,True
Q3_通信保障!R825C6,True
Q3_通信保障/row826_no_extra_fields,True
Q3_通信保障!R826C1,True
Q3_通信保障!R826C2,True
Q3_通信保障!R826C3,True
Q3_通信保障!R826C4,True
Q3_通信保障!R826C5,True
Q3_通信保障!R826C6,True
Q3_通信保障/row827_no_extra_fields,True
Q3_通信保障!R827C1,True
Q3_通信保障!R827C2,True
Q3_通信保障!R827C3,True
Q3_通信保障!R827C4,True
Q3_通信保障!R827C5,True
Q3_通信保障!R827C6,True
Q3_通信保障/row828_no_extra_fields,True
Q3_通信保障!R828C1,True
Q3_通信保障!R828C2,True
Q3_通信保障!R828C3,True
Q3_通信保障!R828C4,True
Q3_通信保障!R828C5,True
Q3_通信保障!R828C6,True
Q3_通信保障/row829_no_extra_fields,True
Q3_通信保障!R829C1,True
Q3_通信保障!R829C2,True
Q3_通信保障!R829C3,True
Q3_通信保障!R829C4,True
Q3_通信保障!R829C5,True
Q3_通信保障!R829C6,True
Q3_通信保障/row830_no_extra_fields,True
Q3_通信保障!R830C1,True
Q3_通信保障!R830C2,True
Q3_通信保障!R830C3,True
Q3_通信保障!R830C4,True
Q3_通信保障!R830C5,True
Q3_通信保障!R830C6,True
Q3_通信保障/row831_no_extra_fields,True
Q3_通信保障!R831C1,True
Q3_通信保障!R831C2,True
Q3_通信保障!R831C3,True
Q3_通信保障!R831C4,True
Q3_通信保障!R831C5,True
Q3_通信保障!R831C6,True
Q3_通信保障/row832_no_extra_fields,True
Q3_通信保障!R832C1,True
Q3_通信保障!R832C2,True
Q3_通信保障!R832C3,True
Q3_通信保障!R832C4,True
Q3_通信保障!R832C5,True
Q3_通信保障!R832C6,True
Q3_通信保障/row833_no_extra_fields,True
Q3_通信保障!R833C1,True
Q3_通信保障!R833C2,True
Q3_通信保障!R833C3,True
Q3_通信保障!R833C4,True
Q3_通信保障!R833C5,True
Q3_通信保障!R833C6,True
Q3_通信保障/row834_no_extra_fields,True
Q3_通信保障!R834C1,True
Q3_通信保障!R834C2,True
Q3_通信保障!R834C3,True
Q3_通信保障!R834C4,True
Q3_通信保障!R834C5,True
Q3_通信保障!R834C6,True
Q3_通信保障/row835_no_extra_fields,True
Q3_通信保障!R835C1,True
Q3_通信保障!R835C2,True
Q3_通信保障!R835C3,True
Q3_通信保障!R835C4,True
Q3_通信保障!R835C5,True
Q3_通信保障!R835C6,True
Q3_通信保障/row836_no_extra_fields,True
Q3_通信保障!R836C1,True
Q3_通信保障!R836C2,True
Q3_通信保障!R836C3,True
Q3_通信保障!R836C4,True
Q3_通信保障!R836C5,True
Q3_通信保障!R836C6,True
Q3_通信保障/row837_no_extra_fields,True
Q3_通信保障!R837C1,True
Q3_通信保障!R837C2,True
Q3_通信保障!R837C3,True
Q3_通信保障!R837C4,True
Q3_通信保障!R837C5,True
Q3_通信保障!R837C6,True
Q3_通信保障/row838_no_extra_fields,True
Q3_通信保障!R838C1,True
Q3_通信保障!R838C2,True
Q3_通信保障!R838C3,True
Q3_通信保障!R838C4,True
Q3_通信保障!R838C5,True
Q3_通信保障!R838C6,True
Q3_通信保障/row839_no_extra_fields,True
Q3_通信保障!R839C1,True
Q3_通信保障!R839C2,True
Q3_通信保障!R839C3,True
Q3_通信保障!R839C4,True
Q3_通信保障!R839C5,True
Q3_通信保障!R839C6,True
Q3_通信保障/row840_no_extra_fields,True
Q3_通信保障!R840C1,True
Q3_通信保障!R840C2,True
Q3_通信保障!R840C3,True
Q3_通信保障!R840C4,True
Q3_通信保障!R840C5,True
Q3_通信保障!R840C6,True
Q3_通信保障/row841_no_extra_fields,True
Q3_通信保障!R841C1,True
Q3_通信保障!R841C2,True
Q3_通信保障!R841C3,True
Q3_通信保障!R841C4,True
Q3_通信保障!R841C5,True
Q3_通信保障!R841C6,True
Q3_通信保障/row842_no_extra_fields,True
Q3_通信保障!R842C1,True
Q3_通信保障!R842C2,True
Q3_通信保障!R842C3,True
Q3_通信保障!R842C4,True
Q3_通信保障!R842C5,True
Q3_通信保障!R842C6,True
Q3_通信保障/row843_no_extra_fields,True
Q3_通信保障!R843C1,True
Q3_通信保障!R843C2,True
Q3_通信保障!R843C3,True
Q3_通信保障!R843C4,True
Q3_通信保障!R843C5,True
Q3_通信保障!R843C6,True
Q3_通信保障/row844_no_extra_fields,True
Q3_通信保障!R844C1,True
Q3_通信保障!R844C2,True
Q3_通信保障!R844C3,True
Q3_通信保障!R844C4,True
Q3_通信保障!R844C5,True
Q3_通信保障!R844C6,True
Q3_通信保障/row845_no_extra_fields,True
Q3_通信保障!R845C1,True
Q3_通信保障!R845C2,True
Q3_通信保障!R845C3,True
Q3_通信保障!R845C4,True
Q3_通信保障!R845C5,True
Q3_通信保障!R845C6,True
Q3_通信保障/row846_no_extra_fields,True
Q3_通信保障!R846C1,True
Q3_通信保障!R846C2,True
Q3_通信保障!R846C3,True
Q3_通信保障!R846C4,True
Q3_通信保障!R846C5,True
Q3_通信保障!R846C6,True
Q3_通信保障/row847_no_extra_fields,True
Q3_通信保障!R847C1,True
Q3_通信保障!R847C2,True
Q3_通信保障!R847C3,True
Q3_通信保障!R847C4,True
Q3_通信保障!R847C5,True
Q3_通信保障!R847C6,True
Q3_通信保障/row848_no_extra_fields,True
Q3_通信保障!R848C1,True
Q3_通信保障!R848C2,True
Q3_通信保障!R848C3,True
Q3_通信保障!R848C4,True
Q3_通信保障!R848C5,True
Q3_通信保障!R848C6,True
Q3_通信保障/row849_no_extra_fields,True
Q3_通信保障!R849C1,True
Q3_通信保障!R849C2,True
Q3_通信保障!R849C3,True
Q3_通信保障!R849C4,True
Q3_通信保障!R849C5,True
Q3_通信保障!R849C6,True
Q3_通信保障/row850_no_extra_fields,True
Q3_通信保障!R850C1,True
Q3_通信保障!R850C2,True
Q3_通信保障!R850C3,True
Q3_通信保障!R850C4,True
Q3_通信保障!R850C5,True
Q3_通信保障!R850C6,True
Q3_通信保障/row851_no_extra_fields,True
Q3_通信保障!R851C1,True
Q3_通信保障!R851C2,True
Q3_通信保障!R851C3,True
Q3_通信保障!R851C4,True
Q3_通信保障!R851C5,True
Q3_通信保障!R851C6,True
Q3_通信保障/row852_no_extra_fields,True
Q3_通信保障!R852C1,True
Q3_通信保障!R852C2,True
Q3_通信保障!R852C3,True
Q3_通信保障!R852C4,True
Q3_通信保障!R852C5,True
Q3_通信保障!R852C6,True
Q3_通信保障/row853_no_extra_fields,True
Q3_通信保障!R853C1,True
Q3_通信保障!R853C2,True
Q3_通信保障!R853C3,True
Q3_通信保障!R853C4,True
Q3_通信保障!R853C5,True
Q3_通信保障!R853C6,True
Q3_通信保障/row854_no_extra_fields,True
Q3_通信保障!R854C1,True
Q3_通信保障!R854C2,True
Q3_通信保障!R854C3,True
Q3_通信保障!R854C4,True
Q3_通信保障!R854C5,True
Q3_通信保障!R854C6,True
Q3_通信保障/row855_no_extra_fields,True
Q3_通信保障!R855C1,True
Q3_通信保障!R855C2,True
Q3_通信保障!R855C3,True
Q3_通信保障!R855C4,True
Q3_通信保障!R855C5,True
Q3_通信保障!R855C6,True
Q3_通信保障/row856_no_extra_fields,True
Q3_通信保障!R856C1,True
Q3_通信保障!R856C2,True
Q3_通信保障!R856C3,True
Q3_通信保障!R856C4,True
Q3_通信保障!R856C5,True
Q3_通信保障!R856C6,True
Q3_通信保障/row857_no_extra_fields,True
Q3_通信保障!R857C1,True
Q3_通信保障!R857C2,True
Q3_通信保障!R857C3,True
Q3_通信保障!R857C4,True
Q3_通信保障!R857C5,True
Q3_通信保障!R857C6,True
Q3_通信保障/row858_no_extra_fields,True
Q3_通信保障!R858C1,True
Q3_通信保障!R858C2,True
Q3_通信保障!R858C3,True
Q3_通信保障!R858C4,True
Q3_通信保障!R858C5,True
Q3_通信保障!R858C6,True
Q3_通信保障/row859_no_extra_fields,True
Q3_通信保障!R859C1,True
Q3_通信保障!R859C2,True
Q3_通信保障!R859C3,True
Q3_通信保障!R859C4,True
Q3_通信保障!R859C5,True
Q3_通信保障!R859C6,True
Q3_通信保障/row860_no_extra_fields,True
Q3_通信保障!R860C1,True
Q3_通信保障!R860C2,True
Q3_通信保障!R860C3,True
Q3_通信保障!R860C4,True
Q3_通信保障!R860C5,True
Q3_通信保障!R860C6,True
Q3_通信保障/row861_no_extra_fields,True
Q3_通信保障!R861C1,True
Q3_通信保障!R861C2,True
Q3_通信保障!R861C3,True
Q3_通信保障!R861C4,True
Q3_通信保障!R861C5,True
Q3_通信保障!R861C6,True
Q3_通信保障/row862_no_extra_fields,True
Q3_通信保障!R862C1,True
Q3_通信保障!R862C2,True
Q3_通信保障!R862C3,True
Q3_通信保障!R862C4,True
Q3_通信保障!R862C5,True
Q3_通信保障!R862C6,True
Q3_通信保障/row863_no_extra_fields,True
Q3_通信保障!R863C1,True
Q3_通信保障!R863C2,True
Q3_通信保障!R863C3,True
Q3_通信保障!R863C4,True
Q3_通信保障!R863C5,True
Q3_通信保障!R863C6,True
Q3_通信保障/row864_no_extra_fields,True
Q3_通信保障!R864C1,True
Q3_通信保障!R864C2,True
Q3_通信保障!R864C3,True
Q3_通信保障!R864C4,True
Q3_通信保障!R864C5,True
Q3_通信保障!R864C6,True
Q3_通信保障/row865_no_extra_fields,True
Q3_通信保障!R865C1,True
Q3_通信保障!R865C2,True
Q3_通信保障!R865C3,True
Q3_通信保障!R865C4,True
Q3_通信保障!R865C5,True
Q3_通信保障!R865C6,True
Q3_通信保障/row866_no_extra_fields,True
Q3_通信保障!R866C1,True
Q3_通信保障!R866C2,True
Q3_通信保障!R866C3,True
Q3_通信保障!R866C4,True
Q3_通信保障!R866C5,True
Q3_通信保障!R866C6,True
Q3_通信保障/row867_no_extra_fields,True
Q3_通信保障!R867C1,True
Q3_通信保障!R867C2,True
Q3_通信保障!R867C3,True
Q3_通信保障!R867C4,True
Q3_通信保障!R867C5,True
Q3_通信保障!R867C6,True
Q3_通信保障/row868_no_extra_fields,True
Q3_通信保障!R868C1,True
Q3_通信保障!R868C2,True
Q3_通信保障!R868C3,True
Q3_通信保障!R868C4,True
Q3_通信保障!R868C5,True
Q3_通信保障!R868C6,True
Q3_通信保障/row869_no_extra_fields,True
Q3_通信保障!R869C1,True
Q3_通信保障!R869C2,True
Q3_通信保障!R869C3,True
Q3_通信保障!R869C4,True
Q3_通信保障!R869C5,True
Q3_通信保障!R869C6,True
Q3_通信保障/row870_no_extra_fields,True
Q3_通信保障!R870C1,True
Q3_通信保障!R870C2,True
Q3_通信保障!R870C3,True
Q3_通信保障!R870C4,True
Q3_通信保障!R870C5,True
Q3_通信保障!R870C6,True
Q3_通信保障/row871_no_extra_fields,True
Q3_通信保障!R871C1,True
Q3_通信保障!R871C2,True
Q3_通信保障!R871C3,True
Q3_通信保障!R871C4,True
Q3_通信保障!R871C5,True
Q3_通信保障!R871C6,True
Q3_通信保障/row872_no_extra_fields,True
Q3_通信保障!R872C1,True
Q3_通信保障!R872C2,True
Q3_通信保障!R872C3,True
Q3_通信保障!R872C4,True
Q3_通信保障!R872C5,True
Q3_通信保障!R872C6,True
Q3_通信保障/row873_no_extra_fields,True
Q3_通信保障!R873C1,True
Q3_通信保障!R873C2,True
Q3_通信保障!R873C3,True
Q3_通信保障!R873C4,True
Q3_通信保障!R873C5,True
Q3_通信保障!R873C6,True
Q3_通信保障/row874_no_extra_fields,True
Q3_通信保障!R874C1,True
Q3_通信保障!R874C2,True
Q3_通信保障!R874C3,True
Q3_通信保障!R874C4,True
Q3_通信保障!R874C5,True
Q3_通信保障!R874C6,True
Q3_通信保障/row875_no_extra_fields,True
Q3_通信保障!R875C1,True
Q3_通信保障!R875C2,True
Q3_通信保障!R875C3,True
Q3_通信保障!R875C4,True
Q3_通信保障!R875C5,True
Q3_通信保障!R875C6,True
Q3_通信保障/row876_no_extra_fields,True
Q3_通信保障!R876C1,True
Q3_通信保障!R876C2,True
Q3_通信保障!R876C3,True
Q3_通信保障!R876C4,True
Q3_通信保障!R876C5,True
Q3_通信保障!R876C6,True
Q3_通信保障/row877_no_extra_fields,True
Q3_通信保障!R877C1,True
Q3_通信保障!R877C2,True
Q3_通信保障!R877C3,True
Q3_通信保障!R877C4,True
Q3_通信保障!R877C5,True
Q3_通信保障!R877C6,True
Q3_通信保障/row878_no_extra_fields,True
Q3_通信保障!R878C1,True
Q3_通信保障!R878C2,True
Q3_通信保障!R878C3,True
Q3_通信保障!R878C4,True
Q3_通信保障!R878C5,True
Q3_通信保障!R878C6,True
Q3_通信保障/row879_no_extra_fields,True
Q3_通信保障!R879C1,True
Q3_通信保障!R879C2,True
Q3_通信保障!R879C3,True
Q3_通信保障!R879C4,True
Q3_通信保障!R879C5,True
Q3_通信保障!R879C6,True
Q3_通信保障/row880_no_extra_fields,True
Q3_通信保障!R880C1,True
Q3_通信保障!R880C2,True
Q3_通信保障!R880C3,True
Q3_通信保障!R880C4,True
Q3_通信保障!R880C5,True
Q3_通信保障!R880C6,True
Q3_通信保障/row881_no_extra_fields,True
Q3_通信保障!R881C1,True
Q3_通信保障!R881C2,True
Q3_通信保障!R881C3,True
Q3_通信保障!R881C4,True
Q3_通信保障!R881C5,True
Q3_通信保障!R881C6,True
Q3_通信保障/row882_no_extra_fields,True
Q3_通信保障!R882C1,True
Q3_通信保障!R882C2,True
Q3_通信保障!R882C3,True
Q3_通信保障!R882C4,True
Q3_通信保障!R882C5,True
Q3_通信保障!R882C6,True
Q3_通信保障/row883_no_extra_fields,True
Q3_通信保障!R883C1,True
Q3_通信保障!R883C2,True
Q3_通信保障!R883C3,True
Q3_通信保障!R883C4,True
Q3_通信保障!R883C5,True
Q3_通信保障!R883C6,True
Q3_通信保障/row884_no_extra_fields,True
Q3_通信保障!R884C1,True
Q3_通信保障!R884C2,True
Q3_通信保障!R884C3,True
Q3_通信保障!R884C4,True
Q3_通信保障!R884C5,True
Q3_通信保障!R884C6,True
Q3_通信保障/row885_no_extra_fields,True
Q3_通信保障!R885C1,True
Q3_通信保障!R885C2,True
Q3_通信保障!R885C3,True
Q3_通信保障!R885C4,True
Q3_通信保障!R885C5,True
Q3_通信保障!R885C6,True
Q3_通信保障/row886_no_extra_fields,True
Q3_通信保障!R886C1,True
Q3_通信保障!R886C2,True
Q3_通信保障!R886C3,True
Q3_通信保障!R886C4,True
Q3_通信保障!R886C5,True
Q3_通信保障!R886C6,True
Q3_通信保障/row887_no_extra_fields,True
Q3_通信保障!R887C1,True
Q3_通信保障!R887C2,True
Q3_通信保障!R887C3,True
Q3_通信保障!R887C4,True
Q3_通信保障!R887C5,True
Q3_通信保障!R887C6,True
Q3_通信保障/row888_no_extra_fields,True
Q3_通信保障!R888C1,True
Q3_通信保障!R888C2,True
Q3_通信保障!R888C3,True
Q3_通信保障!R888C4,True
Q3_通信保障!R888C5,True
Q3_通信保障!R888C6,True
Q3_通信保障/row889_no_extra_fields,True
Q3_通信保障!R889C1,True
Q3_通信保障!R889C2,True
Q3_通信保障!R889C3,True
Q3_通信保障!R889C4,True
Q3_通信保障!R889C5,True
Q3_通信保障!R889C6,True
Q3_通信保障/row890_no_extra_fields,True
Q3_通信保障!R890C1,True
Q3_通信保障!R890C2,True
Q3_通信保障!R890C3,True
Q3_通信保障!R890C4,True
Q3_通信保障!R890C5,True
Q3_通信保障!R890C6,True
Q3_通信保障/row891_no_extra_fields,True
Q3_通信保障!R891C1,True
Q3_通信保障!R891C2,True
Q3_通信保障!R891C3,True
Q3_通信保障!R891C4,True
Q3_通信保障!R891C5,True
Q3_通信保障!R891C6,True
Q3_通信保障/row892_no_extra_fields,True
Q3_通信保障!R892C1,True
Q3_通信保障!R892C2,True
Q3_通信保障!R892C3,True
Q3_通信保障!R892C4,True
Q3_通信保障!R892C5,True
Q3_通信保障!R892C6,True
Q3_通信保障/row893_no_extra_fields,True
Q3_通信保障!R893C1,True
Q3_通信保障!R893C2,True
Q3_通信保障!R893C3,True
Q3_通信保障!R893C4,True
Q3_通信保障!R893C5,True
Q3_通信保障!R893C6,True
Q3_通信保障/row894_no_extra_fields,True
Q3_通信保障!R894C1,True
Q3_通信保障!R894C2,True
Q3_通信保障!R894C3,True
Q3_通信保障!R894C4,True
Q3_通信保障!R894C5,True
Q3_通信保障!R894C6,True
Q3_通信保障/row895_no_extra_fields,True
Q3_通信保障!R895C1,True
Q3_通信保障!R895C2,True
Q3_通信保障!R895C3,True
Q3_通信保障!R895C4,True
Q3_通信保障!R895C5,True
Q3_通信保障!R895C6,True
Q3_通信保障/row896_no_extra_fields,True
Q3_通信保障!R896C1,True
Q3_通信保障!R896C2,True
Q3_通信保障!R896C3,True
Q3_通信保障!R896C4,True
Q3_通信保障!R896C5,True
Q3_通信保障!R896C6,True
Q3_通信保障/row897_no_extra_fields,True
Q3_通信保障!R897C1,True
Q3_通信保障!R897C2,True
Q3_通信保障!R897C3,True
Q3_通信保障!R897C4,True
Q3_通信保障!R897C5,True
Q3_通信保障!R897C6,True
Q3_通信保障/row898_no_extra_fields,True
Q3_通信保障!R898C1,True
Q3_通信保障!R898C2,True
Q3_通信保障!R898C3,True
Q3_通信保障!R898C4,True
Q3_通信保障!R898C5,True
Q3_通信保障!R898C6,True
Q3_通信保障/row899_no_extra_fields,True
Q3_通信保障!R899C1,True
Q3_通信保障!R899C2,True
Q3_通信保障!R899C3,True
Q3_通信保障!R899C4,True
Q3_通信保障!R899C5,True
Q3_通信保障!R899C6,True
Q3_通信保障/row900_no_extra_fields,True
Q3_通信保障!R900C1,True
Q3_通信保障!R900C2,True
Q3_通信保障!R900C3,True
Q3_通信保障!R900C4,True
Q3_通信保障!R900C5,True
Q3_通信保障!R900C6,True
Q3_通信保障/row901_no_extra_fields,True
Q3_通信保障!R901C1,True
Q3_通信保障!R901C2,True
Q3_通信保障!R901C3,True
Q3_通信保障!R901C4,True
Q3_通信保障!R901C5,True
Q3_通信保障!R901C6,True
Q3_通信保障/row902_no_extra_fields,True
Q3_通信保障!R902C1,True
Q3_通信保障!R902C2,True
Q3_通信保障!R902C3,True
Q3_通信保障!R902C4,True
Q3_通信保障!R902C5,True
Q3_通信保障!R902C6,True
Q3_通信保障/row903_no_extra_fields,True
Q3_通信保障!R903C1,True
Q3_通信保障!R903C2,True
Q3_通信保障!R903C3,True
Q3_通信保障!R903C4,True
Q3_通信保障!R903C5,True
Q3_通信保障!R903C6,True
Q3_通信保障/row904_no_extra_fields,True
Q3_通信保障!R904C1,True
Q3_通信保障!R904C2,True
Q3_通信保障!R904C3,True
Q3_通信保障!R904C4,True
Q3_通信保障!R904C5,True
Q3_通信保障!R904C6,True
Q3_通信保障/row905_no_extra_fields,True
Q3_通信保障!R905C1,True
Q3_通信保障!R905C2,True
Q3_通信保障!R905C3,True
Q3_通信保障!R905C4,True
Q3_通信保障!R905C5,True
Q3_通信保障!R905C6,True
Q3_通信保障/row906_no_extra_fields,True
Q3_通信保障!R906C1,True
Q3_通信保障!R906C2,True
Q3_通信保障!R906C3,True
Q3_通信保障!R906C4,True
Q3_通信保障!R906C5,True
Q3_通信保障!R906C6,True
Q3_通信保障/row907_no_extra_fields,True
Q3_通信保障!R907C1,True
Q3_通信保障!R907C2,True
Q3_通信保障!R907C3,True
Q3_通信保障!R907C4,True
Q3_通信保障!R907C5,True
Q3_通信保障!R907C6,True
Q3_通信保障/row908_no_extra_fields,True
Q3_通信保障!R908C1,True
Q3_通信保障!R908C2,True
Q3_通信保障!R908C3,True
Q3_通信保障!R908C4,True
Q3_通信保障!R908C5,True
Q3_通信保障!R908C6,True
Q3_通信保障/row909_no_extra_fields,True
Q3_通信保障!R909C1,True
Q3_通信保障!R909C2,True
Q3_通信保障!R909C3,True
Q3_通信保障!R909C4,True
Q3_通信保障!R909C5,True
Q3_通信保障!R909C6,True
Q3_通信保障/row910_no_extra_fields,True
Q3_通信保障!R910C1,True
Q3_通信保障!R910C2,True
Q3_通信保障!R910C3,True
Q3_通信保障!R910C4,True
Q3_通信保障!R910C5,True
Q3_通信保障!R910C6,True
Q3_通信保障/row911_no_extra_fields,True
Q3_通信保障!R911C1,True
Q3_通信保障!R911C2,True
Q3_通信保障!R911C3,True
Q3_通信保障!R911C4,True
Q3_通信保障!R911C5,True
Q3_通信保障!R911C6,True
Q3_通信保障/row912_no_extra_fields,True
Q3_通信保障!R912C1,True
Q3_通信保障!R912C2,True
Q3_通信保障!R912C3,True
Q3_通信保障!R912C4,True
Q3_通信保障!R912C5,True
Q3_通信保障!R912C6,True
Q3_通信保障/row913_no_extra_fields,True
Q3_通信保障!R913C1,True
Q3_通信保障!R913C2,True
Q3_通信保障!R913C3,True
Q3_通信保障!R913C4,True
Q3_通信保障!R913C5,True
Q3_通信保障!R913C6,True
Q3_通信保障/row914_no_extra_fields,True
Q3_通信保障!R914C1,True
Q3_通信保障!R914C2,True
Q3_通信保障!R914C3,True
Q3_通信保障!R914C4,True
Q3_通信保障!R914C5,True
Q3_通信保障!R914C6,True
Q3_通信保障/row915_no_extra_fields,True
Q3_通信保障!R915C1,True
Q3_通信保障!R915C2,True
Q3_通信保障!R915C3,True
Q3_通信保障!R915C4,True
Q3_通信保障!R915C5,True
Q3_通信保障!R915C6,True
Q3_通信保障/row916_no_extra_fields,True
Q3_通信保障!R916C1,True
Q3_通信保障!R916C2,True
Q3_通信保障!R916C3,True
Q3_通信保障!R916C4,True
Q3_通信保障!R916C5,True
Q3_通信保障!R916C6,True
Q3_通信保障/row917_no_extra_fields,True
Q3_通信保障!R917C1,True
Q3_通信保障!R917C2,True
Q3_通信保障!R917C3,True
Q3_通信保障!R917C4,True
Q3_通信保障!R917C5,True
Q3_通信保障!R917C6,True
Q3_通信保障/row918_no_extra_fields,True
Q3_通信保障!R918C1,True
Q3_通信保障!R918C2,True
Q3_通信保障!R918C3,True
Q3_通信保障!R918C4,True
Q3_通信保障!R918C5,True
Q3_通信保障!R918C6,True
Q3_通信保障/row919_no_extra_fields,True
Q3_通信保障!R919C1,True
Q3_通信保障!R919C2,True
Q3_通信保障!R919C3,True
Q3_通信保障!R919C4,True
Q3_通信保障!R919C5,True
Q3_通信保障!R919C6,True
Q3_通信保障/row920_no_extra_fields,True
Q3_通信保障!R920C1,True
Q3_通信保障!R920C2,True
Q3_通信保障!R920C3,True
Q3_通信保障!R920C4,True
Q3_通信保障!R920C5,True
Q3_通信保障!R920C6,True
Q3_通信保障/row921_no_extra_fields,True
Q3_通信保障!R921C1,True
Q3_通信保障!R921C2,True
Q3_通信保障!R921C3,True
Q3_通信保障!R921C4,True
Q3_通信保障!R921C5,True
Q3_通信保障!R921C6,True
Q3_通信保障/row922_no_extra_fields,True
Q3_通信保障!R922C1,True
Q3_通信保障!R922C2,True
Q3_通信保障!R922C3,True
Q3_通信保障!R922C4,True
Q3_通信保障!R922C5,True
Q3_通信保障!R922C6,True
Q3_通信保障/row923_no_extra_fields,True
Q3_通信保障!R923C1,True
Q3_通信保障!R923C2,True
Q3_通信保障!R923C3,True
Q3_通信保障!R923C4,True
Q3_通信保障!R923C5,True
Q3_通信保障!R923C6,True
Q3_通信保障/row924_no_extra_fields,True
Q3_通信保障!R924C1,True
Q3_通信保障!R924C2,True
Q3_通信保障!R924C3,True
Q3_通信保障!R924C4,True
Q3_通信保障!R924C5,True
Q3_通信保障!R924C6,True
Q3_通信保障/row925_no_extra_fields,True
Q3_通信保障!R925C1,True
Q3_通信保障!R925C2,True
Q3_通信保障!R925C3,True
Q3_通信保障!R925C4,True
Q3_通信保障!R925C5,True
Q3_通信保障!R925C6,True
Q3_通信保障/row926_no_extra_fields,True
Q3_通信保障!R926C1,True
Q3_通信保障!R926C2,True
Q3_通信保障!R926C3,True
Q3_通信保障!R926C4,True
Q3_通信保障!R926C5,True
Q3_通信保障!R926C6,True
Q3_通信保障/row927_no_extra_fields,True
Q3_通信保障!R927C1,True
Q3_通信保障!R927C2,True
Q3_通信保障!R927C3,True
Q3_通信保障!R927C4,True
Q3_通信保障!R927C5,True
Q3_通信保障!R927C6,True
Q3_通信保障/row928_no_extra_fields,True
Q3_通信保障!R928C1,True
Q3_通信保障!R928C2,True
Q3_通信保障!R928C3,True
Q3_通信保障!R928C4,True
Q3_通信保障!R928C5,True
Q3_通信保障!R928C6,True
Q3_通信保障/row929_no_extra_fields,True
Q3_通信保障!R929C1,True
Q3_通信保障!R929C2,True
Q3_通信保障!R929C3,True
Q3_通信保障!R929C4,True
Q3_通信保障!R929C5,True
Q3_通信保障!R929C6,True
Q3_通信保障/row930_no_extra_fields,True
Q3_通信保障!R930C1,True
Q3_通信保障!R930C2,True
Q3_通信保障!R930C3,True
Q3_通信保障!R930C4,True
Q3_通信保障!R930C5,True
Q3_通信保障!R930C6,True
Q3_通信保障/row931_no_extra_fields,True
Q3_通信保障!R931C1,True
Q3_通信保障!R931C2,True
Q3_通信保障!R931C3,True
Q3_通信保障!R931C4,True
Q3_通信保障!R931C5,True
Q3_通信保障!R931C6,True
Q3_通信保障/row932_no_extra_fields,True
Q3_通信保障!R932C1,True
Q3_通信保障!R932C2,True
Q3_通信保障!R932C3,True
Q3_通信保障!R932C4,True
Q3_通信保障!R932C5,True
Q3_通信保障!R932C6,True
Q3_通信保障/row933_no_extra_fields,True
Q3_通信保障!R933C1,True
Q3_通信保障!R933C2,True
Q3_通信保障!R933C3,True
Q3_通信保障!R933C4,True
Q3_通信保障!R933C5,True
Q3_通信保障!R933C6,True
Q3_通信保障/row934_no_extra_fields,True
Q3_通信保障!R934C1,True
Q3_通信保障!R934C2,True
Q3_通信保障!R934C3,True
Q3_通信保障!R934C4,True
Q3_通信保障!R934C5,True
Q3_通信保障!R934C6,True
Q3_通信保障/row935_no_extra_fields,True
Q3_通信保障!R935C1,True
Q3_通信保障!R935C2,True
Q3_通信保障!R935C3,True
Q3_通信保障!R935C4,True
Q3_通信保障!R935C5,True
Q3_通信保障!R935C6,True
Q3_通信保障/row936_no_extra_fields,True
Q3_通信保障!R936C1,True
Q3_通信保障!R936C2,True
Q3_通信保障!R936C3,True
Q3_通信保障!R936C4,True
Q3_通信保障!R936C5,True
Q3_通信保障!R936C6,True
Q3_通信保障/row937_no_extra_fields,True
Q3_通信保障!R937C1,True
Q3_通信保障!R937C2,True
Q3_通信保障!R937C3,True
Q3_通信保障!R937C4,True
Q3_通信保障!R937C5,True
Q3_通信保障!R937C6,True
Q3_通信保障/row938_no_extra_fields,True
Q3_通信保障!R938C1,True
Q3_通信保障!R938C2,True
Q3_通信保障!R938C3,True
Q3_通信保障!R938C4,True
Q3_通信保障!R938C5,True
Q3_通信保障!R938C6,True
Q3_通信保障/row939_no_extra_fields,True
Q3_通信保障!R939C1,True
Q3_通信保障!R939C2,True
Q3_通信保障!R939C3,True
Q3_通信保障!R939C4,True
Q3_通信保障!R939C5,True
Q3_通信保障!R939C6,True
Q3_通信保障/row940_no_extra_fields,True
Q3_通信保障!R940C1,True
Q3_通信保障!R940C2,True
Q3_通信保障!R940C3,True
Q3_通信保障!R940C4,True
Q3_通信保障!R940C5,True
Q3_通信保障!R940C6,True
Q3_通信保障/row941_no_extra_fields,True
Q3_通信保障!R941C1,True
Q3_通信保障!R941C2,True
Q3_通信保障!R941C3,True
Q3_通信保障!R941C4,True
Q3_通信保障!R941C5,True
Q3_通信保障!R941C6,True
Q3_通信保障/row942_no_extra_fields,True
Q3_通信保障!R942C1,True
Q3_通信保障!R942C2,True
Q3_通信保障!R942C3,True
Q3_通信保障!R942C4,True
Q3_通信保障!R942C5,True
Q3_通信保障!R942C6,True
Q3_通信保障/row943_no_extra_fields,True
Q3_通信保障!R943C1,True
Q3_通信保障!R943C2,True
Q3_通信保障!R943C3,True
Q3_通信保障!R943C4,True
Q3_通信保障!R943C5,True
Q3_通信保障!R943C6,True
Q3_通信保障/row944_no_extra_fields,True
Q3_通信保障!R944C1,True
Q3_通信保障!R944C2,True
Q3_通信保障!R944C3,True
Q3_通信保障!R944C4,True
Q3_通信保障!R944C5,True
Q3_通信保障!R944C6,True
Q3_通信保障/row945_no_extra_fields,True
Q3_通信保障!R945C1,True
Q3_通信保障!R945C2,True
Q3_通信保障!R945C3,True
Q3_通信保障!R945C4,True
Q3_通信保障!R945C5,True
Q3_通信保障!R945C6,True
Q3_通信保障/row946_no_extra_fields,True
Q3_通信保障!R946C1,True
Q3_通信保障!R946C2,True
Q3_通信保障!R946C3,True
Q3_通信保障!R946C4,True
Q3_通信保障!R946C5,True
Q3_通信保障!R946C6,True
Q3_通信保障/row947_no_extra_fields,True
Q3_通信保障!R947C1,True
Q3_通信保障!R947C2,True
Q3_通信保障!R947C3,True
Q3_通信保障!R947C4,True
Q3_通信保障!R947C5,True
Q3_通信保障!R947C6,True
Q3_通信保障/row948_no_extra_fields,True
Q3_通信保障!R948C1,True
Q3_通信保障!R948C2,True
Q3_通信保障!R948C3,True
Q3_通信保障!R948C4,True
Q3_通信保障!R948C5,True
Q3_通信保障!R948C6,True
Q3_通信保障/row949_no_extra_fields,True
Q3_通信保障!R949C1,True
Q3_通信保障!R949C2,True
Q3_通信保障!R949C3,True
Q3_通信保障!R949C4,True
Q3_通信保障!R949C5,True
Q3_通信保障!R949C6,True
Q3_通信保障/row950_no_extra_fields,True
Q3_通信保障!R950C1,True
Q3_通信保障!R950C2,True
Q3_通信保障!R950C3,True
Q3_通信保障!R950C4,True
Q3_通信保障!R950C5,True
Q3_通信保障!R950C6,True
Q3_通信保障/row951_no_extra_fields,True
Q3_通信保障!R951C1,True
Q3_通信保障!R951C2,True
Q3_通信保障!R951C3,True
Q3_通信保障!R951C4,True
Q3_通信保障!R951C5,True
Q3_通信保障!R951C6,True
Q3_通信保障/row952_no_extra_fields,True
Q3_通信保障!R952C1,True
Q3_通信保障!R952C2,True
Q3_通信保障!R952C3,True
Q3_通信保障!R952C4,True
Q3_通信保障!R952C5,True
Q3_通信保障!R952C6,True
Q3_通信保障/row953_no_extra_fields,True
Q3_通信保障!R953C1,True
Q3_通信保障!R953C2,True
Q3_通信保障!R953C3,True
Q3_通信保障!R953C4,True
Q3_通信保障!R953C5,True
Q3_通信保障!R953C6,True
Q3_通信保障/row954_no_extra_fields,True
Q3_通信保障!R954C1,True
Q3_通信保障!R954C2,True
Q3_通信保障!R954C3,True
Q3_通信保障!R954C4,True
Q3_通信保障!R954C5,True
Q3_通信保障!R954C6,True
Q3_通信保障/row955_no_extra_fields,True
Q3_通信保障!R955C1,True
Q3_通信保障!R955C2,True
Q3_通信保障!R955C3,True
Q3_通信保障!R955C4,True
Q3_通信保障!R955C5,True
Q3_通信保障!R955C6,True
Q3_通信保障/row956_no_extra_fields,True
Q3_通信保障!R956C1,True
Q3_通信保障!R956C2,True
Q3_通信保障!R956C3,True
Q3_通信保障!R956C4,True
Q3_通信保障!R956C5,True
Q3_通信保障!R956C6,True
Q3_通信保障/row957_no_extra_fields,True
Q3_通信保障!R957C1,True
Q3_通信保障!R957C2,True
Q3_通信保障!R957C3,True
Q3_通信保障!R957C4,True
Q3_通信保障!R957C5,True
Q3_通信保障!R957C6,True
Q3_通信保障/row958_no_extra_fields,True
Q3_通信保障!R958C1,True
Q3_通信保障!R958C2,True
Q3_通信保障!R958C3,True
Q3_通信保障!R958C4,True
Q3_通信保障!R958C5,True
Q3_通信保障!R958C6,True
Q3_通信保障/row959_no_extra_fields,True
Q3_通信保障!R959C1,True
Q3_通信保障!R959C2,True
Q3_通信保障!R959C3,True
Q3_通信保障!R959C4,True
Q3_通信保障!R959C5,True
Q3_通信保障!R959C6,True
Q3_通信保障/row960_no_extra_fields,True
Q3_通信保障!R960C1,True
Q3_通信保障!R960C2,True
Q3_通信保障!R960C3,True
Q3_通信保障!R960C4,True
Q3_通信保障!R960C5,True
Q3_通信保障!R960C6,True
Q3_通信保障/row961_no_extra_fields,True
Q3_通信保障!R961C1,True
Q3_通信保障!R961C2,True
Q3_通信保障!R961C3,True
Q3_通信保障!R961C4,True
Q3_通信保障!R961C5,True
Q3_通信保障!R961C6,True
Q3_通信保障/row962_no_extra_fields,True
Q3_通信保障!R962C1,True
Q3_通信保障!R962C2,True
Q3_通信保障!R962C3,True
Q3_通信保障!R962C4,True
Q3_通信保障!R962C5,True
Q3_通信保障!R962C6,True
Q3_通信保障/row963_no_extra_fields,True
Q3_通信保障!R963C1,True
Q3_通信保障!R963C2,True
Q3_通信保障!R963C3,True
Q3_通信保障!R963C4,True
Q3_通信保障!R963C5,True
Q3_通信保障!R963C6,True
Q3_通信保障/row964_no_extra_fields,True
Q3_通信保障!R964C1,True
Q3_通信保障!R964C2,True
Q3_通信保障!R964C3,True
Q3_通信保障!R964C4,True
Q3_通信保障!R964C5,True
Q3_通信保障!R964C6,True
Q3_通信保障/row965_no_extra_fields,True
Q3_通信保障!R965C1,True
Q3_通信保障!R965C2,True
Q3_通信保障!R965C3,True
Q3_通信保障!R965C4,True
Q3_通信保障!R965C5,True
Q3_通信保障!R965C6,True
Q3_通信保障/row966_no_extra_fields,True
Q3_通信保障!R966C1,True
Q3_通信保障!R966C2,True
Q3_通信保障!R966C3,True
Q3_通信保障!R966C4,True
Q3_通信保障!R966C5,True
Q3_通信保障!R966C6,True
Q3_通信保障/row967_no_extra_fields,True
Q3_通信保障!R967C1,True
Q3_通信保障!R967C2,True
Q3_通信保障!R967C3,True
Q3_通信保障!R967C4,True
Q3_通信保障!R967C5,True
Q3_通信保障!R967C6,True
Q3_通信保障/row968_no_extra_fields,True
Q3_通信保障!R968C1,True
Q3_通信保障!R968C2,True
Q3_通信保障!R968C3,True
Q3_通信保障!R968C4,True
Q3_通信保障!R968C5,True
Q3_通信保障!R968C6,True
Q3_通信保障/row969_no_extra_fields,True
Q3_通信保障!R969C1,True
Q3_通信保障!R969C2,True
Q3_通信保障!R969C3,True
Q3_通信保障!R969C4,True
Q3_通信保障!R969C5,True
Q3_通信保障!R969C6,True
Q3_通信保障/row970_no_extra_fields,True
Q3_通信保障!R970C1,True
Q3_通信保障!R970C2,True
Q3_通信保障!R970C3,True
Q3_通信保障!R970C4,True
Q3_通信保障!R970C5,True
Q3_通信保障!R970C6,True
Q3_通信保障/row971_no_extra_fields,True
Q3_通信保障!R971C1,True
Q3_通信保障!R971C2,True
Q3_通信保障!R971C3,True
Q3_通信保障!R971C4,True
Q3_通信保障!R971C5,True
Q3_通信保障!R971C6,True
Q3_通信保障/row972_no_extra_fields,True
Q3_通信保障!R972C1,True
Q3_通信保障!R972C2,True
Q3_通信保障!R972C3,True
Q3_通信保障!R972C4,True
Q3_通信保障!R972C5,True
Q3_通信保障!R972C6,True
Q3_通信保障/row973_no_extra_fields,True
Q3_通信保障!R973C1,True
Q3_通信保障!R973C2,True
Q3_通信保障!R973C3,True
Q3_通信保障!R973C4,True
Q3_通信保障!R973C5,True
Q3_通信保障!R973C6,True
Q3_通信保障/row974_no_extra_fields,True
Q3_通信保障!R974C1,True
Q3_通信保障!R974C2,True
Q3_通信保障!R974C3,True
Q3_通信保障!R974C4,True
Q3_通信保障!R974C5,True
Q3_通信保障!R974C6,True
Q3_通信保障/row975_no_extra_fields,True
Q3_通信保障!R975C1,True
Q3_通信保障!R975C2,True
Q3_通信保障!R975C3,True
Q3_通信保障!R975C4,True
Q3_通信保障!R975C5,True
Q3_通信保障!R975C6,True
Q3_通信保障/row976_no_extra_fields,True
Q3_通信保障!R976C1,True
Q3_通信保障!R976C2,True
Q3_通信保障!R976C3,True
Q3_通信保障!R976C4,True
Q3_通信保障!R976C5,True
Q3_通信保障!R976C6,True
Q3_通信保障/row977_no_extra_fields,True
Q3_通信保障!R977C1,True
Q3_通信保障!R977C2,True
Q3_通信保障!R977C3,True
Q3_通信保障!R977C4,True
Q3_通信保障!R977C5,True
Q3_通信保障!R977C6,True
Q3_通信保障/row978_no_extra_fields,True
Q3_通信保障!R978C1,True
Q3_通信保障!R978C2,True
Q3_通信保障!R978C3,True
Q3_通信保障!R978C4,True
Q3_通信保障!R978C5,True
Q3_通信保障!R978C6,True
Q3_通信保障/row979_no_extra_fields,True
Q3_通信保障!R979C1,True
Q3_通信保障!R979C2,True
Q3_通信保障!R979C3,True
Q3_通信保障!R979C4,True
Q3_通信保障!R979C5,True
Q3_通信保障!R979C6,True
Q3_通信保障/row980_no_extra_fields,True
Q3_通信保障!R980C1,True
Q3_通信保障!R980C2,True
Q3_通信保障!R980C3,True
Q3_通信保障!R980C4,True
Q3_通信保障!R980C5,True
Q3_通信保障!R980C6,True
Q3_通信保障/row981_no_extra_fields,True
Q3_通信保障!R981C1,True
Q3_通信保障!R981C2,True
Q3_通信保障!R981C3,True
Q3_通信保障!R981C4,True
Q3_通信保障!R981C5,True
Q3_通信保障!R981C6,True
Q3_通信保障/row982_no_extra_fields,True
Q3_通信保障!R982C1,True
Q3_通信保障!R982C2,True
Q3_通信保障!R982C3,True
Q3_通信保障!R982C4,True
Q3_通信保障!R982C5,True
Q3_通信保障!R982C6,True
Q3_通信保障/row983_no_extra_fields,True
Q3_通信保障!R983C1,True
Q3_通信保障!R983C2,True
Q3_通信保障!R983C3,True
Q3_通信保障!R983C4,True
Q3_通信保障!R983C5,True
Q3_通信保障!R983C6,True
Q3_通信保障/row984_no_extra_fields,True
Q3_通信保障!R984C1,True
Q3_通信保障!R984C2,True
Q3_通信保障!R984C3,True
Q3_通信保障!R984C4,True
Q3_通信保障!R984C5,True
Q3_通信保障!R984C6,True
Q3_通信保障/row985_no_extra_fields,True
Q3_通信保障!R985C1,True
Q3_通信保障!R985C2,True
Q3_通信保障!R985C3,True
Q3_通信保障!R985C4,True
Q3_通信保障!R985C5,True
Q3_通信保障!R985C6,True
Q3_通信保障/row986_no_extra_fields,True
Q3_通信保障!R986C1,True
Q3_通信保障!R986C2,True
Q3_通信保障!R986C3,True
Q3_通信保障!R986C4,True
Q3_通信保障!R986C5,True
Q3_通信保障!R986C6,True
Q3_通信保障/row987_no_extra_fields,True
Q3_通信保障!R987C1,True
Q3_通信保障!R987C2,True
Q3_通信保障!R987C3,True
Q3_通信保障!R987C4,True
Q3_通信保障!R987C5,True
Q3_通信保障!R987C6,True
Q3_通信保障/row988_no_extra_fields,True
Q3_通信保障!R988C1,True
Q3_通信保障!R988C2,True
Q3_通信保障!R988C3,True
Q3_通信保障!R988C4,True
Q3_通信保障!R988C5,True
Q3_通信保障!R988C6,True
Q3_通信保障/row989_no_extra_fields,True
Q3_通信保障!R989C1,True
Q3_通信保障!R989C2,True
Q3_通信保障!R989C3,True
Q3_通信保障!R989C4,True
Q3_通信保障!R989C5,True
Q3_通信保障!R989C6,True
Q3_通信保障/row990_no_extra_fields,True
Q3_通信保障!R990C1,True
Q3_通信保障!R990C2,True
Q3_通信保障!R990C3,True
Q3_通信保障!R990C4,True
Q3_通信保障!R990C5,True
Q3_通信保障!R990C6,True
Q3_通信保障/row991_no_extra_fields,True
Q3_通信保障!R991C1,True
Q3_通信保障!R991C2,True
Q3_通信保障!R991C3,True
Q3_通信保障!R991C4,True
Q3_通信保障!R991C5,True
Q3_通信保障!R991C6,True
Q3_通信保障/row992_no_extra_fields,True
Q3_通信保障!R992C1,True
Q3_通信保障!R992C2,True
Q3_通信保障!R992C3,True
Q3_通信保障!R992C4,True
Q3_通信保障!R992C5,True
Q3_通信保障!R992C6,True
Q3_通信保障/row993_no_extra_fields,True
Q3_通信保障!R993C1,True
Q3_通信保障!R993C2,True
Q3_通信保障!R993C3,True
Q3_通信保障!R993C4,True
Q3_通信保障!R993C5,True
Q3_通信保障!R993C6,True
Q3_通信保障/row994_no_extra_fields,True
Q3_通信保障!R994C1,True
Q3_通信保障!R994C2,True
Q3_通信保障!R994C3,True
Q3_通信保障!R994C4,True
Q3_通信保障!R994C5,True
Q3_通信保障!R994C6,True
Q3_通信保障/row995_no_extra_fields,True
Q3_通信保障!R995C1,True
Q3_通信保障!R995C2,True
Q3_通信保障!R995C3,True
Q3_通信保障!R995C4,True
Q3_通信保障!R995C5,True
Q3_通信保障!R995C6,True
Q3_通信保障/row996_no_extra_fields,True
Q3_通信保障!R996C1,True
Q3_通信保障!R996C2,True
Q3_通信保障!R996C3,True
Q3_通信保障!R996C4,True
Q3_通信保障!R996C5,True
Q3_通信保障!R996C6,True
Q3_通信保障/row997_no_extra_fields,True
Q3_通信保障!R997C1,True
Q3_通信保障!R997C2,True
Q3_通信保障!R997C3,True
Q3_通信保障!R997C4,True
Q3_通信保障!R997C5,True
Q3_通信保障!R997C6,True
Q3_通信保障/row998_no_extra_fields,True
Q3_通信保障!R998C1,True
Q3_通信保障!R998C2,True
Q3_通信保障!R998C3,True
Q3_通信保障!R998C4,True
Q3_通信保障!R998C5,True
Q3_通信保障!R998C6,True
Q3_通信保障/row999_no_extra_fields,True
Q3_通信保障!R999C1,True
Q3_通信保障!R999C2,True
Q3_通信保障!R999C3,True
Q3_通信保障!R999C4,True
Q3_通信保障!R999C5,True
Q3_通信保障!R999C6,True
Q3_通信保障/row1000_no_extra_fields,True
Q3_通信保障!R1000C1,True
Q3_通信保障!R1000C2,True
Q3_通信保障!R1000C3,True
Q3_通信保障!R1000C4,True
Q3_通信保障!R1000C5,True
Q3_通信保障!R1000C6,True
Q3_通信保障/row1001_no_extra_fields,True
Q3_通信保障!R1001C1,True
Q3_通信保障!R1001C2,True
Q3_通信保障!R1001C3,True
Q3_通信保障!R1001C4,True
Q3_通信保障!R1001C5,True
Q3_通信保障!R1001C6,True
Q3_通信保障/row1002_no_extra_fields,True
Q3_通信保障!R1002C1,True
Q3_通信保障!R1002C2,True
Q3_通信保障!R1002C3,True
Q3_通信保障!R1002C4,True
Q3_通信保障!R1002C5,True
Q3_通信保障!R1002C6,True
Q3_通信保障/row1003_no_extra_fields,True
Q3_通信保障!R1003C1,True
Q3_通信保障!R1003C2,True
Q3_通信保障!R1003C3,True
Q3_通信保障!R1003C4,True
Q3_通信保障!R1003C5,True
Q3_通信保障!R1003C6,True
Q3_通信保障/row1004_no_extra_fields,True
Q3_通信保障!R1004C1,True
Q3_通信保障!R1004C2,True
Q3_通信保障!R1004C3,True
Q3_通信保障!R1004C4,True
Q3_通信保障!R1004C5,True
Q3_通信保障!R1004C6,True
Q3_通信保障/row1005_no_extra_fields,True
Q3_通信保障!R1005C1,True
Q3_通信保障!R1005C2,True
Q3_通信保障!R1005C3,True
Q3_通信保障!R1005C4,True
Q3_通信保障!R1005C5,True
Q3_通信保障!R1005C6,True
Q3_通信保障/row1006_no_extra_fields,True
Q3_通信保障!R1006C1,True
Q3_通信保障!R1006C2,True
Q3_通信保障!R1006C3,True
Q3_通信保障!R1006C4,True
Q3_通信保障!R1006C5,True
Q3_通信保障!R1006C6,True
Q3_通信保障/row1007_no_extra_fields,True
Q3_通信保障!R1007C1,True
Q3_通信保障!R1007C2,True
Q3_通信保障!R1007C3,True
Q3_通信保障!R1007C4,True
Q3_通信保障!R1007C5,True
Q3_通信保障!R1007C6,True
Q3_通信保障/row1008_no_extra_fields,True
Q3_通信保障!R1008C1,True
Q3_通信保障!R1008C2,True
Q3_通信保障!R1008C3,True
Q3_通信保障!R1008C4,True
Q3_通信保障!R1008C5,True
Q3_通信保障!R1008C6,True
Q3_通信保障/row1009_no_extra_fields,True
Q3_通信保障!R1009C1,True
Q3_通信保障!R1009C2,True
Q3_通信保障!R1009C3,True
Q3_通信保障!R1009C4,True
Q3_通信保障!R1009C5,True
Q3_通信保障!R1009C6,True
Q3_通信保障/row1010_no_extra_fields,True
Q3_通信保障!R1010C1,True
Q3_通信保障!R1010C2,True
Q3_通信保障!R1010C3,True
Q3_通信保障!R1010C4,True
Q3_通信保障!R1010C5,True
Q3_通信保障!R1010C6,True
Q3_通信保障/row1011_no_extra_fields,True
Q3_通信保障!R1011C1,True
Q3_通信保障!R1011C2,True
Q3_通信保障!R1011C3,True
Q3_通信保障!R1011C4,True
Q3_通信保障!R1011C5,True
Q3_通信保障!R1011C6,True
Q3_通信保障/row1012_no_extra_fields,True
Q3_通信保障!R1012C1,True
Q3_通信保障!R1012C2,True
Q3_通信保障!R1012C3,True
Q3_通信保障!R1012C4,True
Q3_通信保障!R1012C5,True
Q3_通信保障!R1012C6,True
Q3_通信保障/row1013_no_extra_fields,True
Q3_通信保障!R1013C1,True
Q3_通信保障!R1013C2,True
Q3_通信保障!R1013C3,True
Q3_通信保障!R1013C4,True
Q3_通信保障!R1013C5,True
Q3_通信保障!R1013C6,True
Q3_通信保障/row1014_no_extra_fields,True
Q3_通信保障!R1014C1,True
Q3_通信保障!R1014C2,True
Q3_通信保障!R1014C3,True
Q3_通信保障!R1014C4,True
Q3_通信保障!R1014C5,True
Q3_通信保障!R1014C6,True
Q3_通信保障/row1015_no_extra_fields,True
Q3_通信保障!R1015C1,True
Q3_通信保障!R1015C2,True
Q3_通信保障!R1015C3,True
Q3_通信保障!R1015C4,True
Q3_通信保障!R1015C5,True
Q3_通信保障!R1015C6,True
Q3_通信保障/row1016_no_extra_fields,True
Q3_通信保障!R1016C1,True
Q3_通信保障!R1016C2,True
Q3_通信保障!R1016C3,True
Q3_通信保障!R1016C4,True
Q3_通信保障!R1016C5,True
Q3_通信保障!R1016C6,True
Q3_通信保障/row1017_no_extra_fields,True
Q3_通信保障!R1017C1,True
Q3_通信保障!R1017C2,True
Q3_通信保障!R1017C3,True
Q3_通信保障!R1017C4,True
Q3_通信保障!R1017C5,True
Q3_通信保障!R1017C6,True
Q3_通信保障/row1018_no_extra_fields,True
Q3_通信保障!R1018C1,True
Q3_通信保障!R1018C2,True
Q3_通信保障!R1018C3,True
Q3_通信保障!R1018C4,True
Q3_通信保障!R1018C5,True
Q3_通信保障!R1018C6,True
Q3_通信保障/row1019_no_extra_fields,True
Q3_通信保障!R1019C1,True
Q3_通信保障!R1019C2,True
Q3_通信保障!R1019C3,True
Q3_通信保障!R1019C4,True
Q3_通信保障!R1019C5,True
Q3_通信保障!R1019C6,True
Q3_通信保障/row1020_no_extra_fields,True
Q3_通信保障!R1020C1,True
Q3_通信保障!R1020C2,True
Q3_通信保障!R1020C3,True
Q3_通信保障!R1020C4,True
Q3_通信保障!R1020C5,True
Q3_通信保障!R1020C6,True
Q3_通信保障/row1021_no_extra_fields,True
Q3_通信保障!R1021C1,True
Q3_通信保障!R1021C2,True
Q3_通信保障!R1021C3,True
Q3_通信保障!R1021C4,True
Q3_通信保障!R1021C5,True
Q3_通信保障!R1021C6,True
Q3_通信保障/row1022_no_extra_fields,True
Q3_通信保障!R1022C1,True
Q3_通信保障!R1022C2,True
Q3_通信保障!R1022C3,True
Q3_通信保障!R1022C4,True
Q3_通信保障!R1022C5,True
Q3_通信保障!R1022C6,True
Q3_通信保障/row1023_no_extra_fields,True
Q3_通信保障!R1023C1,True
Q3_通信保障!R1023C2,True
Q3_通信保障!R1023C3,True
Q3_通信保障!R1023C4,True
Q3_通信保障!R1023C5,True
Q3_通信保障!R1023C6,True
Q3_通信保障/row1024_no_extra_fields,True
Q3_通信保障!R1024C1,True
Q3_通信保障!R1024C2,True
Q3_通信保障!R1024C3,True
Q3_通信保障!R1024C4,True
Q3_通信保障!R1024C5,True
Q3_通信保障!R1024C6,True
Q3_通信保障/row1025_no_extra_fields,True
Q3_通信保障!R1025C1,True
Q3_通信保障!R1025C2,True
Q3_通信保障!R1025C3,True
Q3_通信保障!R1025C4,True
Q3_通信保障!R1025C5,True
Q3_通信保障!R1025C6,True
Q3_通信保障/row1026_no_extra_fields,True
Q3_通信保障!R1026C1,True
Q3_通信保障!R1026C2,True
Q3_通信保障!R1026C3,True
Q3_通信保障!R1026C4,True
Q3_通信保障!R1026C5,True
Q3_通信保障!R1026C6,True
Q3_通信保障/row1027_no_extra_fields,True
Q3_通信保障!R1027C1,True
Q3_通信保障!R1027C2,True
Q3_通信保障!R1027C3,True
Q3_通信保障!R1027C4,True
Q3_通信保障!R1027C5,True
Q3_通信保障!R1027C6,True
Q3_通信保障/row1028_no_extra_fields,True
Q3_通信保障!R1028C1,True
Q3_通信保障!R1028C2,True
Q3_通信保障!R1028C3,True
Q3_通信保障!R1028C4,True
Q3_通信保障!R1028C5,True
Q3_通信保障!R1028C6,True
Q3_通信保障/row1029_no_extra_fields,True
Q3_通信保障!R1029C1,True
Q3_通信保障!R1029C2,True
Q3_通信保障!R1029C3,True
Q3_通信保障!R1029C4,True
Q3_通信保障!R1029C5,True
Q3_通信保障!R1029C6,True
Q3_通信保障/row1030_no_extra_fields,True
Q3_通信保障!R1030C1,True
Q3_通信保障!R1030C2,True
Q3_通信保障!R1030C3,True
Q3_通信保障!R1030C4,True
Q3_通信保障!R1030C5,True
Q3_通信保障!R1030C6,True
Q3_通信保障/row1031_no_extra_fields,True
Q3_通信保障!R1031C1,True
Q3_通信保障!R1031C2,True
Q3_通信保障!R1031C3,True
Q3_通信保障!R1031C4,True
Q3_通信保障!R1031C5,True
Q3_通信保障!R1031C6,True
Q3_通信保障/row1032_no_extra_fields,True
Q3_通信保障!R1032C1,True
Q3_通信保障!R1032C2,True
Q3_通信保障!R1032C3,True
Q3_通信保障!R1032C4,True
Q3_通信保障!R1032C5,True
Q3_通信保障!R1032C6,True
Q3_通信保障/row1033_no_extra_fields,True
Q3_通信保障!R1033C1,True
Q3_通信保障!R1033C2,True
Q3_通信保障!R1033C3,True
Q3_通信保障!R1033C4,True
Q3_通信保障!R1033C5,True
Q3_通信保障!R1033C6,True
Q3_通信保障/row1034_no_extra_fields,True
Q3_通信保障!R1034C1,True
Q3_通信保障!R1034C2,True
Q3_通信保障!R1034C3,True
Q3_通信保障!R1034C4,True
Q3_通信保障!R1034C5,True
Q3_通信保障!R1034C6,True
Q3_通信保障/row1035_no_extra_fields,True
Q3_通信保障!R1035C1,True
Q3_通信保障!R1035C2,True
Q3_通信保障!R1035C3,True
Q3_通信保障!R1035C4,True
Q3_通信保障!R1035C5,True
Q3_通信保障!R1035C6,True
Q3_通信保障/row1036_no_extra_fields,True
Q3_通信保障!R1036C1,True
Q3_通信保障!R1036C2,True
Q3_通信保障!R1036C3,True
Q3_通信保障!R1036C4,True
Q3_通信保障!R1036C5,True
Q3_通信保障!R1036C6,True
Q3_通信保障/row1037_no_extra_fields,True
Q3_通信保障!R1037C1,True
Q3_通信保障!R1037C2,True
Q3_通信保障!R1037C3,True
Q3_通信保障!R1037C4,True
Q3_通信保障!R1037C5,True
Q3_通信保障!R1037C6,True
Q3_通信保障/row1038_no_extra_fields,True
Q3_通信保障!R1038C1,True
Q3_通信保障!R1038C2,True
Q3_通信保障!R1038C3,True
Q3_通信保障!R1038C4,True
Q3_通信保障!R1038C5,True
Q3_通信保障!R1038C6,True
Q3_通信保障/row1039_no_extra_fields,True
Q3_通信保障!R1039C1,True
Q3_通信保障!R1039C2,True
Q3_通信保障!R1039C3,True
Q3_通信保障!R1039C4,True
Q3_通信保障!R1039C5,True
Q3_通信保障!R1039C6,True
Q3_通信保障/row1040_no_extra_fields,True
Q3_通信保障!R1040C1,True
Q3_通信保障!R1040C2,True
Q3_通信保障!R1040C3,True
Q3_通信保障!R1040C4,True
Q3_通信保障!R1040C5,True
Q3_通信保障!R1040C6,True
Q3_通信保障/row1041_no_extra_fields,True
Q3_通信保障!R1041C1,True
Q3_通信保障!R1041C2,True
Q3_通信保障!R1041C3,True
Q3_通信保障!R1041C4,True
Q3_通信保障!R1041C5,True
Q3_通信保障!R1041C6,True
Q3_通信保障/row1042_no_extra_fields,True
Q3_通信保障!R1042C1,True
Q3_通信保障!R1042C2,True
Q3_通信保障!R1042C3,True
Q3_通信保障!R1042C4,True
Q3_通信保障!R1042C5,True
Q3_通信保障!R1042C6,True
Q3_通信保障/row1043_no_extra_fields,True
Q3_通信保障!R1043C1,True
Q3_通信保障!R1043C2,True
Q3_通信保障!R1043C3,True
Q3_通信保障!R1043C4,True
Q3_通信保障!R1043C5,True
Q3_通信保障!R1043C6,True
Q3_通信保障/row1044_no_extra_fields,True
Q3_通信保障!R1044C1,True
Q3_通信保障!R1044C2,True
Q3_通信保障!R1044C3,True
Q3_通信保障!R1044C4,True
Q3_通信保障!R1044C5,True
Q3_通信保障!R1044C6,True
Q3_通信保障/row1045_no_extra_fields,True
Q3_通信保障!R1045C1,True
Q3_通信保障!R1045C2,True
Q3_通信保障!R1045C3,True
Q3_通信保障!R1045C4,True
Q3_通信保障!R1045C5,True
Q3_通信保障!R1045C6,True
Q3_通信保障/row1046_no_extra_fields,True
Q3_通信保障!R1046C1,True
Q3_通信保障!R1046C2,True
Q3_通信保障!R1046C3,True
Q3_通信保障!R1046C4,True
Q3_通信保障!R1046C5,True
Q3_通信保障!R1046C6,True
Q3_通信保障/row1047_no_extra_fields,True
Q3_通信保障!R1047C1,True
Q3_通信保障!R1047C2,True
Q3_通信保障!R1047C3,True
Q3_通信保障!R1047C4,True
Q3_通信保障!R1047C5,True
Q3_通信保障!R1047C6,True
Q3_通信保障/row1048_no_extra_fields,True
Q3_通信保障!R1048C1,True
Q3_通信保障!R1048C2,True
Q3_通信保障!R1048C3,True
Q3_通信保障!R1048C4,True
Q3_通信保障!R1048C5,True
Q3_通信保障!R1048C6,True
Q3_通信保障/row1049_no_extra_fields,True
Q3_通信保障!R1049C1,True
Q3_通信保障!R1049C2,True
Q3_通信保障!R1049C3,True
Q3_通信保障!R1049C4,True
Q3_通信保障!R1049C5,True
Q3_通信保障!R1049C6,True
Q3_通信保障/row1050_no_extra_fields,True
Q3_通信保障!R1050C1,True
Q3_通信保障!R1050C2,True
Q3_通信保障!R1050C3,True
Q3_通信保障!R1050C4,True
Q3_通信保障!R1050C5,True
Q3_通信保障!R1050C6,True
Q3_通信保障/row1051_no_extra_fields,True
Q3_通信保障!R1051C1,True
Q3_通信保障!R1051C2,True
Q3_通信保障!R1051C3,True
Q3_通信保障!R1051C4,True
Q3_通信保障!R1051C5,True
Q3_通信保障!R1051C6,True
Q3_通信保障/row1052_no_extra_fields,True
Q3_通信保障!R1052C1,True
Q3_通信保障!R1052C2,True
Q3_通信保障!R1052C3,True
Q3_通信保障!R1052C4,True
Q3_通信保障!R1052C5,True
Q3_通信保障!R1052C6,True
Q3_通信保障/row1053_no_extra_fields,True
Q3_通信保障!R1053C1,True
Q3_通信保障!R1053C2,True
Q3_通信保障!R1053C3,True
Q3_通信保障!R1053C4,True
Q3_通信保障!R1053C5,True
Q3_通信保障!R1053C6,True
Q3_通信保障/row1054_no_extra_fields,True
Q3_通信保障!R1054C1,True
Q3_通信保障!R1054C2,True
Q3_通信保障!R1054C3,True
Q3_通信保障!R1054C4,True
Q3_通信保障!R1054C5,True
Q3_通信保障!R1054C6,True
Q3_通信保障/row1055_no_extra_fields,True
Q3_通信保障!R1055C1,True
Q3_通信保障!R1055C2,True
Q3_通信保障!R1055C3,True
Q3_通信保障!R1055C4,True
Q3_通信保障!R1055C5,True
Q3_通信保障!R1055C6,True
Q3_通信保障/row1056_no_extra_fields,True
Q3_通信保障!R1056C1,True
Q3_通信保障!R1056C2,True
Q3_通信保障!R1056C3,True
Q3_通信保障!R1056C4,True
Q3_通信保障!R1056C5,True
Q3_通信保障!R1056C6,True
Q3_通信保障/row1057_no_extra_fields,True
Q3_通信保障!R1057C1,True
Q3_通信保障!R1057C2,True
Q3_通信保障!R1057C3,True
Q3_通信保障!R1057C4,True
Q3_通信保障!R1057C5,True
Q3_通信保障!R1057C6,True
Q3_通信保障/row1058_no_extra_fields,True
Q3_通信保障!R1058C1,True
Q3_通信保障!R1058C2,True
Q3_通信保障!R1058C3,True
Q3_通信保障!R1058C4,True
Q3_通信保障!R1058C5,True
Q3_通信保障!R1058C6,True
Q3_通信保障/row1059_no_extra_fields,True
Q3_通信保障!R1059C1,True
Q3_通信保障!R1059C2,True
Q3_通信保障!R1059C3,True
Q3_通信保障!R1059C4,True
Q3_通信保障!R1059C5,True
Q3_通信保障!R1059C6,True
Q3_通信保障/row1060_no_extra_fields,True
Q3_通信保障!R1060C1,True
Q3_通信保障!R1060C2,True
Q3_通信保障!R1060C3,True
Q3_通信保障!R1060C4,True
Q3_通信保障!R1060C5,True
Q3_通信保障!R1060C6,True
Q3_通信保障/row1061_no_extra_fields,True
Q3_通信保障!R1061C1,True
Q3_通信保障!R1061C2,True
Q3_通信保障!R1061C3,True
Q3_通信保障!R1061C4,True
Q3_通信保障!R1061C5,True
Q3_通信保障!R1061C6,True
Q3_通信保障/row1062_no_extra_fields,True
Q3_通信保障!R1062C1,True
Q3_通信保障!R1062C2,True
Q3_通信保障!R1062C3,True
Q3_通信保障!R1062C4,True
Q3_通信保障!R1062C5,True
Q3_通信保障!R1062C6,True
Q3_通信保障/row1063_no_extra_fields,True
Q3_通信保障!R1063C1,True
Q3_通信保障!R1063C2,True
Q3_通信保障!R1063C3,True
Q3_通信保障!R1063C4,True
Q3_通信保障!R1063C5,True
Q3_通信保障!R1063C6,True
Q3_通信保障/row1064_no_extra_fields,True
Q3_通信保障!R1064C1,True
Q3_通信保障!R1064C2,True
Q3_通信保障!R1064C3,True
Q3_通信保障!R1064C4,True
Q3_通信保障!R1064C5,True
Q3_通信保障!R1064C6,True
Q3_通信保障/row1065_no_extra_fields,True
Q3_通信保障!R1065C1,True
Q3_通信保障!R1065C2,True
Q3_通信保障!R1065C3,True
Q3_通信保障!R1065C4,True
Q3_通信保障!R1065C5,True
Q3_通信保障!R1065C6,True
Q3_通信保障/row1066_no_extra_fields,True
Q3_通信保障!R1066C1,True
Q3_通信保障!R1066C2,True
Q3_通信保障!R1066C3,True
Q3_通信保障!R1066C4,True
Q3_通信保障!R1066C5,True
Q3_通信保障!R1066C6,True
Q3_通信保障/row1067_no_extra_fields,True
Q3_通信保障!R1067C1,True
Q3_通信保障!R1067C2,True
Q3_通信保障!R1067C3,True
Q3_通信保障!R1067C4,True
Q3_通信保障!R1067C5,True
Q3_通信保障!R1067C6,True
Q3_通信保障/row1068_no_extra_fields,True
Q3_通信保障!R1068C1,True
Q3_通信保障!R1068C2,True
Q3_通信保障!R1068C3,True
Q3_通信保障!R1068C4,True
Q3_通信保障!R1068C5,True
Q3_通信保障!R1068C6,True
Q3_通信保障/row1069_no_extra_fields,True
Q3_通信保障!R1069C1,True
Q3_通信保障!R1069C2,True
Q3_通信保障!R1069C3,True
Q3_通信保障!R1069C4,True
Q3_通信保障!R1069C5,True
Q3_通信保障!R1069C6,True
Q3_通信保障/row1070_no_extra_fields,True
Q3_通信保障!R1070C1,True
Q3_通信保障!R1070C2,True
Q3_通信保障!R1070C3,True
Q3_通信保障!R1070C4,True
Q3_通信保障!R1070C5,True
Q3_通信保障!R1070C6,True
Q3_通信保障/row1071_no_extra_fields,True
Q3_通信保障!R1071C1,True
Q3_通信保障!R1071C2,True
Q3_通信保障!R1071C3,True
Q3_通信保障!R1071C4,True
Q3_通信保障!R1071C5,True
Q3_通信保障!R1071C6,True
Q3_通信保障/row1072_no_extra_fields,True
Q3_通信保障!R1072C1,True
Q3_通信保障!R1072C2,True
Q3_通信保障!R1072C3,True
Q3_通信保障!R1072C4,True
Q3_通信保障!R1072C5,True
Q3_通信保障!R1072C6,True
Q3_通信保障/row1073_no_extra_fields,True
Q3_通信保障!R1073C1,True
Q3_通信保障!R1073C2,True
Q3_通信保障!R1073C3,True
Q3_通信保障!R1073C4,True
Q3_通信保障!R1073C5,True
Q3_通信保障!R1073C6,True
Q3_通信保障/row1074_no_extra_fields,True
Q3_通信保障!R1074C1,True
Q3_通信保障!R1074C2,True
Q3_通信保障!R1074C3,True
Q3_通信保障!R1074C4,True
Q3_通信保障!R1074C5,True
Q3_通信保障!R1074C6,True
Q3_通信保障/row1075_no_extra_fields,True
Q3_通信保障!R1075C1,True
Q3_通信保障!R1075C2,True
Q3_通信保障!R1075C3,True
Q3_通信保障!R1075C4,True
Q3_通信保障!R1075C5,True
Q3_通信保障!R1075C6,True
Q3_通信保障/row1076_no_extra_fields,True
Q3_通信保障!R1076C1,True
Q3_通信保障!R1076C2,True
Q3_通信保障!R1076C3,True
Q3_通信保障!R1076C4,True
Q3_通信保障!R1076C5,True
Q3_通信保障!R1076C6,True
Q3_通信保障/row1077_no_extra_fields,True
Q3_通信保障!R1077C1,True
Q3_通信保障!R1077C2,True
Q3_通信保障!R1077C3,True
Q3_通信保障!R1077C4,True
Q3_通信保障!R1077C5,True
Q3_通信保障!R1077C6,True
Q3_通信保障/row1078_no_extra_fields,True
Q3_通信保障!R1078C1,True
Q3_通信保障!R1078C2,True
Q3_通信保障!R1078C3,True
Q3_通信保障!R1078C4,True
Q3_通信保障!R1078C5,True
Q3_通信保障!R1078C6,True
Q3_通信保障/row1079_no_extra_fields,True
Q3_通信保障!R1079C1,True
Q3_通信保障!R1079C2,True
Q3_通信保障!R1079C3,True
Q3_通信保障!R1079C4,True
Q3_通信保障!R1079C5,True
Q3_通信保障!R1079C6,True
Q3_通信保障/row1080_no_extra_fields,True
Q3_通信保障!R1080C1,True
Q3_通信保障!R1080C2,True
Q3_通信保障!R1080C3,True
Q3_通信保障!R1080C4,True
Q3_通信保障!R1080C5,True
Q3_通信保障!R1080C6,True
Q3_通信保障/row1081_no_extra_fields,True
Q3_通信保障!R1081C1,True
Q3_通信保障!R1081C2,True
Q3_通信保障!R1081C3,True
Q3_通信保障!R1081C4,True
Q3_通信保障!R1081C5,True
Q3_通信保障!R1081C6,True
Q3_通信保障/row1082_no_extra_fields,True
Q3_通信保障!R1082C1,True
Q3_通信保障!R1082C2,True
Q3_通信保障!R1082C3,True
Q3_通信保障!R1082C4,True
Q3_通信保障!R1082C5,True
Q3_通信保障!R1082C6,True
Q3_通信保障/row1083_no_extra_fields,True
Q3_通信保障!R1083C1,True
Q3_通信保障!R1083C2,True
Q3_通信保障!R1083C3,True
Q3_通信保障!R1083C4,True
Q3_通信保障!R1083C5,True
Q3_通信保障!R1083C6,True
Q3_通信保障/row1084_no_extra_fields,True
Q3_通信保障!R1084C1,True
Q3_通信保障!R1084C2,True
Q3_通信保障!R1084C3,True
Q3_通信保障!R1084C4,True
Q3_通信保障!R1084C5,True
Q3_通信保障!R1084C6,True
Q3_通信保障/row1085_no_extra_fields,True
Q3_通信保障!R1085C1,True
Q3_通信保障!R1085C2,True
Q3_通信保障!R1085C3,True
Q3_通信保障!R1085C4,True
Q3_通信保障!R1085C5,True
Q3_通信保障!R1085C6,True
Q3_通信保障/row1086_no_extra_fields,True
Q3_通信保障!R1086C1,True
Q3_通信保障!R1086C2,True
Q3_通信保障!R1086C3,True
Q3_通信保障!R1086C4,True
Q3_通信保障!R1086C5,True
Q3_通信保障!R1086C6,True
Q3_通信保障/row1087_no_extra_fields,True
Q3_通信保障!R1087C1,True
Q3_通信保障!R1087C2,True
Q3_通信保障!R1087C3,True
Q3_通信保障!R1087C4,True
Q3_通信保障!R1087C5,True
Q3_通信保障!R1087C6,True
Q3_通信保障/row1088_no_extra_fields,True
Q3_通信保障!R1088C1,True
Q3_通信保障!R1088C2,True
Q3_通信保障!R1088C3,True
Q3_通信保障!R1088C4,True
Q3_通信保障!R1088C5,True
Q3_通信保障!R1088C6,True
Q3_通信保障/row1089_no_extra_fields,True
Q3_通信保障!R1089C1,True
Q3_通信保障!R1089C2,True
Q3_通信保障!R1089C3,True
Q3_通信保障!R1089C4,True
Q3_通信保障!R1089C5,True
Q3_通信保障!R1089C6,True
Q3_通信保障/row1090_no_extra_fields,True
Q3_通信保障!R1090C1,True
Q3_通信保障!R1090C2,True
Q3_通信保障!R1090C3,True
Q3_通信保障!R1090C4,True
Q3_通信保障!R1090C5,True
Q3_通信保障!R1090C6,True
Q3_通信保障/row1091_no_extra_fields,True
Q3_通信保障!R1091C1,True
Q3_通信保障!R1091C2,True
Q3_通信保障!R1091C3,True
Q3_通信保障!R1091C4,True
Q3_通信保障!R1091C5,True
Q3_通信保障!R1091C6,True
Q3_通信保障/row1092_no_extra_fields,True
Q3_通信保障!R1092C1,True
Q3_通信保障!R1092C2,True
Q3_通信保障!R1092C3,True
Q3_通信保障!R1092C4,True
Q3_通信保障!R1092C5,True
Q3_通信保障!R1092C6,True
Q3_通信保障/row1093_no_extra_fields,True
Q3_通信保障!R1093C1,True
Q3_通信保障!R1093C2,True
Q3_通信保障!R1093C3,True
Q3_通信保障!R1093C4,True
Q3_通信保障!R1093C5,True
Q3_通信保障!R1093C6,True
Q3_通信保障/row1094_no_extra_fields,True
Q3_通信保障!R1094C1,True
Q3_通信保障!R1094C2,True
Q3_通信保障!R1094C3,True
Q3_通信保障!R1094C4,True
Q3_通信保障!R1094C5,True
Q3_通信保障!R1094C6,True
Q3_通信保障/row1095_no_extra_fields,True
Q3_通信保障!R1095C1,True
Q3_通信保障!R1095C2,True
Q3_通信保障!R1095C3,True
Q3_通信保障!R1095C4,True
Q3_通信保障!R1095C5,True
Q3_通信保障!R1095C6,True
Q3_通信保障/row1096_no_extra_fields,True
Q3_通信保障!R1096C1,True
Q3_通信保障!R1096C2,True
Q3_通信保障!R1096C3,True
Q3_通信保障!R1096C4,True
Q3_通信保障!R1096C5,True
Q3_通信保障!R1096C6,True
Q3_通信保障/row1097_no_extra_fields,True
Q3_通信保障!R1097C1,True
Q3_通信保障!R1097C2,True
Q3_通信保障!R1097C3,True
Q3_通信保障!R1097C4,True
Q3_通信保障!R1097C5,True
Q3_通信保障!R1097C6,True
Q3_通信保障/row1098_no_extra_fields,True
Q3_通信保障!R1098C1,True
Q3_通信保障!R1098C2,True
Q3_通信保障!R1098C3,True
Q3_通信保障!R1098C4,True
Q3_通信保障!R1098C5,True
Q3_通信保障!R1098C6,True
Q3_通信保障/row1099_no_extra_fields,True
Q3_通信保障!R1099C1,True
Q3_通信保障!R1099C2,True
Q3_通信保障!R1099C3,True
Q3_通信保障!R1099C4,True
Q3_通信保障!R1099C5,True
Q3_通信保障!R1099C6,True
Q3_通信保障/row1100_no_extra_fields,True
Q3_通信保障!R1100C1,True
Q3_通信保障!R1100C2,True
Q3_通信保障!R1100C3,True
Q3_通信保障!R1100C4,True
Q3_通信保障!R1100C5,True
Q3_通信保障!R1100C6,True
Q3_通信保障/row1101_no_extra_fields,True
Q3_通信保障!R1101C1,True
Q3_通信保障!R1101C2,True
Q3_通信保障!R1101C3,True
Q3_通信保障!R1101C4,True
Q3_通信保障!R1101C5,True
Q3_通信保障!R1101C6,True
Q3_通信保障/row1102_no_extra_fields,True
Q3_通信保障!R1102C1,True
Q3_通信保障!R1102C2,True
Q3_通信保障!R1102C3,True
Q3_通信保障!R1102C4,True
Q3_通信保障!R1102C5,True
Q3_通信保障!R1102C6,True
Q3_通信保障/row1103_no_extra_fields,True
Q3_通信保障!R1103C1,True
Q3_通信保障!R1103C2,True
Q3_通信保障!R1103C3,True
Q3_通信保障!R1103C4,True
Q3_通信保障!R1103C5,True
Q3_通信保障!R1103C6,True
Q3_通信保障/row1104_no_extra_fields,True
Q3_通信保障!R1104C1,True
Q3_通信保障!R1104C2,True
Q3_通信保障!R1104C3,True
Q3_通信保障!R1104C4,True
Q3_通信保障!R1104C5,True
Q3_通信保障!R1104C6,True
Q3_通信保障/row1105_no_extra_fields,True
Q3_通信保障!R1105C1,True
Q3_通信保障!R1105C2,True
Q3_通信保障!R1105C3,True
Q3_通信保障!R1105C4,True
Q3_通信保障!R1105C5,True
Q3_通信保障!R1105C6,True
Q3_通信保障/row1106_no_extra_fields,True
Q3_通信保障!R1106C1,True
Q3_通信保障!R1106C2,True
Q3_通信保障!R1106C3,True
Q3_通信保障!R1106C4,True
Q3_通信保障!R1106C5,True
Q3_通信保障!R1106C6,True
Q3_通信保障/row1107_no_extra_fields,True
Q3_通信保障!R1107C1,True
Q3_通信保障!R1107C2,True
Q3_通信保障!R1107C3,True
Q3_通信保障!R1107C4,True
Q3_通信保障!R1107C5,True
Q3_通信保障!R1107C6,True
Q3_通信保障/row1108_no_extra_fields,True
Q3_通信保障!R1108C1,True
Q3_通信保障!R1108C2,True
Q3_通信保障!R1108C3,True
Q3_通信保障!R1108C4,True
Q3_通信保障!R1108C5,True
Q3_通信保障!R1108C6,True
Q3_通信保障/row1109_no_extra_fields,True
Q3_通信保障!R1109C1,True
Q3_通信保障!R1109C2,True
Q3_通信保障!R1109C3,True
Q3_通信保障!R1109C4,True
Q3_通信保障!R1109C5,True
Q3_通信保障!R1109C6,True
Q3_通信保障/row1110_no_extra_fields,True
Q3_通信保障!R1110C1,True
Q3_通信保障!R1110C2,True
Q3_通信保障!R1110C3,True
Q3_通信保障!R1110C4,True
Q3_通信保障!R1110C5,True
Q3_通信保障!R1110C6,True
Q3_通信保障/row1111_no_extra_fields,True
Q3_通信保障!R1111C1,True
Q3_通信保障!R1111C2,True
Q3_通信保障!R1111C3,True
Q3_通信保障!R1111C4,True
Q3_通信保障!R1111C5,True
Q3_通信保障!R1111C6,True
Q3_通信保障/row1112_no_extra_fields,True
Q3_通信保障!R1112C1,True
Q3_通信保障!R1112C2,True
Q3_通信保障!R1112C3,True
Q3_通信保障!R1112C4,True
Q3_通信保障!R1112C5,True
Q3_通信保障!R1112C6,True
Q3_通信保障/row1113_no_extra_fields,True
Q3_通信保障!R1113C1,True
Q3_通信保障!R1113C2,True
Q3_通信保障!R1113C3,True
Q3_通信保障!R1113C4,True
Q3_通信保障!R1113C5,True
Q3_通信保障!R1113C6,True
Q3_通信保障/row1114_no_extra_fields,True
Q3_通信保障!R1114C1,True
Q3_通信保障!R1114C2,True
Q3_通信保障!R1114C3,True
Q3_通信保障!R1114C4,True
Q3_通信保障!R1114C5,True
Q3_通信保障!R1114C6,True
Q3_通信保障/row1115_no_extra_fields,True
Q3_通信保障!R1115C1,True
Q3_通信保障!R1115C2,True
Q3_通信保障!R1115C3,True
Q3_通信保障!R1115C4,True
Q3_通信保障!R1115C5,True
Q3_通信保障!R1115C6,True
Q3_通信保障/row1116_no_extra_fields,True
Q3_通信保障!R1116C1,True
Q3_通信保障!R1116C2,True
Q3_通信保障!R1116C3,True
Q3_通信保障!R1116C4,True
Q3_通信保障!R1116C5,True
Q3_通信保障!R1116C6,True
Q3_通信保障/row1117_no_extra_fields,True
Q3_通信保障!R1117C1,True
Q3_通信保障!R1117C2,True
Q3_通信保障!R1117C3,True
Q3_通信保障!R1117C4,True
Q3_通信保障!R1117C5,True
Q3_通信保障!R1117C6,True
Q3_通信保障/row1118_no_extra_fields,True
Q3_通信保障!R1118C1,True
Q3_通信保障!R1118C2,True
Q3_通信保障!R1118C3,True
Q3_通信保障!R1118C4,True
Q3_通信保障!R1118C5,True
Q3_通信保障!R1118C6,True
Q3_通信保障/row1119_no_extra_fields,True
Q3_通信保障!R1119C1,True
Q3_通信保障!R1119C2,True
Q3_通信保障!R1119C3,True
Q3_通信保障!R1119C4,True
Q3_通信保障!R1119C5,True
Q3_通信保障!R1119C6,True
Q3_通信保障/row1120_no_extra_fields,True
Q3_通信保障!R1120C1,True
Q3_通信保障!R1120C2,True
Q3_通信保障!R1120C3,True
Q3_通信保障!R1120C4,True
Q3_通信保障!R1120C5,True
Q3_通信保障!R1120C6,True
Q3_通信保障/row1121_no_extra_fields,True
Q3_通信保障!R1121C1,True
Q3_通信保障!R1121C2,True
Q3_通信保障!R1121C3,True
Q3_通信保障!R1121C4,True
Q3_通信保障!R1121C5,True
Q3_通信保障!R1121C6,True
Q3_通信保障/row1122_no_extra_fields,True
Q3_通信保障!R1122C1,True
Q3_通信保障!R1122C2,True
Q3_通信保障!R1122C3,True
Q3_通信保障!R1122C4,True
Q3_通信保障!R1122C5,True
Q3_通信保障!R1122C6,True
Q3_通信保障/row1123_no_extra_fields,True
Q3_通信保障!R1123C1,True
Q3_通信保障!R1123C2,True
Q3_通信保障!R1123C3,True
Q3_通信保障!R1123C4,True
Q3_通信保障!R1123C5,True
Q3_通信保障!R1123C6,True
Q3_通信保障/row1124_no_extra_fields,True
Q3_通信保障!R1124C1,True
Q3_通信保障!R1124C2,True
Q3_通信保障!R1124C3,True
Q3_通信保障!R1124C4,True
Q3_通信保障!R1124C5,True
Q3_通信保障!R1124C6,True
Q3_通信保障/row1125_no_extra_fields,True
Q3_通信保障!R1125C1,True
Q3_通信保障!R1125C2,True
Q3_通信保障!R1125C3,True
Q3_通信保障!R1125C4,True
Q3_通信保障!R1125C5,True
Q3_通信保障!R1125C6,True
Q3_通信保障/row1126_no_extra_fields,True
Q3_通信保障!R1126C1,True
Q3_通信保障!R1126C2,True
Q3_通信保障!R1126C3,True
Q3_通信保障!R1126C4,True
Q3_通信保障!R1126C5,True
Q3_通信保障!R1126C6,True
Q3_通信保障/row1127_no_extra_fields,True
Q3_通信保障!R1127C1,True
Q3_通信保障!R1127C2,True
Q3_通信保障!R1127C3,True
Q3_通信保障!R1127C4,True
Q3_通信保障!R1127C5,True
Q3_通信保障!R1127C6,True
Q3_通信保障/row1128_no_extra_fields,True
Q3_通信保障!R1128C1,True
Q3_通信保障!R1128C2,True
Q3_通信保障!R1128C3,True
Q3_通信保障!R1128C4,True
Q3_通信保障!R1128C5,True
Q3_通信保障!R1128C6,True
Q3_通信保障/row1129_no_extra_fields,True
Q3_通信保障!R1129C1,True
Q3_通信保障!R1129C2,True
Q3_通信保障!R1129C3,True
Q3_通信保障!R1129C4,True
Q3_通信保障!R1129C5,True
Q3_通信保障!R1129C6,True
Q3_通信保障/row1130_no_extra_fields,True
Q3_通信保障!R1130C1,True
Q3_通信保障!R1130C2,True
Q3_通信保障!R1130C3,True
Q3_通信保障!R1130C4,True
Q3_通信保障!R1130C5,True
Q3_通信保障!R1130C6,True
Q3_通信保障/row1131_no_extra_fields,True
Q3_通信保障!R1131C1,True
Q3_通信保障!R1131C2,True
Q3_通信保障!R1131C3,True
Q3_通信保障!R1131C4,True
Q3_通信保障!R1131C5,True
Q3_通信保障!R1131C6,True
Q3_通信保障/row1132_no_extra_fields,True
Q3_通信保障!R1132C1,True
Q3_通信保障!R1132C2,True
Q3_通信保障!R1132C3,True
Q3_通信保障!R1132C4,True
Q3_通信保障!R1132C5,True
Q3_通信保障!R1132C6,True
Q3_通信保障/row1133_no_extra_fields,True
Q3_通信保障!R1133C1,True
Q3_通信保障!R1133C2,True
Q3_通信保障!R1133C3,True
Q3_通信保障!R1133C4,True
Q3_通信保障!R1133C5,True
Q3_通信保障!R1133C6,True
Q3_通信保障/row1134_no_extra_fields,True
Q3_通信保障!R1134C1,True
Q3_通信保障!R1134C2,True
Q3_通信保障!R1134C3,True
Q3_通信保障!R1134C4,True
Q3_通信保障!R1134C5,True
Q3_通信保障!R1134C6,True
Q3_通信保障/row1135_no_extra_fields,True
Q3_通信保障!R1135C1,True
Q3_通信保障!R1135C2,True
Q3_通信保障!R1135C3,True
Q3_通信保障!R1135C4,True
Q3_通信保障!R1135C5,True
Q3_通信保障!R1135C6,True
Q3_通信保障/row1136_no_extra_fields,True
Q3_通信保障!R1136C1,True
Q3_通信保障!R1136C2,True
Q3_通信保障!R1136C3,True
Q3_通信保障!R1136C4,True
Q3_通信保障!R1136C5,True
Q3_通信保障!R1136C6,True
Q3_通信保障/row1137_no_extra_fields,True
Q3_通信保障!R1137C1,True
Q3_通信保障!R1137C2,True
Q3_通信保障!R1137C3,True
Q3_通信保障!R1137C4,True
Q3_通信保障!R1137C5,True
Q3_通信保障!R1137C6,True
Q3_通信保障/row1138_no_extra_fields,True
Q3_通信保障!R1138C1,True
Q3_通信保障!R1138C2,True
Q3_通信保障!R1138C3,True
Q3_通信保障!R1138C4,True
Q3_通信保障!R1138C5,True
Q3_通信保障!R1138C6,True
Q3_通信保障/row1139_no_extra_fields,True
Q3_通信保障!R1139C1,True
Q3_通信保障!R1139C2,True
Q3_通信保障!R1139C3,True
Q3_通信保障!R1139C4,True
Q3_通信保障!R1139C5,True
Q3_通信保障!R1139C6,True
Q3_通信保障/row1140_no_extra_fields,True
Q3_通信保障!R1140C1,True
Q3_通信保障!R1140C2,True
Q3_通信保障!R1140C3,True
Q3_通信保障!R1140C4,True
Q3_通信保障!R1140C5,True
Q3_通信保障!R1140C6,True
Q3_通信保障/row1141_no_extra_fields,True
Q3_通信保障!R1141C1,True
Q3_通信保障!R1141C2,True
Q3_通信保障!R1141C3,True
Q3_通信保障!R1141C4,True
Q3_通信保障!R1141C5,True
Q3_通信保障!R1141C6,True
Q3_通信保障/row1142_no_extra_fields,True
Q3_通信保障!R1142C1,True
Q3_通信保障!R1142C2,True
Q3_通信保障!R1142C3,True
Q3_通信保障!R1142C4,True
Q3_通信保障!R1142C5,True
Q3_通信保障!R1142C6,True
Q3_通信保障/row1143_no_extra_fields,True
Q3_通信保障!R1143C1,True
Q3_通信保障!R1143C2,True
Q3_通信保障!R1143C3,True
Q3_通信保障!R1143C4,True
Q3_通信保障!R1143C5,True
Q3_通信保障!R1143C6,True
Q3_通信保障/row1144_no_extra_fields,True
Q3_通信保障!R1144C1,True
Q3_通信保障!R1144C2,True
Q3_通信保障!R1144C3,True
Q3_通信保障!R1144C4,True
Q3_通信保障!R1144C5,True
Q3_通信保障!R1144C6,True
Q3_通信保障/row1145_no_extra_fields,True
Q3_通信保障!R1145C1,True
Q3_通信保障!R1145C2,True
Q3_通信保障!R1145C3,True
Q3_通信保障!R1145C4,True
Q3_通信保障!R1145C5,True
Q3_通信保障!R1145C6,True
Q3_通信保障/row1146_no_extra_fields,True
Q3_通信保障!R1146C1,True
Q3_通信保障!R1146C2,True
Q3_通信保障!R1146C3,True
Q3_通信保障!R1146C4,True
Q3_通信保障!R1146C5,True
Q3_通信保障!R1146C6,True
Q3_通信保障/row1147_no_extra_fields,True
Q3_通信保障!R1147C1,True
Q3_通信保障!R1147C2,True
Q3_通信保障!R1147C3,True
Q3_通信保障!R1147C4,True
Q3_通信保障!R1147C5,True
Q3_通信保障!R1147C6,True
Q3_通信保障/row1148_no_extra_fields,True
Q3_通信保障!R1148C1,True
Q3_通信保障!R1148C2,True
Q3_通信保障!R1148C3,True
Q3_通信保障!R1148C4,True
Q3_通信保障!R1148C5,True
Q3_通信保障!R1148C6,True
Q3_通信保障/row1149_no_extra_fields,True
Q3_通信保障!R1149C1,True
Q3_通信保障!R1149C2,True
Q3_通信保障!R1149C3,True
Q3_通信保障!R1149C4,True
Q3_通信保障!R1149C5,True
Q3_通信保障!R1149C6,True
Q3_通信保障/row1150_no_extra_fields,True
Q3_通信保障!R1150C1,True
Q3_通信保障!R1150C2,True
Q3_通信保障!R1150C3,True
Q3_通信保障!R1150C4,True
Q3_通信保障!R1150C5,True
Q3_通信保障!R1150C6,True
Q3_通信保障/row1151_no_extra_fields,True
Q3_通信保障!R1151C1,True
Q3_通信保障!R1151C2,True
Q3_通信保障!R1151C3,True
Q3_通信保障!R1151C4,True
Q3_通信保障!R1151C5,True
Q3_通信保障!R1151C6,True
Q3_通信保障/row1152_no_extra_fields,True
Q3_通信保障!R1152C1,True
Q3_通信保障!R1152C2,True
Q3_通信保障!R1152C3,True
Q3_通信保障!R1152C4,True
Q3_通信保障!R1152C5,True
Q3_通信保障!R1152C6,True
Q3_通信保障/row1153_no_extra_fields,True
Q3_通信保障!R1153C1,True
Q3_通信保障!R1153C2,True
Q3_通信保障!R1153C3,True
Q3_通信保障!R1153C4,True
Q3_通信保障!R1153C5,True
Q3_通信保障!R1153C6,True
Q3_通信保障/row1154_no_extra_fields,True
Q3_通信保障!R1154C1,True
Q3_通信保障!R1154C2,True
Q3_通信保障!R1154C3,True
Q3_通信保障!R1154C4,True
Q3_通信保障!R1154C5,True
Q3_通信保障!R1154C6,True
Q3_通信保障/row1155_no_extra_fields,True
Q3_通信保障!R1155C1,True
Q3_通信保障!R1155C2,True
Q3_通信保障!R1155C3,True
Q3_通信保障!R1155C4,True
Q3_通信保障!R1155C5,True
Q3_通信保障!R1155C6,True
Q3_通信保障/row1156_no_extra_fields,True
Q3_通信保障!R1156C1,True
Q3_通信保障!R1156C2,True
Q3_通信保障!R1156C3,True
Q3_通信保障!R1156C4,True
Q3_通信保障!R1156C5,True
Q3_通信保障!R1156C6,True
Q3_通信保障/row1157_no_extra_fields,True
Q3_通信保障!R1157C1,True
Q3_通信保障!R1157C2,True
Q3_通信保障!R1157C3,True
Q3_通信保障!R1157C4,True
Q3_通信保障!R1157C5,True
Q3_通信保障!R1157C6,True
Q3_通信保障/row1158_no_extra_fields,True
Q3_通信保障!R1158C1,True
Q3_通信保障!R1158C2,True
Q3_通信保障!R1158C3,True
Q3_通信保障!R1158C4,True
Q3_通信保障!R1158C5,True
Q3_通信保障!R1158C6,True
Q3_通信保障/row1159_no_extra_fields,True
Q3_通信保障!R1159C1,True
Q3_通信保障!R1159C2,True
Q3_通信保障!R1159C3,True
Q3_通信保障!R1159C4,True
Q3_通信保障!R1159C5,True
Q3_通信保障!R1159C6,True
Q3_通信保障/row1160_no_extra_fields,True
Q3_通信保障!R1160C1,True
Q3_通信保障!R1160C2,True
Q3_通信保障!R1160C3,True
Q3_通信保障!R1160C4,True
Q3_通信保障!R1160C5,True
Q3_通信保障!R1160C6,True
Q3_通信保障/row1161_no_extra_fields,True
Q3_通信保障!R1161C1,True
Q3_通信保障!R1161C2,True
Q3_通信保障!R1161C3,True
Q3_通信保障!R1161C4,True
Q3_通信保障!R1161C5,True
Q3_通信保障!R1161C6,True
Q3_通信保障/row1162_no_extra_fields,True
Q3_通信保障!R1162C1,True
Q3_通信保障!R1162C2,True
Q3_通信保障!R1162C3,True
Q3_通信保障!R1162C4,True
Q3_通信保障!R1162C5,True
Q3_通信保障!R1162C6,True
Q3_通信保障/row1163_no_extra_fields,True
Q3_通信保障!R1163C1,True
Q3_通信保障!R1163C2,True
Q3_通信保障!R1163C3,True
Q3_通信保障!R1163C4,True
Q3_通信保障!R1163C5,True
Q3_通信保障!R1163C6,True
Q3_通信保障/row1164_no_extra_fields,True
Q3_通信保障!R1164C1,True
Q3_通信保障!R1164C2,True
Q3_通信保障!R1164C3,True
Q3_通信保障!R1164C4,True
Q3_通信保障!R1164C5,True
Q3_通信保障!R1164C6,True
Q3_通信保障/row1165_no_extra_fields,True
Q3_通信保障!R1165C1,True
Q3_通信保障!R1165C2,True
Q3_通信保障!R1165C3,True
Q3_通信保障!R1165C4,True
Q3_通信保障!R1165C5,True
Q3_通信保障!R1165C6,True
Q3_通信保障/row1166_no_extra_fields,True
Q3_通信保障!R1166C1,True
Q3_通信保障!R1166C2,True
Q3_通信保障!R1166C3,True
Q3_通信保障!R1166C4,True
Q3_通信保障!R1166C5,True
Q3_通信保障!R1166C6,True
Q3_通信保障/row1167_no_extra_fields,True
Q3_通信保障!R1167C1,True
Q3_通信保障!R1167C2,True
Q3_通信保障!R1167C3,True
Q3_通信保障!R1167C4,True
Q3_通信保障!R1167C5,True
Q3_通信保障!R1167C6,True
Q3_通信保障/row1168_no_extra_fields,True
Q3_通信保障!R1168C1,True
Q3_通信保障!R1168C2,True
Q3_通信保障!R1168C3,True
Q3_通信保障!R1168C4,True
Q3_通信保障!R1168C5,True
Q3_通信保障!R1168C6,True
Q3_通信保障/row1169_no_extra_fields,True
Q3_通信保障!R1169C1,True
Q3_通信保障!R1169C2,True
Q3_通信保障!R1169C3,True
Q3_通信保障!R1169C4,True
Q3_通信保障!R1169C5,True
Q3_通信保障!R1169C6,True
Q3_通信保障/row1170_no_extra_fields,True
Q3_通信保障!R1170C1,True
Q3_通信保障!R1170C2,True
Q3_通信保障!R1170C3,True
Q3_通信保障!R1170C4,True
Q3_通信保障!R1170C5,True
Q3_通信保障!R1170C6,True
Q3_通信保障/row1171_no_extra_fields,True
Q3_通信保障!R1171C1,True
Q3_通信保障!R1171C2,True
Q3_通信保障!R1171C3,True
Q3_通信保障!R1171C4,True
Q3_通信保障!R1171C5,True
Q3_通信保障!R1171C6,True
Q3_通信保障/row1172_no_extra_fields,True
Q3_通信保障!R1172C1,True
Q3_通信保障!R1172C2,True
Q3_通信保障!R1172C3,True
Q3_通信保障!R1172C4,True
Q3_通信保障!R1172C5,True
Q3_通信保障!R1172C6,True
Q3_通信保障/row1173_no_extra_fields,True
Q3_通信保障!R1173C1,True
Q3_通信保障!R1173C2,True
Q3_通信保障!R1173C3,True
Q3_通信保障!R1173C4,True
Q3_通信保障!R1173C5,True
Q3_通信保障!R1173C6,True
Q3_通信保障/row1174_no_extra_fields,True
Q3_通信保障!R1174C1,True
Q3_通信保障!R1174C2,True
Q3_通信保障!R1174C3,True
Q3_通信保障!R1174C4,True
Q3_通信保障!R1174C5,True
Q3_通信保障!R1174C6,True
Q3_通信保障/row1175_no_extra_fields,True
Q3_通信保障!R1175C1,True
Q3_通信保障!R1175C2,True
Q3_通信保障!R1175C3,True
Q3_通信保障!R1175C4,True
Q3_通信保障!R1175C5,True
Q3_通信保障!R1175C6,True
Q3_通信保障/row1176_no_extra_fields,True
Q3_通信保障!R1176C1,True
Q3_通信保障!R1176C2,True
Q3_通信保障!R1176C3,True
Q3_通信保障!R1176C4,True
Q3_通信保障!R1176C5,True
Q3_通信保障!R1176C6,True
Q3_通信保障/row1177_no_extra_fields,True
Q3_通信保障!R1177C1,True
Q3_通信保障!R1177C2,True
Q3_通信保障!R1177C3,True
Q3_通信保障!R1177C4,True
Q3_通信保障!R1177C5,True
Q3_通信保障!R1177C6,True
Q3_通信保障/row1178_no_extra_fields,True
Q3_通信保障!R1178C1,True
Q3_通信保障!R1178C2,True
Q3_通信保障!R1178C3,True
Q3_通信保障!R1178C4,True
Q3_通信保障!R1178C5,True
Q3_通信保障!R1178C6,True
Q3_通信保障/row1179_no_extra_fields,True
Q3_通信保障!R1179C1,True
Q3_通信保障!R1179C2,True
Q3_通信保障!R1179C3,True
Q3_通信保障!R1179C4,True
Q3_通信保障!R1179C5,True
Q3_通信保障!R1179C6,True
Q3_通信保障/row1180_no_extra_fields,True
Q3_通信保障!R1180C1,True
Q3_通信保障!R1180C2,True
Q3_通信保障!R1180C3,True
Q3_通信保障!R1180C4,True
Q3_通信保障!R1180C5,True
Q3_通信保障!R1180C6,True
Q3_通信保障/row1181_no_extra_fields,True
Q3_通信保障!R1181C1,True
Q3_通信保障!R1181C2,True
Q3_通信保障!R1181C3,True
Q3_通信保障!R1181C4,True
Q3_通信保障!R1181C5,True
Q3_通信保障!R1181C6,True
Q3_通信保障/row1182_no_extra_fields,True
Q3_通信保障!R1182C1,True
Q3_通信保障!R1182C2,True
Q3_通信保障!R1182C3,True
Q3_通信保障!R1182C4,True
Q3_通信保障!R1182C5,True
Q3_通信保障!R1182C6,True
Q3_通信保障/row1183_no_extra_fields,True
Q3_通信保障!R1183C1,True
Q3_通信保障!R1183C2,True
Q3_通信保障!R1183C3,True
Q3_通信保障!R1183C4,True
Q3_通信保障!R1183C5,True
Q3_通信保障!R1183C6,True
Q3_通信保障/row1184_no_extra_fields,True
Q3_通信保障!R1184C1,True
Q3_通信保障!R1184C2,True
Q3_通信保障!R1184C3,True
Q3_通信保障!R1184C4,True
Q3_通信保障!R1184C5,True
Q3_通信保障!R1184C6,True
Q3_通信保障/row1185_no_extra_fields,True
Q3_通信保障!R1185C1,True
Q3_通信保障!R1185C2,True
Q3_通信保障!R1185C3,True
Q3_通信保障!R1185C4,True
Q3_通信保障!R1185C5,True
Q3_通信保障!R1185C6,True
Q3_通信保障/row1186_no_extra_fields,True
Q3_通信保障!R1186C1,True
Q3_通信保障!R1186C2,True
Q3_通信保障!R1186C3,True
Q3_通信保障!R1186C4,True
Q3_通信保障!R1186C5,True
Q3_通信保障!R1186C6,True
Q3_通信保障/row1187_no_extra_fields,True
Q3_通信保障!R1187C1,True
Q3_通信保障!R1187C2,True
Q3_通信保障!R1187C3,True
Q3_通信保障!R1187C4,True
Q3_通信保障!R1187C5,True
Q3_通信保障!R1187C6,True
Q3_通信保障/row1188_no_extra_fields,True
Q3_通信保障!R1188C1,True
Q3_通信保障!R1188C2,True
Q3_通信保障!R1188C3,True
Q3_通信保障!R1188C4,True
Q3_通信保障!R1188C5,True
Q3_通信保障!R1188C6,True
Q3_通信保障/row1189_no_extra_fields,True
Q3_通信保障!R1189C1,True
Q3_通信保障!R1189C2,True
Q3_通信保障!R1189C3,True
Q3_通信保障!R1189C4,True
Q3_通信保障!R1189C5,True
Q3_通信保障!R1189C6,True
Q3_通信保障/row1190_no_extra_fields,True
Q3_通信保障!R1190C1,True
Q3_通信保障!R1190C2,True
Q3_通信保障!R1190C3,True
Q3_通信保障!R1190C4,True
Q3_通信保障!R1190C5,True
Q3_通信保障!R1190C6,True
Q3_通信保障/row1191_no_extra_fields,True
Q3_通信保障!R1191C1,True
Q3_通信保障!R1191C2,True
Q3_通信保障!R1191C3,True
Q3_通信保障!R1191C4,True
Q3_通信保障!R1191C5,True
Q3_通信保障!R1191C6,True
Q3_通信保障/row1192_no_extra_fields,True
Q3_通信保障!R1192C1,True
Q3_通信保障!R1192C2,True
Q3_通信保障!R1192C3,True
Q3_通信保障!R1192C4,True
Q3_通信保障!R1192C5,True
Q3_通信保障!R1192C6,True
Q3_通信保障/row1193_no_extra_fields,True
Q3_通信保障!R1193C1,True
Q3_通信保障!R1193C2,True
Q3_通信保障!R1193C3,True
Q3_通信保障!R1193C4,True
Q3_通信保障!R1193C5,True
Q3_通信保障!R1193C6,True
Q3_通信保障/row1194_no_extra_fields,True
Q3_通信保障!R1194C1,True
Q3_通信保障!R1194C2,True
Q3_通信保障!R1194C3,True
Q3_通信保障!R1194C4,True
Q3_通信保障!R1194C5,True
Q3_通信保障!R1194C6,True
Q3_通信保障/row1195_no_extra_fields,True
Q3_通信保障!R1195C1,True
Q3_通信保障!R1195C2,True
Q3_通信保障!R1195C3,True
Q3_通信保障!R1195C4,True
Q3_通信保障!R1195C5,True
Q3_通信保障!R1195C6,True
Q3_通信保障/row1196_no_extra_fields,True
Q3_通信保障!R1196C1,True
Q3_通信保障!R1196C2,True
Q3_通信保障!R1196C3,True
Q3_通信保障!R1196C4,True
Q3_通信保障!R1196C5,True
Q3_通信保障!R1196C6,True
Q3_通信保障/row1197_no_extra_fields,True
Q3_通信保障!R1197C1,True
Q3_通信保障!R1197C2,True
Q3_通信保障!R1197C3,True
Q3_通信保障!R1197C4,True
Q3_通信保障!R1197C5,True
Q3_通信保障!R1197C6,True
Q3_通信保障/row1198_no_extra_fields,True
Q3_通信保障!R1198C1,True
Q3_通信保障!R1198C2,True
Q3_通信保障!R1198C3,True
Q3_通信保障!R1198C4,True
Q3_通信保障!R1198C5,True
Q3_通信保障!R1198C6,True
Q3_通信保障/row1199_no_extra_fields,True
Q3_通信保障!R1199C1,True
Q3_通信保障!R1199C2,True
Q3_通信保障!R1199C3,True
Q3_通信保障!R1199C4,True
Q3_通信保障!R1199C5,True
Q3_通信保障!R1199C6,True
Q3_通信保障/row1200_no_extra_fields,True
Q3_通信保障!R1200C1,True
Q3_通信保障!R1200C2,True
Q3_通信保障!R1200C3,True
Q3_通信保障!R1200C4,True
Q3_通信保障!R1200C5,True
Q3_通信保障!R1200C6,True
Q3_通信保障/row1201_no_extra_fields,True
Q3_通信保障!R1201C1,True
Q3_通信保障!R1201C2,True
Q3_通信保障!R1201C3,True
Q3_通信保障!R1201C4,True
Q3_通信保障!R1201C5,True
Q3_通信保障!R1201C6,True
Q3_通信保障/row1202_no_extra_fields,True
Q3_通信保障!R1202C1,True
Q3_通信保障!R1202C2,True
Q3_通信保障!R1202C3,True
Q3_通信保障!R1202C4,True
Q3_通信保障!R1202C5,True
Q3_通信保障!R1202C6,True
Q3_通信保障/row1203_no_extra_fields,True
Q3_通信保障!R1203C1,True
Q3_通信保障!R1203C2,True
Q3_通信保障!R1203C3,True
Q3_通信保障!R1203C4,True
Q3_通信保障!R1203C5,True
Q3_通信保障!R1203C6,True
Q3_通信保障/row1204_no_extra_fields,True
Q3_通信保障!R1204C1,True
Q3_通信保障!R1204C2,True
Q3_通信保障!R1204C3,True
Q3_通信保障!R1204C4,True
Q3_通信保障!R1204C5,True
Q3_通信保障!R1204C6,True
Q3_通信保障/row1205_no_extra_fields,True
Q3_通信保障!R1205C1,True
Q3_通信保障!R1205C2,True
Q3_通信保障!R1205C3,True
Q3_通信保障!R1205C4,True
Q3_通信保障!R1205C5,True
Q3_通信保障!R1205C6,True
Q3_通信保障/row1206_no_extra_fields,True
Q3_通信保障!R1206C1,True
Q3_通信保障!R1206C2,True
Q3_通信保障!R1206C3,True
Q3_通信保障!R1206C4,True
Q3_通信保障!R1206C5,True
Q3_通信保障!R1206C6,True
Q3_通信保障/row1207_no_extra_fields,True
Q3_通信保障!R1207C1,True
Q3_通信保障!R1207C2,True
Q3_通信保障!R1207C3,True
Q3_通信保障!R1207C4,True
Q3_通信保障!R1207C5,True
Q3_通信保障!R1207C6,True
Q3_通信保障/row1208_no_extra_fields,True
Q3_通信保障!R1208C1,True
Q3_通信保障!R1208C2,True
Q3_通信保障!R1208C3,True
Q3_通信保障!R1208C4,True
Q3_通信保障!R1208C5,True
Q3_通信保障!R1208C6,True
Q3_通信保障/row1209_no_extra_fields,True
Q3_通信保障!R1209C1,True
Q3_通信保障!R1209C2,True
Q3_通信保障!R1209C3,True
Q3_通信保障!R1209C4,True
Q3_通信保障!R1209C5,True
Q3_通信保障!R1209C6,True
Q3_通信保障/row1210_no_extra_fields,True
Q3_通信保障!R1210C1,True
Q3_通信保障!R1210C2,True
Q3_通信保障!R1210C3,True
Q3_通信保障!R1210C4,True
Q3_通信保障!R1210C5,True
Q3_通信保障!R1210C6,True
Q3_通信保障/row1211_no_extra_fields,True
Q3_通信保障!R1211C1,True
Q3_通信保障!R1211C2,True
Q3_通信保障!R1211C3,True
Q3_通信保障!R1211C4,True
Q3_通信保障!R1211C5,True
Q3_通信保障!R1211C6,True
Q3_通信保障/row1212_no_extra_fields,True
Q3_通信保障!R1212C1,True
Q3_通信保障!R1212C2,True
Q3_通信保障!R1212C3,True
Q3_通信保障!R1212C4,True
Q3_通信保障!R1212C5,True
Q3_通信保障!R1212C6,True
Q3_通信保障/row1213_no_extra_fields,True
Q3_通信保障!R1213C1,True
Q3_通信保障!R1213C2,True
Q3_通信保障!R1213C3,True
Q3_通信保障!R1213C4,True
Q3_通信保障!R1213C5,True
Q3_通信保障!R1213C6,True
Q3_通信保障/row1214_no_extra_fields,True
Q3_通信保障!R1214C1,True
Q3_通信保障!R1214C2,True
Q3_通信保障!R1214C3,True
Q3_通信保障!R1214C4,True
Q3_通信保障!R1214C5,True
Q3_通信保障!R1214C6,True
Q3_通信保障/row1215_no_extra_fields,True
Q3_通信保障!R1215C1,True
Q3_通信保障!R1215C2,True
Q3_通信保障!R1215C3,True
Q3_通信保障!R1215C4,True
Q3_通信保障!R1215C5,True
Q3_通信保障!R1215C6,True
Q3_通信保障/row1216_no_extra_fields,True
Q3_通信保障!R1216C1,True
Q3_通信保障!R1216C2,True
Q3_通信保障!R1216C3,True
Q3_通信保障!R1216C4,True
Q3_通信保障!R1216C5,True
Q3_通信保障!R1216C6,True
Q3_通信保障/row1217_no_extra_fields,True
Q3_通信保障!R1217C1,True
Q3_通信保障!R1217C2,True
Q3_通信保障!R1217C3,True
Q3_通信保障!R1217C4,True
Q3_通信保障!R1217C5,True
Q3_通信保障!R1217C6,True
Q3_通信保障/row1218_no_extra_fields,True
Q3_通信保障!R1218C1,True
Q3_通信保障!R1218C2,True
Q3_通信保障!R1218C3,True
Q3_通信保障!R1218C4,True
Q3_通信保障!R1218C5,True
Q3_通信保障!R1218C6,True
Q3_通信保障/row1219_no_extra_fields,True
Q3_通信保障!R1219C1,True
Q3_通信保障!R1219C2,True
Q3_通信保障!R1219C3,True
Q3_通信保障!R1219C4,True
Q3_通信保障!R1219C5,True
Q3_通信保障!R1219C6,True
Q3_通信保障/row1220_no_extra_fields,True
Q3_通信保障!R1220C1,True
Q3_通信保障!R1220C2,True
Q3_通信保障!R1220C3,True
Q3_通信保障!R1220C4,True
Q3_通信保障!R1220C5,True
Q3_通信保障!R1220C6,True
Q3_通信保障/row1221_no_extra_fields,True
Q3_通信保障!R1221C1,True
Q3_通信保障!R1221C2,True
Q3_通信保障!R1221C3,True
Q3_通信保障!R1221C4,True
Q3_通信保障!R1221C5,True
Q3_通信保障!R1221C6,True
Q3_通信保障/row1222_no_extra_fields,True
Q3_通信保障!R1222C1,True
Q3_通信保障!R1222C2,True
Q3_通信保障!R1222C3,True
Q3_通信保障!R1222C4,True
Q3_通信保障!R1222C5,True
Q3_通信保障!R1222C6,True
Q3_通信保障/row1223_no_extra_fields,True
Q3_通信保障!R1223C1,True
Q3_通信保障!R1223C2,True
Q3_通信保障!R1223C3,True
Q3_通信保障!R1223C4,True
Q3_通信保障!R1223C5,True
Q3_通信保障!R1223C6,True
Q3_通信保障/row1224_no_extra_fields,True
Q3_通信保障!R1224C1,True
Q3_通信保障!R1224C2,True
Q3_通信保障!R1224C3,True
Q3_通信保障!R1224C4,True
Q3_通信保障!R1224C5,True
Q3_通信保障!R1224C6,True
Q3_通信保障/row1225_no_extra_fields,True
Q3_通信保障!R1225C1,True
Q3_通信保障!R1225C2,True
Q3_通信保障!R1225C3,True
Q3_通信保障!R1225C4,True
Q3_通信保障!R1225C5,True
Q3_通信保障!R1225C6,True
Q3_通信保障/row1226_no_extra_fields,True
Q3_通信保障!R1226C1,True
Q3_通信保障!R1226C2,True
Q3_通信保障!R1226C3,True
Q3_通信保障!R1226C4,True
Q3_通信保障!R1226C5,True
Q3_通信保障!R1226C6,True
Q3_通信保障/row1227_no_extra_fields,True
Q3_通信保障!R1227C1,True
Q3_通信保障!R1227C2,True
Q3_通信保障!R1227C3,True
Q3_通信保障!R1227C4,True
Q3_通信保障!R1227C5,True
Q3_通信保障!R1227C6,True
Q3_通信保障/row1228_no_extra_fields,True
Q3_通信保障!R1228C1,True
Q3_通信保障!R1228C2,True
Q3_通信保障!R1228C3,True
Q3_通信保障!R1228C4,True
Q3_通信保障!R1228C5,True
Q3_通信保障!R1228C6,True
Q3_通信保障/row1229_no_extra_fields,True
Q3_通信保障!R1229C1,True
Q3_通信保障!R1229C2,True
Q3_通信保障!R1229C3,True
Q3_通信保障!R1229C4,True
Q3_通信保障!R1229C5,True
Q3_通信保障!R1229C6,True
Q3_通信保障/row1230_no_extra_fields,True
Q3_通信保障!R1230C1,True
Q3_通信保障!R1230C2,True
Q3_通信保障!R1230C3,True
Q3_通信保障!R1230C4,True
Q3_通信保障!R1230C5,True
Q3_通信保障!R1230C6,True
Q3_通信保障/row1231_no_extra_fields,True
Q3_通信保障!R1231C1,True
Q3_通信保障!R1231C2,True
Q3_通信保障!R1231C3,True
Q3_通信保障!R1231C4,True
Q3_通信保障!R1231C5,True
Q3_通信保障!R1231C6,True
Q3_通信保障/row1232_no_extra_fields,True
Q3_通信保障!R1232C1,True
Q3_通信保障!R1232C2,True
Q3_通信保障!R1232C3,True
Q3_通信保障!R1232C4,True
Q3_通信保障!R1232C5,True
Q3_通信保障!R1232C6,True
Q3_通信保障/row1233_no_extra_fields,True
Q3_通信保障!R1233C1,True
Q3_通信保障!R1233C2,True
Q3_通信保障!R1233C3,True
Q3_通信保障!R1233C4,True
Q3_通信保障!R1233C5,True
Q3_通信保障!R1233C6,True
Q3_通信保障/row1234_no_extra_fields,True
Q3_通信保障!R1234C1,True
Q3_通信保障!R1234C2,True
Q3_通信保障!R1234C3,True
Q3_通信保障!R1234C4,True
Q3_通信保障!R1234C5,True
Q3_通信保障!R1234C6,True
Q3_通信保障/row1235_no_extra_fields,True
Q3_通信保障!R1235C1,True
Q3_通信保障!R1235C2,True
Q3_通信保障!R1235C3,True
Q3_通信保障!R1235C4,True
Q3_通信保障!R1235C5,True
Q3_通信保障!R1235C6,True
Q3_通信保障/row1236_no_extra_fields,True
Q3_通信保障!R1236C1,True
Q3_通信保障!R1236C2,True
Q3_通信保障!R1236C3,True
Q3_通信保障!R1236C4,True
Q3_通信保障!R1236C5,True
Q3_通信保障!R1236C6,True
Q3_通信保障/row1237_no_extra_fields,True
Q3_通信保障!R1237C1,True
Q3_通信保障!R1237C2,True
Q3_通信保障!R1237C3,True
Q3_通信保障!R1237C4,True
Q3_通信保障!R1237C5,True
Q3_通信保障!R1237C6,True
Q3_通信保障/row1238_no_extra_fields,True
Q3_通信保障!R1238C1,True
Q3_通信保障!R1238C2,True
Q3_通信保障!R1238C3,True
Q3_通信保障!R1238C4,True
Q3_通信保障!R1238C5,True
Q3_通信保障!R1238C6,True
Q3_通信保障/row1239_no_extra_fields,True
Q3_通信保障!R1239C1,True
Q3_通信保障!R1239C2,True
Q3_通信保障!R1239C3,True
Q3_通信保障!R1239C4,True
Q3_通信保障!R1239C5,True
Q3_通信保障!R1239C6,True
Q3_通信保障/row1240_no_extra_fields,True
Q3_通信保障!R1240C1,True
Q3_通信保障!R1240C2,True
Q3_通信保障!R1240C3,True
Q3_通信保障!R1240C4,True
Q3_通信保障!R1240C5,True
Q3_通信保障!R1240C6,True
Q3_通信保障/row1241_no_extra_fields,True
Q3_通信保障!R1241C1,True
Q3_通信保障!R1241C2,True
Q3_通信保障!R1241C3,True
Q3_通信保障!R1241C4,True
Q3_通信保障!R1241C5,True
Q3_通信保障!R1241C6,True
Q3_通信保障/row1242_no_extra_fields,True
Q3_通信保障!R1242C1,True
Q3_通信保障!R1242C2,True
Q3_通信保障!R1242C3,True
Q3_通信保障!R1242C4,True
Q3_通信保障!R1242C5,True
Q3_通信保障!R1242C6,True
Q3_通信保障/row1243_no_extra_fields,True
Q3_通信保障!R1243C1,True
Q3_通信保障!R1243C2,True
Q3_通信保障!R1243C3,True
Q3_通信保障!R1243C4,True
Q3_通信保障!R1243C5,True
Q3_通信保障!R1243C6,True
Q3_通信保障/row1244_no_extra_fields,True
Q3_通信保障!R1244C1,True
Q3_通信保障!R1244C2,True
Q3_通信保障!R1244C3,True
Q3_通信保障!R1244C4,True
Q3_通信保障!R1244C5,True
Q3_通信保障!R1244C6,True
Q3_通信保障/row1245_no_extra_fields,True
Q3_通信保障!R1245C1,True
Q3_通信保障!R1245C2,True
Q3_通信保障!R1245C3,True
Q3_通信保障!R1245C4,True
Q3_通信保障!R1245C5,True
Q3_通信保障!R1245C6,True
Q3_通信保障/row1246_no_extra_fields,True
Q3_通信保障!R1246C1,True
Q3_通信保障!R1246C2,True
Q3_通信保障!R1246C3,True
Q3_通信保障!R1246C4,True
Q3_通信保障!R1246C5,True
Q3_通信保障!R1246C6,True
Q3_通信保障/row1247_no_extra_fields,True
Q3_通信保障!R1247C1,True
Q3_通信保障!R1247C2,True
Q3_通信保障!R1247C3,True
Q3_通信保障!R1247C4,True
Q3_通信保障!R1247C5,True
Q3_通信保障!R1247C6,True
Q3_通信保障/row1248_no_extra_fields,True
Q3_通信保障!R1248C1,True
Q3_通信保障!R1248C2,True
Q3_通信保障!R1248C3,True
Q3_通信保障!R1248C4,True
Q3_通信保障!R1248C5,True
Q3_通信保障!R1248C6,True
Q3_通信保障/row1249_no_extra_fields,True
Q3_通信保障!R1249C1,True
Q3_通信保障!R1249C2,True
Q3_通信保障!R1249C3,True
Q3_通信保障!R1249C4,True
Q3_通信保障!R1249C5,True
Q3_通信保障!R1249C6,True
Q3_通信保障/row1250_no_extra_fields,True
Q3_通信保障!R1250C1,True
Q3_通信保障!R1250C2,True
Q3_通信保障!R1250C3,True
Q3_通信保障!R1250C4,True
Q3_通信保障!R1250C5,True
Q3_通信保障!R1250C6,True
Q3_通信保障/row1251_no_extra_fields,True
Q3_通信保障!R1251C1,True
Q3_通信保障!R1251C2,True
Q3_通信保障!R1251C3,True
Q3_通信保障!R1251C4,True
Q3_通信保障!R1251C5,True
Q3_通信保障!R1251C6,True
Q3_通信保障/row1252_no_extra_fields,True
Q3_通信保障!R1252C1,True
Q3_通信保障!R1252C2,True
Q3_通信保障!R1252C3,True
Q3_通信保障!R1252C4,True
Q3_通信保障!R1252C5,True
Q3_通信保障!R1252C6,True
Q3_通信保障/row1253_no_extra_fields,True
Q3_通信保障!R1253C1,True
Q3_通信保障!R1253C2,True
Q3_通信保障!R1253C3,True
Q3_通信保障!R1253C4,True
Q3_通信保障!R1253C5,True
Q3_通信保障!R1253C6,True
Q3_通信保障/row1254_no_extra_fields,True
Q3_通信保障!R1254C1,True
Q3_通信保障!R1254C2,True
Q3_通信保障!R1254C3,True
Q3_通信保障!R1254C4,True
Q3_通信保障!R1254C5,True
Q3_通信保障!R1254C6,True
Q3_通信保障/row1255_no_extra_fields,True
Q3_通信保障!R1255C1,True
Q3_通信保障!R1255C2,True
Q3_通信保障!R1255C3,True
Q3_通信保障!R1255C4,True
Q3_通信保障!R1255C5,True
Q3_通信保障!R1255C6,True
Q3_通信保障/row1256_no_extra_fields,True
Q3_通信保障!R1256C1,True
Q3_通信保障!R1256C2,True
Q3_通信保障!R1256C3,True
Q3_通信保障!R1256C4,True
Q3_通信保障!R1256C5,True
Q3_通信保障!R1256C6,True
Q3_通信保障/row1257_no_extra_fields,True
Q3_通信保障!R1257C1,True
Q3_通信保障!R1257C2,True
Q3_通信保障!R1257C3,True
Q3_通信保障!R1257C4,True
Q3_通信保障!R1257C5,True
Q3_通信保障!R1257C6,True
Q3_通信保障/row1258_no_extra_fields,True
Q3_通信保障!R1258C1,True
Q3_通信保障!R1258C2,True
Q3_通信保障!R1258C3,True
Q3_通信保障!R1258C4,True
Q3_通信保障!R1258C5,True
Q3_通信保障!R1258C6,True
Q3_通信保障/row1259_no_extra_fields,True
Q3_通信保障!R1259C1,True
Q3_通信保障!R1259C2,True
Q3_通信保障!R1259C3,True
Q3_通信保障!R1259C4,True
Q3_通信保障!R1259C5,True
Q3_通信保障!R1259C6,True
Q3_通信保障/row1260_no_extra_fields,True
Q3_通信保障!R1260C1,True
Q3_通信保障!R1260C2,True
Q3_通信保障!R1260C3,True
Q3_通信保障!R1260C4,True
Q3_通信保障!R1260C5,True
Q3_通信保障!R1260C6,True
Q3_通信保障/row1261_no_extra_fields,True
Q3_通信保障!R1261C1,True
Q3_通信保障!R1261C2,True
Q3_通信保障!R1261C3,True
Q3_通信保障!R1261C4,True
Q3_通信保障!R1261C5,True
Q3_通信保障!R1261C6,True
Q3_通信保障/row1262_no_extra_fields,True
Q3_通信保障!R1262C1,True
Q3_通信保障!R1262C2,True
Q3_通信保障!R1262C3,True
Q3_通信保障!R1262C4,True
Q3_通信保障!R1262C5,True
Q3_通信保障!R1262C6,True
Q3_通信保障/row1263_no_extra_fields,True
Q3_通信保障!R1263C1,True
Q3_通信保障!R1263C2,True
Q3_通信保障!R1263C3,True
Q3_通信保障!R1263C4,True
Q3_通信保障!R1263C5,True
Q3_通信保障!R1263C6,True
Q3_通信保障/row1264_no_extra_fields,True
Q3_通信保障!R1264C1,True
Q3_通信保障!R1264C2,True
Q3_通信保障!R1264C3,True
Q3_通信保障!R1264C4,True
Q3_通信保障!R1264C5,True
Q3_通信保障!R1264C6,True
Q3_通信保障/row1265_no_extra_fields,True
Q3_通信保障!R1265C1,True
Q3_通信保障!R1265C2,True
Q3_通信保障!R1265C3,True
Q3_通信保障!R1265C4,True
Q3_通信保障!R1265C5,True
Q3_通信保障!R1265C6,True
Q3_通信保障/row1266_no_extra_fields,True
Q3_通信保障!R1266C1,True
Q3_通信保障!R1266C2,True
Q3_通信保障!R1266C3,True
Q3_通信保障!R1266C4,True
Q3_通信保障!R1266C5,True
Q3_通信保障!R1266C6,True
Q3_通信保障/row1267_no_extra_fields,True
Q3_通信保障!R1267C1,True
Q3_通信保障!R1267C2,True
Q3_通信保障!R1267C3,True
Q3_通信保障!R1267C4,True
Q3_通信保障!R1267C5,True
Q3_通信保障!R1267C6,True
Q3_通信保障/row1268_no_extra_fields,True
Q3_通信保障!R1268C1,True
Q3_通信保障!R1268C2,True
Q3_通信保障!R1268C3,True
Q3_通信保障!R1268C4,True
Q3_通信保障!R1268C5,True
Q3_通信保障!R1268C6,True
Q3_通信保障/row1269_no_extra_fields,True
Q3_通信保障!R1269C1,True
Q3_通信保障!R1269C2,True
Q3_通信保障!R1269C3,True
Q3_通信保障!R1269C4,True
Q3_通信保障!R1269C5,True
Q3_通信保障!R1269C6,True
Q3_通信保障/row1270_no_extra_fields,True
Q3_通信保障!R1270C1,True
Q3_通信保障!R1270C2,True
Q3_通信保障!R1270C3,True
Q3_通信保障!R1270C4,True
Q3_通信保障!R1270C5,True
Q3_通信保障!R1270C6,True
Q3_通信保障/row1271_no_extra_fields,True
Q3_通信保障!R1271C1,True
Q3_通信保障!R1271C2,True
Q3_通信保障!R1271C3,True
Q3_通信保障!R1271C4,True
Q3_通信保障!R1271C5,True
Q3_通信保障!R1271C6,True
Q3_通信保障/row1272_no_extra_fields,True
Q3_通信保障!R1272C1,True
Q3_通信保障!R1272C2,True
Q3_通信保障!R1272C3,True
Q3_通信保障!R1272C4,True
Q3_通信保障!R1272C5,True
Q3_通信保障!R1272C6,True
Q3_通信保障/row1273_no_extra_fields,True
Q3_通信保障!R1273C1,True
Q3_通信保障!R1273C2,True
Q3_通信保障!R1273C3,True
Q3_通信保障!R1273C4,True
Q3_通信保障!R1273C5,True
Q3_通信保障!R1273C6,True
Q3_通信保障/row1274_no_extra_fields,True
Q3_通信保障!R1274C1,True
Q3_通信保障!R1274C2,True
Q3_通信保障!R1274C3,True
Q3_通信保障!R1274C4,True
Q3_通信保障!R1274C5,True
Q3_通信保障!R1274C6,True
Q3_通信保障/row1275_no_extra_fields,True
Q3_通信保障!R1275C1,True
Q3_通信保障!R1275C2,True
Q3_通信保障!R1275C3,True
Q3_通信保障!R1275C4,True
Q3_通信保障!R1275C5,True
Q3_通信保障!R1275C6,True
Q3_通信保障/row1276_no_extra_fields,True
Q3_通信保障!R1276C1,True
Q3_通信保障!R1276C2,True
Q3_通信保障!R1276C3,True
Q3_通信保障!R1276C4,True
Q3_通信保障!R1276C5,True
Q3_通信保障!R1276C6,True
Q3_通信保障/row1277_no_extra_fields,True
Q3_通信保障!R1277C1,True
Q3_通信保障!R1277C2,True
Q3_通信保障!R1277C3,True
Q3_通信保障!R1277C4,True
Q3_通信保障!R1277C5,True
Q3_通信保障!R1277C6,True
Q3_通信保障/row1278_no_extra_fields,True
Q3_通信保障!R1278C1,True
Q3_通信保障!R1278C2,True
Q3_通信保障!R1278C3,True
Q3_通信保障!R1278C4,True
Q3_通信保障!R1278C5,True
Q3_通信保障!R1278C6,True
Q3_通信保障/row1279_no_extra_fields,True
Q3_通信保障!R1279C1,True
Q3_通信保障!R1279C2,True
Q3_通信保障!R1279C3,True
Q3_通信保障!R1279C4,True
Q3_通信保障!R1279C5,True
Q3_通信保障!R1279C6,True
Q3_通信保障/row1280_no_extra_fields,True
Q3_通信保障!R1280C1,True
Q3_通信保障!R1280C2,True
Q3_通信保障!R1280C3,True
Q3_通信保障!R1280C4,True
Q3_通信保障!R1280C5,True
Q3_通信保障!R1280C6,True
Q3_通信保障/row1281_no_extra_fields,True
Q3_通信保障!R1281C1,True
Q3_通信保障!R1281C2,True
Q3_通信保障!R1281C3,True
Q3_通信保障!R1281C4,True
Q3_通信保障!R1281C5,True
Q3_通信保障!R1281C6,True
Q3_通信保障/row1282_no_extra_fields,True
Q3_通信保障!R1282C1,True
Q3_通信保障!R1282C2,True
Q3_通信保障!R1282C3,True
Q3_通信保障!R1282C4,True
Q3_通信保障!R1282C5,True
Q3_通信保障!R1282C6,True
Q3_通信保障/row1283_no_extra_fields,True
Q3_通信保障!R1283C1,True
Q3_通信保障!R1283C2,True
Q3_通信保障!R1283C3,True
Q3_通信保障!R1283C4,True
Q3_通信保障!R1283C5,True
Q3_通信保障!R1283C6,True
Q3_通信保障/row1284_no_extra_fields,True
Q3_通信保障!R1284C1,True
Q3_通信保障!R1284C2,True
Q3_通信保障!R1284C3,True
Q3_通信保障!R1284C4,True
Q3_通信保障!R1284C5,True
Q3_通信保障!R1284C6,True
Q3_通信保障/row1285_no_extra_fields,True
Q3_通信保障!R1285C1,True
Q3_通信保障!R1285C2,True
Q3_通信保障!R1285C3,True
Q3_通信保障!R1285C4,True
Q3_通信保障!R1285C5,True
Q3_通信保障!R1285C6,True
Q3_通信保障/row1286_no_extra_fields,True
Q3_通信保障!R1286C1,True
Q3_通信保障!R1286C2,True
Q3_通信保障!R1286C3,True
Q3_通信保障!R1286C4,True
Q3_通信保障!R1286C5,True
Q3_通信保障!R1286C6,True
Q3_通信保障/row1287_no_extra_fields,True
Q3_通信保障!R1287C1,True
Q3_通信保障!R1287C2,True
Q3_通信保障!R1287C3,True
Q3_通信保障!R1287C4,True
Q3_通信保障!R1287C5,True
Q3_通信保障!R1287C6,True
Q3_通信保障/row1288_no_extra_fields,True
Q3_通信保障!R1288C1,True
Q3_通信保障!R1288C2,True
Q3_通信保障!R1288C3,True
Q3_通信保障!R1288C4,True
Q3_通信保障!R1288C5,True
Q3_通信保障!R1288C6,True
Q3_通信保障/row1289_no_extra_fields,True
Q3_通信保障!R1289C1,True
Q3_通信保障!R1289C2,True
Q3_通信保障!R1289C3,True
Q3_通信保障!R1289C4,True
Q3_通信保障!R1289C5,True
Q3_通信保障!R1289C6,True
Q3_通信保障/row1290_no_extra_fields,True
Q3_通信保障!R1290C1,True
Q3_通信保障!R1290C2,True
Q3_通信保障!R1290C3,True
Q3_通信保障!R1290C4,True
Q3_通信保障!R1290C5,True
Q3_通信保障!R1290C6,True
Q3_通信保障/row1291_no_extra_fields,True
Q3_通信保障!R1291C1,True
Q3_通信保障!R1291C2,True
Q3_通信保障!R1291C3,True
Q3_通信保障!R1291C4,True
Q3_通信保障!R1291C5,True
Q3_通信保障!R1291C6,True
Q3_通信保障/row1292_no_extra_fields,True
Q3_通信保障!R1292C1,True
Q3_通信保障!R1292C2,True
Q3_通信保障!R1292C3,True
Q3_通信保障!R1292C4,True
Q3_通信保障!R1292C5,True
Q3_通信保障!R1292C6,True
Q3_通信保障/row1293_no_extra_fields,True
Q3_通信保障!R1293C1,True
Q3_通信保障!R1293C2,True
Q3_通信保障!R1293C3,True
Q3_通信保障!R1293C4,True
Q3_通信保障!R1293C5,True
Q3_通信保障!R1293C6,True
Q3_通信保障/row1294_no_extra_fields,True
Q3_通信保障!R1294C1,True
Q3_通信保障!R1294C2,True
Q3_通信保障!R1294C3,True
Q3_通信保障!R1294C4,True
Q3_通信保障!R1294C5,True
Q3_通信保障!R1294C6,True
Q3_通信保障/row1295_no_extra_fields,True
Q3_通信保障!R1295C1,True
Q3_通信保障!R1295C2,True
Q3_通信保障!R1295C3,True
Q3_通信保障!R1295C4,True
Q3_通信保障!R1295C5,True
Q3_通信保障!R1295C6,True
Q3_通信保障/row1296_no_extra_fields,True
Q3_通信保障!R1296C1,True
Q3_通信保障!R1296C2,True
Q3_通信保障!R1296C3,True
Q3_通信保障!R1296C4,True
Q3_通信保障!R1296C5,True
Q3_通信保障!R1296C6,True
Q3_通信保障/row1297_no_extra_fields,True
Q3_通信保障!R1297C1,True
Q3_通信保障!R1297C2,True
Q3_通信保障!R1297C3,True
Q3_通信保障!R1297C4,True
Q3_通信保障!R1297C5,True
Q3_通信保障!R1297C6,True
Q3_通信保障/row1298_no_extra_fields,True
Q3_通信保障!R1298C1,True
Q3_通信保障!R1298C2,True
Q3_通信保障!R1298C3,True
Q3_通信保障!R1298C4,True
Q3_通信保障!R1298C5,True
Q3_通信保障!R1298C6,True
Q3_通信保障/row1299_no_extra_fields,True
Q3_通信保障!R1299C1,True
Q3_通信保障!R1299C2,True
Q3_通信保障!R1299C3,True
Q3_通信保障!R1299C4,True
Q3_通信保障!R1299C5,True
Q3_通信保障!R1299C6,True
Q3_通信保障/row1300_no_extra_fields,True
Q3_通信保障!R1300C1,True
Q3_通信保障!R1300C2,True
Q3_通信保障!R1300C3,True
Q3_通信保障!R1300C4,True
Q3_通信保障!R1300C5,True
Q3_通信保障!R1300C6,True
Q3_通信保障/row1301_no_extra_fields,True
Q3_通信保障!R1301C1,True
Q3_通信保障!R1301C2,True
Q3_通信保障!R1301C3,True
Q3_通信保障!R1301C4,True
Q3_通信保障!R1301C5,True
Q3_通信保障!R1301C6,True
Q3_通信保障/row1302_no_extra_fields,True
Q3_通信保障!R1302C1,True
Q3_通信保障!R1302C2,True
Q3_通信保障!R1302C3,True
Q3_通信保障!R1302C4,True
Q3_通信保障!R1302C5,True
Q3_通信保障!R1302C6,True
Q3_通信保障/row1303_no_extra_fields,True
Q3_通信保障!R1303C1,True
Q3_通信保障!R1303C2,True
Q3_通信保障!R1303C3,True
Q3_通信保障!R1303C4,True
Q3_通信保障!R1303C5,True
Q3_通信保障!R1303C6,True
Q3_通信保障/row1304_no_extra_fields,True
Q3_通信保障!R1304C1,True
Q3_通信保障!R1304C2,True
Q3_通信保障!R1304C3,True
Q3_通信保障!R1304C4,True
Q3_通信保障!R1304C5,True
Q3_通信保障!R1304C6,True
Q3_通信保障/row1305_no_extra_fields,True
Q3_通信保障!R1305C1,True
Q3_通信保障!R1305C2,True
Q3_通信保障!R1305C3,True
Q3_通信保障!R1305C4,True
Q3_通信保障!R1305C5,True
Q3_通信保障!R1305C6,True
Q3_通信保障/row1306_no_extra_fields,True
Q3_通信保障!R1306C1,True
Q3_通信保障!R1306C2,True
Q3_通信保障!R1306C3,True
Q3_通信保障!R1306C4,True
Q3_通信保障!R1306C5,True
Q3_通信保障!R1306C6,True
Q3_通信保障/row1307_no_extra_fields,True
Q3_通信保障!R1307C1,True
Q3_通信保障!R1307C2,True
Q3_通信保障!R1307C3,True
Q3_通信保障!R1307C4,True
Q3_通信保障!R1307C5,True
Q3_通信保障!R1307C6,True
Q3_通信保障/row1308_no_extra_fields,True
Q3_通信保障!R1308C1,True
Q3_通信保障!R1308C2,True
Q3_通信保障!R1308C3,True
Q3_通信保障!R1308C4,True
Q3_通信保障!R1308C5,True
Q3_通信保障!R1308C6,True
Q3_通信保障/row1309_no_extra_fields,True
Q3_通信保障!R1309C1,True
Q3_通信保障!R1309C2,True
Q3_通信保障!R1309C3,True
Q3_通信保障!R1309C4,True
Q3_通信保障!R1309C5,True
Q3_通信保障!R1309C6,True
Q3_通信保障/row1310_no_extra_fields,True
Q3_通信保障!R1310C1,True
Q3_通信保障!R1310C2,True
Q3_通信保障!R1310C3,True
Q3_通信保障!R1310C4,True
Q3_通信保障!R1310C5,True
Q3_通信保障!R1310C6,True
Q3_通信保障/row1311_no_extra_fields,True
Q3_通信保障!R1311C1,True
Q3_通信保障!R1311C2,True
Q3_通信保障!R1311C3,True
Q3_通信保障!R1311C4,True
Q3_通信保障!R1311C5,True
Q3_通信保障!R1311C6,True
Q3_通信保障/row1312_no_extra_fields,True
Q3_通信保障!R1312C1,True
Q3_通信保障!R1312C2,True
Q3_通信保障!R1312C3,True
Q3_通信保障!R1312C4,True
Q3_通信保障!R1312C5,True
Q3_通信保障!R1312C6,True
Q3_通信保障/row1313_no_extra_fields,True
Q3_通信保障!R1313C1,True
Q3_通信保障!R1313C2,True
Q3_通信保障!R1313C3,True
Q3_通信保障!R1313C4,True
Q3_通信保障!R1313C5,True
Q3_通信保障!R1313C6,True
Q3_通信保障/row1314_no_extra_fields,True
Q3_通信保障!R1314C1,True
Q3_通信保障!R1314C2,True
Q3_通信保障!R1314C3,True
Q3_通信保障!R1314C4,True
Q3_通信保障!R1314C5,True
Q3_通信保障!R1314C6,True
Q3_通信保障/row1315_no_extra_fields,True
Q3_通信保障!R1315C1,True
Q3_通信保障!R1315C2,True
Q3_通信保障!R1315C3,True
Q3_通信保障!R1315C4,True
Q3_通信保障!R1315C5,True
Q3_通信保障!R1315C6,True
Q3_通信保障/row1316_no_extra_fields,True
Q3_通信保障!R1316C1,True
Q3_通信保障!R1316C2,True
Q3_通信保障!R1316C3,True
Q3_通信保障!R1316C4,True
Q3_通信保障!R1316C5,True
Q3_通信保障!R1316C6,True
Q3_通信保障/row1317_no_extra_fields,True
Q3_通信保障!R1317C1,True
Q3_通信保障!R1317C2,True
Q3_通信保障!R1317C3,True
Q3_通信保障!R1317C4,True
Q3_通信保障!R1317C5,True
Q3_通信保障!R1317C6,True
Q3_通信保障/row1318_no_extra_fields,True
Q3_通信保障!R1318C1,True
Q3_通信保障!R1318C2,True
Q3_通信保障!R1318C3,True
Q3_通信保障!R1318C4,True
Q3_通信保障!R1318C5,True
Q3_通信保障!R1318C6,True
Q3_通信保障/row1319_no_extra_fields,True
Q3_通信保障!R1319C1,True
Q3_通信保障!R1319C2,True
Q3_通信保障!R1319C3,True
Q3_通信保障!R1319C4,True
Q3_通信保障!R1319C5,True
Q3_通信保障!R1319C6,True
Q3_通信保障/row1320_no_extra_fields,True
Q3_通信保障!R1320C1,True
Q3_通信保障!R1320C2,True
Q3_通信保障!R1320C3,True
Q3_通信保障!R1320C4,True
Q3_通信保障!R1320C5,True
Q3_通信保障!R1320C6,True
Q3_通信保障/row1321_no_extra_fields,True
Q3_通信保障!R1321C1,True
Q3_通信保障!R1321C2,True
Q3_通信保障!R1321C3,True
Q3_通信保障!R1321C4,True
Q3_通信保障!R1321C5,True
Q3_通信保障!R1321C6,True
Q3_通信保障/row1322_no_extra_fields,True
Q3_通信保障!R1322C1,True
Q3_通信保障!R1322C2,True
Q3_通信保障!R1322C3,True
Q3_通信保障!R1322C4,True
Q3_通信保障!R1322C5,True
Q3_通信保障!R1322C6,True
Q3_通信保障/row1323_no_extra_fields,True
Q3_通信保障!R1323C1,True
Q3_通信保障!R1323C2,True
Q3_通信保障!R1323C3,True
Q3_通信保障!R1323C4,True
Q3_通信保障!R1323C5,True
Q3_通信保障!R1323C6,True
Q3_通信保障/row1324_no_extra_fields,True
Q3_通信保障!R1324C1,True
Q3_通信保障!R1324C2,True
Q3_通信保障!R1324C3,True
Q3_通信保障!R1324C4,True
Q3_通信保障!R1324C5,True
Q3_通信保障!R1324C6,True
Q3_通信保障/row1325_no_extra_fields,True
Q3_通信保障!R1325C1,True
Q3_通信保障!R1325C2,True
Q3_通信保障!R1325C3,True
Q3_通信保障!R1325C4,True
Q3_通信保障!R1325C5,True
Q3_通信保障!R1325C6,True
Q3_通信保障/row1326_no_extra_fields,True
Q3_通信保障!R1326C1,True
Q3_通信保障!R1326C2,True
Q3_通信保障!R1326C3,True
Q3_通信保障!R1326C4,True
Q3_通信保障!R1326C5,True
Q3_通信保障!R1326C6,True
Q3_通信保障/row1327_no_extra_fields,True
Q3_通信保障!R1327C1,True
Q3_通信保障!R1327C2,True
Q3_通信保障!R1327C3,True
Q3_通信保障!R1327C4,True
Q3_通信保障!R1327C5,True
Q3_通信保障!R1327C6,True
Q3_通信保障/row1328_no_extra_fields,True
Q3_通信保障!R1328C1,True
Q3_通信保障!R1328C2,True
Q3_通信保障!R1328C3,True
Q3_通信保障!R1328C4,True
Q3_通信保障!R1328C5,True
Q3_通信保障!R1328C6,True
Q3_通信保障/row1329_no_extra_fields,True
Q3_通信保障!R1329C1,True
Q3_通信保障!R1329C2,True
Q3_通信保障!R1329C3,True
Q3_通信保障!R1329C4,True
Q3_通信保障!R1329C5,True
Q3_通信保障!R1329C6,True
Q3_通信保障/row1330_no_extra_fields,True
Q3_通信保障!R1330C1,True
Q3_通信保障!R1330C2,True
Q3_通信保障!R1330C3,True
Q3_通信保障!R1330C4,True
Q3_通信保障!R1330C5,True
Q3_通信保障!R1330C6,True
Q3_通信保障/row1331_no_extra_fields,True
Q3_通信保障!R1331C1,True
Q3_通信保障!R1331C2,True
Q3_通信保障!R1331C3,True
Q3_通信保障!R1331C4,True
Q3_通信保障!R1331C5,True
Q3_通信保障!R1331C6,True
Q3_通信保障/row1332_no_extra_fields,True
Q3_通信保障!R1332C1,True
Q3_通信保障!R1332C2,True
Q3_通信保障!R1332C3,True
Q3_通信保障!R1332C4,True
Q3_通信保障!R1332C5,True
Q3_通信保障!R1332C6,True
Q3_通信保障/row1333_no_extra_fields,True
Q3_通信保障!R1333C1,True
Q3_通信保障!R1333C2,True
Q3_通信保障!R1333C3,True
Q3_通信保障!R1333C4,True
Q3_通信保障!R1333C5,True
Q3_通信保障!R1333C6,True
Q3_通信保障/row1334_no_extra_fields,True
Q3_通信保障!R1334C1,True
Q3_通信保障!R1334C2,True
Q3_通信保障!R1334C3,True
Q3_通信保障!R1334C4,True
Q3_通信保障!R1334C5,True
Q3_通信保障!R1334C6,True
Q3_通信保障/row1335_no_extra_fields,True
Q3_通信保障!R1335C1,True
Q3_通信保障!R1335C2,True
Q3_通信保障!R1335C3,True
Q3_通信保障!R1335C4,True
Q3_通信保障!R1335C5,True
Q3_通信保障!R1335C6,True
Q3_通信保障/row1336_no_extra_fields,True
Q3_通信保障!R1336C1,True
Q3_通信保障!R1336C2,True
Q3_通信保障!R1336C3,True
Q3_通信保障!R1336C4,True
Q3_通信保障!R1336C5,True
Q3_通信保障!R1336C6,True
Q3_通信保障/row1337_no_extra_fields,True
Q3_通信保障!R1337C1,True
Q3_通信保障!R1337C2,True
Q3_通信保障!R1337C3,True
Q3_通信保障!R1337C4,True
Q3_通信保障!R1337C5,True
Q3_通信保障!R1337C6,True
Q3_通信保障/row1338_no_extra_fields,True
Q3_通信保障!R1338C1,True
Q3_通信保障!R1338C2,True
Q3_通信保障!R1338C3,True
Q3_通信保障!R1338C4,True
Q3_通信保障!R1338C5,True
Q3_通信保障!R1338C6,True
Q3_通信保障/row1339_no_extra_fields,True
Q3_通信保障!R1339C1,True
Q3_通信保障!R1339C2,True
Q3_通信保障!R1339C3,True
Q3_通信保障!R1339C4,True
Q3_通信保障!R1339C5,True
Q3_通信保障!R1339C6,True
Q3_通信保障/row1340_no_extra_fields,True
Q3_通信保障!R1340C1,True
Q3_通信保障!R1340C2,True
Q3_通信保障!R1340C3,True
Q3_通信保障!R1340C4,True
Q3_通信保障!R1340C5,True
Q3_通信保障!R1340C6,True
Q3_通信保障/row1341_no_extra_fields,True
Q3_通信保障!R1341C1,True
Q3_通信保障!R1341C2,True
Q3_通信保障!R1341C3,True
Q3_通信保障!R1341C4,True
Q3_通信保障!R1341C5,True
Q3_通信保障!R1341C6,True
Q3_通信保障/row1342_no_extra_fields,True
Q3_通信保障!R1342C1,True
Q3_通信保障!R1342C2,True
Q3_通信保障!R1342C3,True
Q3_通信保障!R1342C4,True
Q3_通信保障!R1342C5,True
Q3_通信保障!R1342C6,True
Q3_通信保障/row1343_no_extra_fields,True
Q3_通信保障!R1343C1,True
Q3_通信保障!R1343C2,True
Q3_通信保障!R1343C3,True
Q3_通信保障!R1343C4,True
Q3_通信保障!R1343C5,True
Q3_通信保障!R1343C6,True
Q3_通信保障/row1344_no_extra_fields,True
Q3_通信保障!R1344C1,True
Q3_通信保障!R1344C2,True
Q3_通信保障!R1344C3,True
Q3_通信保障!R1344C4,True
Q3_通信保障!R1344C5,True
Q3_通信保障!R1344C6,True
Q3_通信保障/row1345_no_extra_fields,True
Q3_通信保障!R1345C1,True
Q3_通信保障!R1345C2,True
Q3_通信保障!R1345C3,True
Q3_通信保障!R1345C4,True
Q3_通信保障!R1345C5,True
Q3_通信保障!R1345C6,True
Q3_通信保障/row1346_no_extra_fields,True
Q3_通信保障!R1346C1,True
Q3_通信保障!R1346C2,True
Q3_通信保障!R1346C3,True
Q3_通信保障!R1346C4,True
Q3_通信保障!R1346C5,True
Q3_通信保障!R1346C6,True
Q3_通信保障/row1347_no_extra_fields,True
Q3_通信保障!R1347C1,True
Q3_通信保障!R1347C2,True
Q3_通信保障!R1347C3,True
Q3_通信保障!R1347C4,True
Q3_通信保障!R1347C5,True
Q3_通信保障!R1347C6,True
Q3_通信保障/row1348_no_extra_fields,True
Q3_通信保障!R1348C1,True
Q3_通信保障!R1348C2,True
Q3_通信保障!R1348C3,True
Q3_通信保障!R1348C4,True
Q3_通信保障!R1348C5,True
Q3_通信保障!R1348C6,True
Q3_通信保障/row1349_no_extra_fields,True
Q3_通信保障!R1349C1,True
Q3_通信保障!R1349C2,True
Q3_通信保障!R1349C3,True
Q3_通信保障!R1349C4,True
Q3_通信保障!R1349C5,True
Q3_通信保障!R1349C6,True
Q3_通信保障/row1350_no_extra_fields,True
Q3_通信保障!R1350C1,True
Q3_通信保障!R1350C2,True
Q3_通信保障!R1350C3,True
Q3_通信保障!R1350C4,True
Q3_通信保障!R1350C5,True
Q3_通信保障!R1350C6,True
Q3_通信保障/row1351_no_extra_fields,True
Q3_通信保障!R1351C1,True
Q3_通信保障!R1351C2,True
Q3_通信保障!R1351C3,True
Q3_通信保障!R1351C4,True
Q3_通信保障!R1351C5,True
Q3_通信保障!R1351C6,True
Q3_通信保障/row1352_no_extra_fields,True
Q3_通信保障!R1352C1,True
Q3_通信保障!R1352C2,True
Q3_通信保障!R1352C3,True
Q3_通信保障!R1352C4,True
Q3_通信保障!R1352C5,True
Q3_通信保障!R1352C6,True
Q3_通信保障/row1353_no_extra_fields,True
Q3_通信保障!R1353C1,True
Q3_通信保障!R1353C2,True
Q3_通信保障!R1353C3,True
Q3_通信保障!R1353C4,True
Q3_通信保障!R1353C5,True
Q3_通信保障!R1353C6,True
Q3_通信保障/row1354_no_extra_fields,True
Q3_通信保障!R1354C1,True
Q3_通信保障!R1354C2,True
Q3_通信保障!R1354C3,True
Q3_通信保障!R1354C4,True
Q3_通信保障!R1354C5,True
Q3_通信保障!R1354C6,True
Q3_通信保障/row1355_no_extra_fields,True
Q3_通信保障!R1355C1,True
Q3_通信保障!R1355C2,True
Q3_通信保障!R1355C3,True
Q3_通信保障!R1355C4,True
Q3_通信保障!R1355C5,True
Q3_通信保障!R1355C6,True
Q3_通信保障/row1356_no_extra_fields,True
Q3_通信保障!R1356C1,True
Q3_通信保障!R1356C2,True
Q3_通信保障!R1356C3,True
Q3_通信保障!R1356C4,True
Q3_通信保障!R1356C5,True
Q3_通信保障!R1356C6,True
Q3_通信保障/row1357_no_extra_fields,True
Q3_通信保障!R1357C1,True
Q3_通信保障!R1357C2,True
Q3_通信保障!R1357C3,True
Q3_通信保障!R1357C4,True
Q3_通信保障!R1357C5,True
Q3_通信保障!R1357C6,True
Q3_通信保障/row1358_no_extra_fields,True
Q3_通信保障!R1358C1,True
Q3_通信保障!R1358C2,True
Q3_通信保障!R1358C3,True
Q3_通信保障!R1358C4,True
Q3_通信保障!R1358C5,True
Q3_通信保障!R1358C6,True
Q3_通信保障/row1359_no_extra_fields,True
Q3_通信保障!R1359C1,True
Q3_通信保障!R1359C2,True
Q3_通信保障!R1359C3,True
Q3_通信保障!R1359C4,True
Q3_通信保障!R1359C5,True
Q3_通信保障!R1359C6,True
Q3_通信保障/row1360_no_extra_fields,True
Q3_通信保障!R1360C1,True
Q3_通信保障!R1360C2,True
Q3_通信保障!R1360C3,True
Q3_通信保障!R1360C4,True
Q3_通信保障!R1360C5,True
Q3_通信保障!R1360C6,True
Q3_通信保障/row1361_no_extra_fields,True
Q3_通信保障!R1361C1,True
Q3_通信保障!R1361C2,True
Q3_通信保障!R1361C3,True
Q3_通信保障!R1361C4,True
Q3_通信保障!R1361C5,True
Q3_通信保障!R1361C6,True
Q3_通信保障/row1362_no_extra_fields,True
Q3_通信保障!R1362C1,True
Q3_通信保障!R1362C2,True
Q3_通信保障!R1362C3,True
Q3_通信保障!R1362C4,True
Q3_通信保障!R1362C5,True
Q3_通信保障!R1362C6,True
Q3_通信保障/row1363_no_extra_fields,True
Q3_通信保障!R1363C1,True
Q3_通信保障!R1363C2,True
Q3_通信保障!R1363C3,True
Q3_通信保障!R1363C4,True
Q3_通信保障!R1363C5,True
Q3_通信保障!R1363C6,True
Q3_通信保障/row1364_no_extra_fields,True
Q3_通信保障!R1364C1,True
Q3_通信保障!R1364C2,True
Q3_通信保障!R1364C3,True
Q3_通信保障!R1364C4,True
Q3_通信保障!R1364C5,True
Q3_通信保障!R1364C6,True
Q3_通信保障/row1365_no_extra_fields,True
Q3_通信保障!R1365C1,True
Q3_通信保障!R1365C2,True
Q3_通信保障!R1365C3,True
Q3_通信保障!R1365C4,True
Q3_通信保障!R1365C5,True
Q3_通信保障!R1365C6,True
Q3_通信保障/row1366_no_extra_fields,True
Q3_通信保障!R1366C1,True
Q3_通信保障!R1366C2,True
Q3_通信保障!R1366C3,True
Q3_通信保障!R1366C4,True
Q3_通信保障!R1366C5,True
Q3_通信保障!R1366C6,True
Q3_通信保障/row1367_no_extra_fields,True
Q3_通信保障!R1367C1,True
Q3_通信保障!R1367C2,True
Q3_通信保障!R1367C3,True
Q3_通信保障!R1367C4,True
Q3_通信保障!R1367C5,True
Q3_通信保障!R1367C6,True
Q3_通信保障/row1368_no_extra_fields,True
Q3_通信保障!R1368C1,True
Q3_通信保障!R1368C2,True
Q3_通信保障!R1368C3,True
Q3_通信保障!R1368C4,True
Q3_通信保障!R1368C5,True
Q3_通信保障!R1368C6,True
Q3_通信保障/row1369_no_extra_fields,True
Q3_通信保障!R1369C1,True
Q3_通信保障!R1369C2,True
Q3_通信保障!R1369C3,True
Q3_通信保障!R1369C4,True
Q3_通信保障!R1369C5,True
Q3_通信保障!R1369C6,True
Q3_通信保障/row1370_no_extra_fields,True
Q3_通信保障!R1370C1,True
Q3_通信保障!R1370C2,True
Q3_通信保障!R1370C3,True
Q3_通信保障!R1370C4,True
Q3_通信保障!R1370C5,True
Q3_通信保障!R1370C6,True
Q3_通信保障/row1371_no_extra_fields,True
Q3_通信保障!R1371C1,True
Q3_通信保障!R1371C2,True
Q3_通信保障!R1371C3,True
Q3_通信保障!R1371C4,True
Q3_通信保障!R1371C5,True
Q3_通信保障!R1371C6,True
Q3_通信保障/row1372_no_extra_fields,True
Q3_通信保障!R1372C1,True
Q3_通信保障!R1372C2,True
Q3_通信保障!R1372C3,True
Q3_通信保障!R1372C4,True
Q3_通信保障!R1372C5,True
Q3_通信保障!R1372C6,True
Q3_通信保障/row1373_no_extra_fields,True
Q3_通信保障!R1373C1,True
Q3_通信保障!R1373C2,True
Q3_通信保障!R1373C3,True
Q3_通信保障!R1373C4,True
Q3_通信保障!R1373C5,True
Q3_通信保障!R1373C6,True
Q3_通信保障/row1374_no_extra_fields,True
Q3_通信保障!R1374C1,True
Q3_通信保障!R1374C2,True
Q3_通信保障!R1374C3,True
Q3_通信保障!R1374C4,True
Q3_通信保障!R1374C5,True
Q3_通信保障!R1374C6,True
Q3_通信保障/row1375_no_extra_fields,True
Q3_通信保障!R1375C1,True
Q3_通信保障!R1375C2,True
Q3_通信保障!R1375C3,True
Q3_通信保障!R1375C4,True
Q3_通信保障!R1375C5,True
Q3_通信保障!R1375C6,True
Q3_通信保障/row1376_no_extra_fields,True
Q3_通信保障!R1376C1,True
Q3_通信保障!R1376C2,True
Q3_通信保障!R1376C3,True
Q3_通信保障!R1376C4,True
Q3_通信保障!R1376C5,True
Q3_通信保障!R1376C6,True
Q3_通信保障/row1377_no_extra_fields,True
Q3_通信保障!R1377C1,True
Q3_通信保障!R1377C2,True
Q3_通信保障!R1377C3,True
Q3_通信保障!R1377C4,True
Q3_通信保障!R1377C5,True
Q3_通信保障!R1377C6,True
Q3_通信保障/row1378_no_extra_fields,True
Q3_通信保障!R1378C1,True
Q3_通信保障!R1378C2,True
Q3_通信保障!R1378C3,True
Q3_通信保障!R1378C4,True
Q3_通信保障!R1378C5,True
Q3_通信保障!R1378C6,True
Q3_通信保障/row1379_no_extra_fields,True
Q3_通信保障!R1379C1,True
Q3_通信保障!R1379C2,True
Q3_通信保障!R1379C3,True
Q3_通信保障!R1379C4,True
Q3_通信保障!R1379C5,True
Q3_通信保障!R1379C6,True
Q3_通信保障/row1380_no_extra_fields,True
Q3_通信保障!R1380C1,True
Q3_通信保障!R1380C2,True
Q3_通信保障!R1380C3,True
Q3_通信保障!R1380C4,True
Q3_通信保障!R1380C5,True
Q3_通信保障!R1380C6,True
Q3_通信保障/row1381_no_extra_fields,True
Q3_通信保障!R1381C1,True
Q3_通信保障!R1381C2,True
Q3_通信保障!R1381C3,True
Q3_通信保障!R1381C4,True
Q3_通信保障!R1381C5,True
Q3_通信保障!R1381C6,True
Q3_通信保障/row1382_no_extra_fields,True
Q3_通信保障!R1382C1,True
Q3_通信保障!R1382C2,True
Q3_通信保障!R1382C3,True
Q3_通信保障!R1382C4,True
Q3_通信保障!R1382C5,True
Q3_通信保障!R1382C6,True
Q3_通信保障/row1383_no_extra_fields,True
Q3_通信保障!R1383C1,True
Q3_通信保障!R1383C2,True
Q3_通信保障!R1383C3,True
Q3_通信保障!R1383C4,True
Q3_通信保障!R1383C5,True
Q3_通信保障!R1383C6,True
Q3_通信保障/row1384_no_extra_fields,True
Q3_通信保障!R1384C1,True
Q3_通信保障!R1384C2,True
Q3_通信保障!R1384C3,True
Q3_通信保障!R1384C4,True
Q3_通信保障!R1384C5,True
Q3_通信保障!R1384C6,True
Q3_通信保障/row1385_no_extra_fields,True
Q3_通信保障!R1385C1,True
Q3_通信保障!R1385C2,True
Q3_通信保障!R1385C3,True
Q3_通信保障!R1385C4,True
Q3_通信保障!R1385C5,True
Q3_通信保障!R1385C6,True
Q3_通信保障/row1386_no_extra_fields,True
Q3_通信保障!R1386C1,True
Q3_通信保障!R1386C2,True
Q3_通信保障!R1386C3,True
Q3_通信保障!R1386C4,True
Q3_通信保障!R1386C5,True
Q3_通信保障!R1386C6,True
Q3_通信保障/row1387_no_extra_fields,True
Q3_通信保障!R1387C1,True
Q3_通信保障!R1387C2,True
Q3_通信保障!R1387C3,True
Q3_通信保障!R1387C4,True
Q3_通信保障!R1387C5,True
Q3_通信保障!R1387C6,True
Q3_通信保障/row1388_no_extra_fields,True
Q3_通信保障!R1388C1,True
Q3_通信保障!R1388C2,True
Q3_通信保障!R1388C3,True
Q3_通信保障!R1388C4,True
Q3_通信保障!R1388C5,True
Q3_通信保障!R1388C6,True
Q3_通信保障/row1389_no_extra_fields,True
Q3_通信保障!R1389C1,True
Q3_通信保障!R1389C2,True
Q3_通信保障!R1389C3,True
Q3_通信保障!R1389C4,True
Q3_通信保障!R1389C5,True
Q3_通信保障!R1389C6,True
Q3_通信保障/row1390_no_extra_fields,True
Q3_通信保障!R1390C1,True
Q3_通信保障!R1390C2,True
Q3_通信保障!R1390C3,True
Q3_通信保障!R1390C4,True
Q3_通信保障!R1390C5,True
Q3_通信保障!R1390C6,True
Q3_通信保障/row1391_no_extra_fields,True
Q3_通信保障!R1391C1,True
Q3_通信保障!R1391C2,True
Q3_通信保障!R1391C3,True
Q3_通信保障!R1391C4,True
Q3_通信保障!R1391C5,True
Q3_通信保障!R1391C6,True
Q3_通信保障/row1392_no_extra_fields,True
Q3_通信保障!R1392C1,True
Q3_通信保障!R1392C2,True
Q3_通信保障!R1392C3,True
Q3_通信保障!R1392C4,True
Q3_通信保障!R1392C5,True
Q3_通信保障!R1392C6,True
Q3_通信保障/row1393_no_extra_fields,True
Q3_通信保障!R1393C1,True
Q3_通信保障!R1393C2,True
Q3_通信保障!R1393C3,True
Q3_通信保障!R1393C4,True
Q3_通信保障!R1393C5,True
Q3_通信保障!R1393C6,True
Q3_通信保障/row1394_no_extra_fields,True
Q3_通信保障!R1394C1,True
Q3_通信保障!R1394C2,True
Q3_通信保障!R1394C3,True
Q3_通信保障!R1394C4,True
Q3_通信保障!R1394C5,True
Q3_通信保障!R1394C6,True
Q3_通信保障/row1395_no_extra_fields,True
Q3_通信保障!R1395C1,True
Q3_通信保障!R1395C2,True
Q3_通信保障!R1395C3,True
Q3_通信保障!R1395C4,True
Q3_通信保障!R1395C5,True
Q3_通信保障!R1395C6,True
Q3_通信保障/row1396_no_extra_fields,True
Q3_通信保障!R1396C1,True
Q3_通信保障!R1396C2,True
Q3_通信保障!R1396C3,True
Q3_通信保障!R1396C4,True
Q3_通信保障!R1396C5,True
Q3_通信保障!R1396C6,True
Q3_通信保障/row1397_no_extra_fields,True
Q3_通信保障!R1397C1,True
Q3_通信保障!R1397C2,True
Q3_通信保障!R1397C3,True
Q3_通信保障!R1397C4,True
Q3_通信保障!R1397C5,True
Q3_通信保障!R1397C6,True
Q3_通信保障/row1398_no_extra_fields,True
Q3_通信保障!R1398C1,True
Q3_通信保障!R1398C2,True
Q3_通信保障!R1398C3,True
Q3_通信保障!R1398C4,True
Q3_通信保障!R1398C5,True
Q3_通信保障!R1398C6,True
Q3_通信保障/row1399_no_extra_fields,True
Q3_通信保障!R1399C1,True
Q3_通信保障!R1399C2,True
Q3_通信保障!R1399C3,True
Q3_通信保障!R1399C4,True
Q3_通信保障!R1399C5,True
Q3_通信保障!R1399C6,True
Q3_通信保障/row1400_no_extra_fields,True
Q3_通信保障!R1400C1,True
Q3_通信保障!R1400C2,True
Q3_通信保障!R1400C3,True
Q3_通信保障!R1400C4,True
Q3_通信保障!R1400C5,True
Q3_通信保障!R1400C6,True
Q3_通信保障/row1401_no_extra_fields,True
Q3_通信保障!R1401C1,True
Q3_通信保障!R1401C2,True
Q3_通信保障!R1401C3,True
Q3_通信保障!R1401C4,True
Q3_通信保障!R1401C5,True
Q3_通信保障!R1401C6,True
Q3_通信保障/row1402_no_extra_fields,True
Q3_通信保障!R1402C1,True
Q3_通信保障!R1402C2,True
Q3_通信保障!R1402C3,True
Q3_通信保障!R1402C4,True
Q3_通信保障!R1402C5,True
Q3_通信保障!R1402C6,True
Q3_通信保障/row1403_no_extra_fields,True
Q3_通信保障!R1403C1,True
Q3_通信保障!R1403C2,True
Q3_通信保障!R1403C3,True
Q3_通信保障!R1403C4,True
Q3_通信保障!R1403C5,True
Q3_通信保障!R1403C6,True
Q3_通信保障/row1404_no_extra_fields,True
Q3_通信保障!R1404C1,True
Q3_通信保障!R1404C2,True
Q3_通信保障!R1404C3,True
Q3_通信保障!R1404C4,True
Q3_通信保障!R1404C5,True
Q3_通信保障!R1404C6,True
Q3_通信保障/row1405_no_extra_fields,True
Q3_通信保障!R1405C1,True
Q3_通信保障!R1405C2,True
Q3_通信保障!R1405C3,True
Q3_通信保障!R1405C4,True
Q3_通信保障!R1405C5,True
Q3_通信保障!R1405C6,True
Q3_通信保障/row1406_no_extra_fields,True
Q3_通信保障!R1406C1,True
Q3_通信保障!R1406C2,True
Q3_通信保障!R1406C3,True
Q3_通信保障!R1406C4,True
Q3_通信保障!R1406C5,True
Q3_通信保障!R1406C6,True
Q3_通信保障/row1407_no_extra_fields,True
Q3_通信保障!R1407C1,True
Q3_通信保障!R1407C2,True
Q3_通信保障!R1407C3,True
Q3_通信保障!R1407C4,True
Q3_通信保障!R1407C5,True
Q3_通信保障!R1407C6,True
Q3_通信保障/row1408_no_extra_fields,True
Q3_通信保障!R1408C1,True
Q3_通信保障!R1408C2,True
Q3_通信保障!R1408C3,True
Q3_通信保障!R1408C4,True
Q3_通信保障!R1408C5,True
Q3_通信保障!R1408C6,True
Q3_通信保障/row1409_no_extra_fields,True
Q3_通信保障!R1409C1,True
Q3_通信保障!R1409C2,True
Q3_通信保障!R1409C3,True
Q3_通信保障!R1409C4,True
Q3_通信保障!R1409C5,True
Q3_通信保障!R1409C6,True
Q3_通信保障/row1410_no_extra_fields,True
Q3_通信保障!R1410C1,True
Q3_通信保障!R1410C2,True
Q3_通信保障!R1410C3,True
Q3_通信保障!R1410C4,True
Q3_通信保障!R1410C5,True
Q3_通信保障!R1410C6,True
Q3_通信保障/row1411_no_extra_fields,True
Q3_通信保障!R1411C1,True
Q3_通信保障!R1411C2,True
Q3_通信保障!R1411C3,True
Q3_通信保障!R1411C4,True
Q3_通信保障!R1411C5,True
Q3_通信保障!R1411C6,True
Q3_通信保障/row1412_no_extra_fields,True
Q3_通信保障!R1412C1,True
Q3_通信保障!R1412C2,True
Q3_通信保障!R1412C3,True
Q3_通信保障!R1412C4,True
Q3_通信保障!R1412C5,True
Q3_通信保障!R1412C6,True
Q3_通信保障/row1413_no_extra_fields,True
Q3_通信保障!R1413C1,True
Q3_通信保障!R1413C2,True
Q3_通信保障!R1413C3,True
Q3_通信保障!R1413C4,True
Q3_通信保障!R1413C5,True
Q3_通信保障!R1413C6,True
Q3_通信保障/row1414_no_extra_fields,True
Q3_通信保障!R1414C1,True
Q3_通信保障!R1414C2,True
Q3_通信保障!R1414C3,True
Q3_通信保障!R1414C4,True
Q3_通信保障!R1414C5,True
Q3_通信保障!R1414C6,True
Q3_通信保障/row1415_no_extra_fields,True
Q3_通信保障!R1415C1,True
Q3_通信保障!R1415C2,True
Q3_通信保障!R1415C3,True
Q3_通信保障!R1415C4,True
Q3_通信保障!R1415C5,True
Q3_通信保障!R1415C6,True
Q3_通信保障/row1416_no_extra_fields,True
Q3_通信保障!R1416C1,True
Q3_通信保障!R1416C2,True
Q3_通信保障!R1416C3,True
Q3_通信保障!R1416C4,True
Q3_通信保障!R1416C5,True
Q3_通信保障!R1416C6,True
Q3_通信保障/row1417_no_extra_fields,True
Q3_通信保障!R1417C1,True
Q3_通信保障!R1417C2,True
Q3_通信保障!R1417C3,True
Q3_通信保障!R1417C4,True
Q3_通信保障!R1417C5,True
Q3_通信保障!R1417C6,True
Q3_通信保障/row1418_no_extra_fields,True
Q3_通信保障!R1418C1,True
Q3_通信保障!R1418C2,True
Q3_通信保障!R1418C3,True
Q3_通信保障!R1418C4,True
Q3_通信保障!R1418C5,True
Q3_通信保障!R1418C6,True
Q3_通信保障/row1419_no_extra_fields,True
Q3_通信保障!R1419C1,True
Q3_通信保障!R1419C2,True
Q3_通信保障!R1419C3,True
Q3_通信保障!R1419C4,True
Q3_通信保障!R1419C5,True
Q3_通信保障!R1419C6,True
Q3_通信保障/row1420_no_extra_fields,True
Q3_通信保障!R1420C1,True
Q3_通信保障!R1420C2,True
Q3_通信保障!R1420C3,True
Q3_通信保障!R1420C4,True
Q3_通信保障!R1420C5,True
Q3_通信保障!R1420C6,True
Q3_通信保障/row1421_no_extra_fields,True
Q3_通信保障!R1421C1,True
Q3_通信保障!R1421C2,True
Q3_通信保障!R1421C3,True
Q3_通信保障!R1421C4,True
Q3_通信保障!R1421C5,True
Q3_通信保障!R1421C6,True
Q3_通信保障/row1422_no_extra_fields,True
Q3_通信保障!R1422C1,True
Q3_通信保障!R1422C2,True
Q3_通信保障!R1422C3,True
Q3_通信保障!R1422C4,True
Q3_通信保障!R1422C5,True
Q3_通信保障!R1422C6,True
Q3_通信保障/row1423_no_extra_fields,True
Q3_通信保障!R1423C1,True
Q3_通信保障!R1423C2,True
Q3_通信保障!R1423C3,True
Q3_通信保障!R1423C4,True
Q3_通信保障!R1423C5,True
Q3_通信保障!R1423C6,True
Q3_通信保障/row1424_no_extra_fields,True
Q3_通信保障!R1424C1,True
Q3_通信保障!R1424C2,True
Q3_通信保障!R1424C3,True
Q3_通信保障!R1424C4,True
Q3_通信保障!R1424C5,True
Q3_通信保障!R1424C6,True
Q3_通信保障/row1425_no_extra_fields,True
Q3_通信保障!R1425C1,True
Q3_通信保障!R1425C2,True
Q3_通信保障!R1425C3,True
Q3_通信保障!R1425C4,True
Q3_通信保障!R1425C5,True
Q3_通信保障!R1425C6,True
Q3_通信保障/row1426_no_extra_fields,True
Q3_通信保障!R1426C1,True
Q3_通信保障!R1426C2,True
Q3_通信保障!R1426C3,True
Q3_通信保障!R1426C4,True
Q3_通信保障!R1426C5,True
Q3_通信保障!R1426C6,True
Q3_通信保障/row1427_no_extra_fields,True
Q3_通信保障!R1427C1,True
Q3_通信保障!R1427C2,True
Q3_通信保障!R1427C3,True
Q3_通信保障!R1427C4,True
Q3_通信保障!R1427C5,True
Q3_通信保障!R1427C6,True
Q3_通信保障/row1428_no_extra_fields,True
Q3_通信保障!R1428C1,True
Q3_通信保障!R1428C2,True
Q3_通信保障!R1428C3,True
Q3_通信保障!R1428C4,True
Q3_通信保障!R1428C5,True
Q3_通信保障!R1428C6,True
Q3_通信保障/row1429_no_extra_fields,True
Q3_通信保障!R1429C1,True
Q3_通信保障!R1429C2,True
Q3_通信保障!R1429C3,True
Q3_通信保障!R1429C4,True
Q3_通信保障!R1429C5,True
Q3_通信保障!R1429C6,True
Q3_通信保障/row1430_no_extra_fields,True
Q3_通信保障!R1430C1,True
Q3_通信保障!R1430C2,True
Q3_通信保障!R1430C3,True
Q3_通信保障!R1430C4,True
Q3_通信保障!R1430C5,True
Q3_通信保障!R1430C6,True
Q3_通信保障/row1431_no_extra_fields,True
Q3_通信保障!R1431C1,True
Q3_通信保障!R1431C2,True
Q3_通信保障!R1431C3,True
Q3_通信保障!R1431C4,True
Q3_通信保障!R1431C5,True
Q3_通信保障!R1431C6,True
Q3_通信保障/row1432_no_extra_fields,True
Q3_通信保障!R1432C1,True
Q3_通信保障!R1432C2,True
Q3_通信保障!R1432C3,True
Q3_通信保障!R1432C4,True
Q3_通信保障!R1432C5,True
Q3_通信保障!R1432C6,True
Q3_通信保障/row1433_no_extra_fields,True
Q3_通信保障!R1433C1,True
Q3_通信保障!R1433C2,True
Q3_通信保障!R1433C3,True
Q3_通信保障!R1433C4,True
Q3_通信保障!R1433C5,True
Q3_通信保障!R1433C6,True
Q3_通信保障/row1434_no_extra_fields,True
Q3_通信保障!R1434C1,True
Q3_通信保障!R1434C2,True
Q3_通信保障!R1434C3,True
Q3_通信保障!R1434C4,True
Q3_通信保障!R1434C5,True
Q3_通信保障!R1434C6,True
Q3_通信保障/row1435_no_extra_fields,True
Q3_通信保障!R1435C1,True
Q3_通信保障!R1435C2,True
Q3_通信保障!R1435C3,True
Q3_通信保障!R1435C4,True
Q3_通信保障!R1435C5,True
Q3_通信保障!R1435C6,True
Q3_通信保障/row1436_no_extra_fields,True
Q3_通信保障!R1436C1,True
Q3_通信保障!R1436C2,True
Q3_通信保障!R1436C3,True
Q3_通信保障!R1436C4,True
Q3_通信保障!R1436C5,True
Q3_通信保障!R1436C6,True
Q3_通信保障/row1437_no_extra_fields,True
Q3_通信保障!R1437C1,True
Q3_通信保障!R1437C2,True
Q3_通信保障!R1437C3,True
Q3_通信保障!R1437C4,True
Q3_通信保障!R1437C5,True
Q3_通信保障!R1437C6,True
Q3_通信保障/row1438_no_extra_fields,True
Q3_通信保障!R1438C1,True
Q3_通信保障!R1438C2,True
Q3_通信保障!R1438C3,True
Q3_通信保障!R1438C4,True
Q3_通信保障!R1438C5,True
Q3_通信保障!R1438C6,True
Q3_通信保障/row1439_no_extra_fields,True
Q3_通信保障!R1439C1,True
Q3_通信保障!R1439C2,True
Q3_通信保障!R1439C3,True
Q3_通信保障!R1439C4,True
Q3_通信保障!R1439C5,True
Q3_通信保障!R1439C6,True
Q3_通信保障/row1440_no_extra_fields,True
Q3_通信保障!R1440C1,True
Q3_通信保障!R1440C2,True
Q3_通信保障!R1440C3,True
Q3_通信保障!R1440C4,True
Q3_通信保障!R1440C5,True
Q3_通信保障!R1440C6,True
Q3_通信保障/row1441_no_extra_fields,True
Q3_通信保障!R1441C1,True
Q3_通信保障!R1441C2,True
Q3_通信保障!R1441C3,True
Q3_通信保障!R1441C4,True
Q3_通信保障!R1441C5,True
Q3_通信保障!R1441C6,True
Q3_通信保障/row1442_no_extra_fields,True
Q3_通信保障!R1442C1,True
Q3_通信保障!R1442C2,True
Q3_通信保障!R1442C3,True
Q3_通信保障!R1442C4,True
Q3_通信保障!R1442C5,True
Q3_通信保障!R1442C6,True
Q3_通信保障/row1443_no_extra_fields,True
Q3_通信保障!R1443C1,True
Q3_通信保障!R1443C2,True
Q3_通信保障!R1443C3,True
Q3_通信保障!R1443C4,True
Q3_通信保障!R1443C5,True
Q3_通信保障!R1443C6,True
Q3_通信保障/row1444_no_extra_fields,True
Q3_通信保障!R1444C1,True
Q3_通信保障!R1444C2,True
Q3_通信保障!R1444C3,True
Q3_通信保障!R1444C4,True
Q3_通信保障!R1444C5,True
Q3_通信保障!R1444C6,True
Q3_通信保障/row1445_no_extra_fields,True
Q3_通信保障!R1445C1,True
Q3_通信保障!R1445C2,True
Q3_通信保障!R1445C3,True
Q3_通信保障!R1445C4,True
Q3_通信保障!R1445C5,True
Q3_通信保障!R1445C6,True
Q3_通信保障/row1446_no_extra_fields,True
Q3_通信保障!R1446C1,True
Q3_通信保障!R1446C2,True
Q3_通信保障!R1446C3,True
Q3_通信保障!R1446C4,True
Q3_通信保障!R1446C5,True
Q3_通信保障!R1446C6,True
Q3_通信保障/row1447_no_extra_fields,True
Q3_通信保障!R1447C1,True
Q3_通信保障!R1447C2,True
Q3_通信保障!R1447C3,True
Q3_通信保障!R1447C4,True
Q3_通信保障!R1447C5,True
Q3_通信保障!R1447C6,True
Q3_通信保障/row1448_no_extra_fields,True
Q3_通信保障!R1448C1,True
Q3_通信保障!R1448C2,True
Q3_通信保障!R1448C3,True
Q3_通信保障!R1448C4,True
Q3_通信保障!R1448C5,True
Q3_通信保障!R1448C6,True
Q3_通信保障/row1449_no_extra_fields,True
Q3_通信保障!R1449C1,True
Q3_通信保障!R1449C2,True
Q3_通信保障!R1449C3,True
Q3_通信保障!R1449C4,True
Q3_通信保障!R1449C5,True
Q3_通信保障!R1449C6,True
Q3_通信保障/row1450_no_extra_fields,True
Q3_通信保障!R1450C1,True
Q3_通信保障!R1450C2,True
Q3_通信保障!R1450C3,True
Q3_通信保障!R1450C4,True
Q3_通信保障!R1450C5,True
Q3_通信保障!R1450C6,True
Q3_通信保障/row1451_no_extra_fields,True
Q3_通信保障!R1451C1,True
Q3_通信保障!R1451C2,True
Q3_通信保障!R1451C3,True
Q3_通信保障!R1451C4,True
Q3_通信保障!R1451C5,True
Q3_通信保障!R1451C6,True
Q3_通信保障/row1452_no_extra_fields,True
Q3_通信保障!R1452C1,True
Q3_通信保障!R1452C2,True
Q3_通信保障!R1452C3,True
Q3_通信保障!R1452C4,True
Q3_通信保障!R1452C5,True
Q3_通信保障!R1452C6,True
Q3_通信保障/row1453_no_extra_fields,True
Q3_通信保障!R1453C1,True
Q3_通信保障!R1453C2,True
Q3_通信保障!R1453C3,True
Q3_通信保障!R1453C4,True
Q3_通信保障!R1453C5,True
Q3_通信保障!R1453C6,True
Q3_通信保障/row1454_no_extra_fields,True
Q3_通信保障!R1454C1,True
Q3_通信保障!R1454C2,True
Q3_通信保障!R1454C3,True
Q3_通信保障!R1454C4,True
Q3_通信保障!R1454C5,True
Q3_通信保障!R1454C6,True
Q3_通信保障/row1455_no_extra_fields,True
Q3_通信保障!R1455C1,True
Q3_通信保障!R1455C2,True
Q3_通信保障!R1455C3,True
Q3_通信保障!R1455C4,True
Q3_通信保障!R1455C5,True
Q3_通信保障!R1455C6,True
Q3_通信保障/row1456_no_extra_fields,True
Q3_通信保障!R1456C1,True
Q3_通信保障!R1456C2,True
Q3_通信保障!R1456C3,True
Q3_通信保障!R1456C4,True
Q3_通信保障!R1456C5,True
Q3_通信保障!R1456C6,True
Q3_通信保障/row1457_no_extra_fields,True
Q3_通信保障!R1457C1,True
Q3_通信保障!R1457C2,True
Q3_通信保障!R1457C3,True
Q3_通信保障!R1457C4,True
Q3_通信保障!R1457C5,True
Q3_通信保障!R1457C6,True
Q3_通信保障/row1458_no_extra_fields,True
Q3_通信保障!R1458C1,True
Q3_通信保障!R1458C2,True
Q3_通信保障!R1458C3,True
Q3_通信保障!R1458C4,True
Q3_通信保障!R1458C5,True
Q3_通信保障!R1458C6,True
Q3_通信保障/row1459_no_extra_fields,True
Q3_通信保障!R1459C1,True
Q3_通信保障!R1459C2,True
Q3_通信保障!R1459C3,True
Q3_通信保障!R1459C4,True
Q3_通信保障!R1459C5,True
Q3_通信保障!R1459C6,True
Q3_通信保障/row1460_no_extra_fields,True
Q3_通信保障!R1460C1,True
Q3_通信保障!R1460C2,True
Q3_通信保障!R1460C3,True
Q3_通信保障!R1460C4,True
Q3_通信保障!R1460C5,True
Q3_通信保障!R1460C6,True
Q3_通信保障/row1461_no_extra_fields,True
Q3_通信保障!R1461C1,True
Q3_通信保障!R1461C2,True
Q3_通信保障!R1461C3,True
Q3_通信保障!R1461C4,True
Q3_通信保障!R1461C5,True
Q3_通信保障!R1461C6,True
Q3_通信保障/row1462_no_extra_fields,True
Q3_通信保障!R1462C1,True
Q3_通信保障!R1462C2,True
Q3_通信保障!R1462C3,True
Q3_通信保障!R1462C4,True
Q3_通信保障!R1462C5,True
Q3_通信保障!R1462C6,True
Q3_通信保障/row1463_no_extra_fields,True
Q3_通信保障!R1463C1,True
Q3_通信保障!R1463C2,True
Q3_通信保障!R1463C3,True
Q3_通信保障!R1463C4,True
Q3_通信保障!R1463C5,True
Q3_通信保障!R1463C6,True
Q3_通信保障/row1464_no_extra_fields,True
Q3_通信保障!R1464C1,True
Q3_通信保障!R1464C2,True
Q3_通信保障!R1464C3,True
Q3_通信保障!R1464C4,True
Q3_通信保障!R1464C5,True
Q3_通信保障!R1464C6,True
Q3_通信保障/row1465_no_extra_fields,True
Q3_通信保障!R1465C1,True
Q3_通信保障!R1465C2,True
Q3_通信保障!R1465C3,True
Q3_通信保障!R1465C4,True
Q3_通信保障!R1465C5,True
Q3_通信保障!R1465C6,True
Q3_通信保障/row1466_no_extra_fields,True
Q3_通信保障!R1466C1,True
Q3_通信保障!R1466C2,True
Q3_通信保障!R1466C3,True
Q3_通信保障!R1466C4,True
Q3_通信保障!R1466C5,True
Q3_通信保障!R1466C6,True
Q3_通信保障/row1467_no_extra_fields,True
Q3_通信保障!R1467C1,True
Q3_通信保障!R1467C2,True
Q3_通信保障!R1467C3,True
Q3_通信保障!R1467C4,True
Q3_通信保障!R1467C5,True
Q3_通信保障!R1467C6,True
Q3_通信保障/row1468_no_extra_fields,True
Q3_通信保障!R1468C1,True
Q3_通信保障!R1468C2,True
Q3_通信保障!R1468C3,True
Q3_通信保障!R1468C4,True
Q3_通信保障!R1468C5,True
Q3_通信保障!R1468C6,True
Q3_通信保障/row1469_no_extra_fields,True
Q3_通信保障!R1469C1,True
Q3_通信保障!R1469C2,True
Q3_通信保障!R1469C3,True
Q3_通信保障!R1469C4,True
Q3_通信保障!R1469C5,True
Q3_通信保障!R1469C6,True
Q3_通信保障/row1470_no_extra_fields,True
Q3_通信保障!R1470C1,True
Q3_通信保障!R1470C2,True
Q3_通信保障!R1470C3,True
Q3_通信保障!R1470C4,True
Q3_通信保障!R1470C5,True
Q3_通信保障!R1470C6,True
Q3_通信保障/row1471_no_extra_fields,True
Q3_通信保障!R1471C1,True
Q3_通信保障!R1471C2,True
Q3_通信保障!R1471C3,True
Q3_通信保障!R1471C4,True
Q3_通信保障!R1471C5,True
Q3_通信保障!R1471C6,True
Q3_通信保障/row1472_no_extra_fields,True
Q3_通信保障!R1472C1,True
Q3_通信保障!R1472C2,True
Q3_通信保障!R1472C3,True
Q3_通信保障!R1472C4,True
Q3_通信保障!R1472C5,True
Q3_通信保障!R1472C6,True
Q3_通信保障/row1473_no_extra_fields,True
Q3_通信保障!R1473C1,True
Q3_通信保障!R1473C2,True
Q3_通信保障!R1473C3,True
Q3_通信保障!R1473C4,True
Q3_通信保障!R1473C5,True
Q3_通信保障!R1473C6,True
Q3_通信保障/row1474_no_extra_fields,True
Q3_通信保障!R1474C1,True
Q3_通信保障!R1474C2,True
Q3_通信保障!R1474C3,True
Q3_通信保障!R1474C4,True
Q3_通信保障!R1474C5,True
Q3_通信保障!R1474C6,True
Q3_通信保障/row1475_no_extra_fields,True
Q3_通信保障!R1475C1,True
Q3_通信保障!R1475C2,True
Q3_通信保障!R1475C3,True
Q3_通信保障!R1475C4,True
Q3_通信保障!R1475C5,True
Q3_通信保障!R1475C6,True
Q3_通信保障/row1476_no_extra_fields,True
Q3_通信保障!R1476C1,True
Q3_通信保障!R1476C2,True
Q3_通信保障!R1476C3,True
Q3_通信保障!R1476C4,True
Q3_通信保障!R1476C5,True
Q3_通信保障!R1476C6,True
Q3_通信保障/row1477_no_extra_fields,True
Q3_通信保障!R1477C1,True
Q3_通信保障!R1477C2,True
Q3_通信保障!R1477C3,True
Q3_通信保障!R1477C4,True
Q3_通信保障!R1477C5,True
Q3_通信保障!R1477C6,True
Q3_通信保障/row1478_no_extra_fields,True
Q3_通信保障!R1478C1,True
Q3_通信保障!R1478C2,True
Q3_通信保障!R1478C3,True
Q3_通信保障!R1478C4,True
Q3_通信保障!R1478C5,True
Q3_通信保障!R1478C6,True
Q3_通信保障/row1479_no_extra_fields,True
Q3_通信保障!R1479C1,True
Q3_通信保障!R1479C2,True
Q3_通信保障!R1479C3,True
Q3_通信保障!R1479C4,True
Q3_通信保障!R1479C5,True
Q3_通信保障!R1479C6,True
Q3_通信保障/row1480_no_extra_fields,True
Q3_通信保障!R1480C1,True
Q3_通信保障!R1480C2,True
Q3_通信保障!R1480C3,True
Q3_通信保障!R1480C4,True
Q3_通信保障!R1480C5,True
Q3_通信保障!R1480C6,True
Q3_通信保障/row1481_no_extra_fields,True
Q3_通信保障!R1481C1,True
Q3_通信保障!R1481C2,True
Q3_通信保障!R1481C3,True
Q3_通信保障!R1481C4,True
Q3_通信保障!R1481C5,True
Q3_通信保障!R1481C6,True
Q3_通信保障/row1482_no_extra_fields,True
Q3_通信保障!R1482C1,True
Q3_通信保障!R1482C2,True
Q3_通信保障!R1482C3,True
Q3_通信保障!R1482C4,True
Q3_通信保障!R1482C5,True
Q3_通信保障!R1482C6,True
Q3_通信保障/row1483_no_extra_fields,True
Q3_通信保障!R1483C1,True
Q3_通信保障!R1483C2,True
Q3_通信保障!R1483C3,True
Q3_通信保障!R1483C4,True
Q3_通信保障!R1483C5,True
Q3_通信保障!R1483C6,True
Q3_通信保障/row1484_no_extra_fields,True
Q3_通信保障!R1484C1,True
Q3_通信保障!R1484C2,True
Q3_通信保障!R1484C3,True
Q3_通信保障!R1484C4,True
Q3_通信保障!R1484C5,True
Q3_通信保障!R1484C6,True
Q3_通信保障/row1485_no_extra_fields,True
Q3_通信保障!R1485C1,True
Q3_通信保障!R1485C2,True
Q3_通信保障!R1485C3,True
Q3_通信保障!R1485C4,True
Q3_通信保障!R1485C5,True
Q3_通信保障!R1485C6,True
Q3_通信保障/row1486_no_extra_fields,True
Q3_通信保障!R1486C1,True
Q3_通信保障!R1486C2,True
Q3_通信保障!R1486C3,True
Q3_通信保障!R1486C4,True
Q3_通信保障!R1486C5,True
Q3_通信保障!R1486C6,True
Q3_通信保障/row1487_no_extra_fields,True
Q3_通信保障!R1487C1,True
Q3_通信保障!R1487C2,True
Q3_通信保障!R1487C3,True
Q3_通信保障!R1487C4,True
Q3_通信保障!R1487C5,True
Q3_通信保障!R1487C6,True
Q3_通信保障/row1488_no_extra_fields,True
Q3_通信保障!R1488C1,True
Q3_通信保障!R1488C2,True
Q3_通信保障!R1488C3,True
Q3_通信保障!R1488C4,True
Q3_通信保障!R1488C5,True
Q3_通信保障!R1488C6,True
Q3_通信保障/row1489_no_extra_fields,True
Q3_通信保障!R1489C1,True
Q3_通信保障!R1489C2,True
Q3_通信保障!R1489C3,True
Q3_通信保障!R1489C4,True
Q3_通信保障!R1489C5,True
Q3_通信保障!R1489C6,True
Q3_通信保障/row1490_no_extra_fields,True
Q3_通信保障!R1490C1,True
Q3_通信保障!R1490C2,True
Q3_通信保障!R1490C3,True
Q3_通信保障!R1490C4,True
Q3_通信保障!R1490C5,True
Q3_通信保障!R1490C6,True
Q3_通信保障/row1491_no_extra_fields,True
Q3_通信保障!R1491C1,True
Q3_通信保障!R1491C2,True
Q3_通信保障!R1491C3,True
Q3_通信保障!R1491C4,True
Q3_通信保障!R1491C5,True
Q3_通信保障!R1491C6,True
Q3_通信保障/row1492_no_extra_fields,True
Q3_通信保障!R1492C1,True
Q3_通信保障!R1492C2,True
Q3_通信保障!R1492C3,True
Q3_通信保障!R1492C4,True
Q3_通信保障!R1492C5,True
Q3_通信保障!R1492C6,True
Q3_通信保障/row1493_no_extra_fields,True
Q3_通信保障!R1493C1,True
Q3_通信保障!R1493C2,True
Q3_通信保障!R1493C3,True
Q3_通信保障!R1493C4,True
Q3_通信保障!R1493C5,True
Q3_通信保障!R1493C6,True
Q3_通信保障/row1494_no_extra_fields,True
Q3_通信保障!R1494C1,True
Q3_通信保障!R1494C2,True
Q3_通信保障!R1494C3,True
Q3_通信保障!R1494C4,True
Q3_通信保障!R1494C5,True
Q3_通信保障!R1494C6,True
Q3_通信保障/row1495_no_extra_fields,True
Q3_通信保障!R1495C1,True
Q3_通信保障!R1495C2,True
Q3_通信保障!R1495C3,True
Q3_通信保障!R1495C4,True
Q3_通信保障!R1495C5,True
Q3_通信保障!R1495C6,True
Q3_通信保障/row1496_no_extra_fields,True
Q3_通信保障!R1496C1,True
Q3_通信保障!R1496C2,True
Q3_通信保障!R1496C3,True
Q3_通信保障!R1496C4,True
Q3_通信保障!R1496C5,True
Q3_通信保障!R1496C6,True
Q3_通信保障/row1497_no_extra_fields,True
Q3_通信保障!R1497C1,True
Q3_通信保障!R1497C2,True
Q3_通信保障!R1497C3,True
Q3_通信保障!R1497C4,True
Q3_通信保障!R1497C5,True
Q3_通信保障!R1497C6,True
Q3_通信保障/row1498_no_extra_fields,True
Q3_通信保障!R1498C1,True
Q3_通信保障!R1498C2,True
Q3_通信保障!R1498C3,True
Q3_通信保障!R1498C4,True
Q3_通信保障!R1498C5,True
Q3_通信保障!R1498C6,True
Q3_通信保障/row1499_no_extra_fields,True
Q3_通信保障!R1499C1,True
Q3_通信保障!R1499C2,True
Q3_通信保障!R1499C3,True
Q3_通信保障!R1499C4,True
Q3_通信保障!R1499C5,True
Q3_通信保障!R1499C6,True
Q3_通信保障/row1500_no_extra_fields,True
Q3_通信保障!R1500C1,True
Q3_通信保障!R1500C2,True
Q3_通信保障!R1500C3,True
Q3_通信保障!R1500C4,True
Q3_通信保障!R1500C5,True
Q3_通信保障!R1500C6,True
Q3_通信保障/row1501_no_extra_fields,True
Q3_通信保障!R1501C1,True
Q3_通信保障!R1501C2,True
Q3_通信保障!R1501C3,True
Q3_通信保障!R1501C4,True
Q3_通信保障!R1501C5,True
Q3_通信保障!R1501C6,True
Q3_通信保障/row1502_no_extra_fields,True
Q3_通信保障!R1502C1,True
Q3_通信保障!R1502C2,True
Q3_通信保障!R1502C3,True
Q3_通信保障!R1502C4,True
Q3_通信保障!R1502C5,True
Q3_通信保障!R1502C6,True
Q3_通信保障/row1503_no_extra_fields,True
Q3_通信保障!R1503C1,True
Q3_通信保障!R1503C2,True
Q3_通信保障!R1503C3,True
Q3_通信保障!R1503C4,True
Q3_通信保障!R1503C5,True
Q3_通信保障!R1503C6,True
Q3_通信保障/row1504_no_extra_fields,True
Q3_通信保障!R1504C1,True
Q3_通信保障!R1504C2,True
Q3_通信保障!R1504C3,True
Q3_通信保障!R1504C4,True
Q3_通信保障!R1504C5,True
Q3_通信保障!R1504C6,True
Q3_通信保障/row1505_no_extra_fields,True
Q3_通信保障!R1505C1,True
Q3_通信保障!R1505C2,True
Q3_通信保障!R1505C3,True
Q3_通信保障!R1505C4,True
Q3_通信保障!R1505C5,True
Q3_通信保障!R1505C6,True
Q3_通信保障/row1506_no_extra_fields,True
Q3_通信保障!R1506C1,True
Q3_通信保障!R1506C2,True
Q3_通信保障!R1506C3,True
Q3_通信保障!R1506C4,True
Q3_通信保障!R1506C5,True
Q3_通信保障!R1506C6,True
Q3_通信保障/row1507_no_extra_fields,True
Q3_通信保障!R1507C1,True
Q3_通信保障!R1507C2,True
Q3_通信保障!R1507C3,True
Q3_通信保障!R1507C4,True
Q3_通信保障!R1507C5,True
Q3_通信保障!R1507C6,True
Q3_通信保障/row1508_no_extra_fields,True
Q3_通信保障!R1508C1,True
Q3_通信保障!R1508C2,True
Q3_通信保障!R1508C3,True
Q3_通信保障!R1508C4,True
Q3_通信保障!R1508C5,True
Q3_通信保障!R1508C6,True
Q3_通信保障/row1509_no_extra_fields,True
Q3_通信保障!R1509C1,True
Q3_通信保障!R1509C2,True
Q3_通信保障!R1509C3,True
Q3_通信保障!R1509C4,True
Q3_通信保障!R1509C5,True
Q3_通信保障!R1509C6,True
Q3_通信保障/row1510_no_extra_fields,True
Q3_通信保障!R1510C1,True
Q3_通信保障!R1510C2,True
Q3_通信保障!R1510C3,True
Q3_通信保障!R1510C4,True
Q3_通信保障!R1510C5,True
Q3_通信保障!R1510C6,True
Q3_通信保障/row1511_no_extra_fields,True
Q3_通信保障!R1511C1,True
Q3_通信保障!R1511C2,True
Q3_通信保障!R1511C3,True
Q3_通信保障!R1511C4,True
Q3_通信保障!R1511C5,True
Q3_通信保障!R1511C6,True
Q3_通信保障/row1512_no_extra_fields,True
Q3_通信保障!R1512C1,True
Q3_通信保障!R1512C2,True
Q3_通信保障!R1512C3,True
Q3_通信保障!R1512C4,True
Q3_通信保障!R1512C5,True
Q3_通信保障!R1512C6,True
Q3_通信保障/row1513_no_extra_fields,True
Q3_通信保障!R1513C1,True
Q3_通信保障!R1513C2,True
Q3_通信保障!R1513C3,True
Q3_通信保障!R1513C4,True
Q3_通信保障!R1513C5,True
Q3_通信保障!R1513C6,True
Q3_通信保障/row1514_no_extra_fields,True
Q3_通信保障!R1514C1,True
Q3_通信保障!R1514C2,True
Q3_通信保障!R1514C3,True
Q3_通信保障!R1514C4,True
Q3_通信保障!R1514C5,True
Q3_通信保障!R1514C6,True
Q3_通信保障/row1515_no_extra_fields,True
Q3_通信保障!R1515C1,True
Q3_通信保障!R1515C2,True
Q3_通信保障!R1515C3,True
Q3_通信保障!R1515C4,True
Q3_通信保障!R1515C5,True
Q3_通信保障!R1515C6,True
Q3_通信保障/row1516_no_extra_fields,True
Q3_通信保障!R1516C1,True
Q3_通信保障!R1516C2,True
Q3_通信保障!R1516C3,True
Q3_通信保障!R1516C4,True
Q3_通信保障!R1516C5,True
Q3_通信保障!R1516C6,True
Q3_通信保障/row1517_no_extra_fields,True
Q3_通信保障!R1517C1,True
Q3_通信保障!R1517C2,True
Q3_通信保障!R1517C3,True
Q3_通信保障!R1517C4,True
Q3_通信保障!R1517C5,True
Q3_通信保障!R1517C6,True
Q3_通信保障/row1518_no_extra_fields,True
Q3_通信保障!R1518C1,True
Q3_通信保障!R1518C2,True
Q3_通信保障!R1518C3,True
Q3_通信保障!R1518C4,True
Q3_通信保障!R1518C5,True
Q3_通信保障!R1518C6,True
Q3_通信保障/row1519_no_extra_fields,True
Q3_通信保障!R1519C1,True
Q3_通信保障!R1519C2,True
Q3_通信保障!R1519C3,True
Q3_通信保障!R1519C4,True
Q3_通信保障!R1519C5,True
Q3_通信保障!R1519C6,True
Q3_通信保障/row1520_no_extra_fields,True
Q3_通信保障!R1520C1,True
Q3_通信保障!R1520C2,True
Q3_通信保障!R1520C3,True
Q3_通信保障!R1520C4,True
Q3_通信保障!R1520C5,True
Q3_通信保障!R1520C6,True
Q3_通信保障/row1521_no_extra_fields,True
Q3_通信保障!R1521C1,True
Q3_通信保障!R1521C2,True
Q3_通信保障!R1521C3,True
Q3_通信保障!R1521C4,True
Q3_通信保障!R1521C5,True
Q3_通信保障!R1521C6,True
Q3_通信保障/row1522_no_extra_fields,True
Q3_通信保障!R1522C1,True
Q3_通信保障!R1522C2,True
Q3_通信保障!R1522C3,True
Q3_通信保障!R1522C4,True
Q3_通信保障!R1522C5,True
Q3_通信保障!R1522C6,True
Q3_通信保障/row1523_no_extra_fields,True
Q3_通信保障!R1523C1,True
Q3_通信保障!R1523C2,True
Q3_通信保障!R1523C3,True
Q3_通信保障!R1523C4,True
Q3_通信保障!R1523C5,True
Q3_通信保障!R1523C6,True
Q3_通信保障/row1524_no_extra_fields,True
Q3_通信保障!R1524C1,True
Q3_通信保障!R1524C2,True
Q3_通信保障!R1524C3,True
Q3_通信保障!R1524C4,True
Q3_通信保障!R1524C5,True
Q3_通信保障!R1524C6,True
Q3_通信保障/row1525_no_extra_fields,True
Q3_通信保障!R1525C1,True
Q3_通信保障!R1525C2,True
Q3_通信保障!R1525C3,True
Q3_通信保障!R1525C4,True
Q3_通信保障!R1525C5,True
Q3_通信保障!R1525C6,True
Q3_通信保障/row1526_no_extra_fields,True
Q3_通信保障!R1526C1,True
Q3_通信保障!R1526C2,True
Q3_通信保障!R1526C3,True
Q3_通信保障!R1526C4,True
Q3_通信保障!R1526C5,True
Q3_通信保障!R1526C6,True
Q3_通信保障/row1527_no_extra_fields,True
Q3_通信保障!R1527C1,True
Q3_通信保障!R1527C2,True
Q3_通信保障!R1527C3,True
Q3_通信保障!R1527C4,True
Q3_通信保障!R1527C5,True
Q3_通信保障!R1527C6,True
Q3_通信保障/row1528_no_extra_fields,True
Q3_通信保障!R1528C1,True
Q3_通信保障!R1528C2,True
Q3_通信保障!R1528C3,True
Q3_通信保障!R1528C4,True
Q3_通信保障!R1528C5,True
Q3_通信保障!R1528C6,True
Q3_通信保障/row1529_no_extra_fields,True
Q3_通信保障!R1529C1,True
Q3_通信保障!R1529C2,True
Q3_通信保障!R1529C3,True
Q3_通信保障!R1529C4,True
Q3_通信保障!R1529C5,True
Q3_通信保障!R1529C6,True
Q3_通信保障/row1530_no_extra_fields,True
Q3_通信保障!R1530C1,True
Q3_通信保障!R1530C2,True
Q3_通信保障!R1530C3,True
Q3_通信保障!R1530C4,True
Q3_通信保障!R1530C5,True
Q3_通信保障!R1530C6,True
Q3_通信保障/row1531_no_extra_fields,True
Q3_通信保障!R1531C1,True
Q3_通信保障!R1531C2,True
Q3_通信保障!R1531C3,True
Q3_通信保障!R1531C4,True
Q3_通信保障!R1531C5,True
Q3_通信保障!R1531C6,True
Q3_通信保障/row1532_no_extra_fields,True
Q3_通信保障!R1532C1,True
Q3_通信保障!R1532C2,True
Q3_通信保障!R1532C3,True
Q3_通信保障!R1532C4,True
Q3_通信保障!R1532C5,True
Q3_通信保障!R1532C6,True
Q3_通信保障/row1533_no_extra_fields,True
Q3_通信保障!R1533C1,True
Q3_通信保障!R1533C2,True
Q3_通信保障!R1533C3,True
Q3_通信保障!R1533C4,True
Q3_通信保障!R1533C5,True
Q3_通信保障!R1533C6,True
Q3_通信保障/row1534_no_extra_fields,True
Q3_通信保障!R1534C1,True
Q3_通信保障!R1534C2,True
Q3_通信保障!R1534C3,True
Q3_通信保障!R1534C4,True
Q3_通信保障!R1534C5,True
Q3_通信保障!R1534C6,True
Q3_通信保障/row1535_no_extra_fields,True
Q3_通信保障!R1535C1,True
Q3_通信保障!R1535C2,True
Q3_通信保障!R1535C3,True
Q3_通信保障!R1535C4,True
Q3_通信保障!R1535C5,True
Q3_通信保障!R1535C6,True
Q3_通信保障/row1536_no_extra_fields,True
Q3_通信保障!R1536C1,True
Q3_通信保障!R1536C2,True
Q3_通信保障!R1536C3,True
Q3_通信保障!R1536C4,True
Q3_通信保障!R1536C5,True
Q3_通信保障!R1536C6,True
Q3_通信保障/row1537_no_extra_fields,True
Q3_通信保障!R1537C1,True
Q3_通信保障!R1537C2,True
Q3_通信保障!R1537C3,True
Q3_通信保障!R1537C4,True
Q3_通信保障!R1537C5,True
Q3_通信保障!R1537C6,True
Q3_通信保障/row1538_no_extra_fields,True
Q3_通信保障!R1538C1,True
Q3_通信保障!R1538C2,True
Q3_通信保障!R1538C3,True
Q3_通信保障!R1538C4,True
Q3_通信保障!R1538C5,True
Q3_通信保障!R1538C6,True
Q3_通信保障/row1539_no_extra_fields,True
Q3_通信保障!R1539C1,True
Q3_通信保障!R1539C2,True
Q3_通信保障!R1539C3,True
Q3_通信保障!R1539C4,True
Q3_通信保障!R1539C5,True
Q3_通信保障!R1539C6,True
Q3_通信保障/row1540_no_extra_fields,True
Q3_通信保障!R1540C1,True
Q3_通信保障!R1540C2,True
Q3_通信保障!R1540C3,True
Q3_通信保障!R1540C4,True
Q3_通信保障!R1540C5,True
Q3_通信保障!R1540C6,True
Q3_通信保障/row1541_no_extra_fields,True
Q3_通信保障!R1541C1,True
Q3_通信保障!R1541C2,True
Q3_通信保障!R1541C3,True
Q3_通信保障!R1541C4,True
Q3_通信保障!R1541C5,True
Q3_通信保障!R1541C6,True
Q3_通信保障/row1542_no_extra_fields,True
Q3_通信保障!R1542C1,True
Q3_通信保障!R1542C2,True
Q3_通信保障!R1542C3,True
Q3_通信保障!R1542C4,True
Q3_通信保障!R1542C5,True
Q3_通信保障!R1542C6,True
Q3_通信保障/row1543_no_extra_fields,True
Q3_通信保障!R1543C1,True
Q3_通信保障!R1543C2,True
Q3_通信保障!R1543C3,True
Q3_通信保障!R1543C4,True
Q3_通信保障!R1543C5,True
Q3_通信保障!R1543C6,True
Q3_通信保障/row1544_no_extra_fields,True
Q3_通信保障!R1544C1,True
Q3_通信保障!R1544C2,True
Q3_通信保障!R1544C3,True
Q3_通信保障!R1544C4,True
Q3_通信保障!R1544C5,True
Q3_通信保障!R1544C6,True
Q3_通信保障/row1545_no_extra_fields,True
Q3_通信保障!R1545C1,True
Q3_通信保障!R1545C2,True
Q3_通信保障!R1545C3,True
Q3_通信保障!R1545C4,True
Q3_通信保障!R1545C5,True
Q3_通信保障!R1545C6,True
Q3_通信保障/row1546_no_extra_fields,True
Q3_通信保障!R1546C1,True
Q3_通信保障!R1546C2,True
Q3_通信保障!R1546C3,True
Q3_通信保障!R1546C4,True
Q3_通信保障!R1546C5,True
Q3_通信保障!R1546C6,True
Q3_通信保障/row1547_no_extra_fields,True
Q3_通信保障!R1547C1,True
Q3_通信保障!R1547C2,True
Q3_通信保障!R1547C3,True
Q3_通信保障!R1547C4,True
Q3_通信保障!R1547C5,True
Q3_通信保障!R1547C6,True
Q3_通信保障/row1548_no_extra_fields,True
Q3_通信保障!R1548C1,True
Q3_通信保障!R1548C2,True
Q3_通信保障!R1548C3,True
Q3_通信保障!R1548C4,True
Q3_通信保障!R1548C5,True
Q3_通信保障!R1548C6,True
Q3_通信保障/row1549_no_extra_fields,True
Q3_通信保障!R1549C1,True
Q3_通信保障!R1549C2,True
Q3_通信保障!R1549C3,True
Q3_通信保障!R1549C4,True
Q3_通信保障!R1549C5,True
Q3_通信保障!R1549C6,True
Q3_通信保障/row1550_no_extra_fields,True
Q3_通信保障!R1550C1,True
Q3_通信保障!R1550C2,True
Q3_通信保障!R1550C3,True
Q3_通信保障!R1550C4,True
Q3_通信保障!R1550C5,True
Q3_通信保障!R1550C6,True
Q3_通信保障/row1551_no_extra_fields,True
Q3_通信保障!R1551C1,True
Q3_通信保障!R1551C2,True
Q3_通信保障!R1551C3,True
Q3_通信保障!R1551C4,True
Q3_通信保障!R1551C5,True
Q3_通信保障!R1551C6,True
Q3_通信保障/row1552_no_extra_fields,True
Q3_通信保障!R1552C1,True
Q3_通信保障!R1552C2,True
Q3_通信保障!R1552C3,True
Q3_通信保障!R1552C4,True
Q3_通信保障!R1552C5,True
Q3_通信保障!R1552C6,True
Q3_通信保障/row1553_no_extra_fields,True
Q3_通信保障!R1553C1,True
Q3_通信保障!R1553C2,True
Q3_通信保障!R1553C3,True
Q3_通信保障!R1553C4,True
Q3_通信保障!R1553C5,True
Q3_通信保障!R1553C6,True
Q3_通信保障/row1554_no_extra_fields,True
Q3_通信保障!R1554C1,True
Q3_通信保障!R1554C2,True
Q3_通信保障!R1554C3,True
Q3_通信保障!R1554C4,True
Q3_通信保障!R1554C5,True
Q3_通信保障!R1554C6,True
Q3_通信保障/row1555_no_extra_fields,True
Q3_通信保障!R1555C1,True
Q3_通信保障!R1555C2,True
Q3_通信保障!R1555C3,True
Q3_通信保障!R1555C4,True
Q3_通信保障!R1555C5,True
Q3_通信保障!R1555C6,True
Q3_通信保障/row1556_no_extra_fields,True
Q3_通信保障!R1556C1,True
Q3_通信保障!R1556C2,True
Q3_通信保障!R1556C3,True
Q3_通信保障!R1556C4,True
Q3_通信保障!R1556C5,True
Q3_通信保障!R1556C6,True
Q3_通信保障/row1557_no_extra_fields,True
Q3_通信保障!R1557C1,True
Q3_通信保障!R1557C2,True
Q3_通信保障!R1557C3,True
Q3_通信保障!R1557C4,True
Q3_通信保障!R1557C5,True
Q3_通信保障!R1557C6,True
Q3_通信保障/row1558_no_extra_fields,True
Q3_通信保障!R1558C1,True
Q3_通信保障!R1558C2,True
Q3_通信保障!R1558C3,True
Q3_通信保障!R1558C4,True
Q3_通信保障!R1558C5,True
Q3_通信保障!R1558C6,True
Q3_通信保障/row1559_no_extra_fields,True
Q3_通信保障!R1559C1,True
Q3_通信保障!R1559C2,True
Q3_通信保障!R1559C3,True
Q3_通信保障!R1559C4,True
Q3_通信保障!R1559C5,True
Q3_通信保障!R1559C6,True
Q3_通信保障/row1560_no_extra_fields,True
Q3_通信保障!R1560C1,True
Q3_通信保障!R1560C2,True
Q3_通信保障!R1560C3,True
Q3_通信保障!R1560C4,True
Q3_通信保障!R1560C5,True
Q3_通信保障!R1560C6,True
Q3_通信保障/row1561_no_extra_fields,True
Q3_通信保障!R1561C1,True
Q3_通信保障!R1561C2,True
Q3_通信保障!R1561C3,True
Q3_通信保障!R1561C4,True
Q3_通信保障!R1561C5,True
Q3_通信保障!R1561C6,True
Q3_通信保障/row1562_no_extra_fields,True
Q3_通信保障!R1562C1,True
Q3_通信保障!R1562C2,True
Q3_通信保障!R1562C3,True
Q3_通信保障!R1562C4,True
Q3_通信保障!R1562C5,True
Q3_通信保障!R1562C6,True
Q3_通信保障/row1563_no_extra_fields,True
Q3_通信保障!R1563C1,True
Q3_通信保障!R1563C2,True
Q3_通信保障!R1563C3,True
Q3_通信保障!R1563C4,True
Q3_通信保障!R1563C5,True
Q3_通信保障!R1563C6,True
Q3_通信保障/row1564_no_extra_fields,True
Q3_通信保障!R1564C1,True
Q3_通信保障!R1564C2,True
Q3_通信保障!R1564C3,True
Q3_通信保障!R1564C4,True
Q3_通信保障!R1564C5,True
Q3_通信保障!R1564C6,True
Q3_通信保障/row1565_no_extra_fields,True
Q3_通信保障!R1565C1,True
Q3_通信保障!R1565C2,True
Q3_通信保障!R1565C3,True
Q3_通信保障!R1565C4,True
Q3_通信保障!R1565C5,True
Q3_通信保障!R1565C6,True
Q3_通信保障/row1566_no_extra_fields,True
Q3_通信保障!R1566C1,True
Q3_通信保障!R1566C2,True
Q3_通信保障!R1566C3,True
Q3_通信保障!R1566C4,True
Q3_通信保障!R1566C5,True
Q3_通信保障!R1566C6,True
Q3_通信保障/row1567_no_extra_fields,True
Q3_通信保障!R1567C1,True
Q3_通信保障!R1567C2,True
Q3_通信保障!R1567C3,True
Q3_通信保障!R1567C4,True
Q3_通信保障!R1567C5,True
Q3_通信保障!R1567C6,True
Q3_通信保障/row1568_no_extra_fields,True
Q3_通信保障!R1568C1,True
Q3_通信保障!R1568C2,True
Q3_通信保障!R1568C3,True
Q3_通信保障!R1568C4,True
Q3_通信保障!R1568C5,True
Q3_通信保障!R1568C6,True
Q3_通信保障/row1569_no_extra_fields,True
Q3_通信保障!R1569C1,True
Q3_通信保障!R1569C2,True
Q3_通信保障!R1569C3,True
Q3_通信保障!R1569C4,True
Q3_通信保障!R1569C5,True
Q3_通信保障!R1569C6,True
Q3_通信保障/row1570_no_extra_fields,True
Q3_通信保障!R1570C1,True
Q3_通信保障!R1570C2,True
Q3_通信保障!R1570C3,True
Q3_通信保障!R1570C4,True
Q3_通信保障!R1570C5,True
Q3_通信保障!R1570C6,True
Q3_通信保障/row1571_no_extra_fields,True
Q3_通信保障!R1571C1,True
Q3_通信保障!R1571C2,True
Q3_通信保障!R1571C3,True
Q3_通信保障!R1571C4,True
Q3_通信保障!R1571C5,True
Q3_通信保障!R1571C6,True
Q3_通信保障/row1572_no_extra_fields,True
Q3_通信保障!R1572C1,True
Q3_通信保障!R1572C2,True
Q3_通信保障!R1572C3,True
Q3_通信保障!R1572C4,True
Q3_通信保障!R1572C5,True
Q3_通信保障!R1572C6,True
Q3_通信保障/row1573_no_extra_fields,True
Q3_通信保障!R1573C1,True
Q3_通信保障!R1573C2,True
Q3_通信保障!R1573C3,True
Q3_通信保障!R1573C4,True
Q3_通信保障!R1573C5,True
Q3_通信保障!R1573C6,True
Q3_通信保障/row1574_no_extra_fields,True
Q3_通信保障!R1574C1,True
Q3_通信保障!R1574C2,True
Q3_通信保障!R1574C3,True
Q3_通信保障!R1574C4,True
Q3_通信保障!R1574C5,True
Q3_通信保障!R1574C6,True
Q3_通信保障/row1575_no_extra_fields,True
Q3_通信保障!R1575C1,True
Q3_通信保障!R1575C2,True
Q3_通信保障!R1575C3,True
Q3_通信保障!R1575C4,True
Q3_通信保障!R1575C5,True
Q3_通信保障!R1575C6,True
Q3_通信保障/row1576_no_extra_fields,True
Q3_通信保障!R1576C1,True
Q3_通信保障!R1576C2,True
Q3_通信保障!R1576C3,True
Q3_通信保障!R1576C4,True
Q3_通信保障!R1576C5,True
Q3_通信保障!R1576C6,True
Q3_通信保障/row1577_no_extra_fields,True
Q3_通信保障!R1577C1,True
Q3_通信保障!R1577C2,True
Q3_通信保障!R1577C3,True
Q3_通信保障!R1577C4,True
Q3_通信保障!R1577C5,True
Q3_通信保障!R1577C6,True
Q3_通信保障/row1578_no_extra_fields,True
Q3_通信保障!R1578C1,True
Q3_通信保障!R1578C2,True
Q3_通信保障!R1578C3,True
Q3_通信保障!R1578C4,True
Q3_通信保障!R1578C5,True
Q3_通信保障!R1578C6,True
Q3_通信保障/row1579_no_extra_fields,True
Q3_通信保障!R1579C1,True
Q3_通信保障!R1579C2,True
Q3_通信保障!R1579C3,True
Q3_通信保障!R1579C4,True
Q3_通信保障!R1579C5,True
Q3_通信保障!R1579C6,True
Q3_通信保障/row1580_no_extra_fields,True
Q3_通信保障!R1580C1,True
Q3_通信保障!R1580C2,True
Q3_通信保障!R1580C3,True
Q3_通信保障!R1580C4,True
Q3_通信保障!R1580C5,True
Q3_通信保障!R1580C6,True
Q3_通信保障/row1581_no_extra_fields,True
Q3_通信保障!R1581C1,True
Q3_通信保障!R1581C2,True
Q3_通信保障!R1581C3,True
Q3_通信保障!R1581C4,True
Q3_通信保障!R1581C5,True
Q3_通信保障!R1581C6,True
Q3_通信保障/row1582_no_extra_fields,True
Q3_通信保障!R1582C1,True
Q3_通信保障!R1582C2,True
Q3_通信保障!R1582C3,True
Q3_通信保障!R1582C4,True
Q3_通信保障!R1582C5,True
Q3_通信保障!R1582C6,True
Q3_通信保障/row1583_no_extra_fields,True
Q3_通信保障!R1583C1,True
Q3_通信保障!R1583C2,True
Q3_通信保障!R1583C3,True
Q3_通信保障!R1583C4,True
Q3_通信保障!R1583C5,True
Q3_通信保障!R1583C6,True
Q3_通信保障/row1584_no_extra_fields,True
Q3_通信保障!R1584C1,True
Q3_通信保障!R1584C2,True
Q3_通信保障!R1584C3,True
Q3_通信保障!R1584C4,True
Q3_通信保障!R1584C5,True
Q3_通信保障!R1584C6,True
Q3_通信保障/row1585_no_extra_fields,True
Q3_通信保障!R1585C1,True
Q3_通信保障!R1585C2,True
Q3_通信保障!R1585C3,True
Q3_通信保障!R1585C4,True
Q3_通信保障!R1585C5,True
Q3_通信保障!R1585C6,True
Q3_通信保障/row1586_no_extra_fields,True
Q3_通信保障!R1586C1,True
Q3_通信保障!R1586C2,True
Q3_通信保障!R1586C3,True
Q3_通信保障!R1586C4,True
Q3_通信保障!R1586C5,True
Q3_通信保障!R1586C6,True
Q3_通信保障/row1587_no_extra_fields,True
Q3_通信保障!R1587C1,True
Q3_通信保障!R1587C2,True
Q3_通信保障!R1587C3,True
Q3_通信保障!R1587C4,True
Q3_通信保障!R1587C5,True
Q3_通信保障!R1587C6,True
Q3_通信保障/row1588_no_extra_fields,True
Q3_通信保障!R1588C1,True
Q3_通信保障!R1588C2,True
Q3_通信保障!R1588C3,True
Q3_通信保障!R1588C4,True
Q3_通信保障!R1588C5,True
Q3_通信保障!R1588C6,True
Q3_通信保障/row1589_no_extra_fields,True
Q3_通信保障!R1589C1,True
Q3_通信保障!R1589C2,True
Q3_通信保障!R1589C3,True
Q3_通信保障!R1589C4,True
Q3_通信保障!R1589C5,True
Q3_通信保障!R1589C6,True
Q3_通信保障/row1590_no_extra_fields,True
Q3_通信保障!R1590C1,True
Q3_通信保障!R1590C2,True
Q3_通信保障!R1590C3,True
Q3_通信保障!R1590C4,True
Q3_通信保障!R1590C5,True
Q3_通信保障!R1590C6,True
Q3_通信保障/row1591_no_extra_fields,True
Q3_通信保障!R1591C1,True
Q3_通信保障!R1591C2,True
Q3_通信保障!R1591C3,True
Q3_通信保障!R1591C4,True
Q3_通信保障!R1591C5,True
Q3_通信保障!R1591C6,True
Q3_通信保障/row1592_no_extra_fields,True
Q3_通信保障!R1592C1,True
Q3_通信保障!R1592C2,True
Q3_通信保障!R1592C3,True
Q3_通信保障!R1592C4,True
Q3_通信保障!R1592C5,True
Q3_通信保障!R1592C6,True
Q3_通信保障/row1593_no_extra_fields,True
Q3_通信保障!R1593C1,True
Q3_通信保障!R1593C2,True
Q3_通信保障!R1593C3,True
Q3_通信保障!R1593C4,True
Q3_通信保障!R1593C5,True
Q3_通信保障!R1593C6,True
Q3_通信保障/row1594_no_extra_fields,True
Q3_通信保障!R1594C1,True
Q3_通信保障!R1594C2,True
Q3_通信保障!R1594C3,True
Q3_通信保障!R1594C4,True
Q3_通信保障!R1594C5,True
Q3_通信保障!R1594C6,True
Q3_通信保障/row1595_no_extra_fields,True
Q3_通信保障!R1595C1,True
Q3_通信保障!R1595C2,True
Q3_通信保障!R1595C3,True
Q3_通信保障!R1595C4,True
Q3_通信保障!R1595C5,True
Q3_通信保障!R1595C6,True
Q3_通信保障/row1596_no_extra_fields,True
Q3_通信保障!R1596C1,True
Q3_通信保障!R1596C2,True
Q3_通信保障!R1596C3,True
Q3_通信保障!R1596C4,True
Q3_通信保障!R1596C5,True
Q3_通信保障!R1596C6,True
Q3_通信保障/row1597_no_extra_fields,True
Q3_通信保障!R1597C1,True
Q3_通信保障!R1597C2,True
Q3_通信保障!R1597C3,True
Q3_通信保障!R1597C4,True
Q3_通信保障!R1597C5,True
Q3_通信保障!R1597C6,True
Q3_通信保障/row1598_no_extra_fields,True
Q3_通信保障!R1598C1,True
Q3_通信保障!R1598C2,True
Q3_通信保障!R1598C3,True
Q3_通信保障!R1598C4,True
Q3_通信保障!R1598C5,True
Q3_通信保障!R1598C6,True
Q3_通信保障/row1599_no_extra_fields,True
Q3_通信保障!R1599C1,True
Q3_通信保障!R1599C2,True
Q3_通信保障!R1599C3,True
Q3_通信保障!R1599C4,True
Q3_通信保障!R1599C5,True
Q3_通信保障!R1599C6,True
Q3_通信保障/row1600_no_extra_fields,True
Q3_通信保障!R1600C1,True
Q3_通信保障!R1600C2,True
Q3_通信保障!R1600C3,True
Q3_通信保障!R1600C4,True
Q3_通信保障!R1600C5,True
Q3_通信保障!R1600C6,True
Q3_通信保障/row1601_no_extra_fields,True
Q3_通信保障!R1601C1,True
Q3_通信保障!R1601C2,True
Q3_通信保障!R1601C3,True
Q3_通信保障!R1601C4,True
Q3_通信保障!R1601C5,True
Q3_通信保障!R1601C6,True
Q3_通信保障/row1602_no_extra_fields,True
Q3_通信保障!R1602C1,True
Q3_通信保障!R1602C2,True
Q3_通信保障!R1602C3,True
Q3_通信保障!R1602C4,True
Q3_通信保障!R1602C5,True
Q3_通信保障!R1602C6,True
Q3_通信保障/row1603_no_extra_fields,True
Q3_通信保障!R1603C1,True
Q3_通信保障!R1603C2,True
Q3_通信保障!R1603C3,True
Q3_通信保障!R1603C4,True
Q3_通信保障!R1603C5,True
Q3_通信保障!R1603C6,True
Q3_通信保障/row1604_no_extra_fields,True
Q3_通信保障!R1604C1,True
Q3_通信保障!R1604C2,True
Q3_通信保障!R1604C3,True
Q3_通信保障!R1604C4,True
Q3_通信保障!R1604C5,True
Q3_通信保障!R1604C6,True
Q3_通信保障/row1605_no_extra_fields,True
Q3_通信保障!R1605C1,True
Q3_通信保障!R1605C2,True
Q3_通信保障!R1605C3,True
Q3_通信保障!R1605C4,True
Q3_通信保障!R1605C5,True
Q3_通信保障!R1605C6,True
Q3_通信保障/row1606_no_extra_fields,True
Q3_通信保障!R1606C1,True
Q3_通信保障!R1606C2,True
Q3_通信保障!R1606C3,True
Q3_通信保障!R1606C4,True
Q3_通信保障!R1606C5,True
Q3_通信保障!R1606C6,True
Q3_通信保障/row1607_no_extra_fields,True
Q3_通信保障!R1607C1,True
Q3_通信保障!R1607C2,True
Q3_通信保障!R1607C3,True
Q3_通信保障!R1607C4,True
Q3_通信保障!R1607C5,True
Q3_通信保障!R1607C6,True
Q3_通信保障/row1608_no_extra_fields,True
Q3_通信保障!R1608C1,True
Q3_通信保障!R1608C2,True
Q3_通信保障!R1608C3,True
Q3_通信保障!R1608C4,True
Q3_通信保障!R1608C5,True
Q3_通信保障!R1608C6,True
Q3_通信保障/row1609_no_extra_fields,True
Q3_通信保障!R1609C1,True
Q3_通信保障!R1609C2,True
Q3_通信保障!R1609C3,True
Q3_通信保障!R1609C4,True
Q3_通信保障!R1609C5,True
Q3_通信保障!R1609C6,True
Q3_通信保障/row1610_no_extra_fields,True
Q3_通信保障!R1610C1,True
Q3_通信保障!R1610C2,True
Q3_通信保障!R1610C3,True
Q3_通信保障!R1610C4,True
Q3_通信保障!R1610C5,True
Q3_通信保障!R1610C6,True
Q3_通信保障/row1611_no_extra_fields,True
Q3_通信保障!R1611C1,True
Q3_通信保障!R1611C2,True
Q3_通信保障!R1611C3,True
Q3_通信保障!R1611C4,True
Q3_通信保障!R1611C5,True
Q3_通信保障!R1611C6,True
Q3_通信保障/row1612_no_extra_fields,True
Q3_通信保障!R1612C1,True
Q3_通信保障!R1612C2,True
Q3_通信保障!R1612C3,True
Q3_通信保障!R1612C4,True
Q3_通信保障!R1612C5,True
Q3_通信保障!R1612C6,True
Q3_通信保障/row1613_no_extra_fields,True
Q3_通信保障!R1613C1,True
Q3_通信保障!R1613C2,True
Q3_通信保障!R1613C3,True
Q3_通信保障!R1613C4,True
Q3_通信保障!R1613C5,True
Q3_通信保障!R1613C6,True
Q3_通信保障/row1614_no_extra_fields,True
Q3_通信保障!R1614C1,True
Q3_通信保障!R1614C2,True
Q3_通信保障!R1614C3,True
Q3_通信保障!R1614C4,True
Q3_通信保障!R1614C5,True
Q3_通信保障!R1614C6,True
Q3_通信保障/row1615_no_extra_fields,True
Q3_通信保障!R1615C1,True
Q3_通信保障!R1615C2,True
Q3_通信保障!R1615C3,True
Q3_通信保障!R1615C4,True
Q3_通信保障!R1615C5,True
Q3_通信保障!R1615C6,True
Q3_通信保障/row1616_no_extra_fields,True
Q3_通信保障!R1616C1,True
Q3_通信保障!R1616C2,True
Q3_通信保障!R1616C3,True
Q3_通信保障!R1616C4,True
Q3_通信保障!R1616C5,True
Q3_通信保障!R1616C6,True
Q3_通信保障/row1617_no_extra_fields,True
Q3_通信保障!R1617C1,True
Q3_通信保障!R1617C2,True
Q3_通信保障!R1617C3,True
Q3_通信保障!R1617C4,True
Q3_通信保障!R1617C5,True
Q3_通信保障!R1617C6,True
Q3_通信保障/row1618_no_extra_fields,True
Q3_通信保障!R1618C1,True
Q3_通信保障!R1618C2,True
Q3_通信保障!R1618C3,True
Q3_通信保障!R1618C4,True
Q3_通信保障!R1618C5,True
Q3_通信保障!R1618C6,True
Q3_通信保障/row1619_no_extra_fields,True
Q3_通信保障!R1619C1,True
Q3_通信保障!R1619C2,True
Q3_通信保障!R1619C3,True
Q3_通信保障!R1619C4,True
Q3_通信保障!R1619C5,True
Q3_通信保障!R1619C6,True
Q3_通信保障/row1620_no_extra_fields,True
Q3_通信保障!R1620C1,True
Q3_通信保障!R1620C2,True
Q3_通信保障!R1620C3,True
Q3_通信保障!R1620C4,True
Q3_通信保障!R1620C5,True
Q3_通信保障!R1620C6,True
Q3_通信保障/row1621_no_extra_fields,True
Q3_通信保障!R1621C1,True
Q3_通信保障!R1621C2,True
Q3_通信保障!R1621C3,True
Q3_通信保障!R1621C4,True
Q3_通信保障!R1621C5,True
Q3_通信保障!R1621C6,True
Q3_通信保障/row1622_no_extra_fields,True
Q3_通信保障!R1622C1,True
Q3_通信保障!R1622C2,True
Q3_通信保障!R1622C3,True
Q3_通信保障!R1622C4,True
Q3_通信保障!R1622C5,True
Q3_通信保障!R1622C6,True
Q3_通信保障/row1623_no_extra_fields,True
Q3_通信保障!R1623C1,True
Q3_通信保障!R1623C2,True
Q3_通信保障!R1623C3,True
Q3_通信保障!R1623C4,True
Q3_通信保障!R1623C5,True
Q3_通信保障!R1623C6,True
Q3_通信保障/row1624_no_extra_fields,True
Q3_通信保障!R1624C1,True
Q3_通信保障!R1624C2,True
Q3_通信保障!R1624C3,True
Q3_通信保障!R1624C4,True
Q3_通信保障!R1624C5,True
Q3_通信保障!R1624C6,True
Q3_通信保障/row1625_no_extra_fields,True
Q3_通信保障!R1625C1,True
Q3_通信保障!R1625C2,True
Q3_通信保障!R1625C3,True
Q3_通信保障!R1625C4,True
Q3_通信保障!R1625C5,True
Q3_通信保障!R1625C6,True
Q3_通信保障/row1626_no_extra_fields,True
Q3_通信保障!R1626C1,True
Q3_通信保障!R1626C2,True
Q3_通信保障!R1626C3,True
Q3_通信保障!R1626C4,True
Q3_通信保障!R1626C5,True
Q3_通信保障!R1626C6,True
Q3_通信保障/row1627_no_extra_fields,True
Q3_通信保障!R1627C1,True
Q3_通信保障!R1627C2,True
Q3_通信保障!R1627C3,True
Q3_通信保障!R1627C4,True
Q3_通信保障!R1627C5,True
Q3_通信保障!R1627C6,True
Q3_通信保障/row1628_no_extra_fields,True
Q3_通信保障!R1628C1,True
Q3_通信保障!R1628C2,True
Q3_通信保障!R1628C3,True
Q3_通信保障!R1628C4,True
Q3_通信保障!R1628C5,True
Q3_通信保障!R1628C6,True
Q3_通信保障/row1629_no_extra_fields,True
Q3_通信保障!R1629C1,True
Q3_通信保障!R1629C2,True
Q3_通信保障!R1629C3,True
Q3_通信保障!R1629C4,True
Q3_通信保障!R1629C5,True
Q3_通信保障!R1629C6,True
Q3_通信保障/row1630_no_extra_fields,True
Q3_通信保障!R1630C1,True
Q3_通信保障!R1630C2,True
Q3_通信保障!R1630C3,True
Q3_通信保障!R1630C4,True
Q3_通信保障!R1630C5,True
Q3_通信保障!R1630C6,True
Q3_通信保障/row1631_no_extra_fields,True
Q3_通信保障!R1631C1,True
Q3_通信保障!R1631C2,True
Q3_通信保障!R1631C3,True
Q3_通信保障!R1631C4,True
Q3_通信保障!R1631C5,True
Q3_通信保障!R1631C6,True
Q3_通信保障/row1632_no_extra_fields,True
Q3_通信保障!R1632C1,True
Q3_通信保障!R1632C2,True
Q3_通信保障!R1632C3,True
Q3_通信保障!R1632C4,True
Q3_通信保障!R1632C5,True
Q3_通信保障!R1632C6,True
Q3_通信保障/row1633_no_extra_fields,True
Q3_通信保障!R1633C1,True
Q3_通信保障!R1633C2,True
Q3_通信保障!R1633C3,True
Q3_通信保障!R1633C4,True
Q3_通信保障!R1633C5,True
Q3_通信保障!R1633C6,True
Q3_通信保障/row1634_no_extra_fields,True
Q3_通信保障!R1634C1,True
Q3_通信保障!R1634C2,True
Q3_通信保障!R1634C3,True
Q3_通信保障!R1634C4,True
Q3_通信保障!R1634C5,True
Q3_通信保障!R1634C6,True
Q3_通信保障/row1635_no_extra_fields,True
Q3_通信保障!R1635C1,True
Q3_通信保障!R1635C2,True
Q3_通信保障!R1635C3,True
Q3_通信保障!R1635C4,True
Q3_通信保障!R1635C5,True
Q3_通信保障!R1635C6,True
Q3_通信保障/row1636_no_extra_fields,True
Q3_通信保障!R1636C1,True
Q3_通信保障!R1636C2,True
Q3_通信保障!R1636C3,True
Q3_通信保障!R1636C4,True
Q3_通信保障!R1636C5,True
Q3_通信保障!R1636C6,True
Q3_通信保障/row1637_no_extra_fields,True
Q3_通信保障!R1637C1,True
Q3_通信保障!R1637C2,True
Q3_通信保障!R1637C3,True
Q3_通信保障!R1637C4,True
Q3_通信保障!R1637C5,True
Q3_通信保障!R1637C6,True
Q3_通信保障/row1638_no_extra_fields,True
Q3_通信保障!R1638C1,True
Q3_通信保障!R1638C2,True
Q3_通信保障!R1638C3,True
Q3_通信保障!R1638C4,True
Q3_通信保障!R1638C5,True
Q3_通信保障!R1638C6,True
Q3_通信保障/row1639_no_extra_fields,True
Q3_通信保障!R1639C1,True
Q3_通信保障!R1639C2,True
Q3_通信保障!R1639C3,True
Q3_通信保障!R1639C4,True
Q3_通信保障!R1639C5,True
Q3_通信保障!R1639C6,True
Q3_通信保障/row1640_no_extra_fields,True
Q3_通信保障!R1640C1,True
Q3_通信保障!R1640C2,True
Q3_通信保障!R1640C3,True
Q3_通信保障!R1640C4,True
Q3_通信保障!R1640C5,True
Q3_通信保障!R1640C6,True
Q3_通信保障/row1641_no_extra_fields,True
Q3_通信保障!R1641C1,True
Q3_通信保障!R1641C2,True
Q3_通信保障!R1641C3,True
Q3_通信保障!R1641C4,True
Q3_通信保障!R1641C5,True
Q3_通信保障!R1641C6,True
Q3_通信保障/row1642_no_extra_fields,True
Q3_通信保障!R1642C1,True
Q3_通信保障!R1642C2,True
Q3_通信保障!R1642C3,True
Q3_通信保障!R1642C4,True
Q3_通信保障!R1642C5,True
Q3_通信保障!R1642C6,True
Q3_通信保障/row1643_no_extra_fields,True
Q3_通信保障!R1643C1,True
Q3_通信保障!R1643C2,True
Q3_通信保障!R1643C3,True
Q3_通信保障!R1643C4,True
Q3_通信保障!R1643C5,True
Q3_通信保障!R1643C6,True
Q3_通信保障/row1644_no_extra_fields,True
Q3_通信保障!R1644C1,True
Q3_通信保障!R1644C2,True
Q3_通信保障!R1644C3,True
Q3_通信保障!R1644C4,True
Q3_通信保障!R1644C5,True
Q3_通信保障!R1644C6,True
Q3_通信保障/row1645_no_extra_fields,True
Q3_通信保障!R1645C1,True
Q3_通信保障!R1645C2,True
Q3_通信保障!R1645C3,True
Q3_通信保障!R1645C4,True
Q3_通信保障!R1645C5,True
Q3_通信保障!R1645C6,True
Q3_通信保障/row1646_no_extra_fields,True
Q3_通信保障!R1646C1,True
Q3_通信保障!R1646C2,True
Q3_通信保障!R1646C3,True
Q3_通信保障!R1646C4,True
Q3_通信保障!R1646C5,True
Q3_通信保障!R1646C6,True
Q3_通信保障/row1647_no_extra_fields,True
Q3_通信保障!R1647C1,True
Q3_通信保障!R1647C2,True
Q3_通信保障!R1647C3,True
Q3_通信保障!R1647C4,True
Q3_通信保障!R1647C5,True
Q3_通信保障!R1647C6,True
Q3_通信保障/row1648_no_extra_fields,True
Q3_通信保障!R1648C1,True
Q3_通信保障!R1648C2,True
Q3_通信保障!R1648C3,True
Q3_通信保障!R1648C4,True
Q3_通信保障!R1648C5,True
Q3_通信保障!R1648C6,True
Q3_通信保障/row1649_no_extra_fields,True
Q3_通信保障!R1649C1,True
Q3_通信保障!R1649C2,True
Q3_通信保障!R1649C3,True
Q3_通信保障!R1649C4,True
Q3_通信保障!R1649C5,True
Q3_通信保障!R1649C6,True
Q3_通信保障/row1650_no_extra_fields,True
Q3_通信保障!R1650C1,True
Q3_通信保障!R1650C2,True
Q3_通信保障!R1650C3,True
Q3_通信保障!R1650C4,True
Q3_通信保障!R1650C5,True
Q3_通信保障!R1650C6,True
Q3_通信保障/row1651_no_extra_fields,True
Q3_通信保障!R1651C1,True
Q3_通信保障!R1651C2,True
Q3_通信保障!R1651C3,True
Q3_通信保障!R1651C4,True
Q3_通信保障!R1651C5,True
Q3_通信保障!R1651C6,True
Q3_通信保障/row1652_no_extra_fields,True
Q3_通信保障!R1652C1,True
Q3_通信保障!R1652C2,True
Q3_通信保障!R1652C3,True
Q3_通信保障!R1652C4,True
Q3_通信保障!R1652C5,True
Q3_通信保障!R1652C6,True
Q3_通信保障/row1653_no_extra_fields,True
Q3_通信保障!R1653C1,True
Q3_通信保障!R1653C2,True
Q3_通信保障!R1653C3,True
Q3_通信保障!R1653C4,True
Q3_通信保障!R1653C5,True
Q3_通信保障!R1653C6,True
Q3_通信保障/row1654_no_extra_fields,True
Q3_通信保障!R1654C1,True
Q3_通信保障!R1654C2,True
Q3_通信保障!R1654C3,True
Q3_通信保障!R1654C4,True
Q3_通信保障!R1654C5,True
Q3_通信保障!R1654C6,True
Q3_通信保障/row1655_no_extra_fields,True
Q3_通信保障!R1655C1,True
Q3_通信保障!R1655C2,True
Q3_通信保障!R1655C3,True
Q3_通信保障!R1655C4,True
Q3_通信保障!R1655C5,True
Q3_通信保障!R1655C6,True
Q3_通信保障/row1656_no_extra_fields,True
Q3_通信保障!R1656C1,True
Q3_通信保障!R1656C2,True
Q3_通信保障!R1656C3,True
Q3_通信保障!R1656C4,True
Q3_通信保障!R1656C5,True
Q3_通信保障!R1656C6,True
Q3_通信保障/row1657_no_extra_fields,True
Q3_通信保障!R1657C1,True
Q3_通信保障!R1657C2,True
Q3_通信保障!R1657C3,True
Q3_通信保障!R1657C4,True
Q3_通信保障!R1657C5,True
Q3_通信保障!R1657C6,True
Q3_通信保障/row1658_no_extra_fields,True
Q3_通信保障!R1658C1,True
Q3_通信保障!R1658C2,True
Q3_通信保障!R1658C3,True
Q3_通信保障!R1658C4,True
Q3_通信保障!R1658C5,True
Q3_通信保障!R1658C6,True
Q3_通信保障/row1659_no_extra_fields,True
Q3_通信保障!R1659C1,True
Q3_通信保障!R1659C2,True
Q3_通信保障!R1659C3,True
Q3_通信保障!R1659C4,True
Q3_通信保障!R1659C5,True
Q3_通信保障!R1659C6,True
Q3_通信保障/row1660_no_extra_fields,True
Q3_通信保障!R1660C1,True
Q3_通信保障!R1660C2,True
Q3_通信保障!R1660C3,True
Q3_通信保障!R1660C4,True
Q3_通信保障!R1660C5,True
Q3_通信保障!R1660C6,True
Q3_通信保障/row1661_no_extra_fields,True
Q3_通信保障!R1661C1,True
Q3_通信保障!R1661C2,True
Q3_通信保障!R1661C3,True
Q3_通信保障!R1661C4,True
Q3_通信保障!R1661C5,True
Q3_通信保障!R1661C6,True
Q3_通信保障/row1662_no_extra_fields,True
Q3_通信保障!R1662C1,True
Q3_通信保障!R1662C2,True
Q3_通信保障!R1662C3,True
Q3_通信保障!R1662C4,True
Q3_通信保障!R1662C5,True
Q3_通信保障!R1662C6,True
Q3_通信保障/row1663_no_extra_fields,True
Q3_通信保障!R1663C1,True
Q3_通信保障!R1663C2,True
Q3_通信保障!R1663C3,True
Q3_通信保障!R1663C4,True
Q3_通信保障!R1663C5,True
Q3_通信保障!R1663C6,True
Q3_通信保障/row1664_no_extra_fields,True
Q3_通信保障!R1664C1,True
Q3_通信保障!R1664C2,True
Q3_通信保障!R1664C3,True
Q3_通信保障!R1664C4,True
Q3_通信保障!R1664C5,True
Q3_通信保障!R1664C6,True
Q3_通信保障/row1665_no_extra_fields,True
Q3_通信保障!R1665C1,True
Q3_通信保障!R1665C2,True
Q3_通信保障!R1665C3,True
Q3_通信保障!R1665C4,True
Q3_通信保障!R1665C5,True
Q3_通信保障!R1665C6,True
Q3_通信保障/row1666_no_extra_fields,True
Q3_通信保障!R1666C1,True
Q3_通信保障!R1666C2,True
Q3_通信保障!R1666C3,True
Q3_通信保障!R1666C4,True
Q3_通信保障!R1666C5,True
Q3_通信保障!R1666C6,True
Q3_通信保障/row1667_no_extra_fields,True
Q3_通信保障!R1667C1,True
Q3_通信保障!R1667C2,True
Q3_通信保障!R1667C3,True
Q3_通信保障!R1667C4,True
Q3_通信保障!R1667C5,True
Q3_通信保障!R1667C6,True
Q3_通信保障/row1668_no_extra_fields,True
Q3_通信保障!R1668C1,True
Q3_通信保障!R1668C2,True
Q3_通信保障!R1668C3,True
Q3_通信保障!R1668C4,True
Q3_通信保障!R1668C5,True
Q3_通信保障!R1668C6,True
Q3_通信保障/row1669_no_extra_fields,True
Q3_通信保障!R1669C1,True
Q3_通信保障!R1669C2,True
Q3_通信保障!R1669C3,True
Q3_通信保障!R1669C4,True
Q3_通信保障!R1669C5,True
Q3_通信保障!R1669C6,True
Q3_通信保障/row1670_no_extra_fields,True
Q3_通信保障!R1670C1,True
Q3_通信保障!R1670C2,True
Q3_通信保障!R1670C3,True
Q3_通信保障!R1670C4,True
Q3_通信保障!R1670C5,True
Q3_通信保障!R1670C6,True
Q3_通信保障/row1671_no_extra_fields,True
Q3_通信保障!R1671C1,True
Q3_通信保障!R1671C2,True
Q3_通信保障!R1671C3,True
Q3_通信保障!R1671C4,True
Q3_通信保障!R1671C5,True
Q3_通信保障!R1671C6,True
Q3_通信保障/row1672_no_extra_fields,True
Q3_通信保障!R1672C1,True
Q3_通信保障!R1672C2,True
Q3_通信保障!R1672C3,True
Q3_通信保障!R1672C4,True
Q3_通信保障!R1672C5,True
Q3_通信保障!R1672C6,True
Q3_通信保障/row1673_no_extra_fields,True
Q3_通信保障!R1673C1,True
Q3_通信保障!R1673C2,True
Q3_通信保障!R1673C3,True
Q3_通信保障!R1673C4,True
Q3_通信保障!R1673C5,True
Q3_通信保障!R1673C6,True
Q3_通信保障/row1674_no_extra_fields,True
Q3_通信保障!R1674C1,True
Q3_通信保障!R1674C2,True
Q3_通信保障!R1674C3,True
Q3_通信保障!R1674C4,True
Q3_通信保障!R1674C5,True
Q3_通信保障!R1674C6,True
Q3_通信保障/row1675_no_extra_fields,True
Q3_通信保障!R1675C1,True
Q3_通信保障!R1675C2,True
Q3_通信保障!R1675C3,True
Q3_通信保障!R1675C4,True
Q3_通信保障!R1675C5,True
Q3_通信保障!R1675C6,True
Q3_通信保障/row1676_no_extra_fields,True
Q3_通信保障!R1676C1,True
Q3_通信保障!R1676C2,True
Q3_通信保障!R1676C3,True
Q3_通信保障!R1676C4,True
Q3_通信保障!R1676C5,True
Q3_通信保障!R1676C6,True
Q3_通信保障/row1677_no_extra_fields,True
Q3_通信保障!R1677C1,True
Q3_通信保障!R1677C2,True
Q3_通信保障!R1677C3,True
Q3_通信保障!R1677C4,True
Q3_通信保障!R1677C5,True
Q3_通信保障!R1677C6,True
Q3_通信保障/row1678_no_extra_fields,True
Q3_通信保障!R1678C1,True
Q3_通信保障!R1678C2,True
Q3_通信保障!R1678C3,True
Q3_通信保障!R1678C4,True
Q3_通信保障!R1678C5,True
Q3_通信保障!R1678C6,True
Q3_通信保障/row1679_no_extra_fields,True
Q3_通信保障!R1679C1,True
Q3_通信保障!R1679C2,True
Q3_通信保障!R1679C3,True
Q3_通信保障!R1679C4,True
Q3_通信保障!R1679C5,True
Q3_通信保障!R1679C6,True
Q3_通信保障/row1680_no_extra_fields,True
Q3_通信保障!R1680C1,True
Q3_通信保障!R1680C2,True
Q3_通信保障!R1680C3,True
Q3_通信保障!R1680C4,True
Q3_通信保障!R1680C5,True
Q3_通信保障!R1680C6,True
Q3_通信保障/row1681_no_extra_fields,True
Q3_通信保障!R1681C1,True
Q3_通信保障!R1681C2,True
Q3_通信保障!R1681C3,True
Q3_通信保障!R1681C4,True
Q3_通信保障!R1681C5,True
Q3_通信保障!R1681C6,True
Q3_通信保障/row1682_no_extra_fields,True
Q3_通信保障!R1682C1,True
Q3_通信保障!R1682C2,True
Q3_通信保障!R1682C3,True
Q3_通信保障!R1682C4,True
Q3_通信保障!R1682C5,True
Q3_通信保障!R1682C6,True
Q3_通信保障/row1683_no_extra_fields,True
Q3_通信保障!R1683C1,True
Q3_通信保障!R1683C2,True
Q3_通信保障!R1683C3,True
Q3_通信保障!R1683C4,True
Q3_通信保障!R1683C5,True
Q3_通信保障!R1683C6,True
Q3_通信保障/row1684_no_extra_fields,True
Q3_通信保障!R1684C1,True
Q3_通信保障!R1684C2,True
Q3_通信保障!R1684C3,True
Q3_通信保障!R1684C4,True
Q3_通信保障!R1684C5,True
Q3_通信保障!R1684C6,True
Q3_通信保障/row1685_no_extra_fields,True
Q3_通信保障!R1685C1,True
Q3_通信保障!R1685C2,True
Q3_通信保障!R1685C3,True
Q3_通信保障!R1685C4,True
Q3_通信保障!R1685C5,True
Q3_通信保障!R1685C6,True
Q3_通信保障/row1686_no_extra_fields,True
Q3_通信保障!R1686C1,True
Q3_通信保障!R1686C2,True
Q3_通信保障!R1686C3,True
Q3_通信保障!R1686C4,True
Q3_通信保障!R1686C5,True
Q3_通信保障!R1686C6,True
Q3_通信保障/row1687_no_extra_fields,True
Q3_通信保障!R1687C1,True
Q3_通信保障!R1687C2,True
Q3_通信保障!R1687C3,True
Q3_通信保障!R1687C4,True
Q3_通信保障!R1687C5,True
Q3_通信保障!R1687C6,True
Q3_通信保障/row1688_no_extra_fields,True
Q3_通信保障!R1688C1,True
Q3_通信保障!R1688C2,True
Q3_通信保障!R1688C3,True
Q3_通信保障!R1688C4,True
Q3_通信保障!R1688C5,True
Q3_通信保障!R1688C6,True
Q3_通信保障/row1689_no_extra_fields,True
Q3_通信保障!R1689C1,True
Q3_通信保障!R1689C2,True
Q3_通信保障!R1689C3,True
Q3_通信保障!R1689C4,True
Q3_通信保障!R1689C5,True
Q3_通信保障!R1689C6,True
Q3_通信保障/row1690_no_extra_fields,True
Q3_通信保障!R1690C1,True
Q3_通信保障!R1690C2,True
Q3_通信保障!R1690C3,True
Q3_通信保障!R1690C4,True
Q3_通信保障!R1690C5,True
Q3_通信保障!R1690C6,True
Q3_通信保障/row1691_no_extra_fields,True
Q3_通信保障!R1691C1,True
Q3_通信保障!R1691C2,True
Q3_通信保障!R1691C3,True
Q3_通信保障!R1691C4,True
Q3_通信保障!R1691C5,True
Q3_通信保障!R1691C6,True
Q3_通信保障/row1692_no_extra_fields,True
Q3_通信保障!R1692C1,True
Q3_通信保障!R1692C2,True
Q3_通信保障!R1692C3,True
Q3_通信保障!R1692C4,True
Q3_通信保障!R1692C5,True
Q3_通信保障!R1692C6,True
Q3_通信保障/row1693_no_extra_fields,True
Q3_通信保障!R1693C1,True
Q3_通信保障!R1693C2,True
Q3_通信保障!R1693C3,True
Q3_通信保障!R1693C4,True
Q3_通信保障!R1693C5,True
Q3_通信保障!R1693C6,True
Q3_通信保障/row1694_no_extra_fields,True
Q3_通信保障!R1694C1,True
Q3_通信保障!R1694C2,True
Q3_通信保障!R1694C3,True
Q3_通信保障!R1694C4,True
Q3_通信保障!R1694C5,True
Q3_通信保障!R1694C6,True
Q3_通信保障/row1695_no_extra_fields,True
Q3_通信保障!R1695C1,True
Q3_通信保障!R1695C2,True
Q3_通信保障!R1695C3,True
Q3_通信保障!R1695C4,True
Q3_通信保障!R1695C5,True
Q3_通信保障!R1695C6,True
Q3_通信保障/row1696_no_extra_fields,True
Q3_通信保障!R1696C1,True
Q3_通信保障!R1696C2,True
Q3_通信保障!R1696C3,True
Q3_通信保障!R1696C4,True
Q3_通信保障!R1696C5,True
Q3_通信保障!R1696C6,True
Q3_通信保障/row1697_no_extra_fields,True
Q3_通信保障!R1697C1,True
Q3_通信保障!R1697C2,True
Q3_通信保障!R1697C3,True
Q3_通信保障!R1697C4,True
Q3_通信保障!R1697C5,True
Q3_通信保障!R1697C6,True
Q3_通信保障/row1698_no_extra_fields,True
Q3_通信保障!R1698C1,True
Q3_通信保障!R1698C2,True
Q3_通信保障!R1698C3,True
Q3_通信保障!R1698C4,True
Q3_通信保障!R1698C5,True
Q3_通信保障!R1698C6,True
Q3_通信保障/row1699_no_extra_fields,True
Q3_通信保障!R1699C1,True
Q3_通信保障!R1699C2,True
Q3_通信保障!R1699C3,True
Q3_通信保障!R1699C4,True
Q3_通信保障!R1699C5,True
Q3_通信保障!R1699C6,True
Q3_通信保障/row1700_no_extra_fields,True
Q3_通信保障!R1700C1,True
Q3_通信保障!R1700C2,True
Q3_通信保障!R1700C3,True
Q3_通信保障!R1700C4,True
Q3_通信保障!R1700C5,True
Q3_通信保障!R1700C6,True
Q3_通信保障/row1701_no_extra_fields,True
Q3_通信保障!R1701C1,True
Q3_通信保障!R1701C2,True
Q3_通信保障!R1701C3,True
Q3_通信保障!R1701C4,True
Q3_通信保障!R1701C5,True
Q3_通信保障!R1701C6,True
Q3_通信保障/row1702_no_extra_fields,True
Q3_通信保障!R1702C1,True
Q3_通信保障!R1702C2,True
Q3_通信保障!R1702C3,True
Q3_通信保障!R1702C4,True
Q3_通信保障!R1702C5,True
Q3_通信保障!R1702C6,True
Q3_通信保障/row1703_no_extra_fields,True
Q3_通信保障!R1703C1,True
Q3_通信保障!R1703C2,True
Q3_通信保障!R1703C3,True
Q3_通信保障!R1703C4,True
Q3_通信保障!R1703C5,True
Q3_通信保障!R1703C6,True
Q3_通信保障/row1704_no_extra_fields,True
Q3_通信保障!R1704C1,True
Q3_通信保障!R1704C2,True
Q3_通信保障!R1704C3,True
Q3_通信保障!R1704C4,True
Q3_通信保障!R1704C5,True
Q3_通信保障!R1704C6,True
Q3_通信保障/row1705_no_extra_fields,True
Q3_通信保障!R1705C1,True
Q3_通信保障!R1705C2,True
Q3_通信保障!R1705C3,True
Q3_通信保障!R1705C4,True
Q3_通信保障!R1705C5,True
Q3_通信保障!R1705C6,True
Q3_通信保障/row1706_no_extra_fields,True
Q3_通信保障!R1706C1,True
Q3_通信保障!R1706C2,True
Q3_通信保障!R1706C3,True
Q3_通信保障!R1706C4,True
Q3_通信保障!R1706C5,True
Q3_通信保障!R1706C6,True
Q3_通信保障/row1707_no_extra_fields,True
Q3_通信保障!R1707C1,True
Q3_通信保障!R1707C2,True
Q3_通信保障!R1707C3,True
Q3_通信保障!R1707C4,True
Q3_通信保障!R1707C5,True
Q3_通信保障!R1707C6,True
Q3_通信保障/row1708_no_extra_fields,True
Q3_通信保障!R1708C1,True
Q3_通信保障!R1708C2,True
Q3_通信保障!R1708C3,True
Q3_通信保障!R1708C4,True
Q3_通信保障!R1708C5,True
Q3_通信保障!R1708C6,True
Q3_通信保障/row1709_no_extra_fields,True
Q3_通信保障!R1709C1,True
Q3_通信保障!R1709C2,True
Q3_通信保障!R1709C3,True
Q3_通信保障!R1709C4,True
Q3_通信保障!R1709C5,True
Q3_通信保障!R1709C6,True
Q3_通信保障/row1710_no_extra_fields,True
Q3_通信保障!R1710C1,True
Q3_通信保障!R1710C2,True
Q3_通信保障!R1710C3,True
Q3_通信保障!R1710C4,True
Q3_通信保障!R1710C5,True
Q3_通信保障!R1710C6,True
Q3_通信保障/row1711_no_extra_fields,True
Q3_通信保障!R1711C1,True
Q3_通信保障!R1711C2,True
Q3_通信保障!R1711C3,True
Q3_通信保障!R1711C4,True
Q3_通信保障!R1711C5,True
Q3_通信保障!R1711C6,True
Q3_通信保障/row1712_no_extra_fields,True
Q3_通信保障!R1712C1,True
Q3_通信保障!R1712C2,True
Q3_通信保障!R1712C3,True
Q3_通信保障!R1712C4,True
Q3_通信保障!R1712C5,True
Q3_通信保障!R1712C6,True
Q3_通信保障/row1713_no_extra_fields,True
Q3_通信保障!R1713C1,True
Q3_通信保障!R1713C2,True
Q3_通信保障!R1713C3,True
Q3_通信保障!R1713C4,True
Q3_通信保障!R1713C5,True
Q3_通信保障!R1713C6,True
Q3_通信保障/row1714_no_extra_fields,True
Q3_通信保障!R1714C1,True
Q3_通信保障!R1714C2,True
Q3_通信保障!R1714C3,True
Q3_通信保障!R1714C4,True
Q3_通信保障!R1714C5,True
Q3_通信保障!R1714C6,True
Q3_通信保障/row1715_no_extra_fields,True
Q3_通信保障!R1715C1,True
Q3_通信保障!R1715C2,True
Q3_通信保障!R1715C3,True
Q3_通信保障!R1715C4,True
Q3_通信保障!R1715C5,True
Q3_通信保障!R1715C6,True
Q3_通信保障/row1716_no_extra_fields,True
Q3_通信保障!R1716C1,True
Q3_通信保障!R1716C2,True
Q3_通信保障!R1716C3,True
Q3_通信保障!R1716C4,True
Q3_通信保障!R1716C5,True
Q3_通信保障!R1716C6,True
Q3_通信保障/row1717_no_extra_fields,True
Q3_通信保障!R1717C1,True
Q3_通信保障!R1717C2,True
Q3_通信保障!R1717C3,True
Q3_通信保障!R1717C4,True
Q3_通信保障!R1717C5,True
Q3_通信保障!R1717C6,True
Q3_通信保障/row1718_no_extra_fields,True
Q3_通信保障!R1718C1,True
Q3_通信保障!R1718C2,True
Q3_通信保障!R1718C3,True
Q3_通信保障!R1718C4,True
Q3_通信保障!R1718C5,True
Q3_通信保障!R1718C6,True
Q3_通信保障/row1719_no_extra_fields,True
Q3_通信保障!R1719C1,True
Q3_通信保障!R1719C2,True
Q3_通信保障!R1719C3,True
Q3_通信保障!R1719C4,True
Q3_通信保障!R1719C5,True
Q3_通信保障!R1719C6,True
Q3_通信保障/row1720_no_extra_fields,True
Q3_通信保障!R1720C1,True
Q3_通信保障!R1720C2,True
Q3_通信保障!R1720C3,True
Q3_通信保障!R1720C4,True
Q3_通信保障!R1720C5,True
Q3_通信保障!R1720C6,True
Q3_通信保障/row1721_no_extra_fields,True
Q3_通信保障!R1721C1,True
Q3_通信保障!R1721C2,True
Q3_通信保障!R1721C3,True
Q3_通信保障!R1721C4,True
Q3_通信保障!R1721C5,True
Q3_通信保障!R1721C6,True
Q3_通信保障/row1722_no_extra_fields,True
Q3_通信保障!R1722C1,True
Q3_通信保障!R1722C2,True
Q3_通信保障!R1722C3,True
Q3_通信保障!R1722C4,True
Q3_通信保障!R1722C5,True
Q3_通信保障!R1722C6,True
Q3_通信保障/row1723_no_extra_fields,True
Q3_通信保障!R1723C1,True
Q3_通信保障!R1723C2,True
Q3_通信保障!R1723C3,True
Q3_通信保障!R1723C4,True
Q3_通信保障!R1723C5,True
Q3_通信保障!R1723C6,True
Q3_通信保障/row1724_no_extra_fields,True
Q3_通信保障!R1724C1,True
Q3_通信保障!R1724C2,True
Q3_通信保障!R1724C3,True
Q3_通信保障!R1724C4,True
Q3_通信保障!R1724C5,True
Q3_通信保障!R1724C6,True
Q3_通信保障/row1725_no_extra_fields,True
Q3_通信保障!R1725C1,True
Q3_通信保障!R1725C2,True
Q3_通信保障!R1725C3,True
Q3_通信保障!R1725C4,True
Q3_通信保障!R1725C5,True
Q3_通信保障!R1725C6,True
Q3_通信保障/row1726_no_extra_fields,True
Q3_通信保障!R1726C1,True
Q3_通信保障!R1726C2,True
Q3_通信保障!R1726C3,True
Q3_通信保障!R1726C4,True
Q3_通信保障!R1726C5,True
Q3_通信保障!R1726C6,True
Q3_通信保障/row1727_no_extra_fields,True
Q3_通信保障!R1727C1,True
Q3_通信保障!R1727C2,True
Q3_通信保障!R1727C3,True
Q3_通信保障!R1727C4,True
Q3_通信保障!R1727C5,True
Q3_通信保障!R1727C6,True
Q3_通信保障/row1728_no_extra_fields,True
Q3_通信保障!R1728C1,True
Q3_通信保障!R1728C2,True
Q3_通信保障!R1728C3,True
Q3_通信保障!R1728C4,True
Q3_通信保障!R1728C5,True
Q3_通信保障!R1728C6,True
Q3_通信保障/row1729_no_extra_fields,True
Q3_通信保障!R1729C1,True
Q3_通信保障!R1729C2,True
Q3_通信保障!R1729C3,True
Q3_通信保障!R1729C4,True
Q3_通信保障!R1729C5,True
Q3_通信保障!R1729C6,True
Q3_通信保障/row1730_no_extra_fields,True
Q3_通信保障!R1730C1,True
Q3_通信保障!R1730C2,True
Q3_通信保障!R1730C3,True
Q3_通信保障!R1730C4,True
Q3_通信保障!R1730C5,True
Q3_通信保障!R1730C6,True
Q3_通信保障/row1731_no_extra_fields,True
Q3_通信保障!R1731C1,True
Q3_通信保障!R1731C2,True
Q3_通信保障!R1731C3,True
Q3_通信保障!R1731C4,True
Q3_通信保障!R1731C5,True
Q3_通信保障!R1731C6,True
Q3_通信保障/row1732_no_extra_fields,True
Q3_通信保障!R1732C1,True
Q3_通信保障!R1732C2,True
Q3_通信保障!R1732C3,True
Q3_通信保障!R1732C4,True
Q3_通信保障!R1732C5,True
Q3_通信保障!R1732C6,True
Q3_通信保障/row1733_no_extra_fields,True
Q3_通信保障!R1733C1,True
Q3_通信保障!R1733C2,True
Q3_通信保障!R1733C3,True
Q3_通信保障!R1733C4,True
Q3_通信保障!R1733C5,True
Q3_通信保障!R1733C6,True
Q3_通信保障/row1734_no_extra_fields,True
Q3_通信保障!R1734C1,True
Q3_通信保障!R1734C2,True
Q3_通信保障!R1734C3,True
Q3_通信保障!R1734C4,True
Q3_通信保障!R1734C5,True
Q3_通信保障!R1734C6,True
Q3_通信保障/row1735_no_extra_fields,True
Q3_通信保障!R1735C1,True
Q3_通信保障!R1735C2,True
Q3_通信保障!R1735C3,True
Q3_通信保障!R1735C4,True
Q3_通信保障!R1735C5,True
Q3_通信保障!R1735C6,True
Q3_通信保障/row1736_no_extra_fields,True
Q3_通信保障!R1736C1,True
Q3_通信保障!R1736C2,True
Q3_通信保障!R1736C3,True
Q3_通信保障!R1736C4,True
Q3_通信保障!R1736C5,True
Q3_通信保障!R1736C6,True
Q3_通信保障/row1737_no_extra_fields,True
Q3_通信保障!R1737C1,True
Q3_通信保障!R1737C2,True
Q3_通信保障!R1737C3,True
Q3_通信保障!R1737C4,True
Q3_通信保障!R1737C5,True
Q3_通信保障!R1737C6,True
Q3_通信保障/row1738_no_extra_fields,True
Q3_通信保障!R1738C1,True
Q3_通信保障!R1738C2,True
Q3_通信保障!R1738C3,True
Q3_通信保障!R1738C4,True
Q3_通信保障!R1738C5,True
Q3_通信保障!R1738C6,True
Q3_通信保障/row1739_no_extra_fields,True
Q3_通信保障!R1739C1,True
Q3_通信保障!R1739C2,True
Q3_通信保障!R1739C3,True
Q3_通信保障!R1739C4,True
Q3_通信保障!R1739C5,True
Q3_通信保障!R1739C6,True
Q3_通信保障/row1740_no_extra_fields,True
Q3_通信保障!R1740C1,True
Q3_通信保障!R1740C2,True
Q3_通信保障!R1740C3,True
Q3_通信保障!R1740C4,True
Q3_通信保障!R1740C5,True
Q3_通信保障!R1740C6,True
Q3_通信保障/row1741_no_extra_fields,True
Q3_通信保障!R1741C1,True
Q3_通信保障!R1741C2,True
Q3_通信保障!R1741C3,True
Q3_通信保障!R1741C4,True
Q3_通信保障!R1741C5,True
Q3_通信保障!R1741C6,True
Q3_通信保障/row1742_no_extra_fields,True
Q3_通信保障!R1742C1,True
Q3_通信保障!R1742C2,True
Q3_通信保障!R1742C3,True
Q3_通信保障!R1742C4,True
Q3_通信保障!R1742C5,True
Q3_通信保障!R1742C6,True
Q3_通信保障/row1743_no_extra_fields,True
Q3_通信保障!R1743C1,True
Q3_通信保障!R1743C2,True
Q3_通信保障!R1743C3,True
Q3_通信保障!R1743C4,True
Q3_通信保障!R1743C5,True
Q3_通信保障!R1743C6,True
Q3_通信保障/row1744_no_extra_fields,True
Q3_通信保障!R1744C1,True
Q3_通信保障!R1744C2,True
Q3_通信保障!R1744C3,True
Q3_通信保障!R1744C4,True
Q3_通信保障!R1744C5,True
Q3_通信保障!R1744C6,True
Q3_通信保障/row1745_no_extra_fields,True
Q3_通信保障!R1745C1,True
Q3_通信保障!R1745C2,True
Q3_通信保障!R1745C3,True
Q3_通信保障!R1745C4,True
Q3_通信保障!R1745C5,True
Q3_通信保障!R1745C6,True
Q3_通信保障/row1746_no_extra_fields,True
Q3_通信保障!R1746C1,True
Q3_通信保障!R1746C2,True
Q3_通信保障!R1746C3,True
Q3_通信保障!R1746C4,True
Q3_通信保障!R1746C5,True
Q3_通信保障!R1746C6,True
Q3_通信保障/row1747_no_extra_fields,True
Q3_通信保障!R1747C1,True
Q3_通信保障!R1747C2,True
Q3_通信保障!R1747C3,True
Q3_通信保障!R1747C4,True
Q3_通信保障!R1747C5,True
Q3_通信保障!R1747C6,True
Q3_通信保障/row1748_no_extra_fields,True
Q3_通信保障!R1748C1,True
Q3_通信保障!R1748C2,True
Q3_通信保障!R1748C3,True
Q3_通信保障!R1748C4,True
Q3_通信保障!R1748C5,True
Q3_通信保障!R1748C6,True
Q3_通信保障/row1749_no_extra_fields,True
Q3_通信保障!R1749C1,True
Q3_通信保障!R1749C2,True
Q3_通信保障!R1749C3,True
Q3_通信保障!R1749C4,True
Q3_通信保障!R1749C5,True
Q3_通信保障!R1749C6,True
Q3_通信保障/row1750_no_extra_fields,True
Q3_通信保障!R1750C1,True
Q3_通信保障!R1750C2,True
Q3_通信保障!R1750C3,True
Q3_通信保障!R1750C4,True
Q3_通信保障!R1750C5,True
Q3_通信保障!R1750C6,True
Q3_通信保障/row1751_no_extra_fields,True
Q3_通信保障!R1751C1,True
Q3_通信保障!R1751C2,True
Q3_通信保障!R1751C3,True
Q3_通信保障!R1751C4,True
Q3_通信保障!R1751C5,True
Q3_通信保障!R1751C6,True
Q3_通信保障/row1752_no_extra_fields,True
Q3_通信保障!R1752C1,True
Q3_通信保障!R1752C2,True
Q3_通信保障!R1752C3,True
Q3_通信保障!R1752C4,True
Q3_通信保障!R1752C5,True
Q3_通信保障!R1752C6,True
Q3_通信保障/row1753_no_extra_fields,True
Q3_通信保障!R1753C1,True
Q3_通信保障!R1753C2,True
Q3_通信保障!R1753C3,True
Q3_通信保障!R1753C4,True
Q3_通信保障!R1753C5,True
Q3_通信保障!R1753C6,True
Q3_通信保障/row1754_no_extra_fields,True
Q3_通信保障!R1754C1,True
Q3_通信保障!R1754C2,True
Q3_通信保障!R1754C3,True
Q3_通信保障!R1754C4,True
Q3_通信保障!R1754C5,True
Q3_通信保障!R1754C6,True
Q3_通信保障/row1755_no_extra_fields,True
Q3_通信保障!R1755C1,True
Q3_通信保障!R1755C2,True
Q3_通信保障!R1755C3,True
Q3_通信保障!R1755C4,True
Q3_通信保障!R1755C5,True
Q3_通信保障!R1755C6,True
Q3_通信保障/row1756_no_extra_fields,True
Q3_通信保障!R1756C1,True
Q3_通信保障!R1756C2,True
Q3_通信保障!R1756C3,True
Q3_通信保障!R1756C4,True
Q3_通信保障!R1756C5,True
Q3_通信保障!R1756C6,True
Q3_通信保障/row1757_no_extra_fields,True
Q3_通信保障!R1757C1,True
Q3_通信保障!R1757C2,True
Q3_通信保障!R1757C3,True
Q3_通信保障!R1757C4,True
Q3_通信保障!R1757C5,True
Q3_通信保障!R1757C6,True
Q3_通信保障/row1758_no_extra_fields,True
Q3_通信保障!R1758C1,True
Q3_通信保障!R1758C2,True
Q3_通信保障!R1758C3,True
Q3_通信保障!R1758C4,True
Q3_通信保障!R1758C5,True
Q3_通信保障!R1758C6,True
Q3_通信保障/row1759_no_extra_fields,True
Q3_通信保障!R1759C1,True
Q3_通信保障!R1759C2,True
Q3_通信保障!R1759C3,True
Q3_通信保障!R1759C4,True
Q3_通信保障!R1759C5,True
Q3_通信保障!R1759C6,True
Q3_通信保障/row1760_no_extra_fields,True
Q3_通信保障!R1760C1,True
Q3_通信保障!R1760C2,True
Q3_通信保障!R1760C3,True
Q3_通信保障!R1760C4,True
Q3_通信保障!R1760C5,True
Q3_通信保障!R1760C6,True
Q3_通信保障/row1761_no_extra_fields,True
Q3_通信保障!R1761C1,True
Q3_通信保障!R1761C2,True
Q3_通信保障!R1761C3,True
Q3_通信保障!R1761C4,True
Q3_通信保障!R1761C5,True
Q3_通信保障!R1761C6,True
Q3_通信保障/row1762_no_extra_fields,True
Q3_通信保障!R1762C1,True
Q3_通信保障!R1762C2,True
Q3_通信保障!R1762C3,True
Q3_通信保障!R1762C4,True
Q3_通信保障!R1762C5,True
Q3_通信保障!R1762C6,True
Q3_通信保障/row1763_no_extra_fields,True
Q3_通信保障!R1763C1,True
Q3_通信保障!R1763C2,True
Q3_通信保障!R1763C3,True
Q3_通信保障!R1763C4,True
Q3_通信保障!R1763C5,True
Q3_通信保障!R1763C6,True
Q3_通信保障/row1764_no_extra_fields,True
Q3_通信保障!R1764C1,True
Q3_通信保障!R1764C2,True
Q3_通信保障!R1764C3,True
Q3_通信保障!R1764C4,True
Q3_通信保障!R1764C5,True
Q3_通信保障!R1764C6,True
Q3_通信保障/row1765_no_extra_fields,True
Q3_通信保障!R1765C1,True
Q3_通信保障!R1765C2,True
Q3_通信保障!R1765C3,True
Q3_通信保障!R1765C4,True
Q3_通信保障!R1765C5,True
Q3_通信保障!R1765C6,True
Q3_通信保障/row1766_no_extra_fields,True
Q3_通信保障!R1766C1,True
Q3_通信保障!R1766C2,True
Q3_通信保障!R1766C3,True
Q3_通信保障!R1766C4,True
Q3_通信保障!R1766C5,True
Q3_通信保障!R1766C6,True
Q3_通信保障/row1767_no_extra_fields,True
Q3_通信保障!R1767C1,True
Q3_通信保障!R1767C2,True
Q3_通信保障!R1767C3,True
Q3_通信保障!R1767C4,True
Q3_通信保障!R1767C5,True
Q3_通信保障!R1767C6,True
Q3_通信保障/row1768_no_extra_fields,True
Q3_通信保障!R1768C1,True
Q3_通信保障!R1768C2,True
Q3_通信保障!R1768C3,True
Q3_通信保障!R1768C4,True
Q3_通信保障!R1768C5,True
Q3_通信保障!R1768C6,True
Q3_通信保障/row1769_no_extra_fields,True
Q3_通信保障!R1769C1,True
Q3_通信保障!R1769C2,True
Q3_通信保障!R1769C3,True
Q3_通信保障!R1769C4,True
Q3_通信保障!R1769C5,True
Q3_通信保障!R1769C6,True
Q3_通信保障/row1770_no_extra_fields,True
Q3_通信保障!R1770C1,True
Q3_通信保障!R1770C2,True
Q3_通信保障!R1770C3,True
Q3_通信保障!R1770C4,True
Q3_通信保障!R1770C5,True
Q3_通信保障!R1770C6,True
Q3_通信保障/row1771_no_extra_fields,True
Q3_通信保障!R1771C1,True
Q3_通信保障!R1771C2,True
Q3_通信保障!R1771C3,True
Q3_通信保障!R1771C4,True
Q3_通信保障!R1771C5,True
Q3_通信保障!R1771C6,True
Q3_通信保障/row1772_no_extra_fields,True
Q3_通信保障!R1772C1,True
Q3_通信保障!R1772C2,True
Q3_通信保障!R1772C3,True
Q3_通信保障!R1772C4,True
Q3_通信保障!R1772C5,True
Q3_通信保障!R1772C6,True
Q3_通信保障/row1773_no_extra_fields,True
Q3_通信保障!R1773C1,True
Q3_通信保障!R1773C2,True
Q3_通信保障!R1773C3,True
Q3_通信保障!R1773C4,True
Q3_通信保障!R1773C5,True
Q3_通信保障!R1773C6,True
Q3_通信保障/row1774_no_extra_fields,True
Q3_通信保障!R1774C1,True
Q3_通信保障!R1774C2,True
Q3_通信保障!R1774C3,True
Q3_通信保障!R1774C4,True
Q3_通信保障!R1774C5,True
Q3_通信保障!R1774C6,True
Q3_通信保障/row1775_no_extra_fields,True
Q3_通信保障!R1775C1,True
Q3_通信保障!R1775C2,True
Q3_通信保障!R1775C3,True
Q3_通信保障!R1775C4,True
Q3_通信保障!R1775C5,True
Q3_通信保障!R1775C6,True
Q3_通信保障/row1776_no_extra_fields,True
Q3_通信保障!R1776C1,True
Q3_通信保障!R1776C2,True
Q3_通信保障!R1776C3,True
Q3_通信保障!R1776C4,True
Q3_通信保障!R1776C5,True
Q3_通信保障!R1776C6,True
Q3_通信保障/row1777_no_extra_fields,True
Q3_通信保障!R1777C1,True
Q3_通信保障!R1777C2,True
Q3_通信保障!R1777C3,True
Q3_通信保障!R1777C4,True
Q3_通信保障!R1777C5,True
Q3_通信保障!R1777C6,True
Q3_通信保障/row1778_no_extra_fields,True
Q3_通信保障!R1778C1,True
Q3_通信保障!R1778C2,True
Q3_通信保障!R1778C3,True
Q3_通信保障!R1778C4,True
Q3_通信保障!R1778C5,True
Q3_通信保障!R1778C6,True
Q3_通信保障/row1779_no_extra_fields,True
Q3_通信保障!R1779C1,True
Q3_通信保障!R1779C2,True
Q3_通信保障!R1779C3,True
Q3_通信保障!R1779C4,True
Q3_通信保障!R1779C5,True
Q3_通信保障!R1779C6,True
Q3_通信保障/row1780_no_extra_fields,True
Q3_通信保障!R1780C1,True
Q3_通信保障!R1780C2,True
Q3_通信保障!R1780C3,True
Q3_通信保障!R1780C4,True
Q3_通信保障!R1780C5,True
Q3_通信保障!R1780C6,True
Q3_通信保障/row1781_no_extra_fields,True
Q3_通信保障!R1781C1,True
Q3_通信保障!R1781C2,True
Q3_通信保障!R1781C3,True
Q3_通信保障!R1781C4,True
Q3_通信保障!R1781C5,True
Q3_通信保障!R1781C6,True
Q3_通信保障/row1782_no_extra_fields,True
Q3_通信保障!R1782C1,True
Q3_通信保障!R1782C2,True
Q3_通信保障!R1782C3,True
Q3_通信保障!R1782C4,True
Q3_通信保障!R1782C5,True
Q3_通信保障!R1782C6,True
Q3_通信保障/row1783_no_extra_fields,True
Q3_通信保障!R1783C1,True
Q3_通信保障!R1783C2,True
Q3_通信保障!R1783C3,True
Q3_通信保障!R1783C4,True
Q3_通信保障!R1783C5,True
Q3_通信保障!R1783C6,True
Q3_通信保障/row1784_no_extra_fields,True
Q3_通信保障!R1784C1,True
Q3_通信保障!R1784C2,True
Q3_通信保障!R1784C3,True
Q3_通信保障!R1784C4,True
Q3_通信保障!R1784C5,True
Q3_通信保障!R1784C6,True
Q3_通信保障/row1785_no_extra_fields,True
Q3_通信保障!R1785C1,True
Q3_通信保障!R1785C2,True
Q3_通信保障!R1785C3,True
Q3_通信保障!R1785C4,True
Q3_通信保障!R1785C5,True
Q3_通信保障!R1785C6,True
Q3_通信保障/row1786_no_extra_fields,True
Q3_通信保障!R1786C1,True
Q3_通信保障!R1786C2,True
Q3_通信保障!R1786C3,True
Q3_通信保障!R1786C4,True
Q3_通信保障!R1786C5,True
Q3_通信保障!R1786C6,True
Q3_通信保障/row1787_no_extra_fields,True
Q3_通信保障!R1787C1,True
Q3_通信保障!R1787C2,True
Q3_通信保障!R1787C3,True
Q3_通信保障!R1787C4,True
Q3_通信保障!R1787C5,True
Q3_通信保障!R1787C6,True
Q3_通信保障/row1788_no_extra_fields,True
Q3_通信保障!R1788C1,True
Q3_通信保障!R1788C2,True
Q3_通信保障!R1788C3,True
Q3_通信保障!R1788C4,True
Q3_通信保障!R1788C5,True
Q3_通信保障!R1788C6,True
Q3_通信保障/row1789_no_extra_fields,True
Q3_通信保障!R1789C1,True
Q3_通信保障!R1789C2,True
Q3_通信保障!R1789C3,True
Q3_通信保障!R1789C4,True
Q3_通信保障!R1789C5,True
Q3_通信保障!R1789C6,True
Q3_通信保障/row1790_no_extra_fields,True
Q3_通信保障!R1790C1,True
Q3_通信保障!R1790C2,True
Q3_通信保障!R1790C3,True
Q3_通信保障!R1790C4,True
Q3_通信保障!R1790C5,True
Q3_通信保障!R1790C6,True
Q3_通信保障/row1791_no_extra_fields,True
Q3_通信保障!R1791C1,True
Q3_通信保障!R1791C2,True
Q3_通信保障!R1791C3,True
Q3_通信保障!R1791C4,True
Q3_通信保障!R1791C5,True
Q3_通信保障!R1791C6,True
Q3_通信保障/row1792_no_extra_fields,True
Q3_通信保障!R1792C1,True
Q3_通信保障!R1792C2,True
Q3_通信保障!R1792C3,True
Q3_通信保障!R1792C4,True
Q3_通信保障!R1792C5,True
Q3_通信保障!R1792C6,True
Q3_通信保障/row1793_no_extra_fields,True
Q3_通信保障!R1793C1,True
Q3_通信保障!R1793C2,True
Q3_通信保障!R1793C3,True
Q3_通信保障!R1793C4,True
Q3_通信保障!R1793C5,True
Q3_通信保障!R1793C6,True
Q3_通信保障/row1794_no_extra_fields,True
Q3_通信保障!R1794C1,True
Q3_通信保障!R1794C2,True
Q3_通信保障!R1794C3,True
Q3_通信保障!R1794C4,True
Q3_通信保障!R1794C5,True
Q3_通信保障!R1794C6,True
Q3_通信保障/row1795_no_extra_fields,True
Q3_通信保障!R1795C1,True
Q3_通信保障!R1795C2,True
Q3_通信保障!R1795C3,True
Q3_通信保障!R1795C4,True
Q3_通信保障!R1795C5,True
Q3_通信保障!R1795C6,True
Q3_通信保障/row1796_no_extra_fields,True
Q3_通信保障!R1796C1,True
Q3_通信保障!R1796C2,True
Q3_通信保障!R1796C3,True
Q3_通信保障!R1796C4,True
Q3_通信保障!R1796C5,True
Q3_通信保障!R1796C6,True
Q3_通信保障/row1797_no_extra_fields,True
Q3_通信保障!R1797C1,True
Q3_通信保障!R1797C2,True
Q3_通信保障!R1797C3,True
Q3_通信保障!R1797C4,True
Q3_通信保障!R1797C5,True
Q3_通信保障!R1797C6,True
Q3_通信保障/row1798_no_extra_fields,True
Q3_通信保障!R1798C1,True
Q3_通信保障!R1798C2,True
Q3_通信保障!R1798C3,True
Q3_通信保障!R1798C4,True
Q3_通信保障!R1798C5,True
Q3_通信保障!R1798C6,True
Q3_通信保障/row1799_no_extra_fields,True
Q3_通信保障!R1799C1,True
Q3_通信保障!R1799C2,True
Q3_通信保障!R1799C3,True
Q3_通信保障!R1799C4,True
Q3_通信保障!R1799C5,True
Q3_通信保障!R1799C6,True
Q3_通信保障/row1800_no_extra_fields,True
Q3_通信保障!R1800C1,True
Q3_通信保障!R1800C2,True
Q3_通信保障!R1800C3,True
Q3_通信保障!R1800C4,True
Q3_通信保障!R1800C5,True
Q3_通信保障!R1800C6,True
Q3_通信保障/row1801_no_extra_fields,True
Q3_通信保障!R1801C1,True
Q3_通信保障!R1801C2,True
Q3_通信保障!R1801C3,True
Q3_通信保障!R1801C4,True
Q3_通信保障!R1801C5,True
Q3_通信保障!R1801C6,True
Q3_通信保障/row1802_no_extra_fields,True
Q3_通信保障!R1802C1,True
Q3_通信保障!R1802C2,True
Q3_通信保障!R1802C3,True
Q3_通信保障!R1802C4,True
Q3_通信保障!R1802C5,True
Q3_通信保障!R1802C6,True
Q3_通信保障/row1803_no_extra_fields,True
Q3_通信保障!R1803C1,True
Q3_通信保障!R1803C2,True
Q3_通信保障!R1803C3,True
Q3_通信保障!R1803C4,True
Q3_通信保障!R1803C5,True
Q3_通信保障!R1803C6,True
Q3_通信保障/row1804_no_extra_fields,True
Q3_通信保障!R1804C1,True
Q3_通信保障!R1804C2,True
Q3_通信保障!R1804C3,True
Q3_通信保障!R1804C4,True
Q3_通信保障!R1804C5,True
Q3_通信保障!R1804C6,True
Q3_通信保障/row1805_no_extra_fields,True
Q3_通信保障!R1805C1,True
Q3_通信保障!R1805C2,True
Q3_通信保障!R1805C3,True
Q3_通信保障!R1805C4,True
Q3_通信保障!R1805C5,True
Q3_通信保障!R1805C6,True
Q3_通信保障/row1806_no_extra_fields,True
Q3_通信保障!R1806C1,True
Q3_通信保障!R1806C2,True
Q3_通信保障!R1806C3,True
Q3_通信保障!R1806C4,True
Q3_通信保障!R1806C5,True
Q3_通信保障!R1806C6,True
Q3_通信保障/row1807_no_extra_fields,True
Q3_通信保障!R1807C1,True
Q3_通信保障!R1807C2,True
Q3_通信保障!R1807C3,True
Q3_通信保障!R1807C4,True
Q3_通信保障!R1807C5,True
Q3_通信保障!R1807C6,True
Q3_通信保障/row1808_no_extra_fields,True
Q3_通信保障!R1808C1,True
Q3_通信保障!R1808C2,True
Q3_通信保障!R1808C3,True
Q3_通信保障!R1808C4,True
Q3_通信保障!R1808C5,True
Q3_通信保障!R1808C6,True
Q3_通信保障/row1809_no_extra_fields,True
Q3_通信保障!R1809C1,True
Q3_通信保障!R1809C2,True
Q3_通信保障!R1809C3,True
Q3_通信保障!R1809C4,True
Q3_通信保障!R1809C5,True
Q3_通信保障!R1809C6,True
Q3_通信保障/row1810_no_extra_fields,True
Q3_通信保障!R1810C1,True
Q3_通信保障!R1810C2,True
Q3_通信保障!R1810C3,True
Q3_通信保障!R1810C4,True
Q3_通信保障!R1810C5,True
Q3_通信保障!R1810C6,True
Q3_通信保障/row1811_no_extra_fields,True
Q3_通信保障!R1811C1,True
Q3_通信保障!R1811C2,True
Q3_通信保障!R1811C3,True
Q3_通信保障!R1811C4,True
Q3_通信保障!R1811C5,True
Q3_通信保障!R1811C6,True
Q3_通信保障/row1812_no_extra_fields,True
Q3_通信保障!R1812C1,True
Q3_通信保障!R1812C2,True
Q3_通信保障!R1812C3,True
Q3_通信保障!R1812C4,True
Q3_通信保障!R1812C5,True
Q3_通信保障!R1812C6,True
Q3_通信保障/row1813_no_extra_fields,True
Q3_通信保障!R1813C1,True
Q3_通信保障!R1813C2,True
Q3_通信保障!R1813C3,True
Q3_通信保障!R1813C4,True
Q3_通信保障!R1813C5,True
Q3_通信保障!R1813C6,True
Q3_通信保障/row1814_no_extra_fields,True
Q3_通信保障!R1814C1,True
Q3_通信保障!R1814C2,True
Q3_通信保障!R1814C3,True
Q3_通信保障!R1814C4,True
Q3_通信保障!R1814C5,True
Q3_通信保障!R1814C6,True
Q3_通信保障/row1815_no_extra_fields,True
Q3_通信保障!R1815C1,True
Q3_通信保障!R1815C2,True
Q3_通信保障!R1815C3,True
Q3_通信保障!R1815C4,True
Q3_通信保障!R1815C5,True
Q3_通信保障!R1815C6,True
Q3_通信保障/row1816_no_extra_fields,True
Q3_通信保障!R1816C1,True
Q3_通信保障!R1816C2,True
Q3_通信保障!R1816C3,True
Q3_通信保障!R1816C4,True
Q3_通信保障!R1816C5,True
Q3_通信保障!R1816C6,True
Q3_通信保障/row1817_no_extra_fields,True
Q3_通信保障!R1817C1,True
Q3_通信保障!R1817C2,True
Q3_通信保障!R1817C3,True
Q3_通信保障!R1817C4,True
Q3_通信保障!R1817C5,True
Q3_通信保障!R1817C6,True
Q3_通信保障/row1818_no_extra_fields,True
Q3_通信保障!R1818C1,True
Q3_通信保障!R1818C2,True
Q3_通信保障!R1818C3,True
Q3_通信保障!R1818C4,True
Q3_通信保障!R1818C5,True
Q3_通信保障!R1818C6,True
Q3_通信保障/row1819_no_extra_fields,True
Q3_通信保障!R1819C1,True
Q3_通信保障!R1819C2,True
Q3_通信保障!R1819C3,True
Q3_通信保障!R1819C4,True
Q3_通信保障!R1819C5,True
Q3_通信保障!R1819C6,True
Q3_通信保障/row1820_no_extra_fields,True
Q3_通信保障!R1820C1,True
Q3_通信保障!R1820C2,True
Q3_通信保障!R1820C3,True
Q3_通信保障!R1820C4,True
Q3_通信保障!R1820C5,True
Q3_通信保障!R1820C6,True
Q3_通信保障/row1821_no_extra_fields,True
Q3_通信保障!R1821C1,True
Q3_通信保障!R1821C2,True
Q3_通信保障!R1821C3,True
Q3_通信保障!R1821C4,True
Q3_通信保障!R1821C5,True
Q3_通信保障!R1821C6,True
Q3_通信保障/row1822_no_extra_fields,True
Q3_通信保障!R1822C1,True
Q3_通信保障!R1822C2,True
Q3_通信保障!R1822C3,True
Q3_通信保障!R1822C4,True
Q3_通信保障!R1822C5,True
Q3_通信保障!R1822C6,True
Q3_通信保障/row1823_no_extra_fields,True
Q3_通信保障!R1823C1,True
Q3_通信保障!R1823C2,True
Q3_通信保障!R1823C3,True
Q3_通信保障!R1823C4,True
Q3_通信保障!R1823C5,True
Q3_通信保障!R1823C6,True
Q3_通信保障/row1824_no_extra_fields,True
Q3_通信保障!R1824C1,True
Q3_通信保障!R1824C2,True
Q3_通信保障!R1824C3,True
Q3_通信保障!R1824C4,True
Q3_通信保障!R1824C5,True
Q3_通信保障!R1824C6,True
Q3_通信保障/row1825_no_extra_fields,True
Q3_通信保障!R1825C1,True
Q3_通信保障!R1825C2,True
Q3_通信保障!R1825C3,True
Q3_通信保障!R1825C4,True
Q3_通信保障!R1825C5,True
Q3_通信保障!R1825C6,True
Q3_通信保障/row1826_no_extra_fields,True
Q3_通信保障!R1826C1,True
Q3_通信保障!R1826C2,True
Q3_通信保障!R1826C3,True
Q3_通信保障!R1826C4,True
Q3_通信保障!R1826C5,True
Q3_通信保障!R1826C6,True
Q3_通信保障/row1827_no_extra_fields,True
Q3_通信保障!R1827C1,True
Q3_通信保障!R1827C2,True
Q3_通信保障!R1827C3,True
Q3_通信保障!R1827C4,True
Q3_通信保障!R1827C5,True
Q3_通信保障!R1827C6,True
Q3_通信保障/row1828_no_extra_fields,True
Q3_通信保障!R1828C1,True
Q3_通信保障!R1828C2,True
Q3_通信保障!R1828C3,True
Q3_通信保障!R1828C4,True
Q3_通信保障!R1828C5,True
Q3_通信保障!R1828C6,True
Q3_通信保障/row1829_no_extra_fields,True
Q3_通信保障!R1829C1,True
Q3_通信保障!R1829C2,True
Q3_通信保障!R1829C3,True
Q3_通信保障!R1829C4,True
Q3_通信保障!R1829C5,True
Q3_通信保障!R1829C6,True
Q3_通信保障/row1830_no_extra_fields,True
Q3_通信保障!R1830C1,True
Q3_通信保障!R1830C2,True
Q3_通信保障!R1830C3,True
Q3_通信保障!R1830C4,True
Q3_通信保障!R1830C5,True
Q3_通信保障!R1830C6,True
Q3_通信保障/row1831_no_extra_fields,True
Q3_通信保障!R1831C1,True
Q3_通信保障!R1831C2,True
Q3_通信保障!R1831C3,True
Q3_通信保障!R1831C4,True
Q3_通信保障!R1831C5,True
Q3_通信保障!R1831C6,True
Q3_通信保障/row1832_no_extra_fields,True
Q3_通信保障!R1832C1,True
Q3_通信保障!R1832C2,True
Q3_通信保障!R1832C3,True
Q3_通信保障!R1832C4,True
Q3_通信保障!R1832C5,True
Q3_通信保障!R1832C6,True
Q3_通信保障/row1833_no_extra_fields,True
Q3_通信保障!R1833C1,True
Q3_通信保障!R1833C2,True
Q3_通信保障!R1833C3,True
Q3_通信保障!R1833C4,True
Q3_通信保障!R1833C5,True
Q3_通信保障!R1833C6,True
Q3_通信保障/row1834_no_extra_fields,True
Q3_通信保障!R1834C1,True
Q3_通信保障!R1834C2,True
Q3_通信保障!R1834C3,True
Q3_通信保障!R1834C4,True
Q3_通信保障!R1834C5,True
Q3_通信保障!R1834C6,True
Q3_通信保障/row1835_no_extra_fields,True
Q3_通信保障!R1835C1,True
Q3_通信保障!R1835C2,True
Q3_通信保障!R1835C3,True
Q3_通信保障!R1835C4,True
Q3_通信保障!R1835C5,True
Q3_通信保障!R1835C6,True
Q3_通信保障/row1836_no_extra_fields,True
Q3_通信保障!R1836C1,True
Q3_通信保障!R1836C2,True
Q3_通信保障!R1836C3,True
Q3_通信保障!R1836C4,True
Q3_通信保障!R1836C5,True
Q3_通信保障!R1836C6,True
Q3_通信保障/row1837_no_extra_fields,True
Q3_通信保障!R1837C1,True
Q3_通信保障!R1837C2,True
Q3_通信保障!R1837C3,True
Q3_通信保障!R1837C4,True
Q3_通信保障!R1837C5,True
Q3_通信保障!R1837C6,True
Q3_通信保障/row1838_no_extra_fields,True
Q3_通信保障!R1838C1,True
Q3_通信保障!R1838C2,True
Q3_通信保障!R1838C3,True
Q3_通信保障!R1838C4,True
Q3_通信保障!R1838C5,True
Q3_通信保障!R1838C6,True
Q3_通信保障/row1839_no_extra_fields,True
Q3_通信保障!R1839C1,True
Q3_通信保障!R1839C2,True
Q3_通信保障!R1839C3,True
Q3_通信保障!R1839C4,True
Q3_通信保障!R1839C5,True
Q3_通信保障!R1839C6,True
Q3_通信保障/row1840_no_extra_fields,True
Q3_通信保障!R1840C1,True
Q3_通信保障!R1840C2,True
Q3_通信保障!R1840C3,True
Q3_通信保障!R1840C4,True
Q3_通信保障!R1840C5,True
Q3_通信保障!R1840C6,True
Q3_通信保障/row1841_no_extra_fields,True
Q3_通信保障!R1841C1,True
Q3_通信保障!R1841C2,True
Q3_通信保障!R1841C3,True
Q3_通信保障!R1841C4,True
Q3_通信保障!R1841C5,True
Q3_通信保障!R1841C6,True
Q3_通信保障/row1842_no_extra_fields,True
Q3_通信保障!R1842C1,True
Q3_通信保障!R1842C2,True
Q3_通信保障!R1842C3,True
Q3_通信保障!R1842C4,True
Q3_通信保障!R1842C5,True
Q3_通信保障!R1842C6,True
Q3_通信保障/row1843_no_extra_fields,True
Q3_通信保障!R1843C1,True
Q3_通信保障!R1843C2,True
Q3_通信保障!R1843C3,True
Q3_通信保障!R1843C4,True
Q3_通信保障!R1843C5,True
Q3_通信保障!R1843C6,True
Q3_通信保障/row1844_no_extra_fields,True
Q3_通信保障!R1844C1,True
Q3_通信保障!R1844C2,True
Q3_通信保障!R1844C3,True
Q3_通信保障!R1844C4,True
Q3_通信保障!R1844C5,True
Q3_通信保障!R1844C6,True
Q3_通信保障/row1845_no_extra_fields,True
Q3_通信保障!R1845C1,True
Q3_通信保障!R1845C2,True
Q3_通信保障!R1845C3,True
Q3_通信保障!R1845C4,True
Q3_通信保障!R1845C5,True
Q3_通信保障!R1845C6,True
Q3_通信保障/row1846_no_extra_fields,True
Q3_通信保障!R1846C1,True
Q3_通信保障!R1846C2,True
Q3_通信保障!R1846C3,True
Q3_通信保障!R1846C4,True
Q3_通信保障!R1846C5,True
Q3_通信保障!R1846C6,True
Q3_通信保障/row1847_no_extra_fields,True
Q3_通信保障!R1847C1,True
Q3_通信保障!R1847C2,True
Q3_通信保障!R1847C3,True
Q3_通信保障!R1847C4,True
Q3_通信保障!R1847C5,True
Q3_通信保障!R1847C6,True
Q3_通信保障/row1848_no_extra_fields,True
Q3_通信保障!R1848C1,True
Q3_通信保障!R1848C2,True
Q3_通信保障!R1848C3,True
Q3_通信保障!R1848C4,True
Q3_通信保障!R1848C5,True
Q3_通信保障!R1848C6,True
Q3_通信保障/row1849_no_extra_fields,True
Q3_通信保障!R1849C1,True
Q3_通信保障!R1849C2,True
Q3_通信保障!R1849C3,True
Q3_通信保障!R1849C4,True
Q3_通信保障!R1849C5,True
Q3_通信保障!R1849C6,True
Q3_通信保障/row1850_no_extra_fields,True
Q3_通信保障!R1850C1,True
Q3_通信保障!R1850C2,True
Q3_通信保障!R1850C3,True
Q3_通信保障!R1850C4,True
Q3_通信保障!R1850C5,True
Q3_通信保障!R1850C6,True
Q3_通信保障/row1851_no_extra_fields,True
Q3_通信保障!R1851C1,True
Q3_通信保障!R1851C2,True
Q3_通信保障!R1851C3,True
Q3_通信保障!R1851C4,True
Q3_通信保障!R1851C5,True
Q3_通信保障!R1851C6,True
Q3_通信保障/row1852_no_extra_fields,True
Q3_通信保障!R1852C1,True
Q3_通信保障!R1852C2,True
Q3_通信保障!R1852C3,True
Q3_通信保障!R1852C4,True
Q3_通信保障!R1852C5,True
Q3_通信保障!R1852C6,True
Q3_通信保障/row1853_no_extra_fields,True
Q3_通信保障!R1853C1,True
Q3_通信保障!R1853C2,True
Q3_通信保障!R1853C3,True
Q3_通信保障!R1853C4,True
Q3_通信保障!R1853C5,True
Q3_通信保障!R1853C6,True
Q3_通信保障/row1854_no_extra_fields,True
Q3_通信保障!R1854C1,True
Q3_通信保障!R1854C2,True
Q3_通信保障!R1854C3,True
Q3_通信保障!R1854C4,True
Q3_通信保障!R1854C5,True
Q3_通信保障!R1854C6,True
Q3_通信保障/row1855_no_extra_fields,True
Q3_通信保障!R1855C1,True
Q3_通信保障!R1855C2,True
Q3_通信保障!R1855C3,True
Q3_通信保障!R1855C4,True
Q3_通信保障!R1855C5,True
Q3_通信保障!R1855C6,True
Q3_通信保障/row1856_no_extra_fields,True
Q3_通信保障!R1856C1,True
Q3_通信保障!R1856C2,True
Q3_通信保障!R1856C3,True
Q3_通信保障!R1856C4,True
Q3_通信保障!R1856C5,True
Q3_通信保障!R1856C6,True
Q3_通信保障/row1857_no_extra_fields,True
Q3_通信保障!R1857C1,True
Q3_通信保障!R1857C2,True
Q3_通信保障!R1857C3,True
Q3_通信保障!R1857C4,True
Q3_通信保障!R1857C5,True
Q3_通信保障!R1857C6,True
Q3_通信保障/row1858_no_extra_fields,True
Q3_通信保障!R1858C1,True
Q3_通信保障!R1858C2,True
Q3_通信保障!R1858C3,True
Q3_通信保障!R1858C4,True
Q3_通信保障!R1858C5,True
Q3_通信保障!R1858C6,True
Q3_通信保障/row1859_no_extra_fields,True
Q3_通信保障!R1859C1,True
Q3_通信保障!R1859C2,True
Q3_通信保障!R1859C3,True
Q3_通信保障!R1859C4,True
Q3_通信保障!R1859C5,True
Q3_通信保障!R1859C6,True
Q3_通信保障/row1860_no_extra_fields,True
Q3_通信保障!R1860C1,True
Q3_通信保障!R1860C2,True
Q3_通信保障!R1860C3,True
Q3_通信保障!R1860C4,True
Q3_通信保障!R1860C5,True
Q3_通信保障!R1860C6,True
Q3_通信保障/row1861_no_extra_fields,True
Q3_通信保障!R1861C1,True
Q3_通信保障!R1861C2,True
Q3_通信保障!R1861C3,True
Q3_通信保障!R1861C4,True
Q3_通信保障!R1861C5,True
Q3_通信保障!R1861C6,True
Q3_通信保障/row1862_no_extra_fields,True
Q3_通信保障!R1862C1,True
Q3_通信保障!R1862C2,True
Q3_通信保障!R1862C3,True
Q3_通信保障!R1862C4,True
Q3_通信保障!R1862C5,True
Q3_通信保障!R1862C6,True
Q3_通信保障/row1863_no_extra_fields,True
Q3_通信保障!R1863C1,True
Q3_通信保障!R1863C2,True
Q3_通信保障!R1863C3,True
Q3_通信保障!R1863C4,True
Q3_通信保障!R1863C5,True
Q3_通信保障!R1863C6,True
Q3_通信保障/row1864_no_extra_fields,True
Q3_通信保障!R1864C1,True
Q3_通信保障!R1864C2,True
Q3_通信保障!R1864C3,True
Q3_通信保障!R1864C4,True
Q3_通信保障!R1864C5,True
Q3_通信保障!R1864C6,True
Q3_通信保障/row1865_no_extra_fields,True
Q3_通信保障!R1865C1,True
Q3_通信保障!R1865C2,True
Q3_通信保障!R1865C3,True
Q3_通信保障!R1865C4,True
Q3_通信保障!R1865C5,True
Q3_通信保障!R1865C6,True
Q3_通信保障/row1866_no_extra_fields,True
Q3_通信保障!R1866C1,True
Q3_通信保障!R1866C2,True
Q3_通信保障!R1866C3,True
Q3_通信保障!R1866C4,True
Q3_通信保障!R1866C5,True
Q3_通信保障!R1866C6,True
Q3_通信保障/row1867_no_extra_fields,True
Q3_通信保障!R1867C1,True
Q3_通信保障!R1867C2,True
Q3_通信保障!R1867C3,True
Q3_通信保障!R1867C4,True
Q3_通信保障!R1867C5,True
Q3_通信保障!R1867C6,True
Q3_通信保障/row1868_no_extra_fields,True
Q3_通信保障!R1868C1,True
Q3_通信保障!R1868C2,True
Q3_通信保障!R1868C3,True
Q3_通信保障!R1868C4,True
Q3_通信保障!R1868C5,True
Q3_通信保障!R1868C6,True
Q3_通信保障/row1869_no_extra_fields,True
Q3_通信保障!R1869C1,True
Q3_通信保障!R1869C2,True
Q3_通信保障!R1869C3,True
Q3_通信保障!R1869C4,True
Q3_通信保障!R1869C5,True
Q3_通信保障!R1869C6,True
Q3_通信保障/row1870_no_extra_fields,True
Q3_通信保障!R1870C1,True
Q3_通信保障!R1870C2,True
Q3_通信保障!R1870C3,True
Q3_通信保障!R1870C4,True
Q3_通信保障!R1870C5,True
Q3_通信保障!R1870C6,True
Q3_通信保障/row1871_no_extra_fields,True
Q3_通信保障!R1871C1,True
Q3_通信保障!R1871C2,True
Q3_通信保障!R1871C3,True
Q3_通信保障!R1871C4,True
Q3_通信保障!R1871C5,True
Q3_通信保障!R1871C6,True
Q3_通信保障/row1872_no_extra_fields,True
Q3_通信保障!R1872C1,True
Q3_通信保障!R1872C2,True
Q3_通信保障!R1872C3,True
Q3_通信保障!R1872C4,True
Q3_通信保障!R1872C5,True
Q3_通信保障!R1872C6,True
Q3_通信保障/row1873_no_extra_fields,True
Q3_通信保障!R1873C1,True
Q3_通信保障!R1873C2,True
Q3_通信保障!R1873C3,True
Q3_通信保障!R1873C4,True
Q3_通信保障!R1873C5,True
Q3_通信保障!R1873C6,True
Q3_通信保障/row1874_no_extra_fields,True
Q3_通信保障!R1874C1,True
Q3_通信保障!R1874C2,True
Q3_通信保障!R1874C3,True
Q3_通信保障!R1874C4,True
Q3_通信保障!R1874C5,True
Q3_通信保障!R1874C6,True
Q3_通信保障/row1875_no_extra_fields,True
Q3_通信保障!R1875C1,True
Q3_通信保障!R1875C2,True
Q3_通信保障!R1875C3,True
Q3_通信保障!R1875C4,True
Q3_通信保障!R1875C5,True
Q3_通信保障!R1875C6,True
Q3_通信保障/row1876_no_extra_fields,True
Q3_通信保障!R1876C1,True
Q3_通信保障!R1876C2,True
Q3_通信保障!R1876C3,True
Q3_通信保障!R1876C4,True
Q3_通信保障!R1876C5,True
Q3_通信保障!R1876C6,True
Q3_通信保障/row1877_no_extra_fields,True
Q3_通信保障!R1877C1,True
Q3_通信保障!R1877C2,True
Q3_通信保障!R1877C3,True
Q3_通信保障!R1877C4,True
Q3_通信保障!R1877C5,True
Q3_通信保障!R1877C6,True
Q3_通信保障/row1878_no_extra_fields,True
Q3_通信保障!R1878C1,True
Q3_通信保障!R1878C2,True
Q3_通信保障!R1878C3,True
Q3_通信保障!R1878C4,True
Q3_通信保障!R1878C5,True
Q3_通信保障!R1878C6,True
Q3_通信保障/row1879_no_extra_fields,True
Q3_通信保障!R1879C1,True
Q3_通信保障!R1879C2,True
Q3_通信保障!R1879C3,True
Q3_通信保障!R1879C4,True
Q3_通信保障!R1879C5,True
Q3_通信保障!R1879C6,True
Q3_通信保障/row1880_no_extra_fields,True
Q3_通信保障!R1880C1,True
Q3_通信保障!R1880C2,True
Q3_通信保障!R1880C3,True
Q3_通信保障!R1880C4,True
Q3_通信保障!R1880C5,True
Q3_通信保障!R1880C6,True
Q3_通信保障/row1881_no_extra_fields,True
Q3_通信保障!R1881C1,True
Q3_通信保障!R1881C2,True
Q3_通信保障!R1881C3,True
Q3_通信保障!R1881C4,True
Q3_通信保障!R1881C5,True
Q3_通信保障!R1881C6,True
Q3_通信保障/row1882_no_extra_fields,True
Q3_通信保障!R1882C1,True
Q3_通信保障!R1882C2,True
Q3_通信保障!R1882C3,True
Q3_通信保障!R1882C4,True
Q3_通信保障!R1882C5,True
Q3_通信保障!R1882C6,True
Q3_通信保障/row1883_no_extra_fields,True
Q3_通信保障!R1883C1,True
Q3_通信保障!R1883C2,True
Q3_通信保障!R1883C3,True
Q3_通信保障!R1883C4,True
Q3_通信保障!R1883C5,True
Q3_通信保障!R1883C6,True
Q3_通信保障/row1884_no_extra_fields,True
Q3_通信保障!R1884C1,True
Q3_通信保障!R1884C2,True
Q3_通信保障!R1884C3,True
Q3_通信保障!R1884C4,True
Q3_通信保障!R1884C5,True
Q3_通信保障!R1884C6,True
Q3_通信保障/row1885_no_extra_fields,True
Q3_通信保障!R1885C1,True
Q3_通信保障!R1885C2,True
Q3_通信保障!R1885C3,True
Q3_通信保障!R1885C4,True
Q3_通信保障!R1885C5,True
Q3_通信保障!R1885C6,True
Q3_通信保障/row1886_no_extra_fields,True
Q3_通信保障!R1886C1,True
Q3_通信保障!R1886C2,True
Q3_通信保障!R1886C3,True
Q3_通信保障!R1886C4,True
Q3_通信保障!R1886C5,True
Q3_通信保障!R1886C6,True
Q3_通信保障/row1887_no_extra_fields,True
Q3_通信保障!R1887C1,True
Q3_通信保障!R1887C2,True
Q3_通信保障!R1887C3,True
Q3_通信保障!R1887C4,True
Q3_通信保障!R1887C5,True
Q3_通信保障!R1887C6,True
Q3_通信保障/row1888_no_extra_fields,True
Q3_通信保障!R1888C1,True
Q3_通信保障!R1888C2,True
Q3_通信保障!R1888C3,True
Q3_通信保障!R1888C4,True
Q3_通信保障!R1888C5,True
Q3_通信保障!R1888C6,True
Q3_通信保障/row1889_no_extra_fields,True
Q3_通信保障!R1889C1,True
Q3_通信保障!R1889C2,True
Q3_通信保障!R1889C3,True
Q3_通信保障!R1889C4,True
Q3_通信保障!R1889C5,True
Q3_通信保障!R1889C6,True
Q3_通信保障/row1890_no_extra_fields,True
Q3_通信保障!R1890C1,True
Q3_通信保障!R1890C2,True
Q3_通信保障!R1890C3,True
Q3_通信保障!R1890C4,True
Q3_通信保障!R1890C5,True
Q3_通信保障!R1890C6,True
Q3_通信保障/row1891_no_extra_fields,True
Q3_通信保障!R1891C1,True
Q3_通信保障!R1891C2,True
Q3_通信保障!R1891C3,True
Q3_通信保障!R1891C4,True
Q3_通信保障!R1891C5,True
Q3_通信保障!R1891C6,True
Q3_通信保障/row1892_no_extra_fields,True
Q3_通信保障!R1892C1,True
Q3_通信保障!R1892C2,True
Q3_通信保障!R1892C3,True
Q3_通信保障!R1892C4,True
Q3_通信保障!R1892C5,True
Q3_通信保障!R1892C6,True
Q3_通信保障/row1893_no_extra_fields,True
Q3_通信保障!R1893C1,True
Q3_通信保障!R1893C2,True
Q3_通信保障!R1893C3,True
Q3_通信保障!R1893C4,True
Q3_通信保障!R1893C5,True
Q3_通信保障!R1893C6,True
Q3_通信保障/row1894_no_extra_fields,True
Q3_通信保障!R1894C1,True
Q3_通信保障!R1894C2,True
Q3_通信保障!R1894C3,True
Q3_通信保障!R1894C4,True
Q3_通信保障!R1894C5,True
Q3_通信保障!R1894C6,True
Q3_通信保障/row1895_no_extra_fields,True
Q3_通信保障!R1895C1,True
Q3_通信保障!R1895C2,True
Q3_通信保障!R1895C3,True
Q3_通信保障!R1895C4,True
Q3_通信保障!R1895C5,True
Q3_通信保障!R1895C6,True
Q3_通信保障/row1896_no_extra_fields,True
Q3_通信保障!R1896C1,True
Q3_通信保障!R1896C2,True
Q3_通信保障!R1896C3,True
Q3_通信保障!R1896C4,True
Q3_通信保障!R1896C5,True
Q3_通信保障!R1896C6,True
Q3_通信保障/row1897_no_extra_fields,True
Q3_通信保障!R1897C1,True
Q3_通信保障!R1897C2,True
Q3_通信保障!R1897C3,True
Q3_通信保障!R1897C4,True
Q3_通信保障!R1897C5,True
Q3_通信保障!R1897C6,True
Q3_通信保障/row1898_no_extra_fields,True
Q3_通信保障!R1898C1,True
Q3_通信保障!R1898C2,True
Q3_通信保障!R1898C3,True
Q3_通信保障!R1898C4,True
Q3_通信保障!R1898C5,True
Q3_通信保障!R1898C6,True
Q3_通信保障/row1899_no_extra_fields,True
Q3_通信保障!R1899C1,True
Q3_通信保障!R1899C2,True
Q3_通信保障!R1899C3,True
Q3_通信保障!R1899C4,True
Q3_通信保障!R1899C5,True
Q3_通信保障!R1899C6,True
Q3_通信保障/row1900_no_extra_fields,True
Q3_通信保障!R1900C1,True
Q3_通信保障!R1900C2,True
Q3_通信保障!R1900C3,True
Q3_通信保障!R1900C4,True
Q3_通信保障!R1900C5,True
Q3_通信保障!R1900C6,True
Q3_通信保障/row1901_no_extra_fields,True
Q3_通信保障!R1901C1,True
Q3_通信保障!R1901C2,True
Q3_通信保障!R1901C3,True
Q3_通信保障!R1901C4,True
Q3_通信保障!R1901C5,True
Q3_通信保障!R1901C6,True
Q3_通信保障/row1902_no_extra_fields,True
Q3_通信保障!R1902C1,True
Q3_通信保障!R1902C2,True
Q3_通信保障!R1902C3,True
Q3_通信保障!R1902C4,True
Q3_通信保障!R1902C5,True
Q3_通信保障!R1902C6,True
Q3_通信保障/row1903_no_extra_fields,True
Q3_通信保障!R1903C1,True
Q3_通信保障!R1903C2,True
Q3_通信保障!R1903C3,True
Q3_通信保障!R1903C4,True
Q3_通信保障!R1903C5,True
Q3_通信保障!R1903C6,True
Q3_通信保障/row1904_no_extra_fields,True
Q3_通信保障!R1904C1,True
Q3_通信保障!R1904C2,True
Q3_通信保障!R1904C3,True
Q3_通信保障!R1904C4,True
Q3_通信保障!R1904C5,True
Q3_通信保障!R1904C6,True
Q3_通信保障/row1905_no_extra_fields,True
Q3_通信保障!R1905C1,True
Q3_通信保障!R1905C2,True
Q3_通信保障!R1905C3,True
Q3_通信保障!R1905C4,True
Q3_通信保障!R1905C5,True
Q3_通信保障!R1905C6,True
Q3_通信保障/row1906_no_extra_fields,True
Q3_通信保障!R1906C1,True
Q3_通信保障!R1906C2,True
Q3_通信保障!R1906C3,True
Q3_通信保障!R1906C4,True
Q3_通信保障!R1906C5,True
Q3_通信保障!R1906C6,True
Q3_通信保障/row1907_no_extra_fields,True
Q3_通信保障!R1907C1,True
Q3_通信保障!R1907C2,True
Q3_通信保障!R1907C3,True
Q3_通信保障!R1907C4,True
Q3_通信保障!R1907C5,True
Q3_通信保障!R1907C6,True
Q3_通信保障/row1908_no_extra_fields,True
Q3_通信保障!R1908C1,True
Q3_通信保障!R1908C2,True
Q3_通信保障!R1908C3,True
Q3_通信保障!R1908C4,True
Q3_通信保障!R1908C5,True
Q3_通信保障!R1908C6,True
Q3_通信保障/row1909_no_extra_fields,True
Q3_通信保障!R1909C1,True
Q3_通信保障!R1909C2,True
Q3_通信保障!R1909C3,True
Q3_通信保障!R1909C4,True
Q3_通信保障!R1909C5,True
Q3_通信保障!R1909C6,True
Q3_通信保障/row1910_no_extra_fields,True
Q3_通信保障!R1910C1,True
Q3_通信保障!R1910C2,True
Q3_通信保障!R1910C3,True
Q3_通信保障!R1910C4,True
Q3_通信保障!R1910C5,True
Q3_通信保障!R1910C6,True
Q3_通信保障/row1911_no_extra_fields,True
Q3_通信保障!R1911C1,True
Q3_通信保障!R1911C2,True
Q3_通信保障!R1911C3,True
Q3_通信保障!R1911C4,True
Q3_通信保障!R1911C5,True
Q3_通信保障!R1911C6,True
Q3_通信保障/row1912_no_extra_fields,True
Q3_通信保障!R1912C1,True
Q3_通信保障!R1912C2,True
Q3_通信保障!R1912C3,True
Q3_通信保障!R1912C4,True
Q3_通信保障!R1912C5,True
Q3_通信保障!R1912C6,True
Q3_通信保障/row1913_no_extra_fields,True
Q3_通信保障!R1913C1,True
Q3_通信保障!R1913C2,True
Q3_通信保障!R1913C3,True
Q3_通信保障!R1913C4,True
Q3_通信保障!R1913C5,True
Q3_通信保障!R1913C6,True
Q3_通信保障/row1914_no_extra_fields,True
Q3_通信保障!R1914C1,True
Q3_通信保障!R1914C2,True
Q3_通信保障!R1914C3,True
Q3_通信保障!R1914C4,True
Q3_通信保障!R1914C5,True
Q3_通信保障!R1914C6,True
Q3_通信保障/row1915_no_extra_fields,True
Q3_通信保障!R1915C1,True
Q3_通信保障!R1915C2,True
Q3_通信保障!R1915C3,True
Q3_通信保障!R1915C4,True
Q3_通信保障!R1915C5,True
Q3_通信保障!R1915C6,True
Q3_通信保障/row1916_no_extra_fields,True
Q3_通信保障!R1916C1,True
Q3_通信保障!R1916C2,True
Q3_通信保障!R1916C3,True
Q3_通信保障!R1916C4,True
Q3_通信保障!R1916C5,True
Q3_通信保障!R1916C6,True
Q3_通信保障/row1917_no_extra_fields,True
Q3_通信保障!R1917C1,True
Q3_通信保障!R1917C2,True
Q3_通信保障!R1917C3,True
Q3_通信保障!R1917C4,True
Q3_通信保障!R1917C5,True
Q3_通信保障!R1917C6,True
Q3_通信保障/row1918_no_extra_fields,True
Q3_通信保障!R1918C1,True
Q3_通信保障!R1918C2,True
Q3_通信保障!R1918C3,True
Q3_通信保障!R1918C4,True
Q3_通信保障!R1918C5,True
Q3_通信保障!R1918C6,True
Q3_通信保障/row1919_no_extra_fields,True
Q3_通信保障!R1919C1,True
Q3_通信保障!R1919C2,True
Q3_通信保障!R1919C3,True
Q3_通信保障!R1919C4,True
Q3_通信保障!R1919C5,True
Q3_通信保障!R1919C6,True
Q3_通信保障/row1920_no_extra_fields,True
Q3_通信保障!R1920C1,True
Q3_通信保障!R1920C2,True
Q3_通信保障!R1920C3,True
Q3_通信保障!R1920C4,True
Q3_通信保障!R1920C5,True
Q3_通信保障!R1920C6,True
Q3_通信保障/row1921_no_extra_fields,True
Q3_通信保障!R1921C1,True
Q3_通信保障!R1921C2,True
Q3_通信保障!R1921C3,True
Q3_通信保障!R1921C4,True
Q3_通信保障!R1921C5,True
Q3_通信保障!R1921C6,True
Q3_通信保障/row1922_no_extra_fields,True
Q3_通信保障!R1922C1,True
Q3_通信保障!R1922C2,True
Q3_通信保障!R1922C3,True
Q3_通信保障!R1922C4,True
Q3_通信保障!R1922C5,True
Q3_通信保障!R1922C6,True
Q3_通信保障/row1923_no_extra_fields,True
Q3_通信保障!R1923C1,True
Q3_通信保障!R1923C2,True
Q3_通信保障!R1923C3,True
Q3_通信保障!R1923C4,True
Q3_通信保障!R1923C5,True
Q3_通信保障!R1923C6,True
Q3_通信保障/row1924_no_extra_fields,True
Q3_通信保障!R1924C1,True
Q3_通信保障!R1924C2,True
Q3_通信保障!R1924C3,True
Q3_通信保障!R1924C4,True
Q3_通信保障!R1924C5,True
Q3_通信保障!R1924C6,True
Q3_通信保障/row1925_no_extra_fields,True
Q3_通信保障!R1925C1,True
Q3_通信保障!R1925C2,True
Q3_通信保障!R1925C3,True
Q3_通信保障!R1925C4,True
Q3_通信保障!R1925C5,True
Q3_通信保障!R1925C6,True
Q3_通信保障/row1926_no_extra_fields,True
Q3_通信保障!R1926C1,True
Q3_通信保障!R1926C2,True
Q3_通信保障!R1926C3,True
Q3_通信保障!R1926C4,True
Q3_通信保障!R1926C5,True
Q3_通信保障!R1926C6,True
Q3_通信保障/row1927_no_extra_fields,True
Q3_通信保障!R1927C1,True
Q3_通信保障!R1927C2,True
Q3_通信保障!R1927C3,True
Q3_通信保障!R1927C4,True
Q3_通信保障!R1927C5,True
Q3_通信保障!R1927C6,True
Q3_通信保障/row1928_no_extra_fields,True
Q3_通信保障!R1928C1,True
Q3_通信保障!R1928C2,True
Q3_通信保障!R1928C3,True
Q3_通信保障!R1928C4,True
Q3_通信保障!R1928C5,True
Q3_通信保障!R1928C6,True
Q3_通信保障/row1929_no_extra_fields,True
Q3_通信保障!R1929C1,True
Q3_通信保障!R1929C2,True
Q3_通信保障!R1929C3,True
Q3_通信保障!R1929C4,True
Q3_通信保障!R1929C5,True
Q3_通信保障!R1929C6,True
Q3_通信保障/row1930_no_extra_fields,True
Q3_通信保障!R1930C1,True
Q3_通信保障!R1930C2,True
Q3_通信保障!R1930C3,True
Q3_通信保障!R1930C4,True
Q3_通信保障!R1930C5,True
Q3_通信保障!R1930C6,True
Q3_通信保障/row1931_no_extra_fields,True
Q3_通信保障!R1931C1,True
Q3_通信保障!R1931C2,True
Q3_通信保障!R1931C3,True
Q3_通信保障!R1931C4,True
Q3_通信保障!R1931C5,True
Q3_通信保障!R1931C6,True
Q3_通信保障/row1932_no_extra_fields,True
Q3_通信保障!R1932C1,True
Q3_通信保障!R1932C2,True
Q3_通信保障!R1932C3,True
Q3_通信保障!R1932C4,True
Q3_通信保障!R1932C5,True
Q3_通信保障!R1932C6,True
Q3_通信保障/row1933_no_extra_fields,True
Q3_通信保障!R1933C1,True
Q3_通信保障!R1933C2,True
Q3_通信保障!R1933C3,True
Q3_通信保障!R1933C4,True
Q3_通信保障!R1933C5,True
Q3_通信保障!R1933C6,True
Q3_通信保障/row1934_no_extra_fields,True
Q3_通信保障!R1934C1,True
Q3_通信保障!R1934C2,True
Q3_通信保障!R1934C3,True
Q3_通信保障!R1934C4,True
Q3_通信保障!R1934C5,True
Q3_通信保障!R1934C6,True
Q3_通信保障/row1935_no_extra_fields,True
Q3_通信保障!R1935C1,True
Q3_通信保障!R1935C2,True
Q3_通信保障!R1935C3,True
Q3_通信保障!R1935C4,True
Q3_通信保障!R1935C5,True
Q3_通信保障!R1935C6,True
Q3_通信保障/row1936_no_extra_fields,True
Q3_通信保障!R1936C1,True
Q3_通信保障!R1936C2,True
Q3_通信保障!R1936C3,True
Q3_通信保障!R1936C4,True
Q3_通信保障!R1936C5,True
Q3_通信保障!R1936C6,True
Q3_通信保障/row1937_no_extra_fields,True
Q3_通信保障!R1937C1,True
Q3_通信保障!R1937C2,True
Q3_通信保障!R1937C3,True
Q3_通信保障!R1937C4,True
Q3_通信保障!R1937C5,True
Q3_通信保障!R1937C6,True
Q3_通信保障/row1938_no_extra_fields,True
Q3_通信保障!R1938C1,True
Q3_通信保障!R1938C2,True
Q3_通信保障!R1938C3,True
Q3_通信保障!R1938C4,True
Q3_通信保障!R1938C5,True
Q3_通信保障!R1938C6,True
Q3_通信保障/row1939_no_extra_fields,True
Q3_通信保障!R1939C1,True
Q3_通信保障!R1939C2,True
Q3_通信保障!R1939C3,True
Q3_通信保障!R1939C4,True
Q3_通信保障!R1939C5,True
Q3_通信保障!R1939C6,True
Q3_通信保障/row1940_no_extra_fields,True
Q3_通信保障!R1940C1,True
Q3_通信保障!R1940C2,True
Q3_通信保障!R1940C3,True
Q3_通信保障!R1940C4,True
Q3_通信保障!R1940C5,True
Q3_通信保障!R1940C6,True
Q3_通信保障/row1941_no_extra_fields,True
Q3_通信保障!R1941C1,True
Q3_通信保障!R1941C2,True
Q3_通信保障!R1941C3,True
Q3_通信保障!R1941C4,True
Q3_通信保障!R1941C5,True
Q3_通信保障!R1941C6,True
Q3_通信保障/row1942_no_extra_fields,True
Q3_通信保障!R1942C1,True
Q3_通信保障!R1942C2,True
Q3_通信保障!R1942C3,True
Q3_通信保障!R1942C4,True
Q3_通信保障!R1942C5,True
Q3_通信保障!R1942C6,True
Q3_通信保障/row1943_no_extra_fields,True
Q3_通信保障!R1943C1,True
Q3_通信保障!R1943C2,True
Q3_通信保障!R1943C3,True
Q3_通信保障!R1943C4,True
Q3_通信保障!R1943C5,True
Q3_通信保障!R1943C6,True
Q3_通信保障/row1944_no_extra_fields,True
Q3_通信保障!R1944C1,True
Q3_通信保障!R1944C2,True
Q3_通信保障!R1944C3,True
Q3_通信保障!R1944C4,True
Q3_通信保障!R1944C5,True
Q3_通信保障!R1944C6,True
Q3_通信保障/row1945_no_extra_fields,True
Q3_通信保障!R1945C1,True
Q3_通信保障!R1945C2,True
Q3_通信保障!R1945C3,True
Q3_通信保障!R1945C4,True
Q3_通信保障!R1945C5,True
Q3_通信保障!R1945C6,True
Q3_通信保障/row1946_no_extra_fields,True
Q3_通信保障!R1946C1,True
Q3_通信保障!R1946C2,True
Q3_通信保障!R1946C3,True
Q3_通信保障!R1946C4,True
Q3_通信保障!R1946C5,True
Q3_通信保障!R1946C6,True
Q3_通信保障/row1947_no_extra_fields,True
Q3_通信保障!R1947C1,True
Q3_通信保障!R1947C2,True
Q3_通信保障!R1947C3,True
Q3_通信保障!R1947C4,True
Q3_通信保障!R1947C5,True
Q3_通信保障!R1947C6,True
Q3_通信保障/row1948_no_extra_fields,True
Q3_通信保障!R1948C1,True
Q3_通信保障!R1948C2,True
Q3_通信保障!R1948C3,True
Q3_通信保障!R1948C4,True
Q3_通信保障!R1948C5,True
Q3_通信保障!R1948C6,True
Q3_通信保障/row1949_no_extra_fields,True
Q3_通信保障!R1949C1,True
Q3_通信保障!R1949C2,True
Q3_通信保障!R1949C3,True
Q3_通信保障!R1949C4,True
Q3_通信保障!R1949C5,True
Q3_通信保障!R1949C6,True
Q3_通信保障/row1950_no_extra_fields,True
Q3_通信保障!R1950C1,True
Q3_通信保障!R1950C2,True
Q3_通信保障!R1950C3,True
Q3_通信保障!R1950C4,True
Q3_通信保障!R1950C5,True
Q3_通信保障!R1950C6,True
Q3_通信保障/row1951_no_extra_fields,True
Q3_通信保障!R1951C1,True
Q3_通信保障!R1951C2,True
Q3_通信保障!R1951C3,True
Q3_通信保障!R1951C4,True
Q3_通信保障!R1951C5,True
Q3_通信保障!R1951C6,True
Q3_通信保障/row1952_no_extra_fields,True
Q3_通信保障!R1952C1,True
Q3_通信保障!R1952C2,True
Q3_通信保障!R1952C3,True
Q3_通信保障!R1952C4,True
Q3_通信保障!R1952C5,True
Q3_通信保障!R1952C6,True
Q3_通信保障/row1953_no_extra_fields,True
Q3_通信保障!R1953C1,True
Q3_通信保障!R1953C2,True
Q3_通信保障!R1953C3,True
Q3_通信保障!R1953C4,True
Q3_通信保障!R1953C5,True
Q3_通信保障!R1953C6,True
Q3_通信保障/row1954_no_extra_fields,True
Q3_通信保障!R1954C1,True
Q3_通信保障!R1954C2,True
Q3_通信保障!R1954C3,True
Q3_通信保障!R1954C4,True
Q3_通信保障!R1954C5,True
Q3_通信保障!R1954C6,True
Q3_通信保障/row1955_no_extra_fields,True
Q3_通信保障!R1955C1,True
Q3_通信保障!R1955C2,True
Q3_通信保障!R1955C3,True
Q3_通信保障!R1955C4,True
Q3_通信保障!R1955C5,True
Q3_通信保障!R1955C6,True
Q3_通信保障/row1956_no_extra_fields,True
Q3_通信保障!R1956C1,True
Q3_通信保障!R1956C2,True
Q3_通信保障!R1956C3,True
Q3_通信保障!R1956C4,True
Q3_通信保障!R1956C5,True
Q3_通信保障!R1956C6,True
Q3_通信保障/row1957_no_extra_fields,True
Q3_通信保障!R1957C1,True
Q3_通信保障!R1957C2,True
Q3_通信保障!R1957C3,True
Q3_通信保障!R1957C4,True
Q3_通信保障!R1957C5,True
Q3_通信保障!R1957C6,True
Q3_通信保障/row1958_no_extra_fields,True
Q3_通信保障!R1958C1,True
Q3_通信保障!R1958C2,True
Q3_通信保障!R1958C3,True
Q3_通信保障!R1958C4,True
Q3_通信保障!R1958C5,True
Q3_通信保障!R1958C6,True
Q3_通信保障/row1959_no_extra_fields,True
Q3_通信保障!R1959C1,True
Q3_通信保障!R1959C2,True
Q3_通信保障!R1959C3,True
Q3_通信保障!R1959C4,True
Q3_通信保障!R1959C5,True
Q3_通信保障!R1959C6,True
Q3_通信保障/row1960_no_extra_fields,True
Q3_通信保障!R1960C1,True
Q3_通信保障!R1960C2,True
Q3_通信保障!R1960C3,True
Q3_通信保障!R1960C4,True
Q3_通信保障!R1960C5,True
Q3_通信保障!R1960C6,True
Q3_通信保障/row1961_no_extra_fields,True
Q3_通信保障!R1961C1,True
Q3_通信保障!R1961C2,True
Q3_通信保障!R1961C3,True
Q3_通信保障!R1961C4,True
Q3_通信保障!R1961C5,True
Q3_通信保障!R1961C6,True
Q3_通信保障/row1962_no_extra_fields,True
Q3_通信保障!R1962C1,True
Q3_通信保障!R1962C2,True
Q3_通信保障!R1962C3,True
Q3_通信保障!R1962C4,True
Q3_通信保障!R1962C5,True
Q3_通信保障!R1962C6,True
Q3_通信保障/row1963_no_extra_fields,True
Q3_通信保障!R1963C1,True
Q3_通信保障!R1963C2,True
Q3_通信保障!R1963C3,True
Q3_通信保障!R1963C4,True
Q3_通信保障!R1963C5,True
Q3_通信保障!R1963C6,True
Q3_通信保障/row1964_no_extra_fields,True
Q3_通信保障!R1964C1,True
Q3_通信保障!R1964C2,True
Q3_通信保障!R1964C3,True
Q3_通信保障!R1964C4,True
Q3_通信保障!R1964C5,True
Q3_通信保障!R1964C6,True
Q3_通信保障/row1965_no_extra_fields,True
Q3_通信保障!R1965C1,True
Q3_通信保障!R1965C2,True
Q3_通信保障!R1965C3,True
Q3_通信保障!R1965C4,True
Q3_通信保障!R1965C5,True
Q3_通信保障!R1965C6,True
Q3_通信保障/row1966_no_extra_fields,True
Q3_通信保障!R1966C1,True
Q3_通信保障!R1966C2,True
Q3_通信保障!R1966C3,True
Q3_通信保障!R1966C4,True
Q3_通信保障!R1966C5,True
Q3_通信保障!R1966C6,True
Q3_通信保障/row1967_no_extra_fields,True
Q3_通信保障!R1967C1,True
Q3_通信保障!R1967C2,True
Q3_通信保障!R1967C3,True
Q3_通信保障!R1967C4,True
Q3_通信保障!R1967C5,True
Q3_通信保障!R1967C6,True
Q3_通信保障/row1968_no_extra_fields,True
Q3_通信保障!R1968C1,True
Q3_通信保障!R1968C2,True
Q3_通信保障!R1968C3,True
Q3_通信保障!R1968C4,True
Q3_通信保障!R1968C5,True
Q3_通信保障!R1968C6,True
Q3_通信保障/row1969_no_extra_fields,True
Q3_通信保障!R1969C1,True
Q3_通信保障!R1969C2,True
Q3_通信保障!R1969C3,True
Q3_通信保障!R1969C4,True
Q3_通信保障!R1969C5,True
Q3_通信保障!R1969C6,True
Q3_通信保障/row1970_no_extra_fields,True
Q3_通信保障!R1970C1,True
Q3_通信保障!R1970C2,True
Q3_通信保障!R1970C3,True
Q3_通信保障!R1970C4,True
Q3_通信保障!R1970C5,True
Q3_通信保障!R1970C6,True
Q3_通信保障/row1971_no_extra_fields,True
Q3_通信保障!R1971C1,True
Q3_通信保障!R1971C2,True
Q3_通信保障!R1971C3,True
Q3_通信保障!R1971C4,True
Q3_通信保障!R1971C5,True
Q3_通信保障!R1971C6,True
Q3_通信保障/row1972_no_extra_fields,True
Q3_通信保障!R1972C1,True
Q3_通信保障!R1972C2,True
Q3_通信保障!R1972C3,True
Q3_通信保障!R1972C4,True
Q3_通信保障!R1972C5,True
Q3_通信保障!R1972C6,True
Q3_通信保障/row1973_no_extra_fields,True
Q3_通信保障!R1973C1,True
Q3_通信保障!R1973C2,True
Q3_通信保障!R1973C3,True
Q3_通信保障!R1973C4,True
Q3_通信保障!R1973C5,True
Q3_通信保障!R1973C6,True
Q3_通信保障/row1974_no_extra_fields,True
Q3_通信保障!R1974C1,True
Q3_通信保障!R1974C2,True
Q3_通信保障!R1974C3,True
Q3_通信保障!R1974C4,True
Q3_通信保障!R1974C5,True
Q3_通信保障!R1974C6,True
Q3_通信保障/row1975_no_extra_fields,True
Q3_通信保障!R1975C1,True
Q3_通信保障!R1975C2,True
Q3_通信保障!R1975C3,True
Q3_通信保障!R1975C4,True
Q3_通信保障!R1975C5,True
Q3_通信保障!R1975C6,True
Q3_通信保障/row1976_no_extra_fields,True
Q3_通信保障!R1976C1,True
Q3_通信保障!R1976C2,True
Q3_通信保障!R1976C3,True
Q3_通信保障!R1976C4,True
Q3_通信保障!R1976C5,True
Q3_通信保障!R1976C6,True
Q3_通信保障/row1977_no_extra_fields,True
Q3_通信保障!R1977C1,True
Q3_通信保障!R1977C2,True
Q3_通信保障!R1977C3,True
Q3_通信保障!R1977C4,True
Q3_通信保障!R1977C5,True
Q3_通信保障!R1977C6,True
Q3_通信保障/row1978_no_extra_fields,True
Q3_通信保障!R1978C1,True
Q3_通信保障!R1978C2,True
Q3_通信保障!R1978C3,True
Q3_通信保障!R1978C4,True
Q3_通信保障!R1978C5,True
Q3_通信保障!R1978C6,True
Q3_通信保障/row1979_no_extra_fields,True
Q3_通信保障!R1979C1,True
Q3_通信保障!R1979C2,True
Q3_通信保障!R1979C3,True
Q3_通信保障!R1979C4,True
Q3_通信保障!R1979C5,True
Q3_通信保障!R1979C6,True
Q3_通信保障/row1980_no_extra_fields,True
Q3_通信保障!R1980C1,True
Q3_通信保障!R1980C2,True
Q3_通信保障!R1980C3,True
Q3_通信保障!R1980C4,True
Q3_通信保障!R1980C5,True
Q3_通信保障!R1980C6,True
Q3_通信保障/row1981_no_extra_fields,True
Q3_通信保障!R1981C1,True
Q3_通信保障!R1981C2,True
Q3_通信保障!R1981C3,True
Q3_通信保障!R1981C4,True
Q3_通信保障!R1981C5,True
Q3_通信保障!R1981C6,True
Q3_通信保障/row1982_no_extra_fields,True
Q3_通信保障!R1982C1,True
Q3_通信保障!R1982C2,True
Q3_通信保障!R1982C3,True
Q3_通信保障!R1982C4,True
Q3_通信保障!R1982C5,True
Q3_通信保障!R1982C6,True
Q3_通信保障/row1983_no_extra_fields,True
Q3_通信保障!R1983C1,True
Q3_通信保障!R1983C2,True
Q3_通信保障!R1983C3,True
Q3_通信保障!R1983C4,True
Q3_通信保障!R1983C5,True
Q3_通信保障!R1983C6,True
Q3_通信保障/row1984_no_extra_fields,True
Q3_通信保障!R1984C1,True
Q3_通信保障!R1984C2,True
Q3_通信保障!R1984C3,True
Q3_通信保障!R1984C4,True
Q3_通信保障!R1984C5,True
Q3_通信保障!R1984C6,True
Q3_通信保障/row1985_no_extra_fields,True
Q3_通信保障!R1985C1,True
Q3_通信保障!R1985C2,True
Q3_通信保障!R1985C3,True
Q3_通信保障!R1985C4,True
Q3_通信保障!R1985C5,True
Q3_通信保障!R1985C6,True
Q3_通信保障/row1986_no_extra_fields,True
Q3_通信保障!R1986C1,True
Q3_通信保障!R1986C2,True
Q3_通信保障!R1986C3,True
Q3_通信保障!R1986C4,True
Q3_通信保障!R1986C5,True
Q3_通信保障!R1986C6,True
Q3_通信保障/row1987_no_extra_fields,True
Q3_通信保障!R1987C1,True
Q3_通信保障!R1987C2,True
Q3_通信保障!R1987C3,True
Q3_通信保障!R1987C4,True
Q3_通信保障!R1987C5,True
Q3_通信保障!R1987C6,True
Q3_通信保障/row1988_no_extra_fields,True
Q3_通信保障!R1988C1,True
Q3_通信保障!R1988C2,True
Q3_通信保障!R1988C3,True
Q3_通信保障!R1988C4,True
Q3_通信保障!R1988C5,True
Q3_通信保障!R1988C6,True
Q3_通信保障/row1989_no_extra_fields,True
Q3_通信保障!R1989C1,True
Q3_通信保障!R1989C2,True
Q3_通信保障!R1989C3,True
Q3_通信保障!R1989C4,True
Q3_通信保障!R1989C5,True
Q3_通信保障!R1989C6,True
Q3_通信保障/row1990_no_extra_fields,True
Q3_通信保障!R1990C1,True
Q3_通信保障!R1990C2,True
Q3_通信保障!R1990C3,True
Q3_通信保障!R1990C4,True
Q3_通信保障!R1990C5,True
Q3_通信保障!R1990C6,True
Q3_通信保障/row1991_no_extra_fields,True
Q3_通信保障!R1991C1,True
Q3_通信保障!R1991C2,True
Q3_通信保障!R1991C3,True
Q3_通信保障!R1991C4,True
Q3_通信保障!R1991C5,True
Q3_通信保障!R1991C6,True
Q3_通信保障/row1992_no_extra_fields,True
Q3_通信保障!R1992C1,True
Q3_通信保障!R1992C2,True
Q3_通信保障!R1992C3,True
Q3_通信保障!R1992C4,True
Q3_通信保障!R1992C5,True
Q3_通信保障!R1992C6,True
Q3_通信保障/row1993_no_extra_fields,True
Q3_通信保障!R1993C1,True
Q3_通信保障!R1993C2,True
Q3_通信保障!R1993C3,True
Q3_通信保障!R1993C4,True
Q3_通信保障!R1993C5,True
Q3_通信保障!R1993C6,True
Q3_通信保障/row1994_no_extra_fields,True
Q3_通信保障!R1994C1,True
Q3_通信保障!R1994C2,True
Q3_通信保障!R1994C3,True
Q3_通信保障!R1994C4,True
Q3_通信保障!R1994C5,True
Q3_通信保障!R1994C6,True
Q3_通信保障/row1995_no_extra_fields,True
Q3_通信保障!R1995C1,True
Q3_通信保障!R1995C2,True
Q3_通信保障!R1995C3,True
Q3_通信保障!R1995C4,True
Q3_通信保障!R1995C5,True
Q3_通信保障!R1995C6,True
Q3_通信保障/row1996_no_extra_fields,True
Q3_通信保障!R1996C1,True
Q3_通信保障!R1996C2,True
Q3_通信保障!R1996C3,True
Q3_通信保障!R1996C4,True
Q3_通信保障!R1996C5,True
Q3_通信保障!R1996C6,True
Q3_通信保障/row1997_no_extra_fields,True
Q3_通信保障!R1997C1,True
Q3_通信保障!R1997C2,True
Q3_通信保障!R1997C3,True
Q3_通信保障!R1997C4,True
Q3_通信保障!R1997C5,True
Q3_通信保障!R1997C6,True
Q3_通信保障/row1998_no_extra_fields,True
Q3_通信保障!R1998C1,True
Q3_通信保障!R1998C2,True
Q3_通信保障!R1998C3,True
Q3_通信保障!R1998C4,True
Q3_通信保障!R1998C5,True
Q3_通信保障!R1998C6,True
Q3_通信保障/row1999_no_extra_fields,True
Q3_通信保障!R1999C1,True
Q3_通信保障!R1999C2,True
Q3_通信保障!R1999C3,True
Q3_通信保障!R1999C4,True
Q3_通信保障!R1999C5,True
Q3_通信保障!R1999C6,True
Q3_通信保障/row2000_no_extra_fields,True
Q3_通信保障!R2000C1,True
Q3_通信保障!R2000C2,True
Q3_通信保障!R2000C3,True
Q3_通信保障!R2000C4,True
Q3_通信保障!R2000C5,True
Q3_通信保障!R2000C6,True
Q3_通信保障/row2001_no_extra_fields,True
Q3_通信保障!R2001C1,True
Q3_通信保障!R2001C2,True
Q3_通信保障!R2001C3,True
Q3_通信保障!R2001C4,True
Q3_通信保障!R2001C5,True
Q3_通信保障!R2001C6,True
Q3_通信保障/row2002_no_extra_fields,True
Q3_通信保障!R2002C1,True
Q3_通信保障!R2002C2,True
Q3_通信保障!R2002C3,True
Q3_通信保障!R2002C4,True
Q3_通信保障!R2002C5,True
Q3_通信保障!R2002C6,True
Q3_通信保障/row2003_no_extra_fields,True
Q3_通信保障!R2003C1,True
Q3_通信保障!R2003C2,True
Q3_通信保障!R2003C3,True
Q3_通信保障!R2003C4,True
Q3_通信保障!R2003C5,True
Q3_通信保障!R2003C6,True
Q3_通信保障/row2004_no_extra_fields,True
Q3_通信保障!R2004C1,True
Q3_通信保障!R2004C2,True
Q3_通信保障!R2004C3,True
Q3_通信保障!R2004C4,True
Q3_通信保障!R2004C5,True
Q3_通信保障!R2004C6,True
Q3_通信保障/row2005_no_extra_fields,True
Q3_通信保障!R2005C1,True
Q3_通信保障!R2005C2,True
Q3_通信保障!R2005C3,True
Q3_通信保障!R2005C4,True
Q3_通信保障!R2005C5,True
Q3_通信保障!R2005C6,True
Q3_通信保障/row2006_no_extra_fields,True
Q3_通信保障!R2006C1,True
Q3_通信保障!R2006C2,True
Q3_通信保障!R2006C3,True
Q3_通信保障!R2006C4,True
Q3_通信保障!R2006C5,True
Q3_通信保障!R2006C6,True
Q3_通信保障/row2007_no_extra_fields,True
Q3_通信保障!R2007C1,True
Q3_通信保障!R2007C2,True
Q3_通信保障!R2007C3,True
Q3_通信保障!R2007C4,True
Q3_通信保障!R2007C5,True
Q3_通信保障!R2007C6,True
Q3_通信保障/row2008_no_extra_fields,True
Q3_通信保障!R2008C1,True
Q3_通信保障!R2008C2,True
Q3_通信保障!R2008C3,True
Q3_通信保障!R2008C4,True
Q3_通信保障!R2008C5,True
Q3_通信保障!R2008C6,True
Q3_通信保障/row2009_no_extra_fields,True
Q3_通信保障!R2009C1,True
Q3_通信保障!R2009C2,True
Q3_通信保障!R2009C3,True
Q3_通信保障!R2009C4,True
Q3_通信保障!R2009C5,True
Q3_通信保障!R2009C6,True
Q3_通信保障/row2010_no_extra_fields,True
Q3_通信保障!R2010C1,True
Q3_通信保障!R2010C2,True
Q3_通信保障!R2010C3,True
Q3_通信保障!R2010C4,True
Q3_通信保障!R2010C5,True
Q3_通信保障!R2010C6,True
Q3_通信保障/row2011_no_extra_fields,True
Q3_通信保障!R2011C1,True
Q3_通信保障!R2011C2,True
Q3_通信保障!R2011C3,True
Q3_通信保障!R2011C4,True
Q3_通信保障!R2011C5,True
Q3_通信保障!R2011C6,True
Q3_通信保障/row2012_no_extra_fields,True
Q3_通信保障!R2012C1,True
Q3_通信保障!R2012C2,True
Q3_通信保障!R2012C3,True
Q3_通信保障!R2012C4,True
Q3_通信保障!R2012C5,True
Q3_通信保障!R2012C6,True
Q3_通信保障/row2013_no_extra_fields,True
Q3_通信保障!R2013C1,True
Q3_通信保障!R2013C2,True
Q3_通信保障!R2013C3,True
Q3_通信保障!R2013C4,True
Q3_通信保障!R2013C5,True
Q3_通信保障!R2013C6,True
Q3_通信保障/row2014_no_extra_fields,True
Q3_通信保障!R2014C1,True
Q3_通信保障!R2014C2,True
Q3_通信保障!R2014C3,True
Q3_通信保障!R2014C4,True
Q3_通信保障!R2014C5,True
Q3_通信保障!R2014C6,True
Q3_通信保障/row2015_no_extra_fields,True
Q3_通信保障!R2015C1,True
Q3_通信保障!R2015C2,True
Q3_通信保障!R2015C3,True
Q3_通信保障!R2015C4,True
Q3_通信保障!R2015C5,True
Q3_通信保障!R2015C6,True
Q3_通信保障/row2016_no_extra_fields,True
Q3_通信保障!R2016C1,True
Q3_通信保障!R2016C2,True
Q3_通信保障!R2016C3,True
Q3_通信保障!R2016C4,True
Q3_通信保障!R2016C5,True
Q3_通信保障!R2016C6,True
Q3_通信保障/row2017_no_extra_fields,True
Q3_通信保障!R2017C1,True
Q3_通信保障!R2017C2,True
Q3_通信保障!R2017C3,True
Q3_通信保障!R2017C4,True
Q3_通信保障!R2017C5,True
Q3_通信保障!R2017C6,True
Q3_通信保障/row2018_no_extra_fields,True
Q3_通信保障!R2018C1,True
Q3_通信保障!R2018C2,True
Q3_通信保障!R2018C3,True
Q3_通信保障!R2018C4,True
Q3_通信保障!R2018C5,True
Q3_通信保障!R2018C6,True
Q3_通信保障/row2019_no_extra_fields,True
Q3_通信保障!R2019C1,True
Q3_通信保障!R2019C2,True
Q3_通信保障!R2019C3,True
Q3_通信保障!R2019C4,True
Q3_通信保障!R2019C5,True
Q3_通信保障!R2019C6,True
Q3_通信保障/row2020_no_extra_fields,True
Q3_通信保障!R2020C1,True
Q3_通信保障!R2020C2,True
Q3_通信保障!R2020C3,True
Q3_通信保障!R2020C4,True
Q3_通信保障!R2020C5,True
Q3_通信保障!R2020C6,True
Q3_通信保障/row2021_no_extra_fields,True
Q3_通信保障!R2021C1,True
Q3_通信保障!R2021C2,True
Q3_通信保障!R2021C3,True
Q3_通信保障!R2021C4,True
Q3_通信保障!R2021C5,True
Q3_通信保障!R2021C6,True
Q3_通信保障/row2022_no_extra_fields,True
Q3_通信保障!R2022C1,True
Q3_通信保障!R2022C2,True
Q3_通信保障!R2022C3,True
Q3_通信保障!R2022C4,True
Q3_通信保障!R2022C5,True
Q3_通信保障!R2022C6,True
Q3_通信保障/row2023_no_extra_fields,True
Q3_通信保障!R2023C1,True
Q3_通信保障!R2023C2,True
Q3_通信保障!R2023C3,True
Q3_通信保障!R2023C4,True
Q3_通信保障!R2023C5,True
Q3_通信保障!R2023C6,True
Q3_通信保障/row2024_no_extra_fields,True
Q3_通信保障!R2024C1,True
Q3_通信保障!R2024C2,True
Q3_通信保障!R2024C3,True
Q3_通信保障!R2024C4,True
Q3_通信保障!R2024C5,True
Q3_通信保障!R2024C6,True
Q3_通信保障/row2025_no_extra_fields,True
Q3_通信保障!R2025C1,True
Q3_通信保障!R2025C2,True
Q3_通信保障!R2025C3,True
Q3_通信保障!R2025C4,True
Q3_通信保障!R2025C5,True
Q3_通信保障!R2025C6,True
Q3_通信保障/row2026_no_extra_fields,True
Q3_通信保障!R2026C1,True
Q3_通信保障!R2026C2,True
Q3_通信保障!R2026C3,True
Q3_通信保障!R2026C4,True
Q3_通信保障!R2026C5,True
Q3_通信保障!R2026C6,True
Q3_通信保障/row2027_no_extra_fields,True
Q3_通信保障!R2027C1,True
Q3_通信保障!R2027C2,True
Q3_通信保障!R2027C3,True
Q3_通信保障!R2027C4,True
Q3_通信保障!R2027C5,True
Q3_通信保障!R2027C6,True
Q3_通信保障/row2028_no_extra_fields,True
Q3_通信保障!R2028C1,True
Q3_通信保障!R2028C2,True
Q3_通信保障!R2028C3,True
Q3_通信保障!R2028C4,True
Q3_通信保障!R2028C5,True
Q3_通信保障!R2028C6,True
Q3_通信保障/row2029_no_extra_fields,True
Q3_通信保障!R2029C1,True
Q3_通信保障!R2029C2,True
Q3_通信保障!R2029C3,True
Q3_通信保障!R2029C4,True
Q3_通信保障!R2029C5,True
Q3_通信保障!R2029C6,True
Q3_通信保障/row2030_no_extra_fields,True
Q3_通信保障!R2030C1,True
Q3_通信保障!R2030C2,True
Q3_通信保障!R2030C3,True
Q3_通信保障!R2030C4,True
Q3_通信保障!R2030C5,True
Q3_通信保障!R2030C6,True
Q3_通信保障/row2031_no_extra_fields,True
Q3_通信保障!R2031C1,True
Q3_通信保障!R2031C2,True
Q3_通信保障!R2031C3,True
Q3_通信保障!R2031C4,True
Q3_通信保障!R2031C5,True
Q3_通信保障!R2031C6,True
Q3_通信保障/row2032_no_extra_fields,True
Q3_通信保障!R2032C1,True
Q3_通信保障!R2032C2,True
Q3_通信保障!R2032C3,True
Q3_通信保障!R2032C4,True
Q3_通信保障!R2032C5,True
Q3_通信保障!R2032C6,True
Q3_通信保障/row2033_no_extra_fields,True
Q3_通信保障!R2033C1,True
Q3_通信保障!R2033C2,True
Q3_通信保障!R2033C3,True
Q3_通信保障!R2033C4,True
Q3_通信保障!R2033C5,True
Q3_通信保障!R2033C6,True
Q3_通信保障/row2034_no_extra_fields,True
Q3_通信保障!R2034C1,True
Q3_通信保障!R2034C2,True
Q3_通信保障!R2034C3,True
Q3_通信保障!R2034C4,True
Q3_通信保障!R2034C5,True
Q3_通信保障!R2034C6,True
Q3_通信保障/row2035_no_extra_fields,True
Q3_通信保障!R2035C1,True
Q3_通信保障!R2035C2,True
Q3_通信保障!R2035C3,True
Q3_通信保障!R2035C4,True
Q3_通信保障!R2035C5,True
Q3_通信保障!R2035C6,True
Q3_通信保障/row2036_no_extra_fields,True
Q3_通信保障!R2036C1,True
Q3_通信保障!R2036C2,True
Q3_通信保障!R2036C3,True
Q3_通信保障!R2036C4,True
Q3_通信保障!R2036C5,True
Q3_通信保障!R2036C6,True
Q3_通信保障/row2037_no_extra_fields,True
Q3_通信保障!R2037C1,True
Q3_通信保障!R2037C2,True
Q3_通信保障!R2037C3,True
Q3_通信保障!R2037C4,True
Q3_通信保障!R2037C5,True
Q3_通信保障!R2037C6,True
Q3_通信保障/row2038_no_extra_fields,True
Q3_通信保障!R2038C1,True
Q3_通信保障!R2038C2,True
Q3_通信保障!R2038C3,True
Q3_通信保障!R2038C4,True
Q3_通信保障!R2038C5,True
Q3_通信保障!R2038C6,True
Q3_通信保障/row2039_no_extra_fields,True
Q3_通信保障!R2039C1,True
Q3_通信保障!R2039C2,True
Q3_通信保障!R2039C3,True
Q3_通信保障!R2039C4,True
Q3_通信保障!R2039C5,True
Q3_通信保障!R2039C6,True
Q3_通信保障/row2040_no_extra_fields,True
Q3_通信保障!R2040C1,True
Q3_通信保障!R2040C2,True
Q3_通信保障!R2040C3,True
Q3_通信保障!R2040C4,True
Q3_通信保障!R2040C5,True
Q3_通信保障!R2040C6,True
Q3_通信保障/row2041_no_extra_fields,True
Q3_通信保障!R2041C1,True
Q3_通信保障!R2041C2,True
Q3_通信保障!R2041C3,True
Q3_通信保障!R2041C4,True
Q3_通信保障!R2041C5,True
Q3_通信保障!R2041C6,True
Q3_通信保障/row2042_no_extra_fields,True
Q3_通信保障!R2042C1,True
Q3_通信保障!R2042C2,True
Q3_通信保障!R2042C3,True
Q3_通信保障!R2042C4,True
Q3_通信保障!R2042C5,True
Q3_通信保障!R2042C6,True
Q3_通信保障/row2043_no_extra_fields,True
Q3_通信保障!R2043C1,True
Q3_通信保障!R2043C2,True
Q3_通信保障!R2043C3,True
Q3_通信保障!R2043C4,True
Q3_通信保障!R2043C5,True
Q3_通信保障!R2043C6,True
Q3_通信保障/row2044_no_extra_fields,True
Q3_通信保障!R2044C1,True
Q3_通信保障!R2044C2,True
Q3_通信保障!R2044C3,True
Q3_通信保障!R2044C4,True
Q3_通信保障!R2044C5,True
Q3_通信保障!R2044C6,True
Q3_通信保障/row2045_no_extra_fields,True
Q3_通信保障!R2045C1,True
Q3_通信保障!R2045C2,True
Q3_通信保障!R2045C3,True
Q3_通信保障!R2045C4,True
Q3_通信保障!R2045C5,True
Q3_通信保障!R2045C6,True
Q3_通信保障/row2046_no_extra_fields,True
Q3_通信保障!R2046C1,True
Q3_通信保障!R2046C2,True
Q3_通信保障!R2046C3,True
Q3_通信保障!R2046C4,True
Q3_通信保障!R2046C5,True
Q3_通信保障!R2046C6,True
Q3_通信保障/row2047_no_extra_fields,True
Q3_通信保障!R2047C1,True
Q3_通信保障!R2047C2,True
Q3_通信保障!R2047C3,True
Q3_通信保障!R2047C4,True
Q3_通信保障!R2047C5,True
Q3_通信保障!R2047C6,True
Q3_通信保障/row2048_no_extra_fields,True
Q3_通信保障!R2048C1,True
Q3_通信保障!R2048C2,True
Q3_通信保障!R2048C3,True
Q3_通信保障!R2048C4,True
Q3_通信保障!R2048C5,True
Q3_通信保障!R2048C6,True
Q3_通信保障/row2049_no_extra_fields,True
Q3_通信保障!R2049C1,True
Q3_通信保障!R2049C2,True
Q3_通信保障!R2049C3,True
Q3_通信保障!R2049C4,True
Q3_通信保障!R2049C5,True
Q3_通信保障!R2049C6,True
Q3_通信保障/row2050_no_extra_fields,True
Q3_通信保障!R2050C1,True
Q3_通信保障!R2050C2,True
Q3_通信保障!R2050C3,True
Q3_通信保障!R2050C4,True
Q3_通信保障!R2050C5,True
Q3_通信保障!R2050C6,True
Q3_通信保障/row2051_no_extra_fields,True
Q3_通信保障!R2051C1,True
Q3_通信保障!R2051C2,True
Q3_通信保障!R2051C3,True
Q3_通信保障!R2051C4,True
Q3_通信保障!R2051C5,True
Q3_通信保障!R2051C6,True
Q3_通信保障/row2052_no_extra_fields,True
Q3_通信保障!R2052C1,True
Q3_通信保障!R2052C2,True
Q3_通信保障!R2052C3,True
Q3_通信保障!R2052C4,True
Q3_通信保障!R2052C5,True
Q3_通信保障!R2052C6,True
Q3_通信保障/row2053_no_extra_fields,True
Q3_通信保障!R2053C1,True
Q3_通信保障!R2053C2,True
Q3_通信保障!R2053C3,True
Q3_通信保障!R2053C4,True
Q3_通信保障!R2053C5,True
Q3_通信保障!R2053C6,True
Q3_通信保障/row2054_no_extra_fields,True
Q3_通信保障!R2054C1,True
Q3_通信保障!R2054C2,True
Q3_通信保障!R2054C3,True
Q3_通信保障!R2054C4,True
Q3_通信保障!R2054C5,True
Q3_通信保障!R2054C6,True
Q3_通信保障/row2055_no_extra_fields,True
Q3_通信保障!R2055C1,True
Q3_通信保障!R2055C2,True
Q3_通信保障!R2055C3,True
Q3_通信保障!R2055C4,True
Q3_通信保障!R2055C5,True
Q3_通信保障!R2055C6,True
Q3_通信保障/row2056_no_extra_fields,True
Q3_通信保障!R2056C1,True
Q3_通信保障!R2056C2,True
Q3_通信保障!R2056C3,True
Q3_通信保障!R2056C4,True
Q3_通信保障!R2056C5,True
Q3_通信保障!R2056C6,True
Q3_通信保障/row2057_no_extra_fields,True
Q3_通信保障!R2057C1,True
Q3_通信保障!R2057C2,True
Q3_通信保障!R2057C3,True
Q3_通信保障!R2057C4,True
Q3_通信保障!R2057C5,True
Q3_通信保障!R2057C6,True
Q3_通信保障/row2058_no_extra_fields,True
Q3_通信保障!R2058C1,True
Q3_通信保障!R2058C2,True
Q3_通信保障!R2058C3,True
Q3_通信保障!R2058C4,True
Q3_通信保障!R2058C5,True
Q3_通信保障!R2058C6,True
Q3_通信保障/row2059_no_extra_fields,True
Q3_通信保障!R2059C1,True
Q3_通信保障!R2059C2,True
Q3_通信保障!R2059C3,True
Q3_通信保障!R2059C4,True
Q3_通信保障!R2059C5,True
Q3_通信保障!R2059C6,True
Q3_通信保障/row2060_no_extra_fields,True
Q3_通信保障!R2060C1,True
Q3_通信保障!R2060C2,True
Q3_通信保障!R2060C3,True
Q3_通信保障!R2060C4,True
Q3_通信保障!R2060C5,True
Q3_通信保障!R2060C6,True
Q4_分区配置/record_count,True
Q4_分区配置/row1_no_extra_fields,True
Q4_分区配置!R1C1,True
Q4_分区配置!R1C2,True
Q4_分区配置!R1C3,True
Q4_分区配置!R1C4,True
Q4_分区配置!R1C5,True
Q4_分区配置!R1C6,True
Q4_分区配置!R1C7,True
Q4_分区配置!R1C8,True
Q4_分区配置!R1C9,True
Q4_分区配置!R1C10,True
Q4_分区配置!R1C11,True
Q4_分区配置/row2_no_extra_fields,True
Q4_分区配置!R2C1,True
Q4_分区配置!R2C2,True
Q4_分区配置!R2C3,True
Q4_分区配置!R2C4,True
Q4_分区配置!R2C5,True
Q4_分区配置!R2C6,True
Q4_分区配置!R2C7,True
Q4_分区配置!R2C8,True
Q4_分区配置!R2C9,True
Q4_分区配置!R2C10,True
Q4_分区配置!R2C11,True
Q4_分区配置/row3_no_extra_fields,True
Q4_分区配置!R3C1,True
Q4_分区配置!R3C2,True
Q4_分区配置!R3C3,True
Q4_分区配置!R3C4,True
Q4_分区配置!R3C5,True
Q4_分区配置!R3C6,True
Q4_分区配置!R3C7,True
Q4_分区配置!R3C8,True
Q4_分区配置!R3C9,True
Q4_分区配置!R3C10,True
Q4_分区配置!R3C11,True
Q4_分区配置/row4_no_extra_fields,True
Q4_分区配置!R4C1,True
Q4_分区配置!R4C2,True
Q4_分区配置!R4C3,True
Q4_分区配置!R4C4,True
Q4_分区配置!R4C5,True
Q4_分区配置!R4C6,True
Q4_分区配置!R4C7,True
Q4_分区配置!R4C8,True
Q4_分区配置!R4C9,True
Q4_分区配置!R4C10,True
Q4_分区配置!R4C11,True
Q4_分区配置/row5_no_extra_fields,True
Q4_分区配置!R5C1,True
Q4_分区配置!R5C2,True
Q4_分区配置!R5C3,True
Q4_分区配置!R5C4,True
Q4_分区配置!R5C5,True
Q4_分区配置!R5C6,True
Q4_分区配置!R5C7,True
Q4_分区配置!R5C8,True
Q4_分区配置!R5C9,True
Q4_分区配置!R5C10,True
Q4_分区配置!R5C11,True
Q4_分区配置/row6_no_extra_fields,True
Q4_分区配置!R6C1,True
Q4_分区配置!R6C2,True
Q4_分区配置!R6C3,True
Q4_分区配置!R6C4,True
Q4_分区配置!R6C5,True
Q4_分区配置!R6C6,True
Q4_分区配置!R6C7,True
Q4_分区配置!R6C8,True
Q4_分区配置!R6C9,True
Q4_分区配置!R6C10,True
Q4_分区配置!R6C11,True
