check,pass,details
unique_trip_ids,True,
exact_once_box_coverage,True,
delivery_known_trip/S001-FOD-01,True,
delivery_known_trip/S001-FOD-02,True,
delivery_known_trip/S001-FOD-03,True,
delivery_known_trip/S001-HYG-01,True,
delivery_known_trip/S001-HYG-02,True,
delivery_known_trip/S001-MED-01,True,
delivery_known_trip/S001-MED-02,True,
delivery_known_trip/S001-WAT-01,True,
delivery_known_trip/S001-WAT-02,True,
delivery_known_trip/S001-WAT-03,True,
delivery_known_trip/S001-WAT-04,True,
delivery_known_trip/S001-WAT-05,True,
delivery_known_trip/S001-WAT-06,True,
delivery_known_trip/S001-WAT-07,True,
delivery_known_trip/S001-WAT-08,True,
delivery_known_trip/S002-FOD-01,True,
delivery_known_trip/S002-FOD-02,True,
delivery_known_trip/S002-HYG-01,True,
delivery_known_trip/S002-MED-01,True,
delivery_known_trip/S002-WAT-01,True,
delivery_known_trip/S002-WAT-02,True,
delivery_known_trip/S002-WAT-03,True,
delivery_known_trip/S002-WAT-04,True,
delivery_known_trip/S003-FOD-01,True,
delivery_known_trip/S003-FOD-02,True,
delivery_known_trip/S003-HYG-01,True,
delivery_known_trip/S003-MED-01,True,
delivery_known_trip/S003-WAT-01,True,
delivery_known_trip/S003-WAT-02,True,
delivery_known_trip/S003-WAT-03,True,
delivery_known_trip/S003-WAT-04,True,
delivery_known_trip/S004-FOD-01,True,
delivery_known_trip/S004-HYG-01,True,
delivery_known_trip/S004-MED-01,True,
delivery_known_trip/S004-WAT-01,True,
delivery_known_trip/S004-WAT-02,True,
delivery_known_trip/S004-WAT-03,True,
delivery_known_trip/S005-FOD-01,True,
delivery_known_trip/S005-HYG-01,True,
delivery_known_trip/S005-MED-01,True,
delivery_known_trip/S005-WAT-01,True,
delivery_known_trip/S005-WAT-02,True,
delivery_known_trip/S005-WAT-03,True,
delivery_known_trip/S006-FOD-01,True,
delivery_known_trip/S006-HYG-01,True,
delivery_known_trip/S006-MED-01,True,
delivery_known_trip/S006-WAT-01,True,
delivery_known_trip/S006-WAT-02,True,
delivery_known_trip/S006-WAT-03,True,
delivery_known_trip/S007-FOD-01,True,
delivery_known_trip/S007-HYG-01,True,
delivery_known_trip/S007-MED-01,True,
delivery_known_trip/S007-WAT-01,True,
delivery_known_trip/S007-WAT-02,True,
delivery_known_trip/S008-FOD-01,True,
delivery_known_trip/S008-HYG-01,True,
delivery_known_trip/S008-MED-01,True,
delivery_known_trip/S008-WAT-01,True,
delivery_known_trip/S008-WAT-02,True,
delivery_known_trip/S009-FOD-01,True,
delivery_known_trip/S009-MED-01,True,
delivery_known_trip/S009-WAT-01,True,
delivery_known_trip/S010-FOD-01,True,
delivery_known_trip/S010-MED-01,True,
delivery_known_trip/S010-WAT-01,True,
delivery_known_trip/S011-FOD-01,True,
delivery_known_trip/S011-MED-01,True,
delivery_known_trip/S011-WAT-01,True,
delivery_known_trip/S012-FOD-01,True,
delivery_known_trip/S012-MED-01,True,
delivery_known_trip/S012-WAT-01,True,
delivery_known_trip/S013-FOD-01,True,
delivery_known_trip/S013-MED-01,True,
delivery_known_trip/S013-WAT-01,True,
delivery_known_trip/S014-FOD-01,True,
delivery_known_trip/S014-MED-01,True,
delivery_known_trip/S014-WAT-01,True,
delivery_known_trip/S015-FOD-01,True,
delivery_known_trip/S015-MED-01,True,
delivery_known_trip/S015-WAT-01,True,
Q3-T-001/known_model,True,
Q3-T-001/compatible_drone,True,
Q3-T-001/compatible_battery,True,
Q3-T-001/valid_stops,True,
Q3-T-001/has_boxes,True,
Q3-T-001/known_boxes,True,
Q3-T-001/stop_box_matching,True,
Q3-T-001/capacity_mass,True,
Q3-T-001/capacity_volume,True,
Q3-T-001/finite_times_energy,True,
Q3-T-001/nonnegative_start,True,
Q3-T-001/leg1_nonnegative_altitudes,True,
Q3-T-001/leg1_mass_range,True,
Q3-T-001/S001_nonempty_delivery,True,
S001-MED-01/service_id,True,
S001-MED-01/handoff_completed_time,True,0.0
S001-MED-01/during_trip,True,
S001-MED-01/hard_deadline,True,2691.4269156280156
S001-MED-02/service_id,True,
S001-MED-02/handoff_completed_time,True,0.0
S001-MED-02/during_trip,True,
S001-MED-02/hard_deadline,True,2661.4269156280156
S001-WAT-01/service_id,True,
S001-WAT-01/handoff_completed_time,True,0.0
S001-WAT-01/during_trip,True,
S001-WAT-01/hard_deadline,True,2631.4269156280156
Q3-T-001/leg2_nonnegative_altitudes,True,
Q3-T-001/leg2_mass_range,True,
Q3-T-001/empty_return,True,
Q3-T-001/return_time_recalculation,True,0.0
Q3-T-001/energy_recalculation,True,0.0
Q3-T-001/source_reserve_floor,True,0.7190342941285077
Q3-T-001/all_boxes_unloaded,True,
Q3-T-001/charging_duration_nonnegative,True,
Q3-T-002/known_model,True,
Q3-T-002/compatible_drone,True,
Q3-T-002/compatible_battery,True,
Q3-T-002/valid_stops,True,
Q3-T-002/has_boxes,True,
Q3-T-002/known_boxes,True,
Q3-T-002/stop_box_matching,True,
Q3-T-002/capacity_mass,True,
Q3-T-002/capacity_volume,True,
Q3-T-002/finite_times_energy,True,
Q3-T-002/nonnegative_start,True,
Q3-T-002/leg1_nonnegative_altitudes,True,
Q3-T-002/leg1_mass_range,True,
Q3-T-002/S001_nonempty_delivery,True,
S001-WAT-04/service_id,True,
S001-WAT-04/handoff_completed_time,True,0.0
S001-WAT-04/during_trip,True,
S001-FOD-01/service_id,True,
S001-FOD-01/handoff_completed_time,True,0.0
S001-FOD-01/during_trip,True,
Q3-T-002/leg2_nonnegative_altitudes,True,
Q3-T-002/leg2_mass_range,True,
Q3-T-002/empty_return,True,
Q3-T-002/return_time_recalculation,True,0.0
Q3-T-002/energy_recalculation,True,0.0
Q3-T-002/source_reserve_floor,True,0.7150342114327408
Q3-T-002/all_boxes_unloaded,True,
Q3-T-002/charging_duration_nonnegative,True,
Q3-T-003/known_model,True,
Q3-T-003/compatible_drone,True,
Q3-T-003/compatible_battery,True,
Q3-T-003/valid_stops,True,
Q3-T-003/has_boxes,True,
Q3-T-003/known_boxes,True,
Q3-T-003/stop_box_matching,True,
Q3-T-003/capacity_mass,True,
Q3-T-003/capacity_volume,True,
Q3-T-003/finite_times_energy,True,
Q3-T-003/nonnegative_start,True,
Q3-T-003/leg1_nonnegative_altitudes,True,
Q3-T-003/leg1_mass_range,True,
Q3-T-003/S010_nonempty_delivery,True,
S010-WAT-01/service_id,True,
S010-WAT-01/handoff_completed_time,True,0.0
S010-WAT-01/during_trip,True,
S010-WAT-01/hard_deadline,True,2525.031969557012
Q3-T-003/leg2_nonnegative_altitudes,True,
Q3-T-003/leg2_mass_range,True,
Q3-T-003/S012_nonempty_delivery,True,
S012-FOD-01/service_id,True,
S012-FOD-01/handoff_completed_time,True,2.2737367544323206e-13
S012-FOD-01/during_trip,True,
Q3-T-003/leg3_nonnegative_altitudes,True,
Q3-T-003/leg3_mass_range,True,
Q3-T-003/empty_return,True,
Q3-T-003/return_time_recalculation,True,0.0
Q3-T-003/energy_recalculation,True,4.440892098500626e-16
Q3-T-003/source_reserve_floor,True,0.2715147456028265
Q3-T-003/all_boxes_unloaded,True,
Q3-T-003/charging_duration_nonnegative,True,
Q3-T-004/known_model,True,
Q3-T-004/compatible_drone,True,
Q3-T-004/compatible_battery,True,
Q3-T-004/valid_stops,True,
Q3-T-004/has_boxes,True,
Q3-T-004/known_boxes,True,
Q3-T-004/stop_box_matching,True,
Q3-T-004/capacity_mass,True,
Q3-T-004/capacity_volume,True,
Q3-T-004/finite_times_energy,True,
Q3-T-004/nonnegative_start,True,
Q3-T-004/leg1_nonnegative_altitudes,True,
Q3-T-004/leg1_mass_range,True,
Q3-T-004/S010_nonempty_delivery,True,
S010-MED-01/service_id,True,
S010-MED-01/handoff_completed_time,True,0.0
S010-MED-01/during_trip,True,
S010-MED-01/hard_deadline,True,2525.031969557012
S010-FOD-01/service_id,True,
S010-FOD-01/handoff_completed_time,True,0.0
S010-FOD-01/during_trip,True,
Q3-T-004/leg2_nonnegative_altitudes,True,
Q3-T-004/leg2_mass_range,True,
Q3-T-004/empty_return,True,
Q3-T-004/return_time_recalculation,True,0.0
Q3-T-004/energy_recalculation,True,2.220446049250313e-16
Q3-T-004/source_reserve_floor,True,0.5794508542704071
Q3-T-004/all_boxes_unloaded,True,
Q3-T-004/charging_duration_nonnegative,True,
Q3-T-005/known_model,True,
Q3-T-005/compatible_drone,True,
Q3-T-005/compatible_battery,True,
Q3-T-005/valid_stops,True,
Q3-T-005/has_boxes,True,
Q3-T-005/known_boxes,True,
Q3-T-005/stop_box_matching,True,
Q3-T-005/capacity_mass,True,
Q3-T-005/capacity_volume,True,
Q3-T-005/finite_times_energy,True,
Q3-T-005/nonnegative_start,True,
Q3-T-005/leg1_nonnegative_altitudes,True,
Q3-T-005/leg1_mass_range,True,
Q3-T-005/S007_nonempty_delivery,True,
S007-MED-01/service_id,True,
S007-MED-01/handoff_completed_time,True,2.2737367544323206e-13
S007-MED-01/during_trip,True,
S007-MED-01/hard_deadline,True,2534.2223005098585
S007-WAT-02/service_id,True,
S007-WAT-02/handoff_completed_time,True,2.2737367544323206e-13
S007-WAT-02/during_trip,True,
S007-FOD-01/service_id,True,
S007-FOD-01/handoff_completed_time,True,2.2737367544323206e-13
S007-FOD-01/during_trip,True,
Q3-T-005/leg2_nonnegative_altitudes,True,
Q3-T-005/leg2_mass_range,True,
Q3-T-005/empty_return,True,
Q3-T-005/return_time_recalculation,True,0.0
Q3-T-005/energy_recalculation,True,2.220446049250313e-16
Q3-T-005/source_reserve_floor,True,0.5549942914744321
Q3-T-005/all_boxes_unloaded,True,
Q3-T-005/charging_duration_nonnegative,True,
Q3-T-006/known_model,True,
Q3-T-006/compatible_drone,True,
Q3-T-006/compatible_battery,True,
Q3-T-006/valid_stops,True,
Q3-T-006/has_boxes,True,
Q3-T-006/known_boxes,True,
Q3-T-006/stop_box_matching,True,
Q3-T-006/capacity_mass,True,
Q3-T-006/capacity_volume,True,
Q3-T-006/finite_times_energy,True,
Q3-T-006/nonnegative_start,True,
Q3-T-006/leg1_nonnegative_altitudes,True,
Q3-T-006/leg1_mass_range,True,
Q3-T-006/S007_nonempty_delivery,True,
S007-WAT-01/service_id,True,
S007-WAT-01/handoff_completed_time,True,2.2737367544323206e-13
S007-WAT-01/during_trip,True,
S007-WAT-01/hard_deadline,True,2564.2223005098585
S007-HYG-01/service_id,True,
S007-HYG-01/handoff_completed_time,True,2.2737367544323206e-13
S007-HYG-01/during_trip,True,
Q3-T-006/leg2_nonnegative_altitudes,True,
Q3-T-006/leg2_mass_range,True,
Q3-T-006/empty_return,True,
Q3-T-006/return_time_recalculation,True,0.0
Q3-T-006/energy_recalculation,True,0.0
Q3-T-006/source_reserve_floor,True,0.5858765453929347
Q3-T-006/all_boxes_unloaded,True,
Q3-T-006/charging_duration_nonnegative,True,
Q3-T-007/known_model,True,
Q3-T-007/compatible_drone,True,
Q3-T-007/compatible_battery,True,
Q3-T-007/valid_stops,True,
Q3-T-007/has_boxes,True,
Q3-T-007/known_boxes,True,
Q3-T-007/stop_box_matching,True,
Q3-T-007/capacity_mass,True,
Q3-T-007/capacity_volume,True,
Q3-T-007/finite_times_energy,True,
Q3-T-007/nonnegative_start,True,
Q3-T-007/leg1_nonnegative_altitudes,True,
Q3-T-007/leg1_mass_range,True,
Q3-T-007/S006_nonempty_delivery,True,
S006-MED-01/service_id,True,
S006-MED-01/handoff_completed_time,True,0.0
S006-MED-01/during_trip,True,
S006-MED-01/hard_deadline,True,2570.5780660191617
S006-WAT-01/service_id,True,
S006-WAT-01/handoff_completed_time,True,0.0
S006-WAT-01/during_trip,True,
S006-WAT-01/hard_deadline,True,2534.5780660191617
S006-WAT-02/service_id,True,
S006-WAT-02/handoff_completed_time,True,0.0
S006-WAT-02/during_trip,True,
S006-WAT-03/service_id,True,
S006-WAT-03/handoff_completed_time,True,0.0
S006-WAT-03/during_trip,True,
S006-FOD-01/service_id,True,
S006-FOD-01/handoff_completed_time,True,0.0
S006-FOD-01/during_trip,True,
S006-HYG-01/service_id,True,
S006-HYG-01/handoff_completed_time,True,0.0
S006-HYG-01/during_trip,True,
Q3-T-007/leg2_nonnegative_altitudes,True,
Q3-T-007/leg2_mass_range,True,
Q3-T-007/empty_return,True,
Q3-T-007/return_time_recalculation,True,0.0
Q3-T-007/energy_recalculation,True,0.0
Q3-T-007/source_reserve_floor,True,0.6752515168859685
Q3-T-007/all_boxes_unloaded,True,
Q3-T-007/charging_duration_nonnegative,True,
Q3-T-008/known_model,True,
Q3-T-008/compatible_drone,True,
Q3-T-008/compatible_battery,True,
Q3-T-008/valid_stops,True,
Q3-T-008/has_boxes,True,
Q3-T-008/known_boxes,True,
Q3-T-008/stop_box_matching,True,
Q3-T-008/capacity_mass,True,
Q3-T-008/capacity_volume,True,
Q3-T-008/finite_times_energy,True,
Q3-T-008/nonnegative_start,True,
Q3-T-008/leg1_nonnegative_altitudes,True,
Q3-T-008/leg1_mass_range,True,
Q3-T-008/S001_nonempty_delivery,True,
S001-WAT-02/service_id,True,
S001-WAT-02/handoff_completed_time,True,0.0
S001-WAT-02/during_trip,True,
S001-WAT-03/service_id,True,
S001-WAT-03/handoff_completed_time,True,0.0
S001-WAT-03/during_trip,True,
S001-WAT-06/service_id,True,
S001-WAT-06/handoff_completed_time,True,0.0
S001-WAT-06/during_trip,True,
S001-WAT-08/service_id,True,
S001-WAT-08/handoff_completed_time,True,0.0
S001-WAT-08/during_trip,True,
S001-FOD-02/service_id,True,
S001-FOD-02/handoff_completed_time,True,0.0
S001-FOD-02/during_trip,True,
S001-HYG-01/service_id,True,
S001-HYG-01/handoff_completed_time,True,0.0
S001-HYG-01/during_trip,True,
S001-HYG-02/service_id,True,
S001-HYG-02/handoff_completed_time,True,0.0
S001-HYG-02/during_trip,True,
Q3-T-008/leg2_nonnegative_altitudes,True,
Q3-T-008/leg2_mass_range,True,
Q3-T-008/empty_return,True,
Q3-T-008/return_time_recalculation,True,0.0
Q3-T-008/energy_recalculation,True,0.0
Q3-T-008/source_reserve_floor,True,0.6353022115522805
Q3-T-008/all_boxes_unloaded,True,
Q3-T-008/charging_duration_nonnegative,True,
Q3-T-009/known_model,True,
Q3-T-009/compatible_drone,True,
Q3-T-009/compatible_battery,True,
Q3-T-009/valid_stops,True,
Q3-T-009/has_boxes,True,
Q3-T-009/known_boxes,True,
Q3-T-009/stop_box_matching,True,
Q3-T-009/capacity_mass,True,
Q3-T-009/capacity_volume,True,
Q3-T-009/finite_times_energy,True,
Q3-T-009/nonnegative_start,True,
Q3-T-009/leg1_nonnegative_altitudes,True,
Q3-T-009/leg1_mass_range,True,
Q3-T-009/S001_nonempty_delivery,True,
S001-WAT-07/service_id,True,
S001-WAT-07/handoff_completed_time,True,4.547473508864641e-13
S001-WAT-07/during_trip,True,
S001-FOD-03/service_id,True,
S001-FOD-03/handoff_completed_time,True,4.547473508864641e-13
S001-FOD-03/during_trip,True,
Q3-T-009/leg2_nonnegative_altitudes,True,
Q3-T-009/leg2_mass_range,True,
Q3-T-009/empty_return,True,
Q3-T-009/return_time_recalculation,True,4.547473508864641e-13
Q3-T-009/energy_recalculation,True,0.0
Q3-T-009/source_reserve_floor,True,0.7150342114327408
Q3-T-009/all_boxes_unloaded,True,
Q3-T-009/charging_duration_nonnegative,True,
Q3-T-010/known_model,True,
Q3-T-010/compatible_drone,True,
Q3-T-010/compatible_battery,True,
Q3-T-010/valid_stops,True,
Q3-T-010/has_boxes,True,
Q3-T-010/known_boxes,True,
Q3-T-010/stop_box_matching,True,
Q3-T-010/capacity_mass,True,
Q3-T-010/capacity_volume,True,
Q3-T-010/finite_times_energy,True,
Q3-T-010/nonnegative_start,True,
Q3-T-010/leg1_nonnegative_altitudes,True,
Q3-T-010/leg1_mass_range,True,
Q3-T-010/S013_nonempty_delivery,True,
S013-MED-01/service_id,True,
S013-MED-01/handoff_completed_time,True,0.0
S013-MED-01/during_trip,True,
S013-MED-01/hard_deadline,True,1205.510295751145
Q3-T-010/leg2_nonnegative_altitudes,True,
Q3-T-010/leg2_mass_range,True,
Q3-T-010/S012_nonempty_delivery,True,
S012-WAT-01/service_id,True,
S012-WAT-01/handoff_completed_time,True,0.0
S012-WAT-01/during_trip,True,
S012-WAT-01/hard_deadline,True,696.6093027518236
S012-MED-01/service_id,True,
S012-MED-01/handoff_completed_time,True,0.0
S012-MED-01/during_trip,True,
S012-MED-01/hard_deadline,True,666.6093027518236
Q3-T-010/leg3_nonnegative_altitudes,True,
Q3-T-010/leg3_mass_range,True,
Q3-T-010/empty_return,True,
Q3-T-010/return_time_recalculation,True,4.547473508864641e-13
Q3-T-010/energy_recalculation,True,4.440892098500626e-16
Q3-T-010/source_reserve_floor,True,0.31476481090975006
Q3-T-010/all_boxes_unloaded,True,
Q3-T-010/charging_duration_nonnegative,True,
Q3-T-011/known_model,True,
Q3-T-011/compatible_drone,True,
Q3-T-011/compatible_battery,True,
Q3-T-011/valid_stops,True,
Q3-T-011/has_boxes,True,
Q3-T-011/known_boxes,True,
Q3-T-011/stop_box_matching,True,
Q3-T-011/capacity_mass,True,
Q3-T-011/capacity_volume,True,
Q3-T-011/finite_times_energy,True,
Q3-T-011/nonnegative_start,True,
Q3-T-011/leg1_nonnegative_altitudes,True,
Q3-T-011/leg1_mass_range,True,
Q3-T-011/S002_nonempty_delivery,True,
S002-MED-01/service_id,True,
S002-MED-01/handoff_completed_time,True,4.547473508864641e-13
S002-MED-01/during_trip,True,
S002-MED-01/hard_deadline,True,702.5147302632104
S002-WAT-01/service_id,True,
S002-WAT-01/handoff_completed_time,True,4.547473508864641e-13
S002-WAT-01/during_trip,True,
S002-WAT-01/hard_deadline,True,666.5147302632104
S002-WAT-02/service_id,True,
S002-WAT-02/handoff_completed_time,True,4.547473508864641e-13
S002-WAT-02/during_trip,True,
S002-WAT-04/service_id,True,
S002-WAT-04/handoff_completed_time,True,4.547473508864641e-13
S002-WAT-04/during_trip,True,
S002-FOD-01/service_id,True,
S002-FOD-01/handoff_completed_time,True,4.547473508864641e-13
S002-FOD-01/during_trip,True,
S002-FOD-02/service_id,True,
S002-FOD-02/handoff_completed_time,True,4.547473508864641e-13
S002-FOD-02/during_trip,True,
S002-HYG-01/service_id,True,
S002-HYG-01/handoff_completed_time,True,4.547473508864641e-13
S002-HYG-01/during_trip,True,
Q3-T-011/leg2_nonnegative_altitudes,True,
Q3-T-011/leg2_mass_range,True,
Q3-T-011/empty_return,True,
Q3-T-011/return_time_recalculation,True,0.0
Q3-T-011/energy_recalculation,True,0.0
Q3-T-011/source_reserve_floor,True,0.2148969171743813
Q3-T-011/all_boxes_unloaded,True,
Q3-T-011/charging_duration_nonnegative,True,
Q3-T-012/known_model,True,
Q3-T-012/compatible_drone,True,
Q3-T-012/compatible_battery,True,
Q3-T-012/valid_stops,True,
Q3-T-012/has_boxes,True,
Q3-T-012/known_boxes,True,
Q3-T-012/stop_box_matching,True,
Q3-T-012/capacity_mass,True,
Q3-T-012/capacity_volume,True,
Q3-T-012/finite_times_energy,True,
Q3-T-012/nonnegative_start,True,
Q3-T-012/leg1_nonnegative_altitudes,True,
Q3-T-012/leg1_mass_range,True,
Q3-T-012/S004_nonempty_delivery,True,
S004-MED-01/service_id,True,
S004-MED-01/handoff_completed_time,True,0.0
S004-MED-01/during_trip,True,
S004-MED-01/hard_deadline,True,4234.947785796723
S004-WAT-01/service_id,True,
S004-WAT-01/handoff_completed_time,True,0.0
S004-WAT-01/during_trip,True,
S004-WAT-01/hard_deadline,True,4198.947785796723
S004-WAT-02/service_id,True,
S004-WAT-02/handoff_completed_time,True,0.0
S004-WAT-02/during_trip,True,
S004-WAT-03/service_id,True,
S004-WAT-03/handoff_completed_time,True,0.0
S004-WAT-03/during_trip,True,
S004-FOD-01/service_id,True,
S004-FOD-01/handoff_completed_time,True,0.0
S004-FOD-01/during_trip,True,
S004-HYG-01/service_id,True,
S004-HYG-01/handoff_completed_time,True,0.0
S004-HYG-01/during_trip,True,
Q3-T-012/leg2_nonnegative_altitudes,True,
Q3-T-012/leg2_mass_range,True,
Q3-T-012/empty_return,True,
Q3-T-012/return_time_recalculation,True,0.0
Q3-T-012/energy_recalculation,True,0.0
Q3-T-012/source_reserve_floor,True,0.230883497636599
Q3-T-012/all_boxes_unloaded,True,
Q3-T-012/charging_duration_nonnegative,True,
Q3-T-013/known_model,True,
Q3-T-013/compatible_drone,True,
Q3-T-013/compatible_battery,True,
Q3-T-013/valid_stops,True,
Q3-T-013/has_boxes,True,
Q3-T-013/known_boxes,True,
Q3-T-013/stop_box_matching,True,
Q3-T-013/capacity_mass,True,
Q3-T-013/capacity_volume,True,
Q3-T-013/finite_times_energy,True,
Q3-T-013/nonnegative_start,True,
Q3-T-013/leg1_nonnegative_altitudes,True,
Q3-T-013/leg1_mass_range,True,
Q3-T-013/S001_nonempty_delivery,True,
S001-WAT-05/service_id,True,
S001-WAT-05/handoff_completed_time,True,0.0
S001-WAT-05/during_trip,True,
Q3-T-013/leg2_nonnegative_altitudes,True,
Q3-T-013/leg2_mass_range,True,
Q3-T-013/S002_nonempty_delivery,True,
S002-WAT-03/service_id,True,
S002-WAT-03/handoff_completed_time,True,0.0
S002-WAT-03/during_trip,True,
Q3-T-013/leg3_nonnegative_altitudes,True,
Q3-T-013/leg3_mass_range,True,
Q3-T-013/empty_return,True,
Q3-T-013/return_time_recalculation,True,0.0
Q3-T-013/energy_recalculation,True,4.440892098500626e-16
Q3-T-013/source_reserve_floor,True,0.3495100576389908
Q3-T-013/all_boxes_unloaded,True,
Q3-T-013/charging_duration_nonnegative,True,
Q3-T-014/known_model,True,
Q3-T-014/compatible_drone,True,
Q3-T-014/compatible_battery,True,
Q3-T-014/valid_stops,True,
Q3-T-014/has_boxes,True,
Q3-T-014/known_boxes,True,
Q3-T-014/stop_box_matching,True,
Q3-T-014/capacity_mass,True,
Q3-T-014/capacity_volume,True,
Q3-T-014/finite_times_energy,True,
Q3-T-014/nonnegative_start,True,
Q3-T-014/leg1_nonnegative_altitudes,True,
Q3-T-014/leg1_mass_range,True,
Q3-T-014/S014_nonempty_delivery,True,
S014-WAT-01/service_id,True,
S014-WAT-01/handoff_completed_time,True,0.0
S014-WAT-01/during_trip,True,
S014-WAT-01/hard_deadline,True,781.2897261622429
S014-MED-01/service_id,True,
S014-MED-01/handoff_completed_time,True,0.0
S014-MED-01/during_trip,True,
S014-MED-01/hard_deadline,True,751.2897261622429
S014-FOD-01/service_id,True,
S014-FOD-01/handoff_completed_time,True,0.0
S014-FOD-01/during_trip,True,
Q3-T-014/leg2_nonnegative_altitudes,True,
Q3-T-014/leg2_mass_range,True,
Q3-T-014/empty_return,True,
Q3-T-014/return_time_recalculation,True,0.0
Q3-T-014/energy_recalculation,True,0.0
Q3-T-014/source_reserve_floor,True,0.4649028794731025
Q3-T-014/all_boxes_unloaded,True,
Q3-T-014/charging_duration_nonnegative,True,
Q3-T-015/known_model,True,
Q3-T-015/compatible_drone,True,
Q3-T-015/compatible_battery,True,
Q3-T-015/valid_stops,True,
Q3-T-015/has_boxes,True,
Q3-T-015/known_boxes,True,
Q3-T-015/stop_box_matching,True,
Q3-T-015/capacity_mass,True,
Q3-T-015/capacity_volume,True,
Q3-T-015/finite_times_energy,True,
Q3-T-015/nonnegative_start,True,
Q3-T-015/leg1_nonnegative_altitudes,True,
Q3-T-015/leg1_mass_range,True,
Q3-T-015/S013_nonempty_delivery,True,
S013-WAT-01/service_id,True,
S013-WAT-01/handoff_completed_time,True,0.0
S013-WAT-01/during_trip,True,
S013-WAT-01/hard_deadline,True,425.05477061370766
S013-FOD-01/service_id,True,
S013-FOD-01/handoff_completed_time,True,0.0
S013-FOD-01/during_trip,True,
Q3-T-015/leg2_nonnegative_altitudes,True,
Q3-T-015/leg2_mass_range,True,
Q3-T-015/empty_return,True,
Q3-T-015/return_time_recalculation,True,0.0
Q3-T-015/energy_recalculation,True,4.440892098500626e-16
Q3-T-015/source_reserve_floor,True,0.5499009679668808
Q3-T-015/all_boxes_unloaded,True,
Q3-T-015/charging_duration_nonnegative,True,
Q3-T-016/known_model,True,
Q3-T-016/compatible_drone,True,
Q3-T-016/compatible_battery,True,
Q3-T-016/valid_stops,True,
Q3-T-016/has_boxes,True,
Q3-T-016/known_boxes,True,
Q3-T-016/stop_box_matching,True,
Q3-T-016/capacity_mass,True,
Q3-T-016/capacity_volume,True,
Q3-T-016/finite_times_energy,True,
Q3-T-016/nonnegative_start,True,
Q3-T-016/leg1_nonnegative_altitudes,True,
Q3-T-016/leg1_mass_range,True,
Q3-T-016/S005_nonempty_delivery,True,
S005-MED-01/service_id,True,
S005-MED-01/handoff_completed_time,True,4.547473508864641e-13
S005-MED-01/during_trip,True,
S005-MED-01/hard_deadline,True,6999.571486566758
S005-WAT-01/service_id,True,
S005-WAT-01/handoff_completed_time,True,4.547473508864641e-13
S005-WAT-01/during_trip,True,
S005-WAT-01/hard_deadline,True,6969.571486566758
Q3-T-016/leg2_nonnegative_altitudes,True,
Q3-T-016/leg2_mass_range,True,
Q3-T-016/empty_return,True,
Q3-T-016/return_time_recalculation,True,0.0
Q3-T-016/energy_recalculation,True,0.0
Q3-T-016/source_reserve_floor,True,0.5285942210479573
Q3-T-016/all_boxes_unloaded,True,
Q3-T-016/charging_duration_nonnegative,True,
Q3-T-017/known_model,True,
Q3-T-017/compatible_drone,True,
Q3-T-017/compatible_battery,True,
Q3-T-017/valid_stops,True,
Q3-T-017/has_boxes,True,
Q3-T-017/known_boxes,True,
Q3-T-017/stop_box_matching,True,
Q3-T-017/capacity_mass,True,
Q3-T-017/capacity_volume,True,
Q3-T-017/finite_times_energy,True,
Q3-T-017/nonnegative_start,True,
Q3-T-017/leg1_nonnegative_altitudes,True,
Q3-T-017/leg1_mass_range,True,
Q3-T-017/S011_nonempty_delivery,True,
S011-MED-01/service_id,True,
S011-MED-01/handoff_completed_time,True,0.0
S011-MED-01/during_trip,True,
S011-MED-01/hard_deadline,True,6447.571281853858
S011-WAT-01/service_id,True,
S011-WAT-01/handoff_completed_time,True,0.0
S011-WAT-01/during_trip,True,
S011-WAT-01/hard_deadline,True,6417.571281853858
S011-FOD-01/service_id,True,
S011-FOD-01/handoff_completed_time,True,0.0
S011-FOD-01/during_trip,True,
Q3-T-017/leg2_nonnegative_altitudes,True,
Q3-T-017/leg2_mass_range,True,
Q3-T-017/empty_return,True,
Q3-T-017/return_time_recalculation,True,0.0
Q3-T-017/energy_recalculation,True,0.0
Q3-T-017/source_reserve_floor,True,0.7315120586411361
Q3-T-017/all_boxes_unloaded,True,
Q3-T-017/charging_duration_nonnegative,True,
Q3-T-018/known_model,True,
Q3-T-018/compatible_drone,True,
Q3-T-018/compatible_battery,True,
Q3-T-018/valid_stops,True,
Q3-T-018/has_boxes,True,
Q3-T-018/known_boxes,True,
Q3-T-018/stop_box_matching,True,
Q3-T-018/capacity_mass,True,
Q3-T-018/capacity_volume,True,
Q3-T-018/finite_times_energy,True,
Q3-T-018/nonnegative_start,True,
Q3-T-018/leg1_nonnegative_altitudes,True,
Q3-T-018/leg1_mass_range,True,
Q3-T-018/S008_nonempty_delivery,True,
S008-WAT-01/service_id,True,
S008-WAT-01/handoff_completed_time,True,0.0
S008-WAT-01/during_trip,True,
S008-WAT-01/hard_deadline,True,2363.8567862911314
S008-FOD-01/service_id,True,
S008-FOD-01/handoff_completed_time,True,0.0
S008-FOD-01/during_trip,True,
Q3-T-018/leg2_nonnegative_altitudes,True,
Q3-T-018/leg2_mass_range,True,
Q3-T-018/empty_return,True,
Q3-T-018/return_time_recalculation,True,0.0
Q3-T-018/energy_recalculation,True,0.0
Q3-T-018/source_reserve_floor,True,0.29021432369291467
Q3-T-018/all_boxes_unloaded,True,
Q3-T-018/charging_duration_nonnegative,True,
Q3-T-019/known_model,True,
Q3-T-019/compatible_drone,True,
Q3-T-019/compatible_battery,True,
Q3-T-019/valid_stops,True,
Q3-T-019/has_boxes,True,
Q3-T-019/known_boxes,True,
Q3-T-019/stop_box_matching,True,
Q3-T-019/capacity_mass,True,
Q3-T-019/capacity_volume,True,
Q3-T-019/finite_times_energy,True,
Q3-T-019/nonnegative_start,True,
Q3-T-019/leg1_nonnegative_altitudes,True,
Q3-T-019/leg1_mass_range,True,
Q3-T-019/S003_nonempty_delivery,True,
S003-MED-01/service_id,True,
S003-MED-01/handoff_completed_time,True,0.0
S003-MED-01/during_trip,True,
S003-MED-01/hard_deadline,True,2091.9494111420863
S003-WAT-02/service_id,True,
S003-WAT-02/handoff_completed_time,True,0.0
S003-WAT-02/during_trip,True,
Q3-T-019/leg2_nonnegative_altitudes,True,
Q3-T-019/leg2_mass_range,True,
Q3-T-019/empty_return,True,
Q3-T-019/return_time_recalculation,True,9.094947017729282e-13
Q3-T-019/energy_recalculation,True,4.440892098500626e-16
Q3-T-019/source_reserve_floor,True,0.3373372321105925
Q3-T-019/all_boxes_unloaded,True,
Q3-T-019/charging_duration_nonnegative,True,
Q3-T-020/known_model,True,
Q3-T-020/compatible_drone,True,
Q3-T-020/compatible_battery,True,
Q3-T-020/valid_stops,True,
Q3-T-020/has_boxes,True,
Q3-T-020/known_boxes,True,
Q3-T-020/stop_box_matching,True,
Q3-T-020/capacity_mass,True,
Q3-T-020/capacity_volume,True,
Q3-T-020/finite_times_energy,True,
Q3-T-020/nonnegative_start,True,
Q3-T-020/leg1_nonnegative_altitudes,True,
Q3-T-020/leg1_mass_range,True,
Q3-T-020/S003_nonempty_delivery,True,
S003-WAT-01/service_id,True,
S003-WAT-01/handoff_completed_time,True,0.0
S003-WAT-01/during_trip,True,
S003-WAT-01/hard_deadline,True,2000.5128630532927
S003-WAT-03/service_id,True,
S003-WAT-03/handoff_completed_time,True,0.0
S003-WAT-03/during_trip,True,
S003-WAT-04/service_id,True,
S003-WAT-04/handoff_completed_time,True,0.0
S003-WAT-04/during_trip,True,
S003-FOD-01/service_id,True,
S003-FOD-01/handoff_completed_time,True,0.0
S003-FOD-01/during_trip,True,
S003-FOD-02/service_id,True,
S003-FOD-02/handoff_completed_time,True,0.0
S003-FOD-02/during_trip,True,
S003-HYG-01/service_id,True,
S003-HYG-01/handoff_completed_time,True,0.0
S003-HYG-01/during_trip,True,
Q3-T-020/leg2_nonnegative_altitudes,True,
Q3-T-020/leg2_mass_range,True,
Q3-T-020/empty_return,True,
Q3-T-020/return_time_recalculation,True,9.094947017729282e-13
Q3-T-020/energy_recalculation,True,0.0
Q3-T-020/source_reserve_floor,True,0.23131524452883678
Q3-T-020/all_boxes_unloaded,True,
Q3-T-020/charging_duration_nonnegative,True,
Q3-T-021/known_model,True,
Q3-T-021/compatible_drone,True,
Q3-T-021/compatible_battery,True,
Q3-T-021/valid_stops,True,
Q3-T-021/has_boxes,True,
Q3-T-021/known_boxes,True,
Q3-T-021/stop_box_matching,True,
Q3-T-021/capacity_mass,True,
Q3-T-021/capacity_volume,True,
Q3-T-021/finite_times_energy,True,
Q3-T-021/nonnegative_start,True,
Q3-T-021/leg1_nonnegative_altitudes,True,
Q3-T-021/leg1_mass_range,True,
Q3-T-021/S005_nonempty_delivery,True,
S005-WAT-02/service_id,True,
S005-WAT-02/handoff_completed_time,True,9.094947017729282e-13
S005-WAT-02/during_trip,True,
S005-WAT-03/service_id,True,
S005-WAT-03/handoff_completed_time,True,9.094947017729282e-13
S005-WAT-03/during_trip,True,
S005-FOD-01/service_id,True,
S005-FOD-01/handoff_completed_time,True,9.094947017729282e-13
S005-FOD-01/during_trip,True,
S005-HYG-01/service_id,True,
S005-HYG-01/handoff_completed_time,True,9.094947017729282e-13
S005-HYG-01/during_trip,True,
Q3-T-021/leg2_nonnegative_altitudes,True,
Q3-T-021/leg2_mass_range,True,
Q3-T-021/S008_nonempty_delivery,True,
S008-MED-01/service_id,True,
S008-MED-01/handoff_completed_time,True,9.094947017729282e-13
S008-MED-01/during_trip,True,
S008-MED-01/hard_deadline,True,1470.8226948534275
S008-WAT-02/service_id,True,
S008-WAT-02/handoff_completed_time,True,9.094947017729282e-13
S008-WAT-02/during_trip,True,
S008-HYG-01/service_id,True,
S008-HYG-01/handoff_completed_time,True,9.094947017729282e-13
S008-HYG-01/during_trip,True,
Q3-T-021/leg3_nonnegative_altitudes,True,
Q3-T-021/leg3_mass_range,True,
Q3-T-021/empty_return,True,
Q3-T-021/return_time_recalculation,True,0.0
Q3-T-021/energy_recalculation,True,8.881784197001252e-16
Q3-T-021/source_reserve_floor,True,0.20280212134139797
Q3-T-021/all_boxes_unloaded,True,
Q3-T-021/charging_duration_nonnegative,True,
Q3-T-022/known_model,True,
Q3-T-022/compatible_drone,True,
Q3-T-022/compatible_battery,True,
Q3-T-022/valid_stops,True,
Q3-T-022/has_boxes,True,
Q3-T-022/known_boxes,True,
Q3-T-022/stop_box_matching,True,
Q3-T-022/capacity_mass,True,
Q3-T-022/capacity_volume,True,
Q3-T-022/finite_times_energy,True,
Q3-T-022/nonnegative_start,True,
Q3-T-022/leg1_nonnegative_altitudes,True,
Q3-T-022/leg1_mass_range,True,
Q3-T-022/S015_nonempty_delivery,True,
S015-MED-01/service_id,True,
S015-MED-01/handoff_completed_time,True,0.0
S015-MED-01/during_trip,True,
S015-MED-01/hard_deadline,True,942.2215236779921
S015-WAT-01/service_id,True,
S015-WAT-01/handoff_completed_time,True,0.0
S015-WAT-01/during_trip,True,
S015-WAT-01/hard_deadline,True,4512.221523677992
S015-FOD-01/service_id,True,
S015-FOD-01/handoff_completed_time,True,0.0
S015-FOD-01/during_trip,True,
Q3-T-022/leg2_nonnegative_altitudes,True,
Q3-T-022/leg2_mass_range,True,
Q3-T-022/empty_return,True,
Q3-T-022/return_time_recalculation,True,9.094947017729282e-13
Q3-T-022/energy_recalculation,True,0.0
Q3-T-022/source_reserve_floor,True,0.42313679392897763
Q3-T-022/all_boxes_unloaded,True,
Q3-T-022/charging_duration_nonnegative,True,
Q3-T-023/known_model,True,
Q3-T-023/compatible_drone,True,
Q3-T-023/compatible_battery,True,
Q3-T-023/valid_stops,True,
Q3-T-023/has_boxes,True,
Q3-T-023/known_boxes,True,
Q3-T-023/stop_box_matching,True,
Q3-T-023/capacity_mass,True,
Q3-T-023/capacity_volume,True,
Q3-T-023/finite_times_energy,True,
Q3-T-023/nonnegative_start,True,
Q3-T-023/leg1_nonnegative_altitudes,True,
Q3-T-023/leg1_mass_range,True,
Q3-T-023/S009_nonempty_delivery,True,
S009-MED-01/service_id,True,
S009-MED-01/handoff_completed_time,True,0.0
S009-MED-01/during_trip,True,
S009-MED-01/hard_deadline,True,4232.3568685832515
S009-WAT-01/service_id,True,
S009-WAT-01/handoff_completed_time,True,0.0
S009-WAT-01/during_trip,True,
S009-WAT-01/hard_deadline,True,4202.3568685832515
S009-FOD-01/service_id,True,
S009-FOD-01/handoff_completed_time,True,0.0
S009-FOD-01/during_trip,True,
Q3-T-023/leg2_nonnegative_altitudes,True,
Q3-T-023/leg2_mass_range,True,
Q3-T-023/empty_return,True,
Q3-T-023/return_time_recalculation,True,0.0
Q3-T-023/energy_recalculation,True,0.0
Q3-T-023/source_reserve_floor,True,0.4759415663934575
Q3-T-023/all_boxes_unloaded,True,
Q3-T-023/charging_duration_nonnegative,True,
exact_once_recomputed_delivery,True,
U01/initial_SOC_100,True,
U01/Q3-T-010/no_overlap_and_full_recharge,True,0.0
U02/initial_SOC_100,True,
U02/Q3-T-009/no_overlap_and_full_recharge,True,0.0
U02/Q3-T-016/no_overlap_and_full_recharge,True,199.77761284650933
U03/initial_SOC_100,True,
U03/Q3-T-019/no_overlap_and_full_recharge,True,1252.0429464454746
U04/initial_SOC_100,True,
U04/Q3-T-015/no_overlap_and_full_recharge,True,466.49229966209623
U05/initial_SOC_100,True,
U05/Q3-T-014/no_overlap_and_full_recharge,True,0.0
U05/Q3-T-017/no_overlap_and_full_recharge,True,0.0
U05/Q3-T-022/no_overlap_and_full_recharge,True,405.74787001146524
U06/initial_SOC_100,True,
U06/Q3-T-013/no_overlap_and_full_recharge,True,0.0
U06/Q3-T-018/no_overlap_and_full_recharge,True,86.29212273778148
U06/Q3-T-023/no_overlap_and_full_recharge,True,0.0
U07/initial_SOC_100,True,
U07/Q3-T-012/no_overlap_and_full_recharge,True,0.0
U07/Q3-T-021/no_overlap_and_full_recharge,True,0.0
U08/initial_SOC_100,True,
U08/Q3-T-011/no_overlap_and_full_recharge,True,0.0
U08/Q3-T-020/no_overlap_and_full_recharge,True,0.0
A-BAT-01/initial_SOC_100,True,
A-BAT-01/Q3-T-019/no_overlap_and_full_recharge,True,1552.607696433386
A-BAT-02/initial_SOC_100,True,
A-BAT-02/Q3-T-015/no_overlap_and_full_recharge,True,0.0
A-BAT-03/initial_SOC_100,True,
A-BAT-04/initial_SOC_100,True,
A-BAT-04/Q3-T-016/no_overlap_and_full_recharge,True,0.0
A-BAT-05/initial_SOC_100,True,
A-BAT-06/initial_SOC_100,True,
B-BAT-01/initial_SOC_100,True,
B-BAT-01/Q3-T-018/no_overlap_and_full_recharge,True,560.7155354541023
B-BAT-02/initial_SOC_100,True,
B-BAT-02/Q3-T-017/no_overlap_and_full_recharge,True,545.2757617293673
B-BAT-03/initial_SOC_100,True,
B-BAT-03/Q3-T-023/no_overlap_and_full_recharge,True,193.94099163903047
B-BAT-04/initial_SOC_100,True,
B-BAT-04/Q3-T-022/no_overlap_and_full_recharge,True,0.0
C-BAT-01/initial_SOC_100,True,
C-BAT-01/Q3-T-020/no_overlap_and_full_recharge,True,635.4725474356756
C-BAT-02/initial_SOC_100,True,
C-BAT-02/Q3-T-021/no_overlap_and_full_recharge,True,678.9296081456587
C-BAT-03/initial_SOC_100,True,
C-BAT-04/initial_SOC_100,True,
relay_unique_trip_ids,True,
Q3-R-001/finite,True,
Q3-R-001/drone_inventory,True,
Q3-R-001/energy_inventory,True,
Q3-R-001/start_nonnegative,True,
Q3-R-001/DEM_domain,True,
Q3-R-001/AGL_cap,True,
Q3-R-001/strict_source_cruise,True,
Q3-R-001/build_link_time,True,0.0
Q3-R-001/return_time,True,0.0
Q3-R-001/service_interval,True,
Q3-R-001/energy_formula,True,0.0
Q3-R-001/return_reserve,True,0.9097067967550476
Q3-R-001/bidirectional_backhaul,True,7.511029389008797
Q3-R-002/finite,True,
Q3-R-002/drone_inventory,True,
Q3-R-002/energy_inventory,True,
Q3-R-002/start_nonnegative,True,
Q3-R-002/DEM_domain,True,
Q3-R-002/AGL_cap,True,
Q3-R-002/strict_source_cruise,True,
Q3-R-002/build_link_time,True,0.0
Q3-R-002/return_time,True,0.0
Q3-R-002/service_interval,True,
Q3-R-002/energy_formula,True,-2.220446049250313e-16
Q3-R-002/return_reserve,True,0.7049969674468574
Q3-R-002/bidirectional_backhaul,True,2.4694705795379406
Q3-R-003/finite,True,
Q3-R-003/drone_inventory,True,
Q3-R-003/energy_inventory,True,
Q3-R-003/start_nonnegative,True,
Q3-R-003/DEM_domain,True,
Q3-R-003/AGL_cap,True,
Q3-R-003/strict_source_cruise,True,
Q3-R-003/build_link_time,True,0.0
Q3-R-003/return_time,True,0.0
Q3-R-003/service_interval,True,
Q3-R-003/energy_formula,True,-2.220446049250313e-16
Q3-R-003/return_reserve,True,0.5070225644145441
Q3-R-003/bidirectional_backhaul,True,0.6489723131086578
Q3-R-004/finite,True,
Q3-R-004/drone_inventory,True,
Q3-R-004/energy_inventory,True,
Q3-R-004/start_nonnegative,True,
Q3-R-004/DEM_domain,True,
Q3-R-004/AGL_cap,True,
Q3-R-004/strict_source_cruise,True,
Q3-R-004/build_link_time,True,0.0
Q3-R-004/return_time,True,0.0
Q3-R-004/service_interval,True,
Q3-R-004/energy_formula,True,0.0
Q3-R-004/return_reserve,True,0.7199684034966372
Q3-R-004/bidirectional_backhaul,True,1.6126866692443826
R01/reuse_Q3-R-001_Q3-R-003,True,85.27536932912199
R02/reuse_Q3-R-002_Q3-R-004,True,126.28427156059843
communication_trip_set,True,
COMrow1/finite_ordered,True,
COMrow1/known_mode,True,
COMrow1/provider_count,True,
COMrow1/single_physical_phase,True,
COMrow1/phase_label,True,
COMrow1/unique_point,True,
COMrow1/instant_link_and_priority,True,"(45.92517525248826, 45.92517525248826)"
COMrow2/finite_ordered,True,
COMrow2/known_mode,True,
COMrow2/provider_count,True,
COMrow2/single_physical_phase,True,
COMrow2/phase_label,True,
COMrow2/continuous_terrain_and_distance,True,45.925175252488266
COMrow3/finite_ordered,True,
COMrow3/known_mode,True,
COMrow3/provider_count,True,
COMrow3/single_physical_phase,True,
COMrow3/phase_label,True,
COMrow3/unique_point,True,
COMrow3/instant_link_and_priority,True,"(46.38238674364702, 46.38238674364702)"
COMrow4/finite_ordered,True,
COMrow4/known_mode,True,
COMrow4/provider_count,True,
COMrow4/single_physical_phase,True,
COMrow4/phase_label,True,
COMrow4/continuous_terrain_and_distance,True,56.38238674364702
COMrow5/finite_ordered,True,
COMrow5/known_mode,True,
COMrow5/provider_count,True,
COMrow5/single_physical_phase,True,
COMrow5/phase_label,True,
COMrow5/unique_point,True,
COMrow5/instant_link_and_priority,True,"(63.04826031558974, 63.04826031558974)"
COMrow6/finite_ordered,True,
COMrow6/known_mode,True,
COMrow6/provider_count,True,
COMrow6/single_physical_phase,True,
COMrow6/phase_label,True,
COMrow6/continuous_terrain_and_distance,True,60.56487003084809
COMrow7/finite_ordered,True,
COMrow7/known_mode,True,
COMrow7/provider_count,True,
COMrow7/single_physical_phase,True,
COMrow7/phase_label,True,
COMrow7/unique_point,True,
COMrow7/instant_link_and_priority,True,"(60.56487003084809, 60.56487003084809)"
COMrow8/finite_ordered,True,
COMrow8/known_mode,True,
COMrow8/provider_count,True,
COMrow8/single_physical_phase,True,
COMrow8/phase_label,True,
COMrow8/continuous_terrain_and_distance,True,50.80570620510426
COMrow9/finite_ordered,True,
COMrow9/known_mode,True,
COMrow9/provider_count,True,
COMrow9/single_physical_phase,True,
COMrow9/phase_label,True,
COMrow9/unique_point,True,
COMrow9/instant_link_and_priority,True,"(50.80570620510426, 50.80570620510426)"
COMrow10/finite_ordered,True,
COMrow10/known_mode,True,
COMrow10/provider_count,True,
COMrow10/single_physical_phase,True,
COMrow10/phase_label,True,
COMrow10/continuous_terrain_and_distance,True,45.82290764368433
COMrow11/finite_ordered,True,
COMrow11/known_mode,True,
COMrow11/provider_count,True,
COMrow11/single_physical_phase,True,
COMrow11/phase_label,True,
COMrow11/unique_point,True,
COMrow11/instant_link_and_priority,True,"(45.82290764368433, 45.82290764368433)"
COMrow12/finite_ordered,True,
COMrow12/known_mode,True,
COMrow12/provider_count,True,
COMrow12/single_physical_phase,True,
COMrow12/phase_label,True,
COMrow12/continuous_terrain_and_distance,True,39.982830377148545
COMrow13/finite_ordered,True,
COMrow13/known_mode,True,
COMrow13/provider_count,True,
COMrow13/single_physical_phase,True,
COMrow13/phase_label,True,
COMrow13/unique_point,True,
COMrow13/instant_link_and_priority,True,"(39.982830377148545, 39.982830377148545)"
COMrow14/finite_ordered,True,
COMrow14/known_mode,True,
COMrow14/provider_count,True,
COMrow14/single_physical_phase,True,
COMrow14/phase_label,True,
COMrow14/continuous_terrain_and_distance,True,17.79550583936357
COMrow15/finite_ordered,True,
COMrow15/known_mode,True,
COMrow15/provider_count,True,
COMrow15/single_physical_phase,True,
COMrow15/phase_label,True,
COMrow15/unique_point,True,
COMrow15/instant_link_and_priority,True,"(17.79550583936357, 17.79550583936357)"
COMrow16/finite_ordered,True,
COMrow16/known_mode,True,
COMrow16/provider_count,True,
COMrow16/single_physical_phase,True,
COMrow16/phase_label,True,
COMrow16/continuous_terrain_and_distance,True,4.918777094567158
COMrow17/finite_ordered,True,
COMrow17/known_mode,True,
COMrow17/provider_count,True,
COMrow17/single_physical_phase,True,
COMrow17/phase_label,True,
COMrow17/unique_point,True,
COMrow17/instant_link_and_priority,True,"(4.918777094567162, 4.918777094567162)"
COMrow18/finite_ordered,True,
COMrow18/known_mode,True,
COMrow18/provider_count,True,
COMrow18/single_physical_phase,True,
COMrow18/phase_label,True,
COMrow18/continuous_terrain_and_distance,True,4.365419094587921
COMrow19/finite_ordered,True,
COMrow19/known_mode,True,
COMrow19/provider_count,True,
COMrow19/single_physical_phase,True,
COMrow19/phase_label,True,
COMrow19/unique_point,True,
COMrow19/instant_link_and_priority,True,"(4.365419094587921, 4.365419094587921)"
COMrow20/finite_ordered,True,
COMrow20/known_mode,True,
COMrow20/provider_count,True,
COMrow20/single_physical_phase,True,
COMrow20/phase_label,True,
COMrow20/continuous_terrain_and_distance,True,2.2410165102830195
COMrow21/finite_ordered,True,
COMrow21/known_mode,True,
COMrow21/provider_count,True,
COMrow21/single_physical_phase,True,
COMrow21/phase_label,True,
COMrow21/unique_point,True,
COMrow21/instant_link_and_priority,True,"(2.2410165102830177, 2.2410165102830177)"
COMrow22/finite_ordered,True,
COMrow22/known_mode,True,
COMrow22/provider_count,True,
COMrow22/single_physical_phase,True,
COMrow22/phase_label,True,
COMrow22/continuous_terrain_and_distance,True,2.2410165102830195
COMrow23/finite_ordered,True,
COMrow23/known_mode,True,
COMrow23/provider_count,True,
COMrow23/single_physical_phase,True,
COMrow23/phase_label,True,
COMrow23/unique_point,True,
COMrow23/instant_link_and_priority,True,"(2.2465553185876814, 2.2465553185876814)"
COMrow24/finite_ordered,True,
COMrow24/known_mode,True,
COMrow24/provider_count,True,
COMrow24/single_physical_phase,True,
COMrow24/phase_label,True,
COMrow24/continuous_terrain_and_distance,True,2.246555318587685
COMrow25/finite_ordered,True,
COMrow25/known_mode,True,
COMrow25/provider_count,True,
COMrow25/single_physical_phase,True,
COMrow25/phase_label,True,
COMrow25/unique_point,True,
COMrow25/instant_link_and_priority,True,"(2.2473088722119314, 2.2473088722119314)"
COMrow26/finite_ordered,True,
COMrow26/known_mode,True,
COMrow26/provider_count,True,
COMrow26/single_physical_phase,True,
COMrow26/phase_label,True,
COMrow26/continuous_terrain_and_distance,True,2.2473088722119297
COMrow27/finite_ordered,True,
COMrow27/known_mode,True,
COMrow27/provider_count,True,
COMrow27/single_physical_phase,True,
COMrow27/phase_label,True,
COMrow27/unique_point,True,
COMrow27/instant_link_and_priority,True,"(2.2475814025186764, 2.2475814025186764)"
COMrow28/finite_ordered,True,
COMrow28/known_mode,True,
COMrow28/provider_count,True,
COMrow28/single_physical_phase,True,
COMrow28/phase_label,True,
COMrow28/continuous_terrain_and_distance,True,2.247581402518678
COMrow29/finite_ordered,True,
COMrow29/known_mode,True,
COMrow29/provider_count,True,
COMrow29/single_physical_phase,True,
COMrow29/phase_label,True,
COMrow29/unique_point,True,
COMrow29/instant_link_and_priority,True,"(2.24771385877267, 2.24771385877267)"
COMrow30/finite_ordered,True,
COMrow30/known_mode,True,
COMrow30/provider_count,True,
COMrow30/single_physical_phase,True,
COMrow30/phase_label,True,
COMrow30/continuous_terrain_and_distance,True,2.24771385877267
COMrow31/finite_ordered,True,
COMrow31/known_mode,True,
COMrow31/provider_count,True,
COMrow31/single_physical_phase,True,
COMrow31/phase_label,True,
COMrow31/unique_point,True,
COMrow31/instant_link_and_priority,True,"(2.24771385877267, 2.24771385877267)"
COMrow32/finite_ordered,True,
COMrow32/known_mode,True,
COMrow32/provider_count,True,
COMrow32/single_physical_phase,True,
COMrow32/phase_label,True,
COMrow32/continuous_terrain_and_distance,True,2.24771385877267
COMrow33/finite_ordered,True,
COMrow33/known_mode,True,
COMrow33/provider_count,True,
COMrow33/single_physical_phase,True,
COMrow33/phase_label,True,
COMrow33/unique_point,True,
COMrow33/instant_link_and_priority,True,"(2.24771385877267, 2.24771385877267)"
COMrow34/finite_ordered,True,
COMrow34/known_mode,True,
COMrow34/provider_count,True,
COMrow34/single_physical_phase,True,
COMrow34/phase_label,True,
COMrow34/continuous_terrain_and_distance,True,2.24771385877267
COMrow35/finite_ordered,True,
COMrow35/known_mode,True,
COMrow35/provider_count,True,
COMrow35/single_physical_phase,True,
COMrow35/phase_label,True,
COMrow35/unique_point,True,
COMrow35/instant_link_and_priority,True,"(2.24771385877267, 2.24771385877267)"
COMrow36/finite_ordered,True,
COMrow36/known_mode,True,
COMrow36/provider_count,True,
COMrow36/single_physical_phase,True,
COMrow36/phase_label,True,
COMrow36/continuous_terrain_and_distance,True,2.247581402518678
COMrow37/finite_ordered,True,
COMrow37/known_mode,True,
COMrow37/provider_count,True,
COMrow37/single_physical_phase,True,
COMrow37/phase_label,True,
COMrow37/unique_point,True,
COMrow37/instant_link_and_priority,True,"(2.2475814025186764, 2.2475814025186764)"
COMrow38/finite_ordered,True,
COMrow38/known_mode,True,
COMrow38/provider_count,True,
COMrow38/single_physical_phase,True,
COMrow38/phase_label,True,
COMrow38/continuous_terrain_and_distance,True,2.2473088722119297
COMrow39/finite_ordered,True,
COMrow39/known_mode,True,
COMrow39/provider_count,True,
COMrow39/single_physical_phase,True,
COMrow39/phase_label,True,
COMrow39/unique_point,True,
COMrow39/instant_link_and_priority,True,"(2.2473088722119314, 2.2473088722119314)"
COMrow40/finite_ordered,True,
COMrow40/known_mode,True,
COMrow40/provider_count,True,
COMrow40/single_physical_phase,True,
COMrow40/phase_label,True,
COMrow40/continuous_terrain_and_distance,True,2.246555318587685
COMrow41/finite_ordered,True,
COMrow41/known_mode,True,
COMrow41/provider_count,True,
COMrow41/single_physical_phase,True,
COMrow41/phase_label,True,
COMrow41/unique_point,True,
COMrow41/instant_link_and_priority,True,"(2.2465553185876814, 2.2465553185876814)"
COMrow42/finite_ordered,True,
COMrow42/known_mode,True,
COMrow42/provider_count,True,
COMrow42/single_physical_phase,True,
COMrow42/phase_label,True,
COMrow42/continuous_terrain_and_distance,True,2.2410165102830195
COMrow43/finite_ordered,True,
COMrow43/known_mode,True,
COMrow43/provider_count,True,
COMrow43/single_physical_phase,True,
COMrow43/phase_label,True,
COMrow43/unique_point,True,
COMrow43/instant_link_and_priority,True,"(2.2410165102830177, 2.2410165102830177)"
COMrow44/finite_ordered,True,
COMrow44/known_mode,True,
COMrow44/provider_count,True,
COMrow44/single_physical_phase,True,
COMrow44/phase_label,True,
COMrow44/continuous_terrain_and_distance,True,2.2410165102830195
COMrow45/finite_ordered,True,
COMrow45/known_mode,True,
COMrow45/provider_count,True,
COMrow45/single_physical_phase,True,
COMrow45/phase_label,True,
COMrow45/unique_point,True,
COMrow45/instant_link_and_priority,True,"(4.365419094587921, 4.365419094587921)"
COMrow46/finite_ordered,True,
COMrow46/known_mode,True,
COMrow46/provider_count,True,
COMrow46/single_physical_phase,True,
COMrow46/phase_label,True,
COMrow46/continuous_terrain_and_distance,True,4.365419094587921
COMrow47/finite_ordered,True,
COMrow47/known_mode,True,
COMrow47/provider_count,True,
COMrow47/single_physical_phase,True,
COMrow47/phase_label,True,
COMrow47/unique_point,True,
COMrow47/instant_link_and_priority,True,"(4.918777094567162, 4.918777094567162)"
COMrow48/finite_ordered,True,
COMrow48/known_mode,True,
COMrow48/provider_count,True,
COMrow48/single_physical_phase,True,
COMrow48/phase_label,True,
COMrow48/continuous_terrain_and_distance,True,4.918777094567158
COMrow49/finite_ordered,True,
COMrow49/known_mode,True,
COMrow49/provider_count,True,
COMrow49/single_physical_phase,True,
COMrow49/phase_label,True,
COMrow49/unique_point,True,
COMrow49/instant_link_and_priority,True,"(17.79550583936357, 17.79550583936357)"
COMrow50/finite_ordered,True,
COMrow50/known_mode,True,
COMrow50/provider_count,True,
COMrow50/single_physical_phase,True,
COMrow50/phase_label,True,
COMrow50/continuous_terrain_and_distance,True,17.79550583936357
COMrow51/finite_ordered,True,
COMrow51/known_mode,True,
COMrow51/provider_count,True,
COMrow51/single_physical_phase,True,
COMrow51/phase_label,True,
COMrow51/unique_point,True,
COMrow51/instant_link_and_priority,True,"(31.190995959721874, 31.190995959721874)"
COMrow52/finite_ordered,True,
COMrow52/known_mode,True,
COMrow52/provider_count,True,
COMrow52/single_physical_phase,True,
COMrow52/phase_label,True,
COMrow52/continuous_terrain_and_distance,True,31.190995959721874
COMrow53/finite_ordered,True,
COMrow53/known_mode,True,
COMrow53/provider_count,True,
COMrow53/single_physical_phase,True,
COMrow53/phase_label,True,
COMrow53/unique_point,True,
COMrow53/instant_link_and_priority,True,"(39.982830377148545, 39.982830377148545)"
COMrow54/finite_ordered,True,
COMrow54/known_mode,True,
COMrow54/provider_count,True,
COMrow54/single_physical_phase,True,
COMrow54/phase_label,True,
COMrow54/continuous_terrain_and_distance,True,39.982830377148545
COMrow55/finite_ordered,True,
COMrow55/known_mode,True,
COMrow55/provider_count,True,
COMrow55/single_physical_phase,True,
COMrow55/phase_label,True,
COMrow55/unique_point,True,
COMrow55/instant_link_and_priority,True,"(45.82290764368429, 45.82290764368429)"
COMrow56/finite_ordered,True,
COMrow56/known_mode,True,
COMrow56/provider_count,True,
COMrow56/single_physical_phase,True,
COMrow56/phase_label,True,
COMrow56/continuous_terrain_and_distance,True,45.822907643684296
COMrow57/finite_ordered,True,
COMrow57/known_mode,True,
COMrow57/provider_count,True,
COMrow57/single_physical_phase,True,
COMrow57/phase_label,True,
COMrow57/unique_point,True,
COMrow57/instant_link_and_priority,True,"(50.805706205104286, 50.805706205104286)"
COMrow58/finite_ordered,True,
COMrow58/known_mode,True,
COMrow58/provider_count,True,
COMrow58/single_physical_phase,True,
COMrow58/phase_label,True,
COMrow58/continuous_terrain_and_distance,True,50.805706205104286
COMrow59/finite_ordered,True,
COMrow59/known_mode,True,
COMrow59/provider_count,True,
COMrow59/single_physical_phase,True,
COMrow59/phase_label,True,
COMrow59/unique_point,True,
COMrow59/instant_link_and_priority,True,"(60.56487003084809, 60.56487003084809)"
COMrow60/finite_ordered,True,
COMrow60/known_mode,True,
COMrow60/provider_count,True,
COMrow60/single_physical_phase,True,
COMrow60/phase_label,True,
COMrow60/continuous_terrain_and_distance,True,60.56487003084809
COMrow61/finite_ordered,True,
COMrow61/known_mode,True,
COMrow61/provider_count,True,
COMrow61/single_physical_phase,True,
COMrow61/phase_label,True,
COMrow61/unique_point,True,
COMrow61/instant_link_and_priority,True,"(63.04826031558974, 63.04826031558974)"
COMrow62/finite_ordered,True,
COMrow62/known_mode,True,
COMrow62/provider_count,True,
COMrow62/single_physical_phase,True,
COMrow62/phase_label,True,
COMrow62/continuous_terrain_and_distance,True,56.38238674364702
COMrow63/finite_ordered,True,
COMrow63/known_mode,True,
COMrow63/provider_count,True,
COMrow63/single_physical_phase,True,
COMrow63/phase_label,True,
COMrow63/unique_point,True,
COMrow63/instant_link_and_priority,True,"(46.38238674364699, 46.38238674364699)"
COMrow64/finite_ordered,True,
COMrow64/known_mode,True,
COMrow64/provider_count,True,
COMrow64/single_physical_phase,True,
COMrow64/phase_label,True,
COMrow64/continuous_terrain_and_distance,True,45.92517525248826
COMrow65/finite_ordered,True,
COMrow65/known_mode,True,
COMrow65/provider_count,True,
COMrow65/single_physical_phase,True,
COMrow65/phase_label,True,
COMrow65/unique_point,True,
COMrow65/instant_link_and_priority,True,"(45.92517525248826, 45.92517525248826)"
Q3-T-001/has_communication_spans,True,
Q3-T-001/takeoff_boundary,True,
Q3-T-001/return_boundary,True,
Q3-T-001/no_gap_or_overlap,True,
Q3-T-001/no_gap_or_overlap,True,
Q3-T-001/no_gap_or_overlap,True,
Q3-T-001/no_gap_or_overlap,True,
Q3-T-001/no_gap_or_overlap,True,
Q3-T-001/no_gap_or_overlap,True,
Q3-T-001/no_gap_or_overlap,True,
Q3-T-001/no_gap_or_overlap,True,
Q3-T-001/no_gap_or_overlap,True,
Q3-T-001/no_gap_or_overlap,True,
Q3-T-001/no_gap_or_overlap,True,
Q3-T-001/no_gap_or_overlap,True,
Q3-T-001/no_gap_or_overlap,True,
Q3-T-001/no_gap_or_overlap,True,
Q3-T-001/no_gap_or_overlap,True,
Q3-T-001/no_gap_or_overlap,True,
Q3-T-001/no_gap_or_overlap,True,
Q3-T-001/no_gap_or_overlap,True,
Q3-T-001/no_gap_or_overlap,True,
Q3-T-001/no_gap_or_overlap,True,
Q3-T-001/no_gap_or_overlap,True,
Q3-T-001/no_gap_or_overlap,True,
Q3-T-001/no_gap_or_overlap,True,
Q3-T-001/no_gap_or_overlap,True,
Q3-T-001/no_gap_or_overlap,True,
Q3-T-001/no_gap_or_overlap,True,
Q3-T-001/no_gap_or_overlap,True,
Q3-T-001/no_gap_or_overlap,True,
Q3-T-001/no_gap_or_overlap,True,
Q3-T-001/no_gap_or_overlap,True,
Q3-T-001/no_gap_or_overlap,True,
Q3-T-001/all_boundary_points_present,True,0
Q3-T-001/point_inside_mission,True,
Q3-T-001/point_inside_mission,True,
Q3-T-001/point_inside_mission,True,
Q3-T-001/point_inside_mission,True,
Q3-T-001/point_inside_mission,True,
Q3-T-001/point_inside_mission,True,
Q3-T-001/point_inside_mission,True,
Q3-T-001/point_inside_mission,True,
Q3-T-001/point_inside_mission,True,
Q3-T-001/point_inside_mission,True,
Q3-T-001/point_inside_mission,True,
Q3-T-001/point_inside_mission,True,
Q3-T-001/point_inside_mission,True,
Q3-T-001/point_inside_mission,True,
Q3-T-001/point_inside_mission,True,
Q3-T-001/point_inside_mission,True,
Q3-T-001/point_inside_mission,True,
Q3-T-001/point_inside_mission,True,
Q3-T-001/point_inside_mission,True,
Q3-T-001/point_inside_mission,True,
Q3-T-001/point_inside_mission,True,
Q3-T-001/point_inside_mission,True,
Q3-T-001/point_inside_mission,True,
Q3-T-001/point_inside_mission,True,
Q3-T-001/point_inside_mission,True,
Q3-T-001/point_inside_mission,True,
Q3-T-001/point_inside_mission,True,
Q3-T-001/point_inside_mission,True,
Q3-T-001/point_inside_mission,True,
Q3-T-001/point_inside_mission,True,
Q3-T-001/point_inside_mission,True,
Q3-T-001/point_inside_mission,True,
Q3-T-001/point_inside_mission,True,
COMrow66/finite_ordered,True,
COMrow66/known_mode,True,
COMrow66/provider_count,True,
COMrow66/single_physical_phase,True,
COMrow66/phase_label,True,
COMrow66/unique_point,True,
COMrow66/instant_link_and_priority,True,"(45.92517525248826, 45.92517525248826)"
COMrow67/finite_ordered,True,
COMrow67/known_mode,True,
COMrow67/provider_count,True,
COMrow67/single_physical_phase,True,
COMrow67/phase_label,True,
COMrow67/continuous_terrain_and_distance,True,45.925175252488266
COMrow68/finite_ordered,True,
COMrow68/known_mode,True,
COMrow68/provider_count,True,
COMrow68/single_physical_phase,True,
COMrow68/phase_label,True,
COMrow68/unique_point,True,
COMrow68/instant_link_and_priority,True,"(46.38238674364702, 46.38238674364702)"
COMrow69/finite_ordered,True,
COMrow69/known_mode,True,
COMrow69/provider_count,True,
COMrow69/single_physical_phase,True,
COMrow69/phase_label,True,
COMrow69/continuous_terrain_and_distance,True,56.38238674364702
COMrow70/finite_ordered,True,
COMrow70/known_mode,True,
COMrow70/provider_count,True,
COMrow70/single_physical_phase,True,
COMrow70/phase_label,True,
COMrow70/unique_point,True,
COMrow70/instant_link_and_priority,True,"(63.04826031558974, 63.04826031558974)"
COMrow71/finite_ordered,True,
COMrow71/known_mode,True,
COMrow71/provider_count,True,
COMrow71/single_physical_phase,True,
COMrow71/phase_label,True,
COMrow71/continuous_terrain_and_distance,True,60.56487003084809
COMrow72/finite_ordered,True,
COMrow72/known_mode,True,
COMrow72/provider_count,True,
COMrow72/single_physical_phase,True,
COMrow72/phase_label,True,
COMrow72/unique_point,True,
COMrow72/instant_link_and_priority,True,"(60.56487003084809, 60.56487003084809)"
COMrow73/finite_ordered,True,
COMrow73/known_mode,True,
COMrow73/provider_count,True,
COMrow73/single_physical_phase,True,
COMrow73/phase_label,True,
COMrow73/continuous_terrain_and_distance,True,50.80570620510426
COMrow74/finite_ordered,True,
COMrow74/known_mode,True,
COMrow74/provider_count,True,
COMrow74/single_physical_phase,True,
COMrow74/phase_label,True,
COMrow74/unique_point,True,
COMrow74/instant_link_and_priority,True,"(50.80570620510426, 50.80570620510426)"
COMrow75/finite_ordered,True,
COMrow75/known_mode,True,
COMrow75/provider_count,True,
COMrow75/single_physical_phase,True,
COMrow75/phase_label,True,
COMrow75/continuous_terrain_and_distance,True,45.82290764368433
COMrow76/finite_ordered,True,
COMrow76/known_mode,True,
COMrow76/provider_count,True,
COMrow76/single_physical_phase,True,
COMrow76/phase_label,True,
COMrow76/unique_point,True,
COMrow76/instant_link_and_priority,True,"(45.82290764368433, 45.82290764368433)"
COMrow77/finite_ordered,True,
COMrow77/known_mode,True,
COMrow77/provider_count,True,
COMrow77/single_physical_phase,True,
COMrow77/phase_label,True,
COMrow77/continuous_terrain_and_distance,True,39.982830377148545
COMrow78/finite_ordered,True,
COMrow78/known_mode,True,
COMrow78/provider_count,True,
COMrow78/single_physical_phase,True,
COMrow78/phase_label,True,
COMrow78/unique_point,True,
COMrow78/instant_link_and_priority,True,"(39.982830377148545, 39.982830377148545)"
COMrow79/finite_ordered,True,
COMrow79/known_mode,True,
COMrow79/provider_count,True,
COMrow79/single_physical_phase,True,
COMrow79/phase_label,True,
COMrow79/continuous_terrain_and_distance,True,17.79550583936357
COMrow80/finite_ordered,True,
COMrow80/known_mode,True,
COMrow80/provider_count,True,
COMrow80/single_physical_phase,True,
COMrow80/phase_label,True,
COMrow80/unique_point,True,
COMrow80/instant_link_and_priority,True,"(17.79550583936357, 17.79550583936357)"
COMrow81/finite_ordered,True,
COMrow81/known_mode,True,
COMrow81/provider_count,True,
COMrow81/single_physical_phase,True,
COMrow81/phase_label,True,
COMrow81/continuous_terrain_and_distance,True,4.918777094567158
COMrow82/finite_ordered,True,
COMrow82/known_mode,True,
COMrow82/provider_count,True,
COMrow82/single_physical_phase,True,
COMrow82/phase_label,True,
COMrow82/unique_point,True,
COMrow82/instant_link_and_priority,True,"(4.918777094567162, 4.918777094567162)"
COMrow83/finite_ordered,True,
COMrow83/known_mode,True,
COMrow83/provider_count,True,
COMrow83/single_physical_phase,True,
COMrow83/phase_label,True,
COMrow83/continuous_terrain_and_distance,True,4.365419094587921
COMrow84/finite_ordered,True,
COMrow84/known_mode,True,
COMrow84/provider_count,True,
COMrow84/single_physical_phase,True,
COMrow84/phase_label,True,
COMrow84/unique_point,True,
COMrow84/instant_link_and_priority,True,"(4.365419094587921, 4.365419094587921)"
COMrow85/finite_ordered,True,
COMrow85/known_mode,True,
COMrow85/provider_count,True,
COMrow85/single_physical_phase,True,
COMrow85/phase_label,True,
COMrow85/continuous_terrain_and_distance,True,2.2410165102830195
COMrow86/finite_ordered,True,
COMrow86/known_mode,True,
COMrow86/provider_count,True,
COMrow86/single_physical_phase,True,
COMrow86/phase_label,True,
COMrow86/unique_point,True,
COMrow86/instant_link_and_priority,True,"(2.2410165102830177, 2.2410165102830177)"
COMrow87/finite_ordered,True,
COMrow87/known_mode,True,
COMrow87/provider_count,True,
COMrow87/single_physical_phase,True,
COMrow87/phase_label,True,
COMrow87/continuous_terrain_and_distance,True,2.2410165102830195
COMrow88/finite_ordered,True,
COMrow88/known_mode,True,
COMrow88/provider_count,True,
COMrow88/single_physical_phase,True,
COMrow88/phase_label,True,
COMrow88/unique_point,True,
COMrow88/instant_link_and_priority,True,"(2.2465553185876814, 2.2465553185876814)"
COMrow89/finite_ordered,True,
COMrow89/known_mode,True,
COMrow89/provider_count,True,
COMrow89/single_physical_phase,True,
COMrow89/phase_label,True,
COMrow89/continuous_terrain_and_distance,True,2.246555318587685
COMrow90/finite_ordered,True,
COMrow90/known_mode,True,
COMrow90/provider_count,True,
COMrow90/single_physical_phase,True,
COMrow90/phase_label,True,
COMrow90/unique_point,True,
COMrow90/instant_link_and_priority,True,"(2.2473088722119314, 2.2473088722119314)"
COMrow91/finite_ordered,True,
COMrow91/known_mode,True,
COMrow91/provider_count,True,
COMrow91/single_physical_phase,True,
COMrow91/phase_label,True,
COMrow91/continuous_terrain_and_distance,True,2.2473088722119297
COMrow92/finite_ordered,True,
COMrow92/known_mode,True,
COMrow92/provider_count,True,
COMrow92/single_physical_phase,True,
COMrow92/phase_label,True,
COMrow92/unique_point,True,
COMrow92/instant_link_and_priority,True,"(2.2475814025186764, 2.2475814025186764)"
COMrow93/finite_ordered,True,
COMrow93/known_mode,True,
COMrow93/provider_count,True,
COMrow93/single_physical_phase,True,
COMrow93/phase_label,True,
COMrow93/continuous_terrain_and_distance,True,2.247581402518678
COMrow94/finite_ordered,True,
COMrow94/known_mode,True,
COMrow94/provider_count,True,
COMrow94/single_physical_phase,True,
COMrow94/phase_label,True,
COMrow94/unique_point,True,
COMrow94/instant_link_and_priority,True,"(2.24771385877267, 2.24771385877267)"
COMrow95/finite_ordered,True,
COMrow95/known_mode,True,
COMrow95/provider_count,True,
COMrow95/single_physical_phase,True,
COMrow95/phase_label,True,
COMrow95/continuous_terrain_and_distance,True,2.24771385877267
COMrow96/finite_ordered,True,
COMrow96/known_mode,True,
COMrow96/provider_count,True,
COMrow96/single_physical_phase,True,
COMrow96/phase_label,True,
COMrow96/unique_point,True,
COMrow96/instant_link_and_priority,True,"(2.24771385877267, 2.24771385877267)"
COMrow97/finite_ordered,True,
COMrow97/known_mode,True,
COMrow97/provider_count,True,
COMrow97/single_physical_phase,True,
COMrow97/phase_label,True,
COMrow97/continuous_terrain_and_distance,True,2.24771385877267
COMrow98/finite_ordered,True,
COMrow98/known_mode,True,
COMrow98/provider_count,True,
COMrow98/single_physical_phase,True,
COMrow98/phase_label,True,
COMrow98/unique_point,True,
COMrow98/instant_link_and_priority,True,"(2.24771385877267, 2.24771385877267)"
COMrow99/finite_ordered,True,
COMrow99/known_mode,True,
COMrow99/provider_count,True,
COMrow99/single_physical_phase,True,
COMrow99/phase_label,True,
COMrow99/continuous_terrain_and_distance,True,2.24771385877267
COMrow100/finite_ordered,True,
COMrow100/known_mode,True,
COMrow100/provider_count,True,
COMrow100/single_physical_phase,True,
COMrow100/phase_label,True,
COMrow100/unique_point,True,
COMrow100/instant_link_and_priority,True,"(2.24771385877267, 2.24771385877267)"
COMrow101/finite_ordered,True,
COMrow101/known_mode,True,
COMrow101/provider_count,True,
COMrow101/single_physical_phase,True,
COMrow101/phase_label,True,
COMrow101/continuous_terrain_and_distance,True,2.247581402518678
COMrow102/finite_ordered,True,
COMrow102/known_mode,True,
COMrow102/provider_count,True,
COMrow102/single_physical_phase,True,
COMrow102/phase_label,True,
COMrow102/unique_point,True,
COMrow102/instant_link_and_priority,True,"(2.2475814025186764, 2.2475814025186764)"
COMrow103/finite_ordered,True,
COMrow103/known_mode,True,
COMrow103/provider_count,True,
COMrow103/single_physical_phase,True,
COMrow103/phase_label,True,
COMrow103/continuous_terrain_and_distance,True,2.2473088722119297
COMrow104/finite_ordered,True,
COMrow104/known_mode,True,
COMrow104/provider_count,True,
COMrow104/single_physical_phase,True,
COMrow104/phase_label,True,
COMrow104/unique_point,True,
COMrow104/instant_link_and_priority,True,"(2.2473088722119314, 2.2473088722119314)"
COMrow105/finite_ordered,True,
COMrow105/known_mode,True,
COMrow105/provider_count,True,
COMrow105/single_physical_phase,True,
COMrow105/phase_label,True,
COMrow105/continuous_terrain_and_distance,True,2.246555318587685
COMrow106/finite_ordered,True,
COMrow106/known_mode,True,
COMrow106/provider_count,True,
COMrow106/single_physical_phase,True,
COMrow106/phase_label,True,
COMrow106/unique_point,True,
COMrow106/instant_link_and_priority,True,"(2.2465553185876814, 2.2465553185876814)"
COMrow107/finite_ordered,True,
COMrow107/known_mode,True,
COMrow107/provider_count,True,
COMrow107/single_physical_phase,True,
COMrow107/phase_label,True,
COMrow107/continuous_terrain_and_distance,True,2.2410165102830195
COMrow108/finite_ordered,True,
COMrow108/known_mode,True,
COMrow108/provider_count,True,
COMrow108/single_physical_phase,True,
COMrow108/phase_label,True,
COMrow108/unique_point,True,
COMrow108/instant_link_and_priority,True,"(2.2410165102830177, 2.2410165102830177)"
COMrow109/finite_ordered,True,
COMrow109/known_mode,True,
COMrow109/provider_count,True,
COMrow109/single_physical_phase,True,
COMrow109/phase_label,True,
COMrow109/continuous_terrain_and_distance,True,2.2410165102830195
COMrow110/finite_ordered,True,
COMrow110/known_mode,True,
COMrow110/provider_count,True,
COMrow110/single_physical_phase,True,
COMrow110/phase_label,True,
COMrow110/unique_point,True,
COMrow110/instant_link_and_priority,True,"(4.365419094587921, 4.365419094587921)"
COMrow111/finite_ordered,True,
COMrow111/known_mode,True,
COMrow111/provider_count,True,
COMrow111/single_physical_phase,True,
COMrow111/phase_label,True,
COMrow111/continuous_terrain_and_distance,True,4.365419094587921
COMrow112/finite_ordered,True,
COMrow112/known_mode,True,
COMrow112/provider_count,True,
COMrow112/single_physical_phase,True,
COMrow112/phase_label,True,
COMrow112/unique_point,True,
COMrow112/instant_link_and_priority,True,"(4.918777094567162, 4.918777094567162)"
COMrow113/finite_ordered,True,
COMrow113/known_mode,True,
COMrow113/provider_count,True,
COMrow113/single_physical_phase,True,
COMrow113/phase_label,True,
COMrow113/continuous_terrain_and_distance,True,4.918777094567158
COMrow114/finite_ordered,True,
COMrow114/known_mode,True,
COMrow114/provider_count,True,
COMrow114/single_physical_phase,True,
COMrow114/phase_label,True,
COMrow114/unique_point,True,
COMrow114/instant_link_and_priority,True,"(17.79550583936357, 17.79550583936357)"
COMrow115/finite_ordered,True,
COMrow115/known_mode,True,
COMrow115/provider_count,True,
COMrow115/single_physical_phase,True,
COMrow115/phase_label,True,
COMrow115/continuous_terrain_and_distance,True,17.79550583936357
COMrow116/finite_ordered,True,
COMrow116/known_mode,True,
COMrow116/provider_count,True,
COMrow116/single_physical_phase,True,
COMrow116/phase_label,True,
COMrow116/unique_point,True,
COMrow116/instant_link_and_priority,True,"(39.982830377148545, 39.982830377148545)"
COMrow117/finite_ordered,True,
COMrow117/known_mode,True,
COMrow117/provider_count,True,
COMrow117/single_physical_phase,True,
COMrow117/phase_label,True,
COMrow117/continuous_terrain_and_distance,True,39.982830377148545
COMrow118/finite_ordered,True,
COMrow118/known_mode,True,
COMrow118/provider_count,True,
COMrow118/single_physical_phase,True,
COMrow118/phase_label,True,
COMrow118/unique_point,True,
COMrow118/instant_link_and_priority,True,"(45.82290764368429, 45.82290764368429)"
COMrow119/finite_ordered,True,
COMrow119/known_mode,True,
COMrow119/provider_count,True,
COMrow119/single_physical_phase,True,
COMrow119/phase_label,True,
COMrow119/continuous_terrain_and_distance,True,45.822907643684296
COMrow120/finite_ordered,True,
COMrow120/known_mode,True,
COMrow120/provider_count,True,
COMrow120/single_physical_phase,True,
COMrow120/phase_label,True,
COMrow120/unique_point,True,
COMrow120/instant_link_and_priority,True,"(49.41817448628592, 49.41817448628592)"
COMrow121/finite_ordered,True,
COMrow121/known_mode,True,
COMrow121/provider_count,True,
COMrow121/single_physical_phase,True,
COMrow121/phase_label,True,
COMrow121/continuous_terrain_and_distance,True,49.41817448628592
COMrow122/finite_ordered,True,
COMrow122/known_mode,True,
COMrow122/provider_count,True,
COMrow122/single_physical_phase,True,
COMrow122/phase_label,True,
COMrow122/unique_point,True,
COMrow122/instant_link_and_priority,True,"(50.805706205104286, 50.805706205104286)"
COMrow123/finite_ordered,True,
COMrow123/known_mode,True,
COMrow123/provider_count,True,
COMrow123/single_physical_phase,True,
COMrow123/phase_label,True,
COMrow123/continuous_terrain_and_distance,True,50.805706205104286
COMrow124/finite_ordered,True,
COMrow124/known_mode,True,
COMrow124/provider_count,True,
COMrow124/single_physical_phase,True,
COMrow124/phase_label,True,
COMrow124/unique_point,True,
COMrow124/instant_link_and_priority,True,"(60.56487003084809, 60.56487003084809)"
COMrow125/finite_ordered,True,
COMrow125/known_mode,True,
COMrow125/provider_count,True,
COMrow125/single_physical_phase,True,
COMrow125/phase_label,True,
COMrow125/continuous_terrain_and_distance,True,60.56487003084809
COMrow126/finite_ordered,True,
COMrow126/known_mode,True,
COMrow126/provider_count,True,
COMrow126/single_physical_phase,True,
COMrow126/phase_label,True,
COMrow126/unique_point,True,
COMrow126/instant_link_and_priority,True,"(63.04826031558974, 63.04826031558974)"
COMrow127/finite_ordered,True,
COMrow127/known_mode,True,
COMrow127/provider_count,True,
COMrow127/single_physical_phase,True,
COMrow127/phase_label,True,
COMrow127/continuous_terrain_and_distance,True,56.38238674364702
COMrow128/finite_ordered,True,
COMrow128/known_mode,True,
COMrow128/provider_count,True,
COMrow128/single_physical_phase,True,
COMrow128/phase_label,True,
COMrow128/unique_point,True,
COMrow128/instant_link_and_priority,True,"(46.38238674364699, 46.38238674364699)"
COMrow129/finite_ordered,True,
COMrow129/known_mode,True,
COMrow129/provider_count,True,
COMrow129/single_physical_phase,True,
COMrow129/phase_label,True,
COMrow129/continuous_terrain_and_distance,True,45.92517525248826
COMrow130/finite_ordered,True,
COMrow130/known_mode,True,
COMrow130/provider_count,True,
COMrow130/single_physical_phase,True,
COMrow130/phase_label,True,
COMrow130/unique_point,True,
COMrow130/instant_link_and_priority,True,"(45.92517525248826, 45.92517525248826)"
Q3-T-002/has_communication_spans,True,
Q3-T-002/takeoff_boundary,True,
Q3-T-002/return_boundary,True,
Q3-T-002/no_gap_or_overlap,True,
Q3-T-002/no_gap_or_overlap,True,
Q3-T-002/no_gap_or_overlap,True,
Q3-T-002/no_gap_or_overlap,True,
Q3-T-002/no_gap_or_overlap,True,
Q3-T-002/no_gap_or_overlap,True,
Q3-T-002/no_gap_or_overlap,True,
Q3-T-002/no_gap_or_overlap,True,
Q3-T-002/no_gap_or_overlap,True,
Q3-T-002/no_gap_or_overlap,True,
Q3-T-002/no_gap_or_overlap,True,
Q3-T-002/no_gap_or_overlap,True,
Q3-T-002/no_gap_or_overlap,True,
Q3-T-002/no_gap_or_overlap,True,
Q3-T-002/no_gap_or_overlap,True,
Q3-T-002/no_gap_or_overlap,True,
Q3-T-002/no_gap_or_overlap,True,
Q3-T-002/no_gap_or_overlap,True,
Q3-T-002/no_gap_or_overlap,True,
Q3-T-002/no_gap_or_overlap,True,
Q3-T-002/no_gap_or_overlap,True,
Q3-T-002/no_gap_or_overlap,True,
Q3-T-002/no_gap_or_overlap,True,
Q3-T-002/no_gap_or_overlap,True,
Q3-T-002/no_gap_or_overlap,True,
Q3-T-002/no_gap_or_overlap,True,
Q3-T-002/no_gap_or_overlap,True,
Q3-T-002/no_gap_or_overlap,True,
Q3-T-002/no_gap_or_overlap,True,
Q3-T-002/no_gap_or_overlap,True,
Q3-T-002/no_gap_or_overlap,True,
Q3-T-002/all_boundary_points_present,True,0
Q3-T-002/point_inside_mission,True,
Q3-T-002/point_inside_mission,True,
Q3-T-002/point_inside_mission,True,
Q3-T-002/point_inside_mission,True,
Q3-T-002/point_inside_mission,True,
Q3-T-002/point_inside_mission,True,
Q3-T-002/point_inside_mission,True,
Q3-T-002/point_inside_mission,True,
Q3-T-002/point_inside_mission,True,
Q3-T-002/point_inside_mission,True,
Q3-T-002/point_inside_mission,True,
Q3-T-002/point_inside_mission,True,
Q3-T-002/point_inside_mission,True,
Q3-T-002/point_inside_mission,True,
Q3-T-002/point_inside_mission,True,
Q3-T-002/point_inside_mission,True,
Q3-T-002/point_inside_mission,True,
Q3-T-002/point_inside_mission,True,
Q3-T-002/point_inside_mission,True,
Q3-T-002/point_inside_mission,True,
Q3-T-002/point_inside_mission,True,
Q3-T-002/point_inside_mission,True,
Q3-T-002/point_inside_mission,True,
Q3-T-002/point_inside_mission,True,
Q3-T-002/point_inside_mission,True,
Q3-T-002/point_inside_mission,True,
Q3-T-002/point_inside_mission,True,
Q3-T-002/point_inside_mission,True,
Q3-T-002/point_inside_mission,True,
Q3-T-002/point_inside_mission,True,
Q3-T-002/point_inside_mission,True,
Q3-T-002/point_inside_mission,True,
Q3-T-002/point_inside_mission,True,
COMrow131/finite_ordered,True,
COMrow131/known_mode,True,
COMrow131/provider_count,True,
COMrow131/single_physical_phase,True,
COMrow131/phase_label,True,
COMrow131/unique_point,True,
COMrow131/instant_link_and_priority,True,"(45.92517525248826, 45.92517525248826)"
COMrow132/finite_ordered,True,
COMrow132/known_mode,True,
COMrow132/provider_count,True,
COMrow132/single_physical_phase,True,
COMrow132/phase_label,True,
COMrow132/continuous_terrain_and_distance,True,45.925175252488266
COMrow133/finite_ordered,True,
COMrow133/known_mode,True,
COMrow133/provider_count,True,
COMrow133/single_physical_phase,True,
COMrow133/phase_label,True,
COMrow133/unique_point,True,
COMrow133/instant_link_and_priority,True,"(56.38238674364703, 56.38238674364703)"
COMrow134/finite_ordered,True,
COMrow134/known_mode,True,
COMrow134/provider_count,True,
COMrow134/single_physical_phase,True,
COMrow134/phase_label,True,
COMrow134/continuous_terrain_and_distance,True,56.382386743647025
COMrow135/finite_ordered,True,
COMrow135/known_mode,True,
COMrow135/provider_count,True,
COMrow135/single_physical_phase,True,
COMrow135/phase_label,True,
COMrow135/unique_point,True,
COMrow135/instant_link_and_priority,True,"(63.04826031558971, 63.04826031558971)"
COMrow136/finite_ordered,True,
COMrow136/known_mode,True,
COMrow136/provider_count,True,
COMrow136/single_physical_phase,True,
COMrow136/phase_label,True,
COMrow136/continuous_terrain_and_distance,True,60.56487003084808
COMrow137/finite_ordered,True,
COMrow137/known_mode,True,
COMrow137/provider_count,True,
COMrow137/single_physical_phase,True,
COMrow137/phase_label,True,
COMrow137/unique_point,True,
COMrow137/instant_link_and_priority,True,"(60.56487003084808, 60.56487003084808)"
COMrow138/finite_ordered,True,
COMrow138/known_mode,True,
COMrow138/provider_count,True,
COMrow138/single_physical_phase,True,
COMrow138/phase_label,True,
COMrow138/continuous_terrain_and_distance,True,50.80570620510425
COMrow139/finite_ordered,True,
COMrow139/known_mode,True,
COMrow139/provider_count,True,
COMrow139/single_physical_phase,True,
COMrow139/phase_label,True,
COMrow139/unique_point,True,
COMrow139/instant_link_and_priority,True,"(50.80570620510426, 50.80570620510426)"
COMrow140/finite_ordered,True,
COMrow140/known_mode,True,
COMrow140/provider_count,True,
COMrow140/single_physical_phase,True,
COMrow140/phase_label,True,
COMrow140/continuous_terrain_and_distance,True,45.82290764368432
COMrow141/finite_ordered,True,
COMrow141/known_mode,True,
COMrow141/provider_count,True,
COMrow141/single_physical_phase,True,
COMrow141/phase_label,True,
COMrow141/unique_point,True,
COMrow141/instant_link_and_priority,True,"(45.82290764368432, 45.82290764368432)"
COMrow142/finite_ordered,True,
COMrow142/known_mode,True,
COMrow142/provider_count,True,
COMrow142/single_physical_phase,True,
COMrow142/phase_label,True,
COMrow142/continuous_terrain_and_distance,True,32.7598396645181
COMrow143/finite_ordered,True,
COMrow143/known_mode,True,
COMrow143/provider_count,True,
COMrow143/single_physical_phase,True,
COMrow143/phase_label,True,
COMrow143/unique_point,True,
COMrow143/instant_link_and_priority,True,"(32.7598396645181, 32.7598396645181)"
COMrow144/finite_ordered,True,
COMrow144/known_mode,True,
COMrow144/provider_count,True,
COMrow144/single_physical_phase,True,
COMrow144/phase_label,True,
COMrow144/continuous_terrain_and_distance,True,16.822974301050376
COMrow145/finite_ordered,True,
COMrow145/known_mode,True,
COMrow145/provider_count,True,
COMrow145/single_physical_phase,True,
COMrow145/phase_label,True,
COMrow145/unique_point,True,
COMrow145/instant_link_and_priority,True,"(6.82297430105038, 6.82297430105038)"
COMrow146/finite_ordered,True,
COMrow146/known_mode,True,
COMrow146/provider_count,True,
COMrow146/single_physical_phase,True,
COMrow146/phase_label,True,
COMrow146/continuous_terrain_and_distance,True,6.382114616510574
COMrow147/finite_ordered,True,
COMrow147/known_mode,True,
COMrow147/provider_count,True,
COMrow147/single_physical_phase,True,
COMrow147/phase_label,True,
COMrow147/unique_point,True,
COMrow147/instant_link_and_priority,True,"(6.382114616510577, 6.382114616510577)"
COMrow148/finite_ordered,True,
COMrow148/known_mode,True,
COMrow148/provider_count,True,
COMrow148/single_physical_phase,True,
COMrow148/phase_label,True,
COMrow148/continuous_terrain_and_distance,True,2.1343308002043955
COMrow149/finite_ordered,True,
COMrow149/known_mode,True,
COMrow149/provider_count,True,
COMrow149/single_physical_phase,True,
COMrow149/phase_label,True,
COMrow149/unique_point,True,
COMrow149/instant_link_and_priority,True,"(2.1343308002043955, 2.1343308002043955)"
COMrow150/finite_ordered,True,
COMrow150/known_mode,True,
COMrow150/provider_count,True,
COMrow150/single_physical_phase,True,
COMrow150/phase_label,True,
COMrow150/continuous_terrain_and_distance,True,1.3244839982456948
COMrow151/finite_ordered,True,
COMrow151/known_mode,True,
COMrow151/provider_count,True,
COMrow151/single_physical_phase,True,
COMrow151/phase_label,True,
COMrow151/unique_point,True,
COMrow151/instant_link_and_priority,True,"(1.3244839982456966, 1.3244839982456966)"
COMrow152/finite_ordered,True,
COMrow152/known_mode,True,
COMrow152/provider_count,True,
COMrow152/single_physical_phase,True,
COMrow152/phase_label,True,
COMrow152/continuous_terrain_and_distance,True,-7.72715225139109e-13
COMrow153/finite_ordered,True,
COMrow153/known_mode,True,
COMrow153/provider_count,True,
COMrow153/single_physical_phase,True,
COMrow153/phase_label,True,
COMrow153/unique_point,True,
COMrow153/instant_link_and_priority,True,"(-7.673861546209082e-13, -7.673861546209082e-13)"
COMrow154/finite_ordered,True,
COMrow154/known_mode,True,
COMrow154/provider_count,True,
COMrow154/single_physical_phase,True,
COMrow154/phase_label,True,
COMrow154/relay_time_coverage,True,
COMrow154/direct_priority_entire_interval,True,
COMrow154/continuous_terrain_and_distance,True,0.20000000000099405
COMrow155/finite_ordered,True,
COMrow155/known_mode,True,
COMrow155/provider_count,True,
COMrow155/single_physical_phase,True,
COMrow155/phase_label,True,
COMrow155/unique_point,True,
COMrow155/instant_link_and_priority,True,"(0.2000000000009976, -0.10487469934817284)"
COMrow156/finite_ordered,True,
COMrow156/known_mode,True,
COMrow156/provider_count,True,
COMrow156/single_physical_phase,True,
COMrow156/phase_label,True,
COMrow156/relay_time_coverage,True,
COMrow156/direct_priority_entire_interval,True,
COMrow156/continuous_terrain_and_distance,True,13.009544402364188
COMrow157/finite_ordered,True,
COMrow157/known_mode,True,
COMrow157/provider_count,True,
COMrow157/single_physical_phase,True,
COMrow157/phase_label,True,
COMrow157/unique_point,True,
COMrow157/instant_link_and_priority,True,"(13.610115612277099, -1.4321227140815154)"
COMrow158/finite_ordered,True,
COMrow158/known_mode,True,
COMrow158/provider_count,True,
COMrow158/single_physical_phase,True,
COMrow158/phase_label,True,
COMrow158/relay_time_coverage,True,
COMrow158/direct_priority_entire_interval,True,
COMrow158/continuous_terrain_and_distance,True,13.479707828576096
COMrow159/finite_ordered,True,
COMrow159/known_mode,True,
COMrow159/provider_count,True,
COMrow159/single_physical_phase,True,
COMrow159/phase_label,True,
COMrow159/unique_point,True,
COMrow159/instant_link_and_priority,True,"(13.479707828576096, -1.6669723827331495)"
COMrow160/finite_ordered,True,
COMrow160/known_mode,True,
COMrow160/provider_count,True,
COMrow160/single_physical_phase,True,
COMrow160/phase_label,True,
COMrow160/relay_time_coverage,True,
COMrow160/direct_priority_entire_interval,True,
COMrow160/continuous_terrain_and_distance,True,13.466274082637634
COMrow161/finite_ordered,True,
COMrow161/known_mode,True,
COMrow161/provider_count,True,
COMrow161/single_physical_phase,True,
COMrow161/phase_label,True,
COMrow161/unique_point,True,
COMrow161/instant_link_and_priority,True,"(13.46627408263764, -1.6651696668755562)"
COMrow162/finite_ordered,True,
COMrow162/known_mode,True,
COMrow162/provider_count,True,
COMrow162/single_physical_phase,True,
COMrow162/phase_label,True,
COMrow162/relay_time_coverage,True,
COMrow162/direct_priority_entire_interval,True,
COMrow162/continuous_terrain_and_distance,True,13.452217389645586
COMrow163/finite_ordered,True,
COMrow163/known_mode,True,
COMrow163/provider_count,True,
COMrow163/single_physical_phase,True,
COMrow163/phase_label,True,
COMrow163/unique_point,True,
COMrow163/instant_link_and_priority,True,"(13.452217389645583, -1.6635569787613917)"
COMrow164/finite_ordered,True,
COMrow164/known_mode,True,
COMrow164/provider_count,True,
COMrow164/single_physical_phase,True,
COMrow164/phase_label,True,
COMrow164/relay_time_coverage,True,
COMrow164/direct_priority_entire_interval,True,
COMrow164/continuous_terrain_and_distance,True,13.418383224606892
COMrow165/finite_ordered,True,
COMrow165/known_mode,True,
COMrow165/provider_count,True,
COMrow165/single_physical_phase,True,
COMrow165/phase_label,True,
COMrow165/unique_point,True,
COMrow165/instant_link_and_priority,True,"(13.418383224606885, -1.6604692118352347)"
COMrow166/finite_ordered,True,
COMrow166/known_mode,True,
COMrow166/provider_count,True,
COMrow166/single_physical_phase,True,
COMrow166/phase_label,True,
COMrow166/relay_time_coverage,True,
COMrow166/direct_priority_entire_interval,True,
COMrow166/continuous_terrain_and_distance,True,13.400321372959615
COMrow167/finite_ordered,True,
COMrow167/known_mode,True,
COMrow167/provider_count,True,
COMrow167/single_physical_phase,True,
COMrow167/phase_label,True,
COMrow167/unique_point,True,
COMrow167/instant_link_and_priority,True,"(13.40032137295961, -1.6591526950182356)"
COMrow168/finite_ordered,True,
COMrow168/known_mode,True,
COMrow168/provider_count,True,
COMrow168/single_physical_phase,True,
COMrow168/phase_label,True,
COMrow168/relay_time_coverage,True,
COMrow168/direct_priority_entire_interval,True,
COMrow168/continuous_terrain_and_distance,True,13.400321372959615
COMrow169/finite_ordered,True,
COMrow169/known_mode,True,
COMrow169/provider_count,True,
COMrow169/single_physical_phase,True,
COMrow169/phase_label,True,
COMrow169/unique_point,True,
COMrow169/instant_link_and_priority,True,"(13.40032137295961, -1.6591526950182356)"
COMrow170/finite_ordered,True,
COMrow170/known_mode,True,
COMrow170/provider_count,True,
COMrow170/single_physical_phase,True,
COMrow170/phase_label,True,
COMrow170/relay_time_coverage,True,
COMrow170/direct_priority_entire_interval,True,
COMrow170/continuous_terrain_and_distance,True,13.400321372959615
COMrow171/finite_ordered,True,
COMrow171/known_mode,True,
COMrow171/provider_count,True,
COMrow171/single_physical_phase,True,
COMrow171/phase_label,True,
COMrow171/unique_point,True,
COMrow171/instant_link_and_priority,True,"(13.418383224606885, -1.6604692118352347)"
COMrow172/finite_ordered,True,
COMrow172/known_mode,True,
COMrow172/provider_count,True,
COMrow172/single_physical_phase,True,
COMrow172/phase_label,True,
COMrow172/relay_time_coverage,True,
COMrow172/direct_priority_entire_interval,True,
COMrow172/continuous_terrain_and_distance,True,13.418383224606892
COMrow173/finite_ordered,True,
COMrow173/known_mode,True,
COMrow173/provider_count,True,
COMrow173/single_physical_phase,True,
COMrow173/phase_label,True,
COMrow173/unique_point,True,
COMrow173/instant_link_and_priority,True,"(13.452217389645583, -1.6635569787613917)"
COMrow174/finite_ordered,True,
COMrow174/known_mode,True,
COMrow174/provider_count,True,
COMrow174/single_physical_phase,True,
COMrow174/phase_label,True,
COMrow174/relay_time_coverage,True,
COMrow174/direct_priority_entire_interval,True,
COMrow174/continuous_terrain_and_distance,True,13.452217389645586
COMrow175/finite_ordered,True,
COMrow175/known_mode,True,
COMrow175/provider_count,True,
COMrow175/single_physical_phase,True,
COMrow175/phase_label,True,
COMrow175/unique_point,True,
COMrow175/instant_link_and_priority,True,"(13.46627408263764, -1.6651696668755562)"
COMrow176/finite_ordered,True,
COMrow176/known_mode,True,
COMrow176/provider_count,True,
COMrow176/single_physical_phase,True,
COMrow176/phase_label,True,
COMrow176/relay_time_coverage,True,
COMrow176/direct_priority_entire_interval,True,
COMrow176/continuous_terrain_and_distance,True,13.466274082637634
COMrow177/finite_ordered,True,
COMrow177/known_mode,True,
COMrow177/provider_count,True,
COMrow177/single_physical_phase,True,
COMrow177/phase_label,True,
COMrow177/unique_point,True,
COMrow177/instant_link_and_priority,True,"(13.50434048376529, -1.6713245769751666)"
COMrow178/finite_ordered,True,
COMrow178/known_mode,True,
COMrow178/provider_count,True,
COMrow178/single_physical_phase,True,
COMrow178/phase_label,True,
COMrow178/relay_time_coverage,True,
COMrow178/direct_priority_entire_interval,True,
COMrow178/continuous_terrain_and_distance,True,12.903682942291647
COMrow179/finite_ordered,True,
COMrow179/known_mode,True,
COMrow179/provider_count,True,
COMrow179/single_physical_phase,True,
COMrow179/phase_label,True,
COMrow179/unique_point,True,
COMrow179/instant_link_and_priority,True,"(12.903682942291653, -1.747745005827042)"
COMrow180/finite_ordered,True,
COMrow180/known_mode,True,
COMrow180/provider_count,True,
COMrow180/single_physical_phase,True,
COMrow180/phase_label,True,
COMrow180/relay_time_coverage,True,
COMrow180/direct_priority_entire_interval,True,
COMrow180/continuous_terrain_and_distance,True,10.199999999999216
COMrow181/finite_ordered,True,
COMrow181/known_mode,True,
COMrow181/provider_count,True,
COMrow181/single_physical_phase,True,
COMrow181/phase_label,True,
COMrow181/unique_point,True,
COMrow181/instant_link_and_priority,True,"(10.199999999999221, -2.195391492699997)"
COMrow182/finite_ordered,True,
COMrow182/known_mode,True,
COMrow182/provider_count,True,
COMrow182/single_physical_phase,True,
COMrow182/phase_label,True,
COMrow182/relay_time_coverage,True,
COMrow182/direct_priority_entire_interval,True,
COMrow182/continuous_terrain_and_distance,True,7.5485218325447345
COMrow183/finite_ordered,True,
COMrow183/known_mode,True,
COMrow183/provider_count,True,
COMrow183/single_physical_phase,True,
COMrow183/phase_label,True,
COMrow183/unique_point,True,
COMrow183/instant_link_and_priority,True,"(7.548521832544736, -2.8496231618123034)"
COMrow184/finite_ordered,True,
COMrow184/known_mode,True,
COMrow184/provider_count,True,
COMrow184/single_physical_phase,True,
COMrow184/phase_label,True,
COMrow184/relay_time_coverage,True,
COMrow184/direct_priority_entire_interval,True,
COMrow184/continuous_terrain_and_distance,True,1.5519598395816097
COMrow185/finite_ordered,True,
COMrow185/known_mode,True,
COMrow185/provider_count,True,
COMrow185/single_physical_phase,True,
COMrow185/phase_label,True,
COMrow185/unique_point,True,
COMrow185/instant_link_and_priority,True,"(1.5519598395816132, -5.436867873387115)"
COMrow186/finite_ordered,True,
COMrow186/known_mode,True,
COMrow186/provider_count,True,
COMrow186/single_physical_phase,True,
COMrow186/phase_label,True,
COMrow186/relay_time_coverage,True,
COMrow186/direct_priority_entire_interval,True,
COMrow186/continuous_terrain_and_distance,True,1.5466169224559465
COMrow187/finite_ordered,True,
COMrow187/known_mode,True,
COMrow187/provider_count,True,
COMrow187/single_physical_phase,True,
COMrow187/phase_label,True,
COMrow187/unique_point,True,
COMrow187/instant_link_and_priority,True,"(1.5466169224559394, -5.432407990779097)"
COMrow188/finite_ordered,True,
COMrow188/known_mode,True,
COMrow188/provider_count,True,
COMrow188/single_physical_phase,True,
COMrow188/phase_label,True,
COMrow188/relay_time_coverage,True,
COMrow188/direct_priority_entire_interval,True,
COMrow188/continuous_terrain_and_distance,True,1.5424131386580022
COMrow189/finite_ordered,True,
COMrow189/known_mode,True,
COMrow189/provider_count,True,
COMrow189/single_physical_phase,True,
COMrow189/phase_label,True,
COMrow189/unique_point,True,
COMrow189/instant_link_and_priority,True,"(1.5424131386580058, -5.430707409192863)"
COMrow190/finite_ordered,True,
COMrow190/known_mode,True,
COMrow190/provider_count,True,
COMrow190/single_physical_phase,True,
COMrow190/phase_label,True,
COMrow190/relay_time_coverage,True,
COMrow190/direct_priority_entire_interval,True,
COMrow190/continuous_terrain_and_distance,True,1.541712037756918
COMrow191/finite_ordered,True,
COMrow191/known_mode,True,
COMrow191/provider_count,True,
COMrow191/single_physical_phase,True,
COMrow191/phase_label,True,
COMrow191/unique_point,True,
COMrow191/instant_link_and_priority,True,"(1.5417120377569233, -5.4304962514893305)"
COMrow192/finite_ordered,True,
COMrow192/known_mode,True,
COMrow192/provider_count,True,
COMrow192/single_physical_phase,True,
COMrow192/phase_label,True,
COMrow192/relay_time_coverage,True,
COMrow192/direct_priority_entire_interval,True,
COMrow192/continuous_terrain_and_distance,True,1.5391050184913322
COMrow193/finite_ordered,True,
COMrow193/known_mode,True,
COMrow193/provider_count,True,
COMrow193/single_physical_phase,True,
COMrow193/phase_label,True,
COMrow193/unique_point,True,
COMrow193/instant_link_and_priority,True,"(1.5391050184913269, -5.42984066485198)"
COMrow194/finite_ordered,True,
COMrow194/known_mode,True,
COMrow194/provider_count,True,
COMrow194/single_physical_phase,True,
COMrow194/phase_label,True,
COMrow194/relay_time_coverage,True,
COMrow194/direct_priority_entire_interval,True,
COMrow194/continuous_terrain_and_distance,True,1.5391050184913322
COMrow195/finite_ordered,True,
COMrow195/known_mode,True,
COMrow195/provider_count,True,
COMrow195/single_physical_phase,True,
COMrow195/phase_label,True,
COMrow195/unique_point,True,
COMrow195/instant_link_and_priority,True,"(1.5391050184913269, -5.42984066485198)"
COMrow196/finite_ordered,True,
COMrow196/known_mode,True,
COMrow196/provider_count,True,
COMrow196/single_physical_phase,True,
COMrow196/phase_label,True,
COMrow196/relay_time_coverage,True,
COMrow196/direct_priority_entire_interval,True,
COMrow196/continuous_terrain_and_distance,True,1.5391050184913322
COMrow197/finite_ordered,True,
COMrow197/known_mode,True,
COMrow197/provider_count,True,
COMrow197/single_physical_phase,True,
COMrow197/phase_label,True,
COMrow197/unique_point,True,
COMrow197/instant_link_and_priority,True,"(1.5417120377569233, -5.4304962514893305)"
COMrow198/finite_ordered,True,
COMrow198/known_mode,True,
COMrow198/provider_count,True,
COMrow198/single_physical_phase,True,
COMrow198/phase_label,True,
COMrow198/relay_time_coverage,True,
COMrow198/direct_priority_entire_interval,True,
COMrow198/continuous_terrain_and_distance,True,1.541712037756918
COMrow199/finite_ordered,True,
COMrow199/known_mode,True,
COMrow199/provider_count,True,
COMrow199/single_physical_phase,True,
COMrow199/phase_label,True,
COMrow199/unique_point,True,
COMrow199/instant_link_and_priority,True,"(1.5424131386580058, -5.430707409192863)"
COMrow200/finite_ordered,True,
COMrow200/known_mode,True,
COMrow200/provider_count,True,
COMrow200/single_physical_phase,True,
COMrow200/phase_label,True,
COMrow200/relay_time_coverage,True,
COMrow200/direct_priority_entire_interval,True,
COMrow200/continuous_terrain_and_distance,True,1.5424131386580022
COMrow201/finite_ordered,True,
COMrow201/known_mode,True,
COMrow201/provider_count,True,
COMrow201/single_physical_phase,True,
COMrow201/phase_label,True,
COMrow201/unique_point,True,
COMrow201/instant_link_and_priority,True,"(1.5466169224559394, -5.432407990779097)"
COMrow202/finite_ordered,True,
COMrow202/known_mode,True,
COMrow202/provider_count,True,
COMrow202/single_physical_phase,True,
COMrow202/phase_label,True,
COMrow202/relay_time_coverage,True,
COMrow202/direct_priority_entire_interval,True,
COMrow202/continuous_terrain_and_distance,True,1.5466169224559465
COMrow203/finite_ordered,True,
COMrow203/known_mode,True,
COMrow203/provider_count,True,
COMrow203/single_physical_phase,True,
COMrow203/phase_label,True,
COMrow203/unique_point,True,
COMrow203/instant_link_and_priority,True,"(1.5492364170154644, -5.434058144705972)"
COMrow204/finite_ordered,True,
COMrow204/known_mode,True,
COMrow204/provider_count,True,
COMrow204/single_physical_phase,True,
COMrow204/phase_label,True,
COMrow204/relay_time_coverage,True,
COMrow204/direct_priority_entire_interval,True,
COMrow204/continuous_terrain_and_distance,True,1.5492364170154609
COMrow205/finite_ordered,True,
COMrow205/known_mode,True,
COMrow205/provider_count,True,
COMrow205/single_physical_phase,True,
COMrow205/phase_label,True,
COMrow205/unique_point,True,
COMrow205/instant_link_and_priority,True,"(4.6636047676123695, -1.840675866333072)"
COMrow206/finite_ordered,True,
COMrow206/known_mode,True,
COMrow206/provider_count,True,
COMrow206/single_physical_phase,True,
COMrow206/phase_label,True,
COMrow206/relay_time_coverage,True,
COMrow206/direct_priority_entire_interval,True,
COMrow206/continuous_terrain_and_distance,True,4.663604767612364
COMrow207/finite_ordered,True,
COMrow207/known_mode,True,
COMrow207/provider_count,True,
COMrow207/single_physical_phase,True,
COMrow207/phase_label,True,
COMrow207/unique_point,True,
COMrow207/instant_link_and_priority,True,"(5.347965405086754, -0.12377974591346685)"
COMrow208/finite_ordered,True,
COMrow208/known_mode,True,
COMrow208/provider_count,True,
COMrow208/single_physical_phase,True,
COMrow208/phase_label,True,
COMrow208/relay_time_coverage,True,
COMrow208/direct_priority_entire_interval,True,
COMrow208/continuous_terrain_and_distance,True,5.3479654050867484
COMrow209/finite_ordered,True,
COMrow209/known_mode,True,
COMrow209/provider_count,True,
COMrow209/single_physical_phase,True,
COMrow209/phase_label,True,
COMrow209/unique_point,True,
COMrow209/instant_link_and_priority,True,"(-4.547473508864641e-13, -4.547473508864641e-13)"
COMrow210/finite_ordered,True,
COMrow210/known_mode,True,
COMrow210/provider_count,True,
COMrow210/single_physical_phase,True,
COMrow210/phase_label,True,
COMrow210/continuous_terrain_and_distance,True,-4.547473508864641e-13
COMrow211/finite_ordered,True,
COMrow211/known_mode,True,
COMrow211/provider_count,True,
COMrow211/single_physical_phase,True,
COMrow211/phase_label,True,
COMrow211/unique_point,True,
COMrow211/instant_link_and_priority,True,"(1.8320849378556119, 1.8320849378556119)"
COMrow212/finite_ordered,True,
COMrow212/known_mode,True,
COMrow212/provider_count,True,
COMrow212/single_physical_phase,True,
COMrow212/phase_label,True,
COMrow212/continuous_terrain_and_distance,True,11.832084937855615
COMrow213/finite_ordered,True,
COMrow213/known_mode,True,
COMrow213/provider_count,True,
COMrow213/single_physical_phase,True,
COMrow213/phase_label,True,
COMrow213/unique_point,True,
COMrow213/instant_link_and_priority,True,"(33.461181216677716, 33.461181216677716)"
COMrow214/finite_ordered,True,
COMrow214/known_mode,True,
COMrow214/provider_count,True,
COMrow214/single_physical_phase,True,
COMrow214/phase_label,True,
COMrow214/continuous_terrain_and_distance,True,33.46118121667771
COMrow215/finite_ordered,True,
COMrow215/known_mode,True,
COMrow215/provider_count,True,
COMrow215/single_physical_phase,True,
COMrow215/phase_label,True,
COMrow215/unique_point,True,
COMrow215/instant_link_and_priority,True,"(45.822907643684346, 45.822907643684346)"
COMrow216/finite_ordered,True,
COMrow216/known_mode,True,
COMrow216/provider_count,True,
COMrow216/single_physical_phase,True,
COMrow216/phase_label,True,
COMrow216/continuous_terrain_and_distance,True,45.82290764368435
COMrow217/finite_ordered,True,
COMrow217/known_mode,True,
COMrow217/provider_count,True,
COMrow217/single_physical_phase,True,
COMrow217/phase_label,True,
COMrow217/unique_point,True,
COMrow217/instant_link_and_priority,True,"(50.80570620510426, 50.80570620510426)"
COMrow218/finite_ordered,True,
COMrow218/known_mode,True,
COMrow218/provider_count,True,
COMrow218/single_physical_phase,True,
COMrow218/phase_label,True,
COMrow218/continuous_terrain_and_distance,True,50.80570620510425
COMrow219/finite_ordered,True,
COMrow219/known_mode,True,
COMrow219/provider_count,True,
COMrow219/single_physical_phase,True,
COMrow219/phase_label,True,
COMrow219/unique_point,True,
COMrow219/instant_link_and_priority,True,"(60.564870030848056, 60.564870030848056)"
COMrow220/finite_ordered,True,
COMrow220/known_mode,True,
COMrow220/provider_count,True,
COMrow220/single_physical_phase,True,
COMrow220/phase_label,True,
COMrow220/continuous_terrain_and_distance,True,60.564870030848056
COMrow221/finite_ordered,True,
COMrow221/known_mode,True,
COMrow221/provider_count,True,
COMrow221/single_physical_phase,True,
COMrow221/phase_label,True,
COMrow221/unique_point,True,
COMrow221/instant_link_and_priority,True,"(63.04826031558969, 63.04826031558969)"
COMrow222/finite_ordered,True,
COMrow222/known_mode,True,
COMrow222/provider_count,True,
COMrow222/single_physical_phase,True,
COMrow222/phase_label,True,
COMrow222/continuous_terrain_and_distance,True,56.38238674364725
COMrow223/finite_ordered,True,
COMrow223/known_mode,True,
COMrow223/provider_count,True,
COMrow223/single_physical_phase,True,
COMrow223/phase_label,True,
COMrow223/unique_point,True,
COMrow223/instant_link_and_priority,True,"(56.38238674364726, 56.38238674364726)"
COMrow224/finite_ordered,True,
COMrow224/known_mode,True,
COMrow224/provider_count,True,
COMrow224/single_physical_phase,True,
COMrow224/phase_label,True,
COMrow224/continuous_terrain_and_distance,True,45.92517525248826
COMrow225/finite_ordered,True,
COMrow225/known_mode,True,
COMrow225/provider_count,True,
COMrow225/single_physical_phase,True,
COMrow225/phase_label,True,
COMrow225/unique_point,True,
COMrow225/instant_link_and_priority,True,"(45.92517525248826, 45.92517525248826)"
Q3-T-003/has_communication_spans,True,
Q3-T-003/takeoff_boundary,True,
Q3-T-003/return_boundary,True,
Q3-T-003/no_gap_or_overlap,True,
Q3-T-003/no_gap_or_overlap,True,
Q3-T-003/no_gap_or_overlap,True,
Q3-T-003/no_gap_or_overlap,True,
Q3-T-003/no_gap_or_overlap,True,
Q3-T-003/no_gap_or_overlap,True,
Q3-T-003/no_gap_or_overlap,True,
Q3-T-003/no_gap_or_overlap,True,
Q3-T-003/no_gap_or_overlap,True,
Q3-T-003/no_gap_or_overlap,True,
Q3-T-003/no_gap_or_overlap,True,
Q3-T-003/no_gap_or_overlap,True,
Q3-T-003/no_gap_or_overlap,True,
Q3-T-003/no_gap_or_overlap,True,
Q3-T-003/no_gap_or_overlap,True,
Q3-T-003/no_gap_or_overlap,True,
Q3-T-003/no_gap_or_overlap,True,
Q3-T-003/no_gap_or_overlap,True,
Q3-T-003/no_gap_or_overlap,True,
Q3-T-003/no_gap_or_overlap,True,
Q3-T-003/no_gap_or_overlap,True,
Q3-T-003/no_gap_or_overlap,True,
Q3-T-003/no_gap_or_overlap,True,
Q3-T-003/no_gap_or_overlap,True,
Q3-T-003/no_gap_or_overlap,True,
Q3-T-003/no_gap_or_overlap,True,
Q3-T-003/no_gap_or_overlap,True,
Q3-T-003/no_gap_or_overlap,True,
Q3-T-003/no_gap_or_overlap,True,
Q3-T-003/no_gap_or_overlap,True,
Q3-T-003/no_gap_or_overlap,True,
Q3-T-003/no_gap_or_overlap,True,
Q3-T-003/no_gap_or_overlap,True,
Q3-T-003/no_gap_or_overlap,True,
Q3-T-003/no_gap_or_overlap,True,
Q3-T-003/no_gap_or_overlap,True,
Q3-T-003/no_gap_or_overlap,True,
Q3-T-003/no_gap_or_overlap,True,
Q3-T-003/no_gap_or_overlap,True,
Q3-T-003/no_gap_or_overlap,True,
Q3-T-003/no_gap_or_overlap,True,
Q3-T-003/no_gap_or_overlap,True,
Q3-T-003/no_gap_or_overlap,True,
Q3-T-003/no_gap_or_overlap,True,
Q3-T-003/no_gap_or_overlap,True,
Q3-T-003/no_gap_or_overlap,True,
Q3-T-003/all_boundary_points_present,True,0
Q3-T-003/point_inside_mission,True,
Q3-T-003/point_inside_mission,True,
Q3-T-003/point_inside_mission,True,
Q3-T-003/point_inside_mission,True,
Q3-T-003/point_inside_mission,True,
Q3-T-003/point_inside_mission,True,
Q3-T-003/point_inside_mission,True,
Q3-T-003/point_inside_mission,True,
Q3-T-003/point_inside_mission,True,
Q3-T-003/point_inside_mission,True,
Q3-T-003/point_inside_mission,True,
Q3-T-003/point_inside_mission,True,
Q3-T-003/point_inside_mission,True,
Q3-T-003/point_inside_mission,True,
Q3-T-003/point_inside_mission,True,
Q3-T-003/point_inside_mission,True,
Q3-T-003/point_inside_mission,True,
Q3-T-003/point_inside_mission,True,
Q3-T-003/point_inside_mission,True,
Q3-T-003/point_inside_mission,True,
Q3-T-003/point_inside_mission,True,
Q3-T-003/point_inside_mission,True,
Q3-T-003/point_inside_mission,True,
Q3-T-003/point_inside_mission,True,
Q3-T-003/point_inside_mission,True,
Q3-T-003/point_inside_mission,True,
Q3-T-003/point_inside_mission,True,
Q3-T-003/point_inside_mission,True,
Q3-T-003/point_inside_mission,True,
Q3-T-003/point_inside_mission,True,
Q3-T-003/point_inside_mission,True,
Q3-T-003/point_inside_mission,True,
Q3-T-003/point_inside_mission,True,
Q3-T-003/point_inside_mission,True,
Q3-T-003/point_inside_mission,True,
Q3-T-003/point_inside_mission,True,
Q3-T-003/point_inside_mission,True,
Q3-T-003/point_inside_mission,True,
Q3-T-003/point_inside_mission,True,
Q3-T-003/point_inside_mission,True,
Q3-T-003/point_inside_mission,True,
Q3-T-003/point_inside_mission,True,
Q3-T-003/point_inside_mission,True,
Q3-T-003/point_inside_mission,True,
Q3-T-003/point_inside_mission,True,
Q3-T-003/point_inside_mission,True,
Q3-T-003/point_inside_mission,True,
Q3-T-003/point_inside_mission,True,
COMrow226/finite_ordered,True,
COMrow226/known_mode,True,
COMrow226/provider_count,True,
COMrow226/single_physical_phase,True,
COMrow226/phase_label,True,
COMrow226/unique_point,True,
COMrow226/instant_link_and_priority,True,"(45.92517525248826, 45.92517525248826)"
COMrow227/finite_ordered,True,
COMrow227/known_mode,True,
COMrow227/provider_count,True,
COMrow227/single_physical_phase,True,
COMrow227/phase_label,True,
COMrow227/continuous_terrain_and_distance,True,45.925175252488266
COMrow228/finite_ordered,True,
COMrow228/known_mode,True,
COMrow228/provider_count,True,
COMrow228/single_physical_phase,True,
COMrow228/phase_label,True,
COMrow228/unique_point,True,
COMrow228/instant_link_and_priority,True,"(56.38238674364703, 56.38238674364703)"
COMrow229/finite_ordered,True,
COMrow229/known_mode,True,
COMrow229/provider_count,True,
COMrow229/single_physical_phase,True,
COMrow229/phase_label,True,
COMrow229/continuous_terrain_and_distance,True,56.382386743647025
COMrow230/finite_ordered,True,
COMrow230/known_mode,True,
COMrow230/provider_count,True,
COMrow230/single_physical_phase,True,
COMrow230/phase_label,True,
COMrow230/unique_point,True,
COMrow230/instant_link_and_priority,True,"(63.04826031558971, 63.04826031558971)"
COMrow231/finite_ordered,True,
COMrow231/known_mode,True,
COMrow231/provider_count,True,
COMrow231/single_physical_phase,True,
COMrow231/phase_label,True,
COMrow231/continuous_terrain_and_distance,True,60.56487003084808
COMrow232/finite_ordered,True,
COMrow232/known_mode,True,
COMrow232/provider_count,True,
COMrow232/single_physical_phase,True,
COMrow232/phase_label,True,
COMrow232/unique_point,True,
COMrow232/instant_link_and_priority,True,"(60.56487003084808, 60.56487003084808)"
COMrow233/finite_ordered,True,
COMrow233/known_mode,True,
COMrow233/provider_count,True,
COMrow233/single_physical_phase,True,
COMrow233/phase_label,True,
COMrow233/continuous_terrain_and_distance,True,50.80570620510425
COMrow234/finite_ordered,True,
COMrow234/known_mode,True,
COMrow234/provider_count,True,
COMrow234/single_physical_phase,True,
COMrow234/phase_label,True,
COMrow234/unique_point,True,
COMrow234/instant_link_and_priority,True,"(50.80570620510426, 50.80570620510426)"
COMrow235/finite_ordered,True,
COMrow235/known_mode,True,
COMrow235/provider_count,True,
COMrow235/single_physical_phase,True,
COMrow235/phase_label,True,
COMrow235/continuous_terrain_and_distance,True,45.82290764368432
COMrow236/finite_ordered,True,
COMrow236/known_mode,True,
COMrow236/provider_count,True,
COMrow236/single_physical_phase,True,
COMrow236/phase_label,True,
COMrow236/unique_point,True,
COMrow236/instant_link_and_priority,True,"(45.82290764368432, 45.82290764368432)"
COMrow237/finite_ordered,True,
COMrow237/known_mode,True,
COMrow237/provider_count,True,
COMrow237/single_physical_phase,True,
COMrow237/phase_label,True,
COMrow237/continuous_terrain_and_distance,True,32.7598396645181
COMrow238/finite_ordered,True,
COMrow238/known_mode,True,
COMrow238/provider_count,True,
COMrow238/single_physical_phase,True,
COMrow238/phase_label,True,
COMrow238/unique_point,True,
COMrow238/instant_link_and_priority,True,"(32.7598396645181, 32.7598396645181)"
COMrow239/finite_ordered,True,
COMrow239/known_mode,True,
COMrow239/provider_count,True,
COMrow239/single_physical_phase,True,
COMrow239/phase_label,True,
COMrow239/continuous_terrain_and_distance,True,16.822974301050376
COMrow240/finite_ordered,True,
COMrow240/known_mode,True,
COMrow240/provider_count,True,
COMrow240/single_physical_phase,True,
COMrow240/phase_label,True,
COMrow240/unique_point,True,
COMrow240/instant_link_and_priority,True,"(6.82297430105038, 6.82297430105038)"
COMrow241/finite_ordered,True,
COMrow241/known_mode,True,
COMrow241/provider_count,True,
COMrow241/single_physical_phase,True,
COMrow241/phase_label,True,
COMrow241/continuous_terrain_and_distance,True,6.382114616510574
COMrow242/finite_ordered,True,
COMrow242/known_mode,True,
COMrow242/provider_count,True,
COMrow242/single_physical_phase,True,
COMrow242/phase_label,True,
COMrow242/unique_point,True,
COMrow242/instant_link_and_priority,True,"(6.382114616510577, 6.382114616510577)"
COMrow243/finite_ordered,True,
COMrow243/known_mode,True,
COMrow243/provider_count,True,
COMrow243/single_physical_phase,True,
COMrow243/phase_label,True,
COMrow243/continuous_terrain_and_distance,True,2.1343308002043955
COMrow244/finite_ordered,True,
COMrow244/known_mode,True,
COMrow244/provider_count,True,
COMrow244/single_physical_phase,True,
COMrow244/phase_label,True,
COMrow244/unique_point,True,
COMrow244/instant_link_and_priority,True,"(2.1343308002043955, 2.1343308002043955)"
COMrow245/finite_ordered,True,
COMrow245/known_mode,True,
COMrow245/provider_count,True,
COMrow245/single_physical_phase,True,
COMrow245/phase_label,True,
COMrow245/continuous_terrain_and_distance,True,1.3244839982456948
COMrow246/finite_ordered,True,
COMrow246/known_mode,True,
COMrow246/provider_count,True,
COMrow246/single_physical_phase,True,
COMrow246/phase_label,True,
COMrow246/unique_point,True,
COMrow246/instant_link_and_priority,True,"(1.3244839982456966, 1.3244839982456966)"
COMrow247/finite_ordered,True,
COMrow247/known_mode,True,
COMrow247/provider_count,True,
COMrow247/single_physical_phase,True,
COMrow247/phase_label,True,
COMrow247/continuous_terrain_and_distance,True,-7.72715225139109e-13
COMrow248/finite_ordered,True,
COMrow248/known_mode,True,
COMrow248/provider_count,True,
COMrow248/single_physical_phase,True,
COMrow248/phase_label,True,
COMrow248/unique_point,True,
COMrow248/instant_link_and_priority,True,"(-7.673861546209082e-13, -7.673861546209082e-13)"
COMrow249/finite_ordered,True,
COMrow249/known_mode,True,
COMrow249/provider_count,True,
COMrow249/single_physical_phase,True,
COMrow249/phase_label,True,
COMrow249/relay_time_coverage,True,
COMrow249/direct_priority_entire_interval,True,
COMrow249/continuous_terrain_and_distance,True,0.20000000000099405
COMrow250/finite_ordered,True,
COMrow250/known_mode,True,
COMrow250/provider_count,True,
COMrow250/single_physical_phase,True,
COMrow250/phase_label,True,
COMrow250/unique_point,True,
COMrow250/instant_link_and_priority,True,"(0.2000000000009976, -0.10487469934817284)"
COMrow251/finite_ordered,True,
COMrow251/known_mode,True,
COMrow251/provider_count,True,
COMrow251/single_physical_phase,True,
COMrow251/phase_label,True,
COMrow251/relay_time_coverage,True,
COMrow251/direct_priority_entire_interval,True,
COMrow251/continuous_terrain_and_distance,True,13.009544402364188
COMrow252/finite_ordered,True,
COMrow252/known_mode,True,
COMrow252/provider_count,True,
COMrow252/single_physical_phase,True,
COMrow252/phase_label,True,
COMrow252/unique_point,True,
COMrow252/instant_link_and_priority,True,"(13.610115612277099, -1.4321227140815154)"
COMrow253/finite_ordered,True,
COMrow253/known_mode,True,
COMrow253/provider_count,True,
COMrow253/single_physical_phase,True,
COMrow253/phase_label,True,
COMrow253/relay_time_coverage,True,
COMrow253/direct_priority_entire_interval,True,
COMrow253/continuous_terrain_and_distance,True,13.479707828576096
COMrow254/finite_ordered,True,
COMrow254/known_mode,True,
COMrow254/provider_count,True,
COMrow254/single_physical_phase,True,
COMrow254/phase_label,True,
COMrow254/unique_point,True,
COMrow254/instant_link_and_priority,True,"(13.479707828576096, -1.6669723827331495)"
COMrow255/finite_ordered,True,
COMrow255/known_mode,True,
COMrow255/provider_count,True,
COMrow255/single_physical_phase,True,
COMrow255/phase_label,True,
COMrow255/relay_time_coverage,True,
COMrow255/direct_priority_entire_interval,True,
COMrow255/continuous_terrain_and_distance,True,13.466274082637634
COMrow256/finite_ordered,True,
COMrow256/known_mode,True,
COMrow256/provider_count,True,
COMrow256/single_physical_phase,True,
COMrow256/phase_label,True,
COMrow256/unique_point,True,
COMrow256/instant_link_and_priority,True,"(13.46627408263764, -1.6651696668755562)"
COMrow257/finite_ordered,True,
COMrow257/known_mode,True,
COMrow257/provider_count,True,
COMrow257/single_physical_phase,True,
COMrow257/phase_label,True,
COMrow257/relay_time_coverage,True,
COMrow257/direct_priority_entire_interval,True,
COMrow257/continuous_terrain_and_distance,True,13.452217389645586
COMrow258/finite_ordered,True,
COMrow258/known_mode,True,
COMrow258/provider_count,True,
COMrow258/single_physical_phase,True,
COMrow258/phase_label,True,
COMrow258/unique_point,True,
COMrow258/instant_link_and_priority,True,"(13.452217389645583, -1.6635569787613917)"
COMrow259/finite_ordered,True,
COMrow259/known_mode,True,
COMrow259/provider_count,True,
COMrow259/single_physical_phase,True,
COMrow259/phase_label,True,
COMrow259/relay_time_coverage,True,
COMrow259/direct_priority_entire_interval,True,
COMrow259/continuous_terrain_and_distance,True,13.418383224606892
COMrow260/finite_ordered,True,
COMrow260/known_mode,True,
COMrow260/provider_count,True,
COMrow260/single_physical_phase,True,
COMrow260/phase_label,True,
COMrow260/unique_point,True,
COMrow260/instant_link_and_priority,True,"(13.418383224606885, -1.6604692118352347)"
COMrow261/finite_ordered,True,
COMrow261/known_mode,True,
COMrow261/provider_count,True,
COMrow261/single_physical_phase,True,
COMrow261/phase_label,True,
COMrow261/relay_time_coverage,True,
COMrow261/direct_priority_entire_interval,True,
COMrow261/continuous_terrain_and_distance,True,13.400321372959615
COMrow262/finite_ordered,True,
COMrow262/known_mode,True,
COMrow262/provider_count,True,
COMrow262/single_physical_phase,True,
COMrow262/phase_label,True,
COMrow262/unique_point,True,
COMrow262/instant_link_and_priority,True,"(13.40032137295961, -1.6591526950182356)"
COMrow263/finite_ordered,True,
COMrow263/known_mode,True,
COMrow263/provider_count,True,
COMrow263/single_physical_phase,True,
COMrow263/phase_label,True,
COMrow263/relay_time_coverage,True,
COMrow263/direct_priority_entire_interval,True,
COMrow263/continuous_terrain_and_distance,True,13.400321372959615
COMrow264/finite_ordered,True,
COMrow264/known_mode,True,
COMrow264/provider_count,True,
COMrow264/single_physical_phase,True,
COMrow264/phase_label,True,
COMrow264/unique_point,True,
COMrow264/instant_link_and_priority,True,"(13.40032137295961, -1.6591526950182356)"
COMrow265/finite_ordered,True,
COMrow265/known_mode,True,
COMrow265/provider_count,True,
COMrow265/single_physical_phase,True,
COMrow265/phase_label,True,
COMrow265/relay_time_coverage,True,
COMrow265/direct_priority_entire_interval,True,
COMrow265/continuous_terrain_and_distance,True,13.400321372959615
COMrow266/finite_ordered,True,
COMrow266/known_mode,True,
COMrow266/provider_count,True,
COMrow266/single_physical_phase,True,
COMrow266/phase_label,True,
COMrow266/unique_point,True,
COMrow266/instant_link_and_priority,True,"(13.418383224606885, -1.6604692118352347)"
COMrow267/finite_ordered,True,
COMrow267/known_mode,True,
COMrow267/provider_count,True,
COMrow267/single_physical_phase,True,
COMrow267/phase_label,True,
COMrow267/relay_time_coverage,True,
COMrow267/direct_priority_entire_interval,True,
COMrow267/continuous_terrain_and_distance,True,13.418383224606892
COMrow268/finite_ordered,True,
COMrow268/known_mode,True,
COMrow268/provider_count,True,
COMrow268/single_physical_phase,True,
COMrow268/phase_label,True,
COMrow268/unique_point,True,
COMrow268/instant_link_and_priority,True,"(13.452217389645583, -1.6635569787613917)"
COMrow269/finite_ordered,True,
COMrow269/known_mode,True,
COMrow269/provider_count,True,
COMrow269/single_physical_phase,True,
COMrow269/phase_label,True,
COMrow269/relay_time_coverage,True,
COMrow269/direct_priority_entire_interval,True,
COMrow269/continuous_terrain_and_distance,True,13.452217389645586
COMrow270/finite_ordered,True,
COMrow270/known_mode,True,
COMrow270/provider_count,True,
COMrow270/single_physical_phase,True,
COMrow270/phase_label,True,
COMrow270/unique_point,True,
COMrow270/instant_link_and_priority,True,"(13.46627408263764, -1.6651696668755562)"
COMrow271/finite_ordered,True,
COMrow271/known_mode,True,
COMrow271/provider_count,True,
COMrow271/single_physical_phase,True,
COMrow271/phase_label,True,
COMrow271/relay_time_coverage,True,
COMrow271/direct_priority_entire_interval,True,
COMrow271/continuous_terrain_and_distance,True,13.466274082637634
COMrow272/finite_ordered,True,
COMrow272/known_mode,True,
COMrow272/provider_count,True,
COMrow272/single_physical_phase,True,
COMrow272/phase_label,True,
COMrow272/unique_point,True,
COMrow272/instant_link_and_priority,True,"(13.479707828576096, -1.6669723827331495)"
COMrow273/finite_ordered,True,
COMrow273/known_mode,True,
COMrow273/provider_count,True,
COMrow273/single_physical_phase,True,
COMrow273/phase_label,True,
COMrow273/relay_time_coverage,True,
COMrow273/direct_priority_entire_interval,True,
COMrow273/continuous_terrain_and_distance,True,13.479707828576096
COMrow274/finite_ordered,True,
COMrow274/known_mode,True,
COMrow274/provider_count,True,
COMrow274/single_physical_phase,True,
COMrow274/phase_label,True,
COMrow274/unique_point,True,
COMrow274/instant_link_and_priority,True,"(13.610115612277099, -1.4321227140815154)"
COMrow275/finite_ordered,True,
COMrow275/known_mode,True,
COMrow275/provider_count,True,
COMrow275/single_physical_phase,True,
COMrow275/phase_label,True,
COMrow275/relay_time_coverage,True,
COMrow275/direct_priority_entire_interval,True,
COMrow275/continuous_terrain_and_distance,True,13.009544402364188
COMrow276/finite_ordered,True,
COMrow276/known_mode,True,
COMrow276/provider_count,True,
COMrow276/single_physical_phase,True,
COMrow276/phase_label,True,
COMrow276/unique_point,True,
COMrow276/instant_link_and_priority,True,"(0.2000000000009976, -0.10487469934817284)"
COMrow277/finite_ordered,True,
COMrow277/known_mode,True,
COMrow277/provider_count,True,
COMrow277/single_physical_phase,True,
COMrow277/phase_label,True,
COMrow277/relay_time_coverage,True,
COMrow277/direct_priority_entire_interval,True,
COMrow277/continuous_terrain_and_distance,True,0.20000000000099405
COMrow278/finite_ordered,True,
COMrow278/known_mode,True,
COMrow278/provider_count,True,
COMrow278/single_physical_phase,True,
COMrow278/phase_label,True,
COMrow278/unique_point,True,
COMrow278/instant_link_and_priority,True,"(-7.673861546209082e-13, -7.673861546209082e-13)"
COMrow279/finite_ordered,True,
COMrow279/known_mode,True,
COMrow279/provider_count,True,
COMrow279/single_physical_phase,True,
COMrow279/phase_label,True,
COMrow279/continuous_terrain_and_distance,True,-7.72715225139109e-13
COMrow280/finite_ordered,True,
COMrow280/known_mode,True,
COMrow280/provider_count,True,
COMrow280/single_physical_phase,True,
COMrow280/phase_label,True,
COMrow280/unique_point,True,
COMrow280/instant_link_and_priority,True,"(0.6289563922161818, 0.6289563922161818)"
COMrow281/finite_ordered,True,
COMrow281/known_mode,True,
COMrow281/provider_count,True,
COMrow281/single_physical_phase,True,
COMrow281/phase_label,True,
COMrow281/continuous_terrain_and_distance,True,0.6289563922161818
COMrow282/finite_ordered,True,
COMrow282/known_mode,True,
COMrow282/provider_count,True,
COMrow282/single_physical_phase,True,
COMrow282/phase_label,True,
COMrow282/unique_point,True,
COMrow282/instant_link_and_priority,True,"(2.1343308002043955, 2.1343308002043955)"
COMrow283/finite_ordered,True,
COMrow283/known_mode,True,
COMrow283/provider_count,True,
COMrow283/single_physical_phase,True,
COMrow283/phase_label,True,
COMrow283/continuous_terrain_and_distance,True,2.1343308002043955
COMrow284/finite_ordered,True,
COMrow284/known_mode,True,
COMrow284/provider_count,True,
COMrow284/single_physical_phase,True,
COMrow284/phase_label,True,
COMrow284/unique_point,True,
COMrow284/instant_link_and_priority,True,"(6.382114616510577, 6.382114616510577)"
COMrow285/finite_ordered,True,
COMrow285/known_mode,True,
COMrow285/provider_count,True,
COMrow285/single_physical_phase,True,
COMrow285/phase_label,True,
COMrow285/continuous_terrain_and_distance,True,6.382114616510574
COMrow286/finite_ordered,True,
COMrow286/known_mode,True,
COMrow286/provider_count,True,
COMrow286/single_physical_phase,True,
COMrow286/phase_label,True,
COMrow286/unique_point,True,
COMrow286/instant_link_and_priority,True,"(6.82297430105038, 6.82297430105038)"
COMrow287/finite_ordered,True,
COMrow287/known_mode,True,
COMrow287/provider_count,True,
COMrow287/single_physical_phase,True,
COMrow287/phase_label,True,
COMrow287/continuous_terrain_and_distance,True,16.822974301050376
COMrow288/finite_ordered,True,
COMrow288/known_mode,True,
COMrow288/provider_count,True,
COMrow288/single_physical_phase,True,
COMrow288/phase_label,True,
COMrow288/unique_point,True,
COMrow288/instant_link_and_priority,True,"(32.7598396645181, 32.7598396645181)"
COMrow289/finite_ordered,True,
COMrow289/known_mode,True,
COMrow289/provider_count,True,
COMrow289/single_physical_phase,True,
COMrow289/phase_label,True,
COMrow289/continuous_terrain_and_distance,True,32.7598396645181
COMrow290/finite_ordered,True,
COMrow290/known_mode,True,
COMrow290/provider_count,True,
COMrow290/single_physical_phase,True,
COMrow290/phase_label,True,
COMrow290/unique_point,True,
COMrow290/instant_link_and_priority,True,"(45.822907643684346, 45.822907643684346)"
COMrow291/finite_ordered,True,
COMrow291/known_mode,True,
COMrow291/provider_count,True,
COMrow291/single_physical_phase,True,
COMrow291/phase_label,True,
COMrow291/continuous_terrain_and_distance,True,45.822907643684346
COMrow292/finite_ordered,True,
COMrow292/known_mode,True,
COMrow292/provider_count,True,
COMrow292/single_physical_phase,True,
COMrow292/phase_label,True,
COMrow292/unique_point,True,
COMrow292/instant_link_and_priority,True,"(50.80570620510426, 50.80570620510426)"
COMrow293/finite_ordered,True,
COMrow293/known_mode,True,
COMrow293/provider_count,True,
COMrow293/single_physical_phase,True,
COMrow293/phase_label,True,
COMrow293/continuous_terrain_and_distance,True,50.80570620510425
COMrow294/finite_ordered,True,
COMrow294/known_mode,True,
COMrow294/provider_count,True,
COMrow294/single_physical_phase,True,
COMrow294/phase_label,True,
COMrow294/unique_point,True,
COMrow294/instant_link_and_priority,True,"(60.56487003084801, 60.56487003084801)"
COMrow295/finite_ordered,True,
COMrow295/known_mode,True,
COMrow295/provider_count,True,
COMrow295/single_physical_phase,True,
COMrow295/phase_label,True,
COMrow295/continuous_terrain_and_distance,True,60.56487003084801
COMrow296/finite_ordered,True,
COMrow296/known_mode,True,
COMrow296/provider_count,True,
COMrow296/single_physical_phase,True,
COMrow296/phase_label,True,
COMrow296/unique_point,True,
COMrow296/instant_link_and_priority,True,"(63.04826031558963, 63.04826031558963)"
COMrow297/finite_ordered,True,
COMrow297/known_mode,True,
COMrow297/provider_count,True,
COMrow297/single_physical_phase,True,
COMrow297/phase_label,True,
COMrow297/continuous_terrain_and_distance,True,56.38238674364702
COMrow298/finite_ordered,True,
COMrow298/known_mode,True,
COMrow298/provider_count,True,
COMrow298/single_physical_phase,True,
COMrow298/phase_label,True,
COMrow298/unique_point,True,
COMrow298/instant_link_and_priority,True,"(46.38238674364699, 46.38238674364699)"
COMrow299/finite_ordered,True,
COMrow299/known_mode,True,
COMrow299/provider_count,True,
COMrow299/single_physical_phase,True,
COMrow299/phase_label,True,
COMrow299/continuous_terrain_and_distance,True,45.92517525248826
COMrow300/finite_ordered,True,
COMrow300/known_mode,True,
COMrow300/provider_count,True,
COMrow300/single_physical_phase,True,
COMrow300/phase_label,True,
COMrow300/unique_point,True,
COMrow300/instant_link_and_priority,True,"(45.92517525248826, 45.92517525248826)"
Q3-T-004/has_communication_spans,True,
Q3-T-004/takeoff_boundary,True,
Q3-T-004/return_boundary,True,
Q3-T-004/no_gap_or_overlap,True,
Q3-T-004/no_gap_or_overlap,True,
Q3-T-004/no_gap_or_overlap,True,
Q3-T-004/no_gap_or_overlap,True,
Q3-T-004/no_gap_or_overlap,True,
Q3-T-004/no_gap_or_overlap,True,
Q3-T-004/no_gap_or_overlap,True,
Q3-T-004/no_gap_or_overlap,True,
Q3-T-004/no_gap_or_overlap,True,
Q3-T-004/no_gap_or_overlap,True,
Q3-T-004/no_gap_or_overlap,True,
Q3-T-004/no_gap_or_overlap,True,
Q3-T-004/no_gap_or_overlap,True,
Q3-T-004/no_gap_or_overlap,True,
Q3-T-004/no_gap_or_overlap,True,
Q3-T-004/no_gap_or_overlap,True,
Q3-T-004/no_gap_or_overlap,True,
Q3-T-004/no_gap_or_overlap,True,
Q3-T-004/no_gap_or_overlap,True,
Q3-T-004/no_gap_or_overlap,True,
Q3-T-004/no_gap_or_overlap,True,
Q3-T-004/no_gap_or_overlap,True,
Q3-T-004/no_gap_or_overlap,True,
Q3-T-004/no_gap_or_overlap,True,
Q3-T-004/no_gap_or_overlap,True,
Q3-T-004/no_gap_or_overlap,True,
Q3-T-004/no_gap_or_overlap,True,
Q3-T-004/no_gap_or_overlap,True,
Q3-T-004/no_gap_or_overlap,True,
Q3-T-004/no_gap_or_overlap,True,
Q3-T-004/no_gap_or_overlap,True,
Q3-T-004/no_gap_or_overlap,True,
Q3-T-004/no_gap_or_overlap,True,
Q3-T-004/no_gap_or_overlap,True,
Q3-T-004/no_gap_or_overlap,True,
Q3-T-004/no_gap_or_overlap,True,
Q3-T-004/all_boundary_points_present,True,0
Q3-T-004/point_inside_mission,True,
Q3-T-004/point_inside_mission,True,
Q3-T-004/point_inside_mission,True,
Q3-T-004/point_inside_mission,True,
Q3-T-004/point_inside_mission,True,
Q3-T-004/point_inside_mission,True,
Q3-T-004/point_inside_mission,True,
Q3-T-004/point_inside_mission,True,
Q3-T-004/point_inside_mission,True,
Q3-T-004/point_inside_mission,True,
Q3-T-004/point_inside_mission,True,
Q3-T-004/point_inside_mission,True,
Q3-T-004/point_inside_mission,True,
Q3-T-004/point_inside_mission,True,
Q3-T-004/point_inside_mission,True,
Q3-T-004/point_inside_mission,True,
Q3-T-004/point_inside_mission,True,
Q3-T-004/point_inside_mission,True,
Q3-T-004/point_inside_mission,True,
Q3-T-004/point_inside_mission,True,
Q3-T-004/point_inside_mission,True,
Q3-T-004/point_inside_mission,True,
Q3-T-004/point_inside_mission,True,
Q3-T-004/point_inside_mission,True,
Q3-T-004/point_inside_mission,True,
Q3-T-004/point_inside_mission,True,
Q3-T-004/point_inside_mission,True,
Q3-T-004/point_inside_mission,True,
Q3-T-004/point_inside_mission,True,
Q3-T-004/point_inside_mission,True,
Q3-T-004/point_inside_mission,True,
Q3-T-004/point_inside_mission,True,
Q3-T-004/point_inside_mission,True,
Q3-T-004/point_inside_mission,True,
Q3-T-004/point_inside_mission,True,
Q3-T-004/point_inside_mission,True,
Q3-T-004/point_inside_mission,True,
Q3-T-004/point_inside_mission,True,
COMrow301/finite_ordered,True,
COMrow301/known_mode,True,
COMrow301/provider_count,True,
COMrow301/single_physical_phase,True,
COMrow301/phase_label,True,
COMrow301/unique_point,True,
COMrow301/instant_link_and_priority,True,"(45.92517525248826, 45.92517525248826)"
COMrow302/finite_ordered,True,
COMrow302/known_mode,True,
COMrow302/provider_count,True,
COMrow302/single_physical_phase,True,
COMrow302/phase_label,True,
COMrow302/continuous_terrain_and_distance,True,45.925175252488266
COMrow303/finite_ordered,True,
COMrow303/known_mode,True,
COMrow303/provider_count,True,
COMrow303/single_physical_phase,True,
COMrow303/phase_label,True,
COMrow303/unique_point,True,
COMrow303/instant_link_and_priority,True,"(46.38238674364702, 46.38238674364702)"
COMrow304/finite_ordered,True,
COMrow304/known_mode,True,
COMrow304/provider_count,True,
COMrow304/single_physical_phase,True,
COMrow304/phase_label,True,
COMrow304/continuous_terrain_and_distance,True,56.38238674364702
COMrow305/finite_ordered,True,
COMrow305/known_mode,True,
COMrow305/provider_count,True,
COMrow305/single_physical_phase,True,
COMrow305/phase_label,True,
COMrow305/unique_point,True,
COMrow305/instant_link_and_priority,True,"(63.04826031558974, 63.04826031558974)"
COMrow306/finite_ordered,True,
COMrow306/known_mode,True,
COMrow306/provider_count,True,
COMrow306/single_physical_phase,True,
COMrow306/phase_label,True,
COMrow306/continuous_terrain_and_distance,True,60.56487003084809
COMrow307/finite_ordered,True,
COMrow307/known_mode,True,
COMrow307/provider_count,True,
COMrow307/single_physical_phase,True,
COMrow307/phase_label,True,
COMrow307/unique_point,True,
COMrow307/instant_link_and_priority,True,"(60.56487003084809, 60.56487003084809)"
COMrow308/finite_ordered,True,
COMrow308/known_mode,True,
COMrow308/provider_count,True,
COMrow308/single_physical_phase,True,
COMrow308/phase_label,True,
COMrow308/continuous_terrain_and_distance,True,50.80570620510426
COMrow309/finite_ordered,True,
COMrow309/known_mode,True,
COMrow309/provider_count,True,
COMrow309/single_physical_phase,True,
COMrow309/phase_label,True,
COMrow309/unique_point,True,
COMrow309/instant_link_and_priority,True,"(50.80570620510426, 50.80570620510426)"
COMrow310/finite_ordered,True,
COMrow310/known_mode,True,
COMrow310/provider_count,True,
COMrow310/single_physical_phase,True,
COMrow310/phase_label,True,
COMrow310/continuous_terrain_and_distance,True,45.822907643684324
COMrow311/finite_ordered,True,
COMrow311/known_mode,True,
COMrow311/provider_count,True,
COMrow311/single_physical_phase,True,
COMrow311/phase_label,True,
COMrow311/unique_point,True,
COMrow311/instant_link_and_priority,True,"(45.82290764368432, 45.82290764368432)"
COMrow312/finite_ordered,True,
COMrow312/known_mode,True,
COMrow312/provider_count,True,
COMrow312/single_physical_phase,True,
COMrow312/phase_label,True,
COMrow312/continuous_terrain_and_distance,True,30.717231343301737
COMrow313/finite_ordered,True,
COMrow313/known_mode,True,
COMrow313/provider_count,True,
COMrow313/single_physical_phase,True,
COMrow313/phase_label,True,
COMrow313/unique_point,True,
COMrow313/instant_link_and_priority,True,"(30.717231343301734, 30.717231343301734)"
COMrow314/finite_ordered,True,
COMrow314/known_mode,True,
COMrow314/provider_count,True,
COMrow314/single_physical_phase,True,
COMrow314/phase_label,True,
COMrow314/continuous_terrain_and_distance,True,23.985237776552594
COMrow315/finite_ordered,True,
COMrow315/known_mode,True,
COMrow315/provider_count,True,
COMrow315/single_physical_phase,True,
COMrow315/phase_label,True,
COMrow315/unique_point,True,
COMrow315/instant_link_and_priority,True,"(23.985237776552594, 23.985237776552594)"
COMrow316/finite_ordered,True,
COMrow316/known_mode,True,
COMrow316/provider_count,True,
COMrow316/single_physical_phase,True,
COMrow316/phase_label,True,
COMrow316/continuous_terrain_and_distance,True,17.73320787375302
COMrow317/finite_ordered,True,
COMrow317/known_mode,True,
COMrow317/provider_count,True,
COMrow317/single_physical_phase,True,
COMrow317/phase_label,True,
COMrow317/unique_point,True,
COMrow317/instant_link_and_priority,True,"(17.733207873753017, 17.733207873753017)"
COMrow318/finite_ordered,True,
COMrow318/known_mode,True,
COMrow318/provider_count,True,
COMrow318/single_physical_phase,True,
COMrow318/phase_label,True,
COMrow318/continuous_terrain_and_distance,True,11.269116926299116
COMrow319/finite_ordered,True,
COMrow319/known_mode,True,
COMrow319/provider_count,True,
COMrow319/single_physical_phase,True,
COMrow319/phase_label,True,
COMrow319/unique_point,True,
COMrow319/instant_link_and_priority,True,"(11.26911692629912, 11.26911692629912)"
COMrow320/finite_ordered,True,
COMrow320/known_mode,True,
COMrow320/provider_count,True,
COMrow320/single_physical_phase,True,
COMrow320/phase_label,True,
COMrow320/continuous_terrain_and_distance,True,10.42416507270594
COMrow321/finite_ordered,True,
COMrow321/known_mode,True,
COMrow321/provider_count,True,
COMrow321/single_physical_phase,True,
COMrow321/phase_label,True,
COMrow321/unique_point,True,
COMrow321/instant_link_and_priority,True,"(10.424165072705932, 10.424165072705932)"
COMrow322/finite_ordered,True,
COMrow322/known_mode,True,
COMrow322/provider_count,True,
COMrow322/single_physical_phase,True,
COMrow322/phase_label,True,
COMrow322/continuous_terrain_and_distance,True,10.26004478985798
COMrow323/finite_ordered,True,
COMrow323/known_mode,True,
COMrow323/provider_count,True,
COMrow323/single_physical_phase,True,
COMrow323/phase_label,True,
COMrow323/unique_point,True,
COMrow323/instant_link_and_priority,True,"(0.26004478985798585, 0.26004478985798585)"
COMrow324/finite_ordered,True,
COMrow324/known_mode,True,
COMrow324/provider_count,True,
COMrow324/single_physical_phase,True,
COMrow324/phase_label,True,
COMrow324/continuous_terrain_and_distance,True,-8.988365607365267e-13
COMrow325/finite_ordered,True,
COMrow325/known_mode,True,
COMrow325/provider_count,True,
COMrow325/single_physical_phase,True,
COMrow325/phase_label,True,
COMrow325/unique_point,True,
COMrow325/instant_link_and_priority,True,"(-8.952838470577262e-13, -8.952838470577262e-13)"
COMrow326/finite_ordered,True,
COMrow326/known_mode,True,
COMrow326/provider_count,True,
COMrow326/single_physical_phase,True,
COMrow326/phase_label,True,
COMrow326/relay_time_coverage,True,
COMrow326/direct_priority_entire_interval,True,
COMrow326/continuous_terrain_and_distance,True,2.2145973970703885
COMrow327/finite_ordered,True,
COMrow327/known_mode,True,
COMrow327/provider_count,True,
COMrow327/single_physical_phase,True,
COMrow327/phase_label,True,
COMrow327/unique_point,True,
COMrow327/instant_link_and_priority,True,"(2.214597397070392, -0.4710278594414774)"
COMrow328/finite_ordered,True,
COMrow328/known_mode,True,
COMrow328/provider_count,True,
COMrow328/single_physical_phase,True,
COMrow328/phase_label,True,
COMrow328/relay_time_coverage,True,
COMrow328/direct_priority_entire_interval,True,
COMrow328/continuous_terrain_and_distance,True,0.33060755635988315
COMrow329/finite_ordered,True,
COMrow329/known_mode,True,
COMrow329/provider_count,True,
COMrow329/single_physical_phase,True,
COMrow329/phase_label,True,
COMrow329/unique_point,True,
COMrow329/instant_link_and_priority,True,"(0.3306075563598796, -1.213163824729719)"
COMrow330/finite_ordered,True,
COMrow330/known_mode,True,
COMrow330/provider_count,True,
COMrow330/single_physical_phase,True,
COMrow330/phase_label,True,
COMrow330/relay_time_coverage,True,
COMrow330/direct_priority_entire_interval,True,
COMrow330/continuous_terrain_and_distance,True,0.33060755635988315
COMrow331/finite_ordered,True,
COMrow331/known_mode,True,
COMrow331/provider_count,True,
COMrow331/single_physical_phase,True,
COMrow331/phase_label,True,
COMrow331/unique_point,True,
COMrow331/instant_link_and_priority,True,"(0.33499967869116176, -1.2113640524589329)"
COMrow332/finite_ordered,True,
COMrow332/known_mode,True,
COMrow332/provider_count,True,
COMrow332/single_physical_phase,True,
COMrow332/phase_label,True,
COMrow332/relay_time_coverage,True,
COMrow332/direct_priority_entire_interval,True,
COMrow332/continuous_terrain_and_distance,True,0.33499967869116354
COMrow333/finite_ordered,True,
COMrow333/known_mode,True,
COMrow333/provider_count,True,
COMrow333/single_physical_phase,True,
COMrow333/phase_label,True,
COMrow333/unique_point,True,
COMrow333/instant_link_and_priority,True,"(0.36048589855019486, -1.196234296101025)"
COMrow334/finite_ordered,True,
COMrow334/known_mode,True,
COMrow334/provider_count,True,
COMrow334/single_physical_phase,True,
COMrow334/phase_label,True,
COMrow334/relay_time_coverage,True,
COMrow334/direct_priority_entire_interval,True,
COMrow334/continuous_terrain_and_distance,True,0.3604858985501984
COMrow335/finite_ordered,True,
COMrow335/known_mode,True,
COMrow335/provider_count,True,
COMrow335/single_physical_phase,True,
COMrow335/phase_label,True,
COMrow335/unique_point,True,
COMrow335/instant_link_and_priority,True,"(0.3611739548907167, -1.1938930669570595)"
COMrow336/finite_ordered,True,
COMrow336/known_mode,True,
COMrow336/provider_count,True,
COMrow336/single_physical_phase,True,
COMrow336/phase_label,True,
COMrow336/relay_time_coverage,True,
COMrow336/direct_priority_entire_interval,True,
COMrow336/continuous_terrain_and_distance,True,0.36116207236843323
COMrow337/finite_ordered,True,
COMrow337/known_mode,True,
COMrow337/provider_count,True,
COMrow337/single_physical_phase,True,
COMrow337/phase_label,True,
COMrow337/unique_point,True,
COMrow337/instant_link_and_priority,True,"(0.3611620723684297, -1.1937365176753048)"
COMrow338/finite_ordered,True,
COMrow338/known_mode,True,
COMrow338/provider_count,True,
COMrow338/single_physical_phase,True,
COMrow338/phase_label,True,
COMrow338/relay_time_coverage,True,
COMrow338/direct_priority_entire_interval,True,
COMrow338/continuous_terrain_and_distance,True,0.36116207236843323
COMrow339/finite_ordered,True,
COMrow339/known_mode,True,
COMrow339/provider_count,True,
COMrow339/single_physical_phase,True,
COMrow339/phase_label,True,
COMrow339/unique_point,True,
COMrow339/instant_link_and_priority,True,"(0.3611620723684297, -1.1937365176753048)"
COMrow340/finite_ordered,True,
COMrow340/known_mode,True,
COMrow340/provider_count,True,
COMrow340/single_physical_phase,True,
COMrow340/phase_label,True,
COMrow340/relay_time_coverage,True,
COMrow340/direct_priority_entire_interval,True,
COMrow340/continuous_terrain_and_distance,True,0.36116207236843323
COMrow341/finite_ordered,True,
COMrow341/known_mode,True,
COMrow341/provider_count,True,
COMrow341/single_physical_phase,True,
COMrow341/phase_label,True,
COMrow341/unique_point,True,
COMrow341/instant_link_and_priority,True,"(0.3611739548907167, -1.1938930669570595)"
COMrow342/finite_ordered,True,
COMrow342/known_mode,True,
COMrow342/provider_count,True,
COMrow342/single_physical_phase,True,
COMrow342/phase_label,True,
COMrow342/relay_time_coverage,True,
COMrow342/direct_priority_entire_interval,True,
COMrow342/continuous_terrain_and_distance,True,0.3604858985501984
COMrow343/finite_ordered,True,
COMrow343/known_mode,True,
COMrow343/provider_count,True,
COMrow343/single_physical_phase,True,
COMrow343/phase_label,True,
COMrow343/unique_point,True,
COMrow343/instant_link_and_priority,True,"(0.36048589855019486, -1.196234296101025)"
COMrow344/finite_ordered,True,
COMrow344/known_mode,True,
COMrow344/provider_count,True,
COMrow344/single_physical_phase,True,
COMrow344/phase_label,True,
COMrow344/relay_time_coverage,True,
COMrow344/direct_priority_entire_interval,True,
COMrow344/continuous_terrain_and_distance,True,0.33499967869116354
COMrow345/finite_ordered,True,
COMrow345/known_mode,True,
COMrow345/provider_count,True,
COMrow345/single_physical_phase,True,
COMrow345/phase_label,True,
COMrow345/unique_point,True,
COMrow345/instant_link_and_priority,True,"(0.33499967869116176, -1.2113640524589329)"
COMrow346/finite_ordered,True,
COMrow346/known_mode,True,
COMrow346/provider_count,True,
COMrow346/single_physical_phase,True,
COMrow346/phase_label,True,
COMrow346/relay_time_coverage,True,
COMrow346/direct_priority_entire_interval,True,
COMrow346/continuous_terrain_and_distance,True,0.33060755635988315
COMrow347/finite_ordered,True,
COMrow347/known_mode,True,
COMrow347/provider_count,True,
COMrow347/single_physical_phase,True,
COMrow347/phase_label,True,
COMrow347/unique_point,True,
COMrow347/instant_link_and_priority,True,"(0.3306075563598796, -1.213163824729719)"
COMrow348/finite_ordered,True,
COMrow348/known_mode,True,
COMrow348/provider_count,True,
COMrow348/single_physical_phase,True,
COMrow348/phase_label,True,
COMrow348/relay_time_coverage,True,
COMrow348/direct_priority_entire_interval,True,
COMrow348/continuous_terrain_and_distance,True,0.33060755635988315
COMrow349/finite_ordered,True,
COMrow349/known_mode,True,
COMrow349/provider_count,True,
COMrow349/single_physical_phase,True,
COMrow349/phase_label,True,
COMrow349/unique_point,True,
COMrow349/instant_link_and_priority,True,"(-8.952838470577262e-13, -8.952838470577262e-13)"
COMrow350/finite_ordered,True,
COMrow350/known_mode,True,
COMrow350/provider_count,True,
COMrow350/single_physical_phase,True,
COMrow350/phase_label,True,
COMrow350/continuous_terrain_and_distance,True,-8.988365607365267e-13
COMrow351/finite_ordered,True,
COMrow351/known_mode,True,
COMrow351/provider_count,True,
COMrow351/single_physical_phase,True,
COMrow351/phase_label,True,
COMrow351/unique_point,True,
COMrow351/instant_link_and_priority,True,"(0.19999999999896545, 0.19999999999896545)"
COMrow352/finite_ordered,True,
COMrow352/known_mode,True,
COMrow352/provider_count,True,
COMrow352/single_physical_phase,True,
COMrow352/phase_label,True,
COMrow352/continuous_terrain_and_distance,True,0.19999999999896012
COMrow353/finite_ordered,True,
COMrow353/known_mode,True,
COMrow353/provider_count,True,
COMrow353/single_physical_phase,True,
COMrow353/phase_label,True,
COMrow353/unique_point,True,
COMrow353/instant_link_and_priority,True,"(0.26004478985798585, 0.26004478985798585)"
COMrow354/finite_ordered,True,
COMrow354/known_mode,True,
COMrow354/provider_count,True,
COMrow354/single_physical_phase,True,
COMrow354/phase_label,True,
COMrow354/continuous_terrain_and_distance,True,10.26004478985798
COMrow355/finite_ordered,True,
COMrow355/known_mode,True,
COMrow355/provider_count,True,
COMrow355/single_physical_phase,True,
COMrow355/phase_label,True,
COMrow355/unique_point,True,
COMrow355/instant_link_and_priority,True,"(10.424165072705932, 10.424165072705932)"
COMrow356/finite_ordered,True,
COMrow356/known_mode,True,
COMrow356/provider_count,True,
COMrow356/single_physical_phase,True,
COMrow356/phase_label,True,
COMrow356/continuous_terrain_and_distance,True,10.42416507270594
COMrow357/finite_ordered,True,
COMrow357/known_mode,True,
COMrow357/provider_count,True,
COMrow357/single_physical_phase,True,
COMrow357/phase_label,True,
COMrow357/unique_point,True,
COMrow357/instant_link_and_priority,True,"(17.733207873753017, 17.733207873753017)"
COMrow358/finite_ordered,True,
COMrow358/known_mode,True,
COMrow358/provider_count,True,
COMrow358/single_physical_phase,True,
COMrow358/phase_label,True,
COMrow358/continuous_terrain_and_distance,True,17.73320787375302
COMrow359/finite_ordered,True,
COMrow359/known_mode,True,
COMrow359/provider_count,True,
COMrow359/single_physical_phase,True,
COMrow359/phase_label,True,
COMrow359/unique_point,True,
COMrow359/instant_link_and_priority,True,"(23.985237776552594, 23.985237776552594)"
COMrow360/finite_ordered,True,
COMrow360/known_mode,True,
COMrow360/provider_count,True,
COMrow360/single_physical_phase,True,
COMrow360/phase_label,True,
COMrow360/continuous_terrain_and_distance,True,23.985237776552594
COMrow361/finite_ordered,True,
COMrow361/known_mode,True,
COMrow361/provider_count,True,
COMrow361/single_physical_phase,True,
COMrow361/phase_label,True,
COMrow361/unique_point,True,
COMrow361/instant_link_and_priority,True,"(30.717231343301734, 30.717231343301734)"
COMrow362/finite_ordered,True,
COMrow362/known_mode,True,
COMrow362/provider_count,True,
COMrow362/single_physical_phase,True,
COMrow362/phase_label,True,
COMrow362/continuous_terrain_and_distance,True,30.717231343301737
COMrow363/finite_ordered,True,
COMrow363/known_mode,True,
COMrow363/provider_count,True,
COMrow363/single_physical_phase,True,
COMrow363/phase_label,True,
COMrow363/unique_point,True,
COMrow363/instant_link_and_priority,True,"(45.822907643684346, 45.822907643684346)"
COMrow364/finite_ordered,True,
COMrow364/known_mode,True,
COMrow364/provider_count,True,
COMrow364/single_physical_phase,True,
COMrow364/phase_label,True,
COMrow364/continuous_terrain_and_distance,True,45.82290764368435
COMrow365/finite_ordered,True,
COMrow365/known_mode,True,
COMrow365/provider_count,True,
COMrow365/single_physical_phase,True,
COMrow365/phase_label,True,
COMrow365/unique_point,True,
COMrow365/instant_link_and_priority,True,"(50.80570620510426, 50.80570620510426)"
COMrow366/finite_ordered,True,
COMrow366/known_mode,True,
COMrow366/provider_count,True,
COMrow366/single_physical_phase,True,
COMrow366/phase_label,True,
COMrow366/continuous_terrain_and_distance,True,50.80570620510426
COMrow367/finite_ordered,True,
COMrow367/known_mode,True,
COMrow367/provider_count,True,
COMrow367/single_physical_phase,True,
COMrow367/phase_label,True,
COMrow367/unique_point,True,
COMrow367/instant_link_and_priority,True,"(60.564870030848056, 60.564870030848056)"
COMrow368/finite_ordered,True,
COMrow368/known_mode,True,
COMrow368/provider_count,True,
COMrow368/single_physical_phase,True,
COMrow368/phase_label,True,
COMrow368/continuous_terrain_and_distance,True,60.564870030848056
COMrow369/finite_ordered,True,
COMrow369/known_mode,True,
COMrow369/provider_count,True,
COMrow369/single_physical_phase,True,
COMrow369/phase_label,True,
COMrow369/unique_point,True,
COMrow369/instant_link_and_priority,True,"(63.04826031558969, 63.04826031558969)"
COMrow370/finite_ordered,True,
COMrow370/known_mode,True,
COMrow370/provider_count,True,
COMrow370/single_physical_phase,True,
COMrow370/phase_label,True,
COMrow370/continuous_terrain_and_distance,True,56.38238674364702
COMrow371/finite_ordered,True,
COMrow371/known_mode,True,
COMrow371/provider_count,True,
COMrow371/single_physical_phase,True,
COMrow371/phase_label,True,
COMrow371/unique_point,True,
COMrow371/instant_link_and_priority,True,"(46.38238674364699, 46.38238674364699)"
COMrow372/finite_ordered,True,
COMrow372/known_mode,True,
COMrow372/provider_count,True,
COMrow372/single_physical_phase,True,
COMrow372/phase_label,True,
COMrow372/continuous_terrain_and_distance,True,45.92517525248826
COMrow373/finite_ordered,True,
COMrow373/known_mode,True,
COMrow373/provider_count,True,
COMrow373/single_physical_phase,True,
COMrow373/phase_label,True,
COMrow373/unique_point,True,
COMrow373/instant_link_and_priority,True,"(45.92517525248826, 45.92517525248826)"
Q3-T-005/has_communication_spans,True,
Q3-T-005/takeoff_boundary,True,
Q3-T-005/return_boundary,True,
Q3-T-005/no_gap_or_overlap,True,
Q3-T-005/no_gap_or_overlap,True,
Q3-T-005/no_gap_or_overlap,True,
Q3-T-005/no_gap_or_overlap,True,
Q3-T-005/no_gap_or_overlap,True,
Q3-T-005/no_gap_or_overlap,True,
Q3-T-005/no_gap_or_overlap,True,
Q3-T-005/no_gap_or_overlap,True,
Q3-T-005/no_gap_or_overlap,True,
Q3-T-005/no_gap_or_overlap,True,
Q3-T-005/no_gap_or_overlap,True,
Q3-T-005/no_gap_or_overlap,True,
Q3-T-005/no_gap_or_overlap,True,
Q3-T-005/no_gap_or_overlap,True,
Q3-T-005/no_gap_or_overlap,True,
Q3-T-005/no_gap_or_overlap,True,
Q3-T-005/no_gap_or_overlap,True,
Q3-T-005/no_gap_or_overlap,True,
Q3-T-005/no_gap_or_overlap,True,
Q3-T-005/no_gap_or_overlap,True,
Q3-T-005/no_gap_or_overlap,True,
Q3-T-005/no_gap_or_overlap,True,
Q3-T-005/no_gap_or_overlap,True,
Q3-T-005/no_gap_or_overlap,True,
Q3-T-005/no_gap_or_overlap,True,
Q3-T-005/no_gap_or_overlap,True,
Q3-T-005/no_gap_or_overlap,True,
Q3-T-005/no_gap_or_overlap,True,
Q3-T-005/no_gap_or_overlap,True,
Q3-T-005/no_gap_or_overlap,True,
Q3-T-005/no_gap_or_overlap,True,
Q3-T-005/no_gap_or_overlap,True,
Q3-T-005/no_gap_or_overlap,True,
Q3-T-005/no_gap_or_overlap,True,
Q3-T-005/no_gap_or_overlap,True,
Q3-T-005/all_boundary_points_present,True,0
Q3-T-005/point_inside_mission,True,
Q3-T-005/point_inside_mission,True,
Q3-T-005/point_inside_mission,True,
Q3-T-005/point_inside_mission,True,
Q3-T-005/point_inside_mission,True,
Q3-T-005/point_inside_mission,True,
Q3-T-005/point_inside_mission,True,
Q3-T-005/point_inside_mission,True,
Q3-T-005/point_inside_mission,True,
Q3-T-005/point_inside_mission,True,
Q3-T-005/point_inside_mission,True,
Q3-T-005/point_inside_mission,True,
Q3-T-005/point_inside_mission,True,
Q3-T-005/point_inside_mission,True,
Q3-T-005/point_inside_mission,True,
Q3-T-005/point_inside_mission,True,
Q3-T-005/point_inside_mission,True,
Q3-T-005/point_inside_mission,True,
Q3-T-005/point_inside_mission,True,
Q3-T-005/point_inside_mission,True,
Q3-T-005/point_inside_mission,True,
Q3-T-005/point_inside_mission,True,
Q3-T-005/point_inside_mission,True,
Q3-T-005/point_inside_mission,True,
Q3-T-005/point_inside_mission,True,
Q3-T-005/point_inside_mission,True,
Q3-T-005/point_inside_mission,True,
Q3-T-005/point_inside_mission,True,
Q3-T-005/point_inside_mission,True,
Q3-T-005/point_inside_mission,True,
Q3-T-005/point_inside_mission,True,
Q3-T-005/point_inside_mission,True,
Q3-T-005/point_inside_mission,True,
Q3-T-005/point_inside_mission,True,
Q3-T-005/point_inside_mission,True,
Q3-T-005/point_inside_mission,True,
Q3-T-005/point_inside_mission,True,
COMrow374/finite_ordered,True,
COMrow374/known_mode,True,
COMrow374/provider_count,True,
COMrow374/single_physical_phase,True,
COMrow374/phase_label,True,
COMrow374/unique_point,True,
COMrow374/instant_link_and_priority,True,"(45.92517525248826, 45.92517525248826)"
COMrow375/finite_ordered,True,
COMrow375/known_mode,True,
COMrow375/provider_count,True,
COMrow375/single_physical_phase,True,
COMrow375/phase_label,True,
COMrow375/continuous_terrain_and_distance,True,45.925175252488266
COMrow376/finite_ordered,True,
COMrow376/known_mode,True,
COMrow376/provider_count,True,
COMrow376/single_physical_phase,True,
COMrow376/phase_label,True,
COMrow376/unique_point,True,
COMrow376/instant_link_and_priority,True,"(46.38238674364702, 46.38238674364702)"
COMrow377/finite_ordered,True,
COMrow377/known_mode,True,
COMrow377/provider_count,True,
COMrow377/single_physical_phase,True,
COMrow377/phase_label,True,
COMrow377/continuous_terrain_and_distance,True,56.38238674364702
COMrow378/finite_ordered,True,
COMrow378/known_mode,True,
COMrow378/provider_count,True,
COMrow378/single_physical_phase,True,
COMrow378/phase_label,True,
COMrow378/unique_point,True,
COMrow378/instant_link_and_priority,True,"(63.04826031558974, 63.04826031558974)"
COMrow379/finite_ordered,True,
COMrow379/known_mode,True,
COMrow379/provider_count,True,
COMrow379/single_physical_phase,True,
COMrow379/phase_label,True,
COMrow379/continuous_terrain_and_distance,True,60.56487003084809
COMrow380/finite_ordered,True,
COMrow380/known_mode,True,
COMrow380/provider_count,True,
COMrow380/single_physical_phase,True,
COMrow380/phase_label,True,
COMrow380/unique_point,True,
COMrow380/instant_link_and_priority,True,"(60.56487003084809, 60.56487003084809)"
COMrow381/finite_ordered,True,
COMrow381/known_mode,True,
COMrow381/provider_count,True,
COMrow381/single_physical_phase,True,
COMrow381/phase_label,True,
COMrow381/continuous_terrain_and_distance,True,50.80570620510426
COMrow382/finite_ordered,True,
COMrow382/known_mode,True,
COMrow382/provider_count,True,
COMrow382/single_physical_phase,True,
COMrow382/phase_label,True,
COMrow382/unique_point,True,
COMrow382/instant_link_and_priority,True,"(50.80570620510426, 50.80570620510426)"
COMrow383/finite_ordered,True,
COMrow383/known_mode,True,
COMrow383/provider_count,True,
COMrow383/single_physical_phase,True,
COMrow383/phase_label,True,
COMrow383/continuous_terrain_and_distance,True,45.822907643684324
COMrow384/finite_ordered,True,
COMrow384/known_mode,True,
COMrow384/provider_count,True,
COMrow384/single_physical_phase,True,
COMrow384/phase_label,True,
COMrow384/unique_point,True,
COMrow384/instant_link_and_priority,True,"(45.82290764368432, 45.82290764368432)"
COMrow385/finite_ordered,True,
COMrow385/known_mode,True,
COMrow385/provider_count,True,
COMrow385/single_physical_phase,True,
COMrow385/phase_label,True,
COMrow385/continuous_terrain_and_distance,True,30.717231343301737
COMrow386/finite_ordered,True,
COMrow386/known_mode,True,
COMrow386/provider_count,True,
COMrow386/single_physical_phase,True,
COMrow386/phase_label,True,
COMrow386/unique_point,True,
COMrow386/instant_link_and_priority,True,"(30.717231343301734, 30.717231343301734)"
COMrow387/finite_ordered,True,
COMrow387/known_mode,True,
COMrow387/provider_count,True,
COMrow387/single_physical_phase,True,
COMrow387/phase_label,True,
COMrow387/continuous_terrain_and_distance,True,23.985237776552594
COMrow388/finite_ordered,True,
COMrow388/known_mode,True,
COMrow388/provider_count,True,
COMrow388/single_physical_phase,True,
COMrow388/phase_label,True,
COMrow388/unique_point,True,
COMrow388/instant_link_and_priority,True,"(23.985237776552594, 23.985237776552594)"
COMrow389/finite_ordered,True,
COMrow389/known_mode,True,
COMrow389/provider_count,True,
COMrow389/single_physical_phase,True,
COMrow389/phase_label,True,
COMrow389/continuous_terrain_and_distance,True,17.73320787375302
COMrow390/finite_ordered,True,
COMrow390/known_mode,True,
COMrow390/provider_count,True,
COMrow390/single_physical_phase,True,
COMrow390/phase_label,True,
COMrow390/unique_point,True,
COMrow390/instant_link_and_priority,True,"(17.733207873753017, 17.733207873753017)"
COMrow391/finite_ordered,True,
COMrow391/known_mode,True,
COMrow391/provider_count,True,
COMrow391/single_physical_phase,True,
COMrow391/phase_label,True,
COMrow391/continuous_terrain_and_distance,True,10.42416507270594
COMrow392/finite_ordered,True,
COMrow392/known_mode,True,
COMrow392/provider_count,True,
COMrow392/single_physical_phase,True,
COMrow392/phase_label,True,
COMrow392/unique_point,True,
COMrow392/instant_link_and_priority,True,"(10.424165072705932, 10.424165072705932)"
COMrow393/finite_ordered,True,
COMrow393/known_mode,True,
COMrow393/provider_count,True,
COMrow393/single_physical_phase,True,
COMrow393/phase_label,True,
COMrow393/continuous_terrain_and_distance,True,10.26004478985798
COMrow394/finite_ordered,True,
COMrow394/known_mode,True,
COMrow394/provider_count,True,
COMrow394/single_physical_phase,True,
COMrow394/phase_label,True,
COMrow394/unique_point,True,
COMrow394/instant_link_and_priority,True,"(0.26004478985798585, 0.26004478985798585)"
COMrow395/finite_ordered,True,
COMrow395/known_mode,True,
COMrow395/provider_count,True,
COMrow395/single_physical_phase,True,
COMrow395/phase_label,True,
COMrow395/continuous_terrain_and_distance,True,0.19999999999896012
COMrow396/finite_ordered,True,
COMrow396/known_mode,True,
COMrow396/provider_count,True,
COMrow396/single_physical_phase,True,
COMrow396/phase_label,True,
COMrow396/unique_point,True,
COMrow396/instant_link_and_priority,True,"(0.19999999999896545, 0.19999999999896545)"
COMrow397/finite_ordered,True,
COMrow397/known_mode,True,
COMrow397/provider_count,True,
COMrow397/single_physical_phase,True,
COMrow397/phase_label,True,
COMrow397/continuous_terrain_and_distance,True,-8.988365607365267e-13
COMrow398/finite_ordered,True,
COMrow398/known_mode,True,
COMrow398/provider_count,True,
COMrow398/single_physical_phase,True,
COMrow398/phase_label,True,
COMrow398/unique_point,True,
COMrow398/instant_link_and_priority,True,"(-8.952838470577262e-13, -8.952838470577262e-13)"
COMrow399/finite_ordered,True,
COMrow399/known_mode,True,
COMrow399/provider_count,True,
COMrow399/single_physical_phase,True,
COMrow399/phase_label,True,
COMrow399/relay_time_coverage,True,
COMrow399/direct_priority_entire_interval,True,
COMrow399/continuous_terrain_and_distance,True,0.33060755635988315
COMrow400/finite_ordered,True,
COMrow400/known_mode,True,
COMrow400/provider_count,True,
COMrow400/single_physical_phase,True,
COMrow400/phase_label,True,
COMrow400/unique_point,True,
COMrow400/instant_link_and_priority,True,"(0.3306075563598796, -1.213163824729719)"
COMrow401/finite_ordered,True,
COMrow401/known_mode,True,
COMrow401/provider_count,True,
COMrow401/single_physical_phase,True,
COMrow401/phase_label,True,
COMrow401/relay_time_coverage,True,
COMrow401/direct_priority_entire_interval,True,
COMrow401/continuous_terrain_and_distance,True,0.33060755635988315
COMrow402/finite_ordered,True,
COMrow402/known_mode,True,
COMrow402/provider_count,True,
COMrow402/single_physical_phase,True,
COMrow402/phase_label,True,
COMrow402/unique_point,True,
COMrow402/instant_link_and_priority,True,"(0.33499967869116176, -1.2113640524589329)"
COMrow403/finite_ordered,True,
COMrow403/known_mode,True,
COMrow403/provider_count,True,
COMrow403/single_physical_phase,True,
COMrow403/phase_label,True,
COMrow403/relay_time_coverage,True,
COMrow403/direct_priority_entire_interval,True,
COMrow403/continuous_terrain_and_distance,True,0.33499967869116354
COMrow404/finite_ordered,True,
COMrow404/known_mode,True,
COMrow404/provider_count,True,
COMrow404/single_physical_phase,True,
COMrow404/phase_label,True,
COMrow404/unique_point,True,
COMrow404/instant_link_and_priority,True,"(0.33525521580041584, -1.2112568044432095)"
COMrow405/finite_ordered,True,
COMrow405/known_mode,True,
COMrow405/provider_count,True,
COMrow405/single_physical_phase,True,
COMrow405/phase_label,True,
COMrow405/relay_time_coverage,True,
COMrow405/direct_priority_entire_interval,True,
COMrow405/continuous_terrain_and_distance,True,0.33525521580041584
COMrow406/finite_ordered,True,
COMrow406/known_mode,True,
COMrow406/provider_count,True,
COMrow406/single_physical_phase,True,
COMrow406/phase_label,True,
COMrow406/unique_point,True,
COMrow406/instant_link_and_priority,True,"(0.36048589855019486, -1.196234296101025)"
COMrow407/finite_ordered,True,
COMrow407/known_mode,True,
COMrow407/provider_count,True,
COMrow407/single_physical_phase,True,
COMrow407/phase_label,True,
COMrow407/relay_time_coverage,True,
COMrow407/direct_priority_entire_interval,True,
COMrow407/continuous_terrain_and_distance,True,0.3604858985501984
COMrow408/finite_ordered,True,
COMrow408/known_mode,True,
COMrow408/provider_count,True,
COMrow408/single_physical_phase,True,
COMrow408/phase_label,True,
COMrow408/unique_point,True,
COMrow408/instant_link_and_priority,True,"(0.3611739548907167, -1.1938930669570595)"
COMrow409/finite_ordered,True,
COMrow409/known_mode,True,
COMrow409/provider_count,True,
COMrow409/single_physical_phase,True,
COMrow409/phase_label,True,
COMrow409/relay_time_coverage,True,
COMrow409/direct_priority_entire_interval,True,
COMrow409/continuous_terrain_and_distance,True,0.36116207236843323
COMrow410/finite_ordered,True,
COMrow410/known_mode,True,
COMrow410/provider_count,True,
COMrow410/single_physical_phase,True,
COMrow410/phase_label,True,
COMrow410/unique_point,True,
COMrow410/instant_link_and_priority,True,"(0.3611620723684297, -1.1937365176753048)"
COMrow411/finite_ordered,True,
COMrow411/known_mode,True,
COMrow411/provider_count,True,
COMrow411/single_physical_phase,True,
COMrow411/phase_label,True,
COMrow411/relay_time_coverage,True,
COMrow411/direct_priority_entire_interval,True,
COMrow411/continuous_terrain_and_distance,True,0.36116207236843323
COMrow412/finite_ordered,True,
COMrow412/known_mode,True,
COMrow412/provider_count,True,
COMrow412/single_physical_phase,True,
COMrow412/phase_label,True,
COMrow412/unique_point,True,
COMrow412/instant_link_and_priority,True,"(0.3611620723684297, -1.1937365176753048)"
COMrow413/finite_ordered,True,
COMrow413/known_mode,True,
COMrow413/provider_count,True,
COMrow413/single_physical_phase,True,
COMrow413/phase_label,True,
COMrow413/relay_time_coverage,True,
COMrow413/direct_priority_entire_interval,True,
COMrow413/continuous_terrain_and_distance,True,0.36116207236843323
COMrow414/finite_ordered,True,
COMrow414/known_mode,True,
COMrow414/provider_count,True,
COMrow414/single_physical_phase,True,
COMrow414/phase_label,True,
COMrow414/unique_point,True,
COMrow414/instant_link_and_priority,True,"(0.3611739548907167, -1.1938930669570595)"
COMrow415/finite_ordered,True,
COMrow415/known_mode,True,
COMrow415/provider_count,True,
COMrow415/single_physical_phase,True,
COMrow415/phase_label,True,
COMrow415/relay_time_coverage,True,
COMrow415/direct_priority_entire_interval,True,
COMrow415/continuous_terrain_and_distance,True,0.3604858985501984
COMrow416/finite_ordered,True,
COMrow416/known_mode,True,
COMrow416/provider_count,True,
COMrow416/single_physical_phase,True,
COMrow416/phase_label,True,
COMrow416/unique_point,True,
COMrow416/instant_link_and_priority,True,"(0.36048589855019486, -1.196234296101025)"
COMrow417/finite_ordered,True,
COMrow417/known_mode,True,
COMrow417/provider_count,True,
COMrow417/single_physical_phase,True,
COMrow417/phase_label,True,
COMrow417/relay_time_coverage,True,
COMrow417/direct_priority_entire_interval,True,
COMrow417/continuous_terrain_and_distance,True,0.33499967869116354
COMrow418/finite_ordered,True,
COMrow418/known_mode,True,
COMrow418/provider_count,True,
COMrow418/single_physical_phase,True,
COMrow418/phase_label,True,
COMrow418/unique_point,True,
COMrow418/instant_link_and_priority,True,"(0.33499967869116176, -1.2113640524589329)"
COMrow419/finite_ordered,True,
COMrow419/known_mode,True,
COMrow419/provider_count,True,
COMrow419/single_physical_phase,True,
COMrow419/phase_label,True,
COMrow419/relay_time_coverage,True,
COMrow419/direct_priority_entire_interval,True,
COMrow419/continuous_terrain_and_distance,True,0.33060755635988315
COMrow420/finite_ordered,True,
COMrow420/known_mode,True,
COMrow420/provider_count,True,
COMrow420/single_physical_phase,True,
COMrow420/phase_label,True,
COMrow420/unique_point,True,
COMrow420/instant_link_and_priority,True,"(0.3306075563598796, -1.213163824729719)"
COMrow421/finite_ordered,True,
COMrow421/known_mode,True,
COMrow421/provider_count,True,
COMrow421/single_physical_phase,True,
COMrow421/phase_label,True,
COMrow421/relay_time_coverage,True,
COMrow421/direct_priority_entire_interval,True,
COMrow421/continuous_terrain_and_distance,True,0.33060755635988315
COMrow422/finite_ordered,True,
COMrow422/known_mode,True,
COMrow422/provider_count,True,
COMrow422/single_physical_phase,True,
COMrow422/phase_label,True,
COMrow422/unique_point,True,
COMrow422/instant_link_and_priority,True,"(-8.952838470577262e-13, -8.952838470577262e-13)"
COMrow423/finite_ordered,True,
COMrow423/known_mode,True,
COMrow423/provider_count,True,
COMrow423/single_physical_phase,True,
COMrow423/phase_label,True,
COMrow423/continuous_terrain_and_distance,True,-8.988365607365267e-13
COMrow424/finite_ordered,True,
COMrow424/known_mode,True,
COMrow424/provider_count,True,
COMrow424/single_physical_phase,True,
COMrow424/phase_label,True,
COMrow424/unique_point,True,
COMrow424/instant_link_and_priority,True,"(0.26004478985798585, 0.26004478985798585)"
COMrow425/finite_ordered,True,
COMrow425/known_mode,True,
COMrow425/provider_count,True,
COMrow425/single_physical_phase,True,
COMrow425/phase_label,True,
COMrow425/continuous_terrain_and_distance,True,10.26004478985798
COMrow426/finite_ordered,True,
COMrow426/known_mode,True,
COMrow426/provider_count,True,
COMrow426/single_physical_phase,True,
COMrow426/phase_label,True,
COMrow426/unique_point,True,
COMrow426/instant_link_and_priority,True,"(10.424165072705932, 10.424165072705932)"
COMrow427/finite_ordered,True,
COMrow427/known_mode,True,
COMrow427/provider_count,True,
COMrow427/single_physical_phase,True,
COMrow427/phase_label,True,
COMrow427/continuous_terrain_and_distance,True,10.42416507270594
COMrow428/finite_ordered,True,
COMrow428/known_mode,True,
COMrow428/provider_count,True,
COMrow428/single_physical_phase,True,
COMrow428/phase_label,True,
COMrow428/unique_point,True,
COMrow428/instant_link_and_priority,True,"(12.48654462257602, 12.48654462257602)"
COMrow429/finite_ordered,True,
COMrow429/known_mode,True,
COMrow429/provider_count,True,
COMrow429/single_physical_phase,True,
COMrow429/phase_label,True,
COMrow429/continuous_terrain_and_distance,True,12.486544622576027
COMrow430/finite_ordered,True,
COMrow430/known_mode,True,
COMrow430/provider_count,True,
COMrow430/single_physical_phase,True,
COMrow430/phase_label,True,
COMrow430/unique_point,True,
COMrow430/instant_link_and_priority,True,"(17.733207873753017, 17.733207873753017)"
COMrow431/finite_ordered,True,
COMrow431/known_mode,True,
COMrow431/provider_count,True,
COMrow431/single_physical_phase,True,
COMrow431/phase_label,True,
COMrow431/continuous_terrain_and_distance,True,17.73320787375302
COMrow432/finite_ordered,True,
COMrow432/known_mode,True,
COMrow432/provider_count,True,
COMrow432/single_physical_phase,True,
COMrow432/phase_label,True,
COMrow432/unique_point,True,
COMrow432/instant_link_and_priority,True,"(23.985237776552594, 23.985237776552594)"
COMrow433/finite_ordered,True,
COMrow433/known_mode,True,
COMrow433/provider_count,True,
COMrow433/single_physical_phase,True,
COMrow433/phase_label,True,
COMrow433/continuous_terrain_and_distance,True,23.985237776552594
COMrow434/finite_ordered,True,
COMrow434/known_mode,True,
COMrow434/provider_count,True,
COMrow434/single_physical_phase,True,
COMrow434/phase_label,True,
COMrow434/unique_point,True,
COMrow434/instant_link_and_priority,True,"(30.717231343301734, 30.717231343301734)"
COMrow435/finite_ordered,True,
COMrow435/known_mode,True,
COMrow435/provider_count,True,
COMrow435/single_physical_phase,True,
COMrow435/phase_label,True,
COMrow435/continuous_terrain_and_distance,True,30.717231343301737
COMrow436/finite_ordered,True,
COMrow436/known_mode,True,
COMrow436/provider_count,True,
COMrow436/single_physical_phase,True,
COMrow436/phase_label,True,
COMrow436/unique_point,True,
COMrow436/instant_link_and_priority,True,"(45.822907643684346, 45.822907643684346)"
COMrow437/finite_ordered,True,
COMrow437/known_mode,True,
COMrow437/provider_count,True,
COMrow437/single_physical_phase,True,
COMrow437/phase_label,True,
COMrow437/continuous_terrain_and_distance,True,45.82290764368435
COMrow438/finite_ordered,True,
COMrow438/known_mode,True,
COMrow438/provider_count,True,
COMrow438/single_physical_phase,True,
COMrow438/phase_label,True,
COMrow438/unique_point,True,
COMrow438/instant_link_and_priority,True,"(50.80570620510426, 50.80570620510426)"
COMrow439/finite_ordered,True,
COMrow439/known_mode,True,
COMrow439/provider_count,True,
COMrow439/single_physical_phase,True,
COMrow439/phase_label,True,
COMrow439/continuous_terrain_and_distance,True,50.80570620510426
COMrow440/finite_ordered,True,
COMrow440/known_mode,True,
COMrow440/provider_count,True,
COMrow440/single_physical_phase,True,
COMrow440/phase_label,True,
COMrow440/unique_point,True,
COMrow440/instant_link_and_priority,True,"(60.564870030848056, 60.564870030848056)"
COMrow441/finite_ordered,True,
COMrow441/known_mode,True,
COMrow441/provider_count,True,
COMrow441/single_physical_phase,True,
COMrow441/phase_label,True,
COMrow441/continuous_terrain_and_distance,True,60.564870030848056
COMrow442/finite_ordered,True,
COMrow442/known_mode,True,
COMrow442/provider_count,True,
COMrow442/single_physical_phase,True,
COMrow442/phase_label,True,
COMrow442/unique_point,True,
COMrow442/instant_link_and_priority,True,"(63.04826031558969, 63.04826031558969)"
COMrow443/finite_ordered,True,
COMrow443/known_mode,True,
COMrow443/provider_count,True,
COMrow443/single_physical_phase,True,
COMrow443/phase_label,True,
COMrow443/continuous_terrain_and_distance,True,56.38238674364702
COMrow444/finite_ordered,True,
COMrow444/known_mode,True,
COMrow444/provider_count,True,
COMrow444/single_physical_phase,True,
COMrow444/phase_label,True,
COMrow444/unique_point,True,
COMrow444/instant_link_and_priority,True,"(46.38238674364699, 46.38238674364699)"
COMrow445/finite_ordered,True,
COMrow445/known_mode,True,
COMrow445/provider_count,True,
COMrow445/single_physical_phase,True,
COMrow445/phase_label,True,
COMrow445/continuous_terrain_and_distance,True,45.92517525248826
COMrow446/finite_ordered,True,
COMrow446/known_mode,True,
COMrow446/provider_count,True,
COMrow446/single_physical_phase,True,
COMrow446/phase_label,True,
COMrow446/unique_point,True,
COMrow446/instant_link_and_priority,True,"(45.92517525248826, 45.92517525248826)"
Q3-T-006/has_communication_spans,True,
Q3-T-006/takeoff_boundary,True,
Q3-T-006/return_boundary,True,
Q3-T-006/no_gap_or_overlap,True,
Q3-T-006/no_gap_or_overlap,True,
Q3-T-006/no_gap_or_overlap,True,
Q3-T-006/no_gap_or_overlap,True,
Q3-T-006/no_gap_or_overlap,True,
Q3-T-006/no_gap_or_overlap,True,
Q3-T-006/no_gap_or_overlap,True,
Q3-T-006/no_gap_or_overlap,True,
Q3-T-006/no_gap_or_overlap,True,
Q3-T-006/no_gap_or_overlap,True,
Q3-T-006/no_gap_or_overlap,True,
Q3-T-006/no_gap_or_overlap,True,
Q3-T-006/no_gap_or_overlap,True,
Q3-T-006/no_gap_or_overlap,True,
Q3-T-006/no_gap_or_overlap,True,
Q3-T-006/no_gap_or_overlap,True,
Q3-T-006/no_gap_or_overlap,True,
Q3-T-006/no_gap_or_overlap,True,
Q3-T-006/no_gap_or_overlap,True,
Q3-T-006/no_gap_or_overlap,True,
Q3-T-006/no_gap_or_overlap,True,
Q3-T-006/no_gap_or_overlap,True,
Q3-T-006/no_gap_or_overlap,True,
Q3-T-006/no_gap_or_overlap,True,
Q3-T-006/no_gap_or_overlap,True,
Q3-T-006/no_gap_or_overlap,True,
Q3-T-006/no_gap_or_overlap,True,
Q3-T-006/no_gap_or_overlap,True,
Q3-T-006/no_gap_or_overlap,True,
Q3-T-006/no_gap_or_overlap,True,
Q3-T-006/no_gap_or_overlap,True,
Q3-T-006/no_gap_or_overlap,True,
Q3-T-006/no_gap_or_overlap,True,
Q3-T-006/no_gap_or_overlap,True,
Q3-T-006/no_gap_or_overlap,True,
Q3-T-006/all_boundary_points_present,True,0
Q3-T-006/point_inside_mission,True,
Q3-T-006/point_inside_mission,True,
Q3-T-006/point_inside_mission,True,
Q3-T-006/point_inside_mission,True,
Q3-T-006/point_inside_mission,True,
Q3-T-006/point_inside_mission,True,
Q3-T-006/point_inside_mission,True,
Q3-T-006/point_inside_mission,True,
Q3-T-006/point_inside_mission,True,
Q3-T-006/point_inside_mission,True,
Q3-T-006/point_inside_mission,True,
Q3-T-006/point_inside_mission,True,
Q3-T-006/point_inside_mission,True,
Q3-T-006/point_inside_mission,True,
Q3-T-006/point_inside_mission,True,
Q3-T-006/point_inside_mission,True,
Q3-T-006/point_inside_mission,True,
Q3-T-006/point_inside_mission,True,
Q3-T-006/point_inside_mission,True,
Q3-T-006/point_inside_mission,True,
Q3-T-006/point_inside_mission,True,
Q3-T-006/point_inside_mission,True,
Q3-T-006/point_inside_mission,True,
Q3-T-006/point_inside_mission,True,
Q3-T-006/point_inside_mission,True,
Q3-T-006/point_inside_mission,True,
Q3-T-006/point_inside_mission,True,
Q3-T-006/point_inside_mission,True,
Q3-T-006/point_inside_mission,True,
Q3-T-006/point_inside_mission,True,
Q3-T-006/point_inside_mission,True,
Q3-T-006/point_inside_mission,True,
Q3-T-006/point_inside_mission,True,
Q3-T-006/point_inside_mission,True,
Q3-T-006/point_inside_mission,True,
Q3-T-006/point_inside_mission,True,
Q3-T-006/point_inside_mission,True,
COMrow447/finite_ordered,True,
COMrow447/known_mode,True,
COMrow447/provider_count,True,
COMrow447/single_physical_phase,True,
COMrow447/phase_label,True,
COMrow447/unique_point,True,
COMrow447/instant_link_and_priority,True,"(45.92517525248826, 45.92517525248826)"
COMrow448/finite_ordered,True,
COMrow448/known_mode,True,
COMrow448/provider_count,True,
COMrow448/single_physical_phase,True,
COMrow448/phase_label,True,
COMrow448/continuous_terrain_and_distance,True,45.925175252488266
COMrow449/finite_ordered,True,
COMrow449/known_mode,True,
COMrow449/provider_count,True,
COMrow449/single_physical_phase,True,
COMrow449/phase_label,True,
COMrow449/unique_point,True,
COMrow449/instant_link_and_priority,True,"(46.38238674364699, 46.38238674364699)"
COMrow450/finite_ordered,True,
COMrow450/known_mode,True,
COMrow450/provider_count,True,
COMrow450/single_physical_phase,True,
COMrow450/phase_label,True,
COMrow450/continuous_terrain_and_distance,True,56.38238674364702
COMrow451/finite_ordered,True,
COMrow451/known_mode,True,
COMrow451/provider_count,True,
COMrow451/single_physical_phase,True,
COMrow451/phase_label,True,
COMrow451/unique_point,True,
COMrow451/instant_link_and_priority,True,"(63.04826031558969, 63.04826031558969)"
COMrow452/finite_ordered,True,
COMrow452/known_mode,True,
COMrow452/provider_count,True,
COMrow452/single_physical_phase,True,
COMrow452/phase_label,True,
COMrow452/continuous_terrain_and_distance,True,60.564870030848134
COMrow453/finite_ordered,True,
COMrow453/known_mode,True,
COMrow453/provider_count,True,
COMrow453/single_physical_phase,True,
COMrow453/phase_label,True,
COMrow453/unique_point,True,
COMrow453/instant_link_and_priority,True,"(60.564870030848134, 60.564870030848134)"
COMrow454/finite_ordered,True,
COMrow454/known_mode,True,
COMrow454/provider_count,True,
COMrow454/single_physical_phase,True,
COMrow454/phase_label,True,
COMrow454/continuous_terrain_and_distance,True,50.80570620510426
COMrow455/finite_ordered,True,
COMrow455/known_mode,True,
COMrow455/provider_count,True,
COMrow455/single_physical_phase,True,
COMrow455/phase_label,True,
COMrow455/unique_point,True,
COMrow455/instant_link_and_priority,True,"(50.80570620510426, 50.80570620510426)"
COMrow456/finite_ordered,True,
COMrow456/known_mode,True,
COMrow456/provider_count,True,
COMrow456/single_physical_phase,True,
COMrow456/phase_label,True,
COMrow456/continuous_terrain_and_distance,True,45.82290764368432
COMrow457/finite_ordered,True,
COMrow457/known_mode,True,
COMrow457/provider_count,True,
COMrow457/single_physical_phase,True,
COMrow457/phase_label,True,
COMrow457/unique_point,True,
COMrow457/instant_link_and_priority,True,"(45.82290764368432, 45.82290764368432)"
COMrow458/finite_ordered,True,
COMrow458/known_mode,True,
COMrow458/provider_count,True,
COMrow458/single_physical_phase,True,
COMrow458/phase_label,True,
COMrow458/continuous_terrain_and_distance,True,35.16080841557533
COMrow459/finite_ordered,True,
COMrow459/known_mode,True,
COMrow459/provider_count,True,
COMrow459/single_physical_phase,True,
COMrow459/phase_label,True,
COMrow459/unique_point,True,
COMrow459/instant_link_and_priority,True,"(35.16080841557533, 35.16080841557533)"
COMrow460/finite_ordered,True,
COMrow460/known_mode,True,
COMrow460/provider_count,True,
COMrow460/single_physical_phase,True,
COMrow460/phase_label,True,
COMrow460/continuous_terrain_and_distance,True,22.597603423639566
COMrow461/finite_ordered,True,
COMrow461/known_mode,True,
COMrow461/provider_count,True,
COMrow461/single_physical_phase,True,
COMrow461/phase_label,True,
COMrow461/unique_point,True,
COMrow461/instant_link_and_priority,True,"(22.59760342363957, 22.59760342363957)"
COMrow462/finite_ordered,True,
COMrow462/known_mode,True,
COMrow462/provider_count,True,
COMrow462/single_physical_phase,True,
COMrow462/phase_label,True,
COMrow462/continuous_terrain_and_distance,True,18.949389180319535
COMrow463/finite_ordered,True,
COMrow463/known_mode,True,
COMrow463/provider_count,True,
COMrow463/single_physical_phase,True,
COMrow463/phase_label,True,
COMrow463/unique_point,True,
COMrow463/instant_link_and_priority,True,"(18.949389180319542, 18.949389180319542)"
COMrow464/finite_ordered,True,
COMrow464/known_mode,True,
COMrow464/provider_count,True,
COMrow464/single_physical_phase,True,
COMrow464/phase_label,True,
COMrow464/continuous_terrain_and_distance,True,18.75716117025895
COMrow465/finite_ordered,True,
COMrow465/known_mode,True,
COMrow465/provider_count,True,
COMrow465/single_physical_phase,True,
COMrow465/phase_label,True,
COMrow465/unique_point,True,
COMrow465/instant_link_and_priority,True,"(18.757161170258954, 18.757161170258954)"
COMrow466/finite_ordered,True,
COMrow466/known_mode,True,
COMrow466/provider_count,True,
COMrow466/single_physical_phase,True,
COMrow466/phase_label,True,
COMrow466/continuous_terrain_and_distance,True,18.319442125716837
COMrow467/finite_ordered,True,
COMrow467/known_mode,True,
COMrow467/provider_count,True,
COMrow467/single_physical_phase,True,
COMrow467/phase_label,True,
COMrow467/unique_point,True,
COMrow467/instant_link_and_priority,True,"(18.319442125716833, 18.319442125716833)"
COMrow468/finite_ordered,True,
COMrow468/known_mode,True,
COMrow468/provider_count,True,
COMrow468/single_physical_phase,True,
COMrow468/phase_label,True,
COMrow468/continuous_terrain_and_distance,True,3.817810255984197
COMrow469/finite_ordered,True,
COMrow469/known_mode,True,
COMrow469/provider_count,True,
COMrow469/single_physical_phase,True,
COMrow469/phase_label,True,
COMrow469/unique_point,True,
COMrow469/instant_link_and_priority,True,"(3.817810255984199, 3.817810255984199)"
COMrow470/finite_ordered,True,
COMrow470/known_mode,True,
COMrow470/provider_count,True,
COMrow470/single_physical_phase,True,
COMrow470/phase_label,True,
COMrow470/continuous_terrain_and_distance,True,3.1902882089789664
COMrow471/finite_ordered,True,
COMrow471/known_mode,True,
COMrow471/provider_count,True,
COMrow471/single_physical_phase,True,
COMrow471/phase_label,True,
COMrow471/unique_point,True,
COMrow471/instant_link_and_priority,True,"(3.19028820897897, 3.19028820897897)"
COMrow472/finite_ordered,True,
COMrow472/known_mode,True,
COMrow472/provider_count,True,
COMrow472/single_physical_phase,True,
COMrow472/phase_label,True,
COMrow472/continuous_terrain_and_distance,True,1.8599604785582073
COMrow473/finite_ordered,True,
COMrow473/known_mode,True,
COMrow473/provider_count,True,
COMrow473/single_physical_phase,True,
COMrow473/phase_label,True,
COMrow473/unique_point,True,
COMrow473/instant_link_and_priority,True,"(1.8599604785582073, 1.8599604785582073)"
COMrow474/finite_ordered,True,
COMrow474/known_mode,True,
COMrow474/provider_count,True,
COMrow474/single_physical_phase,True,
COMrow474/phase_label,True,
COMrow474/continuous_terrain_and_distance,True,1.8599604785582073
COMrow475/finite_ordered,True,
COMrow475/known_mode,True,
COMrow475/provider_count,True,
COMrow475/single_physical_phase,True,
COMrow475/phase_label,True,
COMrow475/unique_point,True,
COMrow475/instant_link_and_priority,True,"(1.8627219340405219, 1.8627219340405219)"
COMrow476/finite_ordered,True,
COMrow476/known_mode,True,
COMrow476/provider_count,True,
COMrow476/single_physical_phase,True,
COMrow476/phase_label,True,
COMrow476/continuous_terrain_and_distance,True,1.8627219340405254
COMrow477/finite_ordered,True,
COMrow477/known_mode,True,
COMrow477/provider_count,True,
COMrow477/single_physical_phase,True,
COMrow477/phase_label,True,
COMrow477/unique_point,True,
COMrow477/instant_link_and_priority,True,"(1.8634875327991267, 1.8634875327991267)"
COMrow478/finite_ordered,True,
COMrow478/known_mode,True,
COMrow478/provider_count,True,
COMrow478/single_physical_phase,True,
COMrow478/phase_label,True,
COMrow478/continuous_terrain_and_distance,True,1.863487532799132
COMrow479/finite_ordered,True,
COMrow479/known_mode,True,
COMrow479/provider_count,True,
COMrow479/single_physical_phase,True,
COMrow479/phase_label,True,
COMrow479/unique_point,True,
COMrow479/instant_link_and_priority,True,"(1.864623642821229, 1.864623642821229)"
COMrow480/finite_ordered,True,
COMrow480/known_mode,True,
COMrow480/provider_count,True,
COMrow480/single_physical_phase,True,
COMrow480/phase_label,True,
COMrow480/continuous_terrain_and_distance,True,1.8646236428212273
COMrow481/finite_ordered,True,
COMrow481/known_mode,True,
COMrow481/provider_count,True,
COMrow481/single_physical_phase,True,
COMrow481/phase_label,True,
COMrow481/unique_point,True,
COMrow481/instant_link_and_priority,True,"(1.8683888800624544, 1.8683888800624544)"
COMrow482/finite_ordered,True,
COMrow482/known_mode,True,
COMrow482/provider_count,True,
COMrow482/single_physical_phase,True,
COMrow482/phase_label,True,
COMrow482/continuous_terrain_and_distance,True,1.8683888800624526
COMrow483/finite_ordered,True,
COMrow483/known_mode,True,
COMrow483/provider_count,True,
COMrow483/single_physical_phase,True,
COMrow483/phase_label,True,
COMrow483/unique_point,True,
COMrow483/instant_link_and_priority,True,"(1.8683888800624544, 1.8683888800624544)"
COMrow484/finite_ordered,True,
COMrow484/known_mode,True,
COMrow484/provider_count,True,
COMrow484/single_physical_phase,True,
COMrow484/phase_label,True,
COMrow484/continuous_terrain_and_distance,True,1.8646236428212273
COMrow485/finite_ordered,True,
COMrow485/known_mode,True,
COMrow485/provider_count,True,
COMrow485/single_physical_phase,True,
COMrow485/phase_label,True,
COMrow485/unique_point,True,
COMrow485/instant_link_and_priority,True,"(1.864623642821229, 1.864623642821229)"
COMrow486/finite_ordered,True,
COMrow486/known_mode,True,
COMrow486/provider_count,True,
COMrow486/single_physical_phase,True,
COMrow486/phase_label,True,
COMrow486/continuous_terrain_and_distance,True,1.863487532799132
COMrow487/finite_ordered,True,
COMrow487/known_mode,True,
COMrow487/provider_count,True,
COMrow487/single_physical_phase,True,
COMrow487/phase_label,True,
COMrow487/unique_point,True,
COMrow487/instant_link_and_priority,True,"(1.8634875327991267, 1.8634875327991267)"
COMrow488/finite_ordered,True,
COMrow488/known_mode,True,
COMrow488/provider_count,True,
COMrow488/single_physical_phase,True,
COMrow488/phase_label,True,
COMrow488/continuous_terrain_and_distance,True,1.8617617668317372
COMrow489/finite_ordered,True,
COMrow489/known_mode,True,
COMrow489/provider_count,True,
COMrow489/single_physical_phase,True,
COMrow489/phase_label,True,
COMrow489/unique_point,True,
COMrow489/instant_link_and_priority,True,"(1.8617617668317337, 1.8617617668317337)"
COMrow490/finite_ordered,True,
COMrow490/known_mode,True,
COMrow490/provider_count,True,
COMrow490/single_physical_phase,True,
COMrow490/phase_label,True,
COMrow490/continuous_terrain_and_distance,True,1.8599604785582073
COMrow491/finite_ordered,True,
COMrow491/known_mode,True,
COMrow491/provider_count,True,
COMrow491/single_physical_phase,True,
COMrow491/phase_label,True,
COMrow491/unique_point,True,
COMrow491/instant_link_and_priority,True,"(1.8599604785582073, 1.8599604785582073)"
COMrow492/finite_ordered,True,
COMrow492/known_mode,True,
COMrow492/provider_count,True,
COMrow492/single_physical_phase,True,
COMrow492/phase_label,True,
COMrow492/continuous_terrain_and_distance,True,1.8599604785582073
COMrow493/finite_ordered,True,
COMrow493/known_mode,True,
COMrow493/provider_count,True,
COMrow493/single_physical_phase,True,
COMrow493/phase_label,True,
COMrow493/unique_point,True,
COMrow493/instant_link_and_priority,True,"(3.19028820897897, 3.19028820897897)"
COMrow494/finite_ordered,True,
COMrow494/known_mode,True,
COMrow494/provider_count,True,
COMrow494/single_physical_phase,True,
COMrow494/phase_label,True,
COMrow494/continuous_terrain_and_distance,True,3.1902882089789664
COMrow495/finite_ordered,True,
COMrow495/known_mode,True,
COMrow495/provider_count,True,
COMrow495/single_physical_phase,True,
COMrow495/phase_label,True,
COMrow495/unique_point,True,
COMrow495/instant_link_and_priority,True,"(18.319442125716833, 18.319442125716833)"
COMrow496/finite_ordered,True,
COMrow496/known_mode,True,
COMrow496/provider_count,True,
COMrow496/single_physical_phase,True,
COMrow496/phase_label,True,
COMrow496/continuous_terrain_and_distance,True,18.319442125716837
COMrow497/finite_ordered,True,
COMrow497/known_mode,True,
COMrow497/provider_count,True,
COMrow497/single_physical_phase,True,
COMrow497/phase_label,True,
COMrow497/unique_point,True,
COMrow497/instant_link_and_priority,True,"(18.757161170258954, 18.757161170258954)"
COMrow498/finite_ordered,True,
COMrow498/known_mode,True,
COMrow498/provider_count,True,
COMrow498/single_physical_phase,True,
COMrow498/phase_label,True,
COMrow498/continuous_terrain_and_distance,True,18.75716117025895
COMrow499/finite_ordered,True,
COMrow499/known_mode,True,
COMrow499/provider_count,True,
COMrow499/single_physical_phase,True,
COMrow499/phase_label,True,
COMrow499/unique_point,True,
COMrow499/instant_link_and_priority,True,"(18.949389180319542, 18.949389180319542)"
COMrow500/finite_ordered,True,
COMrow500/known_mode,True,
COMrow500/provider_count,True,
COMrow500/single_physical_phase,True,
COMrow500/phase_label,True,
COMrow500/continuous_terrain_and_distance,True,18.949389180319535
COMrow501/finite_ordered,True,
COMrow501/known_mode,True,
COMrow501/provider_count,True,
COMrow501/single_physical_phase,True,
COMrow501/phase_label,True,
COMrow501/unique_point,True,
COMrow501/instant_link_and_priority,True,"(22.59760342363957, 22.59760342363957)"
COMrow502/finite_ordered,True,
COMrow502/known_mode,True,
COMrow502/provider_count,True,
COMrow502/single_physical_phase,True,
COMrow502/phase_label,True,
COMrow502/continuous_terrain_and_distance,True,22.597603423639566
COMrow503/finite_ordered,True,
COMrow503/known_mode,True,
COMrow503/provider_count,True,
COMrow503/single_physical_phase,True,
COMrow503/phase_label,True,
COMrow503/unique_point,True,
COMrow503/instant_link_and_priority,True,"(35.16080841557533, 35.16080841557533)"
COMrow504/finite_ordered,True,
COMrow504/known_mode,True,
COMrow504/provider_count,True,
COMrow504/single_physical_phase,True,
COMrow504/phase_label,True,
COMrow504/continuous_terrain_and_distance,True,35.16080841557533
COMrow505/finite_ordered,True,
COMrow505/known_mode,True,
COMrow505/provider_count,True,
COMrow505/single_physical_phase,True,
COMrow505/phase_label,True,
COMrow505/unique_point,True,
COMrow505/instant_link_and_priority,True,"(45.82290764368433, 45.82290764368433)"
COMrow506/finite_ordered,True,
COMrow506/known_mode,True,
COMrow506/provider_count,True,
COMrow506/single_physical_phase,True,
COMrow506/phase_label,True,
COMrow506/continuous_terrain_and_distance,True,45.82290764368433
COMrow507/finite_ordered,True,
COMrow507/known_mode,True,
COMrow507/provider_count,True,
COMrow507/single_physical_phase,True,
COMrow507/phase_label,True,
COMrow507/unique_point,True,
COMrow507/instant_link_and_priority,True,"(50.80570620510426, 50.80570620510426)"
COMrow508/finite_ordered,True,
COMrow508/known_mode,True,
COMrow508/provider_count,True,
COMrow508/single_physical_phase,True,
COMrow508/phase_label,True,
COMrow508/continuous_terrain_and_distance,True,50.805706205104265
COMrow509/finite_ordered,True,
COMrow509/known_mode,True,
COMrow509/provider_count,True,
COMrow509/single_physical_phase,True,
COMrow509/phase_label,True,
COMrow509/unique_point,True,
COMrow509/instant_link_and_priority,True,"(60.56487003084822, 60.56487003084822)"
COMrow510/finite_ordered,True,
COMrow510/known_mode,True,
COMrow510/provider_count,True,
COMrow510/single_physical_phase,True,
COMrow510/phase_label,True,
COMrow510/continuous_terrain_and_distance,True,60.56487003084822
COMrow511/finite_ordered,True,
COMrow511/known_mode,True,
COMrow511/provider_count,True,
COMrow511/single_physical_phase,True,
COMrow511/phase_label,True,
COMrow511/unique_point,True,
COMrow511/instant_link_and_priority,True,"(63.04826031558993, 63.04826031558993)"
COMrow512/finite_ordered,True,
COMrow512/known_mode,True,
COMrow512/provider_count,True,
COMrow512/single_physical_phase,True,
COMrow512/phase_label,True,
COMrow512/continuous_terrain_and_distance,True,56.38238674364704
COMrow513/finite_ordered,True,
COMrow513/known_mode,True,
COMrow513/provider_count,True,
COMrow513/single_physical_phase,True,
COMrow513/phase_label,True,
COMrow513/unique_point,True,
COMrow513/instant_link_and_priority,True,"(56.38238674364703, 56.38238674364703)"
COMrow514/finite_ordered,True,
COMrow514/known_mode,True,
COMrow514/provider_count,True,
COMrow514/single_physical_phase,True,
COMrow514/phase_label,True,
COMrow514/continuous_terrain_and_distance,True,45.92517525248826
COMrow515/finite_ordered,True,
COMrow515/known_mode,True,
COMrow515/provider_count,True,
COMrow515/single_physical_phase,True,
COMrow515/phase_label,True,
COMrow515/unique_point,True,
COMrow515/instant_link_and_priority,True,"(45.92517525248826, 45.92517525248826)"
Q3-T-007/has_communication_spans,True,
Q3-T-007/takeoff_boundary,True,
Q3-T-007/return_boundary,True,
Q3-T-007/no_gap_or_overlap,True,
Q3-T-007/no_gap_or_overlap,True,
Q3-T-007/no_gap_or_overlap,True,
Q3-T-007/no_gap_or_overlap,True,
Q3-T-007/no_gap_or_overlap,True,
Q3-T-007/no_gap_or_overlap,True,
Q3-T-007/no_gap_or_overlap,True,
Q3-T-007/no_gap_or_overlap,True,
Q3-T-007/no_gap_or_overlap,True,
Q3-T-007/no_gap_or_overlap,True,
Q3-T-007/no_gap_or_overlap,True,
Q3-T-007/no_gap_or_overlap,True,
Q3-T-007/no_gap_or_overlap,True,
Q3-T-007/no_gap_or_overlap,True,
Q3-T-007/no_gap_or_overlap,True,
Q3-T-007/no_gap_or_overlap,True,
Q3-T-007/no_gap_or_overlap,True,
Q3-T-007/no_gap_or_overlap,True,
Q3-T-007/no_gap_or_overlap,True,
Q3-T-007/no_gap_or_overlap,True,
Q3-T-007/no_gap_or_overlap,True,
Q3-T-007/no_gap_or_overlap,True,
Q3-T-007/no_gap_or_overlap,True,
Q3-T-007/no_gap_or_overlap,True,
Q3-T-007/no_gap_or_overlap,True,
Q3-T-007/no_gap_or_overlap,True,
Q3-T-007/no_gap_or_overlap,True,
Q3-T-007/no_gap_or_overlap,True,
Q3-T-007/no_gap_or_overlap,True,
Q3-T-007/no_gap_or_overlap,True,
Q3-T-007/no_gap_or_overlap,True,
Q3-T-007/no_gap_or_overlap,True,
Q3-T-007/no_gap_or_overlap,True,
Q3-T-007/all_boundary_points_present,True,0
Q3-T-007/point_inside_mission,True,
Q3-T-007/point_inside_mission,True,
Q3-T-007/point_inside_mission,True,
Q3-T-007/point_inside_mission,True,
Q3-T-007/point_inside_mission,True,
Q3-T-007/point_inside_mission,True,
Q3-T-007/point_inside_mission,True,
Q3-T-007/point_inside_mission,True,
Q3-T-007/point_inside_mission,True,
Q3-T-007/point_inside_mission,True,
Q3-T-007/point_inside_mission,True,
Q3-T-007/point_inside_mission,True,
Q3-T-007/point_inside_mission,True,
Q3-T-007/point_inside_mission,True,
Q3-T-007/point_inside_mission,True,
Q3-T-007/point_inside_mission,True,
Q3-T-007/point_inside_mission,True,
Q3-T-007/point_inside_mission,True,
Q3-T-007/point_inside_mission,True,
Q3-T-007/point_inside_mission,True,
Q3-T-007/point_inside_mission,True,
Q3-T-007/point_inside_mission,True,
Q3-T-007/point_inside_mission,True,
Q3-T-007/point_inside_mission,True,
Q3-T-007/point_inside_mission,True,
Q3-T-007/point_inside_mission,True,
Q3-T-007/point_inside_mission,True,
Q3-T-007/point_inside_mission,True,
Q3-T-007/point_inside_mission,True,
Q3-T-007/point_inside_mission,True,
Q3-T-007/point_inside_mission,True,
Q3-T-007/point_inside_mission,True,
Q3-T-007/point_inside_mission,True,
Q3-T-007/point_inside_mission,True,
Q3-T-007/point_inside_mission,True,
COMrow516/finite_ordered,True,
COMrow516/known_mode,True,
COMrow516/provider_count,True,
COMrow516/single_physical_phase,True,
COMrow516/phase_label,True,
COMrow516/unique_point,True,
COMrow516/instant_link_and_priority,True,"(45.92517525248826, 45.92517525248826)"
COMrow517/finite_ordered,True,
COMrow517/known_mode,True,
COMrow517/provider_count,True,
COMrow517/single_physical_phase,True,
COMrow517/phase_label,True,
COMrow517/continuous_terrain_and_distance,True,45.925175252488266
COMrow518/finite_ordered,True,
COMrow518/known_mode,True,
COMrow518/provider_count,True,
COMrow518/single_physical_phase,True,
COMrow518/phase_label,True,
COMrow518/unique_point,True,
COMrow518/instant_link_and_priority,True,"(46.38238674364699, 46.38238674364699)"
COMrow519/finite_ordered,True,
COMrow519/known_mode,True,
COMrow519/provider_count,True,
COMrow519/single_physical_phase,True,
COMrow519/phase_label,True,
COMrow519/continuous_terrain_and_distance,True,56.38238674364702
COMrow520/finite_ordered,True,
COMrow520/known_mode,True,
COMrow520/provider_count,True,
COMrow520/single_physical_phase,True,
COMrow520/phase_label,True,
COMrow520/unique_point,True,
COMrow520/instant_link_and_priority,True,"(63.04826031558969, 63.04826031558969)"
COMrow521/finite_ordered,True,
COMrow521/known_mode,True,
COMrow521/provider_count,True,
COMrow521/single_physical_phase,True,
COMrow521/phase_label,True,
COMrow521/continuous_terrain_and_distance,True,60.564870030848056
COMrow522/finite_ordered,True,
COMrow522/known_mode,True,
COMrow522/provider_count,True,
COMrow522/single_physical_phase,True,
COMrow522/phase_label,True,
COMrow522/unique_point,True,
COMrow522/instant_link_and_priority,True,"(60.564870030848056, 60.564870030848056)"
COMrow523/finite_ordered,True,
COMrow523/known_mode,True,
COMrow523/provider_count,True,
COMrow523/single_physical_phase,True,
COMrow523/phase_label,True,
COMrow523/continuous_terrain_and_distance,True,50.80570620510426
COMrow524/finite_ordered,True,
COMrow524/known_mode,True,
COMrow524/provider_count,True,
COMrow524/single_physical_phase,True,
COMrow524/phase_label,True,
COMrow524/unique_point,True,
COMrow524/instant_link_and_priority,True,"(50.80570620510426, 50.80570620510426)"
COMrow525/finite_ordered,True,
COMrow525/known_mode,True,
COMrow525/provider_count,True,
COMrow525/single_physical_phase,True,
COMrow525/phase_label,True,
COMrow525/continuous_terrain_and_distance,True,45.82290764368432
COMrow526/finite_ordered,True,
COMrow526/known_mode,True,
COMrow526/provider_count,True,
COMrow526/single_physical_phase,True,
COMrow526/phase_label,True,
COMrow526/unique_point,True,
COMrow526/instant_link_and_priority,True,"(45.82290764368432, 45.82290764368432)"
COMrow527/finite_ordered,True,
COMrow527/known_mode,True,
COMrow527/provider_count,True,
COMrow527/single_physical_phase,True,
COMrow527/phase_label,True,
COMrow527/continuous_terrain_and_distance,True,39.982830377148545
COMrow528/finite_ordered,True,
COMrow528/known_mode,True,
COMrow528/provider_count,True,
COMrow528/single_physical_phase,True,
COMrow528/phase_label,True,
COMrow528/unique_point,True,
COMrow528/instant_link_and_priority,True,"(39.982830377148545, 39.982830377148545)"
COMrow529/finite_ordered,True,
COMrow529/known_mode,True,
COMrow529/provider_count,True,
COMrow529/single_physical_phase,True,
COMrow529/phase_label,True,
COMrow529/continuous_terrain_and_distance,True,17.79550583936357
COMrow530/finite_ordered,True,
COMrow530/known_mode,True,
COMrow530/provider_count,True,
COMrow530/single_physical_phase,True,
COMrow530/phase_label,True,
COMrow530/unique_point,True,
COMrow530/instant_link_and_priority,True,"(17.79550583936357, 17.79550583936357)"
COMrow531/finite_ordered,True,
COMrow531/known_mode,True,
COMrow531/provider_count,True,
COMrow531/single_physical_phase,True,
COMrow531/phase_label,True,
COMrow531/continuous_terrain_and_distance,True,4.918777094567158
COMrow532/finite_ordered,True,
COMrow532/known_mode,True,
COMrow532/provider_count,True,
COMrow532/single_physical_phase,True,
COMrow532/phase_label,True,
COMrow532/unique_point,True,
COMrow532/instant_link_and_priority,True,"(4.918777094567162, 4.918777094567162)"
COMrow533/finite_ordered,True,
COMrow533/known_mode,True,
COMrow533/provider_count,True,
COMrow533/single_physical_phase,True,
COMrow533/phase_label,True,
COMrow533/continuous_terrain_and_distance,True,4.365419094587921
COMrow534/finite_ordered,True,
COMrow534/known_mode,True,
COMrow534/provider_count,True,
COMrow534/single_physical_phase,True,
COMrow534/phase_label,True,
COMrow534/unique_point,True,
COMrow534/instant_link_and_priority,True,"(4.365419094587921, 4.365419094587921)"
COMrow535/finite_ordered,True,
COMrow535/known_mode,True,
COMrow535/provider_count,True,
COMrow535/single_physical_phase,True,
COMrow535/phase_label,True,
COMrow535/continuous_terrain_and_distance,True,3.477406786282854
COMrow536/finite_ordered,True,
COMrow536/known_mode,True,
COMrow536/provider_count,True,
COMrow536/single_physical_phase,True,
COMrow536/phase_label,True,
COMrow536/unique_point,True,
COMrow536/instant_link_and_priority,True,"(3.477406786282856, 3.477406786282856)"
COMrow537/finite_ordered,True,
COMrow537/known_mode,True,
COMrow537/provider_count,True,
COMrow537/single_physical_phase,True,
COMrow537/phase_label,True,
COMrow537/continuous_terrain_and_distance,True,2.2410165102830195
COMrow538/finite_ordered,True,
COMrow538/known_mode,True,
COMrow538/provider_count,True,
COMrow538/single_physical_phase,True,
COMrow538/phase_label,True,
COMrow538/unique_point,True,
COMrow538/instant_link_and_priority,True,"(2.2410165102830177, 2.2410165102830177)"
COMrow539/finite_ordered,True,
COMrow539/known_mode,True,
COMrow539/provider_count,True,
COMrow539/single_physical_phase,True,
COMrow539/phase_label,True,
COMrow539/continuous_terrain_and_distance,True,2.2410165102830195
COMrow540/finite_ordered,True,
COMrow540/known_mode,True,
COMrow540/provider_count,True,
COMrow540/single_physical_phase,True,
COMrow540/phase_label,True,
COMrow540/unique_point,True,
COMrow540/instant_link_and_priority,True,"(2.24550206446699, 2.24550206446699)"
COMrow541/finite_ordered,True,
COMrow541/known_mode,True,
COMrow541/provider_count,True,
COMrow541/single_physical_phase,True,
COMrow541/phase_label,True,
COMrow541/continuous_terrain_and_distance,True,2.245502064466983
COMrow542/finite_ordered,True,
COMrow542/known_mode,True,
COMrow542/provider_count,True,
COMrow542/single_physical_phase,True,
COMrow542/phase_label,True,
COMrow542/unique_point,True,
COMrow542/instant_link_and_priority,True,"(2.2465553185876814, 2.2465553185876814)"
COMrow543/finite_ordered,True,
COMrow543/known_mode,True,
COMrow543/provider_count,True,
COMrow543/single_physical_phase,True,
COMrow543/phase_label,True,
COMrow543/continuous_terrain_and_distance,True,2.246555318587685
COMrow544/finite_ordered,True,
COMrow544/known_mode,True,
COMrow544/provider_count,True,
COMrow544/single_physical_phase,True,
COMrow544/phase_label,True,
COMrow544/unique_point,True,
COMrow544/instant_link_and_priority,True,"(2.2473088722119314, 2.2473088722119314)"
COMrow545/finite_ordered,True,
COMrow545/known_mode,True,
COMrow545/provider_count,True,
COMrow545/single_physical_phase,True,
COMrow545/phase_label,True,
COMrow545/continuous_terrain_and_distance,True,2.2473088722119297
COMrow546/finite_ordered,True,
COMrow546/known_mode,True,
COMrow546/provider_count,True,
COMrow546/single_physical_phase,True,
COMrow546/phase_label,True,
COMrow546/unique_point,True,
COMrow546/instant_link_and_priority,True,"(2.2475814025186764, 2.2475814025186764)"
COMrow547/finite_ordered,True,
COMrow547/known_mode,True,
COMrow547/provider_count,True,
COMrow547/single_physical_phase,True,
COMrow547/phase_label,True,
COMrow547/continuous_terrain_and_distance,True,2.247581402518678
COMrow548/finite_ordered,True,
COMrow548/known_mode,True,
COMrow548/provider_count,True,
COMrow548/single_physical_phase,True,
COMrow548/phase_label,True,
COMrow548/unique_point,True,
COMrow548/instant_link_and_priority,True,"(2.24771385877267, 2.24771385877267)"
COMrow549/finite_ordered,True,
COMrow549/known_mode,True,
COMrow549/provider_count,True,
COMrow549/single_physical_phase,True,
COMrow549/phase_label,True,
COMrow549/continuous_terrain_and_distance,True,2.24771385877267
COMrow550/finite_ordered,True,
COMrow550/known_mode,True,
COMrow550/provider_count,True,
COMrow550/single_physical_phase,True,
COMrow550/phase_label,True,
COMrow550/unique_point,True,
COMrow550/instant_link_and_priority,True,"(2.24771385877267, 2.24771385877267)"
COMrow551/finite_ordered,True,
COMrow551/known_mode,True,
COMrow551/provider_count,True,
COMrow551/single_physical_phase,True,
COMrow551/phase_label,True,
COMrow551/continuous_terrain_and_distance,True,2.24771385877267
COMrow552/finite_ordered,True,
COMrow552/known_mode,True,
COMrow552/provider_count,True,
COMrow552/single_physical_phase,True,
COMrow552/phase_label,True,
COMrow552/unique_point,True,
COMrow552/instant_link_and_priority,True,"(2.24771385877267, 2.24771385877267)"
COMrow553/finite_ordered,True,
COMrow553/known_mode,True,
COMrow553/provider_count,True,
COMrow553/single_physical_phase,True,
COMrow553/phase_label,True,
COMrow553/continuous_terrain_and_distance,True,2.247581402518678
COMrow554/finite_ordered,True,
COMrow554/known_mode,True,
COMrow554/provider_count,True,
COMrow554/single_physical_phase,True,
COMrow554/phase_label,True,
COMrow554/unique_point,True,
COMrow554/instant_link_and_priority,True,"(2.2475814025186764, 2.2475814025186764)"
COMrow555/finite_ordered,True,
COMrow555/known_mode,True,
COMrow555/provider_count,True,
COMrow555/single_physical_phase,True,
COMrow555/phase_label,True,
COMrow555/continuous_terrain_and_distance,True,2.2473088722119297
COMrow556/finite_ordered,True,
COMrow556/known_mode,True,
COMrow556/provider_count,True,
COMrow556/single_physical_phase,True,
COMrow556/phase_label,True,
COMrow556/unique_point,True,
COMrow556/instant_link_and_priority,True,"(2.2473088722119314, 2.2473088722119314)"
COMrow557/finite_ordered,True,
COMrow557/known_mode,True,
COMrow557/provider_count,True,
COMrow557/single_physical_phase,True,
COMrow557/phase_label,True,
COMrow557/continuous_terrain_and_distance,True,2.246555318587685
COMrow558/finite_ordered,True,
COMrow558/known_mode,True,
COMrow558/provider_count,True,
COMrow558/single_physical_phase,True,
COMrow558/phase_label,True,
COMrow558/unique_point,True,
COMrow558/instant_link_and_priority,True,"(2.2465553185876814, 2.2465553185876814)"
COMrow559/finite_ordered,True,
COMrow559/known_mode,True,
COMrow559/provider_count,True,
COMrow559/single_physical_phase,True,
COMrow559/phase_label,True,
COMrow559/continuous_terrain_and_distance,True,2.2410165102830195
COMrow560/finite_ordered,True,
COMrow560/known_mode,True,
COMrow560/provider_count,True,
COMrow560/single_physical_phase,True,
COMrow560/phase_label,True,
COMrow560/unique_point,True,
COMrow560/instant_link_and_priority,True,"(2.2410165102830177, 2.2410165102830177)"
COMrow561/finite_ordered,True,
COMrow561/known_mode,True,
COMrow561/provider_count,True,
COMrow561/single_physical_phase,True,
COMrow561/phase_label,True,
COMrow561/continuous_terrain_and_distance,True,2.2410165102830195
COMrow562/finite_ordered,True,
COMrow562/known_mode,True,
COMrow562/provider_count,True,
COMrow562/single_physical_phase,True,
COMrow562/phase_label,True,
COMrow562/unique_point,True,
COMrow562/instant_link_and_priority,True,"(4.365419094587921, 4.365419094587921)"
COMrow563/finite_ordered,True,
COMrow563/known_mode,True,
COMrow563/provider_count,True,
COMrow563/single_physical_phase,True,
COMrow563/phase_label,True,
COMrow563/continuous_terrain_and_distance,True,4.365419094587921
COMrow564/finite_ordered,True,
COMrow564/known_mode,True,
COMrow564/provider_count,True,
COMrow564/single_physical_phase,True,
COMrow564/phase_label,True,
COMrow564/unique_point,True,
COMrow564/instant_link_and_priority,True,"(4.918777094567162, 4.918777094567162)"
COMrow565/finite_ordered,True,
COMrow565/known_mode,True,
COMrow565/provider_count,True,
COMrow565/single_physical_phase,True,
COMrow565/phase_label,True,
COMrow565/continuous_terrain_and_distance,True,4.918777094567158
COMrow566/finite_ordered,True,
COMrow566/known_mode,True,
COMrow566/provider_count,True,
COMrow566/single_physical_phase,True,
COMrow566/phase_label,True,
COMrow566/unique_point,True,
COMrow566/instant_link_and_priority,True,"(17.79550583936357, 17.79550583936357)"
COMrow567/finite_ordered,True,
COMrow567/known_mode,True,
COMrow567/provider_count,True,
COMrow567/single_physical_phase,True,
COMrow567/phase_label,True,
COMrow567/continuous_terrain_and_distance,True,17.79550583936357
COMrow568/finite_ordered,True,
COMrow568/known_mode,True,
COMrow568/provider_count,True,
COMrow568/single_physical_phase,True,
COMrow568/phase_label,True,
COMrow568/unique_point,True,
COMrow568/instant_link_and_priority,True,"(39.982830377148545, 39.982830377148545)"
COMrow569/finite_ordered,True,
COMrow569/known_mode,True,
COMrow569/provider_count,True,
COMrow569/single_physical_phase,True,
COMrow569/phase_label,True,
COMrow569/continuous_terrain_and_distance,True,39.982830377148545
COMrow570/finite_ordered,True,
COMrow570/known_mode,True,
COMrow570/provider_count,True,
COMrow570/single_physical_phase,True,
COMrow570/phase_label,True,
COMrow570/unique_point,True,
COMrow570/instant_link_and_priority,True,"(45.82290764368433, 45.82290764368433)"
COMrow571/finite_ordered,True,
COMrow571/known_mode,True,
COMrow571/provider_count,True,
COMrow571/single_physical_phase,True,
COMrow571/phase_label,True,
COMrow571/continuous_terrain_and_distance,True,45.82290764368433
COMrow572/finite_ordered,True,
COMrow572/known_mode,True,
COMrow572/provider_count,True,
COMrow572/single_physical_phase,True,
COMrow572/phase_label,True,
COMrow572/unique_point,True,
COMrow572/instant_link_and_priority,True,"(50.80570620510427, 50.80570620510427)"
COMrow573/finite_ordered,True,
COMrow573/known_mode,True,
COMrow573/provider_count,True,
COMrow573/single_physical_phase,True,
COMrow573/phase_label,True,
COMrow573/continuous_terrain_and_distance,True,50.80570620510427
COMrow574/finite_ordered,True,
COMrow574/known_mode,True,
COMrow574/provider_count,True,
COMrow574/single_physical_phase,True,
COMrow574/phase_label,True,
COMrow574/unique_point,True,
COMrow574/instant_link_and_priority,True,"(60.56487003084824, 60.56487003084824)"
COMrow575/finite_ordered,True,
COMrow575/known_mode,True,
COMrow575/provider_count,True,
COMrow575/single_physical_phase,True,
COMrow575/phase_label,True,
COMrow575/continuous_terrain_and_distance,True,60.56487003084824
COMrow576/finite_ordered,True,
COMrow576/known_mode,True,
COMrow576/provider_count,True,
COMrow576/single_physical_phase,True,
COMrow576/phase_label,True,
COMrow576/unique_point,True,
COMrow576/instant_link_and_priority,True,"(63.04826031558993, 63.04826031558993)"
COMrow577/finite_ordered,True,
COMrow577/known_mode,True,
COMrow577/provider_count,True,
COMrow577/single_physical_phase,True,
COMrow577/phase_label,True,
COMrow577/continuous_terrain_and_distance,True,56.38238674364704
COMrow578/finite_ordered,True,
COMrow578/known_mode,True,
COMrow578/provider_count,True,
COMrow578/single_physical_phase,True,
COMrow578/phase_label,True,
COMrow578/unique_point,True,
COMrow578/instant_link_and_priority,True,"(56.38238674364703, 56.38238674364703)"
COMrow579/finite_ordered,True,
COMrow579/known_mode,True,
COMrow579/provider_count,True,
COMrow579/single_physical_phase,True,
COMrow579/phase_label,True,
COMrow579/continuous_terrain_and_distance,True,45.92517525248826
COMrow580/finite_ordered,True,
COMrow580/known_mode,True,
COMrow580/provider_count,True,
COMrow580/single_physical_phase,True,
COMrow580/phase_label,True,
COMrow580/unique_point,True,
COMrow580/instant_link_and_priority,True,"(45.92517525248826, 45.92517525248826)"
Q3-T-008/has_communication_spans,True,
Q3-T-008/takeoff_boundary,True,
Q3-T-008/return_boundary,True,
Q3-T-008/no_gap_or_overlap,True,
Q3-T-008/no_gap_or_overlap,True,
Q3-T-008/no_gap_or_overlap,True,
Q3-T-008/no_gap_or_overlap,True,
Q3-T-008/no_gap_or_overlap,True,
Q3-T-008/no_gap_or_overlap,True,
Q3-T-008/no_gap_or_overlap,True,
Q3-T-008/no_gap_or_overlap,True,
Q3-T-008/no_gap_or_overlap,True,
Q3-T-008/no_gap_or_overlap,True,
Q3-T-008/no_gap_or_overlap,True,
Q3-T-008/no_gap_or_overlap,True,
Q3-T-008/no_gap_or_overlap,True,
Q3-T-008/no_gap_or_overlap,True,
Q3-T-008/no_gap_or_overlap,True,
Q3-T-008/no_gap_or_overlap,True,
Q3-T-008/no_gap_or_overlap,True,
Q3-T-008/no_gap_or_overlap,True,
Q3-T-008/no_gap_or_overlap,True,
Q3-T-008/no_gap_or_overlap,True,
Q3-T-008/no_gap_or_overlap,True,
Q3-T-008/no_gap_or_overlap,True,
Q3-T-008/no_gap_or_overlap,True,
Q3-T-008/no_gap_or_overlap,True,
Q3-T-008/no_gap_or_overlap,True,
Q3-T-008/no_gap_or_overlap,True,
Q3-T-008/no_gap_or_overlap,True,
Q3-T-008/no_gap_or_overlap,True,
Q3-T-008/no_gap_or_overlap,True,
Q3-T-008/no_gap_or_overlap,True,
Q3-T-008/no_gap_or_overlap,True,
Q3-T-008/all_boundary_points_present,True,0
Q3-T-008/point_inside_mission,True,
Q3-T-008/point_inside_mission,True,
Q3-T-008/point_inside_mission,True,
Q3-T-008/point_inside_mission,True,
Q3-T-008/point_inside_mission,True,
Q3-T-008/point_inside_mission,True,
Q3-T-008/point_inside_mission,True,
Q3-T-008/point_inside_mission,True,
Q3-T-008/point_inside_mission,True,
Q3-T-008/point_inside_mission,True,
Q3-T-008/point_inside_mission,True,
Q3-T-008/point_inside_mission,True,
Q3-T-008/point_inside_mission,True,
Q3-T-008/point_inside_mission,True,
Q3-T-008/point_inside_mission,True,
Q3-T-008/point_inside_mission,True,
Q3-T-008/point_inside_mission,True,
Q3-T-008/point_inside_mission,True,
Q3-T-008/point_inside_mission,True,
Q3-T-008/point_inside_mission,True,
Q3-T-008/point_inside_mission,True,
Q3-T-008/point_inside_mission,True,
Q3-T-008/point_inside_mission,True,
Q3-T-008/point_inside_mission,True,
Q3-T-008/point_inside_mission,True,
Q3-T-008/point_inside_mission,True,
Q3-T-008/point_inside_mission,True,
Q3-T-008/point_inside_mission,True,
Q3-T-008/point_inside_mission,True,
Q3-T-008/point_inside_mission,True,
Q3-T-008/point_inside_mission,True,
Q3-T-008/point_inside_mission,True,
Q3-T-008/point_inside_mission,True,
COMrow581/finite_ordered,True,
COMrow581/known_mode,True,
COMrow581/provider_count,True,
COMrow581/single_physical_phase,True,
COMrow581/phase_label,True,
COMrow581/unique_point,True,
COMrow581/instant_link_and_priority,True,"(45.92517525248826, 45.92517525248826)"
COMrow582/finite_ordered,True,
COMrow582/known_mode,True,
COMrow582/provider_count,True,
COMrow582/single_physical_phase,True,
COMrow582/phase_label,True,
COMrow582/continuous_terrain_and_distance,True,45.925175252488266
COMrow583/finite_ordered,True,
COMrow583/known_mode,True,
COMrow583/provider_count,True,
COMrow583/single_physical_phase,True,
COMrow583/phase_label,True,
COMrow583/unique_point,True,
COMrow583/instant_link_and_priority,True,"(46.38238674364695, 46.38238674364695)"
COMrow584/finite_ordered,True,
COMrow584/known_mode,True,
COMrow584/provider_count,True,
COMrow584/single_physical_phase,True,
COMrow584/phase_label,True,
COMrow584/continuous_terrain_and_distance,True,56.38238674364702
COMrow585/finite_ordered,True,
COMrow585/known_mode,True,
COMrow585/provider_count,True,
COMrow585/single_physical_phase,True,
COMrow585/phase_label,True,
COMrow585/unique_point,True,
COMrow585/instant_link_and_priority,True,"(63.04826031558985, 63.04826031558985)"
COMrow586/finite_ordered,True,
COMrow586/known_mode,True,
COMrow586/provider_count,True,
COMrow586/single_physical_phase,True,
COMrow586/phase_label,True,
COMrow586/continuous_terrain_and_distance,True,60.564870030848155
COMrow587/finite_ordered,True,
COMrow587/known_mode,True,
COMrow587/provider_count,True,
COMrow587/single_physical_phase,True,
COMrow587/phase_label,True,
COMrow587/unique_point,True,
COMrow587/instant_link_and_priority,True,"(60.564870030848155, 60.564870030848155)"
COMrow588/finite_ordered,True,
COMrow588/known_mode,True,
COMrow588/provider_count,True,
COMrow588/single_physical_phase,True,
COMrow588/phase_label,True,
COMrow588/continuous_terrain_and_distance,True,50.80570620510423
COMrow589/finite_ordered,True,
COMrow589/known_mode,True,
COMrow589/provider_count,True,
COMrow589/single_physical_phase,True,
COMrow589/phase_label,True,
COMrow589/unique_point,True,
COMrow589/instant_link_and_priority,True,"(50.80570620510423, 50.80570620510423)"
COMrow590/finite_ordered,True,
COMrow590/known_mode,True,
COMrow590/provider_count,True,
COMrow590/single_physical_phase,True,
COMrow590/phase_label,True,
COMrow590/continuous_terrain_and_distance,True,45.822907643684296
COMrow591/finite_ordered,True,
COMrow591/known_mode,True,
COMrow591/provider_count,True,
COMrow591/single_physical_phase,True,
COMrow591/phase_label,True,
COMrow591/unique_point,True,
COMrow591/instant_link_and_priority,True,"(45.82290764368429, 45.82290764368429)"
COMrow592/finite_ordered,True,
COMrow592/known_mode,True,
COMrow592/provider_count,True,
COMrow592/single_physical_phase,True,
COMrow592/phase_label,True,
COMrow592/continuous_terrain_and_distance,True,39.982830377148545
COMrow593/finite_ordered,True,
COMrow593/known_mode,True,
COMrow593/provider_count,True,
COMrow593/single_physical_phase,True,
COMrow593/phase_label,True,
COMrow593/unique_point,True,
COMrow593/instant_link_and_priority,True,"(39.982830377148545, 39.982830377148545)"
COMrow594/finite_ordered,True,
COMrow594/known_mode,True,
COMrow594/provider_count,True,
COMrow594/single_physical_phase,True,
COMrow594/phase_label,True,
COMrow594/continuous_terrain_and_distance,True,17.79550583936357
COMrow595/finite_ordered,True,
COMrow595/known_mode,True,
COMrow595/provider_count,True,
COMrow595/single_physical_phase,True,
COMrow595/phase_label,True,
COMrow595/unique_point,True,
COMrow595/instant_link_and_priority,True,"(17.79550583936357, 17.79550583936357)"
COMrow596/finite_ordered,True,
COMrow596/known_mode,True,
COMrow596/provider_count,True,
COMrow596/single_physical_phase,True,
COMrow596/phase_label,True,
COMrow596/continuous_terrain_and_distance,True,4.918777094567158
COMrow597/finite_ordered,True,
COMrow597/known_mode,True,
COMrow597/provider_count,True,
COMrow597/single_physical_phase,True,
COMrow597/phase_label,True,
COMrow597/unique_point,True,
COMrow597/instant_link_and_priority,True,"(4.918777094567162, 4.918777094567162)"
COMrow598/finite_ordered,True,
COMrow598/known_mode,True,
COMrow598/provider_count,True,
COMrow598/single_physical_phase,True,
COMrow598/phase_label,True,
COMrow598/continuous_terrain_and_distance,True,4.365419094587921
COMrow599/finite_ordered,True,
COMrow599/known_mode,True,
COMrow599/provider_count,True,
COMrow599/single_physical_phase,True,
COMrow599/phase_label,True,
COMrow599/unique_point,True,
COMrow599/instant_link_and_priority,True,"(4.365419094587921, 4.365419094587921)"
COMrow600/finite_ordered,True,
COMrow600/known_mode,True,
COMrow600/provider_count,True,
COMrow600/single_physical_phase,True,
COMrow600/phase_label,True,
COMrow600/continuous_terrain_and_distance,True,2.2410165102830195
COMrow601/finite_ordered,True,
COMrow601/known_mode,True,
COMrow601/provider_count,True,
COMrow601/single_physical_phase,True,
COMrow601/phase_label,True,
COMrow601/unique_point,True,
COMrow601/instant_link_and_priority,True,"(2.2410165102830177, 2.2410165102830177)"
COMrow602/finite_ordered,True,
COMrow602/known_mode,True,
COMrow602/provider_count,True,
COMrow602/single_physical_phase,True,
COMrow602/phase_label,True,
COMrow602/continuous_terrain_and_distance,True,2.2410165102830195
COMrow603/finite_ordered,True,
COMrow603/known_mode,True,
COMrow603/provider_count,True,
COMrow603/single_physical_phase,True,
COMrow603/phase_label,True,
COMrow603/unique_point,True,
COMrow603/instant_link_and_priority,True,"(2.2465553185876814, 2.2465553185876814)"
COMrow604/finite_ordered,True,
COMrow604/known_mode,True,
COMrow604/provider_count,True,
COMrow604/single_physical_phase,True,
COMrow604/phase_label,True,
COMrow604/continuous_terrain_and_distance,True,2.246555318587685
COMrow605/finite_ordered,True,
COMrow605/known_mode,True,
COMrow605/provider_count,True,
COMrow605/single_physical_phase,True,
COMrow605/phase_label,True,
COMrow605/unique_point,True,
COMrow605/instant_link_and_priority,True,"(2.2473088722119314, 2.2473088722119314)"
COMrow606/finite_ordered,True,
COMrow606/known_mode,True,
COMrow606/provider_count,True,
COMrow606/single_physical_phase,True,
COMrow606/phase_label,True,
COMrow606/continuous_terrain_and_distance,True,2.2473088722119297
COMrow607/finite_ordered,True,
COMrow607/known_mode,True,
COMrow607/provider_count,True,
COMrow607/single_physical_phase,True,
COMrow607/phase_label,True,
COMrow607/unique_point,True,
COMrow607/instant_link_and_priority,True,"(2.2475814025186764, 2.2475814025186764)"
COMrow608/finite_ordered,True,
COMrow608/known_mode,True,
COMrow608/provider_count,True,
COMrow608/single_physical_phase,True,
COMrow608/phase_label,True,
COMrow608/continuous_terrain_and_distance,True,2.247581402518678
COMrow609/finite_ordered,True,
COMrow609/known_mode,True,
COMrow609/provider_count,True,
COMrow609/single_physical_phase,True,
COMrow609/phase_label,True,
COMrow609/unique_point,True,
COMrow609/instant_link_and_priority,True,"(2.24771385877267, 2.24771385877267)"
COMrow610/finite_ordered,True,
COMrow610/known_mode,True,
COMrow610/provider_count,True,
COMrow610/single_physical_phase,True,
COMrow610/phase_label,True,
COMrow610/continuous_terrain_and_distance,True,2.24771385877267
COMrow611/finite_ordered,True,
COMrow611/known_mode,True,
COMrow611/provider_count,True,
COMrow611/single_physical_phase,True,
COMrow611/phase_label,True,
COMrow611/unique_point,True,
COMrow611/instant_link_and_priority,True,"(2.24771385877267, 2.24771385877267)"
COMrow612/finite_ordered,True,
COMrow612/known_mode,True,
COMrow612/provider_count,True,
COMrow612/single_physical_phase,True,
COMrow612/phase_label,True,
COMrow612/continuous_terrain_and_distance,True,2.247581402518678
COMrow613/finite_ordered,True,
COMrow613/known_mode,True,
COMrow613/provider_count,True,
COMrow613/single_physical_phase,True,
COMrow613/phase_label,True,
COMrow613/unique_point,True,
COMrow613/instant_link_and_priority,True,"(2.2475814025186764, 2.2475814025186764)"
COMrow614/finite_ordered,True,
COMrow614/known_mode,True,
COMrow614/provider_count,True,
COMrow614/single_physical_phase,True,
COMrow614/phase_label,True,
COMrow614/continuous_terrain_and_distance,True,2.2473088722119297
COMrow615/finite_ordered,True,
COMrow615/known_mode,True,
COMrow615/provider_count,True,
COMrow615/single_physical_phase,True,
COMrow615/phase_label,True,
COMrow615/unique_point,True,
COMrow615/instant_link_and_priority,True,"(2.2473088722119314, 2.2473088722119314)"
COMrow616/finite_ordered,True,
COMrow616/known_mode,True,
COMrow616/provider_count,True,
COMrow616/single_physical_phase,True,
COMrow616/phase_label,True,
COMrow616/continuous_terrain_and_distance,True,2.246555318587685
COMrow617/finite_ordered,True,
COMrow617/known_mode,True,
COMrow617/provider_count,True,
COMrow617/single_physical_phase,True,
COMrow617/phase_label,True,
COMrow617/unique_point,True,
COMrow617/instant_link_and_priority,True,"(2.2465553185876814, 2.2465553185876814)"
COMrow618/finite_ordered,True,
COMrow618/known_mode,True,
COMrow618/provider_count,True,
COMrow618/single_physical_phase,True,
COMrow618/phase_label,True,
COMrow618/continuous_terrain_and_distance,True,2.2410165102830195
COMrow619/finite_ordered,True,
COMrow619/known_mode,True,
COMrow619/provider_count,True,
COMrow619/single_physical_phase,True,
COMrow619/phase_label,True,
COMrow619/unique_point,True,
COMrow619/instant_link_and_priority,True,"(2.2410165102830177, 2.2410165102830177)"
COMrow620/finite_ordered,True,
COMrow620/known_mode,True,
COMrow620/provider_count,True,
COMrow620/single_physical_phase,True,
COMrow620/phase_label,True,
COMrow620/continuous_terrain_and_distance,True,2.2410165102830195
COMrow621/finite_ordered,True,
COMrow621/known_mode,True,
COMrow621/provider_count,True,
COMrow621/single_physical_phase,True,
COMrow621/phase_label,True,
COMrow621/unique_point,True,
COMrow621/instant_link_and_priority,True,"(4.365419094587921, 4.365419094587921)"
COMrow622/finite_ordered,True,
COMrow622/known_mode,True,
COMrow622/provider_count,True,
COMrow622/single_physical_phase,True,
COMrow622/phase_label,True,
COMrow622/continuous_terrain_and_distance,True,4.365419094587921
COMrow623/finite_ordered,True,
COMrow623/known_mode,True,
COMrow623/provider_count,True,
COMrow623/single_physical_phase,True,
COMrow623/phase_label,True,
COMrow623/unique_point,True,
COMrow623/instant_link_and_priority,True,"(4.918777094567162, 4.918777094567162)"
COMrow624/finite_ordered,True,
COMrow624/known_mode,True,
COMrow624/provider_count,True,
COMrow624/single_physical_phase,True,
COMrow624/phase_label,True,
COMrow624/continuous_terrain_and_distance,True,4.918777094567158
COMrow625/finite_ordered,True,
COMrow625/known_mode,True,
COMrow625/provider_count,True,
COMrow625/single_physical_phase,True,
COMrow625/phase_label,True,
COMrow625/unique_point,True,
COMrow625/instant_link_and_priority,True,"(17.79550583936357, 17.79550583936357)"
COMrow626/finite_ordered,True,
COMrow626/known_mode,True,
COMrow626/provider_count,True,
COMrow626/single_physical_phase,True,
COMrow626/phase_label,True,
COMrow626/continuous_terrain_and_distance,True,17.79550583936357
COMrow627/finite_ordered,True,
COMrow627/known_mode,True,
COMrow627/provider_count,True,
COMrow627/single_physical_phase,True,
COMrow627/phase_label,True,
COMrow627/unique_point,True,
COMrow627/instant_link_and_priority,True,"(39.982830377148545, 39.982830377148545)"
COMrow628/finite_ordered,True,
COMrow628/known_mode,True,
COMrow628/provider_count,True,
COMrow628/single_physical_phase,True,
COMrow628/phase_label,True,
COMrow628/continuous_terrain_and_distance,True,39.982830377148545
COMrow629/finite_ordered,True,
COMrow629/known_mode,True,
COMrow629/provider_count,True,
COMrow629/single_physical_phase,True,
COMrow629/phase_label,True,
COMrow629/unique_point,True,
COMrow629/instant_link_and_priority,True,"(45.82290764368433, 45.82290764368433)"
COMrow630/finite_ordered,True,
COMrow630/known_mode,True,
COMrow630/provider_count,True,
COMrow630/single_physical_phase,True,
COMrow630/phase_label,True,
COMrow630/continuous_terrain_and_distance,True,45.82290764368433
COMrow631/finite_ordered,True,
COMrow631/known_mode,True,
COMrow631/provider_count,True,
COMrow631/single_physical_phase,True,
COMrow631/phase_label,True,
COMrow631/unique_point,True,
COMrow631/instant_link_and_priority,True,"(50.80570620510423, 50.80570620510423)"
COMrow632/finite_ordered,True,
COMrow632/known_mode,True,
COMrow632/provider_count,True,
COMrow632/single_physical_phase,True,
COMrow632/phase_label,True,
COMrow632/continuous_terrain_and_distance,True,50.80570620510423
COMrow633/finite_ordered,True,
COMrow633/known_mode,True,
COMrow633/provider_count,True,
COMrow633/single_physical_phase,True,
COMrow633/phase_label,True,
COMrow633/unique_point,True,
COMrow633/instant_link_and_priority,True,"(60.56487003084801, 60.56487003084801)"
COMrow634/finite_ordered,True,
COMrow634/known_mode,True,
COMrow634/provider_count,True,
COMrow634/single_physical_phase,True,
COMrow634/phase_label,True,
COMrow634/continuous_terrain_and_distance,True,60.56487003084801
COMrow635/finite_ordered,True,
COMrow635/known_mode,True,
COMrow635/provider_count,True,
COMrow635/single_physical_phase,True,
COMrow635/phase_label,True,
COMrow635/unique_point,True,
COMrow635/instant_link_and_priority,True,"(63.04826031558963, 63.04826031558963)"
COMrow636/finite_ordered,True,
COMrow636/known_mode,True,
COMrow636/provider_count,True,
COMrow636/single_physical_phase,True,
COMrow636/phase_label,True,
COMrow636/continuous_terrain_and_distance,True,56.38238674364725
COMrow637/finite_ordered,True,
COMrow637/known_mode,True,
COMrow637/provider_count,True,
COMrow637/single_physical_phase,True,
COMrow637/phase_label,True,
COMrow637/unique_point,True,
COMrow637/instant_link_and_priority,True,"(56.38238674364726, 56.38238674364726)"
COMrow638/finite_ordered,True,
COMrow638/known_mode,True,
COMrow638/provider_count,True,
COMrow638/single_physical_phase,True,
COMrow638/phase_label,True,
COMrow638/continuous_terrain_and_distance,True,45.92517525248826
COMrow639/finite_ordered,True,
COMrow639/known_mode,True,
COMrow639/provider_count,True,
COMrow639/single_physical_phase,True,
COMrow639/phase_label,True,
COMrow639/unique_point,True,
COMrow639/instant_link_and_priority,True,"(45.92517525248826, 45.92517525248826)"
Q3-T-009/has_communication_spans,True,
Q3-T-009/takeoff_boundary,True,
Q3-T-009/return_boundary,True,
Q3-T-009/no_gap_or_overlap,True,
Q3-T-009/no_gap_or_overlap,True,
Q3-T-009/no_gap_or_overlap,True,
Q3-T-009/no_gap_or_overlap,True,
Q3-T-009/no_gap_or_overlap,True,
Q3-T-009/no_gap_or_overlap,True,
Q3-T-009/no_gap_or_overlap,True,
Q3-T-009/no_gap_or_overlap,True,
Q3-T-009/no_gap_or_overlap,True,
Q3-T-009/no_gap_or_overlap,True,
Q3-T-009/no_gap_or_overlap,True,
Q3-T-009/no_gap_or_overlap,True,
Q3-T-009/no_gap_or_overlap,True,
Q3-T-009/no_gap_or_overlap,True,
Q3-T-009/no_gap_or_overlap,True,
Q3-T-009/no_gap_or_overlap,True,
Q3-T-009/no_gap_or_overlap,True,
Q3-T-009/no_gap_or_overlap,True,
Q3-T-009/no_gap_or_overlap,True,
Q3-T-009/no_gap_or_overlap,True,
Q3-T-009/no_gap_or_overlap,True,
Q3-T-009/no_gap_or_overlap,True,
Q3-T-009/no_gap_or_overlap,True,
Q3-T-009/no_gap_or_overlap,True,
Q3-T-009/no_gap_or_overlap,True,
Q3-T-009/no_gap_or_overlap,True,
Q3-T-009/no_gap_or_overlap,True,
Q3-T-009/no_gap_or_overlap,True,
Q3-T-009/all_boundary_points_present,True,0
Q3-T-009/point_inside_mission,True,
Q3-T-009/point_inside_mission,True,
Q3-T-009/point_inside_mission,True,
Q3-T-009/point_inside_mission,True,
Q3-T-009/point_inside_mission,True,
Q3-T-009/point_inside_mission,True,
Q3-T-009/point_inside_mission,True,
Q3-T-009/point_inside_mission,True,
Q3-T-009/point_inside_mission,True,
Q3-T-009/point_inside_mission,True,
Q3-T-009/point_inside_mission,True,
Q3-T-009/point_inside_mission,True,
Q3-T-009/point_inside_mission,True,
Q3-T-009/point_inside_mission,True,
Q3-T-009/point_inside_mission,True,
Q3-T-009/point_inside_mission,True,
Q3-T-009/point_inside_mission,True,
Q3-T-009/point_inside_mission,True,
Q3-T-009/point_inside_mission,True,
Q3-T-009/point_inside_mission,True,
Q3-T-009/point_inside_mission,True,
Q3-T-009/point_inside_mission,True,
Q3-T-009/point_inside_mission,True,
Q3-T-009/point_inside_mission,True,
Q3-T-009/point_inside_mission,True,
Q3-T-009/point_inside_mission,True,
Q3-T-009/point_inside_mission,True,
Q3-T-009/point_inside_mission,True,
Q3-T-009/point_inside_mission,True,
Q3-T-009/point_inside_mission,True,
COMrow640/finite_ordered,True,
COMrow640/known_mode,True,
COMrow640/provider_count,True,
COMrow640/single_physical_phase,True,
COMrow640/phase_label,True,
COMrow640/unique_point,True,
COMrow640/instant_link_and_priority,True,"(45.92517525248826, 45.92517525248826)"
COMrow641/finite_ordered,True,
COMrow641/known_mode,True,
COMrow641/provider_count,True,
COMrow641/single_physical_phase,True,
COMrow641/phase_label,True,
COMrow641/continuous_terrain_and_distance,True,45.925175252488266
COMrow642/finite_ordered,True,
COMrow642/known_mode,True,
COMrow642/provider_count,True,
COMrow642/single_physical_phase,True,
COMrow642/phase_label,True,
COMrow642/unique_point,True,
COMrow642/instant_link_and_priority,True,"(46.38238674364695, 46.38238674364695)"
COMrow643/finite_ordered,True,
COMrow643/known_mode,True,
COMrow643/provider_count,True,
COMrow643/single_physical_phase,True,
COMrow643/phase_label,True,
COMrow643/continuous_terrain_and_distance,True,56.38238674364702
COMrow644/finite_ordered,True,
COMrow644/known_mode,True,
COMrow644/provider_count,True,
COMrow644/single_physical_phase,True,
COMrow644/phase_label,True,
COMrow644/unique_point,True,
COMrow644/instant_link_and_priority,True,"(63.04826031558991, 63.04826031558991)"
COMrow645/finite_ordered,True,
COMrow645/known_mode,True,
COMrow645/provider_count,True,
COMrow645/single_physical_phase,True,
COMrow645/phase_label,True,
COMrow645/continuous_terrain_and_distance,True,60.56487003084822
COMrow646/finite_ordered,True,
COMrow646/known_mode,True,
COMrow646/provider_count,True,
COMrow646/single_physical_phase,True,
COMrow646/phase_label,True,
COMrow646/unique_point,True,
COMrow646/instant_link_and_priority,True,"(60.56487003084822, 60.56487003084822)"
COMrow647/finite_ordered,True,
COMrow647/known_mode,True,
COMrow647/provider_count,True,
COMrow647/single_physical_phase,True,
COMrow647/phase_label,True,
COMrow647/continuous_terrain_and_distance,True,50.805706205104265
COMrow648/finite_ordered,True,
COMrow648/known_mode,True,
COMrow648/provider_count,True,
COMrow648/single_physical_phase,True,
COMrow648/phase_label,True,
COMrow648/unique_point,True,
COMrow648/instant_link_and_priority,True,"(50.80570620510426, 50.80570620510426)"
COMrow649/finite_ordered,True,
COMrow649/known_mode,True,
COMrow649/provider_count,True,
COMrow649/single_physical_phase,True,
COMrow649/phase_label,True,
COMrow649/continuous_terrain_and_distance,True,45.82290764368433
COMrow650/finite_ordered,True,
COMrow650/known_mode,True,
COMrow650/provider_count,True,
COMrow650/single_physical_phase,True,
COMrow650/phase_label,True,
COMrow650/unique_point,True,
COMrow650/instant_link_and_priority,True,"(45.82290764368433, 45.82290764368433)"
COMrow651/finite_ordered,True,
COMrow651/known_mode,True,
COMrow651/provider_count,True,
COMrow651/single_physical_phase,True,
COMrow651/phase_label,True,
COMrow651/continuous_terrain_and_distance,True,33.935643142447674
COMrow652/finite_ordered,True,
COMrow652/known_mode,True,
COMrow652/provider_count,True,
COMrow652/single_physical_phase,True,
COMrow652/phase_label,True,
COMrow652/unique_point,True,
COMrow652/instant_link_and_priority,True,"(33.935643142447674, 33.935643142447674)"
COMrow653/finite_ordered,True,
COMrow653/known_mode,True,
COMrow653/provider_count,True,
COMrow653/single_physical_phase,True,
COMrow653/phase_label,True,
COMrow653/continuous_terrain_and_distance,True,14.218655350641484
COMrow654/finite_ordered,True,
COMrow654/known_mode,True,
COMrow654/provider_count,True,
COMrow654/single_physical_phase,True,
COMrow654/phase_label,True,
COMrow654/unique_point,True,
COMrow654/instant_link_and_priority,True,"(14.218655350641484, 14.218655350641484)"
COMrow655/finite_ordered,True,
COMrow655/known_mode,True,
COMrow655/provider_count,True,
COMrow655/single_physical_phase,True,
COMrow655/phase_label,True,
COMrow655/continuous_terrain_and_distance,True,2.8525914180764964
COMrow656/finite_ordered,True,
COMrow656/known_mode,True,
COMrow656/provider_count,True,
COMrow656/single_physical_phase,True,
COMrow656/phase_label,True,
COMrow656/unique_point,True,
COMrow656/instant_link_and_priority,True,"(2.8525914180765, 2.8525914180765)"
COMrow657/finite_ordered,True,
COMrow657/known_mode,True,
COMrow657/provider_count,True,
COMrow657/single_physical_phase,True,
COMrow657/phase_label,True,
COMrow657/continuous_terrain_and_distance,True,-2.1671553440683056e-13
COMrow658/finite_ordered,True,
COMrow658/known_mode,True,
COMrow658/provider_count,True,
COMrow658/single_physical_phase,True,
COMrow658/phase_label,True,
COMrow658/unique_point,True,
COMrow658/instant_link_and_priority,True,"(-2.1316282072803006e-13, -2.1316282072803006e-13)"
COMrow659/finite_ordered,True,
COMrow659/known_mode,True,
COMrow659/provider_count,True,
COMrow659/single_physical_phase,True,
COMrow659/phase_label,True,
COMrow659/relay_time_coverage,True,
COMrow659/direct_priority_entire_interval,True,
COMrow659/continuous_terrain_and_distance,True,7.751282071593316
COMrow660/finite_ordered,True,
COMrow660/known_mode,True,
COMrow660/provider_count,True,
COMrow660/single_physical_phase,True,
COMrow660/phase_label,True,
COMrow660/unique_point,True,
COMrow660/instant_link_and_priority,True,"(7.751282071593323, -1.0187232705291507)"
COMrow661/finite_ordered,True,
COMrow661/known_mode,True,
COMrow661/provider_count,True,
COMrow661/single_physical_phase,True,
COMrow661/phase_label,True,
COMrow661/relay_time_coverage,True,
COMrow661/direct_priority_entire_interval,True,
COMrow661/continuous_terrain_and_distance,True,7.40116478086688
COMrow662/finite_ordered,True,
COMrow662/known_mode,True,
COMrow662/provider_count,True,
COMrow662/single_physical_phase,True,
COMrow662/phase_label,True,
COMrow662/unique_point,True,
COMrow662/instant_link_and_priority,True,"(7.401164780866878, -1.7798932090982902)"
COMrow663/finite_ordered,True,
COMrow663/known_mode,True,
COMrow663/provider_count,True,
COMrow663/single_physical_phase,True,
COMrow663/phase_label,True,
COMrow663/relay_time_coverage,True,
COMrow663/direct_priority_entire_interval,True,
COMrow663/continuous_terrain_and_distance,True,7.3889670571714845
COMrow664/finite_ordered,True,
COMrow664/known_mode,True,
COMrow664/provider_count,True,
COMrow664/single_physical_phase,True,
COMrow664/phase_label,True,
COMrow664/unique_point,True,
COMrow664/instant_link_and_priority,True,"(7.3889670571714845, -1.7759083300417018)"
COMrow665/finite_ordered,True,
COMrow665/known_mode,True,
COMrow665/provider_count,True,
COMrow665/single_physical_phase,True,
COMrow665/phase_label,True,
COMrow665/relay_time_coverage,True,
COMrow665/direct_priority_entire_interval,True,
COMrow665/continuous_terrain_and_distance,True,7.3889670571714845
COMrow666/finite_ordered,True,
COMrow666/known_mode,True,
COMrow666/provider_count,True,
COMrow666/single_physical_phase,True,
COMrow666/phase_label,True,
COMrow666/unique_point,True,
COMrow666/instant_link_and_priority,True,"(7.3889670571714845, -1.7759083300417018)"
COMrow667/finite_ordered,True,
COMrow667/known_mode,True,
COMrow667/provider_count,True,
COMrow667/single_physical_phase,True,
COMrow667/phase_label,True,
COMrow667/relay_time_coverage,True,
COMrow667/direct_priority_entire_interval,True,
COMrow667/continuous_terrain_and_distance,True,7.3889670571714845
COMrow668/finite_ordered,True,
COMrow668/known_mode,True,
COMrow668/provider_count,True,
COMrow668/single_physical_phase,True,
COMrow668/phase_label,True,
COMrow668/unique_point,True,
COMrow668/instant_link_and_priority,True,"(7.408855151591524, -1.7836077097715446)"
COMrow669/finite_ordered,True,
COMrow669/known_mode,True,
COMrow669/provider_count,True,
COMrow669/single_physical_phase,True,
COMrow669/phase_label,True,
COMrow669/relay_time_coverage,True,
COMrow669/direct_priority_entire_interval,True,
COMrow669/continuous_terrain_and_distance,True,4.589291609455504
COMrow670/finite_ordered,True,
COMrow670/known_mode,True,
COMrow670/provider_count,True,
COMrow670/single_physical_phase,True,
COMrow670/phase_label,True,
COMrow670/unique_point,True,
COMrow670/instant_link_and_priority,True,"(4.5892916094555005, -3.4465906852063313)"
COMrow671/finite_ordered,True,
COMrow671/known_mode,True,
COMrow671/provider_count,True,
COMrow671/single_physical_phase,True,
COMrow671/phase_label,True,
COMrow671/relay_time_coverage,True,
COMrow671/direct_priority_entire_interval,True,
COMrow671/continuous_terrain_and_distance,True,1.5504267850857367
COMrow672/finite_ordered,True,
COMrow672/known_mode,True,
COMrow672/provider_count,True,
COMrow672/single_physical_phase,True,
COMrow672/phase_label,True,
COMrow672/unique_point,True,
COMrow672/instant_link_and_priority,True,"(1.5504267850857332, -5.435080394912163)"
COMrow673/finite_ordered,True,
COMrow673/known_mode,True,
COMrow673/provider_count,True,
COMrow673/single_physical_phase,True,
COMrow673/phase_label,True,
COMrow673/relay_time_coverage,True,
COMrow673/direct_priority_entire_interval,True,
COMrow673/continuous_terrain_and_distance,True,1.5466169224559465
COMrow674/finite_ordered,True,
COMrow674/known_mode,True,
COMrow674/provider_count,True,
COMrow674/single_physical_phase,True,
COMrow674/phase_label,True,
COMrow674/unique_point,True,
COMrow674/instant_link_and_priority,True,"(1.5466169224559394, -5.432407990779097)"
COMrow675/finite_ordered,True,
COMrow675/known_mode,True,
COMrow675/provider_count,True,
COMrow675/single_physical_phase,True,
COMrow675/phase_label,True,
COMrow675/relay_time_coverage,True,
COMrow675/direct_priority_entire_interval,True,
COMrow675/continuous_terrain_and_distance,True,1.5424131386580022
COMrow676/finite_ordered,True,
COMrow676/known_mode,True,
COMrow676/provider_count,True,
COMrow676/single_physical_phase,True,
COMrow676/phase_label,True,
COMrow676/unique_point,True,
COMrow676/instant_link_and_priority,True,"(1.5424131386580058, -5.430707409192863)"
COMrow677/finite_ordered,True,
COMrow677/known_mode,True,
COMrow677/provider_count,True,
COMrow677/single_physical_phase,True,
COMrow677/phase_label,True,
COMrow677/relay_time_coverage,True,
COMrow677/direct_priority_entire_interval,True,
COMrow677/continuous_terrain_and_distance,True,1.541712037756918
COMrow678/finite_ordered,True,
COMrow678/known_mode,True,
COMrow678/provider_count,True,
COMrow678/single_physical_phase,True,
COMrow678/phase_label,True,
COMrow678/unique_point,True,
COMrow678/instant_link_and_priority,True,"(1.5417120377569233, -5.4304962514893305)"
COMrow679/finite_ordered,True,
COMrow679/known_mode,True,
COMrow679/provider_count,True,
COMrow679/single_physical_phase,True,
COMrow679/phase_label,True,
COMrow679/relay_time_coverage,True,
COMrow679/direct_priority_entire_interval,True,
COMrow679/continuous_terrain_and_distance,True,1.5391050184913322
COMrow680/finite_ordered,True,
COMrow680/known_mode,True,
COMrow680/provider_count,True,
COMrow680/single_physical_phase,True,
COMrow680/phase_label,True,
COMrow680/unique_point,True,
COMrow680/instant_link_and_priority,True,"(1.5391050184913269, -5.42984066485198)"
COMrow681/finite_ordered,True,
COMrow681/known_mode,True,
COMrow681/provider_count,True,
COMrow681/single_physical_phase,True,
COMrow681/phase_label,True,
COMrow681/relay_time_coverage,True,
COMrow681/direct_priority_entire_interval,True,
COMrow681/continuous_terrain_and_distance,True,1.5391050184913322
COMrow682/finite_ordered,True,
COMrow682/known_mode,True,
COMrow682/provider_count,True,
COMrow682/single_physical_phase,True,
COMrow682/phase_label,True,
COMrow682/unique_point,True,
COMrow682/instant_link_and_priority,True,"(1.5391050184913269, -5.42984066485198)"
COMrow683/finite_ordered,True,
COMrow683/known_mode,True,
COMrow683/provider_count,True,
COMrow683/single_physical_phase,True,
COMrow683/phase_label,True,
COMrow683/relay_time_coverage,True,
COMrow683/direct_priority_entire_interval,True,
COMrow683/continuous_terrain_and_distance,True,1.5391050184913322
COMrow684/finite_ordered,True,
COMrow684/known_mode,True,
COMrow684/provider_count,True,
COMrow684/single_physical_phase,True,
COMrow684/phase_label,True,
COMrow684/unique_point,True,
COMrow684/instant_link_and_priority,True,"(1.5417120377569233, -5.4304962514893305)"
COMrow685/finite_ordered,True,
COMrow685/known_mode,True,
COMrow685/provider_count,True,
COMrow685/single_physical_phase,True,
COMrow685/phase_label,True,
COMrow685/relay_time_coverage,True,
COMrow685/direct_priority_entire_interval,True,
COMrow685/continuous_terrain_and_distance,True,1.541712037756918
COMrow686/finite_ordered,True,
COMrow686/known_mode,True,
COMrow686/provider_count,True,
COMrow686/single_physical_phase,True,
COMrow686/phase_label,True,
COMrow686/unique_point,True,
COMrow686/instant_link_and_priority,True,"(1.5424131386580058, -5.430707409192863)"
COMrow687/finite_ordered,True,
COMrow687/known_mode,True,
COMrow687/provider_count,True,
COMrow687/single_physical_phase,True,
COMrow687/phase_label,True,
COMrow687/relay_time_coverage,True,
COMrow687/direct_priority_entire_interval,True,
COMrow687/continuous_terrain_and_distance,True,1.5424131386580022
COMrow688/finite_ordered,True,
COMrow688/known_mode,True,
COMrow688/provider_count,True,
COMrow688/single_physical_phase,True,
COMrow688/phase_label,True,
COMrow688/unique_point,True,
COMrow688/instant_link_and_priority,True,"(1.5466169224559394, -5.432407990779097)"
COMrow689/finite_ordered,True,
COMrow689/known_mode,True,
COMrow689/provider_count,True,
COMrow689/single_physical_phase,True,
COMrow689/phase_label,True,
COMrow689/relay_time_coverage,True,
COMrow689/direct_priority_entire_interval,True,
COMrow689/continuous_terrain_and_distance,True,1.5466169224559465
COMrow690/finite_ordered,True,
COMrow690/known_mode,True,
COMrow690/provider_count,True,
COMrow690/single_physical_phase,True,
COMrow690/phase_label,True,
COMrow690/unique_point,True,
COMrow690/instant_link_and_priority,True,"(1.5492364170154644, -5.434058144705972)"
COMrow691/finite_ordered,True,
COMrow691/known_mode,True,
COMrow691/provider_count,True,
COMrow691/single_physical_phase,True,
COMrow691/phase_label,True,
COMrow691/relay_time_coverage,True,
COMrow691/direct_priority_entire_interval,True,
COMrow691/continuous_terrain_and_distance,True,1.5492364170154609
COMrow692/finite_ordered,True,
COMrow692/known_mode,True,
COMrow692/provider_count,True,
COMrow692/single_physical_phase,True,
COMrow692/phase_label,True,
COMrow692/unique_point,True,
COMrow692/instant_link_and_priority,True,"(2.8983162549851897, -4.1231462684161215)"
COMrow693/finite_ordered,True,
COMrow693/known_mode,True,
COMrow693/provider_count,True,
COMrow693/single_physical_phase,True,
COMrow693/phase_label,True,
COMrow693/relay_time_coverage,True,
COMrow693/direct_priority_entire_interval,True,
COMrow693/continuous_terrain_and_distance,True,3.1494362558443676
COMrow694/finite_ordered,True,
COMrow694/known_mode,True,
COMrow694/provider_count,True,
COMrow694/single_physical_phase,True,
COMrow694/phase_label,True,
COMrow694/unique_point,True,
COMrow694/instant_link_and_priority,True,"(4.106056825069345, -1.840675866333072)"
COMrow695/finite_ordered,True,
COMrow695/known_mode,True,
COMrow695/provider_count,True,
COMrow695/single_physical_phase,True,
COMrow695/phase_label,True,
COMrow695/relay_time_coverage,True,
COMrow695/direct_priority_entire_interval,True,
COMrow695/continuous_terrain_and_distance,True,4.10605682506934
COMrow696/finite_ordered,True,
COMrow696/known_mode,True,
COMrow696/provider_count,True,
COMrow696/single_physical_phase,True,
COMrow696/phase_label,True,
COMrow696/unique_point,True,
COMrow696/instant_link_and_priority,True,"(4.158358011470511, -0.12377974591346685)"
COMrow697/finite_ordered,True,
COMrow697/known_mode,True,
COMrow697/provider_count,True,
COMrow697/single_physical_phase,True,
COMrow697/phase_label,True,
COMrow697/relay_time_coverage,True,
COMrow697/direct_priority_entire_interval,True,
COMrow697/continuous_terrain_and_distance,True,4.146460656267855
COMrow698/finite_ordered,True,
COMrow698/known_mode,True,
COMrow698/provider_count,True,
COMrow698/single_physical_phase,True,
COMrow698/phase_label,True,
COMrow698/unique_point,True,
COMrow698/instant_link_and_priority,True,"(-4.547473508864641e-13, -4.547473508864641e-13)"
COMrow699/finite_ordered,True,
COMrow699/known_mode,True,
COMrow699/provider_count,True,
COMrow699/single_physical_phase,True,
COMrow699/phase_label,True,
COMrow699/continuous_terrain_and_distance,True,-4.547473508864641e-13
COMrow700/finite_ordered,True,
COMrow700/known_mode,True,
COMrow700/provider_count,True,
COMrow700/single_physical_phase,True,
COMrow700/phase_label,True,
COMrow700/unique_point,True,
COMrow700/instant_link_and_priority,True,"(1.8320849378556119, 1.8320849378556119)"
COMrow701/finite_ordered,True,
COMrow701/known_mode,True,
COMrow701/provider_count,True,
COMrow701/single_physical_phase,True,
COMrow701/phase_label,True,
COMrow701/continuous_terrain_and_distance,True,11.832084937855615
COMrow702/finite_ordered,True,
COMrow702/known_mode,True,
COMrow702/provider_count,True,
COMrow702/single_physical_phase,True,
COMrow702/phase_label,True,
COMrow702/unique_point,True,
COMrow702/instant_link_and_priority,True,"(33.461181216677716, 33.461181216677716)"
COMrow703/finite_ordered,True,
COMrow703/known_mode,True,
COMrow703/provider_count,True,
COMrow703/single_physical_phase,True,
COMrow703/phase_label,True,
COMrow703/continuous_terrain_and_distance,True,33.46118121667771
COMrow704/finite_ordered,True,
COMrow704/known_mode,True,
COMrow704/provider_count,True,
COMrow704/single_physical_phase,True,
COMrow704/phase_label,True,
COMrow704/unique_point,True,
COMrow704/instant_link_and_priority,True,"(45.822907643684346, 45.822907643684346)"
COMrow705/finite_ordered,True,
COMrow705/known_mode,True,
COMrow705/provider_count,True,
COMrow705/single_physical_phase,True,
COMrow705/phase_label,True,
COMrow705/continuous_terrain_and_distance,True,45.82290764368435
COMrow706/finite_ordered,True,
COMrow706/known_mode,True,
COMrow706/provider_count,True,
COMrow706/single_physical_phase,True,
COMrow706/phase_label,True,
COMrow706/unique_point,True,
COMrow706/instant_link_and_priority,True,"(50.80570620510426, 50.80570620510426)"
COMrow707/finite_ordered,True,
COMrow707/known_mode,True,
COMrow707/provider_count,True,
COMrow707/single_physical_phase,True,
COMrow707/phase_label,True,
COMrow707/continuous_terrain_and_distance,True,50.80570620510425
COMrow708/finite_ordered,True,
COMrow708/known_mode,True,
COMrow708/provider_count,True,
COMrow708/single_physical_phase,True,
COMrow708/phase_label,True,
COMrow708/unique_point,True,
COMrow708/instant_link_and_priority,True,"(60.564870030848056, 60.564870030848056)"
COMrow709/finite_ordered,True,
COMrow709/known_mode,True,
COMrow709/provider_count,True,
COMrow709/single_physical_phase,True,
COMrow709/phase_label,True,
COMrow709/continuous_terrain_and_distance,True,60.564870030848056
COMrow710/finite_ordered,True,
COMrow710/known_mode,True,
COMrow710/provider_count,True,
COMrow710/single_physical_phase,True,
COMrow710/phase_label,True,
COMrow710/unique_point,True,
COMrow710/instant_link_and_priority,True,"(63.04826031558969, 63.04826031558969)"
COMrow711/finite_ordered,True,
COMrow711/known_mode,True,
COMrow711/provider_count,True,
COMrow711/single_physical_phase,True,
COMrow711/phase_label,True,
COMrow711/continuous_terrain_and_distance,True,56.38238674364725
COMrow712/finite_ordered,True,
COMrow712/known_mode,True,
COMrow712/provider_count,True,
COMrow712/single_physical_phase,True,
COMrow712/phase_label,True,
COMrow712/unique_point,True,
COMrow712/instant_link_and_priority,True,"(56.38238674364726, 56.38238674364726)"
COMrow713/finite_ordered,True,
COMrow713/known_mode,True,
COMrow713/provider_count,True,
COMrow713/single_physical_phase,True,
COMrow713/phase_label,True,
COMrow713/continuous_terrain_and_distance,True,45.92517525248826
COMrow714/finite_ordered,True,
COMrow714/known_mode,True,
COMrow714/provider_count,True,
COMrow714/single_physical_phase,True,
COMrow714/phase_label,True,
COMrow714/unique_point,True,
COMrow714/instant_link_and_priority,True,"(45.92517525248826, 45.92517525248826)"
Q3-T-010/has_communication_spans,True,
Q3-T-010/takeoff_boundary,True,
Q3-T-010/return_boundary,True,
Q3-T-010/no_gap_or_overlap,True,
Q3-T-010/no_gap_or_overlap,True,
Q3-T-010/no_gap_or_overlap,True,
Q3-T-010/no_gap_or_overlap,True,
Q3-T-010/no_gap_or_overlap,True,
Q3-T-010/no_gap_or_overlap,True,
Q3-T-010/no_gap_or_overlap,True,
Q3-T-010/no_gap_or_overlap,True,
Q3-T-010/no_gap_or_overlap,True,
Q3-T-010/no_gap_or_overlap,True,
Q3-T-010/no_gap_or_overlap,True,
Q3-T-010/no_gap_or_overlap,True,
Q3-T-010/no_gap_or_overlap,True,
Q3-T-010/no_gap_or_overlap,True,
Q3-T-010/no_gap_or_overlap,True,
Q3-T-010/no_gap_or_overlap,True,
Q3-T-010/no_gap_or_overlap,True,
Q3-T-010/no_gap_or_overlap,True,
Q3-T-010/no_gap_or_overlap,True,
Q3-T-010/no_gap_or_overlap,True,
Q3-T-010/no_gap_or_overlap,True,
Q3-T-010/no_gap_or_overlap,True,
Q3-T-010/no_gap_or_overlap,True,
Q3-T-010/no_gap_or_overlap,True,
Q3-T-010/no_gap_or_overlap,True,
Q3-T-010/no_gap_or_overlap,True,
Q3-T-010/no_gap_or_overlap,True,
Q3-T-010/no_gap_or_overlap,True,
Q3-T-010/no_gap_or_overlap,True,
Q3-T-010/no_gap_or_overlap,True,
Q3-T-010/no_gap_or_overlap,True,
Q3-T-010/no_gap_or_overlap,True,
Q3-T-010/no_gap_or_overlap,True,
Q3-T-010/no_gap_or_overlap,True,
Q3-T-010/no_gap_or_overlap,True,
Q3-T-010/no_gap_or_overlap,True,
Q3-T-010/all_boundary_points_present,True,0
Q3-T-010/point_inside_mission,True,
Q3-T-010/point_inside_mission,True,
Q3-T-010/point_inside_mission,True,
Q3-T-010/point_inside_mission,True,
Q3-T-010/point_inside_mission,True,
Q3-T-010/point_inside_mission,True,
Q3-T-010/point_inside_mission,True,
Q3-T-010/point_inside_mission,True,
Q3-T-010/point_inside_mission,True,
Q3-T-010/point_inside_mission,True,
Q3-T-010/point_inside_mission,True,
Q3-T-010/point_inside_mission,True,
Q3-T-010/point_inside_mission,True,
Q3-T-010/point_inside_mission,True,
Q3-T-010/point_inside_mission,True,
Q3-T-010/point_inside_mission,True,
Q3-T-010/point_inside_mission,True,
Q3-T-010/point_inside_mission,True,
Q3-T-010/point_inside_mission,True,
Q3-T-010/point_inside_mission,True,
Q3-T-010/point_inside_mission,True,
Q3-T-010/point_inside_mission,True,
Q3-T-010/point_inside_mission,True,
Q3-T-010/point_inside_mission,True,
Q3-T-010/point_inside_mission,True,
Q3-T-010/point_inside_mission,True,
Q3-T-010/point_inside_mission,True,
Q3-T-010/point_inside_mission,True,
Q3-T-010/point_inside_mission,True,
Q3-T-010/point_inside_mission,True,
Q3-T-010/point_inside_mission,True,
Q3-T-010/point_inside_mission,True,
Q3-T-010/point_inside_mission,True,
Q3-T-010/point_inside_mission,True,
Q3-T-010/point_inside_mission,True,
Q3-T-010/point_inside_mission,True,
Q3-T-010/point_inside_mission,True,
Q3-T-010/point_inside_mission,True,
COMrow715/finite_ordered,True,
COMrow715/known_mode,True,
COMrow715/provider_count,True,
COMrow715/single_physical_phase,True,
COMrow715/phase_label,True,
COMrow715/unique_point,True,
COMrow715/instant_link_and_priority,True,"(45.92517525248826, 45.92517525248826)"
COMrow716/finite_ordered,True,
COMrow716/known_mode,True,
COMrow716/provider_count,True,
COMrow716/single_physical_phase,True,
COMrow716/phase_label,True,
COMrow716/continuous_terrain_and_distance,True,45.925175252488266
COMrow717/finite_ordered,True,
COMrow717/known_mode,True,
COMrow717/provider_count,True,
COMrow717/single_physical_phase,True,
COMrow717/phase_label,True,
COMrow717/unique_point,True,
COMrow717/instant_link_and_priority,True,"(56.38238674364726, 56.38238674364726)"
COMrow718/finite_ordered,True,
COMrow718/known_mode,True,
COMrow718/provider_count,True,
COMrow718/single_physical_phase,True,
COMrow718/phase_label,True,
COMrow718/continuous_terrain_and_distance,True,56.38238674364725
COMrow719/finite_ordered,True,
COMrow719/known_mode,True,
COMrow719/provider_count,True,
COMrow719/single_physical_phase,True,
COMrow719/phase_label,True,
COMrow719/unique_point,True,
COMrow719/instant_link_and_priority,True,"(63.04826031558974, 63.04826031558974)"
COMrow720/finite_ordered,True,
COMrow720/known_mode,True,
COMrow720/provider_count,True,
COMrow720/single_physical_phase,True,
COMrow720/phase_label,True,
COMrow720/continuous_terrain_and_distance,True,60.56487003084809
COMrow721/finite_ordered,True,
COMrow721/known_mode,True,
COMrow721/provider_count,True,
COMrow721/single_physical_phase,True,
COMrow721/phase_label,True,
COMrow721/unique_point,True,
COMrow721/instant_link_and_priority,True,"(60.56487003084809, 60.56487003084809)"
COMrow722/finite_ordered,True,
COMrow722/known_mode,True,
COMrow722/provider_count,True,
COMrow722/single_physical_phase,True,
COMrow722/phase_label,True,
COMrow722/continuous_terrain_and_distance,True,50.805706205104286
COMrow723/finite_ordered,True,
COMrow723/known_mode,True,
COMrow723/provider_count,True,
COMrow723/single_physical_phase,True,
COMrow723/phase_label,True,
COMrow723/unique_point,True,
COMrow723/instant_link_and_priority,True,"(50.805706205104286, 50.805706205104286)"
COMrow724/finite_ordered,True,
COMrow724/known_mode,True,
COMrow724/provider_count,True,
COMrow724/single_physical_phase,True,
COMrow724/phase_label,True,
COMrow724/continuous_terrain_and_distance,True,45.822907643684374
COMrow725/finite_ordered,True,
COMrow725/known_mode,True,
COMrow725/provider_count,True,
COMrow725/single_physical_phase,True,
COMrow725/phase_label,True,
COMrow725/unique_point,True,
COMrow725/instant_link_and_priority,True,"(45.822907643684374, 45.822907643684374)"
COMrow726/finite_ordered,True,
COMrow726/known_mode,True,
COMrow726/provider_count,True,
COMrow726/single_physical_phase,True,
COMrow726/phase_label,True,
COMrow726/continuous_terrain_and_distance,True,37.7955515486551
COMrow727/finite_ordered,True,
COMrow727/known_mode,True,
COMrow727/provider_count,True,
COMrow727/single_physical_phase,True,
COMrow727/phase_label,True,
COMrow727/unique_point,True,
COMrow727/instant_link_and_priority,True,"(37.7955515486551, 37.7955515486551)"
COMrow728/finite_ordered,True,
COMrow728/known_mode,True,
COMrow728/provider_count,True,
COMrow728/single_physical_phase,True,
COMrow728/phase_label,True,
COMrow728/continuous_terrain_and_distance,True,14.692816691881657
COMrow729/finite_ordered,True,
COMrow729/known_mode,True,
COMrow729/provider_count,True,
COMrow729/single_physical_phase,True,
COMrow729/phase_label,True,
COMrow729/unique_point,True,
COMrow729/instant_link_and_priority,True,"(14.69281669188166, 14.69281669188166)"
COMrow730/finite_ordered,True,
COMrow730/known_mode,True,
COMrow730/provider_count,True,
COMrow730/single_physical_phase,True,
COMrow730/phase_label,True,
COMrow730/continuous_terrain_and_distance,True,5.524469770534779e-13
COMrow731/finite_ordered,True,
COMrow731/known_mode,True,
COMrow731/provider_count,True,
COMrow731/single_physical_phase,True,
COMrow731/phase_label,True,
COMrow731/unique_point,True,
COMrow731/instant_link_and_priority,True,"(5.542233338928781e-13, 5.542233338928781e-13)"
COMrow732/finite_ordered,True,
COMrow732/known_mode,True,
COMrow732/provider_count,True,
COMrow732/single_physical_phase,True,
COMrow732/phase_label,True,
COMrow732/relay_time_coverage,True,
COMrow732/direct_priority_entire_interval,True,
COMrow732/continuous_terrain_and_distance,True,1.3715387258866212
COMrow733/finite_ordered,True,
COMrow733/known_mode,True,
COMrow733/provider_count,True,
COMrow733/single_physical_phase,True,
COMrow733/phase_label,True,
COMrow733/unique_point,True,
COMrow733/instant_link_and_priority,True,"(1.371538725886623, -1.614685564853474)"
COMrow734/finite_ordered,True,
COMrow734/known_mode,True,
COMrow734/provider_count,True,
COMrow734/single_physical_phase,True,
COMrow734/phase_label,True,
COMrow734/relay_time_coverage,True,
COMrow734/direct_priority_entire_interval,True,
COMrow734/continuous_terrain_and_distance,True,0.7378703889958658
COMrow735/finite_ordered,True,
COMrow735/known_mode,True,
COMrow735/provider_count,True,
COMrow735/single_physical_phase,True,
COMrow735/phase_label,True,
COMrow735/unique_point,True,
COMrow735/instant_link_and_priority,True,"(0.7378703889958729, -2.745623539385832)"
COMrow736/finite_ordered,True,
COMrow736/known_mode,True,
COMrow736/provider_count,True,
COMrow736/single_physical_phase,True,
COMrow736/phase_label,True,
COMrow736/relay_time_coverage,True,
COMrow736/direct_priority_entire_interval,True,
COMrow736/continuous_terrain_and_distance,True,0.47539427442363724
COMrow737/finite_ordered,True,
COMrow737/known_mode,True,
COMrow737/provider_count,True,
COMrow737/single_physical_phase,True,
COMrow737/phase_label,True,
COMrow737/unique_point,True,
COMrow737/instant_link_and_priority,True,"(0.47539427442363547, -3.163447780965498)"
COMrow738/finite_ordered,True,
COMrow738/known_mode,True,
COMrow738/provider_count,True,
COMrow738/single_physical_phase,True,
COMrow738/phase_label,True,
COMrow738/relay_time_coverage,True,
COMrow738/direct_priority_entire_interval,True,
COMrow738/continuous_terrain_and_distance,True,0.22574736748148183
COMrow739/finite_ordered,True,
COMrow739/known_mode,True,
COMrow739/provider_count,True,
COMrow739/single_physical_phase,True,
COMrow739/phase_label,True,
COMrow739/unique_point,True,
COMrow739/instant_link_and_priority,True,"(0.22574736748148894, -3.5407228363078076)"
COMrow740/finite_ordered,True,
COMrow740/known_mode,True,
COMrow740/provider_count,True,
COMrow740/single_physical_phase,True,
COMrow740/phase_label,True,
COMrow740/relay_time_coverage,True,
COMrow740/direct_priority_entire_interval,True,
COMrow740/continuous_terrain_and_distance,True,0.2165620751769115
COMrow741/finite_ordered,True,
COMrow741/known_mode,True,
COMrow741/provider_count,True,
COMrow741/single_physical_phase,True,
COMrow741/phase_label,True,
COMrow741/unique_point,True,
COMrow741/instant_link_and_priority,True,"(0.21656207517690973, -3.5542741765275707)"
COMrow742/finite_ordered,True,
COMrow742/known_mode,True,
COMrow742/provider_count,True,
COMrow742/single_physical_phase,True,
COMrow742/phase_label,True,
COMrow742/relay_time_coverage,True,
COMrow742/direct_priority_entire_interval,True,
COMrow742/continuous_terrain_and_distance,True,0.19999999999991402
COMrow743/finite_ordered,True,
COMrow743/known_mode,True,
COMrow743/provider_count,True,
COMrow743/single_physical_phase,True,
COMrow743/phase_label,True,
COMrow743/unique_point,True,
COMrow743/instant_link_and_priority,True,"(0.19999999999991758, -3.5786532208024937)"
COMrow744/finite_ordered,True,
COMrow744/known_mode,True,
COMrow744/provider_count,True,
COMrow744/single_physical_phase,True,
COMrow744/phase_label,True,
COMrow744/relay_time_coverage,True,
COMrow744/direct_priority_entire_interval,True,
COMrow744/continuous_terrain_and_distance,True,10.573714634691529
COMrow745/finite_ordered,True,
COMrow745/known_mode,True,
COMrow745/provider_count,True,
COMrow745/single_physical_phase,True,
COMrow745/phase_label,True,
COMrow745/unique_point,True,
COMrow745/instant_link_and_priority,True,"(0.5737146346915267, -3.731078574245771)"
COMrow746/finite_ordered,True,
COMrow746/known_mode,True,
COMrow746/provider_count,True,
COMrow746/single_physical_phase,True,
COMrow746/phase_label,True,
COMrow746/relay_time_coverage,True,
COMrow746/direct_priority_entire_interval,True,
COMrow746/continuous_terrain_and_distance,True,0.3751695106090942
COMrow747/finite_ordered,True,
COMrow747/known_mode,True,
COMrow747/provider_count,True,
COMrow747/single_physical_phase,True,
COMrow747/phase_label,True,
COMrow747/unique_point,True,
COMrow747/instant_link_and_priority,True,"(0.37516951060909776, -3.918846606546637)"
COMrow748/finite_ordered,True,
COMrow748/known_mode,True,
COMrow748/provider_count,True,
COMrow748/single_physical_phase,True,
COMrow748/phase_label,True,
COMrow748/relay_time_coverage,True,
COMrow748/direct_priority_entire_interval,True,
COMrow748/continuous_terrain_and_distance,True,10.199999999998639
COMrow749/finite_ordered,True,
COMrow749/known_mode,True,
COMrow749/provider_count,True,
COMrow749/single_physical_phase,True,
COMrow749/phase_label,True,
COMrow749/unique_point,True,
COMrow749/instant_link_and_priority,True,"(10.199999999998639, -4.060953541515062)"
COMrow750/finite_ordered,True,
COMrow750/known_mode,True,
COMrow750/provider_count,True,
COMrow750/single_physical_phase,True,
COMrow750/phase_label,True,
COMrow750/relay_time_coverage,True,
COMrow750/direct_priority_entire_interval,True,
COMrow750/continuous_terrain_and_distance,True,8.863341764677376
COMrow751/finite_ordered,True,
COMrow751/known_mode,True,
COMrow751/provider_count,True,
COMrow751/single_physical_phase,True,
COMrow751/phase_label,True,
COMrow751/unique_point,True,
COMrow751/instant_link_and_priority,True,"(8.863341764677372, -4.877584944292295)"
COMrow752/finite_ordered,True,
COMrow752/known_mode,True,
COMrow752/provider_count,True,
COMrow752/single_physical_phase,True,
COMrow752/phase_label,True,
COMrow752/relay_time_coverage,True,
COMrow752/direct_priority_entire_interval,True,
COMrow752/continuous_terrain_and_distance,True,7.7064151163582615
COMrow753/finite_ordered,True,
COMrow753/known_mode,True,
COMrow753/provider_count,True,
COMrow753/single_physical_phase,True,
COMrow753/phase_label,True,
COMrow753/unique_point,True,
COMrow753/instant_link_and_priority,True,"(7.706415116358258, -5.454442080570175)"
COMrow754/finite_ordered,True,
COMrow754/known_mode,True,
COMrow754/provider_count,True,
COMrow754/single_physical_phase,True,
COMrow754/phase_label,True,
COMrow754/relay_time_coverage,True,
COMrow754/direct_priority_entire_interval,True,
COMrow754/continuous_terrain_and_distance,True,7.705511387812388
COMrow755/finite_ordered,True,
COMrow755/known_mode,True,
COMrow755/provider_count,True,
COMrow755/single_physical_phase,True,
COMrow755/phase_label,True,
COMrow755/unique_point,True,
COMrow755/instant_link_and_priority,True,"(7.705511387812393, -5.454188817863098)"
COMrow756/finite_ordered,True,
COMrow756/known_mode,True,
COMrow756/provider_count,True,
COMrow756/single_physical_phase,True,
COMrow756/phase_label,True,
COMrow756/relay_time_coverage,True,
COMrow756/direct_priority_entire_interval,True,
COMrow756/continuous_terrain_and_distance,True,7.701011896197556
COMrow757/finite_ordered,True,
COMrow757/known_mode,True,
COMrow757/provider_count,True,
COMrow757/single_physical_phase,True,
COMrow757/phase_label,True,
COMrow757/unique_point,True,
COMrow757/instant_link_and_priority,True,"(7.701011896197556, -5.453400725387809)"
COMrow758/finite_ordered,True,
COMrow758/known_mode,True,
COMrow758/provider_count,True,
COMrow758/single_physical_phase,True,
COMrow758/phase_label,True,
COMrow758/relay_time_coverage,True,
COMrow758/direct_priority_entire_interval,True,
COMrow758/continuous_terrain_and_distance,True,7.693941152557851
COMrow759/finite_ordered,True,
COMrow759/known_mode,True,
COMrow759/provider_count,True,
COMrow759/single_physical_phase,True,
COMrow759/phase_label,True,
COMrow759/unique_point,True,
COMrow759/instant_link_and_priority,True,"(7.693941152557855, -5.452794286226634)"
COMrow760/finite_ordered,True,
COMrow760/known_mode,True,
COMrow760/provider_count,True,
COMrow760/single_physical_phase,True,
COMrow760/phase_label,True,
COMrow760/relay_time_coverage,True,
COMrow760/direct_priority_entire_interval,True,
COMrow760/continuous_terrain_and_distance,True,7.693941152557851
COMrow761/finite_ordered,True,
COMrow761/known_mode,True,
COMrow761/provider_count,True,
COMrow761/single_physical_phase,True,
COMrow761/phase_label,True,
COMrow761/unique_point,True,
COMrow761/instant_link_and_priority,True,"(7.693941152557855, -5.452794286226634)"
COMrow762/finite_ordered,True,
COMrow762/known_mode,True,
COMrow762/provider_count,True,
COMrow762/single_physical_phase,True,
COMrow762/phase_label,True,
COMrow762/relay_time_coverage,True,
COMrow762/direct_priority_entire_interval,True,
COMrow762/continuous_terrain_and_distance,True,7.693941152557851
COMrow763/finite_ordered,True,
COMrow763/known_mode,True,
COMrow763/provider_count,True,
COMrow763/single_physical_phase,True,
COMrow763/phase_label,True,
COMrow763/unique_point,True,
COMrow763/instant_link_and_priority,True,"(7.693941152557855, -5.452794286226634)"
COMrow764/finite_ordered,True,
COMrow764/known_mode,True,
COMrow764/provider_count,True,
COMrow764/single_physical_phase,True,
COMrow764/phase_label,True,
COMrow764/relay_time_coverage,True,
COMrow764/direct_priority_entire_interval,True,
COMrow764/continuous_terrain_and_distance,True,7.693941152557851
COMrow765/finite_ordered,True,
COMrow765/known_mode,True,
COMrow765/provider_count,True,
COMrow765/single_physical_phase,True,
COMrow765/phase_label,True,
COMrow765/unique_point,True,
COMrow765/instant_link_and_priority,True,"(7.701011896197556, -5.453400725387809)"
COMrow766/finite_ordered,True,
COMrow766/known_mode,True,
COMrow766/provider_count,True,
COMrow766/single_physical_phase,True,
COMrow766/phase_label,True,
COMrow766/relay_time_coverage,True,
COMrow766/direct_priority_entire_interval,True,
COMrow766/continuous_terrain_and_distance,True,7.701011896197556
COMrow767/finite_ordered,True,
COMrow767/known_mode,True,
COMrow767/provider_count,True,
COMrow767/single_physical_phase,True,
COMrow767/phase_label,True,
COMrow767/unique_point,True,
COMrow767/instant_link_and_priority,True,"(7.705511387812393, -5.454188817863098)"
COMrow768/finite_ordered,True,
COMrow768/known_mode,True,
COMrow768/provider_count,True,
COMrow768/single_physical_phase,True,
COMrow768/phase_label,True,
COMrow768/relay_time_coverage,True,
COMrow768/direct_priority_entire_interval,True,
COMrow768/continuous_terrain_and_distance,True,7.705511387812388
COMrow769/finite_ordered,True,
COMrow769/known_mode,True,
COMrow769/provider_count,True,
COMrow769/single_physical_phase,True,
COMrow769/phase_label,True,
COMrow769/unique_point,True,
COMrow769/instant_link_and_priority,True,"(7.706415116358258, -5.454442080570175)"
COMrow770/finite_ordered,True,
COMrow770/known_mode,True,
COMrow770/provider_count,True,
COMrow770/single_physical_phase,True,
COMrow770/phase_label,True,
COMrow770/relay_time_coverage,True,
COMrow770/direct_priority_entire_interval,True,
COMrow770/continuous_terrain_and_distance,True,7.7064151163582615
COMrow771/finite_ordered,True,
COMrow771/known_mode,True,
COMrow771/provider_count,True,
COMrow771/single_physical_phase,True,
COMrow771/phase_label,True,
COMrow771/unique_point,True,
COMrow771/instant_link_and_priority,True,"(8.863341764677372, -4.877584944292295)"
COMrow772/finite_ordered,True,
COMrow772/known_mode,True,
COMrow772/provider_count,True,
COMrow772/single_physical_phase,True,
COMrow772/phase_label,True,
COMrow772/relay_time_coverage,True,
COMrow772/direct_priority_entire_interval,True,
COMrow772/continuous_terrain_and_distance,True,8.863341764677376
COMrow773/finite_ordered,True,
COMrow773/known_mode,True,
COMrow773/provider_count,True,
COMrow773/single_physical_phase,True,
COMrow773/phase_label,True,
COMrow773/unique_point,True,
COMrow773/instant_link_and_priority,True,"(10.199999999998639, -4.060953541515062)"
COMrow774/finite_ordered,True,
COMrow774/known_mode,True,
COMrow774/provider_count,True,
COMrow774/single_physical_phase,True,
COMrow774/phase_label,True,
COMrow774/relay_time_coverage,True,
COMrow774/direct_priority_entire_interval,True,
COMrow774/continuous_terrain_and_distance,True,10.199999999998639
COMrow775/finite_ordered,True,
COMrow775/known_mode,True,
COMrow775/provider_count,True,
COMrow775/single_physical_phase,True,
COMrow775/phase_label,True,
COMrow775/unique_point,True,
COMrow775/instant_link_and_priority,True,"(0.37516951060909776, -3.918846606546637)"
COMrow776/finite_ordered,True,
COMrow776/known_mode,True,
COMrow776/provider_count,True,
COMrow776/single_physical_phase,True,
COMrow776/phase_label,True,
COMrow776/relay_time_coverage,True,
COMrow776/direct_priority_entire_interval,True,
COMrow776/continuous_terrain_and_distance,True,0.3751695106090942
COMrow777/finite_ordered,True,
COMrow777/known_mode,True,
COMrow777/provider_count,True,
COMrow777/single_physical_phase,True,
COMrow777/phase_label,True,
COMrow777/unique_point,True,
COMrow777/instant_link_and_priority,True,"(0.5737146346915267, -3.731078574245771)"
COMrow778/finite_ordered,True,
COMrow778/known_mode,True,
COMrow778/provider_count,True,
COMrow778/single_physical_phase,True,
COMrow778/phase_label,True,
COMrow778/relay_time_coverage,True,
COMrow778/direct_priority_entire_interval,True,
COMrow778/continuous_terrain_and_distance,True,10.573714634691529
COMrow779/finite_ordered,True,
COMrow779/known_mode,True,
COMrow779/provider_count,True,
COMrow779/single_physical_phase,True,
COMrow779/phase_label,True,
COMrow779/unique_point,True,
COMrow779/instant_link_and_priority,True,"(10.705584831408274, -3.5786532208024937)"
COMrow780/finite_ordered,True,
COMrow780/known_mode,True,
COMrow780/provider_count,True,
COMrow780/single_physical_phase,True,
COMrow780/phase_label,True,
COMrow780/relay_time_coverage,True,
COMrow780/direct_priority_entire_interval,True,
COMrow780/continuous_terrain_and_distance,True,10.705584831408279
COMrow781/finite_ordered,True,
COMrow781/known_mode,True,
COMrow781/provider_count,True,
COMrow781/single_physical_phase,True,
COMrow781/phase_label,True,
COMrow781/unique_point,True,
COMrow781/instant_link_and_priority,True,"(0.7241555561211328, -3.5542741765275707)"
COMrow782/finite_ordered,True,
COMrow782/known_mode,True,
COMrow782/provider_count,True,
COMrow782/single_physical_phase,True,
COMrow782/phase_label,True,
COMrow782/relay_time_coverage,True,
COMrow782/direct_priority_entire_interval,True,
COMrow782/continuous_terrain_and_distance,True,0.7241555561211328
COMrow783/finite_ordered,True,
COMrow783/known_mode,True,
COMrow783/provider_count,True,
COMrow783/single_physical_phase,True,
COMrow783/phase_label,True,
COMrow783/unique_point,True,
COMrow783/instant_link_and_priority,True,"(0.7341737223565161, -3.5407228363078076)"
COMrow784/finite_ordered,True,
COMrow784/known_mode,True,
COMrow784/provider_count,True,
COMrow784/single_physical_phase,True,
COMrow784/phase_label,True,
COMrow784/relay_time_coverage,True,
COMrow784/direct_priority_entire_interval,True,
COMrow784/continuous_terrain_and_distance,True,0.7341737223565179
COMrow785/finite_ordered,True,
COMrow785/known_mode,True,
COMrow785/provider_count,True,
COMrow785/single_physical_phase,True,
COMrow785/phase_label,True,
COMrow785/unique_point,True,
COMrow785/instant_link_and_priority,True,"(0.9402774596356664, -2.745623539385832)"
COMrow786/finite_ordered,True,
COMrow786/known_mode,True,
COMrow786/provider_count,True,
COMrow786/single_physical_phase,True,
COMrow786/phase_label,True,
COMrow786/relay_time_coverage,True,
COMrow786/direct_priority_entire_interval,True,
COMrow786/continuous_terrain_and_distance,True,10.199999999997246
COMrow787/finite_ordered,True,
COMrow787/known_mode,True,
COMrow787/provider_count,True,
COMrow787/single_physical_phase,True,
COMrow787/phase_label,True,
COMrow787/unique_point,True,
COMrow787/instant_link_and_priority,True,"(10.199999999997246, -1.614685564853474)"
COMrow788/finite_ordered,True,
COMrow788/known_mode,True,
COMrow788/provider_count,True,
COMrow788/single_physical_phase,True,
COMrow788/phase_label,True,
COMrow788/relay_time_coverage,True,
COMrow788/direct_priority_entire_interval,True,
COMrow788/continuous_terrain_and_distance,True,8.415265486182616
COMrow789/finite_ordered,True,
COMrow789/known_mode,True,
COMrow789/provider_count,True,
COMrow789/single_physical_phase,True,
COMrow789/phase_label,True,
COMrow789/unique_point,True,
COMrow789/instant_link_and_priority,True,"(5.542233338928781e-13, 5.542233338928781e-13)"
COMrow790/finite_ordered,True,
COMrow790/known_mode,True,
COMrow790/provider_count,True,
COMrow790/single_physical_phase,True,
COMrow790/phase_label,True,
COMrow790/continuous_terrain_and_distance,True,5.524469770534779e-13
COMrow791/finite_ordered,True,
COMrow791/known_mode,True,
COMrow791/provider_count,True,
COMrow791/single_physical_phase,True,
COMrow791/phase_label,True,
COMrow791/unique_point,True,
COMrow791/instant_link_and_priority,True,"(14.69281669188166, 14.69281669188166)"
COMrow792/finite_ordered,True,
COMrow792/known_mode,True,
COMrow792/provider_count,True,
COMrow792/single_physical_phase,True,
COMrow792/phase_label,True,
COMrow792/continuous_terrain_and_distance,True,14.692816691881657
COMrow793/finite_ordered,True,
COMrow793/known_mode,True,
COMrow793/provider_count,True,
COMrow793/single_physical_phase,True,
COMrow793/phase_label,True,
COMrow793/unique_point,True,
COMrow793/instant_link_and_priority,True,"(37.7955515486551, 37.7955515486551)"
COMrow794/finite_ordered,True,
COMrow794/known_mode,True,
COMrow794/provider_count,True,
COMrow794/single_physical_phase,True,
COMrow794/phase_label,True,
COMrow794/continuous_terrain_and_distance,True,37.7955515486551
COMrow795/finite_ordered,True,
COMrow795/known_mode,True,
COMrow795/provider_count,True,
COMrow795/single_physical_phase,True,
COMrow795/phase_label,True,
COMrow795/unique_point,True,
COMrow795/instant_link_and_priority,True,"(45.82290764368433, 45.82290764368433)"
COMrow796/finite_ordered,True,
COMrow796/known_mode,True,
COMrow796/provider_count,True,
COMrow796/single_physical_phase,True,
COMrow796/phase_label,True,
COMrow796/continuous_terrain_and_distance,True,45.82290764368433
COMrow797/finite_ordered,True,
COMrow797/known_mode,True,
COMrow797/provider_count,True,
COMrow797/single_physical_phase,True,
COMrow797/phase_label,True,
COMrow797/unique_point,True,
COMrow797/instant_link_and_priority,True,"(50.80570620510416, 50.80570620510416)"
COMrow798/finite_ordered,True,
COMrow798/known_mode,True,
COMrow798/provider_count,True,
COMrow798/single_physical_phase,True,
COMrow798/phase_label,True,
COMrow798/continuous_terrain_and_distance,True,50.80570620510416
COMrow799/finite_ordered,True,
COMrow799/known_mode,True,
COMrow799/provider_count,True,
COMrow799/single_physical_phase,True,
COMrow799/phase_label,True,
COMrow799/unique_point,True,
COMrow799/instant_link_and_priority,True,"(60.56487003084824, 60.56487003084824)"
COMrow800/finite_ordered,True,
COMrow800/known_mode,True,
COMrow800/provider_count,True,
COMrow800/single_physical_phase,True,
COMrow800/phase_label,True,
COMrow800/continuous_terrain_and_distance,True,60.56487003084824
COMrow801/finite_ordered,True,
COMrow801/known_mode,True,
COMrow801/provider_count,True,
COMrow801/single_physical_phase,True,
COMrow801/phase_label,True,
COMrow801/unique_point,True,
COMrow801/instant_link_and_priority,True,"(63.04826031558949, 63.04826031558949)"
COMrow802/finite_ordered,True,
COMrow802/known_mode,True,
COMrow802/provider_count,True,
COMrow802/single_physical_phase,True,
COMrow802/phase_label,True,
COMrow802/continuous_terrain_and_distance,True,56.38238674364704
COMrow803/finite_ordered,True,
COMrow803/known_mode,True,
COMrow803/provider_count,True,
COMrow803/single_physical_phase,True,
COMrow803/phase_label,True,
COMrow803/unique_point,True,
COMrow803/instant_link_and_priority,True,"(56.38238674364703, 56.38238674364703)"
COMrow804/finite_ordered,True,
COMrow804/known_mode,True,
COMrow804/provider_count,True,
COMrow804/single_physical_phase,True,
COMrow804/phase_label,True,
COMrow804/continuous_terrain_and_distance,True,45.92517525248826
COMrow805/finite_ordered,True,
COMrow805/known_mode,True,
COMrow805/provider_count,True,
COMrow805/single_physical_phase,True,
COMrow805/phase_label,True,
COMrow805/unique_point,True,
COMrow805/instant_link_and_priority,True,"(45.92517525248826, 45.92517525248826)"
Q3-T-011/has_communication_spans,True,
Q3-T-011/takeoff_boundary,True,
Q3-T-011/return_boundary,True,
Q3-T-011/no_gap_or_overlap,True,
Q3-T-011/no_gap_or_overlap,True,
Q3-T-011/no_gap_or_overlap,True,
Q3-T-011/no_gap_or_overlap,True,
Q3-T-011/no_gap_or_overlap,True,
Q3-T-011/no_gap_or_overlap,True,
Q3-T-011/no_gap_or_overlap,True,
Q3-T-011/no_gap_or_overlap,True,
Q3-T-011/no_gap_or_overlap,True,
Q3-T-011/no_gap_or_overlap,True,
Q3-T-011/no_gap_or_overlap,True,
Q3-T-011/no_gap_or_overlap,True,
Q3-T-011/no_gap_or_overlap,True,
Q3-T-011/no_gap_or_overlap,True,
Q3-T-011/no_gap_or_overlap,True,
Q3-T-011/no_gap_or_overlap,True,
Q3-T-011/no_gap_or_overlap,True,
Q3-T-011/no_gap_or_overlap,True,
Q3-T-011/no_gap_or_overlap,True,
Q3-T-011/no_gap_or_overlap,True,
Q3-T-011/no_gap_or_overlap,True,
Q3-T-011/no_gap_or_overlap,True,
Q3-T-011/no_gap_or_overlap,True,
Q3-T-011/no_gap_or_overlap,True,
Q3-T-011/no_gap_or_overlap,True,
Q3-T-011/no_gap_or_overlap,True,
Q3-T-011/no_gap_or_overlap,True,
Q3-T-011/no_gap_or_overlap,True,
Q3-T-011/no_gap_or_overlap,True,
Q3-T-011/no_gap_or_overlap,True,
Q3-T-011/no_gap_or_overlap,True,
Q3-T-011/no_gap_or_overlap,True,
Q3-T-011/no_gap_or_overlap,True,
Q3-T-011/no_gap_or_overlap,True,
Q3-T-011/no_gap_or_overlap,True,
Q3-T-011/no_gap_or_overlap,True,
Q3-T-011/no_gap_or_overlap,True,
Q3-T-011/no_gap_or_overlap,True,
Q3-T-011/no_gap_or_overlap,True,
Q3-T-011/no_gap_or_overlap,True,
Q3-T-011/no_gap_or_overlap,True,
Q3-T-011/no_gap_or_overlap,True,
Q3-T-011/no_gap_or_overlap,True,
Q3-T-011/no_gap_or_overlap,True,
Q3-T-011/all_boundary_points_present,True,0
Q3-T-011/point_inside_mission,True,
Q3-T-011/point_inside_mission,True,
Q3-T-011/point_inside_mission,True,
Q3-T-011/point_inside_mission,True,
Q3-T-011/point_inside_mission,True,
Q3-T-011/point_inside_mission,True,
Q3-T-011/point_inside_mission,True,
Q3-T-011/point_inside_mission,True,
Q3-T-011/point_inside_mission,True,
Q3-T-011/point_inside_mission,True,
Q3-T-011/point_inside_mission,True,
Q3-T-011/point_inside_mission,True,
Q3-T-011/point_inside_mission,True,
Q3-T-011/point_inside_mission,True,
Q3-T-011/point_inside_mission,True,
Q3-T-011/point_inside_mission,True,
Q3-T-011/point_inside_mission,True,
Q3-T-011/point_inside_mission,True,
Q3-T-011/point_inside_mission,True,
Q3-T-011/point_inside_mission,True,
Q3-T-011/point_inside_mission,True,
Q3-T-011/point_inside_mission,True,
Q3-T-011/point_inside_mission,True,
Q3-T-011/point_inside_mission,True,
Q3-T-011/point_inside_mission,True,
Q3-T-011/point_inside_mission,True,
Q3-T-011/point_inside_mission,True,
Q3-T-011/point_inside_mission,True,
Q3-T-011/point_inside_mission,True,
Q3-T-011/point_inside_mission,True,
Q3-T-011/point_inside_mission,True,
Q3-T-011/point_inside_mission,True,
Q3-T-011/point_inside_mission,True,
Q3-T-011/point_inside_mission,True,
Q3-T-011/point_inside_mission,True,
Q3-T-011/point_inside_mission,True,
Q3-T-011/point_inside_mission,True,
Q3-T-011/point_inside_mission,True,
Q3-T-011/point_inside_mission,True,
Q3-T-011/point_inside_mission,True,
Q3-T-011/point_inside_mission,True,
Q3-T-011/point_inside_mission,True,
Q3-T-011/point_inside_mission,True,
Q3-T-011/point_inside_mission,True,
Q3-T-011/point_inside_mission,True,
Q3-T-011/point_inside_mission,True,
COMrow806/finite_ordered,True,
COMrow806/known_mode,True,
COMrow806/provider_count,True,
COMrow806/single_physical_phase,True,
COMrow806/phase_label,True,
COMrow806/unique_point,True,
COMrow806/instant_link_and_priority,True,"(45.92517525248826, 45.92517525248826)"
COMrow807/finite_ordered,True,
COMrow807/known_mode,True,
COMrow807/provider_count,True,
COMrow807/single_physical_phase,True,
COMrow807/phase_label,True,
COMrow807/continuous_terrain_and_distance,True,45.925175252488266
COMrow808/finite_ordered,True,
COMrow808/known_mode,True,
COMrow808/provider_count,True,
COMrow808/single_physical_phase,True,
COMrow808/phase_label,True,
COMrow808/unique_point,True,
COMrow808/instant_link_and_priority,True,"(46.38238674364699, 46.38238674364699)"
COMrow809/finite_ordered,True,
COMrow809/known_mode,True,
COMrow809/provider_count,True,
COMrow809/single_physical_phase,True,
COMrow809/phase_label,True,
COMrow809/continuous_terrain_and_distance,True,56.38238674364702
COMrow810/finite_ordered,True,
COMrow810/known_mode,True,
COMrow810/provider_count,True,
COMrow810/single_physical_phase,True,
COMrow810/phase_label,True,
COMrow810/unique_point,True,
COMrow810/instant_link_and_priority,True,"(63.04826031559024, 63.04826031559024)"
COMrow811/finite_ordered,True,
COMrow811/known_mode,True,
COMrow811/provider_count,True,
COMrow811/single_physical_phase,True,
COMrow811/phase_label,True,
COMrow811/continuous_terrain_and_distance,True,60.564870030848475
COMrow812/finite_ordered,True,
COMrow812/known_mode,True,
COMrow812/provider_count,True,
COMrow812/single_physical_phase,True,
COMrow812/phase_label,True,
COMrow812/unique_point,True,
COMrow812/instant_link_and_priority,True,"(60.564870030848475, 60.564870030848475)"
COMrow813/finite_ordered,True,
COMrow813/known_mode,True,
COMrow813/provider_count,True,
COMrow813/single_physical_phase,True,
COMrow813/phase_label,True,
COMrow813/continuous_terrain_and_distance,True,50.805706205104116
COMrow814/finite_ordered,True,
COMrow814/known_mode,True,
COMrow814/provider_count,True,
COMrow814/single_physical_phase,True,
COMrow814/phase_label,True,
COMrow814/unique_point,True,
COMrow814/instant_link_and_priority,True,"(50.805706205104116, 50.805706205104116)"
COMrow815/finite_ordered,True,
COMrow815/known_mode,True,
COMrow815/provider_count,True,
COMrow815/single_physical_phase,True,
COMrow815/phase_label,True,
COMrow815/continuous_terrain_and_distance,True,45.822907643684275
COMrow816/finite_ordered,True,
COMrow816/known_mode,True,
COMrow816/provider_count,True,
COMrow816/single_physical_phase,True,
COMrow816/phase_label,True,
COMrow816/unique_point,True,
COMrow816/instant_link_and_priority,True,"(45.822907643684275, 45.822907643684275)"
COMrow817/finite_ordered,True,
COMrow817/known_mode,True,
COMrow817/provider_count,True,
COMrow817/single_physical_phase,True,
COMrow817/phase_label,True,
COMrow817/continuous_terrain_and_distance,True,33.968262608738186
COMrow818/finite_ordered,True,
COMrow818/known_mode,True,
COMrow818/provider_count,True,
COMrow818/single_physical_phase,True,
COMrow818/phase_label,True,
COMrow818/unique_point,True,
COMrow818/instant_link_and_priority,True,"(33.968262608738186, 33.968262608738186)"
COMrow819/finite_ordered,True,
COMrow819/known_mode,True,
COMrow819/provider_count,True,
COMrow819/single_physical_phase,True,
COMrow819/phase_label,True,
COMrow819/continuous_terrain_and_distance,True,10.154928987501105
COMrow820/finite_ordered,True,
COMrow820/known_mode,True,
COMrow820/provider_count,True,
COMrow820/single_physical_phase,True,
COMrow820/phase_label,True,
COMrow820/unique_point,True,
COMrow820/instant_link_and_priority,True,"(10.154928987501108, 10.154928987501108)"
COMrow821/finite_ordered,True,
COMrow821/known_mode,True,
COMrow821/provider_count,True,
COMrow821/single_physical_phase,True,
COMrow821/phase_label,True,
COMrow821/continuous_terrain_and_distance,True,9.999999999999684
COMrow822/finite_ordered,True,
COMrow822/known_mode,True,
COMrow822/provider_count,True,
COMrow822/single_physical_phase,True,
COMrow822/phase_label,True,
COMrow822/unique_point,True,
COMrow822/instant_link_and_priority,True,"(9.999999999999687, 9.999999999999687)"
COMrow823/finite_ordered,True,
COMrow823/known_mode,True,
COMrow823/provider_count,True,
COMrow823/single_physical_phase,True,
COMrow823/phase_label,True,
COMrow823/continuous_terrain_and_distance,True,9.281780285895707
COMrow824/finite_ordered,True,
COMrow824/known_mode,True,
COMrow824/provider_count,True,
COMrow824/single_physical_phase,True,
COMrow824/phase_label,True,
COMrow824/unique_point,True,
COMrow824/instant_link_and_priority,True,"(9.281780285895707, 9.281780285895707)"
COMrow825/finite_ordered,True,
COMrow825/known_mode,True,
COMrow825/provider_count,True,
COMrow825/single_physical_phase,True,
COMrow825/phase_label,True,
COMrow825/continuous_terrain_and_distance,True,6.99560993195764
COMrow826/finite_ordered,True,
COMrow826/known_mode,True,
COMrow826/provider_count,True,
COMrow826/single_physical_phase,True,
COMrow826/phase_label,True,
COMrow826/unique_point,True,
COMrow826/instant_link_and_priority,True,"(28.17358786952147, -3.0043900680423548)"
COMrow827/finite_ordered,True,
COMrow827/known_mode,True,
COMrow827/provider_count,True,
COMrow827/single_physical_phase,True,
COMrow827/phase_label,True,
COMrow827/relay_time_coverage,True,
COMrow827/direct_priority_entire_interval,True,
COMrow827/continuous_terrain_and_distance,True,16.13657751110229
COMrow828/finite_ordered,True,
COMrow828/known_mode,True,
COMrow828/provider_count,True,
COMrow828/single_physical_phase,True,
COMrow828/phase_label,True,
COMrow828/unique_point,True,
COMrow828/instant_link_and_priority,True,"(16.13657751110229, -4.695360775679816)"
COMrow829/finite_ordered,True,
COMrow829/known_mode,True,
COMrow829/provider_count,True,
COMrow829/single_physical_phase,True,
COMrow829/phase_label,True,
COMrow829/relay_time_coverage,True,
COMrow829/direct_priority_entire_interval,True,
COMrow829/continuous_terrain_and_distance,True,10.358247079458517
COMrow830/finite_ordered,True,
COMrow830/known_mode,True,
COMrow830/provider_count,True,
COMrow830/single_physical_phase,True,
COMrow830/phase_label,True,
COMrow830/unique_point,True,
COMrow830/instant_link_and_priority,True,"(10.358247079458522, -5.805162963709037)"
COMrow831/finite_ordered,True,
COMrow831/known_mode,True,
COMrow831/provider_count,True,
COMrow831/single_physical_phase,True,
COMrow831/phase_label,True,
COMrow831/relay_time_coverage,True,
COMrow831/direct_priority_entire_interval,True,
COMrow831/continuous_terrain_and_distance,True,10.358247079458517
COMrow832/finite_ordered,True,
COMrow832/known_mode,True,
COMrow832/provider_count,True,
COMrow832/single_physical_phase,True,
COMrow832/phase_label,True,
COMrow832/unique_point,True,
COMrow832/instant_link_and_priority,True,"(10.358950668358574, -5.803869025619946)"
COMrow833/finite_ordered,True,
COMrow833/known_mode,True,
COMrow833/provider_count,True,
COMrow833/single_physical_phase,True,
COMrow833/phase_label,True,
COMrow833/relay_time_coverage,True,
COMrow833/direct_priority_entire_interval,True,
COMrow833/continuous_terrain_and_distance,True,10.348024262734999
COMrow834/finite_ordered,True,
COMrow834/known_mode,True,
COMrow834/provider_count,True,
COMrow834/single_physical_phase,True,
COMrow834/phase_label,True,
COMrow834/unique_point,True,
COMrow834/instant_link_and_priority,True,"(0.3480242627349952, -5.801771666176052)"
COMrow835/finite_ordered,True,
COMrow835/known_mode,True,
COMrow835/provider_count,True,
COMrow835/single_physical_phase,True,
COMrow835/phase_label,True,
COMrow835/relay_time_coverage,True,
COMrow835/direct_priority_entire_interval,True,
COMrow835/continuous_terrain_and_distance,True,0.3469548181322448
COMrow836/finite_ordered,True,
COMrow836/known_mode,True,
COMrow836/provider_count,True,
COMrow836/single_physical_phase,True,
COMrow836/phase_label,True,
COMrow836/unique_point,True,
COMrow836/instant_link_and_priority,True,"(0.3469548181322466, -5.801688715170997)"
COMrow837/finite_ordered,True,
COMrow837/known_mode,True,
COMrow837/provider_count,True,
COMrow837/single_physical_phase,True,
COMrow837/phase_label,True,
COMrow837/relay_time_coverage,True,
COMrow837/direct_priority_entire_interval,True,
COMrow837/continuous_terrain_and_distance,True,0.34665193773918546
COMrow838/finite_ordered,True,
COMrow838/known_mode,True,
COMrow838/provider_count,True,
COMrow838/single_physical_phase,True,
COMrow838/phase_label,True,
COMrow838/unique_point,True,
COMrow838/instant_link_and_priority,True,"(0.3466519377391819, -5.801666416642348)"
COMrow839/finite_ordered,True,
COMrow839/known_mode,True,
COMrow839/provider_count,True,
COMrow839/single_physical_phase,True,
COMrow839/phase_label,True,
COMrow839/relay_time_coverage,True,
COMrow839/direct_priority_entire_interval,True,
COMrow839/continuous_terrain_and_distance,True,0.33460454529745753
COMrow840/finite_ordered,True,
COMrow840/known_mode,True,
COMrow840/provider_count,True,
COMrow840/single_physical_phase,True,
COMrow840/phase_label,True,
COMrow840/unique_point,True,
COMrow840/instant_link_and_priority,True,"(0.3346045452974522, -5.8010590358983904)"
COMrow841/finite_ordered,True,
COMrow841/known_mode,True,
COMrow841/provider_count,True,
COMrow841/single_physical_phase,True,
COMrow841/phase_label,True,
COMrow841/relay_time_coverage,True,
COMrow841/direct_priority_entire_interval,True,
COMrow841/continuous_terrain_and_distance,True,0.33460454529745753
COMrow842/finite_ordered,True,
COMrow842/known_mode,True,
COMrow842/provider_count,True,
COMrow842/single_physical_phase,True,
COMrow842/phase_label,True,
COMrow842/unique_point,True,
COMrow842/instant_link_and_priority,True,"(0.3346045452974522, -5.8010590358983904)"
COMrow843/finite_ordered,True,
COMrow843/known_mode,True,
COMrow843/provider_count,True,
COMrow843/single_physical_phase,True,
COMrow843/phase_label,True,
COMrow843/relay_time_coverage,True,
COMrow843/direct_priority_entire_interval,True,
COMrow843/continuous_terrain_and_distance,True,0.33460454529745753
COMrow844/finite_ordered,True,
COMrow844/known_mode,True,
COMrow844/provider_count,True,
COMrow844/single_physical_phase,True,
COMrow844/phase_label,True,
COMrow844/unique_point,True,
COMrow844/instant_link_and_priority,True,"(0.3346045452974522, -5.8010590358983904)"
COMrow845/finite_ordered,True,
COMrow845/known_mode,True,
COMrow845/provider_count,True,
COMrow845/single_physical_phase,True,
COMrow845/phase_label,True,
COMrow845/relay_time_coverage,True,
COMrow845/direct_priority_entire_interval,True,
COMrow845/continuous_terrain_and_distance,True,0.33460454529745753
COMrow846/finite_ordered,True,
COMrow846/known_mode,True,
COMrow846/provider_count,True,
COMrow846/single_physical_phase,True,
COMrow846/phase_label,True,
COMrow846/unique_point,True,
COMrow846/instant_link_and_priority,True,"(0.3466519377391819, -5.801666416642348)"
COMrow847/finite_ordered,True,
COMrow847/known_mode,True,
COMrow847/provider_count,True,
COMrow847/single_physical_phase,True,
COMrow847/phase_label,True,
COMrow847/relay_time_coverage,True,
COMrow847/direct_priority_entire_interval,True,
COMrow847/continuous_terrain_and_distance,True,0.34665193773918546
COMrow848/finite_ordered,True,
COMrow848/known_mode,True,
COMrow848/provider_count,True,
COMrow848/single_physical_phase,True,
COMrow848/phase_label,True,
COMrow848/unique_point,True,
COMrow848/instant_link_and_priority,True,"(0.3469548181322466, -5.801688715170997)"
COMrow849/finite_ordered,True,
COMrow849/known_mode,True,
COMrow849/provider_count,True,
COMrow849/single_physical_phase,True,
COMrow849/phase_label,True,
COMrow849/relay_time_coverage,True,
COMrow849/direct_priority_entire_interval,True,
COMrow849/continuous_terrain_and_distance,True,0.3469548181322448
COMrow850/finite_ordered,True,
COMrow850/known_mode,True,
COMrow850/provider_count,True,
COMrow850/single_physical_phase,True,
COMrow850/phase_label,True,
COMrow850/unique_point,True,
COMrow850/instant_link_and_priority,True,"(0.3480242627349952, -5.801771666176052)"
COMrow851/finite_ordered,True,
COMrow851/known_mode,True,
COMrow851/provider_count,True,
COMrow851/single_physical_phase,True,
COMrow851/phase_label,True,
COMrow851/relay_time_coverage,True,
COMrow851/direct_priority_entire_interval,True,
COMrow851/continuous_terrain_and_distance,True,10.348024262734999
COMrow852/finite_ordered,True,
COMrow852/known_mode,True,
COMrow852/provider_count,True,
COMrow852/single_physical_phase,True,
COMrow852/phase_label,True,
COMrow852/unique_point,True,
COMrow852/instant_link_and_priority,True,"(10.358950668358574, -5.803869025619946)"
COMrow853/finite_ordered,True,
COMrow853/known_mode,True,
COMrow853/provider_count,True,
COMrow853/single_physical_phase,True,
COMrow853/phase_label,True,
COMrow853/relay_time_coverage,True,
COMrow853/direct_priority_entire_interval,True,
COMrow853/continuous_terrain_and_distance,True,10.358247079458517
COMrow854/finite_ordered,True,
COMrow854/known_mode,True,
COMrow854/provider_count,True,
COMrow854/single_physical_phase,True,
COMrow854/phase_label,True,
COMrow854/unique_point,True,
COMrow854/instant_link_and_priority,True,"(10.358247079458522, -5.805162963709037)"
COMrow855/finite_ordered,True,
COMrow855/known_mode,True,
COMrow855/provider_count,True,
COMrow855/single_physical_phase,True,
COMrow855/phase_label,True,
COMrow855/relay_time_coverage,True,
COMrow855/direct_priority_entire_interval,True,
COMrow855/continuous_terrain_and_distance,True,10.358247079458517
COMrow856/finite_ordered,True,
COMrow856/known_mode,True,
COMrow856/provider_count,True,
COMrow856/single_physical_phase,True,
COMrow856/phase_label,True,
COMrow856/unique_point,True,
COMrow856/instant_link_and_priority,True,"(16.13657751110229, -4.695360775679816)"
COMrow857/finite_ordered,True,
COMrow857/known_mode,True,
COMrow857/provider_count,True,
COMrow857/single_physical_phase,True,
COMrow857/phase_label,True,
COMrow857/relay_time_coverage,True,
COMrow857/direct_priority_entire_interval,True,
COMrow857/continuous_terrain_and_distance,True,16.13657751110229
COMrow858/finite_ordered,True,
COMrow858/known_mode,True,
COMrow858/provider_count,True,
COMrow858/single_physical_phase,True,
COMrow858/phase_label,True,
COMrow858/unique_point,True,
COMrow858/instant_link_and_priority,True,"(28.1735878695349, -3.004390068042966)"
COMrow859/finite_ordered,True,
COMrow859/known_mode,True,
COMrow859/provider_count,True,
COMrow859/single_physical_phase,True,
COMrow859/phase_label,True,
COMrow859/continuous_terrain_and_distance,True,6.995609931957031
COMrow860/finite_ordered,True,
COMrow860/known_mode,True,
COMrow860/provider_count,True,
COMrow860/single_physical_phase,True,
COMrow860/phase_label,True,
COMrow860/unique_point,True,
COMrow860/instant_link_and_priority,True,"(9.281780285895707, 9.281780285895707)"
COMrow861/finite_ordered,True,
COMrow861/known_mode,True,
COMrow861/provider_count,True,
COMrow861/single_physical_phase,True,
COMrow861/phase_label,True,
COMrow861/continuous_terrain_and_distance,True,9.281780285895707
COMrow862/finite_ordered,True,
COMrow862/known_mode,True,
COMrow862/provider_count,True,
COMrow862/single_physical_phase,True,
COMrow862/phase_label,True,
COMrow862/unique_point,True,
COMrow862/instant_link_and_priority,True,"(9.999999999999687, 9.999999999999687)"
COMrow863/finite_ordered,True,
COMrow863/known_mode,True,
COMrow863/provider_count,True,
COMrow863/single_physical_phase,True,
COMrow863/phase_label,True,
COMrow863/continuous_terrain_and_distance,True,9.999999999999684
COMrow864/finite_ordered,True,
COMrow864/known_mode,True,
COMrow864/provider_count,True,
COMrow864/single_physical_phase,True,
COMrow864/phase_label,True,
COMrow864/unique_point,True,
COMrow864/instant_link_and_priority,True,"(10.154928987501108, 10.154928987501108)"
COMrow865/finite_ordered,True,
COMrow865/known_mode,True,
COMrow865/provider_count,True,
COMrow865/single_physical_phase,True,
COMrow865/phase_label,True,
COMrow865/continuous_terrain_and_distance,True,10.154928987501105
COMrow866/finite_ordered,True,
COMrow866/known_mode,True,
COMrow866/provider_count,True,
COMrow866/single_physical_phase,True,
COMrow866/phase_label,True,
COMrow866/unique_point,True,
COMrow866/instant_link_and_priority,True,"(33.968262608738186, 33.968262608738186)"
COMrow867/finite_ordered,True,
COMrow867/known_mode,True,
COMrow867/provider_count,True,
COMrow867/single_physical_phase,True,
COMrow867/phase_label,True,
COMrow867/continuous_terrain_and_distance,True,33.968262608738186
COMrow868/finite_ordered,True,
COMrow868/known_mode,True,
COMrow868/provider_count,True,
COMrow868/single_physical_phase,True,
COMrow868/phase_label,True,
COMrow868/unique_point,True,
COMrow868/instant_link_and_priority,True,"(45.82290764368433, 45.82290764368433)"
COMrow869/finite_ordered,True,
COMrow869/known_mode,True,
COMrow869/provider_count,True,
COMrow869/single_physical_phase,True,
COMrow869/phase_label,True,
COMrow869/continuous_terrain_and_distance,True,45.82290764368433
COMrow870/finite_ordered,True,
COMrow870/known_mode,True,
COMrow870/provider_count,True,
COMrow870/single_physical_phase,True,
COMrow870/phase_label,True,
COMrow870/unique_point,True,
COMrow870/instant_link_and_priority,True,"(50.80570620510416, 50.80570620510416)"
COMrow871/finite_ordered,True,
COMrow871/known_mode,True,
COMrow871/provider_count,True,
COMrow871/single_physical_phase,True,
COMrow871/phase_label,True,
COMrow871/continuous_terrain_and_distance,True,50.80570620510416
COMrow872/finite_ordered,True,
COMrow872/known_mode,True,
COMrow872/provider_count,True,
COMrow872/single_physical_phase,True,
COMrow872/phase_label,True,
COMrow872/unique_point,True,
COMrow872/instant_link_and_priority,True,"(60.56487003084824, 60.56487003084824)"
COMrow873/finite_ordered,True,
COMrow873/known_mode,True,
COMrow873/provider_count,True,
COMrow873/single_physical_phase,True,
COMrow873/phase_label,True,
COMrow873/continuous_terrain_and_distance,True,60.56487003084824
COMrow874/finite_ordered,True,
COMrow874/known_mode,True,
COMrow874/provider_count,True,
COMrow874/single_physical_phase,True,
COMrow874/phase_label,True,
COMrow874/unique_point,True,
COMrow874/instant_link_and_priority,True,"(63.04826031558949, 63.04826031558949)"
COMrow875/finite_ordered,True,
COMrow875/known_mode,True,
COMrow875/provider_count,True,
COMrow875/single_physical_phase,True,
COMrow875/phase_label,True,
COMrow875/continuous_terrain_and_distance,True,56.38238674364704
COMrow876/finite_ordered,True,
COMrow876/known_mode,True,
COMrow876/provider_count,True,
COMrow876/single_physical_phase,True,
COMrow876/phase_label,True,
COMrow876/unique_point,True,
COMrow876/instant_link_and_priority,True,"(56.38238674364703, 56.38238674364703)"
COMrow877/finite_ordered,True,
COMrow877/known_mode,True,
COMrow877/provider_count,True,
COMrow877/single_physical_phase,True,
COMrow877/phase_label,True,
COMrow877/continuous_terrain_and_distance,True,45.92517525248826
COMrow878/finite_ordered,True,
COMrow878/known_mode,True,
COMrow878/provider_count,True,
COMrow878/single_physical_phase,True,
COMrow878/phase_label,True,
COMrow878/unique_point,True,
COMrow878/instant_link_and_priority,True,"(45.92517525248826, 45.92517525248826)"
Q3-T-012/has_communication_spans,True,
Q3-T-012/takeoff_boundary,True,
Q3-T-012/return_boundary,True,
Q3-T-012/no_gap_or_overlap,True,
Q3-T-012/no_gap_or_overlap,True,
Q3-T-012/no_gap_or_overlap,True,
Q3-T-012/no_gap_or_overlap,True,
Q3-T-012/no_gap_or_overlap,True,
Q3-T-012/no_gap_or_overlap,True,
Q3-T-012/no_gap_or_overlap,True,
Q3-T-012/no_gap_or_overlap,True,
Q3-T-012/no_gap_or_overlap,True,
Q3-T-012/no_gap_or_overlap,True,
Q3-T-012/no_gap_or_overlap,True,
Q3-T-012/no_gap_or_overlap,True,
Q3-T-012/no_gap_or_overlap,True,
Q3-T-012/no_gap_or_overlap,True,
Q3-T-012/no_gap_or_overlap,True,
Q3-T-012/no_gap_or_overlap,True,
Q3-T-012/no_gap_or_overlap,True,
Q3-T-012/no_gap_or_overlap,True,
Q3-T-012/no_gap_or_overlap,True,
Q3-T-012/no_gap_or_overlap,True,
Q3-T-012/no_gap_or_overlap,True,
Q3-T-012/no_gap_or_overlap,True,
Q3-T-012/no_gap_or_overlap,True,
Q3-T-012/no_gap_or_overlap,True,
Q3-T-012/no_gap_or_overlap,True,
Q3-T-012/no_gap_or_overlap,True,
Q3-T-012/no_gap_or_overlap,True,
Q3-T-012/no_gap_or_overlap,True,
Q3-T-012/no_gap_or_overlap,True,
Q3-T-012/no_gap_or_overlap,True,
Q3-T-012/no_gap_or_overlap,True,
Q3-T-012/no_gap_or_overlap,True,
Q3-T-012/no_gap_or_overlap,True,
Q3-T-012/no_gap_or_overlap,True,
Q3-T-012/no_gap_or_overlap,True,
Q3-T-012/all_boundary_points_present,True,0
Q3-T-012/point_inside_mission,True,
Q3-T-012/point_inside_mission,True,
Q3-T-012/point_inside_mission,True,
Q3-T-012/point_inside_mission,True,
Q3-T-012/point_inside_mission,True,
Q3-T-012/point_inside_mission,True,
Q3-T-012/point_inside_mission,True,
Q3-T-012/point_inside_mission,True,
Q3-T-012/point_inside_mission,True,
Q3-T-012/point_inside_mission,True,
Q3-T-012/point_inside_mission,True,
Q3-T-012/point_inside_mission,True,
Q3-T-012/point_inside_mission,True,
Q3-T-012/point_inside_mission,True,
Q3-T-012/point_inside_mission,True,
Q3-T-012/point_inside_mission,True,
Q3-T-012/point_inside_mission,True,
Q3-T-012/point_inside_mission,True,
Q3-T-012/point_inside_mission,True,
Q3-T-012/point_inside_mission,True,
Q3-T-012/point_inside_mission,True,
Q3-T-012/point_inside_mission,True,
Q3-T-012/point_inside_mission,True,
Q3-T-012/point_inside_mission,True,
Q3-T-012/point_inside_mission,True,
Q3-T-012/point_inside_mission,True,
Q3-T-012/point_inside_mission,True,
Q3-T-012/point_inside_mission,True,
Q3-T-012/point_inside_mission,True,
Q3-T-012/point_inside_mission,True,
Q3-T-012/point_inside_mission,True,
Q3-T-012/point_inside_mission,True,
Q3-T-012/point_inside_mission,True,
Q3-T-012/point_inside_mission,True,
Q3-T-012/point_inside_mission,True,
Q3-T-012/point_inside_mission,True,
Q3-T-012/point_inside_mission,True,
COMrow879/finite_ordered,True,
COMrow879/known_mode,True,
COMrow879/provider_count,True,
COMrow879/single_physical_phase,True,
COMrow879/phase_label,True,
COMrow879/unique_point,True,
COMrow879/instant_link_and_priority,True,"(45.92517525248826, 45.92517525248826)"
COMrow880/finite_ordered,True,
COMrow880/known_mode,True,
COMrow880/provider_count,True,
COMrow880/single_physical_phase,True,
COMrow880/phase_label,True,
COMrow880/continuous_terrain_and_distance,True,45.925175252488266
COMrow881/finite_ordered,True,
COMrow881/known_mode,True,
COMrow881/provider_count,True,
COMrow881/single_physical_phase,True,
COMrow881/phase_label,True,
COMrow881/unique_point,True,
COMrow881/instant_link_and_priority,True,"(46.38238674364695, 46.38238674364695)"
COMrow882/finite_ordered,True,
COMrow882/known_mode,True,
COMrow882/provider_count,True,
COMrow882/single_physical_phase,True,
COMrow882/phase_label,True,
COMrow882/continuous_terrain_and_distance,True,56.38238674364702
COMrow883/finite_ordered,True,
COMrow883/known_mode,True,
COMrow883/provider_count,True,
COMrow883/single_physical_phase,True,
COMrow883/phase_label,True,
COMrow883/unique_point,True,
COMrow883/instant_link_and_priority,True,"(63.04826031558985, 63.04826031558985)"
COMrow884/finite_ordered,True,
COMrow884/known_mode,True,
COMrow884/provider_count,True,
COMrow884/single_physical_phase,True,
COMrow884/phase_label,True,
COMrow884/continuous_terrain_and_distance,True,60.564870030848155
COMrow885/finite_ordered,True,
COMrow885/known_mode,True,
COMrow885/provider_count,True,
COMrow885/single_physical_phase,True,
COMrow885/phase_label,True,
COMrow885/unique_point,True,
COMrow885/instant_link_and_priority,True,"(60.564870030848155, 60.564870030848155)"
COMrow886/finite_ordered,True,
COMrow886/known_mode,True,
COMrow886/provider_count,True,
COMrow886/single_physical_phase,True,
COMrow886/phase_label,True,
COMrow886/continuous_terrain_and_distance,True,50.80570620510423
COMrow887/finite_ordered,True,
COMrow887/known_mode,True,
COMrow887/provider_count,True,
COMrow887/single_physical_phase,True,
COMrow887/phase_label,True,
COMrow887/unique_point,True,
COMrow887/instant_link_and_priority,True,"(50.80570620510423, 50.80570620510423)"
COMrow888/finite_ordered,True,
COMrow888/known_mode,True,
COMrow888/provider_count,True,
COMrow888/single_physical_phase,True,
COMrow888/phase_label,True,
COMrow888/continuous_terrain_and_distance,True,45.822907643684296
COMrow889/finite_ordered,True,
COMrow889/known_mode,True,
COMrow889/provider_count,True,
COMrow889/single_physical_phase,True,
COMrow889/phase_label,True,
COMrow889/unique_point,True,
COMrow889/instant_link_and_priority,True,"(45.82290764368429, 45.82290764368429)"
COMrow890/finite_ordered,True,
COMrow890/known_mode,True,
COMrow890/provider_count,True,
COMrow890/single_physical_phase,True,
COMrow890/phase_label,True,
COMrow890/continuous_terrain_and_distance,True,39.982830377148545
COMrow891/finite_ordered,True,
COMrow891/known_mode,True,
COMrow891/provider_count,True,
COMrow891/single_physical_phase,True,
COMrow891/phase_label,True,
COMrow891/unique_point,True,
COMrow891/instant_link_and_priority,True,"(39.982830377148545, 39.982830377148545)"
COMrow892/finite_ordered,True,
COMrow892/known_mode,True,
COMrow892/provider_count,True,
COMrow892/single_physical_phase,True,
COMrow892/phase_label,True,
COMrow892/continuous_terrain_and_distance,True,17.79550583936357
COMrow893/finite_ordered,True,
COMrow893/known_mode,True,
COMrow893/provider_count,True,
COMrow893/single_physical_phase,True,
COMrow893/phase_label,True,
COMrow893/unique_point,True,
COMrow893/instant_link_and_priority,True,"(17.79550583936357, 17.79550583936357)"
COMrow894/finite_ordered,True,
COMrow894/known_mode,True,
COMrow894/provider_count,True,
COMrow894/single_physical_phase,True,
COMrow894/phase_label,True,
COMrow894/continuous_terrain_and_distance,True,4.918777094567158
COMrow895/finite_ordered,True,
COMrow895/known_mode,True,
COMrow895/provider_count,True,
COMrow895/single_physical_phase,True,
COMrow895/phase_label,True,
COMrow895/unique_point,True,
COMrow895/instant_link_and_priority,True,"(4.918777094567162, 4.918777094567162)"
COMrow896/finite_ordered,True,
COMrow896/known_mode,True,
COMrow896/provider_count,True,
COMrow896/single_physical_phase,True,
COMrow896/phase_label,True,
COMrow896/continuous_terrain_and_distance,True,4.365419094587921
COMrow897/finite_ordered,True,
COMrow897/known_mode,True,
COMrow897/provider_count,True,
COMrow897/single_physical_phase,True,
COMrow897/phase_label,True,
COMrow897/unique_point,True,
COMrow897/instant_link_and_priority,True,"(4.365419094587921, 4.365419094587921)"
COMrow898/finite_ordered,True,
COMrow898/known_mode,True,
COMrow898/provider_count,True,
COMrow898/single_physical_phase,True,
COMrow898/phase_label,True,
COMrow898/continuous_terrain_and_distance,True,2.2410165102830195
COMrow899/finite_ordered,True,
COMrow899/known_mode,True,
COMrow899/provider_count,True,
COMrow899/single_physical_phase,True,
COMrow899/phase_label,True,
COMrow899/unique_point,True,
COMrow899/instant_link_and_priority,True,"(2.2410165102830177, 2.2410165102830177)"
COMrow900/finite_ordered,True,
COMrow900/known_mode,True,
COMrow900/provider_count,True,
COMrow900/single_physical_phase,True,
COMrow900/phase_label,True,
COMrow900/continuous_terrain_and_distance,True,2.2410165102830195
COMrow901/finite_ordered,True,
COMrow901/known_mode,True,
COMrow901/provider_count,True,
COMrow901/single_physical_phase,True,
COMrow901/phase_label,True,
COMrow901/unique_point,True,
COMrow901/instant_link_and_priority,True,"(2.2465553185876814, 2.2465553185876814)"
COMrow902/finite_ordered,True,
COMrow902/known_mode,True,
COMrow902/provider_count,True,
COMrow902/single_physical_phase,True,
COMrow902/phase_label,True,
COMrow902/continuous_terrain_and_distance,True,2.246555318587685
COMrow903/finite_ordered,True,
COMrow903/known_mode,True,
COMrow903/provider_count,True,
COMrow903/single_physical_phase,True,
COMrow903/phase_label,True,
COMrow903/unique_point,True,
COMrow903/instant_link_and_priority,True,"(2.2473088722119314, 2.2473088722119314)"
COMrow904/finite_ordered,True,
COMrow904/known_mode,True,
COMrow904/provider_count,True,
COMrow904/single_physical_phase,True,
COMrow904/phase_label,True,
COMrow904/continuous_terrain_and_distance,True,2.2473088722119297
COMrow905/finite_ordered,True,
COMrow905/known_mode,True,
COMrow905/provider_count,True,
COMrow905/single_physical_phase,True,
COMrow905/phase_label,True,
COMrow905/unique_point,True,
COMrow905/instant_link_and_priority,True,"(2.2475814025186764, 2.2475814025186764)"
COMrow906/finite_ordered,True,
COMrow906/known_mode,True,
COMrow906/provider_count,True,
COMrow906/single_physical_phase,True,
COMrow906/phase_label,True,
COMrow906/continuous_terrain_and_distance,True,2.247581402518678
COMrow907/finite_ordered,True,
COMrow907/known_mode,True,
COMrow907/provider_count,True,
COMrow907/single_physical_phase,True,
COMrow907/phase_label,True,
COMrow907/unique_point,True,
COMrow907/instant_link_and_priority,True,"(2.24771385877267, 2.24771385877267)"
COMrow908/finite_ordered,True,
COMrow908/known_mode,True,
COMrow908/provider_count,True,
COMrow908/single_physical_phase,True,
COMrow908/phase_label,True,
COMrow908/continuous_terrain_and_distance,True,2.24771385877267
COMrow909/finite_ordered,True,
COMrow909/known_mode,True,
COMrow909/provider_count,True,
COMrow909/single_physical_phase,True,
COMrow909/phase_label,True,
COMrow909/unique_point,True,
COMrow909/instant_link_and_priority,True,"(2.24771385877267, 2.24771385877267)"
COMrow910/finite_ordered,True,
COMrow910/known_mode,True,
COMrow910/provider_count,True,
COMrow910/single_physical_phase,True,
COMrow910/phase_label,True,
COMrow910/continuous_terrain_and_distance,True,2.247581402518678
COMrow911/finite_ordered,True,
COMrow911/known_mode,True,
COMrow911/provider_count,True,
COMrow911/single_physical_phase,True,
COMrow911/phase_label,True,
COMrow911/unique_point,True,
COMrow911/instant_link_and_priority,True,"(2.2475814025186764, 2.2475814025186764)"
COMrow912/finite_ordered,True,
COMrow912/known_mode,True,
COMrow912/provider_count,True,
COMrow912/single_physical_phase,True,
COMrow912/phase_label,True,
COMrow912/continuous_terrain_and_distance,True,2.2473088722119297
COMrow913/finite_ordered,True,
COMrow913/known_mode,True,
COMrow913/provider_count,True,
COMrow913/single_physical_phase,True,
COMrow913/phase_label,True,
COMrow913/unique_point,True,
COMrow913/instant_link_and_priority,True,"(2.2473088722119314, 2.2473088722119314)"
COMrow914/finite_ordered,True,
COMrow914/known_mode,True,
COMrow914/provider_count,True,
COMrow914/single_physical_phase,True,
COMrow914/phase_label,True,
COMrow914/continuous_terrain_and_distance,True,2.246555318587685
COMrow915/finite_ordered,True,
COMrow915/known_mode,True,
COMrow915/provider_count,True,
COMrow915/single_physical_phase,True,
COMrow915/phase_label,True,
COMrow915/unique_point,True,
COMrow915/instant_link_and_priority,True,"(2.2465553185876814, 2.2465553185876814)"
COMrow916/finite_ordered,True,
COMrow916/known_mode,True,
COMrow916/provider_count,True,
COMrow916/single_physical_phase,True,
COMrow916/phase_label,True,
COMrow916/continuous_terrain_and_distance,True,2.236192953852015
COMrow917/finite_ordered,True,
COMrow917/known_mode,True,
COMrow917/provider_count,True,
COMrow917/single_physical_phase,True,
COMrow917/phase_label,True,
COMrow917/unique_point,True,
COMrow917/instant_link_and_priority,True,"(2.2361929538520116, 2.2361929538520116)"
COMrow918/finite_ordered,True,
COMrow918/known_mode,True,
COMrow918/provider_count,True,
COMrow918/single_physical_phase,True,
COMrow918/phase_label,True,
COMrow918/continuous_terrain_and_distance,True,-6.146194664324867e-13
COMrow919/finite_ordered,True,
COMrow919/known_mode,True,
COMrow919/provider_count,True,
COMrow919/single_physical_phase,True,
COMrow919/phase_label,True,
COMrow919/unique_point,True,
COMrow919/instant_link_and_priority,True,"(-6.110667527536862e-13, -6.110667527536862e-13)"
COMrow920/finite_ordered,True,
COMrow920/known_mode,True,
COMrow920/provider_count,True,
COMrow920/single_physical_phase,True,
COMrow920/phase_label,True,
COMrow920/relay_time_coverage,True,
COMrow920/direct_priority_entire_interval,True,
COMrow920/continuous_terrain_and_distance,True,1.9938964534497572
COMrow921/finite_ordered,True,
COMrow921/known_mode,True,
COMrow921/provider_count,True,
COMrow921/single_physical_phase,True,
COMrow921/phase_label,True,
COMrow921/unique_point,True,
COMrow921/instant_link_and_priority,True,"(1.9938964534497643, -0.5241457950057935)"
COMrow922/finite_ordered,True,
COMrow922/known_mode,True,
COMrow922/provider_count,True,
COMrow922/single_physical_phase,True,
COMrow922/phase_label,True,
COMrow922/relay_time_coverage,True,
COMrow922/direct_priority_entire_interval,True,
COMrow922/continuous_terrain_and_distance,True,1.3007990174993473
COMrow923/finite_ordered,True,
COMrow923/known_mode,True,
COMrow923/provider_count,True,
COMrow923/single_physical_phase,True,
COMrow923/phase_label,True,
COMrow923/unique_point,True,
COMrow923/instant_link_and_priority,True,"(1.3007990174993438, -1.9023977237661143)"
COMrow924/finite_ordered,True,
COMrow924/known_mode,True,
COMrow924/provider_count,True,
COMrow924/single_physical_phase,True,
COMrow924/phase_label,True,
COMrow924/relay_time_coverage,True,
COMrow924/direct_priority_entire_interval,True,
COMrow924/continuous_terrain_and_distance,True,0.797579981595911
COMrow925/finite_ordered,True,
COMrow925/known_mode,True,
COMrow925/provider_count,True,
COMrow925/single_physical_phase,True,
COMrow925/phase_label,True,
COMrow925/unique_point,True,
COMrow925/instant_link_and_priority,True,"(0.7975799815959164, -2.741000500488866)"
COMrow926/finite_ordered,True,
COMrow926/known_mode,True,
COMrow926/provider_count,True,
COMrow926/single_physical_phase,True,
COMrow926/phase_label,True,
COMrow926/relay_time_coverage,True,
COMrow926/direct_priority_entire_interval,True,
COMrow926/continuous_terrain_and_distance,True,0.2805920169774829
COMrow927/finite_ordered,True,
COMrow927/known_mode,True,
COMrow927/provider_count,True,
COMrow927/single_physical_phase,True,
COMrow927/phase_label,True,
COMrow927/unique_point,True,
COMrow927/instant_link_and_priority,True,"(0.2805920169774794, -3.515471845325621)"
COMrow928/finite_ordered,True,
COMrow928/known_mode,True,
COMrow928/provider_count,True,
COMrow928/single_physical_phase,True,
COMrow928/phase_label,True,
COMrow928/relay_time_coverage,True,
COMrow928/direct_priority_entire_interval,True,
COMrow928/continuous_terrain_and_distance,True,0.24468052465549306
COMrow929/finite_ordered,True,
COMrow929/known_mode,True,
COMrow929/provider_count,True,
COMrow929/single_physical_phase,True,
COMrow929/phase_label,True,
COMrow929/unique_point,True,
COMrow929/instant_link_and_priority,True,"(0.24468052465549306, -3.56673588738704)"
COMrow930/finite_ordered,True,
COMrow930/known_mode,True,
COMrow930/provider_count,True,
COMrow930/single_physical_phase,True,
COMrow930/phase_label,True,
COMrow930/relay_time_coverage,True,
COMrow930/direct_priority_entire_interval,True,
COMrow930/continuous_terrain_and_distance,True,0.19999999999982698
COMrow931/finite_ordered,True,
COMrow931/known_mode,True,
COMrow931/provider_count,True,
COMrow931/single_physical_phase,True,
COMrow931/phase_label,True,
COMrow931/unique_point,True,
COMrow931/instant_link_and_priority,True,"(0.1999999999998323, -3.63011592004581)"
COMrow932/finite_ordered,True,
COMrow932/known_mode,True,
COMrow932/provider_count,True,
COMrow932/single_physical_phase,True,
COMrow932/phase_label,True,
COMrow932/relay_time_coverage,True,
COMrow932/direct_priority_entire_interval,True,
COMrow932/continuous_terrain_and_distance,True,10.414805847486996
COMrow933/finite_ordered,True,
COMrow933/known_mode,True,
COMrow933/provider_count,True,
COMrow933/single_physical_phase,True,
COMrow933/phase_label,True,
COMrow933/unique_point,True,
COMrow933/instant_link_and_priority,True,"(0.41480584748698845, -3.745461571303011)"
COMrow934/finite_ordered,True,
COMrow934/known_mode,True,
COMrow934/provider_count,True,
COMrow934/single_physical_phase,True,
COMrow934/phase_label,True,
COMrow934/relay_time_coverage,True,
COMrow934/direct_priority_entire_interval,True,
COMrow934/continuous_terrain_and_distance,True,0.23221191286616616
COMrow935/finite_ordered,True,
COMrow935/known_mode,True,
COMrow935/provider_count,True,
COMrow935/single_physical_phase,True,
COMrow935/phase_label,True,
COMrow935/unique_point,True,
COMrow935/instant_link_and_priority,True,"(0.2322119128661626, -3.934567759672177)"
COMrow936/finite_ordered,True,
COMrow936/known_mode,True,
COMrow936/provider_count,True,
COMrow936/single_physical_phase,True,
COMrow936/phase_label,True,
COMrow936/relay_time_coverage,True,
COMrow936/direct_priority_entire_interval,True,
COMrow936/continuous_terrain_and_distance,True,10.200000000000845
COMrow937/finite_ordered,True,
COMrow937/known_mode,True,
COMrow937/provider_count,True,
COMrow937/single_physical_phase,True,
COMrow937/phase_label,True,
COMrow937/unique_point,True,
COMrow937/instant_link_and_priority,True,"(10.200000000000841, -3.9642944687106194)"
COMrow938/finite_ordered,True,
COMrow938/known_mode,True,
COMrow938/provider_count,True,
COMrow938/single_physical_phase,True,
COMrow938/phase_label,True,
COMrow938/relay_time_coverage,True,
COMrow938/direct_priority_entire_interval,True,
COMrow938/continuous_terrain_and_distance,True,8.85671465877289
COMrow939/finite_ordered,True,
COMrow939/known_mode,True,
COMrow939/provider_count,True,
COMrow939/single_physical_phase,True,
COMrow939/phase_label,True,
COMrow939/unique_point,True,
COMrow939/instant_link_and_priority,True,"(8.856714658772887, -4.861704557565048)"
COMrow940/finite_ordered,True,
COMrow940/known_mode,True,
COMrow940/provider_count,True,
COMrow940/single_physical_phase,True,
COMrow940/phase_label,True,
COMrow940/relay_time_coverage,True,
COMrow940/direct_priority_entire_interval,True,
COMrow940/continuous_terrain_and_distance,True,7.706438708060217
COMrow941/finite_ordered,True,
COMrow941/known_mode,True,
COMrow941/provider_count,True,
COMrow941/single_physical_phase,True,
COMrow941/phase_label,True,
COMrow941/unique_point,True,
COMrow941/instant_link_and_priority,True,"(7.706438708060219, -5.45444949320779)"
COMrow942/finite_ordered,True,
COMrow942/known_mode,True,
COMrow942/provider_count,True,
COMrow942/single_physical_phase,True,
COMrow942/phase_label,True,
COMrow942/relay_time_coverage,True,
COMrow942/direct_priority_entire_interval,True,
COMrow942/continuous_terrain_and_distance,True,7.705511387812388
COMrow943/finite_ordered,True,
COMrow943/known_mode,True,
COMrow943/provider_count,True,
COMrow943/single_physical_phase,True,
COMrow943/phase_label,True,
COMrow943/unique_point,True,
COMrow943/instant_link_and_priority,True,"(7.705511387812393, -5.454188817863098)"
COMrow944/finite_ordered,True,
COMrow944/known_mode,True,
COMrow944/provider_count,True,
COMrow944/single_physical_phase,True,
COMrow944/phase_label,True,
COMrow944/relay_time_coverage,True,
COMrow944/direct_priority_entire_interval,True,
COMrow944/continuous_terrain_and_distance,True,7.701011896197556
COMrow945/finite_ordered,True,
COMrow945/known_mode,True,
COMrow945/provider_count,True,
COMrow945/single_physical_phase,True,
COMrow945/phase_label,True,
COMrow945/unique_point,True,
COMrow945/instant_link_and_priority,True,"(7.701011896197556, -5.453400725387809)"
COMrow946/finite_ordered,True,
COMrow946/known_mode,True,
COMrow946/provider_count,True,
COMrow946/single_physical_phase,True,
COMrow946/phase_label,True,
COMrow946/relay_time_coverage,True,
COMrow946/direct_priority_entire_interval,True,
COMrow946/continuous_terrain_and_distance,True,7.693941152557851
COMrow947/finite_ordered,True,
COMrow947/known_mode,True,
COMrow947/provider_count,True,
COMrow947/single_physical_phase,True,
COMrow947/phase_label,True,
COMrow947/unique_point,True,
COMrow947/instant_link_and_priority,True,"(7.693941152557855, -5.452794286226634)"
COMrow948/finite_ordered,True,
COMrow948/known_mode,True,
COMrow948/provider_count,True,
COMrow948/single_physical_phase,True,
COMrow948/phase_label,True,
COMrow948/relay_time_coverage,True,
COMrow948/direct_priority_entire_interval,True,
COMrow948/continuous_terrain_and_distance,True,7.693941152557851
COMrow949/finite_ordered,True,
COMrow949/known_mode,True,
COMrow949/provider_count,True,
COMrow949/single_physical_phase,True,
COMrow949/phase_label,True,
COMrow949/unique_point,True,
COMrow949/instant_link_and_priority,True,"(7.693941152557855, -5.452794286226634)"
COMrow950/finite_ordered,True,
COMrow950/known_mode,True,
COMrow950/provider_count,True,
COMrow950/single_physical_phase,True,
COMrow950/phase_label,True,
COMrow950/relay_time_coverage,True,
COMrow950/direct_priority_entire_interval,True,
COMrow950/continuous_terrain_and_distance,True,7.693941152557851
COMrow951/finite_ordered,True,
COMrow951/known_mode,True,
COMrow951/provider_count,True,
COMrow951/single_physical_phase,True,
COMrow951/phase_label,True,
COMrow951/unique_point,True,
COMrow951/instant_link_and_priority,True,"(7.701011896197556, -5.453400725387809)"
COMrow952/finite_ordered,True,
COMrow952/known_mode,True,
COMrow952/provider_count,True,
COMrow952/single_physical_phase,True,
COMrow952/phase_label,True,
COMrow952/relay_time_coverage,True,
COMrow952/direct_priority_entire_interval,True,
COMrow952/continuous_terrain_and_distance,True,7.701011896197556
COMrow953/finite_ordered,True,
COMrow953/known_mode,True,
COMrow953/provider_count,True,
COMrow953/single_physical_phase,True,
COMrow953/phase_label,True,
COMrow953/unique_point,True,
COMrow953/instant_link_and_priority,True,"(7.705511387812393, -5.454188817863098)"
COMrow954/finite_ordered,True,
COMrow954/known_mode,True,
COMrow954/provider_count,True,
COMrow954/single_physical_phase,True,
COMrow954/phase_label,True,
COMrow954/relay_time_coverage,True,
COMrow954/direct_priority_entire_interval,True,
COMrow954/continuous_terrain_and_distance,True,7.705511387812388
COMrow955/finite_ordered,True,
COMrow955/known_mode,True,
COMrow955/provider_count,True,
COMrow955/single_physical_phase,True,
COMrow955/phase_label,True,
COMrow955/unique_point,True,
COMrow955/instant_link_and_priority,True,"(7.706415116358258, -5.454442080570175)"
COMrow956/finite_ordered,True,
COMrow956/known_mode,True,
COMrow956/provider_count,True,
COMrow956/single_physical_phase,True,
COMrow956/phase_label,True,
COMrow956/relay_time_coverage,True,
COMrow956/direct_priority_entire_interval,True,
COMrow956/continuous_terrain_and_distance,True,7.7064151163582615
COMrow957/finite_ordered,True,
COMrow957/known_mode,True,
COMrow957/provider_count,True,
COMrow957/single_physical_phase,True,
COMrow957/phase_label,True,
COMrow957/unique_point,True,
COMrow957/instant_link_and_priority,True,"(8.863341764677372, -4.877584944292295)"
COMrow958/finite_ordered,True,
COMrow958/known_mode,True,
COMrow958/provider_count,True,
COMrow958/single_physical_phase,True,
COMrow958/phase_label,True,
COMrow958/relay_time_coverage,True,
COMrow958/direct_priority_entire_interval,True,
COMrow958/continuous_terrain_and_distance,True,8.863341764677376
COMrow959/finite_ordered,True,
COMrow959/known_mode,True,
COMrow959/provider_count,True,
COMrow959/single_physical_phase,True,
COMrow959/phase_label,True,
COMrow959/unique_point,True,
COMrow959/instant_link_and_priority,True,"(10.199999999998639, -4.060953541515062)"
COMrow960/finite_ordered,True,
COMrow960/known_mode,True,
COMrow960/provider_count,True,
COMrow960/single_physical_phase,True,
COMrow960/phase_label,True,
COMrow960/relay_time_coverage,True,
COMrow960/direct_priority_entire_interval,True,
COMrow960/continuous_terrain_and_distance,True,10.199999999998639
COMrow961/finite_ordered,True,
COMrow961/known_mode,True,
COMrow961/provider_count,True,
COMrow961/single_physical_phase,True,
COMrow961/phase_label,True,
COMrow961/unique_point,True,
COMrow961/instant_link_and_priority,True,"(0.37516951060909776, -3.918846606546637)"
COMrow962/finite_ordered,True,
COMrow962/known_mode,True,
COMrow962/provider_count,True,
COMrow962/single_physical_phase,True,
COMrow962/phase_label,True,
COMrow962/relay_time_coverage,True,
COMrow962/direct_priority_entire_interval,True,
COMrow962/continuous_terrain_and_distance,True,0.3751695106090942
COMrow963/finite_ordered,True,
COMrow963/known_mode,True,
COMrow963/provider_count,True,
COMrow963/single_physical_phase,True,
COMrow963/phase_label,True,
COMrow963/unique_point,True,
COMrow963/instant_link_and_priority,True,"(0.42440740237536545, -3.8755126970539635)"
COMrow964/finite_ordered,True,
COMrow964/known_mode,True,
COMrow964/provider_count,True,
COMrow964/single_physical_phase,True,
COMrow964/phase_label,True,
COMrow964/relay_time_coverage,True,
COMrow964/direct_priority_entire_interval,True,
COMrow964/continuous_terrain_and_distance,True,0.4244074023753708
COMrow965/finite_ordered,True,
COMrow965/known_mode,True,
COMrow965/provider_count,True,
COMrow965/single_physical_phase,True,
COMrow965/phase_label,True,
COMrow965/unique_point,True,
COMrow965/instant_link_and_priority,True,"(0.5737146346915267, -3.731078574245771)"
COMrow966/finite_ordered,True,
COMrow966/known_mode,True,
COMrow966/provider_count,True,
COMrow966/single_physical_phase,True,
COMrow966/phase_label,True,
COMrow966/relay_time_coverage,True,
COMrow966/direct_priority_entire_interval,True,
COMrow966/continuous_terrain_and_distance,True,10.573714634691529
COMrow967/finite_ordered,True,
COMrow967/known_mode,True,
COMrow967/provider_count,True,
COMrow967/single_physical_phase,True,
COMrow967/phase_label,True,
COMrow967/unique_point,True,
COMrow967/instant_link_and_priority,True,"(10.705584831408274, -3.5786532208024937)"
COMrow968/finite_ordered,True,
COMrow968/known_mode,True,
COMrow968/provider_count,True,
COMrow968/single_physical_phase,True,
COMrow968/phase_label,True,
COMrow968/relay_time_coverage,True,
COMrow968/direct_priority_entire_interval,True,
COMrow968/continuous_terrain_and_distance,True,10.705584831408279
COMrow969/finite_ordered,True,
COMrow969/known_mode,True,
COMrow969/provider_count,True,
COMrow969/single_physical_phase,True,
COMrow969/phase_label,True,
COMrow969/unique_point,True,
COMrow969/instant_link_and_priority,True,"(0.7241555561211328, -3.5542741765275707)"
COMrow970/finite_ordered,True,
COMrow970/known_mode,True,
COMrow970/provider_count,True,
COMrow970/single_physical_phase,True,
COMrow970/phase_label,True,
COMrow970/relay_time_coverage,True,
COMrow970/direct_priority_entire_interval,True,
COMrow970/continuous_terrain_and_distance,True,0.7241555561211328
COMrow971/finite_ordered,True,
COMrow971/known_mode,True,
COMrow971/provider_count,True,
COMrow971/single_physical_phase,True,
COMrow971/phase_label,True,
COMrow971/unique_point,True,
COMrow971/instant_link_and_priority,True,"(0.7341737223565161, -3.5407228363078076)"
COMrow972/finite_ordered,True,
COMrow972/known_mode,True,
COMrow972/provider_count,True,
COMrow972/single_physical_phase,True,
COMrow972/phase_label,True,
COMrow972/relay_time_coverage,True,
COMrow972/direct_priority_entire_interval,True,
COMrow972/continuous_terrain_and_distance,True,0.7341737223565179
COMrow973/finite_ordered,True,
COMrow973/known_mode,True,
COMrow973/provider_count,True,
COMrow973/single_physical_phase,True,
COMrow973/phase_label,True,
COMrow973/unique_point,True,
COMrow973/instant_link_and_priority,True,"(0.9402774596356664, -2.745623539385832)"
COMrow974/finite_ordered,True,
COMrow974/known_mode,True,
COMrow974/provider_count,True,
COMrow974/single_physical_phase,True,
COMrow974/phase_label,True,
COMrow974/relay_time_coverage,True,
COMrow974/direct_priority_entire_interval,True,
COMrow974/continuous_terrain_and_distance,True,10.199999999997246
COMrow975/finite_ordered,True,
COMrow975/known_mode,True,
COMrow975/provider_count,True,
COMrow975/single_physical_phase,True,
COMrow975/phase_label,True,
COMrow975/unique_point,True,
COMrow975/instant_link_and_priority,True,"(10.199999999997246, -1.614685564853474)"
COMrow976/finite_ordered,True,
COMrow976/known_mode,True,
COMrow976/provider_count,True,
COMrow976/single_physical_phase,True,
COMrow976/phase_label,True,
COMrow976/relay_time_coverage,True,
COMrow976/direct_priority_entire_interval,True,
COMrow976/continuous_terrain_and_distance,True,8.415265486182616
COMrow977/finite_ordered,True,
COMrow977/known_mode,True,
COMrow977/provider_count,True,
COMrow977/single_physical_phase,True,
COMrow977/phase_label,True,
COMrow977/unique_point,True,
COMrow977/instant_link_and_priority,True,"(5.542233338928781e-13, 5.542233338928781e-13)"
COMrow978/finite_ordered,True,
COMrow978/known_mode,True,
COMrow978/provider_count,True,
COMrow978/single_physical_phase,True,
COMrow978/phase_label,True,
COMrow978/continuous_terrain_and_distance,True,5.524469770534779e-13
COMrow979/finite_ordered,True,
COMrow979/known_mode,True,
COMrow979/provider_count,True,
COMrow979/single_physical_phase,True,
COMrow979/phase_label,True,
COMrow979/unique_point,True,
COMrow979/instant_link_and_priority,True,"(14.69281669188166, 14.69281669188166)"
COMrow980/finite_ordered,True,
COMrow980/known_mode,True,
COMrow980/provider_count,True,
COMrow980/single_physical_phase,True,
COMrow980/phase_label,True,
COMrow980/continuous_terrain_and_distance,True,14.692816691881657
COMrow981/finite_ordered,True,
COMrow981/known_mode,True,
COMrow981/provider_count,True,
COMrow981/single_physical_phase,True,
COMrow981/phase_label,True,
COMrow981/unique_point,True,
COMrow981/instant_link_and_priority,True,"(37.7955515486551, 37.7955515486551)"
COMrow982/finite_ordered,True,
COMrow982/known_mode,True,
COMrow982/provider_count,True,
COMrow982/single_physical_phase,True,
COMrow982/phase_label,True,
COMrow982/continuous_terrain_and_distance,True,37.7955515486551
COMrow983/finite_ordered,True,
COMrow983/known_mode,True,
COMrow983/provider_count,True,
COMrow983/single_physical_phase,True,
COMrow983/phase_label,True,
COMrow983/unique_point,True,
COMrow983/instant_link_and_priority,True,"(45.822907643684374, 45.822907643684374)"
COMrow984/finite_ordered,True,
COMrow984/known_mode,True,
COMrow984/provider_count,True,
COMrow984/single_physical_phase,True,
COMrow984/phase_label,True,
COMrow984/continuous_terrain_and_distance,True,45.82290764368438
COMrow985/finite_ordered,True,
COMrow985/known_mode,True,
COMrow985/provider_count,True,
COMrow985/single_physical_phase,True,
COMrow985/phase_label,True,
COMrow985/unique_point,True,
COMrow985/instant_link_and_priority,True,"(50.805706205104286, 50.805706205104286)"
COMrow986/finite_ordered,True,
COMrow986/known_mode,True,
COMrow986/provider_count,True,
COMrow986/single_physical_phase,True,
COMrow986/phase_label,True,
COMrow986/continuous_terrain_and_distance,True,50.805706205104286
COMrow987/finite_ordered,True,
COMrow987/known_mode,True,
COMrow987/provider_count,True,
COMrow987/single_physical_phase,True,
COMrow987/phase_label,True,
COMrow987/unique_point,True,
COMrow987/instant_link_and_priority,True,"(60.56487003084811, 60.56487003084811)"
COMrow988/finite_ordered,True,
COMrow988/known_mode,True,
COMrow988/provider_count,True,
COMrow988/single_physical_phase,True,
COMrow988/phase_label,True,
COMrow988/continuous_terrain_and_distance,True,60.56487003084811
COMrow989/finite_ordered,True,
COMrow989/known_mode,True,
COMrow989/provider_count,True,
COMrow989/single_physical_phase,True,
COMrow989/phase_label,True,
COMrow989/unique_point,True,
COMrow989/instant_link_and_priority,True,"(63.04826031558974, 63.04826031558974)"
COMrow990/finite_ordered,True,
COMrow990/known_mode,True,
COMrow990/provider_count,True,
COMrow990/single_physical_phase,True,
COMrow990/phase_label,True,
COMrow990/continuous_terrain_and_distance,True,56.38238674364725
COMrow991/finite_ordered,True,
COMrow991/known_mode,True,
COMrow991/provider_count,True,
COMrow991/single_physical_phase,True,
COMrow991/phase_label,True,
COMrow991/unique_point,True,
COMrow991/instant_link_and_priority,True,"(56.38238674364726, 56.38238674364726)"
COMrow992/finite_ordered,True,
COMrow992/known_mode,True,
COMrow992/provider_count,True,
COMrow992/single_physical_phase,True,
COMrow992/phase_label,True,
COMrow992/continuous_terrain_and_distance,True,45.92517525248826
COMrow993/finite_ordered,True,
COMrow993/known_mode,True,
COMrow993/provider_count,True,
COMrow993/single_physical_phase,True,
COMrow993/phase_label,True,
COMrow993/unique_point,True,
COMrow993/instant_link_and_priority,True,"(45.92517525248826, 45.92517525248826)"
Q3-T-013/has_communication_spans,True,
Q3-T-013/takeoff_boundary,True,
Q3-T-013/return_boundary,True,
Q3-T-013/no_gap_or_overlap,True,
Q3-T-013/no_gap_or_overlap,True,
Q3-T-013/no_gap_or_overlap,True,
Q3-T-013/no_gap_or_overlap,True,
Q3-T-013/no_gap_or_overlap,True,
Q3-T-013/no_gap_or_overlap,True,
Q3-T-013/no_gap_or_overlap,True,
Q3-T-013/no_gap_or_overlap,True,
Q3-T-013/no_gap_or_overlap,True,
Q3-T-013/no_gap_or_overlap,True,
Q3-T-013/no_gap_or_overlap,True,
Q3-T-013/no_gap_or_overlap,True,
Q3-T-013/no_gap_or_overlap,True,
Q3-T-013/no_gap_or_overlap,True,
Q3-T-013/no_gap_or_overlap,True,
Q3-T-013/no_gap_or_overlap,True,
Q3-T-013/no_gap_or_overlap,True,
Q3-T-013/no_gap_or_overlap,True,
Q3-T-013/no_gap_or_overlap,True,
Q3-T-013/no_gap_or_overlap,True,
Q3-T-013/no_gap_or_overlap,True,
Q3-T-013/no_gap_or_overlap,True,
Q3-T-013/no_gap_or_overlap,True,
Q3-T-013/no_gap_or_overlap,True,
Q3-T-013/no_gap_or_overlap,True,
Q3-T-013/no_gap_or_overlap,True,
Q3-T-013/no_gap_or_overlap,True,
Q3-T-013/no_gap_or_overlap,True,
Q3-T-013/no_gap_or_overlap,True,
Q3-T-013/no_gap_or_overlap,True,
Q3-T-013/no_gap_or_overlap,True,
Q3-T-013/no_gap_or_overlap,True,
Q3-T-013/no_gap_or_overlap,True,
Q3-T-013/no_gap_or_overlap,True,
Q3-T-013/no_gap_or_overlap,True,
Q3-T-013/no_gap_or_overlap,True,
Q3-T-013/no_gap_or_overlap,True,
Q3-T-013/no_gap_or_overlap,True,
Q3-T-013/no_gap_or_overlap,True,
Q3-T-013/no_gap_or_overlap,True,
Q3-T-013/no_gap_or_overlap,True,
Q3-T-013/no_gap_or_overlap,True,
Q3-T-013/no_gap_or_overlap,True,
Q3-T-013/no_gap_or_overlap,True,
Q3-T-013/no_gap_or_overlap,True,
Q3-T-013/no_gap_or_overlap,True,
Q3-T-013/no_gap_or_overlap,True,
Q3-T-013/no_gap_or_overlap,True,
Q3-T-013/no_gap_or_overlap,True,
Q3-T-013/no_gap_or_overlap,True,
Q3-T-013/no_gap_or_overlap,True,
Q3-T-013/no_gap_or_overlap,True,
Q3-T-013/no_gap_or_overlap,True,
Q3-T-013/no_gap_or_overlap,True,
Q3-T-013/no_gap_or_overlap,True,
Q3-T-013/no_gap_or_overlap,True,
Q3-T-013/all_boundary_points_present,True,0
Q3-T-013/point_inside_mission,True,
Q3-T-013/point_inside_mission,True,
Q3-T-013/point_inside_mission,True,
Q3-T-013/point_inside_mission,True,
Q3-T-013/point_inside_mission,True,
Q3-T-013/point_inside_mission,True,
Q3-T-013/point_inside_mission,True,
Q3-T-013/point_inside_mission,True,
Q3-T-013/point_inside_mission,True,
Q3-T-013/point_inside_mission,True,
Q3-T-013/point_inside_mission,True,
Q3-T-013/point_inside_mission,True,
Q3-T-013/point_inside_mission,True,
Q3-T-013/point_inside_mission,True,
Q3-T-013/point_inside_mission,True,
Q3-T-013/point_inside_mission,True,
Q3-T-013/point_inside_mission,True,
Q3-T-013/point_inside_mission,True,
Q3-T-013/point_inside_mission,True,
Q3-T-013/point_inside_mission,True,
Q3-T-013/point_inside_mission,True,
Q3-T-013/point_inside_mission,True,
Q3-T-013/point_inside_mission,True,
Q3-T-013/point_inside_mission,True,
Q3-T-013/point_inside_mission,True,
Q3-T-013/point_inside_mission,True,
Q3-T-013/point_inside_mission,True,
Q3-T-013/point_inside_mission,True,
Q3-T-013/point_inside_mission,True,
Q3-T-013/point_inside_mission,True,
Q3-T-013/point_inside_mission,True,
Q3-T-013/point_inside_mission,True,
Q3-T-013/point_inside_mission,True,
Q3-T-013/point_inside_mission,True,
Q3-T-013/point_inside_mission,True,
Q3-T-013/point_inside_mission,True,
Q3-T-013/point_inside_mission,True,
Q3-T-013/point_inside_mission,True,
Q3-T-013/point_inside_mission,True,
Q3-T-013/point_inside_mission,True,
Q3-T-013/point_inside_mission,True,
Q3-T-013/point_inside_mission,True,
Q3-T-013/point_inside_mission,True,
Q3-T-013/point_inside_mission,True,
Q3-T-013/point_inside_mission,True,
Q3-T-013/point_inside_mission,True,
Q3-T-013/point_inside_mission,True,
Q3-T-013/point_inside_mission,True,
Q3-T-013/point_inside_mission,True,
Q3-T-013/point_inside_mission,True,
Q3-T-013/point_inside_mission,True,
Q3-T-013/point_inside_mission,True,
Q3-T-013/point_inside_mission,True,
Q3-T-013/point_inside_mission,True,
Q3-T-013/point_inside_mission,True,
Q3-T-013/point_inside_mission,True,
Q3-T-013/point_inside_mission,True,
Q3-T-013/point_inside_mission,True,
COMrow994/finite_ordered,True,
COMrow994/known_mode,True,
COMrow994/provider_count,True,
COMrow994/single_physical_phase,True,
COMrow994/phase_label,True,
COMrow994/unique_point,True,
COMrow994/instant_link_and_priority,True,"(45.92517525248826, 45.92517525248826)"
COMrow995/finite_ordered,True,
COMrow995/known_mode,True,
COMrow995/provider_count,True,
COMrow995/single_physical_phase,True,
COMrow995/phase_label,True,
COMrow995/continuous_terrain_and_distance,True,45.925175252488266
COMrow996/finite_ordered,True,
COMrow996/known_mode,True,
COMrow996/provider_count,True,
COMrow996/single_physical_phase,True,
COMrow996/phase_label,True,
COMrow996/unique_point,True,
COMrow996/instant_link_and_priority,True,"(46.38238674364695, 46.38238674364695)"
COMrow997/finite_ordered,True,
COMrow997/known_mode,True,
COMrow997/provider_count,True,
COMrow997/single_physical_phase,True,
COMrow997/phase_label,True,
COMrow997/continuous_terrain_and_distance,True,56.38238674364702
COMrow998/finite_ordered,True,
COMrow998/known_mode,True,
COMrow998/provider_count,True,
COMrow998/single_physical_phase,True,
COMrow998/phase_label,True,
COMrow998/unique_point,True,
COMrow998/instant_link_and_priority,True,"(63.04826031558991, 63.04826031558991)"
COMrow999/finite_ordered,True,
COMrow999/known_mode,True,
COMrow999/provider_count,True,
COMrow999/single_physical_phase,True,
COMrow999/phase_label,True,
COMrow999/continuous_terrain_and_distance,True,60.56487003084822
COMrow1000/finite_ordered,True,
COMrow1000/known_mode,True,
COMrow1000/provider_count,True,
COMrow1000/single_physical_phase,True,
COMrow1000/phase_label,True,
COMrow1000/unique_point,True,
COMrow1000/instant_link_and_priority,True,"(60.56487003084822, 60.56487003084822)"
COMrow1001/finite_ordered,True,
COMrow1001/known_mode,True,
COMrow1001/provider_count,True,
COMrow1001/single_physical_phase,True,
COMrow1001/phase_label,True,
COMrow1001/continuous_terrain_and_distance,True,50.80570620510426
COMrow1002/finite_ordered,True,
COMrow1002/known_mode,True,
COMrow1002/provider_count,True,
COMrow1002/single_physical_phase,True,
COMrow1002/phase_label,True,
COMrow1002/unique_point,True,
COMrow1002/instant_link_and_priority,True,"(50.80570620510426, 50.80570620510426)"
COMrow1003/finite_ordered,True,
COMrow1003/known_mode,True,
COMrow1003/provider_count,True,
COMrow1003/single_physical_phase,True,
COMrow1003/phase_label,True,
COMrow1003/continuous_terrain_and_distance,True,45.82290764368433
COMrow1004/finite_ordered,True,
COMrow1004/known_mode,True,
COMrow1004/provider_count,True,
COMrow1004/single_physical_phase,True,
COMrow1004/phase_label,True,
COMrow1004/unique_point,True,
COMrow1004/instant_link_and_priority,True,"(45.82290764368433, 45.82290764368433)"
COMrow1005/finite_ordered,True,
COMrow1005/known_mode,True,
COMrow1005/provider_count,True,
COMrow1005/single_physical_phase,True,
COMrow1005/phase_label,True,
COMrow1005/continuous_terrain_and_distance,True,28.99327751164469
COMrow1006/finite_ordered,True,
COMrow1006/known_mode,True,
COMrow1006/provider_count,True,
COMrow1006/single_physical_phase,True,
COMrow1006/phase_label,True,
COMrow1006/unique_point,True,
COMrow1006/instant_link_and_priority,True,"(28.993277511644692, 28.993277511644692)"
COMrow1007/finite_ordered,True,
COMrow1007/known_mode,True,
COMrow1007/provider_count,True,
COMrow1007/single_physical_phase,True,
COMrow1007/phase_label,True,
COMrow1007/continuous_terrain_and_distance,True,18.984105892306307
COMrow1008/finite_ordered,True,
COMrow1008/known_mode,True,
COMrow1008/provider_count,True,
COMrow1008/single_physical_phase,True,
COMrow1008/phase_label,True,
COMrow1008/unique_point,True,
COMrow1008/instant_link_and_priority,True,"(18.984105892306303, 18.984105892306303)"
COMrow1009/finite_ordered,True,
COMrow1009/known_mode,True,
COMrow1009/provider_count,True,
COMrow1009/single_physical_phase,True,
COMrow1009/phase_label,True,
COMrow1009/continuous_terrain_and_distance,True,15.661383458466542
COMrow1010/finite_ordered,True,
COMrow1010/known_mode,True,
COMrow1010/provider_count,True,
COMrow1010/single_physical_phase,True,
COMrow1010/phase_label,True,
COMrow1010/unique_point,True,
COMrow1010/instant_link_and_priority,True,"(15.661383458466545, 15.661383458466545)"
COMrow1011/finite_ordered,True,
COMrow1011/known_mode,True,
COMrow1011/provider_count,True,
COMrow1011/single_physical_phase,True,
COMrow1011/phase_label,True,
COMrow1011/continuous_terrain_and_distance,True,12.995650817982913
COMrow1012/finite_ordered,True,
COMrow1012/known_mode,True,
COMrow1012/provider_count,True,
COMrow1012/single_physical_phase,True,
COMrow1012/phase_label,True,
COMrow1012/unique_point,True,
COMrow1012/instant_link_and_priority,True,"(12.99565081798292, 12.99565081798292)"
COMrow1013/finite_ordered,True,
COMrow1013/known_mode,True,
COMrow1013/provider_count,True,
COMrow1013/single_physical_phase,True,
COMrow1013/phase_label,True,
COMrow1013/continuous_terrain_and_distance,True,11.88660820803809
COMrow1014/finite_ordered,True,
COMrow1014/known_mode,True,
COMrow1014/provider_count,True,
COMrow1014/single_physical_phase,True,
COMrow1014/phase_label,True,
COMrow1014/unique_point,True,
COMrow1014/instant_link_and_priority,True,"(1.8866082080380977, 1.8866082080380977)"
COMrow1015/finite_ordered,True,
COMrow1015/known_mode,True,
COMrow1015/provider_count,True,
COMrow1015/single_physical_phase,True,
COMrow1015/phase_label,True,
COMrow1015/continuous_terrain_and_distance,True,0.6039553662587789
COMrow1016/finite_ordered,True,
COMrow1016/known_mode,True,
COMrow1016/provider_count,True,
COMrow1016/single_physical_phase,True,
COMrow1016/phase_label,True,
COMrow1016/unique_point,True,
COMrow1016/instant_link_and_priority,True,"(0.6039553662587736, 0.6039553662587736)"
COMrow1017/finite_ordered,True,
COMrow1017/known_mode,True,
COMrow1017/provider_count,True,
COMrow1017/single_physical_phase,True,
COMrow1017/phase_label,True,
COMrow1017/continuous_terrain_and_distance,True,1.3002932064409833e-12
COMrow1018/finite_ordered,True,
COMrow1018/known_mode,True,
COMrow1018/provider_count,True,
COMrow1018/single_physical_phase,True,
COMrow1018/phase_label,True,
COMrow1018/unique_point,True,
COMrow1018/instant_link_and_priority,True,"(1.3073986337985843e-12, 1.3073986337985843e-12)"
COMrow1019/finite_ordered,True,
COMrow1019/known_mode,True,
COMrow1019/provider_count,True,
COMrow1019/single_physical_phase,True,
COMrow1019/phase_label,True,
COMrow1019/relay_time_coverage,True,
COMrow1019/direct_priority_entire_interval,True,
COMrow1019/continuous_terrain_and_distance,True,17.998924736741962
COMrow1020/finite_ordered,True,
COMrow1020/known_mode,True,
COMrow1020/provider_count,True,
COMrow1020/single_physical_phase,True,
COMrow1020/phase_label,True,
COMrow1020/unique_point,True,
COMrow1020/instant_link_and_priority,True,"(22.49892965974651, -2.2667226993008995)"
COMrow1021/finite_ordered,True,
COMrow1021/known_mode,True,
COMrow1021/provider_count,True,
COMrow1021/single_physical_phase,True,
COMrow1021/phase_label,True,
COMrow1021/relay_time_coverage,True,
COMrow1021/direct_priority_entire_interval,True,
COMrow1021/continuous_terrain_and_distance,True,18.394163000679594
COMrow1022/finite_ordered,True,
COMrow1022/known_mode,True,
COMrow1022/provider_count,True,
COMrow1022/single_physical_phase,True,
COMrow1022/phase_label,True,
COMrow1022/unique_point,True,
COMrow1022/instant_link_and_priority,True,"(18.394163000679598, -2.7625514695378683)"
COMrow1023/finite_ordered,True,
COMrow1023/known_mode,True,
COMrow1023/provider_count,True,
COMrow1023/single_physical_phase,True,
COMrow1023/phase_label,True,
COMrow1023/relay_time_coverage,True,
COMrow1023/direct_priority_entire_interval,True,
COMrow1023/continuous_terrain_and_distance,True,18.388092044691213
COMrow1024/finite_ordered,True,
COMrow1024/known_mode,True,
COMrow1024/provider_count,True,
COMrow1024/single_physical_phase,True,
COMrow1024/phase_label,True,
COMrow1024/unique_point,True,
COMrow1024/instant_link_and_priority,True,"(18.38809204469122, -2.7583710715968834)"
COMrow1025/finite_ordered,True,
COMrow1025/known_mode,True,
COMrow1025/provider_count,True,
COMrow1025/single_physical_phase,True,
COMrow1025/phase_label,True,
COMrow1025/relay_time_coverage,True,
COMrow1025/direct_priority_entire_interval,True,
COMrow1025/continuous_terrain_and_distance,True,18.384166520329934
COMrow1026/finite_ordered,True,
COMrow1026/known_mode,True,
COMrow1026/provider_count,True,
COMrow1026/single_physical_phase,True,
COMrow1026/phase_label,True,
COMrow1026/unique_point,True,
COMrow1026/instant_link_and_priority,True,"(18.384166520329927, -2.7574237417580463)"
COMrow1027/finite_ordered,True,
COMrow1027/known_mode,True,
COMrow1027/provider_count,True,
COMrow1027/single_physical_phase,True,
COMrow1027/phase_label,True,
COMrow1027/relay_time_coverage,True,
COMrow1027/direct_priority_entire_interval,True,
COMrow1027/continuous_terrain_and_distance,True,18.378002686311554
COMrow1028/finite_ordered,True,
COMrow1028/known_mode,True,
COMrow1028/provider_count,True,
COMrow1028/single_physical_phase,True,
COMrow1028/phase_label,True,
COMrow1028/unique_point,True,
COMrow1028/instant_link_and_priority,True,"(18.37800268631156, -2.7562779772828634)"
COMrow1029/finite_ordered,True,
COMrow1029/known_mode,True,
COMrow1029/provider_count,True,
COMrow1029/single_physical_phase,True,
COMrow1029/phase_label,True,
COMrow1029/relay_time_coverage,True,
COMrow1029/direct_priority_entire_interval,True,
COMrow1029/continuous_terrain_and_distance,True,17.98787094572583
COMrow1030/finite_ordered,True,
COMrow1030/known_mode,True,
COMrow1030/provider_count,True,
COMrow1030/single_physical_phase,True,
COMrow1030/phase_label,True,
COMrow1030/unique_point,True,
COMrow1030/instant_link_and_priority,True,"(17.98787094572583, -2.739574445940306)"
COMrow1031/finite_ordered,True,
COMrow1031/known_mode,True,
COMrow1031/provider_count,True,
COMrow1031/single_physical_phase,True,
COMrow1031/phase_label,True,
COMrow1031/relay_time_coverage,True,
COMrow1031/direct_priority_entire_interval,True,
COMrow1031/continuous_terrain_and_distance,True,17.98787094572583
COMrow1032/finite_ordered,True,
COMrow1032/known_mode,True,
COMrow1032/provider_count,True,
COMrow1032/single_physical_phase,True,
COMrow1032/phase_label,True,
COMrow1032/unique_point,True,
COMrow1032/instant_link_and_priority,True,"(17.98787094572583, -2.739574445940306)"
COMrow1033/finite_ordered,True,
COMrow1033/known_mode,True,
COMrow1033/provider_count,True,
COMrow1033/single_physical_phase,True,
COMrow1033/phase_label,True,
COMrow1033/relay_time_coverage,True,
COMrow1033/direct_priority_entire_interval,True,
COMrow1033/continuous_terrain_and_distance,True,17.98787094572583
COMrow1034/finite_ordered,True,
COMrow1034/known_mode,True,
COMrow1034/provider_count,True,
COMrow1034/single_physical_phase,True,
COMrow1034/phase_label,True,
COMrow1034/unique_point,True,
COMrow1034/instant_link_and_priority,True,"(18.37800268631156, -2.7562779772828634)"
COMrow1035/finite_ordered,True,
COMrow1035/known_mode,True,
COMrow1035/provider_count,True,
COMrow1035/single_physical_phase,True,
COMrow1035/phase_label,True,
COMrow1035/relay_time_coverage,True,
COMrow1035/direct_priority_entire_interval,True,
COMrow1035/continuous_terrain_and_distance,True,18.378002686311554
COMrow1036/finite_ordered,True,
COMrow1036/known_mode,True,
COMrow1036/provider_count,True,
COMrow1036/single_physical_phase,True,
COMrow1036/phase_label,True,
COMrow1036/unique_point,True,
COMrow1036/instant_link_and_priority,True,"(18.384166520329927, -2.7574237417580463)"
COMrow1037/finite_ordered,True,
COMrow1037/known_mode,True,
COMrow1037/provider_count,True,
COMrow1037/single_physical_phase,True,
COMrow1037/phase_label,True,
COMrow1037/relay_time_coverage,True,
COMrow1037/direct_priority_entire_interval,True,
COMrow1037/continuous_terrain_and_distance,True,18.384166520329934
COMrow1038/finite_ordered,True,
COMrow1038/known_mode,True,
COMrow1038/provider_count,True,
COMrow1038/single_physical_phase,True,
COMrow1038/phase_label,True,
COMrow1038/unique_point,True,
COMrow1038/instant_link_and_priority,True,"(18.38809204469122, -2.7583710715968834)"
COMrow1039/finite_ordered,True,
COMrow1039/known_mode,True,
COMrow1039/provider_count,True,
COMrow1039/single_physical_phase,True,
COMrow1039/phase_label,True,
COMrow1039/relay_time_coverage,True,
COMrow1039/direct_priority_entire_interval,True,
COMrow1039/continuous_terrain_and_distance,True,18.388092044691213
COMrow1040/finite_ordered,True,
COMrow1040/known_mode,True,
COMrow1040/provider_count,True,
COMrow1040/single_physical_phase,True,
COMrow1040/phase_label,True,
COMrow1040/unique_point,True,
COMrow1040/instant_link_and_priority,True,"(18.394163000679598, -2.7625514695378683)"
COMrow1041/finite_ordered,True,
COMrow1041/known_mode,True,
COMrow1041/provider_count,True,
COMrow1041/single_physical_phase,True,
COMrow1041/phase_label,True,
COMrow1041/relay_time_coverage,True,
COMrow1041/direct_priority_entire_interval,True,
COMrow1041/continuous_terrain_and_distance,True,17.998924736741962
COMrow1042/finite_ordered,True,
COMrow1042/known_mode,True,
COMrow1042/provider_count,True,
COMrow1042/single_physical_phase,True,
COMrow1042/phase_label,True,
COMrow1042/unique_point,True,
COMrow1042/instant_link_and_priority,True,"(1.3073986337985843e-12, 1.3073986337985843e-12)"
COMrow1043/finite_ordered,True,
COMrow1043/known_mode,True,
COMrow1043/provider_count,True,
COMrow1043/single_physical_phase,True,
COMrow1043/phase_label,True,
COMrow1043/continuous_terrain_and_distance,True,1.3002932064409833e-12
COMrow1044/finite_ordered,True,
COMrow1044/known_mode,True,
COMrow1044/provider_count,True,
COMrow1044/single_physical_phase,True,
COMrow1044/phase_label,True,
COMrow1044/unique_point,True,
COMrow1044/instant_link_and_priority,True,"(0.19999999999991758, 0.19999999999991758)"
COMrow1045/finite_ordered,True,
COMrow1045/known_mode,True,
COMrow1045/provider_count,True,
COMrow1045/single_physical_phase,True,
COMrow1045/phase_label,True,
COMrow1045/continuous_terrain_and_distance,True,0.19999999999992113
COMrow1046/finite_ordered,True,
COMrow1046/known_mode,True,
COMrow1046/provider_count,True,
COMrow1046/single_physical_phase,True,
COMrow1046/phase_label,True,
COMrow1046/unique_point,True,
COMrow1046/instant_link_and_priority,True,"(0.6039553662587736, 0.6039553662587736)"
COMrow1047/finite_ordered,True,
COMrow1047/known_mode,True,
COMrow1047/provider_count,True,
COMrow1047/single_physical_phase,True,
COMrow1047/phase_label,True,
COMrow1047/continuous_terrain_and_distance,True,0.6039553662587789
COMrow1048/finite_ordered,True,
COMrow1048/known_mode,True,
COMrow1048/provider_count,True,
COMrow1048/single_physical_phase,True,
COMrow1048/phase_label,True,
COMrow1048/unique_point,True,
COMrow1048/instant_link_and_priority,True,"(1.8866082080380977, 1.8866082080380977)"
COMrow1049/finite_ordered,True,
COMrow1049/known_mode,True,
COMrow1049/provider_count,True,
COMrow1049/single_physical_phase,True,
COMrow1049/phase_label,True,
COMrow1049/continuous_terrain_and_distance,True,11.88660820803809
COMrow1050/finite_ordered,True,
COMrow1050/known_mode,True,
COMrow1050/provider_count,True,
COMrow1050/single_physical_phase,True,
COMrow1050/phase_label,True,
COMrow1050/unique_point,True,
COMrow1050/instant_link_and_priority,True,"(12.99565081798292, 12.99565081798292)"
COMrow1051/finite_ordered,True,
COMrow1051/known_mode,True,
COMrow1051/provider_count,True,
COMrow1051/single_physical_phase,True,
COMrow1051/phase_label,True,
COMrow1051/continuous_terrain_and_distance,True,12.995650817982913
COMrow1052/finite_ordered,True,
COMrow1052/known_mode,True,
COMrow1052/provider_count,True,
COMrow1052/single_physical_phase,True,
COMrow1052/phase_label,True,
COMrow1052/unique_point,True,
COMrow1052/instant_link_and_priority,True,"(15.661383458466545, 15.661383458466545)"
COMrow1053/finite_ordered,True,
COMrow1053/known_mode,True,
COMrow1053/provider_count,True,
COMrow1053/single_physical_phase,True,
COMrow1053/phase_label,True,
COMrow1053/continuous_terrain_and_distance,True,15.661383458466542
COMrow1054/finite_ordered,True,
COMrow1054/known_mode,True,
COMrow1054/provider_count,True,
COMrow1054/single_physical_phase,True,
COMrow1054/phase_label,True,
COMrow1054/unique_point,True,
COMrow1054/instant_link_and_priority,True,"(18.984105892306303, 18.984105892306303)"
COMrow1055/finite_ordered,True,
COMrow1055/known_mode,True,
COMrow1055/provider_count,True,
COMrow1055/single_physical_phase,True,
COMrow1055/phase_label,True,
COMrow1055/continuous_terrain_and_distance,True,18.984105892306307
COMrow1056/finite_ordered,True,
COMrow1056/known_mode,True,
COMrow1056/provider_count,True,
COMrow1056/single_physical_phase,True,
COMrow1056/phase_label,True,
COMrow1056/unique_point,True,
COMrow1056/instant_link_and_priority,True,"(28.993277511644692, 28.993277511644692)"
COMrow1057/finite_ordered,True,
COMrow1057/known_mode,True,
COMrow1057/provider_count,True,
COMrow1057/single_physical_phase,True,
COMrow1057/phase_label,True,
COMrow1057/continuous_terrain_and_distance,True,28.99327751164469
COMrow1058/finite_ordered,True,
COMrow1058/known_mode,True,
COMrow1058/provider_count,True,
COMrow1058/single_physical_phase,True,
COMrow1058/phase_label,True,
COMrow1058/unique_point,True,
COMrow1058/instant_link_and_priority,True,"(45.822907643684346, 45.822907643684346)"
COMrow1059/finite_ordered,True,
COMrow1059/known_mode,True,
COMrow1059/provider_count,True,
COMrow1059/single_physical_phase,True,
COMrow1059/phase_label,True,
COMrow1059/continuous_terrain_and_distance,True,45.82290764368435
COMrow1060/finite_ordered,True,
COMrow1060/known_mode,True,
COMrow1060/provider_count,True,
COMrow1060/single_physical_phase,True,
COMrow1060/phase_label,True,
COMrow1060/unique_point,True,
COMrow1060/instant_link_and_priority,True,"(50.80570620510426, 50.80570620510426)"
COMrow1061/finite_ordered,True,
COMrow1061/known_mode,True,
COMrow1061/provider_count,True,
COMrow1061/single_physical_phase,True,
COMrow1061/phase_label,True,
COMrow1061/continuous_terrain_and_distance,True,50.80570620510426
COMrow1062/finite_ordered,True,
COMrow1062/known_mode,True,
COMrow1062/provider_count,True,
COMrow1062/single_physical_phase,True,
COMrow1062/phase_label,True,
COMrow1062/unique_point,True,
COMrow1062/instant_link_and_priority,True,"(60.564870030848056, 60.564870030848056)"
COMrow1063/finite_ordered,True,
COMrow1063/known_mode,True,
COMrow1063/provider_count,True,
COMrow1063/single_physical_phase,True,
COMrow1063/phase_label,True,
COMrow1063/continuous_terrain_and_distance,True,60.564870030848056
COMrow1064/finite_ordered,True,
COMrow1064/known_mode,True,
COMrow1064/provider_count,True,
COMrow1064/single_physical_phase,True,
COMrow1064/phase_label,True,
COMrow1064/unique_point,True,
COMrow1064/instant_link_and_priority,True,"(63.04826031558969, 63.04826031558969)"
COMrow1065/finite_ordered,True,
COMrow1065/known_mode,True,
COMrow1065/provider_count,True,
COMrow1065/single_physical_phase,True,
COMrow1065/phase_label,True,
COMrow1065/continuous_terrain_and_distance,True,56.38238674364702
COMrow1066/finite_ordered,True,
COMrow1066/known_mode,True,
COMrow1066/provider_count,True,
COMrow1066/single_physical_phase,True,
COMrow1066/phase_label,True,
COMrow1066/unique_point,True,
COMrow1066/instant_link_and_priority,True,"(46.382386743646734, 46.382386743646734)"
COMrow1067/finite_ordered,True,
COMrow1067/known_mode,True,
COMrow1067/provider_count,True,
COMrow1067/single_physical_phase,True,
COMrow1067/phase_label,True,
COMrow1067/continuous_terrain_and_distance,True,45.92517525248826
COMrow1068/finite_ordered,True,
COMrow1068/known_mode,True,
COMrow1068/provider_count,True,
COMrow1068/single_physical_phase,True,
COMrow1068/phase_label,True,
COMrow1068/unique_point,True,
COMrow1068/instant_link_and_priority,True,"(45.92517525248826, 45.92517525248826)"
Q3-T-014/has_communication_spans,True,
Q3-T-014/takeoff_boundary,True,
Q3-T-014/return_boundary,True,
Q3-T-014/no_gap_or_overlap,True,
Q3-T-014/no_gap_or_overlap,True,
Q3-T-014/no_gap_or_overlap,True,
Q3-T-014/no_gap_or_overlap,True,
Q3-T-014/no_gap_or_overlap,True,
Q3-T-014/no_gap_or_overlap,True,
Q3-T-014/no_gap_or_overlap,True,
Q3-T-014/no_gap_or_overlap,True,
Q3-T-014/no_gap_or_overlap,True,
Q3-T-014/no_gap_or_overlap,True,
Q3-T-014/no_gap_or_overlap,True,
Q3-T-014/no_gap_or_overlap,True,
Q3-T-014/no_gap_or_overlap,True,
Q3-T-014/no_gap_or_overlap,True,
Q3-T-014/no_gap_or_overlap,True,
Q3-T-014/no_gap_or_overlap,True,
Q3-T-014/no_gap_or_overlap,True,
Q3-T-014/no_gap_or_overlap,True,
Q3-T-014/no_gap_or_overlap,True,
Q3-T-014/no_gap_or_overlap,True,
Q3-T-014/no_gap_or_overlap,True,
Q3-T-014/no_gap_or_overlap,True,
Q3-T-014/no_gap_or_overlap,True,
Q3-T-014/no_gap_or_overlap,True,
Q3-T-014/no_gap_or_overlap,True,
Q3-T-014/no_gap_or_overlap,True,
Q3-T-014/no_gap_or_overlap,True,
Q3-T-014/no_gap_or_overlap,True,
Q3-T-014/no_gap_or_overlap,True,
Q3-T-014/no_gap_or_overlap,True,
Q3-T-014/no_gap_or_overlap,True,
Q3-T-014/no_gap_or_overlap,True,
Q3-T-014/no_gap_or_overlap,True,
Q3-T-014/no_gap_or_overlap,True,
Q3-T-014/no_gap_or_overlap,True,
Q3-T-014/no_gap_or_overlap,True,
Q3-T-014/all_boundary_points_present,True,0
Q3-T-014/point_inside_mission,True,
Q3-T-014/point_inside_mission,True,
Q3-T-014/point_inside_mission,True,
Q3-T-014/point_inside_mission,True,
Q3-T-014/point_inside_mission,True,
Q3-T-014/point_inside_mission,True,
Q3-T-014/point_inside_mission,True,
Q3-T-014/point_inside_mission,True,
Q3-T-014/point_inside_mission,True,
Q3-T-014/point_inside_mission,True,
Q3-T-014/point_inside_mission,True,
Q3-T-014/point_inside_mission,True,
Q3-T-014/point_inside_mission,True,
Q3-T-014/point_inside_mission,True,
Q3-T-014/point_inside_mission,True,
Q3-T-014/point_inside_mission,True,
Q3-T-014/point_inside_mission,True,
Q3-T-014/point_inside_mission,True,
Q3-T-014/point_inside_mission,True,
Q3-T-014/point_inside_mission,True,
Q3-T-014/point_inside_mission,True,
Q3-T-014/point_inside_mission,True,
Q3-T-014/point_inside_mission,True,
Q3-T-014/point_inside_mission,True,
Q3-T-014/point_inside_mission,True,
Q3-T-014/point_inside_mission,True,
Q3-T-014/point_inside_mission,True,
Q3-T-014/point_inside_mission,True,
Q3-T-014/point_inside_mission,True,
Q3-T-014/point_inside_mission,True,
Q3-T-014/point_inside_mission,True,
Q3-T-014/point_inside_mission,True,
Q3-T-014/point_inside_mission,True,
Q3-T-014/point_inside_mission,True,
Q3-T-014/point_inside_mission,True,
Q3-T-014/point_inside_mission,True,
Q3-T-014/point_inside_mission,True,
Q3-T-014/point_inside_mission,True,
COMrow1069/finite_ordered,True,
COMrow1069/known_mode,True,
COMrow1069/provider_count,True,
COMrow1069/single_physical_phase,True,
COMrow1069/phase_label,True,
COMrow1069/unique_point,True,
COMrow1069/instant_link_and_priority,True,"(45.92517525248826, 45.92517525248826)"
COMrow1070/finite_ordered,True,
COMrow1070/known_mode,True,
COMrow1070/provider_count,True,
COMrow1070/single_physical_phase,True,
COMrow1070/phase_label,True,
COMrow1070/continuous_terrain_and_distance,True,45.925175252488266
COMrow1071/finite_ordered,True,
COMrow1071/known_mode,True,
COMrow1071/provider_count,True,
COMrow1071/single_physical_phase,True,
COMrow1071/phase_label,True,
COMrow1071/unique_point,True,
COMrow1071/instant_link_and_priority,True,"(56.38238674364726, 56.38238674364726)"
COMrow1072/finite_ordered,True,
COMrow1072/known_mode,True,
COMrow1072/provider_count,True,
COMrow1072/single_physical_phase,True,
COMrow1072/phase_label,True,
COMrow1072/continuous_terrain_and_distance,True,56.38238674364725
COMrow1073/finite_ordered,True,
COMrow1073/known_mode,True,
COMrow1073/provider_count,True,
COMrow1073/single_physical_phase,True,
COMrow1073/phase_label,True,
COMrow1073/unique_point,True,
COMrow1073/instant_link_and_priority,True,"(63.04826031558991, 63.04826031558991)"
COMrow1074/finite_ordered,True,
COMrow1074/known_mode,True,
COMrow1074/provider_count,True,
COMrow1074/single_physical_phase,True,
COMrow1074/phase_label,True,
COMrow1074/continuous_terrain_and_distance,True,60.56487003084822
COMrow1075/finite_ordered,True,
COMrow1075/known_mode,True,
COMrow1075/provider_count,True,
COMrow1075/single_physical_phase,True,
COMrow1075/phase_label,True,
COMrow1075/unique_point,True,
COMrow1075/instant_link_and_priority,True,"(60.56487003084822, 60.56487003084822)"
COMrow1076/finite_ordered,True,
COMrow1076/known_mode,True,
COMrow1076/provider_count,True,
COMrow1076/single_physical_phase,True,
COMrow1076/phase_label,True,
COMrow1076/continuous_terrain_and_distance,True,50.805706205104265
COMrow1077/finite_ordered,True,
COMrow1077/known_mode,True,
COMrow1077/provider_count,True,
COMrow1077/single_physical_phase,True,
COMrow1077/phase_label,True,
COMrow1077/unique_point,True,
COMrow1077/instant_link_and_priority,True,"(50.80570620510426, 50.80570620510426)"
COMrow1078/finite_ordered,True,
COMrow1078/known_mode,True,
COMrow1078/provider_count,True,
COMrow1078/single_physical_phase,True,
COMrow1078/phase_label,True,
COMrow1078/continuous_terrain_and_distance,True,45.82290764368433
COMrow1079/finite_ordered,True,
COMrow1079/known_mode,True,
COMrow1079/provider_count,True,
COMrow1079/single_physical_phase,True,
COMrow1079/phase_label,True,
COMrow1079/unique_point,True,
COMrow1079/instant_link_and_priority,True,"(45.82290764368433, 45.82290764368433)"
COMrow1080/finite_ordered,True,
COMrow1080/known_mode,True,
COMrow1080/provider_count,True,
COMrow1080/single_physical_phase,True,
COMrow1080/phase_label,True,
COMrow1080/continuous_terrain_and_distance,True,41.74225471385061
COMrow1081/finite_ordered,True,
COMrow1081/known_mode,True,
COMrow1081/provider_count,True,
COMrow1081/single_physical_phase,True,
COMrow1081/phase_label,True,
COMrow1081/unique_point,True,
COMrow1081/instant_link_and_priority,True,"(41.74225471385061, 41.74225471385061)"
COMrow1082/finite_ordered,True,
COMrow1082/known_mode,True,
COMrow1082/provider_count,True,
COMrow1082/single_physical_phase,True,
COMrow1082/phase_label,True,
COMrow1082/continuous_terrain_and_distance,True,33.935643142447674
COMrow1083/finite_ordered,True,
COMrow1083/known_mode,True,
COMrow1083/provider_count,True,
COMrow1083/single_physical_phase,True,
COMrow1083/phase_label,True,
COMrow1083/unique_point,True,
COMrow1083/instant_link_and_priority,True,"(33.935643142447674, 33.935643142447674)"
COMrow1084/finite_ordered,True,
COMrow1084/known_mode,True,
COMrow1084/provider_count,True,
COMrow1084/single_physical_phase,True,
COMrow1084/phase_label,True,
COMrow1084/continuous_terrain_and_distance,True,14.218655350641484
COMrow1085/finite_ordered,True,
COMrow1085/known_mode,True,
COMrow1085/provider_count,True,
COMrow1085/single_physical_phase,True,
COMrow1085/phase_label,True,
COMrow1085/unique_point,True,
COMrow1085/instant_link_and_priority,True,"(14.218655350641484, 14.218655350641484)"
COMrow1086/finite_ordered,True,
COMrow1086/known_mode,True,
COMrow1086/provider_count,True,
COMrow1086/single_physical_phase,True,
COMrow1086/phase_label,True,
COMrow1086/continuous_terrain_and_distance,True,2.8525914180764964
COMrow1087/finite_ordered,True,
COMrow1087/known_mode,True,
COMrow1087/provider_count,True,
COMrow1087/single_physical_phase,True,
COMrow1087/phase_label,True,
COMrow1087/unique_point,True,
COMrow1087/instant_link_and_priority,True,"(2.8525914180765, 2.8525914180765)"
COMrow1088/finite_ordered,True,
COMrow1088/known_mode,True,
COMrow1088/provider_count,True,
COMrow1088/single_physical_phase,True,
COMrow1088/phase_label,True,
COMrow1088/continuous_terrain_and_distance,True,-2.1671553440683056e-13
COMrow1089/finite_ordered,True,
COMrow1089/known_mode,True,
COMrow1089/provider_count,True,
COMrow1089/single_physical_phase,True,
COMrow1089/phase_label,True,
COMrow1089/unique_point,True,
COMrow1089/instant_link_and_priority,True,"(-2.1316282072803006e-13, -2.1316282072803006e-13)"
COMrow1090/finite_ordered,True,
COMrow1090/known_mode,True,
COMrow1090/provider_count,True,
COMrow1090/single_physical_phase,True,
COMrow1090/phase_label,True,
COMrow1090/relay_time_coverage,True,
COMrow1090/direct_priority_entire_interval,True,
COMrow1090/continuous_terrain_and_distance,True,7.751282071593316
COMrow1091/finite_ordered,True,
COMrow1091/known_mode,True,
COMrow1091/provider_count,True,
COMrow1091/single_physical_phase,True,
COMrow1091/phase_label,True,
COMrow1091/unique_point,True,
COMrow1091/instant_link_and_priority,True,"(7.751282071593323, -1.0187232705291507)"
COMrow1092/finite_ordered,True,
COMrow1092/known_mode,True,
COMrow1092/provider_count,True,
COMrow1092/single_physical_phase,True,
COMrow1092/phase_label,True,
COMrow1092/relay_time_coverage,True,
COMrow1092/direct_priority_entire_interval,True,
COMrow1092/continuous_terrain_and_distance,True,7.40116478086688
COMrow1093/finite_ordered,True,
COMrow1093/known_mode,True,
COMrow1093/provider_count,True,
COMrow1093/single_physical_phase,True,
COMrow1093/phase_label,True,
COMrow1093/unique_point,True,
COMrow1093/instant_link_and_priority,True,"(7.401164780866878, -1.7798932090982902)"
COMrow1094/finite_ordered,True,
COMrow1094/known_mode,True,
COMrow1094/provider_count,True,
COMrow1094/single_physical_phase,True,
COMrow1094/phase_label,True,
COMrow1094/relay_time_coverage,True,
COMrow1094/direct_priority_entire_interval,True,
COMrow1094/continuous_terrain_and_distance,True,7.3889670571714845
COMrow1095/finite_ordered,True,
COMrow1095/known_mode,True,
COMrow1095/provider_count,True,
COMrow1095/single_physical_phase,True,
COMrow1095/phase_label,True,
COMrow1095/unique_point,True,
COMrow1095/instant_link_and_priority,True,"(7.3889670571714845, -1.7759083300417018)"
COMrow1096/finite_ordered,True,
COMrow1096/known_mode,True,
COMrow1096/provider_count,True,
COMrow1096/single_physical_phase,True,
COMrow1096/phase_label,True,
COMrow1096/relay_time_coverage,True,
COMrow1096/direct_priority_entire_interval,True,
COMrow1096/continuous_terrain_and_distance,True,7.3889670571714845
COMrow1097/finite_ordered,True,
COMrow1097/known_mode,True,
COMrow1097/provider_count,True,
COMrow1097/single_physical_phase,True,
COMrow1097/phase_label,True,
COMrow1097/unique_point,True,
COMrow1097/instant_link_and_priority,True,"(7.3889670571714845, -1.7759083300417018)"
COMrow1098/finite_ordered,True,
COMrow1098/known_mode,True,
COMrow1098/provider_count,True,
COMrow1098/single_physical_phase,True,
COMrow1098/phase_label,True,
COMrow1098/relay_time_coverage,True,
COMrow1098/direct_priority_entire_interval,True,
COMrow1098/continuous_terrain_and_distance,True,2.0821633565550393
COMrow1099/finite_ordered,True,
COMrow1099/known_mode,True,
COMrow1099/provider_count,True,
COMrow1099/single_physical_phase,True,
COMrow1099/phase_label,True,
COMrow1099/unique_point,True,
COMrow1099/instant_link_and_priority,True,"(2.082163356555043, -1.7759083300417018)"
COMrow1100/finite_ordered,True,
COMrow1100/known_mode,True,
COMrow1100/provider_count,True,
COMrow1100/single_physical_phase,True,
COMrow1100/phase_label,True,
COMrow1100/relay_time_coverage,True,
COMrow1100/direct_priority_entire_interval,True,
COMrow1100/continuous_terrain_and_distance,True,2.082095161708926
COMrow1101/finite_ordered,True,
COMrow1101/known_mode,True,
COMrow1101/provider_count,True,
COMrow1101/single_physical_phase,True,
COMrow1101/phase_label,True,
COMrow1101/unique_point,True,
COMrow1101/instant_link_and_priority,True,"(2.0820951617089207, -1.7798932090982902)"
COMrow1102/finite_ordered,True,
COMrow1102/known_mode,True,
COMrow1102/provider_count,True,
COMrow1102/single_physical_phase,True,
COMrow1102/phase_label,True,
COMrow1102/relay_time_coverage,True,
COMrow1102/direct_priority_entire_interval,True,
COMrow1102/continuous_terrain_and_distance,True,2.082095161708926
COMrow1103/finite_ordered,True,
COMrow1103/known_mode,True,
COMrow1103/provider_count,True,
COMrow1103/single_physical_phase,True,
COMrow1103/phase_label,True,
COMrow1103/unique_point,True,
COMrow1103/instant_link_and_priority,True,"(2.2671937338010935, -1.0187232705291507)"
COMrow1104/finite_ordered,True,
COMrow1104/known_mode,True,
COMrow1104/provider_count,True,
COMrow1104/single_physical_phase,True,
COMrow1104/phase_label,True,
COMrow1104/relay_time_coverage,True,
COMrow1104/direct_priority_entire_interval,True,
COMrow1104/continuous_terrain_and_distance,True,2.2671937338010864
COMrow1105/finite_ordered,True,
COMrow1105/known_mode,True,
COMrow1105/provider_count,True,
COMrow1105/single_physical_phase,True,
COMrow1105/phase_label,True,
COMrow1105/unique_point,True,
COMrow1105/instant_link_and_priority,True,"(-2.1316282072803006e-13, -2.1316282072803006e-13)"
COMrow1106/finite_ordered,True,
COMrow1106/known_mode,True,
COMrow1106/provider_count,True,
COMrow1106/single_physical_phase,True,
COMrow1106/phase_label,True,
COMrow1106/continuous_terrain_and_distance,True,-2.1671553440683056e-13
COMrow1107/finite_ordered,True,
COMrow1107/known_mode,True,
COMrow1107/provider_count,True,
COMrow1107/single_physical_phase,True,
COMrow1107/phase_label,True,
COMrow1107/unique_point,True,
COMrow1107/instant_link_and_priority,True,"(2.8525914180765, 2.8525914180765)"
COMrow1108/finite_ordered,True,
COMrow1108/known_mode,True,
COMrow1108/provider_count,True,
COMrow1108/single_physical_phase,True,
COMrow1108/phase_label,True,
COMrow1108/continuous_terrain_and_distance,True,2.8525914180764964
COMrow1109/finite_ordered,True,
COMrow1109/known_mode,True,
COMrow1109/provider_count,True,
COMrow1109/single_physical_phase,True,
COMrow1109/phase_label,True,
COMrow1109/unique_point,True,
COMrow1109/instant_link_and_priority,True,"(14.218655350641484, 14.218655350641484)"
COMrow1110/finite_ordered,True,
COMrow1110/known_mode,True,
COMrow1110/provider_count,True,
COMrow1110/single_physical_phase,True,
COMrow1110/phase_label,True,
COMrow1110/continuous_terrain_and_distance,True,14.218655350641484
COMrow1111/finite_ordered,True,
COMrow1111/known_mode,True,
COMrow1111/provider_count,True,
COMrow1111/single_physical_phase,True,
COMrow1111/phase_label,True,
COMrow1111/unique_point,True,
COMrow1111/instant_link_and_priority,True,"(33.935643142447674, 33.935643142447674)"
COMrow1112/finite_ordered,True,
COMrow1112/known_mode,True,
COMrow1112/provider_count,True,
COMrow1112/single_physical_phase,True,
COMrow1112/phase_label,True,
COMrow1112/continuous_terrain_and_distance,True,33.935643142447674
COMrow1113/finite_ordered,True,
COMrow1113/known_mode,True,
COMrow1113/provider_count,True,
COMrow1113/single_physical_phase,True,
COMrow1113/phase_label,True,
COMrow1113/unique_point,True,
COMrow1113/instant_link_and_priority,True,"(45.82290764368436, 45.82290764368436)"
COMrow1114/finite_ordered,True,
COMrow1114/known_mode,True,
COMrow1114/provider_count,True,
COMrow1114/single_physical_phase,True,
COMrow1114/phase_label,True,
COMrow1114/continuous_terrain_and_distance,True,45.82290764368436
COMrow1115/finite_ordered,True,
COMrow1115/known_mode,True,
COMrow1115/provider_count,True,
COMrow1115/single_physical_phase,True,
COMrow1115/phase_label,True,
COMrow1115/unique_point,True,
COMrow1115/instant_link_and_priority,True,"(50.80570620510426, 50.80570620510426)"
COMrow1116/finite_ordered,True,
COMrow1116/known_mode,True,
COMrow1116/provider_count,True,
COMrow1116/single_physical_phase,True,
COMrow1116/phase_label,True,
COMrow1116/continuous_terrain_and_distance,True,50.805706205104265
COMrow1117/finite_ordered,True,
COMrow1117/known_mode,True,
COMrow1117/provider_count,True,
COMrow1117/single_physical_phase,True,
COMrow1117/phase_label,True,
COMrow1117/unique_point,True,
COMrow1117/instant_link_and_priority,True,"(60.564870030848056, 60.564870030848056)"
COMrow1118/finite_ordered,True,
COMrow1118/known_mode,True,
COMrow1118/provider_count,True,
COMrow1118/single_physical_phase,True,
COMrow1118/phase_label,True,
COMrow1118/continuous_terrain_and_distance,True,60.564870030848056
COMrow1119/finite_ordered,True,
COMrow1119/known_mode,True,
COMrow1119/provider_count,True,
COMrow1119/single_physical_phase,True,
COMrow1119/phase_label,True,
COMrow1119/unique_point,True,
COMrow1119/instant_link_and_priority,True,"(63.04826031558969, 63.04826031558969)"
COMrow1120/finite_ordered,True,
COMrow1120/known_mode,True,
COMrow1120/provider_count,True,
COMrow1120/single_physical_phase,True,
COMrow1120/phase_label,True,
COMrow1120/continuous_terrain_and_distance,True,56.38238674364725
COMrow1121/finite_ordered,True,
COMrow1121/known_mode,True,
COMrow1121/provider_count,True,
COMrow1121/single_physical_phase,True,
COMrow1121/phase_label,True,
COMrow1121/unique_point,True,
COMrow1121/instant_link_and_priority,True,"(56.38238674364726, 56.38238674364726)"
COMrow1122/finite_ordered,True,
COMrow1122/known_mode,True,
COMrow1122/provider_count,True,
COMrow1122/single_physical_phase,True,
COMrow1122/phase_label,True,
COMrow1122/continuous_terrain_and_distance,True,45.92517525248826
COMrow1123/finite_ordered,True,
COMrow1123/known_mode,True,
COMrow1123/provider_count,True,
COMrow1123/single_physical_phase,True,
COMrow1123/phase_label,True,
COMrow1123/unique_point,True,
COMrow1123/instant_link_and_priority,True,"(45.92517525248826, 45.92517525248826)"
Q3-T-015/has_communication_spans,True,
Q3-T-015/takeoff_boundary,True,
Q3-T-015/return_boundary,True,
Q3-T-015/no_gap_or_overlap,True,
Q3-T-015/no_gap_or_overlap,True,
Q3-T-015/no_gap_or_overlap,True,
Q3-T-015/no_gap_or_overlap,True,
Q3-T-015/no_gap_or_overlap,True,
Q3-T-015/no_gap_or_overlap,True,
Q3-T-015/no_gap_or_overlap,True,
Q3-T-015/no_gap_or_overlap,True,
Q3-T-015/no_gap_or_overlap,True,
Q3-T-015/no_gap_or_overlap,True,
Q3-T-015/no_gap_or_overlap,True,
Q3-T-015/no_gap_or_overlap,True,
Q3-T-015/no_gap_or_overlap,True,
Q3-T-015/no_gap_or_overlap,True,
Q3-T-015/no_gap_or_overlap,True,
Q3-T-015/no_gap_or_overlap,True,
Q3-T-015/no_gap_or_overlap,True,
Q3-T-015/no_gap_or_overlap,True,
Q3-T-015/no_gap_or_overlap,True,
Q3-T-015/no_gap_or_overlap,True,
Q3-T-015/no_gap_or_overlap,True,
Q3-T-015/no_gap_or_overlap,True,
Q3-T-015/no_gap_or_overlap,True,
Q3-T-015/no_gap_or_overlap,True,
Q3-T-015/no_gap_or_overlap,True,
Q3-T-015/no_gap_or_overlap,True,
Q3-T-015/all_boundary_points_present,True,0
Q3-T-015/point_inside_mission,True,
Q3-T-015/point_inside_mission,True,
Q3-T-015/point_inside_mission,True,
Q3-T-015/point_inside_mission,True,
Q3-T-015/point_inside_mission,True,
Q3-T-015/point_inside_mission,True,
Q3-T-015/point_inside_mission,True,
Q3-T-015/point_inside_mission,True,
Q3-T-015/point_inside_mission,True,
Q3-T-015/point_inside_mission,True,
Q3-T-015/point_inside_mission,True,
Q3-T-015/point_inside_mission,True,
Q3-T-015/point_inside_mission,True,
Q3-T-015/point_inside_mission,True,
Q3-T-015/point_inside_mission,True,
Q3-T-015/point_inside_mission,True,
Q3-T-015/point_inside_mission,True,
Q3-T-015/point_inside_mission,True,
Q3-T-015/point_inside_mission,True,
Q3-T-015/point_inside_mission,True,
Q3-T-015/point_inside_mission,True,
Q3-T-015/point_inside_mission,True,
Q3-T-015/point_inside_mission,True,
Q3-T-015/point_inside_mission,True,
Q3-T-015/point_inside_mission,True,
Q3-T-015/point_inside_mission,True,
Q3-T-015/point_inside_mission,True,
Q3-T-015/point_inside_mission,True,
COMrow1124/finite_ordered,True,
COMrow1124/known_mode,True,
COMrow1124/provider_count,True,
COMrow1124/single_physical_phase,True,
COMrow1124/phase_label,True,
COMrow1124/unique_point,True,
COMrow1124/instant_link_and_priority,True,"(45.92517525248826, 45.92517525248826)"
COMrow1125/finite_ordered,True,
COMrow1125/known_mode,True,
COMrow1125/provider_count,True,
COMrow1125/single_physical_phase,True,
COMrow1125/phase_label,True,
COMrow1125/continuous_terrain_and_distance,True,45.925175252488266
COMrow1126/finite_ordered,True,
COMrow1126/known_mode,True,
COMrow1126/provider_count,True,
COMrow1126/single_physical_phase,True,
COMrow1126/phase_label,True,
COMrow1126/unique_point,True,
COMrow1126/instant_link_and_priority,True,"(56.38238674364726, 56.38238674364726)"
COMrow1127/finite_ordered,True,
COMrow1127/known_mode,True,
COMrow1127/provider_count,True,
COMrow1127/single_physical_phase,True,
COMrow1127/phase_label,True,
COMrow1127/continuous_terrain_and_distance,True,56.38238674364726
COMrow1128/finite_ordered,True,
COMrow1128/known_mode,True,
COMrow1128/provider_count,True,
COMrow1128/single_physical_phase,True,
COMrow1128/phase_label,True,
COMrow1128/unique_point,True,
COMrow1128/instant_link_and_priority,True,"(60.45901665587618, 60.45901665587618)"
COMrow1129/finite_ordered,True,
COMrow1129/known_mode,True,
COMrow1129/provider_count,True,
COMrow1129/single_physical_phase,True,
COMrow1129/phase_label,True,
COMrow1129/continuous_terrain_and_distance,True,60.45901665587618
COMrow1130/finite_ordered,True,
COMrow1130/known_mode,True,
COMrow1130/provider_count,True,
COMrow1130/single_physical_phase,True,
COMrow1130/phase_label,True,
COMrow1130/unique_point,True,
COMrow1130/instant_link_and_priority,True,"(63.04826031558985, 63.04826031558985)"
COMrow1131/finite_ordered,True,
COMrow1131/known_mode,True,
COMrow1131/provider_count,True,
COMrow1131/single_physical_phase,True,
COMrow1131/phase_label,True,
COMrow1131/continuous_terrain_and_distance,True,60.56487003084818
COMrow1132/finite_ordered,True,
COMrow1132/known_mode,True,
COMrow1132/provider_count,True,
COMrow1132/single_physical_phase,True,
COMrow1132/phase_label,True,
COMrow1132/unique_point,True,
COMrow1132/instant_link_and_priority,True,"(60.56487003084818, 60.56487003084818)"
COMrow1133/finite_ordered,True,
COMrow1133/known_mode,True,
COMrow1133/provider_count,True,
COMrow1133/single_physical_phase,True,
COMrow1133/phase_label,True,
COMrow1133/continuous_terrain_and_distance,True,50.80570620510423
COMrow1134/finite_ordered,True,
COMrow1134/known_mode,True,
COMrow1134/provider_count,True,
COMrow1134/single_physical_phase,True,
COMrow1134/phase_label,True,
COMrow1134/unique_point,True,
COMrow1134/instant_link_and_priority,True,"(50.80570620510423, 50.80570620510423)"
COMrow1135/finite_ordered,True,
COMrow1135/known_mode,True,
COMrow1135/provider_count,True,
COMrow1135/single_physical_phase,True,
COMrow1135/phase_label,True,
COMrow1135/continuous_terrain_and_distance,True,45.8229076436843
COMrow1136/finite_ordered,True,
COMrow1136/known_mode,True,
COMrow1136/provider_count,True,
COMrow1136/single_physical_phase,True,
COMrow1136/phase_label,True,
COMrow1136/unique_point,True,
COMrow1136/instant_link_and_priority,True,"(45.8229076436843, 45.8229076436843)"
COMrow1137/finite_ordered,True,
COMrow1137/known_mode,True,
COMrow1137/provider_count,True,
COMrow1137/single_physical_phase,True,
COMrow1137/phase_label,True,
COMrow1137/continuous_terrain_and_distance,True,36.90275487714975
COMrow1138/finite_ordered,True,
COMrow1138/known_mode,True,
COMrow1138/provider_count,True,
COMrow1138/single_physical_phase,True,
COMrow1138/phase_label,True,
COMrow1138/unique_point,True,
COMrow1138/instant_link_and_priority,True,"(36.90275487714975, 36.90275487714975)"
COMrow1139/finite_ordered,True,
COMrow1139/known_mode,True,
COMrow1139/provider_count,True,
COMrow1139/single_physical_phase,True,
COMrow1139/phase_label,True,
COMrow1139/continuous_terrain_and_distance,True,10.818805733526595
COMrow1140/finite_ordered,True,
COMrow1140/known_mode,True,
COMrow1140/provider_count,True,
COMrow1140/single_physical_phase,True,
COMrow1140/phase_label,True,
COMrow1140/unique_point,True,
COMrow1140/instant_link_and_priority,True,"(10.818805733526602, 10.818805733526602)"
COMrow1141/finite_ordered,True,
COMrow1141/known_mode,True,
COMrow1141/provider_count,True,
COMrow1141/single_physical_phase,True,
COMrow1141/phase_label,True,
COMrow1141/continuous_terrain_and_distance,True,10.416669329587737
COMrow1142/finite_ordered,True,
COMrow1142/known_mode,True,
COMrow1142/provider_count,True,
COMrow1142/single_physical_phase,True,
COMrow1142/phase_label,True,
COMrow1142/unique_point,True,
COMrow1142/instant_link_and_priority,True,"(10.416669329587734, 10.416669329587734)"
COMrow1143/finite_ordered,True,
COMrow1143/known_mode,True,
COMrow1143/provider_count,True,
COMrow1143/single_physical_phase,True,
COMrow1143/phase_label,True,
COMrow1143/continuous_terrain_and_distance,True,4.156675004196586e-13
COMrow1144/finite_ordered,True,
COMrow1144/known_mode,True,
COMrow1144/provider_count,True,
COMrow1144/single_physical_phase,True,
COMrow1144/phase_label,True,
COMrow1144/unique_point,True,
COMrow1144/instant_link_and_priority,True,"(4.121147867408581e-13, 4.121147867408581e-13)"
COMrow1145/finite_ordered,True,
COMrow1145/known_mode,True,
COMrow1145/provider_count,True,
COMrow1145/single_physical_phase,True,
COMrow1145/phase_label,True,
COMrow1145/relay_time_coverage,True,
COMrow1145/direct_priority_entire_interval,True,
COMrow1145/continuous_terrain_and_distance,True,10.064564070123335
COMrow1146/finite_ordered,True,
COMrow1146/known_mode,True,
COMrow1146/provider_count,True,
COMrow1146/single_physical_phase,True,
COMrow1146/phase_label,True,
COMrow1146/unique_point,True,
COMrow1146/instant_link_and_priority,True,"(10.20000000000067, -0.07237049538358065)"
COMrow1147/finite_ordered,True,
COMrow1147/known_mode,True,
COMrow1147/provider_count,True,
COMrow1147/single_physical_phase,True,
COMrow1147/phase_label,True,
COMrow1147/relay_time_coverage,True,
COMrow1147/direct_priority_entire_interval,True,
COMrow1147/continuous_terrain_and_distance,True,10.200000000000669
COMrow1148/finite_ordered,True,
COMrow1148/known_mode,True,
COMrow1148/provider_count,True,
COMrow1148/single_physical_phase,True,
COMrow1148/phase_label,True,
COMrow1148/unique_point,True,
COMrow1148/instant_link_and_priority,True,"(15.13221836201609, -2.0052730626765083)"
COMrow1149/finite_ordered,True,
COMrow1149/known_mode,True,
COMrow1149/provider_count,True,
COMrow1149/single_physical_phase,True,
COMrow1149/phase_label,True,
COMrow1149/relay_time_coverage,True,
COMrow1149/direct_priority_entire_interval,True,
COMrow1149/continuous_terrain_and_distance,True,15.132218362016086
COMrow1150/finite_ordered,True,
COMrow1150/known_mode,True,
COMrow1150/provider_count,True,
COMrow1150/single_physical_phase,True,
COMrow1150/phase_label,True,
COMrow1150/unique_point,True,
COMrow1150/instant_link_and_priority,True,"(16.775455676094523, -2.5128506814345712)"
COMrow1151/finite_ordered,True,
COMrow1151/known_mode,True,
COMrow1151/provider_count,True,
COMrow1151/single_physical_phase,True,
COMrow1151/phase_label,True,
COMrow1151/relay_time_coverage,True,
COMrow1151/direct_priority_entire_interval,True,
COMrow1151/continuous_terrain_and_distance,True,16.704180026895042
COMrow1152/finite_ordered,True,
COMrow1152/known_mode,True,
COMrow1152/provider_count,True,
COMrow1152/single_physical_phase,True,
COMrow1152/phase_label,True,
COMrow1152/unique_point,True,
COMrow1152/instant_link_and_priority,True,"(16.704180026895045, -2.5093882156172356)"
COMrow1153/finite_ordered,True,
COMrow1153/known_mode,True,
COMrow1153/provider_count,True,
COMrow1153/single_physical_phase,True,
COMrow1153/phase_label,True,
COMrow1153/relay_time_coverage,True,
COMrow1153/direct_priority_entire_interval,True,
COMrow1153/continuous_terrain_and_distance,True,16.64785273959399
COMrow1154/finite_ordered,True,
COMrow1154/known_mode,True,
COMrow1154/provider_count,True,
COMrow1154/single_physical_phase,True,
COMrow1154/phase_label,True,
COMrow1154/unique_point,True,
COMrow1154/instant_link_and_priority,True,"(6.647852739593986, -2.508448334367557)"
COMrow1155/finite_ordered,True,
COMrow1155/known_mode,True,
COMrow1155/provider_count,True,
COMrow1155/single_physical_phase,True,
COMrow1155/phase_label,True,
COMrow1155/relay_time_coverage,True,
COMrow1155/direct_priority_entire_interval,True,
COMrow1155/continuous_terrain_and_distance,True,6.625119468658461
COMrow1156/finite_ordered,True,
COMrow1156/known_mode,True,
COMrow1156/provider_count,True,
COMrow1156/single_physical_phase,True,
COMrow1156/phase_label,True,
COMrow1156/unique_point,True,
COMrow1156/instant_link_and_priority,True,"(6.625119468658468, -2.508227791369876)"
COMrow1157/finite_ordered,True,
COMrow1157/known_mode,True,
COMrow1157/provider_count,True,
COMrow1157/single_physical_phase,True,
COMrow1157/phase_label,True,
COMrow1157/relay_time_coverage,True,
COMrow1157/direct_priority_entire_interval,True,
COMrow1157/continuous_terrain_and_distance,True,6.625119468658461
COMrow1158/finite_ordered,True,
COMrow1158/known_mode,True,
COMrow1158/provider_count,True,
COMrow1158/single_physical_phase,True,
COMrow1158/phase_label,True,
COMrow1158/unique_point,True,
COMrow1158/instant_link_and_priority,True,"(6.625119468658468, -2.508227791369876)"
COMrow1159/finite_ordered,True,
COMrow1159/known_mode,True,
COMrow1159/provider_count,True,
COMrow1159/single_physical_phase,True,
COMrow1159/phase_label,True,
COMrow1159/relay_time_coverage,True,
COMrow1159/direct_priority_entire_interval,True,
COMrow1159/continuous_terrain_and_distance,True,6.625119468658461
COMrow1160/finite_ordered,True,
COMrow1160/known_mode,True,
COMrow1160/provider_count,True,
COMrow1160/single_physical_phase,True,
COMrow1160/phase_label,True,
COMrow1160/unique_point,True,
COMrow1160/instant_link_and_priority,True,"(6.647852739593986, -2.508448334367557)"
COMrow1161/finite_ordered,True,
COMrow1161/known_mode,True,
COMrow1161/provider_count,True,
COMrow1161/single_physical_phase,True,
COMrow1161/phase_label,True,
COMrow1161/relay_time_coverage,True,
COMrow1161/direct_priority_entire_interval,True,
COMrow1161/continuous_terrain_and_distance,True,16.64785273959399
COMrow1162/finite_ordered,True,
COMrow1162/known_mode,True,
COMrow1162/provider_count,True,
COMrow1162/single_physical_phase,True,
COMrow1162/phase_label,True,
COMrow1162/unique_point,True,
COMrow1162/instant_link_and_priority,True,"(16.704180026895045, -2.5093882156172356)"
COMrow1163/finite_ordered,True,
COMrow1163/known_mode,True,
COMrow1163/provider_count,True,
COMrow1163/single_physical_phase,True,
COMrow1163/phase_label,True,
COMrow1163/relay_time_coverage,True,
COMrow1163/direct_priority_entire_interval,True,
COMrow1163/continuous_terrain_and_distance,True,16.704180026895042
COMrow1164/finite_ordered,True,
COMrow1164/known_mode,True,
COMrow1164/provider_count,True,
COMrow1164/single_physical_phase,True,
COMrow1164/phase_label,True,
COMrow1164/unique_point,True,
COMrow1164/instant_link_and_priority,True,"(16.775455676094523, -2.5128506814345712)"
COMrow1165/finite_ordered,True,
COMrow1165/known_mode,True,
COMrow1165/provider_count,True,
COMrow1165/single_physical_phase,True,
COMrow1165/phase_label,True,
COMrow1165/relay_time_coverage,True,
COMrow1165/direct_priority_entire_interval,True,
COMrow1165/continuous_terrain_and_distance,True,15.132218362016086
COMrow1166/finite_ordered,True,
COMrow1166/known_mode,True,
COMrow1166/provider_count,True,
COMrow1166/single_physical_phase,True,
COMrow1166/phase_label,True,
COMrow1166/unique_point,True,
COMrow1166/instant_link_and_priority,True,"(15.13221836201609, -2.0052730626765083)"
COMrow1167/finite_ordered,True,
COMrow1167/known_mode,True,
COMrow1167/provider_count,True,
COMrow1167/single_physical_phase,True,
COMrow1167/phase_label,True,
COMrow1167/relay_time_coverage,True,
COMrow1167/direct_priority_entire_interval,True,
COMrow1167/continuous_terrain_and_distance,True,10.200000000000669
COMrow1168/finite_ordered,True,
COMrow1168/known_mode,True,
COMrow1168/provider_count,True,
COMrow1168/single_physical_phase,True,
COMrow1168/phase_label,True,
COMrow1168/unique_point,True,
COMrow1168/instant_link_and_priority,True,"(10.20000000000067, -0.07237049538358065)"
COMrow1169/finite_ordered,True,
COMrow1169/known_mode,True,
COMrow1169/provider_count,True,
COMrow1169/single_physical_phase,True,
COMrow1169/phase_label,True,
COMrow1169/relay_time_coverage,True,
COMrow1169/direct_priority_entire_interval,True,
COMrow1169/continuous_terrain_and_distance,True,10.064564070123335
COMrow1170/finite_ordered,True,
COMrow1170/known_mode,True,
COMrow1170/provider_count,True,
COMrow1170/single_physical_phase,True,
COMrow1170/phase_label,True,
COMrow1170/unique_point,True,
COMrow1170/instant_link_and_priority,True,"(4.121147867408581e-13, 4.121147867408581e-13)"
COMrow1171/finite_ordered,True,
COMrow1171/known_mode,True,
COMrow1171/provider_count,True,
COMrow1171/single_physical_phase,True,
COMrow1171/phase_label,True,
COMrow1171/continuous_terrain_and_distance,True,4.156675004196586e-13
COMrow1172/finite_ordered,True,
COMrow1172/known_mode,True,
COMrow1172/provider_count,True,
COMrow1172/single_physical_phase,True,
COMrow1172/phase_label,True,
COMrow1172/unique_point,True,
COMrow1172/instant_link_and_priority,True,"(10.416669329587734, 10.416669329587734)"
COMrow1173/finite_ordered,True,
COMrow1173/known_mode,True,
COMrow1173/provider_count,True,
COMrow1173/single_physical_phase,True,
COMrow1173/phase_label,True,
COMrow1173/continuous_terrain_and_distance,True,10.416669329587737
COMrow1174/finite_ordered,True,
COMrow1174/known_mode,True,
COMrow1174/provider_count,True,
COMrow1174/single_physical_phase,True,
COMrow1174/phase_label,True,
COMrow1174/unique_point,True,
COMrow1174/instant_link_and_priority,True,"(10.818805733526602, 10.818805733526602)"
COMrow1175/finite_ordered,True,
COMrow1175/known_mode,True,
COMrow1175/provider_count,True,
COMrow1175/single_physical_phase,True,
COMrow1175/phase_label,True,
COMrow1175/continuous_terrain_and_distance,True,10.818805733526595
COMrow1176/finite_ordered,True,
COMrow1176/known_mode,True,
COMrow1176/provider_count,True,
COMrow1176/single_physical_phase,True,
COMrow1176/phase_label,True,
COMrow1176/unique_point,True,
COMrow1176/instant_link_and_priority,True,"(36.90275487714975, 36.90275487714975)"
COMrow1177/finite_ordered,True,
COMrow1177/known_mode,True,
COMrow1177/provider_count,True,
COMrow1177/single_physical_phase,True,
COMrow1177/phase_label,True,
COMrow1177/continuous_terrain_and_distance,True,36.90275487714975
COMrow1178/finite_ordered,True,
COMrow1178/known_mode,True,
COMrow1178/provider_count,True,
COMrow1178/single_physical_phase,True,
COMrow1178/phase_label,True,
COMrow1178/unique_point,True,
COMrow1178/instant_link_and_priority,True,"(45.82290764368426, 45.82290764368426)"
COMrow1179/finite_ordered,True,
COMrow1179/known_mode,True,
COMrow1179/provider_count,True,
COMrow1179/single_physical_phase,True,
COMrow1179/phase_label,True,
COMrow1179/continuous_terrain_and_distance,True,45.82290764368426
COMrow1180/finite_ordered,True,
COMrow1180/known_mode,True,
COMrow1180/provider_count,True,
COMrow1180/single_physical_phase,True,
COMrow1180/phase_label,True,
COMrow1180/unique_point,True,
COMrow1180/instant_link_and_priority,True,"(50.80570620510433, 50.80570620510433)"
COMrow1181/finite_ordered,True,
COMrow1181/known_mode,True,
COMrow1181/provider_count,True,
COMrow1181/single_physical_phase,True,
COMrow1181/phase_label,True,
COMrow1181/continuous_terrain_and_distance,True,50.80570620510433
COMrow1182/finite_ordered,True,
COMrow1182/known_mode,True,
COMrow1182/provider_count,True,
COMrow1182/single_physical_phase,True,
COMrow1182/phase_label,True,
COMrow1182/unique_point,True,
COMrow1182/instant_link_and_priority,True,"(60.56487003084734, 60.56487003084734)"
COMrow1183/finite_ordered,True,
COMrow1183/known_mode,True,
COMrow1183/provider_count,True,
COMrow1183/single_physical_phase,True,
COMrow1183/phase_label,True,
COMrow1183/continuous_terrain_and_distance,True,60.56487003084734
COMrow1184/finite_ordered,True,
COMrow1184/known_mode,True,
COMrow1184/provider_count,True,
COMrow1184/single_physical_phase,True,
COMrow1184/phase_label,True,
COMrow1184/unique_point,True,
COMrow1184/instant_link_and_priority,True,"(63.048260315588735, 63.048260315588735)"
COMrow1185/finite_ordered,True,
COMrow1185/known_mode,True,
COMrow1185/provider_count,True,
COMrow1185/single_physical_phase,True,
COMrow1185/phase_label,True,
COMrow1185/continuous_terrain_and_distance,True,56.38238674364725
COMrow1186/finite_ordered,True,
COMrow1186/known_mode,True,
COMrow1186/provider_count,True,
COMrow1186/single_physical_phase,True,
COMrow1186/phase_label,True,
COMrow1186/unique_point,True,
COMrow1186/instant_link_and_priority,True,"(56.38238674364726, 56.38238674364726)"
COMrow1187/finite_ordered,True,
COMrow1187/known_mode,True,
COMrow1187/provider_count,True,
COMrow1187/single_physical_phase,True,
COMrow1187/phase_label,True,
COMrow1187/continuous_terrain_and_distance,True,45.92517525248826
COMrow1188/finite_ordered,True,
COMrow1188/known_mode,True,
COMrow1188/provider_count,True,
COMrow1188/single_physical_phase,True,
COMrow1188/phase_label,True,
COMrow1188/unique_point,True,
COMrow1188/instant_link_and_priority,True,"(45.92517525248826, 45.92517525248826)"
Q3-T-016/has_communication_spans,True,
Q3-T-016/takeoff_boundary,True,
Q3-T-016/return_boundary,True,
Q3-T-016/no_gap_or_overlap,True,
Q3-T-016/no_gap_or_overlap,True,
Q3-T-016/no_gap_or_overlap,True,
Q3-T-016/no_gap_or_overlap,True,
Q3-T-016/no_gap_or_overlap,True,
Q3-T-016/no_gap_or_overlap,True,
Q3-T-016/no_gap_or_overlap,True,
Q3-T-016/no_gap_or_overlap,True,
Q3-T-016/no_gap_or_overlap,True,
Q3-T-016/no_gap_or_overlap,True,
Q3-T-016/no_gap_or_overlap,True,
Q3-T-016/no_gap_or_overlap,True,
Q3-T-016/no_gap_or_overlap,True,
Q3-T-016/no_gap_or_overlap,True,
Q3-T-016/no_gap_or_overlap,True,
Q3-T-016/no_gap_or_overlap,True,
Q3-T-016/no_gap_or_overlap,True,
Q3-T-016/no_gap_or_overlap,True,
Q3-T-016/no_gap_or_overlap,True,
Q3-T-016/no_gap_or_overlap,True,
Q3-T-016/no_gap_or_overlap,True,
Q3-T-016/no_gap_or_overlap,True,
Q3-T-016/no_gap_or_overlap,True,
Q3-T-016/no_gap_or_overlap,True,
Q3-T-016/no_gap_or_overlap,True,
Q3-T-016/no_gap_or_overlap,True,
Q3-T-016/no_gap_or_overlap,True,
Q3-T-016/no_gap_or_overlap,True,
Q3-T-016/no_gap_or_overlap,True,
Q3-T-016/no_gap_or_overlap,True,
Q3-T-016/no_gap_or_overlap,True,
Q3-T-016/all_boundary_points_present,True,0
Q3-T-016/point_inside_mission,True,
Q3-T-016/point_inside_mission,True,
Q3-T-016/point_inside_mission,True,
Q3-T-016/point_inside_mission,True,
Q3-T-016/point_inside_mission,True,
Q3-T-016/point_inside_mission,True,
Q3-T-016/point_inside_mission,True,
Q3-T-016/point_inside_mission,True,
Q3-T-016/point_inside_mission,True,
Q3-T-016/point_inside_mission,True,
Q3-T-016/point_inside_mission,True,
Q3-T-016/point_inside_mission,True,
Q3-T-016/point_inside_mission,True,
Q3-T-016/point_inside_mission,True,
Q3-T-016/point_inside_mission,True,
Q3-T-016/point_inside_mission,True,
Q3-T-016/point_inside_mission,True,
Q3-T-016/point_inside_mission,True,
Q3-T-016/point_inside_mission,True,
Q3-T-016/point_inside_mission,True,
Q3-T-016/point_inside_mission,True,
Q3-T-016/point_inside_mission,True,
Q3-T-016/point_inside_mission,True,
Q3-T-016/point_inside_mission,True,
Q3-T-016/point_inside_mission,True,
Q3-T-016/point_inside_mission,True,
Q3-T-016/point_inside_mission,True,
Q3-T-016/point_inside_mission,True,
Q3-T-016/point_inside_mission,True,
Q3-T-016/point_inside_mission,True,
Q3-T-016/point_inside_mission,True,
Q3-T-016/point_inside_mission,True,
Q3-T-016/point_inside_mission,True,
COMrow1189/finite_ordered,True,
COMrow1189/known_mode,True,
COMrow1189/provider_count,True,
COMrow1189/single_physical_phase,True,
COMrow1189/phase_label,True,
COMrow1189/unique_point,True,
COMrow1189/instant_link_and_priority,True,"(45.92517525248826, 45.92517525248826)"
COMrow1190/finite_ordered,True,
COMrow1190/known_mode,True,
COMrow1190/provider_count,True,
COMrow1190/single_physical_phase,True,
COMrow1190/phase_label,True,
COMrow1190/continuous_terrain_and_distance,True,45.925175252488266
COMrow1191/finite_ordered,True,
COMrow1191/known_mode,True,
COMrow1191/provider_count,True,
COMrow1191/single_physical_phase,True,
COMrow1191/phase_label,True,
COMrow1191/unique_point,True,
COMrow1191/instant_link_and_priority,True,"(56.38238674364726, 56.38238674364726)"
COMrow1192/finite_ordered,True,
COMrow1192/known_mode,True,
COMrow1192/provider_count,True,
COMrow1192/single_physical_phase,True,
COMrow1192/phase_label,True,
COMrow1192/continuous_terrain_and_distance,True,56.38238674364725
COMrow1193/finite_ordered,True,
COMrow1193/known_mode,True,
COMrow1193/provider_count,True,
COMrow1193/single_physical_phase,True,
COMrow1193/phase_label,True,
COMrow1193/unique_point,True,
COMrow1193/instant_link_and_priority,True,"(63.04826031558991, 63.04826031558991)"
COMrow1194/finite_ordered,True,
COMrow1194/known_mode,True,
COMrow1194/provider_count,True,
COMrow1194/single_physical_phase,True,
COMrow1194/phase_label,True,
COMrow1194/continuous_terrain_and_distance,True,60.56487003084824
COMrow1195/finite_ordered,True,
COMrow1195/known_mode,True,
COMrow1195/provider_count,True,
COMrow1195/single_physical_phase,True,
COMrow1195/phase_label,True,
COMrow1195/unique_point,True,
COMrow1195/instant_link_and_priority,True,"(60.56487003084824, 60.56487003084824)"
COMrow1196/finite_ordered,True,
COMrow1196/known_mode,True,
COMrow1196/provider_count,True,
COMrow1196/single_physical_phase,True,
COMrow1196/phase_label,True,
COMrow1196/continuous_terrain_and_distance,True,50.80570620510427
COMrow1197/finite_ordered,True,
COMrow1197/known_mode,True,
COMrow1197/provider_count,True,
COMrow1197/single_physical_phase,True,
COMrow1197/phase_label,True,
COMrow1197/unique_point,True,
COMrow1197/instant_link_and_priority,True,"(50.80570620510427, 50.80570620510427)"
COMrow1198/finite_ordered,True,
COMrow1198/known_mode,True,
COMrow1198/provider_count,True,
COMrow1198/single_physical_phase,True,
COMrow1198/phase_label,True,
COMrow1198/continuous_terrain_and_distance,True,45.82290764368433
COMrow1199/finite_ordered,True,
COMrow1199/known_mode,True,
COMrow1199/provider_count,True,
COMrow1199/single_physical_phase,True,
COMrow1199/phase_label,True,
COMrow1199/unique_point,True,
COMrow1199/instant_link_and_priority,True,"(45.82290764368433, 45.82290764368433)"
COMrow1200/finite_ordered,True,
COMrow1200/known_mode,True,
COMrow1200/provider_count,True,
COMrow1200/single_physical_phase,True,
COMrow1200/phase_label,True,
COMrow1200/continuous_terrain_and_distance,True,38.560414627442945
COMrow1201/finite_ordered,True,
COMrow1201/known_mode,True,
COMrow1201/provider_count,True,
COMrow1201/single_physical_phase,True,
COMrow1201/phase_label,True,
COMrow1201/unique_point,True,
COMrow1201/instant_link_and_priority,True,"(38.56041462744295, 38.56041462744295)"
COMrow1202/finite_ordered,True,
COMrow1202/known_mode,True,
COMrow1202/provider_count,True,
COMrow1202/single_physical_phase,True,
COMrow1202/phase_label,True,
COMrow1202/continuous_terrain_and_distance,True,22.111728648384773
COMrow1203/finite_ordered,True,
COMrow1203/known_mode,True,
COMrow1203/provider_count,True,
COMrow1203/single_physical_phase,True,
COMrow1203/phase_label,True,
COMrow1203/unique_point,True,
COMrow1203/instant_link_and_priority,True,"(22.11172864838477, 22.11172864838477)"
COMrow1204/finite_ordered,True,
COMrow1204/known_mode,True,
COMrow1204/provider_count,True,
COMrow1204/single_physical_phase,True,
COMrow1204/phase_label,True,
COMrow1204/continuous_terrain_and_distance,True,16.583598399403552
COMrow1205/finite_ordered,True,
COMrow1205/known_mode,True,
COMrow1205/provider_count,True,
COMrow1205/single_physical_phase,True,
COMrow1205/phase_label,True,
COMrow1205/unique_point,True,
COMrow1205/instant_link_and_priority,True,"(6.583598399403556, 6.583598399403556)"
COMrow1206/finite_ordered,True,
COMrow1206/known_mode,True,
COMrow1206/provider_count,True,
COMrow1206/single_physical_phase,True,
COMrow1206/phase_label,True,
COMrow1206/continuous_terrain_and_distance,True,4.128072547475469
COMrow1207/finite_ordered,True,
COMrow1207/known_mode,True,
COMrow1207/provider_count,True,
COMrow1207/single_physical_phase,True,
COMrow1207/phase_label,True,
COMrow1207/unique_point,True,
COMrow1207/instant_link_and_priority,True,"(4.128072547475469, 4.128072547475469)"
COMrow1208/finite_ordered,True,
COMrow1208/known_mode,True,
COMrow1208/provider_count,True,
COMrow1208/single_physical_phase,True,
COMrow1208/phase_label,True,
COMrow1208/continuous_terrain_and_distance,True,3.217533917305552
COMrow1209/finite_ordered,True,
COMrow1209/known_mode,True,
COMrow1209/provider_count,True,
COMrow1209/single_physical_phase,True,
COMrow1209/phase_label,True,
COMrow1209/unique_point,True,
COMrow1209/instant_link_and_priority,True,"(3.217533917305559, 3.217533917305559)"
COMrow1210/finite_ordered,True,
COMrow1210/known_mode,True,
COMrow1210/provider_count,True,
COMrow1210/single_physical_phase,True,
COMrow1210/phase_label,True,
COMrow1210/continuous_terrain_and_distance,True,2.9655118891522
COMrow1211/finite_ordered,True,
COMrow1211/known_mode,True,
COMrow1211/provider_count,True,
COMrow1211/single_physical_phase,True,
COMrow1211/phase_label,True,
COMrow1211/unique_point,True,
COMrow1211/instant_link_and_priority,True,"(2.9655118891521965, 2.9655118891521965)"
COMrow1212/finite_ordered,True,
COMrow1212/known_mode,True,
COMrow1212/provider_count,True,
COMrow1212/single_physical_phase,True,
COMrow1212/phase_label,True,
COMrow1212/continuous_terrain_and_distance,True,2.9655118891522
COMrow1213/finite_ordered,True,
COMrow1213/known_mode,True,
COMrow1213/provider_count,True,
COMrow1213/single_physical_phase,True,
COMrow1213/phase_label,True,
COMrow1213/unique_point,True,
COMrow1213/instant_link_and_priority,True,"(2.971550769894023, 2.971550769894023)"
COMrow1214/finite_ordered,True,
COMrow1214/known_mode,True,
COMrow1214/provider_count,True,
COMrow1214/single_physical_phase,True,
COMrow1214/phase_label,True,
COMrow1214/continuous_terrain_and_distance,True,2.971550769894028
COMrow1215/finite_ordered,True,
COMrow1215/known_mode,True,
COMrow1215/provider_count,True,
COMrow1215/single_physical_phase,True,
COMrow1215/phase_label,True,
COMrow1215/unique_point,True,
COMrow1215/instant_link_and_priority,True,"(2.9752203689650543, 2.9752203689650543)"
COMrow1216/finite_ordered,True,
COMrow1216/known_mode,True,
COMrow1216/provider_count,True,
COMrow1216/single_physical_phase,True,
COMrow1216/phase_label,True,
COMrow1216/continuous_terrain_and_distance,True,2.9752203689650507
COMrow1217/finite_ordered,True,
COMrow1217/known_mode,True,
COMrow1217/provider_count,True,
COMrow1217/single_physical_phase,True,
COMrow1217/phase_label,True,
COMrow1217/unique_point,True,
COMrow1217/instant_link_and_priority,True,"(2.9752203689650543, 2.9752203689650543)"
COMrow1218/finite_ordered,True,
COMrow1218/known_mode,True,
COMrow1218/provider_count,True,
COMrow1218/single_physical_phase,True,
COMrow1218/phase_label,True,
COMrow1218/continuous_terrain_and_distance,True,2.971550769894028
COMrow1219/finite_ordered,True,
COMrow1219/known_mode,True,
COMrow1219/provider_count,True,
COMrow1219/single_physical_phase,True,
COMrow1219/phase_label,True,
COMrow1219/unique_point,True,
COMrow1219/instant_link_and_priority,True,"(2.971550769894023, 2.971550769894023)"
COMrow1220/finite_ordered,True,
COMrow1220/known_mode,True,
COMrow1220/provider_count,True,
COMrow1220/single_physical_phase,True,
COMrow1220/phase_label,True,
COMrow1220/continuous_terrain_and_distance,True,2.9655118891522
COMrow1221/finite_ordered,True,
COMrow1221/known_mode,True,
COMrow1221/provider_count,True,
COMrow1221/single_physical_phase,True,
COMrow1221/phase_label,True,
COMrow1221/unique_point,True,
COMrow1221/instant_link_and_priority,True,"(2.9655118891521965, 2.9655118891521965)"
COMrow1222/finite_ordered,True,
COMrow1222/known_mode,True,
COMrow1222/provider_count,True,
COMrow1222/single_physical_phase,True,
COMrow1222/phase_label,True,
COMrow1222/continuous_terrain_and_distance,True,2.9655118891522
COMrow1223/finite_ordered,True,
COMrow1223/known_mode,True,
COMrow1223/provider_count,True,
COMrow1223/single_physical_phase,True,
COMrow1223/phase_label,True,
COMrow1223/unique_point,True,
COMrow1223/instant_link_and_priority,True,"(3.217533917305559, 3.217533917305559)"
COMrow1224/finite_ordered,True,
COMrow1224/known_mode,True,
COMrow1224/provider_count,True,
COMrow1224/single_physical_phase,True,
COMrow1224/phase_label,True,
COMrow1224/continuous_terrain_and_distance,True,3.217533917305552
COMrow1225/finite_ordered,True,
COMrow1225/known_mode,True,
COMrow1225/provider_count,True,
COMrow1225/single_physical_phase,True,
COMrow1225/phase_label,True,
COMrow1225/unique_point,True,
COMrow1225/instant_link_and_priority,True,"(4.128072547475469, 4.128072547475469)"
COMrow1226/finite_ordered,True,
COMrow1226/known_mode,True,
COMrow1226/provider_count,True,
COMrow1226/single_physical_phase,True,
COMrow1226/phase_label,True,
COMrow1226/continuous_terrain_and_distance,True,4.128072547475469
COMrow1227/finite_ordered,True,
COMrow1227/known_mode,True,
COMrow1227/provider_count,True,
COMrow1227/single_physical_phase,True,
COMrow1227/phase_label,True,
COMrow1227/unique_point,True,
COMrow1227/instant_link_and_priority,True,"(6.583598399403556, 6.583598399403556)"
COMrow1228/finite_ordered,True,
COMrow1228/known_mode,True,
COMrow1228/provider_count,True,
COMrow1228/single_physical_phase,True,
COMrow1228/phase_label,True,
COMrow1228/continuous_terrain_and_distance,True,16.583598399403552
COMrow1229/finite_ordered,True,
COMrow1229/known_mode,True,
COMrow1229/provider_count,True,
COMrow1229/single_physical_phase,True,
COMrow1229/phase_label,True,
COMrow1229/unique_point,True,
COMrow1229/instant_link_and_priority,True,"(22.11172864838477, 22.11172864838477)"
COMrow1230/finite_ordered,True,
COMrow1230/known_mode,True,
COMrow1230/provider_count,True,
COMrow1230/single_physical_phase,True,
COMrow1230/phase_label,True,
COMrow1230/continuous_terrain_and_distance,True,22.111728648384773
COMrow1231/finite_ordered,True,
COMrow1231/known_mode,True,
COMrow1231/provider_count,True,
COMrow1231/single_physical_phase,True,
COMrow1231/phase_label,True,
COMrow1231/unique_point,True,
COMrow1231/instant_link_and_priority,True,"(38.56041462744295, 38.56041462744295)"
COMrow1232/finite_ordered,True,
COMrow1232/known_mode,True,
COMrow1232/provider_count,True,
COMrow1232/single_physical_phase,True,
COMrow1232/phase_label,True,
COMrow1232/continuous_terrain_and_distance,True,38.560414627442945
COMrow1233/finite_ordered,True,
COMrow1233/known_mode,True,
COMrow1233/provider_count,True,
COMrow1233/single_physical_phase,True,
COMrow1233/phase_label,True,
COMrow1233/unique_point,True,
COMrow1233/instant_link_and_priority,True,"(40.477411991584574, 40.477411991584574)"
COMrow1234/finite_ordered,True,
COMrow1234/known_mode,True,
COMrow1234/provider_count,True,
COMrow1234/single_physical_phase,True,
COMrow1234/phase_label,True,
COMrow1234/continuous_terrain_and_distance,True,40.47741199158457
COMrow1235/finite_ordered,True,
COMrow1235/known_mode,True,
COMrow1235/provider_count,True,
COMrow1235/single_physical_phase,True,
COMrow1235/phase_label,True,
COMrow1235/unique_point,True,
COMrow1235/instant_link_and_priority,True,"(45.822907643684175, 45.822907643684175)"
COMrow1236/finite_ordered,True,
COMrow1236/known_mode,True,
COMrow1236/provider_count,True,
COMrow1236/single_physical_phase,True,
COMrow1236/phase_label,True,
COMrow1236/continuous_terrain_and_distance,True,45.82290764368418
COMrow1237/finite_ordered,True,
COMrow1237/known_mode,True,
COMrow1237/provider_count,True,
COMrow1237/single_physical_phase,True,
COMrow1237/phase_label,True,
COMrow1237/unique_point,True,
COMrow1237/instant_link_and_priority,True,"(50.80570620510423, 50.80570620510423)"
COMrow1238/finite_ordered,True,
COMrow1238/known_mode,True,
COMrow1238/provider_count,True,
COMrow1238/single_physical_phase,True,
COMrow1238/phase_label,True,
COMrow1238/continuous_terrain_and_distance,True,50.80570620510424
COMrow1239/finite_ordered,True,
COMrow1239/known_mode,True,
COMrow1239/provider_count,True,
COMrow1239/single_physical_phase,True,
COMrow1239/phase_label,True,
COMrow1239/unique_point,True,
COMrow1239/instant_link_and_priority,True,"(60.56487003084885, 60.56487003084885)"
COMrow1240/finite_ordered,True,
COMrow1240/known_mode,True,
COMrow1240/provider_count,True,
COMrow1240/single_physical_phase,True,
COMrow1240/phase_label,True,
COMrow1240/continuous_terrain_and_distance,True,60.56487003084885
COMrow1241/finite_ordered,True,
COMrow1241/known_mode,True,
COMrow1241/provider_count,True,
COMrow1241/single_physical_phase,True,
COMrow1241/phase_label,True,
COMrow1241/unique_point,True,
COMrow1241/instant_link_and_priority,True,"(63.048260315590774, 63.048260315590774)"
COMrow1242/finite_ordered,True,
COMrow1242/known_mode,True,
COMrow1242/provider_count,True,
COMrow1242/single_physical_phase,True,
COMrow1242/phase_label,True,
COMrow1242/continuous_terrain_and_distance,True,56.38238674364725
COMrow1243/finite_ordered,True,
COMrow1243/known_mode,True,
COMrow1243/provider_count,True,
COMrow1243/single_physical_phase,True,
COMrow1243/phase_label,True,
COMrow1243/unique_point,True,
COMrow1243/instant_link_and_priority,True,"(56.38238674364726, 56.38238674364726)"
COMrow1244/finite_ordered,True,
COMrow1244/known_mode,True,
COMrow1244/provider_count,True,
COMrow1244/single_physical_phase,True,
COMrow1244/phase_label,True,
COMrow1244/continuous_terrain_and_distance,True,45.92517525248826
COMrow1245/finite_ordered,True,
COMrow1245/known_mode,True,
COMrow1245/provider_count,True,
COMrow1245/single_physical_phase,True,
COMrow1245/phase_label,True,
COMrow1245/unique_point,True,
COMrow1245/instant_link_and_priority,True,"(45.92517525248826, 45.92517525248826)"
Q3-T-017/has_communication_spans,True,
Q3-T-017/takeoff_boundary,True,
Q3-T-017/return_boundary,True,
Q3-T-017/no_gap_or_overlap,True,
Q3-T-017/no_gap_or_overlap,True,
Q3-T-017/no_gap_or_overlap,True,
Q3-T-017/no_gap_or_overlap,True,
Q3-T-017/no_gap_or_overlap,True,
Q3-T-017/no_gap_or_overlap,True,
Q3-T-017/no_gap_or_overlap,True,
Q3-T-017/no_gap_or_overlap,True,
Q3-T-017/no_gap_or_overlap,True,
Q3-T-017/no_gap_or_overlap,True,
Q3-T-017/no_gap_or_overlap,True,
Q3-T-017/no_gap_or_overlap,True,
Q3-T-017/no_gap_or_overlap,True,
Q3-T-017/no_gap_or_overlap,True,
Q3-T-017/no_gap_or_overlap,True,
Q3-T-017/no_gap_or_overlap,True,
Q3-T-017/no_gap_or_overlap,True,
Q3-T-017/no_gap_or_overlap,True,
Q3-T-017/no_gap_or_overlap,True,
Q3-T-017/no_gap_or_overlap,True,
Q3-T-017/no_gap_or_overlap,True,
Q3-T-017/no_gap_or_overlap,True,
Q3-T-017/no_gap_or_overlap,True,
Q3-T-017/no_gap_or_overlap,True,
Q3-T-017/no_gap_or_overlap,True,
Q3-T-017/no_gap_or_overlap,True,
Q3-T-017/no_gap_or_overlap,True,
Q3-T-017/all_boundary_points_present,True,0
Q3-T-017/point_inside_mission,True,
Q3-T-017/point_inside_mission,True,
Q3-T-017/point_inside_mission,True,
Q3-T-017/point_inside_mission,True,
Q3-T-017/point_inside_mission,True,
Q3-T-017/point_inside_mission,True,
Q3-T-017/point_inside_mission,True,
Q3-T-017/point_inside_mission,True,
Q3-T-017/point_inside_mission,True,
Q3-T-017/point_inside_mission,True,
Q3-T-017/point_inside_mission,True,
Q3-T-017/point_inside_mission,True,
Q3-T-017/point_inside_mission,True,
Q3-T-017/point_inside_mission,True,
Q3-T-017/point_inside_mission,True,
Q3-T-017/point_inside_mission,True,
Q3-T-017/point_inside_mission,True,
Q3-T-017/point_inside_mission,True,
Q3-T-017/point_inside_mission,True,
Q3-T-017/point_inside_mission,True,
Q3-T-017/point_inside_mission,True,
Q3-T-017/point_inside_mission,True,
Q3-T-017/point_inside_mission,True,
Q3-T-017/point_inside_mission,True,
Q3-T-017/point_inside_mission,True,
Q3-T-017/point_inside_mission,True,
Q3-T-017/point_inside_mission,True,
Q3-T-017/point_inside_mission,True,
Q3-T-017/point_inside_mission,True,
COMrow1246/finite_ordered,True,
COMrow1246/known_mode,True,
COMrow1246/provider_count,True,
COMrow1246/single_physical_phase,True,
COMrow1246/phase_label,True,
COMrow1246/unique_point,True,
COMrow1246/instant_link_and_priority,True,"(45.92517525248826, 45.92517525248826)"
COMrow1247/finite_ordered,True,
COMrow1247/known_mode,True,
COMrow1247/provider_count,True,
COMrow1247/single_physical_phase,True,
COMrow1247/phase_label,True,
COMrow1247/continuous_terrain_and_distance,True,45.925175252488266
COMrow1248/finite_ordered,True,
COMrow1248/known_mode,True,
COMrow1248/provider_count,True,
COMrow1248/single_physical_phase,True,
COMrow1248/phase_label,True,
COMrow1248/unique_point,True,
COMrow1248/instant_link_and_priority,True,"(56.38238674364726, 56.38238674364726)"
COMrow1249/finite_ordered,True,
COMrow1249/known_mode,True,
COMrow1249/provider_count,True,
COMrow1249/single_physical_phase,True,
COMrow1249/phase_label,True,
COMrow1249/continuous_terrain_and_distance,True,56.38238674364726
COMrow1250/finite_ordered,True,
COMrow1250/known_mode,True,
COMrow1250/provider_count,True,
COMrow1250/single_physical_phase,True,
COMrow1250/phase_label,True,
COMrow1250/unique_point,True,
COMrow1250/instant_link_and_priority,True,"(63.04826031558985, 63.04826031558985)"
COMrow1251/finite_ordered,True,
COMrow1251/known_mode,True,
COMrow1251/provider_count,True,
COMrow1251/single_physical_phase,True,
COMrow1251/phase_label,True,
COMrow1251/continuous_terrain_and_distance,True,60.56487003084818
COMrow1252/finite_ordered,True,
COMrow1252/known_mode,True,
COMrow1252/provider_count,True,
COMrow1252/single_physical_phase,True,
COMrow1252/phase_label,True,
COMrow1252/unique_point,True,
COMrow1252/instant_link_and_priority,True,"(60.56487003084818, 60.56487003084818)"
COMrow1253/finite_ordered,True,
COMrow1253/known_mode,True,
COMrow1253/provider_count,True,
COMrow1253/single_physical_phase,True,
COMrow1253/phase_label,True,
COMrow1253/continuous_terrain_and_distance,True,50.80570620510424
COMrow1254/finite_ordered,True,
COMrow1254/known_mode,True,
COMrow1254/provider_count,True,
COMrow1254/single_physical_phase,True,
COMrow1254/phase_label,True,
COMrow1254/unique_point,True,
COMrow1254/instant_link_and_priority,True,"(50.80570620510423, 50.80570620510423)"
COMrow1255/finite_ordered,True,
COMrow1255/known_mode,True,
COMrow1255/provider_count,True,
COMrow1255/single_physical_phase,True,
COMrow1255/phase_label,True,
COMrow1255/continuous_terrain_and_distance,True,45.8229076436843
COMrow1256/finite_ordered,True,
COMrow1256/known_mode,True,
COMrow1256/provider_count,True,
COMrow1256/single_physical_phase,True,
COMrow1256/phase_label,True,
COMrow1256/unique_point,True,
COMrow1256/instant_link_and_priority,True,"(45.8229076436843, 45.8229076436843)"
COMrow1257/finite_ordered,True,
COMrow1257/known_mode,True,
COMrow1257/provider_count,True,
COMrow1257/single_physical_phase,True,
COMrow1257/phase_label,True,
COMrow1257/continuous_terrain_and_distance,True,34.894047506859245
COMrow1258/finite_ordered,True,
COMrow1258/known_mode,True,
COMrow1258/provider_count,True,
COMrow1258/single_physical_phase,True,
COMrow1258/phase_label,True,
COMrow1258/unique_point,True,
COMrow1258/instant_link_and_priority,True,"(34.89404750685925, 34.89404750685925)"
COMrow1259/finite_ordered,True,
COMrow1259/known_mode,True,
COMrow1259/provider_count,True,
COMrow1259/single_physical_phase,True,
COMrow1259/phase_label,True,
COMrow1259/continuous_terrain_and_distance,True,19.108859130510744
COMrow1260/finite_ordered,True,
COMrow1260/known_mode,True,
COMrow1260/provider_count,True,
COMrow1260/single_physical_phase,True,
COMrow1260/phase_label,True,
COMrow1260/unique_point,True,
COMrow1260/instant_link_and_priority,True,"(19.108859130510737, 19.108859130510737)"
COMrow1261/finite_ordered,True,
COMrow1261/known_mode,True,
COMrow1261/provider_count,True,
COMrow1261/single_physical_phase,True,
COMrow1261/phase_label,True,
COMrow1261/continuous_terrain_and_distance,True,14.58334661736272
COMrow1262/finite_ordered,True,
COMrow1262/known_mode,True,
COMrow1262/provider_count,True,
COMrow1262/single_physical_phase,True,
COMrow1262/phase_label,True,
COMrow1262/unique_point,True,
COMrow1262/instant_link_and_priority,True,"(14.583346617362722, 14.583346617362722)"
COMrow1263/finite_ordered,True,
COMrow1263/known_mode,True,
COMrow1263/provider_count,True,
COMrow1263/single_physical_phase,True,
COMrow1263/phase_label,True,
COMrow1263/continuous_terrain_and_distance,True,12.624617925181582
COMrow1264/finite_ordered,True,
COMrow1264/known_mode,True,
COMrow1264/provider_count,True,
COMrow1264/single_physical_phase,True,
COMrow1264/phase_label,True,
COMrow1264/unique_point,True,
COMrow1264/instant_link_and_priority,True,"(12.624617925181582, 12.624617925181582)"
COMrow1265/finite_ordered,True,
COMrow1265/known_mode,True,
COMrow1265/provider_count,True,
COMrow1265/single_physical_phase,True,
COMrow1265/phase_label,True,
COMrow1265/continuous_terrain_and_distance,True,9.999999999999355
COMrow1266/finite_ordered,True,
COMrow1266/known_mode,True,
COMrow1266/provider_count,True,
COMrow1266/single_physical_phase,True,
COMrow1266/phase_label,True,
COMrow1266/unique_point,True,
COMrow1266/instant_link_and_priority,True,"(9.99999999999936, 9.99999999999936)"
COMrow1267/finite_ordered,True,
COMrow1267/known_mode,True,
COMrow1267/provider_count,True,
COMrow1267/single_physical_phase,True,
COMrow1267/phase_label,True,
COMrow1267/continuous_terrain_and_distance,True,9.15316480222936
COMrow1268/finite_ordered,True,
COMrow1268/known_mode,True,
COMrow1268/provider_count,True,
COMrow1268/single_physical_phase,True,
COMrow1268/phase_label,True,
COMrow1268/unique_point,True,
COMrow1268/instant_link_and_priority,True,"(9.301109552469555, -0.8468351977706448)"
COMrow1269/finite_ordered,True,
COMrow1269/known_mode,True,
COMrow1269/provider_count,True,
COMrow1269/single_physical_phase,True,
COMrow1269/phase_label,True,
COMrow1269/relay_time_coverage,True,
COMrow1269/direct_priority_entire_interval,True,
COMrow1269/continuous_terrain_and_distance,True,9.301109552469562
COMrow1270/finite_ordered,True,
COMrow1270/known_mode,True,
COMrow1270/provider_count,True,
COMrow1270/single_physical_phase,True,
COMrow1270/phase_label,True,
COMrow1270/unique_point,True,
COMrow1270/instant_link_and_priority,True,"(10.20000000000006, -1.7113500945006876)"
COMrow1271/finite_ordered,True,
COMrow1271/known_mode,True,
COMrow1271/provider_count,True,
COMrow1271/single_physical_phase,True,
COMrow1271/phase_label,True,
COMrow1271/relay_time_coverage,True,
COMrow1271/direct_priority_entire_interval,True,
COMrow1271/continuous_terrain_and_distance,True,10.200000000000054
COMrow1272/finite_ordered,True,
COMrow1272/known_mode,True,
COMrow1272/provider_count,True,
COMrow1272/single_physical_phase,True,
COMrow1272/phase_label,True,
COMrow1272/unique_point,True,
COMrow1272/instant_link_and_priority,True,"(10.825086509570482, -2.759094616335574)"
COMrow1273/finite_ordered,True,
COMrow1273/known_mode,True,
COMrow1273/provider_count,True,
COMrow1273/single_physical_phase,True,
COMrow1273/phase_label,True,
COMrow1273/relay_time_coverage,True,
COMrow1273/direct_priority_entire_interval,True,
COMrow1273/continuous_terrain_and_distance,True,10.200000000002591
COMrow1274/finite_ordered,True,
COMrow1274/known_mode,True,
COMrow1274/provider_count,True,
COMrow1274/single_physical_phase,True,
COMrow1274/phase_label,True,
COMrow1274/unique_point,True,
COMrow1274/instant_link_and_priority,True,"(10.20000000000259, -3.970495769674244)"
COMrow1275/finite_ordered,True,
COMrow1275/known_mode,True,
COMrow1275/provider_count,True,
COMrow1275/single_physical_phase,True,
COMrow1275/phase_label,True,
COMrow1275/relay_time_coverage,True,
COMrow1275/direct_priority_entire_interval,True,
COMrow1275/continuous_terrain_and_distance,True,9.159462683628686
COMrow1276/finite_ordered,True,
COMrow1276/known_mode,True,
COMrow1276/provider_count,True,
COMrow1276/single_physical_phase,True,
COMrow1276/phase_label,True,
COMrow1276/unique_point,True,
COMrow1276/instant_link_and_priority,True,"(9.15946268362869, -4.665039307965003)"
COMrow1277/finite_ordered,True,
COMrow1277/known_mode,True,
COMrow1277/provider_count,True,
COMrow1277/single_physical_phase,True,
COMrow1277/phase_label,True,
COMrow1277/relay_time_coverage,True,
COMrow1277/direct_priority_entire_interval,True,
COMrow1277/continuous_terrain_and_distance,True,8.489203408242073
COMrow1278/finite_ordered,True,
COMrow1278/known_mode,True,
COMrow1278/provider_count,True,
COMrow1278/single_physical_phase,True,
COMrow1278/phase_label,True,
COMrow1278/unique_point,True,
COMrow1278/instant_link_and_priority,True,"(8.489203408242076, -5.0271270621048245)"
COMrow1279/finite_ordered,True,
COMrow1279/known_mode,True,
COMrow1279/provider_count,True,
COMrow1279/single_physical_phase,True,
COMrow1279/phase_label,True,
COMrow1279/relay_time_coverage,True,
COMrow1279/direct_priority_entire_interval,True,
COMrow1279/continuous_terrain_and_distance,True,8.118300688433553
COMrow1280/finite_ordered,True,
COMrow1280/known_mode,True,
COMrow1280/provider_count,True,
COMrow1280/single_physical_phase,True,
COMrow1280/phase_label,True,
COMrow1280/unique_point,True,
COMrow1280/instant_link_and_priority,True,"(8.11830068843355, -5.21559075384279)"
COMrow1281/finite_ordered,True,
COMrow1281/known_mode,True,
COMrow1281/provider_count,True,
COMrow1281/single_physical_phase,True,
COMrow1281/phase_label,True,
COMrow1281/relay_time_coverage,True,
COMrow1281/direct_priority_entire_interval,True,
COMrow1281/continuous_terrain_and_distance,True,7.829423213629749
COMrow1282/finite_ordered,True,
COMrow1282/known_mode,True,
COMrow1282/provider_count,True,
COMrow1282/single_physical_phase,True,
COMrow1282/phase_label,True,
COMrow1282/unique_point,True,
COMrow1282/instant_link_and_priority,True,"(7.829423213629752, -5.358684847710435)"
COMrow1283/finite_ordered,True,
COMrow1283/known_mode,True,
COMrow1283/provider_count,True,
COMrow1283/single_physical_phase,True,
COMrow1283/phase_label,True,
COMrow1283/relay_time_coverage,True,
COMrow1283/direct_priority_entire_interval,True,
COMrow1283/continuous_terrain_and_distance,True,6.9904634745722944
COMrow1284/finite_ordered,True,
COMrow1284/known_mode,True,
COMrow1284/provider_count,True,
COMrow1284/single_physical_phase,True,
COMrow1284/phase_label,True,
COMrow1284/unique_point,True,
COMrow1284/instant_link_and_priority,True,"(6.9904634745722944, -5.763212731749292)"
COMrow1285/finite_ordered,True,
COMrow1285/known_mode,True,
COMrow1285/provider_count,True,
COMrow1285/single_physical_phase,True,
COMrow1285/phase_label,True,
COMrow1285/relay_time_coverage,True,
COMrow1285/direct_priority_entire_interval,True,
COMrow1285/continuous_terrain_and_distance,True,6.057563523717588
COMrow1286/finite_ordered,True,
COMrow1286/known_mode,True,
COMrow1286/provider_count,True,
COMrow1286/single_physical_phase,True,
COMrow1286/phase_label,True,
COMrow1286/unique_point,True,
COMrow1286/instant_link_and_priority,True,"(6.05756352371759, -6.204869090937848)"
COMrow1287/finite_ordered,True,
COMrow1287/known_mode,True,
COMrow1287/provider_count,True,
COMrow1287/single_physical_phase,True,
COMrow1287/phase_label,True,
COMrow1287/relay_time_coverage,True,
COMrow1287/direct_priority_entire_interval,True,
COMrow1287/continuous_terrain_and_distance,True,6.0560995032934315
COMrow1288/finite_ordered,True,
COMrow1288/known_mode,True,
COMrow1288/provider_count,True,
COMrow1288/single_physical_phase,True,
COMrow1288/phase_label,True,
COMrow1288/unique_point,True,
COMrow1288/instant_link_and_priority,True,"(6.056099503293439, -6.203337077690264)"
COMrow1289/finite_ordered,True,
COMrow1289/known_mode,True,
COMrow1289/provider_count,True,
COMrow1289/single_physical_phase,True,
COMrow1289/phase_label,True,
COMrow1289/relay_time_coverage,True,
COMrow1289/direct_priority_entire_interval,True,
COMrow1289/continuous_terrain_and_distance,True,6.056072405152326
COMrow1290/finite_ordered,True,
COMrow1290/known_mode,True,
COMrow1290/provider_count,True,
COMrow1290/single_physical_phase,True,
COMrow1290/phase_label,True,
COMrow1290/unique_point,True,
COMrow1290/instant_link_and_priority,True,"(6.056072405152321, -6.2033254117085335)"
COMrow1291/finite_ordered,True,
COMrow1291/known_mode,True,
COMrow1291/provider_count,True,
COMrow1291/single_physical_phase,True,
COMrow1291/phase_label,True,
COMrow1291/relay_time_coverage,True,
COMrow1291/direct_priority_entire_interval,True,
COMrow1291/continuous_terrain_and_distance,True,4.183809202693512
COMrow1292/finite_ordered,True,
COMrow1292/known_mode,True,
COMrow1292/provider_count,True,
COMrow1292/single_physical_phase,True,
COMrow1292/phase_label,True,
COMrow1292/unique_point,True,
COMrow1292/instant_link_and_priority,True,"(4.18380920269351, -6.202505524891052)"
COMrow1293/finite_ordered,True,
COMrow1293/known_mode,True,
COMrow1293/provider_count,True,
COMrow1293/single_physical_phase,True,
COMrow1293/phase_label,True,
COMrow1293/relay_time_coverage,True,
COMrow1293/direct_priority_entire_interval,True,
COMrow1293/continuous_terrain_and_distance,True,4.183809202693512
COMrow1294/finite_ordered,True,
COMrow1294/known_mode,True,
COMrow1294/provider_count,True,
COMrow1294/single_physical_phase,True,
COMrow1294/phase_label,True,
COMrow1294/unique_point,True,
COMrow1294/instant_link_and_priority,True,"(4.18380920269351, -6.202505524891052)"
COMrow1295/finite_ordered,True,
COMrow1295/known_mode,True,
COMrow1295/provider_count,True,
COMrow1295/single_physical_phase,True,
COMrow1295/phase_label,True,
COMrow1295/relay_time_coverage,True,
COMrow1295/direct_priority_entire_interval,True,
COMrow1295/continuous_terrain_and_distance,True,4.183809202693512
COMrow1296/finite_ordered,True,
COMrow1296/known_mode,True,
COMrow1296/provider_count,True,
COMrow1296/single_physical_phase,True,
COMrow1296/phase_label,True,
COMrow1296/unique_point,True,
COMrow1296/instant_link_and_priority,True,"(6.056072405152321, -6.2033254117085335)"
COMrow1297/finite_ordered,True,
COMrow1297/known_mode,True,
COMrow1297/provider_count,True,
COMrow1297/single_physical_phase,True,
COMrow1297/phase_label,True,
COMrow1297/relay_time_coverage,True,
COMrow1297/direct_priority_entire_interval,True,
COMrow1297/continuous_terrain_and_distance,True,6.056072405152326
COMrow1298/finite_ordered,True,
COMrow1298/known_mode,True,
COMrow1298/provider_count,True,
COMrow1298/single_physical_phase,True,
COMrow1298/phase_label,True,
COMrow1298/unique_point,True,
COMrow1298/instant_link_and_priority,True,"(6.056099503293439, -6.203337077690264)"
COMrow1299/finite_ordered,True,
COMrow1299/known_mode,True,
COMrow1299/provider_count,True,
COMrow1299/single_physical_phase,True,
COMrow1299/phase_label,True,
COMrow1299/relay_time_coverage,True,
COMrow1299/direct_priority_entire_interval,True,
COMrow1299/continuous_terrain_and_distance,True,6.0560995032934315
COMrow1300/finite_ordered,True,
COMrow1300/known_mode,True,
COMrow1300/provider_count,True,
COMrow1300/single_physical_phase,True,
COMrow1300/phase_label,True,
COMrow1300/unique_point,True,
COMrow1300/instant_link_and_priority,True,"(6.05756352371759, -6.204869090937848)"
COMrow1301/finite_ordered,True,
COMrow1301/known_mode,True,
COMrow1301/provider_count,True,
COMrow1301/single_physical_phase,True,
COMrow1301/phase_label,True,
COMrow1301/relay_time_coverage,True,
COMrow1301/direct_priority_entire_interval,True,
COMrow1301/continuous_terrain_and_distance,True,6.057563523717588
COMrow1302/finite_ordered,True,
COMrow1302/known_mode,True,
COMrow1302/provider_count,True,
COMrow1302/single_physical_phase,True,
COMrow1302/phase_label,True,
COMrow1302/unique_point,True,
COMrow1302/instant_link_and_priority,True,"(6.9904634745722944, -5.763212731749292)"
COMrow1303/finite_ordered,True,
COMrow1303/known_mode,True,
COMrow1303/provider_count,True,
COMrow1303/single_physical_phase,True,
COMrow1303/phase_label,True,
COMrow1303/relay_time_coverage,True,
COMrow1303/direct_priority_entire_interval,True,
COMrow1303/continuous_terrain_and_distance,True,6.9904634745722944
COMrow1304/finite_ordered,True,
COMrow1304/known_mode,True,
COMrow1304/provider_count,True,
COMrow1304/single_physical_phase,True,
COMrow1304/phase_label,True,
COMrow1304/unique_point,True,
COMrow1304/instant_link_and_priority,True,"(7.829423213629752, -5.358684847710435)"
COMrow1305/finite_ordered,True,
COMrow1305/known_mode,True,
COMrow1305/provider_count,True,
COMrow1305/single_physical_phase,True,
COMrow1305/phase_label,True,
COMrow1305/relay_time_coverage,True,
COMrow1305/direct_priority_entire_interval,True,
COMrow1305/continuous_terrain_and_distance,True,7.829423213629749
COMrow1306/finite_ordered,True,
COMrow1306/known_mode,True,
COMrow1306/provider_count,True,
COMrow1306/single_physical_phase,True,
COMrow1306/phase_label,True,
COMrow1306/unique_point,True,
COMrow1306/instant_link_and_priority,True,"(8.11830068843355, -5.21559075384279)"
COMrow1307/finite_ordered,True,
COMrow1307/known_mode,True,
COMrow1307/provider_count,True,
COMrow1307/single_physical_phase,True,
COMrow1307/phase_label,True,
COMrow1307/relay_time_coverage,True,
COMrow1307/direct_priority_entire_interval,True,
COMrow1307/continuous_terrain_and_distance,True,8.118300688433553
COMrow1308/finite_ordered,True,
COMrow1308/known_mode,True,
COMrow1308/provider_count,True,
COMrow1308/single_physical_phase,True,
COMrow1308/phase_label,True,
COMrow1308/unique_point,True,
COMrow1308/instant_link_and_priority,True,"(8.489203408242076, -5.0271270621048245)"
COMrow1309/finite_ordered,True,
COMrow1309/known_mode,True,
COMrow1309/provider_count,True,
COMrow1309/single_physical_phase,True,
COMrow1309/phase_label,True,
COMrow1309/relay_time_coverage,True,
COMrow1309/direct_priority_entire_interval,True,
COMrow1309/continuous_terrain_and_distance,True,8.489203408242073
COMrow1310/finite_ordered,True,
COMrow1310/known_mode,True,
COMrow1310/provider_count,True,
COMrow1310/single_physical_phase,True,
COMrow1310/phase_label,True,
COMrow1310/unique_point,True,
COMrow1310/instant_link_and_priority,True,"(9.15946268362869, -4.665039307965003)"
COMrow1311/finite_ordered,True,
COMrow1311/known_mode,True,
COMrow1311/provider_count,True,
COMrow1311/single_physical_phase,True,
COMrow1311/phase_label,True,
COMrow1311/relay_time_coverage,True,
COMrow1311/direct_priority_entire_interval,True,
COMrow1311/continuous_terrain_and_distance,True,9.159462683628686
COMrow1312/finite_ordered,True,
COMrow1312/known_mode,True,
COMrow1312/provider_count,True,
COMrow1312/single_physical_phase,True,
COMrow1312/phase_label,True,
COMrow1312/unique_point,True,
COMrow1312/instant_link_and_priority,True,"(10.20000000000259, -3.970495769674244)"
COMrow1313/finite_ordered,True,
COMrow1313/known_mode,True,
COMrow1313/provider_count,True,
COMrow1313/single_physical_phase,True,
COMrow1313/phase_label,True,
COMrow1313/relay_time_coverage,True,
COMrow1313/direct_priority_entire_interval,True,
COMrow1313/continuous_terrain_and_distance,True,10.200000000002591
COMrow1314/finite_ordered,True,
COMrow1314/known_mode,True,
COMrow1314/provider_count,True,
COMrow1314/single_physical_phase,True,
COMrow1314/phase_label,True,
COMrow1314/unique_point,True,
COMrow1314/instant_link_and_priority,True,"(10.825086509570482, -2.759094616335574)"
COMrow1315/finite_ordered,True,
COMrow1315/known_mode,True,
COMrow1315/provider_count,True,
COMrow1315/single_physical_phase,True,
COMrow1315/phase_label,True,
COMrow1315/relay_time_coverage,True,
COMrow1315/direct_priority_entire_interval,True,
COMrow1315/continuous_terrain_and_distance,True,10.200000000000054
COMrow1316/finite_ordered,True,
COMrow1316/known_mode,True,
COMrow1316/provider_count,True,
COMrow1316/single_physical_phase,True,
COMrow1316/phase_label,True,
COMrow1316/unique_point,True,
COMrow1316/instant_link_and_priority,True,"(10.20000000000006, -1.7113500945006876)"
COMrow1317/finite_ordered,True,
COMrow1317/known_mode,True,
COMrow1317/provider_count,True,
COMrow1317/single_physical_phase,True,
COMrow1317/phase_label,True,
COMrow1317/relay_time_coverage,True,
COMrow1317/direct_priority_entire_interval,True,
COMrow1317/continuous_terrain_and_distance,True,9.301109552469562
COMrow1318/finite_ordered,True,
COMrow1318/known_mode,True,
COMrow1318/provider_count,True,
COMrow1318/single_physical_phase,True,
COMrow1318/phase_label,True,
COMrow1318/unique_point,True,
COMrow1318/instant_link_and_priority,True,"(9.301109552469555, -0.8468351977706448)"
COMrow1319/finite_ordered,True,
COMrow1319/known_mode,True,
COMrow1319/provider_count,True,
COMrow1319/single_physical_phase,True,
COMrow1319/phase_label,True,
COMrow1319/continuous_terrain_and_distance,True,9.15316480222936
COMrow1320/finite_ordered,True,
COMrow1320/known_mode,True,
COMrow1320/provider_count,True,
COMrow1320/single_physical_phase,True,
COMrow1320/phase_label,True,
COMrow1320/unique_point,True,
COMrow1320/instant_link_and_priority,True,"(9.99999999999936, 9.99999999999936)"
COMrow1321/finite_ordered,True,
COMrow1321/known_mode,True,
COMrow1321/provider_count,True,
COMrow1321/single_physical_phase,True,
COMrow1321/phase_label,True,
COMrow1321/continuous_terrain_and_distance,True,9.999999999999355
COMrow1322/finite_ordered,True,
COMrow1322/known_mode,True,
COMrow1322/provider_count,True,
COMrow1322/single_physical_phase,True,
COMrow1322/phase_label,True,
COMrow1322/unique_point,True,
COMrow1322/instant_link_and_priority,True,"(12.624617925181582, 12.624617925181582)"
COMrow1323/finite_ordered,True,
COMrow1323/known_mode,True,
COMrow1323/provider_count,True,
COMrow1323/single_physical_phase,True,
COMrow1323/phase_label,True,
COMrow1323/continuous_terrain_and_distance,True,12.624617925181582
COMrow1324/finite_ordered,True,
COMrow1324/known_mode,True,
COMrow1324/provider_count,True,
COMrow1324/single_physical_phase,True,
COMrow1324/phase_label,True,
COMrow1324/unique_point,True,
COMrow1324/instant_link_and_priority,True,"(14.583346617362722, 14.583346617362722)"
COMrow1325/finite_ordered,True,
COMrow1325/known_mode,True,
COMrow1325/provider_count,True,
COMrow1325/single_physical_phase,True,
COMrow1325/phase_label,True,
COMrow1325/continuous_terrain_and_distance,True,14.58334661736272
COMrow1326/finite_ordered,True,
COMrow1326/known_mode,True,
COMrow1326/provider_count,True,
COMrow1326/single_physical_phase,True,
COMrow1326/phase_label,True,
COMrow1326/unique_point,True,
COMrow1326/instant_link_and_priority,True,"(19.108859130510737, 19.108859130510737)"
COMrow1327/finite_ordered,True,
COMrow1327/known_mode,True,
COMrow1327/provider_count,True,
COMrow1327/single_physical_phase,True,
COMrow1327/phase_label,True,
COMrow1327/continuous_terrain_and_distance,True,19.108859130510744
COMrow1328/finite_ordered,True,
COMrow1328/known_mode,True,
COMrow1328/provider_count,True,
COMrow1328/single_physical_phase,True,
COMrow1328/phase_label,True,
COMrow1328/unique_point,True,
COMrow1328/instant_link_and_priority,True,"(34.89404750685925, 34.89404750685925)"
COMrow1329/finite_ordered,True,
COMrow1329/known_mode,True,
COMrow1329/provider_count,True,
COMrow1329/single_physical_phase,True,
COMrow1329/phase_label,True,
COMrow1329/continuous_terrain_and_distance,True,34.894047506859245
COMrow1330/finite_ordered,True,
COMrow1330/known_mode,True,
COMrow1330/provider_count,True,
COMrow1330/single_physical_phase,True,
COMrow1330/phase_label,True,
COMrow1330/unique_point,True,
COMrow1330/instant_link_and_priority,True,"(45.822907643684474, 45.822907643684474)"
COMrow1331/finite_ordered,True,
COMrow1331/known_mode,True,
COMrow1331/provider_count,True,
COMrow1331/single_physical_phase,True,
COMrow1331/phase_label,True,
COMrow1331/continuous_terrain_and_distance,True,45.822907643684474
COMrow1332/finite_ordered,True,
COMrow1332/known_mode,True,
COMrow1332/provider_count,True,
COMrow1332/single_physical_phase,True,
COMrow1332/phase_label,True,
COMrow1332/unique_point,True,
COMrow1332/instant_link_and_priority,True,"(50.805706205104215, 50.805706205104215)"
COMrow1333/finite_ordered,True,
COMrow1333/known_mode,True,
COMrow1333/provider_count,True,
COMrow1333/single_physical_phase,True,
COMrow1333/phase_label,True,
COMrow1333/continuous_terrain_and_distance,True,50.805706205104215
COMrow1334/finite_ordered,True,
COMrow1334/known_mode,True,
COMrow1334/provider_count,True,
COMrow1334/single_physical_phase,True,
COMrow1334/phase_label,True,
COMrow1334/unique_point,True,
COMrow1334/instant_link_and_priority,True,"(60.56487003084884, 60.56487003084884)"
COMrow1335/finite_ordered,True,
COMrow1335/known_mode,True,
COMrow1335/provider_count,True,
COMrow1335/single_physical_phase,True,
COMrow1335/phase_label,True,
COMrow1335/continuous_terrain_and_distance,True,60.56487003084884
COMrow1336/finite_ordered,True,
COMrow1336/known_mode,True,
COMrow1336/provider_count,True,
COMrow1336/single_physical_phase,True,
COMrow1336/phase_label,True,
COMrow1336/unique_point,True,
COMrow1336/instant_link_and_priority,True,"(63.048260315590724, 63.048260315590724)"
COMrow1337/finite_ordered,True,
COMrow1337/known_mode,True,
COMrow1337/provider_count,True,
COMrow1337/single_physical_phase,True,
COMrow1337/phase_label,True,
COMrow1337/continuous_terrain_and_distance,True,56.38238674364725
COMrow1338/finite_ordered,True,
COMrow1338/known_mode,True,
COMrow1338/provider_count,True,
COMrow1338/single_physical_phase,True,
COMrow1338/phase_label,True,
COMrow1338/unique_point,True,
COMrow1338/instant_link_and_priority,True,"(56.38238674364726, 56.38238674364726)"
COMrow1339/finite_ordered,True,
COMrow1339/known_mode,True,
COMrow1339/provider_count,True,
COMrow1339/single_physical_phase,True,
COMrow1339/phase_label,True,
COMrow1339/continuous_terrain_and_distance,True,45.92517525248826
COMrow1340/finite_ordered,True,
COMrow1340/known_mode,True,
COMrow1340/provider_count,True,
COMrow1340/single_physical_phase,True,
COMrow1340/phase_label,True,
COMrow1340/unique_point,True,
COMrow1340/instant_link_and_priority,True,"(45.92517525248826, 45.92517525248826)"
Q3-T-018/has_communication_spans,True,
Q3-T-018/takeoff_boundary,True,
Q3-T-018/return_boundary,True,
Q3-T-018/no_gap_or_overlap,True,
Q3-T-018/no_gap_or_overlap,True,
Q3-T-018/no_gap_or_overlap,True,
Q3-T-018/no_gap_or_overlap,True,
Q3-T-018/no_gap_or_overlap,True,
Q3-T-018/no_gap_or_overlap,True,
Q3-T-018/no_gap_or_overlap,True,
Q3-T-018/no_gap_or_overlap,True,
Q3-T-018/no_gap_or_overlap,True,
Q3-T-018/no_gap_or_overlap,True,
Q3-T-018/no_gap_or_overlap,True,
Q3-T-018/no_gap_or_overlap,True,
Q3-T-018/no_gap_or_overlap,True,
Q3-T-018/no_gap_or_overlap,True,
Q3-T-018/no_gap_or_overlap,True,
Q3-T-018/no_gap_or_overlap,True,
Q3-T-018/no_gap_or_overlap,True,
Q3-T-018/no_gap_or_overlap,True,
Q3-T-018/no_gap_or_overlap,True,
Q3-T-018/no_gap_or_overlap,True,
Q3-T-018/no_gap_or_overlap,True,
Q3-T-018/no_gap_or_overlap,True,
Q3-T-018/no_gap_or_overlap,True,
Q3-T-018/no_gap_or_overlap,True,
Q3-T-018/no_gap_or_overlap,True,
Q3-T-018/no_gap_or_overlap,True,
Q3-T-018/no_gap_or_overlap,True,
Q3-T-018/no_gap_or_overlap,True,
Q3-T-018/no_gap_or_overlap,True,
Q3-T-018/no_gap_or_overlap,True,
Q3-T-018/no_gap_or_overlap,True,
Q3-T-018/no_gap_or_overlap,True,
Q3-T-018/no_gap_or_overlap,True,
Q3-T-018/no_gap_or_overlap,True,
Q3-T-018/no_gap_or_overlap,True,
Q3-T-018/no_gap_or_overlap,True,
Q3-T-018/no_gap_or_overlap,True,
Q3-T-018/no_gap_or_overlap,True,
Q3-T-018/no_gap_or_overlap,True,
Q3-T-018/no_gap_or_overlap,True,
Q3-T-018/no_gap_or_overlap,True,
Q3-T-018/no_gap_or_overlap,True,
Q3-T-018/no_gap_or_overlap,True,
Q3-T-018/no_gap_or_overlap,True,
Q3-T-018/no_gap_or_overlap,True,
Q3-T-018/no_gap_or_overlap,True,
Q3-T-018/all_boundary_points_present,True,0
Q3-T-018/point_inside_mission,True,
Q3-T-018/point_inside_mission,True,
Q3-T-018/point_inside_mission,True,
Q3-T-018/point_inside_mission,True,
Q3-T-018/point_inside_mission,True,
Q3-T-018/point_inside_mission,True,
Q3-T-018/point_inside_mission,True,
Q3-T-018/point_inside_mission,True,
Q3-T-018/point_inside_mission,True,
Q3-T-018/point_inside_mission,True,
Q3-T-018/point_inside_mission,True,
Q3-T-018/point_inside_mission,True,
Q3-T-018/point_inside_mission,True,
Q3-T-018/point_inside_mission,True,
Q3-T-018/point_inside_mission,True,
Q3-T-018/point_inside_mission,True,
Q3-T-018/point_inside_mission,True,
Q3-T-018/point_inside_mission,True,
Q3-T-018/point_inside_mission,True,
Q3-T-018/point_inside_mission,True,
Q3-T-018/point_inside_mission,True,
Q3-T-018/point_inside_mission,True,
Q3-T-018/point_inside_mission,True,
Q3-T-018/point_inside_mission,True,
Q3-T-018/point_inside_mission,True,
Q3-T-018/point_inside_mission,True,
Q3-T-018/point_inside_mission,True,
Q3-T-018/point_inside_mission,True,
Q3-T-018/point_inside_mission,True,
Q3-T-018/point_inside_mission,True,
Q3-T-018/point_inside_mission,True,
Q3-T-018/point_inside_mission,True,
Q3-T-018/point_inside_mission,True,
Q3-T-018/point_inside_mission,True,
Q3-T-018/point_inside_mission,True,
Q3-T-018/point_inside_mission,True,
Q3-T-018/point_inside_mission,True,
Q3-T-018/point_inside_mission,True,
Q3-T-018/point_inside_mission,True,
Q3-T-018/point_inside_mission,True,
Q3-T-018/point_inside_mission,True,
Q3-T-018/point_inside_mission,True,
Q3-T-018/point_inside_mission,True,
Q3-T-018/point_inside_mission,True,
Q3-T-018/point_inside_mission,True,
Q3-T-018/point_inside_mission,True,
Q3-T-018/point_inside_mission,True,
Q3-T-018/point_inside_mission,True,
COMrow1341/finite_ordered,True,
COMrow1341/known_mode,True,
COMrow1341/provider_count,True,
COMrow1341/single_physical_phase,True,
COMrow1341/phase_label,True,
COMrow1341/unique_point,True,
COMrow1341/instant_link_and_priority,True,"(45.92517525248826, 45.92517525248826)"
COMrow1342/finite_ordered,True,
COMrow1342/known_mode,True,
COMrow1342/provider_count,True,
COMrow1342/single_physical_phase,True,
COMrow1342/phase_label,True,
COMrow1342/continuous_terrain_and_distance,True,45.925175252488266
COMrow1343/finite_ordered,True,
COMrow1343/known_mode,True,
COMrow1343/provider_count,True,
COMrow1343/single_physical_phase,True,
COMrow1343/phase_label,True,
COMrow1343/unique_point,True,
COMrow1343/instant_link_and_priority,True,"(56.38238674364726, 56.38238674364726)"
COMrow1344/finite_ordered,True,
COMrow1344/known_mode,True,
COMrow1344/provider_count,True,
COMrow1344/single_physical_phase,True,
COMrow1344/phase_label,True,
COMrow1344/continuous_terrain_and_distance,True,56.38238674364725
COMrow1345/finite_ordered,True,
COMrow1345/known_mode,True,
COMrow1345/provider_count,True,
COMrow1345/single_physical_phase,True,
COMrow1345/phase_label,True,
COMrow1345/unique_point,True,
COMrow1345/instant_link_and_priority,True,"(63.04826031558862, 63.04826031558862)"
COMrow1346/finite_ordered,True,
COMrow1346/known_mode,True,
COMrow1346/provider_count,True,
COMrow1346/single_physical_phase,True,
COMrow1346/phase_label,True,
COMrow1346/continuous_terrain_and_distance,True,60.56487003084826
COMrow1347/finite_ordered,True,
COMrow1347/known_mode,True,
COMrow1347/provider_count,True,
COMrow1347/single_physical_phase,True,
COMrow1347/phase_label,True,
COMrow1347/unique_point,True,
COMrow1347/instant_link_and_priority,True,"(60.56487003084826, 60.56487003084826)"
COMrow1348/finite_ordered,True,
COMrow1348/known_mode,True,
COMrow1348/provider_count,True,
COMrow1348/single_physical_phase,True,
COMrow1348/phase_label,True,
COMrow1348/continuous_terrain_and_distance,True,50.80570620510396
COMrow1349/finite_ordered,True,
COMrow1349/known_mode,True,
COMrow1349/provider_count,True,
COMrow1349/single_physical_phase,True,
COMrow1349/phase_label,True,
COMrow1349/unique_point,True,
COMrow1349/instant_link_and_priority,True,"(50.80570620510396, 50.80570620510396)"
COMrow1350/finite_ordered,True,
COMrow1350/known_mode,True,
COMrow1350/provider_count,True,
COMrow1350/single_physical_phase,True,
COMrow1350/phase_label,True,
COMrow1350/continuous_terrain_and_distance,True,45.822907643684346
COMrow1351/finite_ordered,True,
COMrow1351/known_mode,True,
COMrow1351/provider_count,True,
COMrow1351/single_physical_phase,True,
COMrow1351/phase_label,True,
COMrow1351/unique_point,True,
COMrow1351/instant_link_and_priority,True,"(45.822907643684346, 45.822907643684346)"
COMrow1352/finite_ordered,True,
COMrow1352/known_mode,True,
COMrow1352/provider_count,True,
COMrow1352/single_physical_phase,True,
COMrow1352/phase_label,True,
COMrow1352/continuous_terrain_and_distance,True,29.603583756332732
COMrow1353/finite_ordered,True,
COMrow1353/known_mode,True,
COMrow1353/provider_count,True,
COMrow1353/single_physical_phase,True,
COMrow1353/phase_label,True,
COMrow1353/unique_point,True,
COMrow1353/instant_link_and_priority,True,"(29.603583756332725, 29.603583756332725)"
COMrow1354/finite_ordered,True,
COMrow1354/known_mode,True,
COMrow1354/provider_count,True,
COMrow1354/single_physical_phase,True,
COMrow1354/phase_label,True,
COMrow1354/continuous_terrain_and_distance,True,23.673573405482713
COMrow1355/finite_ordered,True,
COMrow1355/known_mode,True,
COMrow1355/provider_count,True,
COMrow1355/single_physical_phase,True,
COMrow1355/phase_label,True,
COMrow1355/unique_point,True,
COMrow1355/instant_link_and_priority,True,"(23.673573405482713, 23.673573405482713)"
COMrow1356/finite_ordered,True,
COMrow1356/known_mode,True,
COMrow1356/provider_count,True,
COMrow1356/single_physical_phase,True,
COMrow1356/phase_label,True,
COMrow1356/continuous_terrain_and_distance,True,17.764584706778958
COMrow1357/finite_ordered,True,
COMrow1357/known_mode,True,
COMrow1357/provider_count,True,
COMrow1357/single_physical_phase,True,
COMrow1357/phase_label,True,
COMrow1357/unique_point,True,
COMrow1357/instant_link_and_priority,True,"(17.76458470677896, 17.76458470677896)"
COMrow1358/finite_ordered,True,
COMrow1358/known_mode,True,
COMrow1358/provider_count,True,
COMrow1358/single_physical_phase,True,
COMrow1358/phase_label,True,
COMrow1358/continuous_terrain_and_distance,True,10.518743448774913
COMrow1359/finite_ordered,True,
COMrow1359/known_mode,True,
COMrow1359/provider_count,True,
COMrow1359/single_physical_phase,True,
COMrow1359/phase_label,True,
COMrow1359/unique_point,True,
COMrow1359/instant_link_and_priority,True,"(10.518743448774913, 10.518743448774913)"
COMrow1360/finite_ordered,True,
COMrow1360/known_mode,True,
COMrow1360/provider_count,True,
COMrow1360/single_physical_phase,True,
COMrow1360/phase_label,True,
COMrow1360/continuous_terrain_and_distance,True,10.306376417271288
COMrow1361/finite_ordered,True,
COMrow1361/known_mode,True,
COMrow1361/provider_count,True,
COMrow1361/single_physical_phase,True,
COMrow1361/phase_label,True,
COMrow1361/unique_point,True,
COMrow1361/instant_link_and_priority,True,"(0.30637641727128084, 0.30637641727128084)"
COMrow1362/finite_ordered,True,
COMrow1362/known_mode,True,
COMrow1362/provider_count,True,
COMrow1362/single_physical_phase,True,
COMrow1362/phase_label,True,
COMrow1362/continuous_terrain_and_distance,True,1.1741718708435656e-12
COMrow1363/finite_ordered,True,
COMrow1363/known_mode,True,
COMrow1363/provider_count,True,
COMrow1363/single_physical_phase,True,
COMrow1363/phase_label,True,
COMrow1363/unique_point,True,
COMrow1363/instant_link_and_priority,True,"(1.1795009413617663e-12, 1.1795009413617663e-12)"
COMrow1364/finite_ordered,True,
COMrow1364/known_mode,True,
COMrow1364/provider_count,True,
COMrow1364/single_physical_phase,True,
COMrow1364/phase_label,True,
COMrow1364/relay_time_coverage,True,
COMrow1364/direct_priority_entire_interval,True,
COMrow1364/continuous_terrain_and_distance,True,0.7774787009921056
COMrow1365/finite_ordered,True,
COMrow1365/known_mode,True,
COMrow1365/provider_count,True,
COMrow1365/single_physical_phase,True,
COMrow1365/phase_label,True,
COMrow1365/unique_point,True,
COMrow1365/instant_link_and_priority,True,"(0.7774787009921056, -1.2585497358181215)"
COMrow1366/finite_ordered,True,
COMrow1366/known_mode,True,
COMrow1366/provider_count,True,
COMrow1366/single_physical_phase,True,
COMrow1366/phase_label,True,
COMrow1366/relay_time_coverage,True,
COMrow1366/direct_priority_entire_interval,True,
COMrow1366/continuous_terrain_and_distance,True,0.5888579632589277
COMrow1367/finite_ordered,True,
COMrow1367/known_mode,True,
COMrow1367/provider_count,True,
COMrow1367/single_physical_phase,True,
COMrow1367/phase_label,True,
COMrow1367/unique_point,True,
COMrow1367/instant_link_and_priority,True,"(9.092209043914579, -1.8323491317579794)"
COMrow1368/finite_ordered,True,
COMrow1368/known_mode,True,
COMrow1368/provider_count,True,
COMrow1368/single_physical_phase,True,
COMrow1368/phase_label,True,
COMrow1368/relay_time_coverage,True,
COMrow1368/direct_priority_entire_interval,True,
COMrow1368/continuous_terrain_and_distance,True,8.63986432220704
COMrow1369/finite_ordered,True,
COMrow1369/known_mode,True,
COMrow1369/provider_count,True,
COMrow1369/single_physical_phase,True,
COMrow1369/phase_label,True,
COMrow1369/unique_point,True,
COMrow1369/instant_link_and_priority,True,"(8.639864322207046, -2.80332304080693)"
COMrow1370/finite_ordered,True,
COMrow1370/known_mode,True,
COMrow1370/provider_count,True,
COMrow1370/single_physical_phase,True,
COMrow1370/phase_label,True,
COMrow1370/relay_time_coverage,True,
COMrow1370/direct_priority_entire_interval,True,
COMrow1370/continuous_terrain_and_distance,True,5.378310424991373
COMrow1371/finite_ordered,True,
COMrow1371/known_mode,True,
COMrow1371/provider_count,True,
COMrow1371/single_physical_phase,True,
COMrow1371/phase_label,True,
COMrow1371/unique_point,True,
COMrow1371/instant_link_and_priority,True,"(5.378310424991369, -5.291626479183876)"
COMrow1372/finite_ordered,True,
COMrow1372/known_mode,True,
COMrow1372/provider_count,True,
COMrow1372/single_physical_phase,True,
COMrow1372/phase_label,True,
COMrow1372/relay_time_coverage,True,
COMrow1372/direct_priority_entire_interval,True,
COMrow1372/continuous_terrain_and_distance,True,5.361894085586691
COMrow1373/finite_ordered,True,
COMrow1373/known_mode,True,
COMrow1373/provider_count,True,
COMrow1373/single_physical_phase,True,
COMrow1373/phase_label,True,
COMrow1373/unique_point,True,
COMrow1373/instant_link_and_priority,True,"(5.361894085586698, -5.283111492061494)"
COMrow1374/finite_ordered,True,
COMrow1374/known_mode,True,
COMrow1374/provider_count,True,
COMrow1374/single_physical_phase,True,
COMrow1374/phase_label,True,
COMrow1374/relay_time_coverage,True,
COMrow1374/direct_priority_entire_interval,True,
COMrow1374/continuous_terrain_and_distance,True,5.3485990246906105
COMrow1375/finite_ordered,True,
COMrow1375/known_mode,True,
COMrow1375/provider_count,True,
COMrow1375/single_physical_phase,True,
COMrow1375/phase_label,True,
COMrow1375/unique_point,True,
COMrow1375/instant_link_and_priority,True,"(5.348599024690614, -5.280530077345318)"
COMrow1376/finite_ordered,True,
COMrow1376/known_mode,True,
COMrow1376/provider_count,True,
COMrow1376/single_physical_phase,True,
COMrow1376/phase_label,True,
COMrow1376/relay_time_coverage,True,
COMrow1376/direct_priority_entire_interval,True,
COMrow1376/continuous_terrain_and_distance,True,5.3485990246906105
COMrow1377/finite_ordered,True,
COMrow1377/known_mode,True,
COMrow1377/provider_count,True,
COMrow1377/single_physical_phase,True,
COMrow1377/phase_label,True,
COMrow1377/unique_point,True,
COMrow1377/instant_link_and_priority,True,"(5.348599024690614, -5.280530077345318)"
COMrow1378/finite_ordered,True,
COMrow1378/known_mode,True,
COMrow1378/provider_count,True,
COMrow1378/single_physical_phase,True,
COMrow1378/phase_label,True,
COMrow1378/relay_time_coverage,True,
COMrow1378/direct_priority_entire_interval,True,
COMrow1378/continuous_terrain_and_distance,True,5.3485990246906105
COMrow1379/finite_ordered,True,
COMrow1379/known_mode,True,
COMrow1379/provider_count,True,
COMrow1379/single_physical_phase,True,
COMrow1379/phase_label,True,
COMrow1379/unique_point,True,
COMrow1379/instant_link_and_priority,True,"(5.361894085586698, -5.283111492061494)"
COMrow1380/finite_ordered,True,
COMrow1380/known_mode,True,
COMrow1380/provider_count,True,
COMrow1380/single_physical_phase,True,
COMrow1380/phase_label,True,
COMrow1380/relay_time_coverage,True,
COMrow1380/direct_priority_entire_interval,True,
COMrow1380/continuous_terrain_and_distance,True,5.361894085586691
COMrow1381/finite_ordered,True,
COMrow1381/known_mode,True,
COMrow1381/provider_count,True,
COMrow1381/single_physical_phase,True,
COMrow1381/phase_label,True,
COMrow1381/unique_point,True,
COMrow1381/instant_link_and_priority,True,"(5.378310424991369, -5.291626479183876)"
COMrow1382/finite_ordered,True,
COMrow1382/known_mode,True,
COMrow1382/provider_count,True,
COMrow1382/single_physical_phase,True,
COMrow1382/phase_label,True,
COMrow1382/relay_time_coverage,True,
COMrow1382/direct_priority_entire_interval,True,
COMrow1382/continuous_terrain_and_distance,True,5.378310424991373
COMrow1383/finite_ordered,True,
COMrow1383/known_mode,True,
COMrow1383/provider_count,True,
COMrow1383/single_physical_phase,True,
COMrow1383/phase_label,True,
COMrow1383/unique_point,True,
COMrow1383/instant_link_and_priority,True,"(8.639864322207046, -2.80332304080693)"
COMrow1384/finite_ordered,True,
COMrow1384/known_mode,True,
COMrow1384/provider_count,True,
COMrow1384/single_physical_phase,True,
COMrow1384/phase_label,True,
COMrow1384/relay_time_coverage,True,
COMrow1384/direct_priority_entire_interval,True,
COMrow1384/continuous_terrain_and_distance,True,8.63986432220704
COMrow1385/finite_ordered,True,
COMrow1385/known_mode,True,
COMrow1385/provider_count,True,
COMrow1385/single_physical_phase,True,
COMrow1385/phase_label,True,
COMrow1385/unique_point,True,
COMrow1385/instant_link_and_priority,True,"(9.092209043914579, -1.8323491317579794)"
COMrow1386/finite_ordered,True,
COMrow1386/known_mode,True,
COMrow1386/provider_count,True,
COMrow1386/single_physical_phase,True,
COMrow1386/phase_label,True,
COMrow1386/relay_time_coverage,True,
COMrow1386/direct_priority_entire_interval,True,
COMrow1386/continuous_terrain_and_distance,True,0.5888579632589277
COMrow1387/finite_ordered,True,
COMrow1387/known_mode,True,
COMrow1387/provider_count,True,
COMrow1387/single_physical_phase,True,
COMrow1387/phase_label,True,
COMrow1387/unique_point,True,
COMrow1387/instant_link_and_priority,True,"(0.7774787009921056, -1.2585497358181215)"
COMrow1388/finite_ordered,True,
COMrow1388/known_mode,True,
COMrow1388/provider_count,True,
COMrow1388/single_physical_phase,True,
COMrow1388/phase_label,True,
COMrow1388/relay_time_coverage,True,
COMrow1388/direct_priority_entire_interval,True,
COMrow1388/continuous_terrain_and_distance,True,0.7774787009921056
COMrow1389/finite_ordered,True,
COMrow1389/known_mode,True,
COMrow1389/provider_count,True,
COMrow1389/single_physical_phase,True,
COMrow1389/phase_label,True,
COMrow1389/unique_point,True,
COMrow1389/instant_link_and_priority,True,"(1.1795009413617663e-12, 1.1795009413617663e-12)"
COMrow1390/finite_ordered,True,
COMrow1390/known_mode,True,
COMrow1390/provider_count,True,
COMrow1390/single_physical_phase,True,
COMrow1390/phase_label,True,
COMrow1390/continuous_terrain_and_distance,True,1.1741718708435656e-12
COMrow1391/finite_ordered,True,
COMrow1391/known_mode,True,
COMrow1391/provider_count,True,
COMrow1391/single_physical_phase,True,
COMrow1391/phase_label,True,
COMrow1391/unique_point,True,
COMrow1391/instant_link_and_priority,True,"(0.30637641727128084, 0.30637641727128084)"
COMrow1392/finite_ordered,True,
COMrow1392/known_mode,True,
COMrow1392/provider_count,True,
COMrow1392/single_physical_phase,True,
COMrow1392/phase_label,True,
COMrow1392/continuous_terrain_and_distance,True,10.306376417271288
COMrow1393/finite_ordered,True,
COMrow1393/known_mode,True,
COMrow1393/provider_count,True,
COMrow1393/single_physical_phase,True,
COMrow1393/phase_label,True,
COMrow1393/unique_point,True,
COMrow1393/instant_link_and_priority,True,"(10.518743448774913, 10.518743448774913)"
COMrow1394/finite_ordered,True,
COMrow1394/known_mode,True,
COMrow1394/provider_count,True,
COMrow1394/single_physical_phase,True,
COMrow1394/phase_label,True,
COMrow1394/continuous_terrain_and_distance,True,10.518743448774913
COMrow1395/finite_ordered,True,
COMrow1395/known_mode,True,
COMrow1395/provider_count,True,
COMrow1395/single_physical_phase,True,
COMrow1395/phase_label,True,
COMrow1395/unique_point,True,
COMrow1395/instant_link_and_priority,True,"(17.76458470677896, 17.76458470677896)"
COMrow1396/finite_ordered,True,
COMrow1396/known_mode,True,
COMrow1396/provider_count,True,
COMrow1396/single_physical_phase,True,
COMrow1396/phase_label,True,
COMrow1396/continuous_terrain_and_distance,True,17.764584706778958
COMrow1397/finite_ordered,True,
COMrow1397/known_mode,True,
COMrow1397/provider_count,True,
COMrow1397/single_physical_phase,True,
COMrow1397/phase_label,True,
COMrow1397/unique_point,True,
COMrow1397/instant_link_and_priority,True,"(23.673573405482713, 23.673573405482713)"
COMrow1398/finite_ordered,True,
COMrow1398/known_mode,True,
COMrow1398/provider_count,True,
COMrow1398/single_physical_phase,True,
COMrow1398/phase_label,True,
COMrow1398/continuous_terrain_and_distance,True,23.673573405482713
COMrow1399/finite_ordered,True,
COMrow1399/known_mode,True,
COMrow1399/provider_count,True,
COMrow1399/single_physical_phase,True,
COMrow1399/phase_label,True,
COMrow1399/unique_point,True,
COMrow1399/instant_link_and_priority,True,"(29.603583756332725, 29.603583756332725)"
COMrow1400/finite_ordered,True,
COMrow1400/known_mode,True,
COMrow1400/provider_count,True,
COMrow1400/single_physical_phase,True,
COMrow1400/phase_label,True,
COMrow1400/continuous_terrain_and_distance,True,29.603583756332732
COMrow1401/finite_ordered,True,
COMrow1401/known_mode,True,
COMrow1401/provider_count,True,
COMrow1401/single_physical_phase,True,
COMrow1401/phase_label,True,
COMrow1401/unique_point,True,
COMrow1401/instant_link_and_priority,True,"(45.822907643684175, 45.822907643684175)"
COMrow1402/finite_ordered,True,
COMrow1402/known_mode,True,
COMrow1402/provider_count,True,
COMrow1402/single_physical_phase,True,
COMrow1402/phase_label,True,
COMrow1402/continuous_terrain_and_distance,True,45.822907643684175
COMrow1403/finite_ordered,True,
COMrow1403/known_mode,True,
COMrow1403/provider_count,True,
COMrow1403/single_physical_phase,True,
COMrow1403/phase_label,True,
COMrow1403/unique_point,True,
COMrow1403/instant_link_and_priority,True,"(50.80570620510423, 50.80570620510423)"
COMrow1404/finite_ordered,True,
COMrow1404/known_mode,True,
COMrow1404/provider_count,True,
COMrow1404/single_physical_phase,True,
COMrow1404/phase_label,True,
COMrow1404/continuous_terrain_and_distance,True,50.80570620510423
COMrow1405/finite_ordered,True,
COMrow1405/known_mode,True,
COMrow1405/provider_count,True,
COMrow1405/single_physical_phase,True,
COMrow1405/phase_label,True,
COMrow1405/unique_point,True,
COMrow1405/instant_link_and_priority,True,"(60.56487003084885, 60.56487003084885)"
COMrow1406/finite_ordered,True,
COMrow1406/known_mode,True,
COMrow1406/provider_count,True,
COMrow1406/single_physical_phase,True,
COMrow1406/phase_label,True,
COMrow1406/continuous_terrain_and_distance,True,60.56487003084885
COMrow1407/finite_ordered,True,
COMrow1407/known_mode,True,
COMrow1407/provider_count,True,
COMrow1407/single_physical_phase,True,
COMrow1407/phase_label,True,
COMrow1407/unique_point,True,
COMrow1407/instant_link_and_priority,True,"(63.04826031559075, 63.04826031559075)"
COMrow1408/finite_ordered,True,
COMrow1408/known_mode,True,
COMrow1408/provider_count,True,
COMrow1408/single_physical_phase,True,
COMrow1408/phase_label,True,
COMrow1408/continuous_terrain_and_distance,True,56.38238674364725
COMrow1409/finite_ordered,True,
COMrow1409/known_mode,True,
COMrow1409/provider_count,True,
COMrow1409/single_physical_phase,True,
COMrow1409/phase_label,True,
COMrow1409/unique_point,True,
COMrow1409/instant_link_and_priority,True,"(56.38238674364726, 56.38238674364726)"
COMrow1410/finite_ordered,True,
COMrow1410/known_mode,True,
COMrow1410/provider_count,True,
COMrow1410/single_physical_phase,True,
COMrow1410/phase_label,True,
COMrow1410/continuous_terrain_and_distance,True,45.92517525248826
COMrow1411/finite_ordered,True,
COMrow1411/known_mode,True,
COMrow1411/provider_count,True,
COMrow1411/single_physical_phase,True,
COMrow1411/phase_label,True,
COMrow1411/unique_point,True,
COMrow1411/instant_link_and_priority,True,"(45.92517525248826, 45.92517525248826)"
Q3-T-019/has_communication_spans,True,
Q3-T-019/takeoff_boundary,True,
Q3-T-019/return_boundary,True,
Q3-T-019/no_gap_or_overlap,True,
Q3-T-019/no_gap_or_overlap,True,
Q3-T-019/no_gap_or_overlap,True,
Q3-T-019/no_gap_or_overlap,True,
Q3-T-019/no_gap_or_overlap,True,
Q3-T-019/no_gap_or_overlap,True,
Q3-T-019/no_gap_or_overlap,True,
Q3-T-019/no_gap_or_overlap,True,
Q3-T-019/no_gap_or_overlap,True,
Q3-T-019/no_gap_or_overlap,True,
Q3-T-019/no_gap_or_overlap,True,
Q3-T-019/no_gap_or_overlap,True,
Q3-T-019/no_gap_or_overlap,True,
Q3-T-019/no_gap_or_overlap,True,
Q3-T-019/no_gap_or_overlap,True,
Q3-T-019/no_gap_or_overlap,True,
Q3-T-019/no_gap_or_overlap,True,
Q3-T-019/no_gap_or_overlap,True,
Q3-T-019/no_gap_or_overlap,True,
Q3-T-019/no_gap_or_overlap,True,
Q3-T-019/no_gap_or_overlap,True,
Q3-T-019/no_gap_or_overlap,True,
Q3-T-019/no_gap_or_overlap,True,
Q3-T-019/no_gap_or_overlap,True,
Q3-T-019/no_gap_or_overlap,True,
Q3-T-019/no_gap_or_overlap,True,
Q3-T-019/no_gap_or_overlap,True,
Q3-T-019/no_gap_or_overlap,True,
Q3-T-019/no_gap_or_overlap,True,
Q3-T-019/no_gap_or_overlap,True,
Q3-T-019/no_gap_or_overlap,True,
Q3-T-019/no_gap_or_overlap,True,
Q3-T-019/no_gap_or_overlap,True,
Q3-T-019/no_gap_or_overlap,True,
Q3-T-019/all_boundary_points_present,True,0
Q3-T-019/point_inside_mission,True,
Q3-T-019/point_inside_mission,True,
Q3-T-019/point_inside_mission,True,
Q3-T-019/point_inside_mission,True,
Q3-T-019/point_inside_mission,True,
Q3-T-019/point_inside_mission,True,
Q3-T-019/point_inside_mission,True,
Q3-T-019/point_inside_mission,True,
Q3-T-019/point_inside_mission,True,
Q3-T-019/point_inside_mission,True,
Q3-T-019/point_inside_mission,True,
Q3-T-019/point_inside_mission,True,
Q3-T-019/point_inside_mission,True,
Q3-T-019/point_inside_mission,True,
Q3-T-019/point_inside_mission,True,
Q3-T-019/point_inside_mission,True,
Q3-T-019/point_inside_mission,True,
Q3-T-019/point_inside_mission,True,
Q3-T-019/point_inside_mission,True,
Q3-T-019/point_inside_mission,True,
Q3-T-019/point_inside_mission,True,
Q3-T-019/point_inside_mission,True,
Q3-T-019/point_inside_mission,True,
Q3-T-019/point_inside_mission,True,
Q3-T-019/point_inside_mission,True,
Q3-T-019/point_inside_mission,True,
Q3-T-019/point_inside_mission,True,
Q3-T-019/point_inside_mission,True,
Q3-T-019/point_inside_mission,True,
Q3-T-019/point_inside_mission,True,
Q3-T-019/point_inside_mission,True,
Q3-T-019/point_inside_mission,True,
Q3-T-019/point_inside_mission,True,
Q3-T-019/point_inside_mission,True,
Q3-T-019/point_inside_mission,True,
Q3-T-019/point_inside_mission,True,
COMrow1412/finite_ordered,True,
COMrow1412/known_mode,True,
COMrow1412/provider_count,True,
COMrow1412/single_physical_phase,True,
COMrow1412/phase_label,True,
COMrow1412/unique_point,True,
COMrow1412/instant_link_and_priority,True,"(45.92517525248826, 45.92517525248826)"
COMrow1413/finite_ordered,True,
COMrow1413/known_mode,True,
COMrow1413/provider_count,True,
COMrow1413/single_physical_phase,True,
COMrow1413/phase_label,True,
COMrow1413/continuous_terrain_and_distance,True,45.925175252488266
COMrow1414/finite_ordered,True,
COMrow1414/known_mode,True,
COMrow1414/provider_count,True,
COMrow1414/single_physical_phase,True,
COMrow1414/phase_label,True,
COMrow1414/unique_point,True,
COMrow1414/instant_link_and_priority,True,"(56.38238674364726, 56.38238674364726)"
COMrow1415/finite_ordered,True,
COMrow1415/known_mode,True,
COMrow1415/provider_count,True,
COMrow1415/single_physical_phase,True,
COMrow1415/phase_label,True,
COMrow1415/continuous_terrain_and_distance,True,56.38238674364726
COMrow1416/finite_ordered,True,
COMrow1416/known_mode,True,
COMrow1416/provider_count,True,
COMrow1416/single_physical_phase,True,
COMrow1416/phase_label,True,
COMrow1416/unique_point,True,
COMrow1416/instant_link_and_priority,True,"(63.04826031559075, 63.04826031559075)"
COMrow1417/finite_ordered,True,
COMrow1417/known_mode,True,
COMrow1417/provider_count,True,
COMrow1417/single_physical_phase,True,
COMrow1417/phase_label,True,
COMrow1417/continuous_terrain_and_distance,True,60.56487003084885
COMrow1418/finite_ordered,True,
COMrow1418/known_mode,True,
COMrow1418/provider_count,True,
COMrow1418/single_physical_phase,True,
COMrow1418/phase_label,True,
COMrow1418/unique_point,True,
COMrow1418/instant_link_and_priority,True,"(60.56487003084885, 60.56487003084885)"
COMrow1419/finite_ordered,True,
COMrow1419/known_mode,True,
COMrow1419/provider_count,True,
COMrow1419/single_physical_phase,True,
COMrow1419/phase_label,True,
COMrow1419/continuous_terrain_and_distance,True,50.80570620510423
COMrow1420/finite_ordered,True,
COMrow1420/known_mode,True,
COMrow1420/provider_count,True,
COMrow1420/single_physical_phase,True,
COMrow1420/phase_label,True,
COMrow1420/unique_point,True,
COMrow1420/instant_link_and_priority,True,"(50.80570620510423, 50.80570620510423)"
COMrow1421/finite_ordered,True,
COMrow1421/known_mode,True,
COMrow1421/provider_count,True,
COMrow1421/single_physical_phase,True,
COMrow1421/phase_label,True,
COMrow1421/continuous_terrain_and_distance,True,45.822907643684175
COMrow1422/finite_ordered,True,
COMrow1422/known_mode,True,
COMrow1422/provider_count,True,
COMrow1422/single_physical_phase,True,
COMrow1422/phase_label,True,
COMrow1422/unique_point,True,
COMrow1422/instant_link_and_priority,True,"(45.822907643684175, 45.822907643684175)"
COMrow1423/finite_ordered,True,
COMrow1423/known_mode,True,
COMrow1423/provider_count,True,
COMrow1423/single_physical_phase,True,
COMrow1423/phase_label,True,
COMrow1423/continuous_terrain_and_distance,True,29.603583756332732
COMrow1424/finite_ordered,True,
COMrow1424/known_mode,True,
COMrow1424/provider_count,True,
COMrow1424/single_physical_phase,True,
COMrow1424/phase_label,True,
COMrow1424/unique_point,True,
COMrow1424/instant_link_and_priority,True,"(29.603583756332725, 29.603583756332725)"
COMrow1425/finite_ordered,True,
COMrow1425/known_mode,True,
COMrow1425/provider_count,True,
COMrow1425/single_physical_phase,True,
COMrow1425/phase_label,True,
COMrow1425/continuous_terrain_and_distance,True,23.673573405482713
COMrow1426/finite_ordered,True,
COMrow1426/known_mode,True,
COMrow1426/provider_count,True,
COMrow1426/single_physical_phase,True,
COMrow1426/phase_label,True,
COMrow1426/unique_point,True,
COMrow1426/instant_link_and_priority,True,"(23.673573405482713, 23.673573405482713)"
COMrow1427/finite_ordered,True,
COMrow1427/known_mode,True,
COMrow1427/provider_count,True,
COMrow1427/single_physical_phase,True,
COMrow1427/phase_label,True,
COMrow1427/continuous_terrain_and_distance,True,17.764584706778958
COMrow1428/finite_ordered,True,
COMrow1428/known_mode,True,
COMrow1428/provider_count,True,
COMrow1428/single_physical_phase,True,
COMrow1428/phase_label,True,
COMrow1428/unique_point,True,
COMrow1428/instant_link_and_priority,True,"(17.76458470677896, 17.76458470677896)"
COMrow1429/finite_ordered,True,
COMrow1429/known_mode,True,
COMrow1429/provider_count,True,
COMrow1429/single_physical_phase,True,
COMrow1429/phase_label,True,
COMrow1429/continuous_terrain_and_distance,True,10.518743448774913
COMrow1430/finite_ordered,True,
COMrow1430/known_mode,True,
COMrow1430/provider_count,True,
COMrow1430/single_physical_phase,True,
COMrow1430/phase_label,True,
COMrow1430/unique_point,True,
COMrow1430/instant_link_and_priority,True,"(10.518743448774913, 10.518743448774913)"
COMrow1431/finite_ordered,True,
COMrow1431/known_mode,True,
COMrow1431/provider_count,True,
COMrow1431/single_physical_phase,True,
COMrow1431/phase_label,True,
COMrow1431/continuous_terrain_and_distance,True,10.361707817176239
COMrow1432/finite_ordered,True,
COMrow1432/known_mode,True,
COMrow1432/provider_count,True,
COMrow1432/single_physical_phase,True,
COMrow1432/phase_label,True,
COMrow1432/unique_point,True,
COMrow1432/instant_link_and_priority,True,"(10.361707817176239, 10.361707817176239)"
COMrow1433/finite_ordered,True,
COMrow1433/known_mode,True,
COMrow1433/provider_count,True,
COMrow1433/single_physical_phase,True,
COMrow1433/phase_label,True,
COMrow1433/continuous_terrain_and_distance,True,10.306376417271288
COMrow1434/finite_ordered,True,
COMrow1434/known_mode,True,
COMrow1434/provider_count,True,
COMrow1434/single_physical_phase,True,
COMrow1434/phase_label,True,
COMrow1434/unique_point,True,
COMrow1434/instant_link_and_priority,True,"(0.30637641727128084, 0.30637641727128084)"
COMrow1435/finite_ordered,True,
COMrow1435/known_mode,True,
COMrow1435/provider_count,True,
COMrow1435/single_physical_phase,True,
COMrow1435/phase_label,True,
COMrow1435/continuous_terrain_and_distance,True,1.1741718708435656e-12
COMrow1436/finite_ordered,True,
COMrow1436/known_mode,True,
COMrow1436/provider_count,True,
COMrow1436/single_physical_phase,True,
COMrow1436/phase_label,True,
COMrow1436/unique_point,True,
COMrow1436/instant_link_and_priority,True,"(1.1795009413617663e-12, 1.1795009413617663e-12)"
COMrow1437/finite_ordered,True,
COMrow1437/known_mode,True,
COMrow1437/provider_count,True,
COMrow1437/single_physical_phase,True,
COMrow1437/phase_label,True,
COMrow1437/relay_time_coverage,True,
COMrow1437/direct_priority_entire_interval,True,
COMrow1437/continuous_terrain_and_distance,True,0.7774787009921056
COMrow1438/finite_ordered,True,
COMrow1438/known_mode,True,
COMrow1438/provider_count,True,
COMrow1438/single_physical_phase,True,
COMrow1438/phase_label,True,
COMrow1438/unique_point,True,
COMrow1438/instant_link_and_priority,True,"(0.7774787009921056, -1.2585497358181215)"
COMrow1439/finite_ordered,True,
COMrow1439/known_mode,True,
COMrow1439/provider_count,True,
COMrow1439/single_physical_phase,True,
COMrow1439/phase_label,True,
COMrow1439/relay_time_coverage,True,
COMrow1439/direct_priority_entire_interval,True,
COMrow1439/continuous_terrain_and_distance,True,0.5888579632589277
COMrow1440/finite_ordered,True,
COMrow1440/known_mode,True,
COMrow1440/provider_count,True,
COMrow1440/single_physical_phase,True,
COMrow1440/phase_label,True,
COMrow1440/unique_point,True,
COMrow1440/instant_link_and_priority,True,"(9.092209043914579, -1.8323491317579794)"
COMrow1441/finite_ordered,True,
COMrow1441/known_mode,True,
COMrow1441/provider_count,True,
COMrow1441/single_physical_phase,True,
COMrow1441/phase_label,True,
COMrow1441/relay_time_coverage,True,
COMrow1441/direct_priority_entire_interval,True,
COMrow1441/continuous_terrain_and_distance,True,8.63986432220704
COMrow1442/finite_ordered,True,
COMrow1442/known_mode,True,
COMrow1442/provider_count,True,
COMrow1442/single_physical_phase,True,
COMrow1442/phase_label,True,
COMrow1442/unique_point,True,
COMrow1442/instant_link_and_priority,True,"(8.639864322207046, -2.80332304080693)"
COMrow1443/finite_ordered,True,
COMrow1443/known_mode,True,
COMrow1443/provider_count,True,
COMrow1443/single_physical_phase,True,
COMrow1443/phase_label,True,
COMrow1443/relay_time_coverage,True,
COMrow1443/direct_priority_entire_interval,True,
COMrow1443/continuous_terrain_and_distance,True,5.378310424991373
COMrow1444/finite_ordered,True,
COMrow1444/known_mode,True,
COMrow1444/provider_count,True,
COMrow1444/single_physical_phase,True,
COMrow1444/phase_label,True,
COMrow1444/unique_point,True,
COMrow1444/instant_link_and_priority,True,"(5.378310424991369, -5.291626479183876)"
COMrow1445/finite_ordered,True,
COMrow1445/known_mode,True,
COMrow1445/provider_count,True,
COMrow1445/single_physical_phase,True,
COMrow1445/phase_label,True,
COMrow1445/relay_time_coverage,True,
COMrow1445/direct_priority_entire_interval,True,
COMrow1445/continuous_terrain_and_distance,True,5.361894085586691
COMrow1446/finite_ordered,True,
COMrow1446/known_mode,True,
COMrow1446/provider_count,True,
COMrow1446/single_physical_phase,True,
COMrow1446/phase_label,True,
COMrow1446/unique_point,True,
COMrow1446/instant_link_and_priority,True,"(5.361894085586698, -5.283111492061494)"
COMrow1447/finite_ordered,True,
COMrow1447/known_mode,True,
COMrow1447/provider_count,True,
COMrow1447/single_physical_phase,True,
COMrow1447/phase_label,True,
COMrow1447/relay_time_coverage,True,
COMrow1447/direct_priority_entire_interval,True,
COMrow1447/continuous_terrain_and_distance,True,5.3485990246906105
COMrow1448/finite_ordered,True,
COMrow1448/known_mode,True,
COMrow1448/provider_count,True,
COMrow1448/single_physical_phase,True,
COMrow1448/phase_label,True,
COMrow1448/unique_point,True,
COMrow1448/instant_link_and_priority,True,"(5.348599024690614, -5.280530077345318)"
COMrow1449/finite_ordered,True,
COMrow1449/known_mode,True,
COMrow1449/provider_count,True,
COMrow1449/single_physical_phase,True,
COMrow1449/phase_label,True,
COMrow1449/relay_time_coverage,True,
COMrow1449/direct_priority_entire_interval,True,
COMrow1449/continuous_terrain_and_distance,True,5.3485990246906105
COMrow1450/finite_ordered,True,
COMrow1450/known_mode,True,
COMrow1450/provider_count,True,
COMrow1450/single_physical_phase,True,
COMrow1450/phase_label,True,
COMrow1450/unique_point,True,
COMrow1450/instant_link_and_priority,True,"(5.348599024690614, -5.280530077345318)"
COMrow1451/finite_ordered,True,
COMrow1451/known_mode,True,
COMrow1451/provider_count,True,
COMrow1451/single_physical_phase,True,
COMrow1451/phase_label,True,
COMrow1451/relay_time_coverage,True,
COMrow1451/direct_priority_entire_interval,True,
COMrow1451/continuous_terrain_and_distance,True,5.3485990246906105
COMrow1452/finite_ordered,True,
COMrow1452/known_mode,True,
COMrow1452/provider_count,True,
COMrow1452/single_physical_phase,True,
COMrow1452/phase_label,True,
COMrow1452/unique_point,True,
COMrow1452/instant_link_and_priority,True,"(5.361894085586698, -5.283111492061494)"
COMrow1453/finite_ordered,True,
COMrow1453/known_mode,True,
COMrow1453/provider_count,True,
COMrow1453/single_physical_phase,True,
COMrow1453/phase_label,True,
COMrow1453/relay_time_coverage,True,
COMrow1453/direct_priority_entire_interval,True,
COMrow1453/continuous_terrain_and_distance,True,5.361894085586691
COMrow1454/finite_ordered,True,
COMrow1454/known_mode,True,
COMrow1454/provider_count,True,
COMrow1454/single_physical_phase,True,
COMrow1454/phase_label,True,
COMrow1454/unique_point,True,
COMrow1454/instant_link_and_priority,True,"(5.378310424991369, -5.291626479183876)"
COMrow1455/finite_ordered,True,
COMrow1455/known_mode,True,
COMrow1455/provider_count,True,
COMrow1455/single_physical_phase,True,
COMrow1455/phase_label,True,
COMrow1455/relay_time_coverage,True,
COMrow1455/direct_priority_entire_interval,True,
COMrow1455/continuous_terrain_and_distance,True,5.378310424991373
COMrow1456/finite_ordered,True,
COMrow1456/known_mode,True,
COMrow1456/provider_count,True,
COMrow1456/single_physical_phase,True,
COMrow1456/phase_label,True,
COMrow1456/unique_point,True,
COMrow1456/instant_link_and_priority,True,"(8.639864322207046, -2.80332304080693)"
COMrow1457/finite_ordered,True,
COMrow1457/known_mode,True,
COMrow1457/provider_count,True,
COMrow1457/single_physical_phase,True,
COMrow1457/phase_label,True,
COMrow1457/relay_time_coverage,True,
COMrow1457/direct_priority_entire_interval,True,
COMrow1457/continuous_terrain_and_distance,True,8.63986432220704
COMrow1458/finite_ordered,True,
COMrow1458/known_mode,True,
COMrow1458/provider_count,True,
COMrow1458/single_physical_phase,True,
COMrow1458/phase_label,True,
COMrow1458/unique_point,True,
COMrow1458/instant_link_and_priority,True,"(9.092209043914579, -1.8323491317579794)"
COMrow1459/finite_ordered,True,
COMrow1459/known_mode,True,
COMrow1459/provider_count,True,
COMrow1459/single_physical_phase,True,
COMrow1459/phase_label,True,
COMrow1459/relay_time_coverage,True,
COMrow1459/direct_priority_entire_interval,True,
COMrow1459/continuous_terrain_and_distance,True,0.5888579632589277
COMrow1460/finite_ordered,True,
COMrow1460/known_mode,True,
COMrow1460/provider_count,True,
COMrow1460/single_physical_phase,True,
COMrow1460/phase_label,True,
COMrow1460/unique_point,True,
COMrow1460/instant_link_and_priority,True,"(0.7774787009921056, -1.2585497358181215)"
COMrow1461/finite_ordered,True,
COMrow1461/known_mode,True,
COMrow1461/provider_count,True,
COMrow1461/single_physical_phase,True,
COMrow1461/phase_label,True,
COMrow1461/relay_time_coverage,True,
COMrow1461/direct_priority_entire_interval,True,
COMrow1461/continuous_terrain_and_distance,True,0.7774787009921056
COMrow1462/finite_ordered,True,
COMrow1462/known_mode,True,
COMrow1462/provider_count,True,
COMrow1462/single_physical_phase,True,
COMrow1462/phase_label,True,
COMrow1462/unique_point,True,
COMrow1462/instant_link_and_priority,True,"(1.1795009413617663e-12, 1.1795009413617663e-12)"
COMrow1463/finite_ordered,True,
COMrow1463/known_mode,True,
COMrow1463/provider_count,True,
COMrow1463/single_physical_phase,True,
COMrow1463/phase_label,True,
COMrow1463/continuous_terrain_and_distance,True,1.1741718708435656e-12
COMrow1464/finite_ordered,True,
COMrow1464/known_mode,True,
COMrow1464/provider_count,True,
COMrow1464/single_physical_phase,True,
COMrow1464/phase_label,True,
COMrow1464/unique_point,True,
COMrow1464/instant_link_and_priority,True,"(0.30637641727128084, 0.30637641727128084)"
COMrow1465/finite_ordered,True,
COMrow1465/known_mode,True,
COMrow1465/provider_count,True,
COMrow1465/single_physical_phase,True,
COMrow1465/phase_label,True,
COMrow1465/continuous_terrain_and_distance,True,10.306376417271288
COMrow1466/finite_ordered,True,
COMrow1466/known_mode,True,
COMrow1466/provider_count,True,
COMrow1466/single_physical_phase,True,
COMrow1466/phase_label,True,
COMrow1466/unique_point,True,
COMrow1466/instant_link_and_priority,True,"(10.518743448774913, 10.518743448774913)"
COMrow1467/finite_ordered,True,
COMrow1467/known_mode,True,
COMrow1467/provider_count,True,
COMrow1467/single_physical_phase,True,
COMrow1467/phase_label,True,
COMrow1467/continuous_terrain_and_distance,True,10.518743448774913
COMrow1468/finite_ordered,True,
COMrow1468/known_mode,True,
COMrow1468/provider_count,True,
COMrow1468/single_physical_phase,True,
COMrow1468/phase_label,True,
COMrow1468/unique_point,True,
COMrow1468/instant_link_and_priority,True,"(17.76458470677896, 17.76458470677896)"
COMrow1469/finite_ordered,True,
COMrow1469/known_mode,True,
COMrow1469/provider_count,True,
COMrow1469/single_physical_phase,True,
COMrow1469/phase_label,True,
COMrow1469/continuous_terrain_and_distance,True,17.764584706778958
COMrow1470/finite_ordered,True,
COMrow1470/known_mode,True,
COMrow1470/provider_count,True,
COMrow1470/single_physical_phase,True,
COMrow1470/phase_label,True,
COMrow1470/unique_point,True,
COMrow1470/instant_link_and_priority,True,"(23.673573405482713, 23.673573405482713)"
COMrow1471/finite_ordered,True,
COMrow1471/known_mode,True,
COMrow1471/provider_count,True,
COMrow1471/single_physical_phase,True,
COMrow1471/phase_label,True,
COMrow1471/continuous_terrain_and_distance,True,23.673573405482713
COMrow1472/finite_ordered,True,
COMrow1472/known_mode,True,
COMrow1472/provider_count,True,
COMrow1472/single_physical_phase,True,
COMrow1472/phase_label,True,
COMrow1472/unique_point,True,
COMrow1472/instant_link_and_priority,True,"(29.603583756332725, 29.603583756332725)"
COMrow1473/finite_ordered,True,
COMrow1473/known_mode,True,
COMrow1473/provider_count,True,
COMrow1473/single_physical_phase,True,
COMrow1473/phase_label,True,
COMrow1473/continuous_terrain_and_distance,True,29.603583756332732
COMrow1474/finite_ordered,True,
COMrow1474/known_mode,True,
COMrow1474/provider_count,True,
COMrow1474/single_physical_phase,True,
COMrow1474/phase_label,True,
COMrow1474/unique_point,True,
COMrow1474/instant_link_and_priority,True,"(45.82290764368429, 45.82290764368429)"
COMrow1475/finite_ordered,True,
COMrow1475/known_mode,True,
COMrow1475/provider_count,True,
COMrow1475/single_physical_phase,True,
COMrow1475/phase_label,True,
COMrow1475/continuous_terrain_and_distance,True,45.822907643684296
COMrow1476/finite_ordered,True,
COMrow1476/known_mode,True,
COMrow1476/provider_count,True,
COMrow1476/single_physical_phase,True,
COMrow1476/phase_label,True,
COMrow1476/unique_point,True,
COMrow1476/instant_link_and_priority,True,"(50.80570620510434, 50.80570620510434)"
COMrow1477/finite_ordered,True,
COMrow1477/known_mode,True,
COMrow1477/provider_count,True,
COMrow1477/single_physical_phase,True,
COMrow1477/phase_label,True,
COMrow1477/continuous_terrain_and_distance,True,50.80570620510434
COMrow1478/finite_ordered,True,
COMrow1478/known_mode,True,
COMrow1478/provider_count,True,
COMrow1478/single_physical_phase,True,
COMrow1478/phase_label,True,
COMrow1478/unique_point,True,
COMrow1478/instant_link_and_priority,True,"(60.56487003084818, 60.56487003084818)"
COMrow1479/finite_ordered,True,
COMrow1479/known_mode,True,
COMrow1479/provider_count,True,
COMrow1479/single_physical_phase,True,
COMrow1479/phase_label,True,
COMrow1479/continuous_terrain_and_distance,True,60.56487003084818
COMrow1480/finite_ordered,True,
COMrow1480/known_mode,True,
COMrow1480/provider_count,True,
COMrow1480/single_physical_phase,True,
COMrow1480/phase_label,True,
COMrow1480/unique_point,True,
COMrow1480/instant_link_and_priority,True,"(63.048260315590305, 63.048260315590305)"
COMrow1481/finite_ordered,True,
COMrow1481/known_mode,True,
COMrow1481/provider_count,True,
COMrow1481/single_physical_phase,True,
COMrow1481/phase_label,True,
COMrow1481/continuous_terrain_and_distance,True,56.38238674364704
COMrow1482/finite_ordered,True,
COMrow1482/known_mode,True,
COMrow1482/provider_count,True,
COMrow1482/single_physical_phase,True,
COMrow1482/phase_label,True,
COMrow1482/unique_point,True,
COMrow1482/instant_link_and_priority,True,"(56.38238674364703, 56.38238674364703)"
COMrow1483/finite_ordered,True,
COMrow1483/known_mode,True,
COMrow1483/provider_count,True,
COMrow1483/single_physical_phase,True,
COMrow1483/phase_label,True,
COMrow1483/continuous_terrain_and_distance,True,45.92517525248826
COMrow1484/finite_ordered,True,
COMrow1484/known_mode,True,
COMrow1484/provider_count,True,
COMrow1484/single_physical_phase,True,
COMrow1484/phase_label,True,
COMrow1484/unique_point,True,
COMrow1484/instant_link_and_priority,True,"(45.92517525248826, 45.92517525248826)"
Q3-T-020/has_communication_spans,True,
Q3-T-020/takeoff_boundary,True,
Q3-T-020/return_boundary,True,
Q3-T-020/no_gap_or_overlap,True,
Q3-T-020/no_gap_or_overlap,True,
Q3-T-020/no_gap_or_overlap,True,
Q3-T-020/no_gap_or_overlap,True,
Q3-T-020/no_gap_or_overlap,True,
Q3-T-020/no_gap_or_overlap,True,
Q3-T-020/no_gap_or_overlap,True,
Q3-T-020/no_gap_or_overlap,True,
Q3-T-020/no_gap_or_overlap,True,
Q3-T-020/no_gap_or_overlap,True,
Q3-T-020/no_gap_or_overlap,True,
Q3-T-020/no_gap_or_overlap,True,
Q3-T-020/no_gap_or_overlap,True,
Q3-T-020/no_gap_or_overlap,True,
Q3-T-020/no_gap_or_overlap,True,
Q3-T-020/no_gap_or_overlap,True,
Q3-T-020/no_gap_or_overlap,True,
Q3-T-020/no_gap_or_overlap,True,
Q3-T-020/no_gap_or_overlap,True,
Q3-T-020/no_gap_or_overlap,True,
Q3-T-020/no_gap_or_overlap,True,
Q3-T-020/no_gap_or_overlap,True,
Q3-T-020/no_gap_or_overlap,True,
Q3-T-020/no_gap_or_overlap,True,
Q3-T-020/no_gap_or_overlap,True,
Q3-T-020/no_gap_or_overlap,True,
Q3-T-020/no_gap_or_overlap,True,
Q3-T-020/no_gap_or_overlap,True,
Q3-T-020/no_gap_or_overlap,True,
Q3-T-020/no_gap_or_overlap,True,
Q3-T-020/no_gap_or_overlap,True,
Q3-T-020/no_gap_or_overlap,True,
Q3-T-020/no_gap_or_overlap,True,
Q3-T-020/no_gap_or_overlap,True,
Q3-T-020/no_gap_or_overlap,True,
Q3-T-020/all_boundary_points_present,True,0
Q3-T-020/point_inside_mission,True,
Q3-T-020/point_inside_mission,True,
Q3-T-020/point_inside_mission,True,
Q3-T-020/point_inside_mission,True,
Q3-T-020/point_inside_mission,True,
Q3-T-020/point_inside_mission,True,
Q3-T-020/point_inside_mission,True,
Q3-T-020/point_inside_mission,True,
Q3-T-020/point_inside_mission,True,
Q3-T-020/point_inside_mission,True,
Q3-T-020/point_inside_mission,True,
Q3-T-020/point_inside_mission,True,
Q3-T-020/point_inside_mission,True,
Q3-T-020/point_inside_mission,True,
Q3-T-020/point_inside_mission,True,
Q3-T-020/point_inside_mission,True,
Q3-T-020/point_inside_mission,True,
Q3-T-020/point_inside_mission,True,
Q3-T-020/point_inside_mission,True,
Q3-T-020/point_inside_mission,True,
Q3-T-020/point_inside_mission,True,
Q3-T-020/point_inside_mission,True,
Q3-T-020/point_inside_mission,True,
Q3-T-020/point_inside_mission,True,
Q3-T-020/point_inside_mission,True,
Q3-T-020/point_inside_mission,True,
Q3-T-020/point_inside_mission,True,
Q3-T-020/point_inside_mission,True,
Q3-T-020/point_inside_mission,True,
Q3-T-020/point_inside_mission,True,
Q3-T-020/point_inside_mission,True,
Q3-T-020/point_inside_mission,True,
Q3-T-020/point_inside_mission,True,
Q3-T-020/point_inside_mission,True,
Q3-T-020/point_inside_mission,True,
Q3-T-020/point_inside_mission,True,
Q3-T-020/point_inside_mission,True,
COMrow1485/finite_ordered,True,
COMrow1485/known_mode,True,
COMrow1485/provider_count,True,
COMrow1485/single_physical_phase,True,
COMrow1485/phase_label,True,
COMrow1485/unique_point,True,
COMrow1485/instant_link_and_priority,True,"(45.92517525248826, 45.92517525248826)"
COMrow1486/finite_ordered,True,
COMrow1486/known_mode,True,
COMrow1486/provider_count,True,
COMrow1486/single_physical_phase,True,
COMrow1486/phase_label,True,
COMrow1486/continuous_terrain_and_distance,True,45.925175252488266
COMrow1487/finite_ordered,True,
COMrow1487/known_mode,True,
COMrow1487/provider_count,True,
COMrow1487/single_physical_phase,True,
COMrow1487/phase_label,True,
COMrow1487/unique_point,True,
COMrow1487/instant_link_and_priority,True,"(56.38238674364726, 56.38238674364726)"
COMrow1488/finite_ordered,True,
COMrow1488/known_mode,True,
COMrow1488/provider_count,True,
COMrow1488/single_physical_phase,True,
COMrow1488/phase_label,True,
COMrow1488/continuous_terrain_and_distance,True,56.38238674364725
COMrow1489/finite_ordered,True,
COMrow1489/known_mode,True,
COMrow1489/provider_count,True,
COMrow1489/single_physical_phase,True,
COMrow1489/phase_label,True,
COMrow1489/unique_point,True,
COMrow1489/instant_link_and_priority,True,"(63.048260315588706, 63.048260315588706)"
COMrow1490/finite_ordered,True,
COMrow1490/known_mode,True,
COMrow1490/provider_count,True,
COMrow1490/single_physical_phase,True,
COMrow1490/phase_label,True,
COMrow1490/continuous_terrain_and_distance,True,60.56487003084734
COMrow1491/finite_ordered,True,
COMrow1491/known_mode,True,
COMrow1491/provider_count,True,
COMrow1491/single_physical_phase,True,
COMrow1491/phase_label,True,
COMrow1491/unique_point,True,
COMrow1491/instant_link_and_priority,True,"(60.56487003084734, 60.56487003084734)"
COMrow1492/finite_ordered,True,
COMrow1492/known_mode,True,
COMrow1492/provider_count,True,
COMrow1492/single_physical_phase,True,
COMrow1492/phase_label,True,
COMrow1492/continuous_terrain_and_distance,True,50.80570620510432
COMrow1493/finite_ordered,True,
COMrow1493/known_mode,True,
COMrow1493/provider_count,True,
COMrow1493/single_physical_phase,True,
COMrow1493/phase_label,True,
COMrow1493/unique_point,True,
COMrow1493/instant_link_and_priority,True,"(50.805706205104315, 50.805706205104315)"
COMrow1494/finite_ordered,True,
COMrow1494/known_mode,True,
COMrow1494/provider_count,True,
COMrow1494/single_physical_phase,True,
COMrow1494/phase_label,True,
COMrow1494/continuous_terrain_and_distance,True,45.82290764368426
COMrow1495/finite_ordered,True,
COMrow1495/known_mode,True,
COMrow1495/provider_count,True,
COMrow1495/single_physical_phase,True,
COMrow1495/phase_label,True,
COMrow1495/unique_point,True,
COMrow1495/instant_link_and_priority,True,"(45.82290764368426, 45.82290764368426)"
COMrow1496/finite_ordered,True,
COMrow1496/known_mode,True,
COMrow1496/provider_count,True,
COMrow1496/single_physical_phase,True,
COMrow1496/phase_label,True,
COMrow1496/continuous_terrain_and_distance,True,36.90275487714975
COMrow1497/finite_ordered,True,
COMrow1497/known_mode,True,
COMrow1497/provider_count,True,
COMrow1497/single_physical_phase,True,
COMrow1497/phase_label,True,
COMrow1497/unique_point,True,
COMrow1497/instant_link_and_priority,True,"(36.90275487714975, 36.90275487714975)"
COMrow1498/finite_ordered,True,
COMrow1498/known_mode,True,
COMrow1498/provider_count,True,
COMrow1498/single_physical_phase,True,
COMrow1498/phase_label,True,
COMrow1498/continuous_terrain_and_distance,True,12.970003932286332
COMrow1499/finite_ordered,True,
COMrow1499/known_mode,True,
COMrow1499/provider_count,True,
COMrow1499/single_physical_phase,True,
COMrow1499/phase_label,True,
COMrow1499/unique_point,True,
COMrow1499/instant_link_and_priority,True,"(12.970003932286332, 12.970003932286332)"
COMrow1500/finite_ordered,True,
COMrow1500/known_mode,True,
COMrow1500/provider_count,True,
COMrow1500/single_physical_phase,True,
COMrow1500/phase_label,True,
COMrow1500/continuous_terrain_and_distance,True,10.818805733526595
COMrow1501/finite_ordered,True,
COMrow1501/known_mode,True,
COMrow1501/provider_count,True,
COMrow1501/single_physical_phase,True,
COMrow1501/phase_label,True,
COMrow1501/unique_point,True,
COMrow1501/instant_link_and_priority,True,"(10.818805733526602, 10.818805733526602)"
COMrow1502/finite_ordered,True,
COMrow1502/known_mode,True,
COMrow1502/provider_count,True,
COMrow1502/single_physical_phase,True,
COMrow1502/phase_label,True,
COMrow1502/continuous_terrain_and_distance,True,10.416669329587737
COMrow1503/finite_ordered,True,
COMrow1503/known_mode,True,
COMrow1503/provider_count,True,
COMrow1503/single_physical_phase,True,
COMrow1503/phase_label,True,
COMrow1503/unique_point,True,
COMrow1503/instant_link_and_priority,True,"(10.416669329587734, 10.416669329587734)"
COMrow1504/finite_ordered,True,
COMrow1504/known_mode,True,
COMrow1504/provider_count,True,
COMrow1504/single_physical_phase,True,
COMrow1504/phase_label,True,
COMrow1504/continuous_terrain_and_distance,True,4.156675004196586e-13
COMrow1505/finite_ordered,True,
COMrow1505/known_mode,True,
COMrow1505/provider_count,True,
COMrow1505/single_physical_phase,True,
COMrow1505/phase_label,True,
COMrow1505/unique_point,True,
COMrow1505/instant_link_and_priority,True,"(4.121147867408581e-13, 4.121147867408581e-13)"
COMrow1506/finite_ordered,True,
COMrow1506/known_mode,True,
COMrow1506/provider_count,True,
COMrow1506/single_physical_phase,True,
COMrow1506/phase_label,True,
COMrow1506/relay_time_coverage,True,
COMrow1506/direct_priority_entire_interval,True,
COMrow1506/continuous_terrain_and_distance,True,10.064564070123335
COMrow1507/finite_ordered,True,
COMrow1507/known_mode,True,
COMrow1507/provider_count,True,
COMrow1507/single_physical_phase,True,
COMrow1507/phase_label,True,
COMrow1507/unique_point,True,
COMrow1507/instant_link_and_priority,True,"(10.20000000000067, -0.07237049538358065)"
COMrow1508/finite_ordered,True,
COMrow1508/known_mode,True,
COMrow1508/provider_count,True,
COMrow1508/single_physical_phase,True,
COMrow1508/phase_label,True,
COMrow1508/relay_time_coverage,True,
COMrow1508/direct_priority_entire_interval,True,
COMrow1508/continuous_terrain_and_distance,True,10.200000000000669
COMrow1509/finite_ordered,True,
COMrow1509/known_mode,True,
COMrow1509/provider_count,True,
COMrow1509/single_physical_phase,True,
COMrow1509/phase_label,True,
COMrow1509/unique_point,True,
COMrow1509/instant_link_and_priority,True,"(15.13221836201609, -2.0052730626765083)"
COMrow1510/finite_ordered,True,
COMrow1510/known_mode,True,
COMrow1510/provider_count,True,
COMrow1510/single_physical_phase,True,
COMrow1510/phase_label,True,
COMrow1510/relay_time_coverage,True,
COMrow1510/direct_priority_entire_interval,True,
COMrow1510/continuous_terrain_and_distance,True,15.132218362016086
COMrow1511/finite_ordered,True,
COMrow1511/known_mode,True,
COMrow1511/provider_count,True,
COMrow1511/single_physical_phase,True,
COMrow1511/phase_label,True,
COMrow1511/unique_point,True,
COMrow1511/instant_link_and_priority,True,"(16.775455676094523, -2.5128506814345712)"
COMrow1512/finite_ordered,True,
COMrow1512/known_mode,True,
COMrow1512/provider_count,True,
COMrow1512/single_physical_phase,True,
COMrow1512/phase_label,True,
COMrow1512/relay_time_coverage,True,
COMrow1512/direct_priority_entire_interval,True,
COMrow1512/continuous_terrain_and_distance,True,16.704180026895042
COMrow1513/finite_ordered,True,
COMrow1513/known_mode,True,
COMrow1513/provider_count,True,
COMrow1513/single_physical_phase,True,
COMrow1513/phase_label,True,
COMrow1513/unique_point,True,
COMrow1513/instant_link_and_priority,True,"(16.704180026895045, -2.5093882156172356)"
COMrow1514/finite_ordered,True,
COMrow1514/known_mode,True,
COMrow1514/provider_count,True,
COMrow1514/single_physical_phase,True,
COMrow1514/phase_label,True,
COMrow1514/relay_time_coverage,True,
COMrow1514/direct_priority_entire_interval,True,
COMrow1514/continuous_terrain_and_distance,True,16.64785273959399
COMrow1515/finite_ordered,True,
COMrow1515/known_mode,True,
COMrow1515/provider_count,True,
COMrow1515/single_physical_phase,True,
COMrow1515/phase_label,True,
COMrow1515/unique_point,True,
COMrow1515/instant_link_and_priority,True,"(16.647852739593986, -2.508448334367557)"
COMrow1516/finite_ordered,True,
COMrow1516/known_mode,True,
COMrow1516/provider_count,True,
COMrow1516/single_physical_phase,True,
COMrow1516/phase_label,True,
COMrow1516/relay_time_coverage,True,
COMrow1516/direct_priority_entire_interval,True,
COMrow1516/continuous_terrain_and_distance,True,6.625119468658461
COMrow1517/finite_ordered,True,
COMrow1517/known_mode,True,
COMrow1517/provider_count,True,
COMrow1517/single_physical_phase,True,
COMrow1517/phase_label,True,
COMrow1517/unique_point,True,
COMrow1517/instant_link_and_priority,True,"(6.625119468658468, -2.508227791369876)"
COMrow1518/finite_ordered,True,
COMrow1518/known_mode,True,
COMrow1518/provider_count,True,
COMrow1518/single_physical_phase,True,
COMrow1518/phase_label,True,
COMrow1518/relay_time_coverage,True,
COMrow1518/direct_priority_entire_interval,True,
COMrow1518/continuous_terrain_and_distance,True,6.625119468658461
COMrow1519/finite_ordered,True,
COMrow1519/known_mode,True,
COMrow1519/provider_count,True,
COMrow1519/single_physical_phase,True,
COMrow1519/phase_label,True,
COMrow1519/unique_point,True,
COMrow1519/instant_link_and_priority,True,"(6.625119468658468, -2.508227791369876)"
COMrow1520/finite_ordered,True,
COMrow1520/known_mode,True,
COMrow1520/provider_count,True,
COMrow1520/single_physical_phase,True,
COMrow1520/phase_label,True,
COMrow1520/relay_time_coverage,True,
COMrow1520/direct_priority_entire_interval,True,
COMrow1520/continuous_terrain_and_distance,True,6.625119468658461
COMrow1521/finite_ordered,True,
COMrow1521/known_mode,True,
COMrow1521/provider_count,True,
COMrow1521/single_physical_phase,True,
COMrow1521/phase_label,True,
COMrow1521/unique_point,True,
COMrow1521/instant_link_and_priority,True,"(6.647852739593986, -2.508448334367557)"
COMrow1522/finite_ordered,True,
COMrow1522/known_mode,True,
COMrow1522/provider_count,True,
COMrow1522/single_physical_phase,True,
COMrow1522/phase_label,True,
COMrow1522/relay_time_coverage,True,
COMrow1522/direct_priority_entire_interval,True,
COMrow1522/continuous_terrain_and_distance,True,16.64785273959399
COMrow1523/finite_ordered,True,
COMrow1523/known_mode,True,
COMrow1523/provider_count,True,
COMrow1523/single_physical_phase,True,
COMrow1523/phase_label,True,
COMrow1523/unique_point,True,
COMrow1523/instant_link_and_priority,True,"(16.704180026895045, -2.5093882156172356)"
COMrow1524/finite_ordered,True,
COMrow1524/known_mode,True,
COMrow1524/provider_count,True,
COMrow1524/single_physical_phase,True,
COMrow1524/phase_label,True,
COMrow1524/relay_time_coverage,True,
COMrow1524/direct_priority_entire_interval,True,
COMrow1524/continuous_terrain_and_distance,True,16.704180026895042
COMrow1525/finite_ordered,True,
COMrow1525/known_mode,True,
COMrow1525/provider_count,True,
COMrow1525/single_physical_phase,True,
COMrow1525/phase_label,True,
COMrow1525/unique_point,True,
COMrow1525/instant_link_and_priority,True,"(16.785010010335284, -2.51469168230156)"
COMrow1526/finite_ordered,True,
COMrow1526/known_mode,True,
COMrow1526/provider_count,True,
COMrow1526/single_physical_phase,True,
COMrow1526/phase_label,True,
COMrow1526/relay_time_coverage,True,
COMrow1526/direct_priority_entire_interval,True,
COMrow1526/continuous_terrain_and_distance,True,16.78501001033529
COMrow1527/finite_ordered,True,
COMrow1527/known_mode,True,
COMrow1527/provider_count,True,
COMrow1527/single_physical_phase,True,
COMrow1527/phase_label,True,
COMrow1527/unique_point,True,
COMrow1527/instant_link_and_priority,True,"(16.786003960247825, -2.5153486433025165)"
COMrow1528/finite_ordered,True,
COMrow1528/known_mode,True,
COMrow1528/provider_count,True,
COMrow1528/single_physical_phase,True,
COMrow1528/phase_label,True,
COMrow1528/relay_time_coverage,True,
COMrow1528/direct_priority_entire_interval,True,
COMrow1528/continuous_terrain_and_distance,True,16.786003960247832
COMrow1529/finite_ordered,True,
COMrow1529/known_mode,True,
COMrow1529/provider_count,True,
COMrow1529/single_physical_phase,True,
COMrow1529/phase_label,True,
COMrow1529/unique_point,True,
COMrow1529/instant_link_and_priority,True,"(16.797216028038363, -2.5537596409897105)"
COMrow1530/finite_ordered,True,
COMrow1530/known_mode,True,
COMrow1530/provider_count,True,
COMrow1530/single_physical_phase,True,
COMrow1530/phase_label,True,
COMrow1530/continuous_terrain_and_distance,True,6.78653530518211
COMrow1531/finite_ordered,True,
COMrow1531/known_mode,True,
COMrow1531/provider_count,True,
COMrow1531/single_physical_phase,True,
COMrow1531/phase_label,True,
COMrow1531/unique_point,True,
COMrow1531/instant_link_and_priority,True,"(15.858096877472619, -3.213464694817887)"
COMrow1532/finite_ordered,True,
COMrow1532/known_mode,True,
COMrow1532/provider_count,True,
COMrow1532/single_physical_phase,True,
COMrow1532/phase_label,True,
COMrow1532/relay_time_coverage,True,
COMrow1532/direct_priority_entire_interval,True,
COMrow1532/continuous_terrain_and_distance,True,13.23238151710656
COMrow1533/finite_ordered,True,
COMrow1533/known_mode,True,
COMrow1533/provider_count,True,
COMrow1533/single_physical_phase,True,
COMrow1533/phase_label,True,
COMrow1533/unique_point,True,
COMrow1533/instant_link_and_priority,True,"(13.23238151710656, -3.9705654235105357)"
COMrow1534/finite_ordered,True,
COMrow1534/known_mode,True,
COMrow1534/provider_count,True,
COMrow1534/single_physical_phase,True,
COMrow1534/phase_label,True,
COMrow1534/relay_time_coverage,True,
COMrow1534/direct_priority_entire_interval,True,
COMrow1534/continuous_terrain_and_distance,True,10.19999999999974
COMrow1535/finite_ordered,True,
COMrow1535/known_mode,True,
COMrow1535/provider_count,True,
COMrow1535/single_physical_phase,True,
COMrow1535/phase_label,True,
COMrow1535/unique_point,True,
COMrow1535/instant_link_and_priority,True,"(10.199999999999747, -4.811567733039709)"
COMrow1536/finite_ordered,True,
COMrow1536/known_mode,True,
COMrow1536/provider_count,True,
COMrow1536/single_physical_phase,True,
COMrow1536/phase_label,True,
COMrow1536/relay_time_coverage,True,
COMrow1536/direct_priority_entire_interval,True,
COMrow1536/continuous_terrain_and_distance,True,7.41365517941472
COMrow1537/finite_ordered,True,
COMrow1537/known_mode,True,
COMrow1537/provider_count,True,
COMrow1537/single_physical_phase,True,
COMrow1537/phase_label,True,
COMrow1537/unique_point,True,
COMrow1537/instant_link_and_priority,True,"(7.413655179414718, -5.7076615792509955)"
COMrow1538/finite_ordered,True,
COMrow1538/known_mode,True,
COMrow1538/provider_count,True,
COMrow1538/single_physical_phase,True,
COMrow1538/phase_label,True,
COMrow1538/relay_time_coverage,True,
COMrow1538/direct_priority_entire_interval,True,
COMrow1538/continuous_terrain_and_distance,True,6.0575549705385505
COMrow1539/finite_ordered,True,
COMrow1539/known_mode,True,
COMrow1539/provider_count,True,
COMrow1539/single_physical_phase,True,
COMrow1539/phase_label,True,
COMrow1539/unique_point,True,
COMrow1539/instant_link_and_priority,True,"(6.057554970538547, -6.204688245886047)"
COMrow1540/finite_ordered,True,
COMrow1540/known_mode,True,
COMrow1540/provider_count,True,
COMrow1540/single_physical_phase,True,
COMrow1540/phase_label,True,
COMrow1540/relay_time_coverage,True,
COMrow1540/direct_priority_entire_interval,True,
COMrow1540/continuous_terrain_and_distance,True,6.0560995032934315
COMrow1541/finite_ordered,True,
COMrow1541/known_mode,True,
COMrow1541/provider_count,True,
COMrow1541/single_physical_phase,True,
COMrow1541/phase_label,True,
COMrow1541/unique_point,True,
COMrow1541/instant_link_and_priority,True,"(6.056099503293439, -6.203337077690264)"
COMrow1542/finite_ordered,True,
COMrow1542/known_mode,True,
COMrow1542/provider_count,True,
COMrow1542/single_physical_phase,True,
COMrow1542/phase_label,True,
COMrow1542/relay_time_coverage,True,
COMrow1542/direct_priority_entire_interval,True,
COMrow1542/continuous_terrain_and_distance,True,6.056072405152326
COMrow1543/finite_ordered,True,
COMrow1543/known_mode,True,
COMrow1543/provider_count,True,
COMrow1543/single_physical_phase,True,
COMrow1543/phase_label,True,
COMrow1543/unique_point,True,
COMrow1543/instant_link_and_priority,True,"(6.056072405152321, -6.2033254117085335)"
COMrow1544/finite_ordered,True,
COMrow1544/known_mode,True,
COMrow1544/provider_count,True,
COMrow1544/single_physical_phase,True,
COMrow1544/phase_label,True,
COMrow1544/relay_time_coverage,True,
COMrow1544/direct_priority_entire_interval,True,
COMrow1544/continuous_terrain_and_distance,True,4.183809202693512
COMrow1545/finite_ordered,True,
COMrow1545/known_mode,True,
COMrow1545/provider_count,True,
COMrow1545/single_physical_phase,True,
COMrow1545/phase_label,True,
COMrow1545/unique_point,True,
COMrow1545/instant_link_and_priority,True,"(4.18380920269351, -6.202505524891052)"
COMrow1546/finite_ordered,True,
COMrow1546/known_mode,True,
COMrow1546/provider_count,True,
COMrow1546/single_physical_phase,True,
COMrow1546/phase_label,True,
COMrow1546/relay_time_coverage,True,
COMrow1546/direct_priority_entire_interval,True,
COMrow1546/continuous_terrain_and_distance,True,4.183809202693512
COMrow1547/finite_ordered,True,
COMrow1547/known_mode,True,
COMrow1547/provider_count,True,
COMrow1547/single_physical_phase,True,
COMrow1547/phase_label,True,
COMrow1547/unique_point,True,
COMrow1547/instant_link_and_priority,True,"(4.18380920269351, -6.202505524891052)"
COMrow1548/finite_ordered,True,
COMrow1548/known_mode,True,
COMrow1548/provider_count,True,
COMrow1548/single_physical_phase,True,
COMrow1548/phase_label,True,
COMrow1548/relay_time_coverage,True,
COMrow1548/direct_priority_entire_interval,True,
COMrow1548/continuous_terrain_and_distance,True,4.183809202693512
COMrow1549/finite_ordered,True,
COMrow1549/known_mode,True,
COMrow1549/provider_count,True,
COMrow1549/single_physical_phase,True,
COMrow1549/phase_label,True,
COMrow1549/unique_point,True,
COMrow1549/instant_link_and_priority,True,"(6.056072405152321, -6.2033254117085335)"
COMrow1550/finite_ordered,True,
COMrow1550/known_mode,True,
COMrow1550/provider_count,True,
COMrow1550/single_physical_phase,True,
COMrow1550/phase_label,True,
COMrow1550/relay_time_coverage,True,
COMrow1550/direct_priority_entire_interval,True,
COMrow1550/continuous_terrain_and_distance,True,6.056072405152326
COMrow1551/finite_ordered,True,
COMrow1551/known_mode,True,
COMrow1551/provider_count,True,
COMrow1551/single_physical_phase,True,
COMrow1551/phase_label,True,
COMrow1551/unique_point,True,
COMrow1551/instant_link_and_priority,True,"(6.056099503293439, -6.203337077690264)"
COMrow1552/finite_ordered,True,
COMrow1552/known_mode,True,
COMrow1552/provider_count,True,
COMrow1552/single_physical_phase,True,
COMrow1552/phase_label,True,
COMrow1552/relay_time_coverage,True,
COMrow1552/direct_priority_entire_interval,True,
COMrow1552/continuous_terrain_and_distance,True,6.0560995032934315
COMrow1553/finite_ordered,True,
COMrow1553/known_mode,True,
COMrow1553/provider_count,True,
COMrow1553/single_physical_phase,True,
COMrow1553/phase_label,True,
COMrow1553/unique_point,True,
COMrow1553/instant_link_and_priority,True,"(6.05756352371759, -6.204869090937848)"
COMrow1554/finite_ordered,True,
COMrow1554/known_mode,True,
COMrow1554/provider_count,True,
COMrow1554/single_physical_phase,True,
COMrow1554/phase_label,True,
COMrow1554/relay_time_coverage,True,
COMrow1554/direct_priority_entire_interval,True,
COMrow1554/continuous_terrain_and_distance,True,6.057563523717588
COMrow1555/finite_ordered,True,
COMrow1555/known_mode,True,
COMrow1555/provider_count,True,
COMrow1555/single_physical_phase,True,
COMrow1555/phase_label,True,
COMrow1555/unique_point,True,
COMrow1555/instant_link_and_priority,True,"(6.9904634745722944, -5.763212731749292)"
COMrow1556/finite_ordered,True,
COMrow1556/known_mode,True,
COMrow1556/provider_count,True,
COMrow1556/single_physical_phase,True,
COMrow1556/phase_label,True,
COMrow1556/relay_time_coverage,True,
COMrow1556/direct_priority_entire_interval,True,
COMrow1556/continuous_terrain_and_distance,True,6.9904634745722944
COMrow1557/finite_ordered,True,
COMrow1557/known_mode,True,
COMrow1557/provider_count,True,
COMrow1557/single_physical_phase,True,
COMrow1557/phase_label,True,
COMrow1557/unique_point,True,
COMrow1557/instant_link_and_priority,True,"(7.829423213629752, -5.358684847710435)"
COMrow1558/finite_ordered,True,
COMrow1558/known_mode,True,
COMrow1558/provider_count,True,
COMrow1558/single_physical_phase,True,
COMrow1558/phase_label,True,
COMrow1558/relay_time_coverage,True,
COMrow1558/direct_priority_entire_interval,True,
COMrow1558/continuous_terrain_and_distance,True,7.829423213629749
COMrow1559/finite_ordered,True,
COMrow1559/known_mode,True,
COMrow1559/provider_count,True,
COMrow1559/single_physical_phase,True,
COMrow1559/phase_label,True,
COMrow1559/unique_point,True,
COMrow1559/instant_link_and_priority,True,"(8.11830068843355, -5.21559075384279)"
COMrow1560/finite_ordered,True,
COMrow1560/known_mode,True,
COMrow1560/provider_count,True,
COMrow1560/single_physical_phase,True,
COMrow1560/phase_label,True,
COMrow1560/relay_time_coverage,True,
COMrow1560/direct_priority_entire_interval,True,
COMrow1560/continuous_terrain_and_distance,True,8.118300688433553
COMrow1561/finite_ordered,True,
COMrow1561/known_mode,True,
COMrow1561/provider_count,True,
COMrow1561/single_physical_phase,True,
COMrow1561/phase_label,True,
COMrow1561/unique_point,True,
COMrow1561/instant_link_and_priority,True,"(8.489203408242076, -5.0271270621048245)"
COMrow1562/finite_ordered,True,
COMrow1562/known_mode,True,
COMrow1562/provider_count,True,
COMrow1562/single_physical_phase,True,
COMrow1562/phase_label,True,
COMrow1562/relay_time_coverage,True,
COMrow1562/direct_priority_entire_interval,True,
COMrow1562/continuous_terrain_and_distance,True,8.489203408242073
COMrow1563/finite_ordered,True,
COMrow1563/known_mode,True,
COMrow1563/provider_count,True,
COMrow1563/single_physical_phase,True,
COMrow1563/phase_label,True,
COMrow1563/unique_point,True,
COMrow1563/instant_link_and_priority,True,"(9.15946268362869, -4.665039307965003)"
COMrow1564/finite_ordered,True,
COMrow1564/known_mode,True,
COMrow1564/provider_count,True,
COMrow1564/single_physical_phase,True,
COMrow1564/phase_label,True,
COMrow1564/relay_time_coverage,True,
COMrow1564/direct_priority_entire_interval,True,
COMrow1564/continuous_terrain_and_distance,True,9.159462683628686
COMrow1565/finite_ordered,True,
COMrow1565/known_mode,True,
COMrow1565/provider_count,True,
COMrow1565/single_physical_phase,True,
COMrow1565/phase_label,True,
COMrow1565/unique_point,True,
COMrow1565/instant_link_and_priority,True,"(10.20000000000259, -3.970495769674244)"
COMrow1566/finite_ordered,True,
COMrow1566/known_mode,True,
COMrow1566/provider_count,True,
COMrow1566/single_physical_phase,True,
COMrow1566/phase_label,True,
COMrow1566/relay_time_coverage,True,
COMrow1566/direct_priority_entire_interval,True,
COMrow1566/continuous_terrain_and_distance,True,10.200000000002591
COMrow1567/finite_ordered,True,
COMrow1567/known_mode,True,
COMrow1567/provider_count,True,
COMrow1567/single_physical_phase,True,
COMrow1567/phase_label,True,
COMrow1567/unique_point,True,
COMrow1567/instant_link_and_priority,True,"(10.825086509570482, -2.759094616335574)"
COMrow1568/finite_ordered,True,
COMrow1568/known_mode,True,
COMrow1568/provider_count,True,
COMrow1568/single_physical_phase,True,
COMrow1568/phase_label,True,
COMrow1568/relay_time_coverage,True,
COMrow1568/direct_priority_entire_interval,True,
COMrow1568/continuous_terrain_and_distance,True,10.200000000000054
COMrow1569/finite_ordered,True,
COMrow1569/known_mode,True,
COMrow1569/provider_count,True,
COMrow1569/single_physical_phase,True,
COMrow1569/phase_label,True,
COMrow1569/unique_point,True,
COMrow1569/instant_link_and_priority,True,"(10.20000000000006, -1.7113500945006876)"
COMrow1570/finite_ordered,True,
COMrow1570/known_mode,True,
COMrow1570/provider_count,True,
COMrow1570/single_physical_phase,True,
COMrow1570/phase_label,True,
COMrow1570/relay_time_coverage,True,
COMrow1570/direct_priority_entire_interval,True,
COMrow1570/continuous_terrain_and_distance,True,9.301109552469562
COMrow1571/finite_ordered,True,
COMrow1571/known_mode,True,
COMrow1571/provider_count,True,
COMrow1571/single_physical_phase,True,
COMrow1571/phase_label,True,
COMrow1571/unique_point,True,
COMrow1571/instant_link_and_priority,True,"(9.301109552469555, -0.8468351977706448)"
COMrow1572/finite_ordered,True,
COMrow1572/known_mode,True,
COMrow1572/provider_count,True,
COMrow1572/single_physical_phase,True,
COMrow1572/phase_label,True,
COMrow1572/continuous_terrain_and_distance,True,9.15316480222936
COMrow1573/finite_ordered,True,
COMrow1573/known_mode,True,
COMrow1573/provider_count,True,
COMrow1573/single_physical_phase,True,
COMrow1573/phase_label,True,
COMrow1573/unique_point,True,
COMrow1573/instant_link_and_priority,True,"(9.99999999999936, 9.99999999999936)"
COMrow1574/finite_ordered,True,
COMrow1574/known_mode,True,
COMrow1574/provider_count,True,
COMrow1574/single_physical_phase,True,
COMrow1574/phase_label,True,
COMrow1574/continuous_terrain_and_distance,True,9.999999999999355
COMrow1575/finite_ordered,True,
COMrow1575/known_mode,True,
COMrow1575/provider_count,True,
COMrow1575/single_physical_phase,True,
COMrow1575/phase_label,True,
COMrow1575/unique_point,True,
COMrow1575/instant_link_and_priority,True,"(12.624617925181582, 12.624617925181582)"
COMrow1576/finite_ordered,True,
COMrow1576/known_mode,True,
COMrow1576/provider_count,True,
COMrow1576/single_physical_phase,True,
COMrow1576/phase_label,True,
COMrow1576/continuous_terrain_and_distance,True,12.624617925181582
COMrow1577/finite_ordered,True,
COMrow1577/known_mode,True,
COMrow1577/provider_count,True,
COMrow1577/single_physical_phase,True,
COMrow1577/phase_label,True,
COMrow1577/unique_point,True,
COMrow1577/instant_link_and_priority,True,"(14.583346617362722, 14.583346617362722)"
COMrow1578/finite_ordered,True,
COMrow1578/known_mode,True,
COMrow1578/provider_count,True,
COMrow1578/single_physical_phase,True,
COMrow1578/phase_label,True,
COMrow1578/continuous_terrain_and_distance,True,14.58334661736272
COMrow1579/finite_ordered,True,
COMrow1579/known_mode,True,
COMrow1579/provider_count,True,
COMrow1579/single_physical_phase,True,
COMrow1579/phase_label,True,
COMrow1579/unique_point,True,
COMrow1579/instant_link_and_priority,True,"(19.108859130510737, 19.108859130510737)"
COMrow1580/finite_ordered,True,
COMrow1580/known_mode,True,
COMrow1580/provider_count,True,
COMrow1580/single_physical_phase,True,
COMrow1580/phase_label,True,
COMrow1580/continuous_terrain_and_distance,True,19.108859130510744
COMrow1581/finite_ordered,True,
COMrow1581/known_mode,True,
COMrow1581/provider_count,True,
COMrow1581/single_physical_phase,True,
COMrow1581/phase_label,True,
COMrow1581/unique_point,True,
COMrow1581/instant_link_and_priority,True,"(34.89404750685925, 34.89404750685925)"
COMrow1582/finite_ordered,True,
COMrow1582/known_mode,True,
COMrow1582/provider_count,True,
COMrow1582/single_physical_phase,True,
COMrow1582/phase_label,True,
COMrow1582/continuous_terrain_and_distance,True,34.894047506859245
COMrow1583/finite_ordered,True,
COMrow1583/known_mode,True,
COMrow1583/provider_count,True,
COMrow1583/single_physical_phase,True,
COMrow1583/phase_label,True,
COMrow1583/unique_point,True,
COMrow1583/instant_link_and_priority,True,"(45.82290764368429, 45.82290764368429)"
COMrow1584/finite_ordered,True,
COMrow1584/known_mode,True,
COMrow1584/provider_count,True,
COMrow1584/single_physical_phase,True,
COMrow1584/phase_label,True,
COMrow1584/continuous_terrain_and_distance,True,45.82290764368429
COMrow1585/finite_ordered,True,
COMrow1585/known_mode,True,
COMrow1585/provider_count,True,
COMrow1585/single_physical_phase,True,
COMrow1585/phase_label,True,
COMrow1585/unique_point,True,
COMrow1585/instant_link_and_priority,True,"(50.805706205104315, 50.805706205104315)"
COMrow1586/finite_ordered,True,
COMrow1586/known_mode,True,
COMrow1586/provider_count,True,
COMrow1586/single_physical_phase,True,
COMrow1586/phase_label,True,
COMrow1586/continuous_terrain_and_distance,True,50.80570620510432
COMrow1587/finite_ordered,True,
COMrow1587/known_mode,True,
COMrow1587/provider_count,True,
COMrow1587/single_physical_phase,True,
COMrow1587/phase_label,True,
COMrow1587/unique_point,True,
COMrow1587/instant_link_and_priority,True,"(60.564870030848155, 60.564870030848155)"
COMrow1588/finite_ordered,True,
COMrow1588/known_mode,True,
COMrow1588/provider_count,True,
COMrow1588/single_physical_phase,True,
COMrow1588/phase_label,True,
COMrow1588/continuous_terrain_and_distance,True,60.564870030848155
COMrow1589/finite_ordered,True,
COMrow1589/known_mode,True,
COMrow1589/provider_count,True,
COMrow1589/single_physical_phase,True,
COMrow1589/phase_label,True,
COMrow1589/unique_point,True,
COMrow1589/instant_link_and_priority,True,"(63.04826031559027, 63.04826031559027)"
COMrow1590/finite_ordered,True,
COMrow1590/known_mode,True,
COMrow1590/provider_count,True,
COMrow1590/single_physical_phase,True,
COMrow1590/phase_label,True,
COMrow1590/continuous_terrain_and_distance,True,56.382386743647054
COMrow1591/finite_ordered,True,
COMrow1591/known_mode,True,
COMrow1591/provider_count,True,
COMrow1591/single_physical_phase,True,
COMrow1591/phase_label,True,
COMrow1591/unique_point,True,
COMrow1591/instant_link_and_priority,True,"(56.38238674364706, 56.38238674364706)"
COMrow1592/finite_ordered,True,
COMrow1592/known_mode,True,
COMrow1592/provider_count,True,
COMrow1592/single_physical_phase,True,
COMrow1592/phase_label,True,
COMrow1592/continuous_terrain_and_distance,True,45.92517525248826
COMrow1593/finite_ordered,True,
COMrow1593/known_mode,True,
COMrow1593/provider_count,True,
COMrow1593/single_physical_phase,True,
COMrow1593/phase_label,True,
COMrow1593/unique_point,True,
COMrow1593/instant_link_and_priority,True,"(45.92517525248826, 45.92517525248826)"
Q3-T-021/has_communication_spans,True,
Q3-T-021/takeoff_boundary,True,
Q3-T-021/return_boundary,True,
Q3-T-021/no_gap_or_overlap,True,
Q3-T-021/no_gap_or_overlap,True,
Q3-T-021/no_gap_or_overlap,True,
Q3-T-021/no_gap_or_overlap,True,
Q3-T-021/no_gap_or_overlap,True,
Q3-T-021/no_gap_or_overlap,True,
Q3-T-021/no_gap_or_overlap,True,
Q3-T-021/no_gap_or_overlap,True,
Q3-T-021/no_gap_or_overlap,True,
Q3-T-021/no_gap_or_overlap,True,
Q3-T-021/no_gap_or_overlap,True,
Q3-T-021/no_gap_or_overlap,True,
Q3-T-021/no_gap_or_overlap,True,
Q3-T-021/no_gap_or_overlap,True,
Q3-T-021/no_gap_or_overlap,True,
Q3-T-021/no_gap_or_overlap,True,
Q3-T-021/no_gap_or_overlap,True,
Q3-T-021/no_gap_or_overlap,True,
Q3-T-021/no_gap_or_overlap,True,
Q3-T-021/no_gap_or_overlap,True,
Q3-T-021/no_gap_or_overlap,True,
Q3-T-021/no_gap_or_overlap,True,
Q3-T-021/no_gap_or_overlap,True,
Q3-T-021/no_gap_or_overlap,True,
Q3-T-021/no_gap_or_overlap,True,
Q3-T-021/no_gap_or_overlap,True,
Q3-T-021/no_gap_or_overlap,True,
Q3-T-021/no_gap_or_overlap,True,
Q3-T-021/no_gap_or_overlap,True,
Q3-T-021/no_gap_or_overlap,True,
Q3-T-021/no_gap_or_overlap,True,
Q3-T-021/no_gap_or_overlap,True,
Q3-T-021/no_gap_or_overlap,True,
Q3-T-021/no_gap_or_overlap,True,
Q3-T-021/no_gap_or_overlap,True,
Q3-T-021/no_gap_or_overlap,True,
Q3-T-021/no_gap_or_overlap,True,
Q3-T-021/no_gap_or_overlap,True,
Q3-T-021/no_gap_or_overlap,True,
Q3-T-021/no_gap_or_overlap,True,
Q3-T-021/no_gap_or_overlap,True,
Q3-T-021/no_gap_or_overlap,True,
Q3-T-021/no_gap_or_overlap,True,
Q3-T-021/no_gap_or_overlap,True,
Q3-T-021/no_gap_or_overlap,True,
Q3-T-021/no_gap_or_overlap,True,
Q3-T-021/no_gap_or_overlap,True,
Q3-T-021/no_gap_or_overlap,True,
Q3-T-021/no_gap_or_overlap,True,
Q3-T-021/no_gap_or_overlap,True,
Q3-T-021/no_gap_or_overlap,True,
Q3-T-021/no_gap_or_overlap,True,
Q3-T-021/no_gap_or_overlap,True,
Q3-T-021/all_boundary_points_present,True,0
Q3-T-021/point_inside_mission,True,
Q3-T-021/point_inside_mission,True,
Q3-T-021/point_inside_mission,True,
Q3-T-021/point_inside_mission,True,
Q3-T-021/point_inside_mission,True,
Q3-T-021/point_inside_mission,True,
Q3-T-021/point_inside_mission,True,
Q3-T-021/point_inside_mission,True,
Q3-T-021/point_inside_mission,True,
Q3-T-021/point_inside_mission,True,
Q3-T-021/point_inside_mission,True,
Q3-T-021/point_inside_mission,True,
Q3-T-021/point_inside_mission,True,
Q3-T-021/point_inside_mission,True,
Q3-T-021/point_inside_mission,True,
Q3-T-021/point_inside_mission,True,
Q3-T-021/point_inside_mission,True,
Q3-T-021/point_inside_mission,True,
Q3-T-021/point_inside_mission,True,
Q3-T-021/point_inside_mission,True,
Q3-T-021/point_inside_mission,True,
Q3-T-021/point_inside_mission,True,
Q3-T-021/point_inside_mission,True,
Q3-T-021/point_inside_mission,True,
Q3-T-021/point_inside_mission,True,
Q3-T-021/point_inside_mission,True,
Q3-T-021/point_inside_mission,True,
Q3-T-021/point_inside_mission,True,
Q3-T-021/point_inside_mission,True,
Q3-T-021/point_inside_mission,True,
Q3-T-021/point_inside_mission,True,
Q3-T-021/point_inside_mission,True,
Q3-T-021/point_inside_mission,True,
Q3-T-021/point_inside_mission,True,
Q3-T-021/point_inside_mission,True,
Q3-T-021/point_inside_mission,True,
Q3-T-021/point_inside_mission,True,
Q3-T-021/point_inside_mission,True,
Q3-T-021/point_inside_mission,True,
Q3-T-021/point_inside_mission,True,
Q3-T-021/point_inside_mission,True,
Q3-T-021/point_inside_mission,True,
Q3-T-021/point_inside_mission,True,
Q3-T-021/point_inside_mission,True,
Q3-T-021/point_inside_mission,True,
Q3-T-021/point_inside_mission,True,
Q3-T-021/point_inside_mission,True,
Q3-T-021/point_inside_mission,True,
Q3-T-021/point_inside_mission,True,
Q3-T-021/point_inside_mission,True,
Q3-T-021/point_inside_mission,True,
Q3-T-021/point_inside_mission,True,
Q3-T-021/point_inside_mission,True,
Q3-T-021/point_inside_mission,True,
Q3-T-021/point_inside_mission,True,
COMrow1594/finite_ordered,True,
COMrow1594/known_mode,True,
COMrow1594/provider_count,True,
COMrow1594/single_physical_phase,True,
COMrow1594/phase_label,True,
COMrow1594/unique_point,True,
COMrow1594/instant_link_and_priority,True,"(45.92517525248826, 45.92517525248826)"
COMrow1595/finite_ordered,True,
COMrow1595/known_mode,True,
COMrow1595/provider_count,True,
COMrow1595/single_physical_phase,True,
COMrow1595/phase_label,True,
COMrow1595/continuous_terrain_and_distance,True,45.925175252488266
COMrow1596/finite_ordered,True,
COMrow1596/known_mode,True,
COMrow1596/provider_count,True,
COMrow1596/single_physical_phase,True,
COMrow1596/phase_label,True,
COMrow1596/unique_point,True,
COMrow1596/instant_link_and_priority,True,"(46.382386743646634, 46.382386743646634)"
COMrow1597/finite_ordered,True,
COMrow1597/known_mode,True,
COMrow1597/provider_count,True,
COMrow1597/single_physical_phase,True,
COMrow1597/phase_label,True,
COMrow1597/continuous_terrain_and_distance,True,56.38238674364702
COMrow1598/finite_ordered,True,
COMrow1598/known_mode,True,
COMrow1598/provider_count,True,
COMrow1598/single_physical_phase,True,
COMrow1598/phase_label,True,
COMrow1598/unique_point,True,
COMrow1598/instant_link_and_priority,True,"(63.04826031558851, 63.04826031558851)"
COMrow1599/finite_ordered,True,
COMrow1599/known_mode,True,
COMrow1599/provider_count,True,
COMrow1599/single_physical_phase,True,
COMrow1599/phase_label,True,
COMrow1599/continuous_terrain_and_distance,True,60.56487003084818
COMrow1600/finite_ordered,True,
COMrow1600/known_mode,True,
COMrow1600/provider_count,True,
COMrow1600/single_physical_phase,True,
COMrow1600/phase_label,True,
COMrow1600/unique_point,True,
COMrow1600/instant_link_and_priority,True,"(60.56487003084818, 60.56487003084818)"
COMrow1601/finite_ordered,True,
COMrow1601/known_mode,True,
COMrow1601/provider_count,True,
COMrow1601/single_physical_phase,True,
COMrow1601/phase_label,True,
COMrow1601/continuous_terrain_and_distance,True,50.805706205104556
COMrow1602/finite_ordered,True,
COMrow1602/known_mode,True,
COMrow1602/provider_count,True,
COMrow1602/single_physical_phase,True,
COMrow1602/phase_label,True,
COMrow1602/unique_point,True,
COMrow1602/instant_link_and_priority,True,"(50.805706205104556, 50.805706205104556)"
COMrow1603/finite_ordered,True,
COMrow1603/known_mode,True,
COMrow1603/provider_count,True,
COMrow1603/single_physical_phase,True,
COMrow1603/phase_label,True,
COMrow1603/continuous_terrain_and_distance,True,45.822907643684296
COMrow1604/finite_ordered,True,
COMrow1604/known_mode,True,
COMrow1604/provider_count,True,
COMrow1604/single_physical_phase,True,
COMrow1604/phase_label,True,
COMrow1604/unique_point,True,
COMrow1604/instant_link_and_priority,True,"(45.82290764368429, 45.82290764368429)"
COMrow1605/finite_ordered,True,
COMrow1605/known_mode,True,
COMrow1605/provider_count,True,
COMrow1605/single_physical_phase,True,
COMrow1605/phase_label,True,
COMrow1605/continuous_terrain_and_distance,True,29.39642496715181
COMrow1606/finite_ordered,True,
COMrow1606/known_mode,True,
COMrow1606/provider_count,True,
COMrow1606/single_physical_phase,True,
COMrow1606/phase_label,True,
COMrow1606/unique_point,True,
COMrow1606/instant_link_and_priority,True,"(29.396424967151802, 29.396424967151802)"
COMrow1607/finite_ordered,True,
COMrow1607/known_mode,True,
COMrow1607/provider_count,True,
COMrow1607/single_physical_phase,True,
COMrow1607/phase_label,True,
COMrow1607/continuous_terrain_and_distance,True,23.172163757658097
COMrow1608/finite_ordered,True,
COMrow1608/known_mode,True,
COMrow1608/provider_count,True,
COMrow1608/single_physical_phase,True,
COMrow1608/phase_label,True,
COMrow1608/unique_point,True,
COMrow1608/instant_link_and_priority,True,"(23.172163757658097, 23.172163757658097)"
COMrow1609/finite_ordered,True,
COMrow1609/known_mode,True,
COMrow1609/provider_count,True,
COMrow1609/single_physical_phase,True,
COMrow1609/phase_label,True,
COMrow1609/continuous_terrain_and_distance,True,16.23254526082195
COMrow1610/finite_ordered,True,
COMrow1610/known_mode,True,
COMrow1610/provider_count,True,
COMrow1610/single_physical_phase,True,
COMrow1610/phase_label,True,
COMrow1610/unique_point,True,
COMrow1610/instant_link_and_priority,True,"(16.23254526082195, 16.23254526082195)"
COMrow1611/finite_ordered,True,
COMrow1611/known_mode,True,
COMrow1611/provider_count,True,
COMrow1611/single_physical_phase,True,
COMrow1611/phase_label,True,
COMrow1611/continuous_terrain_and_distance,True,11.549212252129323
COMrow1612/finite_ordered,True,
COMrow1612/known_mode,True,
COMrow1612/provider_count,True,
COMrow1612/single_physical_phase,True,
COMrow1612/phase_label,True,
COMrow1612/unique_point,True,
COMrow1612/instant_link_and_priority,True,"(11.549212252129323, 11.549212252129323)"
COMrow1613/finite_ordered,True,
COMrow1613/known_mode,True,
COMrow1613/provider_count,True,
COMrow1613/single_physical_phase,True,
COMrow1613/phase_label,True,
COMrow1613/continuous_terrain_and_distance,True,11.529645131226314
COMrow1614/finite_ordered,True,
COMrow1614/known_mode,True,
COMrow1614/provider_count,True,
COMrow1614/single_physical_phase,True,
COMrow1614/phase_label,True,
COMrow1614/unique_point,True,
COMrow1614/instant_link_and_priority,True,"(1.5296451312263173, 1.5296451312263173)"
COMrow1615/finite_ordered,True,
COMrow1615/known_mode,True,
COMrow1615/provider_count,True,
COMrow1615/single_physical_phase,True,
COMrow1615/phase_label,True,
COMrow1615/continuous_terrain_and_distance,True,-3.232969447708456e-13
COMrow1616/finite_ordered,True,
COMrow1616/known_mode,True,
COMrow1616/provider_count,True,
COMrow1616/single_physical_phase,True,
COMrow1616/phase_label,True,
COMrow1616/unique_point,True,
COMrow1616/instant_link_and_priority,True,"(-3.268496584496461e-13, -3.268496584496461e-13)"
COMrow1617/finite_ordered,True,
COMrow1617/known_mode,True,
COMrow1617/provider_count,True,
COMrow1617/single_physical_phase,True,
COMrow1617/phase_label,True,
COMrow1617/relay_time_coverage,True,
COMrow1617/direct_priority_entire_interval,True,
COMrow1617/continuous_terrain_and_distance,True,3.5297395006289776
COMrow1618/finite_ordered,True,
COMrow1618/known_mode,True,
COMrow1618/provider_count,True,
COMrow1618/single_physical_phase,True,
COMrow1618/phase_label,True,
COMrow1618/unique_point,True,
COMrow1618/instant_link_and_priority,True,"(3.5297395006289776, -0.6793966530465525)"
COMrow1619/finite_ordered,True,
COMrow1619/known_mode,True,
COMrow1619/provider_count,True,
COMrow1619/single_physical_phase,True,
COMrow1619/phase_label,True,
COMrow1619/relay_time_coverage,True,
COMrow1619/direct_priority_entire_interval,True,
COMrow1619/continuous_terrain_and_distance,True,3.330633078854383
COMrow1620/finite_ordered,True,
COMrow1620/known_mode,True,
COMrow1620/provider_count,True,
COMrow1620/single_physical_phase,True,
COMrow1620/phase_label,True,
COMrow1620/unique_point,True,
COMrow1620/instant_link_and_priority,True,"(22.116865539519765, -2.0342729299543407)"
COMrow1621/finite_ordered,True,
COMrow1621/known_mode,True,
COMrow1621/provider_count,True,
COMrow1621/single_physical_phase,True,
COMrow1621/phase_label,True,
COMrow1621/relay_time_coverage,True,
COMrow1621/direct_priority_entire_interval,True,
COMrow1621/continuous_terrain_and_distance,True,22.11686553951976
COMrow1622/finite_ordered,True,
COMrow1622/known_mode,True,
COMrow1622/provider_count,True,
COMrow1622/single_physical_phase,True,
COMrow1622/phase_label,True,
COMrow1622/unique_point,True,
COMrow1622/instant_link_and_priority,True,"(22.723985620663342, -2.425334810722404)"
COMrow1623/finite_ordered,True,
COMrow1623/known_mode,True,
COMrow1623/provider_count,True,
COMrow1623/single_physical_phase,True,
COMrow1623/phase_label,True,
COMrow1623/relay_time_coverage,True,
COMrow1623/direct_priority_entire_interval,True,
COMrow1623/continuous_terrain_and_distance,True,3.1634364100742083
COMrow1624/finite_ordered,True,
COMrow1624/known_mode,True,
COMrow1624/provider_count,True,
COMrow1624/single_physical_phase,True,
COMrow1624/phase_label,True,
COMrow1624/unique_point,True,
COMrow1624/instant_link_and_priority,True,"(22.353246380370834, -2.5850701768120246)"
COMrow1625/finite_ordered,True,
COMrow1625/known_mode,True,
COMrow1625/provider_count,True,
COMrow1625/single_physical_phase,True,
COMrow1625/phase_label,True,
COMrow1625/relay_time_coverage,True,
COMrow1625/direct_priority_entire_interval,True,
COMrow1625/continuous_terrain_and_distance,True,21.641016497039516
COMrow1626/finite_ordered,True,
COMrow1626/known_mode,True,
COMrow1626/provider_count,True,
COMrow1626/single_physical_phase,True,
COMrow1626/phase_label,True,
COMrow1626/unique_point,True,
COMrow1626/instant_link_and_priority,True,"(21.641016497039516, -2.751924096868052)"
COMrow1627/finite_ordered,True,
COMrow1627/known_mode,True,
COMrow1627/provider_count,True,
COMrow1627/single_physical_phase,True,
COMrow1627/phase_label,True,
COMrow1627/relay_time_coverage,True,
COMrow1627/direct_priority_entire_interval,True,
COMrow1627/continuous_terrain_and_distance,True,3.0224840566105424
COMrow1628/finite_ordered,True,
COMrow1628/known_mode,True,
COMrow1628/provider_count,True,
COMrow1628/single_physical_phase,True,
COMrow1628/phase_label,True,
COMrow1628/unique_point,True,
COMrow1628/instant_link_and_priority,True,"(20.54117644902314, -2.948833073674436)"
COMrow1629/finite_ordered,True,
COMrow1629/known_mode,True,
COMrow1629/provider_count,True,
COMrow1629/single_physical_phase,True,
COMrow1629/phase_label,True,
COMrow1629/relay_time_coverage,True,
COMrow1629/direct_priority_entire_interval,True,
COMrow1629/continuous_terrain_and_distance,True,17.10209614388461
COMrow1630/finite_ordered,True,
COMrow1630/known_mode,True,
COMrow1630/provider_count,True,
COMrow1630/single_physical_phase,True,
COMrow1630/phase_label,True,
COMrow1630/unique_point,True,
COMrow1630/instant_link_and_priority,True,"(17.10209614388461, -3.5132464728640116)"
COMrow1631/finite_ordered,True,
COMrow1631/known_mode,True,
COMrow1631/provider_count,True,
COMrow1631/single_physical_phase,True,
COMrow1631/phase_label,True,
COMrow1631/relay_time_coverage,True,
COMrow1631/direct_priority_entire_interval,True,
COMrow1631/continuous_terrain_and_distance,True,16.30992669694319
COMrow1632/finite_ordered,True,
COMrow1632/known_mode,True,
COMrow1632/provider_count,True,
COMrow1632/single_physical_phase,True,
COMrow1632/phase_label,True,
COMrow1632/unique_point,True,
COMrow1632/instant_link_and_priority,True,"(16.309926696943194, -3.6529482103014885)"
COMrow1633/finite_ordered,True,
COMrow1633/known_mode,True,
COMrow1633/provider_count,True,
COMrow1633/single_physical_phase,True,
COMrow1633/phase_label,True,
COMrow1633/relay_time_coverage,True,
COMrow1633/direct_priority_entire_interval,True,
COMrow1633/continuous_terrain_and_distance,True,16.293826010678124
COMrow1634/finite_ordered,True,
COMrow1634/known_mode,True,
COMrow1634/provider_count,True,
COMrow1634/single_physical_phase,True,
COMrow1634/phase_label,True,
COMrow1634/unique_point,True,
COMrow1634/instant_link_and_priority,True,"(16.293826010678117, -3.6504157552446372)"
COMrow1635/finite_ordered,True,
COMrow1635/known_mode,True,
COMrow1635/provider_count,True,
COMrow1635/single_physical_phase,True,
COMrow1635/phase_label,True,
COMrow1635/relay_time_coverage,True,
COMrow1635/direct_priority_entire_interval,True,
COMrow1635/continuous_terrain_and_distance,True,16.217031271357904
COMrow1636/finite_ordered,True,
COMrow1636/known_mode,True,
COMrow1636/provider_count,True,
COMrow1636/single_physical_phase,True,
COMrow1636/phase_label,True,
COMrow1636/unique_point,True,
COMrow1636/instant_link_and_priority,True,"(16.21703127135791, -3.6441975540626004)"
COMrow1637/finite_ordered,True,
COMrow1637/known_mode,True,
COMrow1637/provider_count,True,
COMrow1637/single_physical_phase,True,
COMrow1637/phase_label,True,
COMrow1637/relay_time_coverage,True,
COMrow1637/direct_priority_entire_interval,True,
COMrow1637/continuous_terrain_and_distance,True,16.217031271357904
COMrow1638/finite_ordered,True,
COMrow1638/known_mode,True,
COMrow1638/provider_count,True,
COMrow1638/single_physical_phase,True,
COMrow1638/phase_label,True,
COMrow1638/unique_point,True,
COMrow1638/instant_link_and_priority,True,"(16.21703127135791, -3.6441975540626004)"
COMrow1639/finite_ordered,True,
COMrow1639/known_mode,True,
COMrow1639/provider_count,True,
COMrow1639/single_physical_phase,True,
COMrow1639/phase_label,True,
COMrow1639/relay_time_coverage,True,
COMrow1639/direct_priority_entire_interval,True,
COMrow1639/continuous_terrain_and_distance,True,16.217031271357904
COMrow1640/finite_ordered,True,
COMrow1640/known_mode,True,
COMrow1640/provider_count,True,
COMrow1640/single_physical_phase,True,
COMrow1640/phase_label,True,
COMrow1640/unique_point,True,
COMrow1640/instant_link_and_priority,True,"(16.293826010678117, -3.6504157552446372)"
COMrow1641/finite_ordered,True,
COMrow1641/known_mode,True,
COMrow1641/provider_count,True,
COMrow1641/single_physical_phase,True,
COMrow1641/phase_label,True,
COMrow1641/relay_time_coverage,True,
COMrow1641/direct_priority_entire_interval,True,
COMrow1641/continuous_terrain_and_distance,True,16.29382601067812
COMrow1642/finite_ordered,True,
COMrow1642/known_mode,True,
COMrow1642/provider_count,True,
COMrow1642/single_physical_phase,True,
COMrow1642/phase_label,True,
COMrow1642/unique_point,True,
COMrow1642/instant_link_and_priority,True,"(16.309926696943194, -3.6529482103014885)"
COMrow1643/finite_ordered,True,
COMrow1643/known_mode,True,
COMrow1643/provider_count,True,
COMrow1643/single_physical_phase,True,
COMrow1643/phase_label,True,
COMrow1643/relay_time_coverage,True,
COMrow1643/direct_priority_entire_interval,True,
COMrow1643/continuous_terrain_and_distance,True,16.30992669694319
COMrow1644/finite_ordered,True,
COMrow1644/known_mode,True,
COMrow1644/provider_count,True,
COMrow1644/single_physical_phase,True,
COMrow1644/phase_label,True,
COMrow1644/unique_point,True,
COMrow1644/instant_link_and_priority,True,"(17.10209614388461, -3.5132464728640116)"
COMrow1645/finite_ordered,True,
COMrow1645/known_mode,True,
COMrow1645/provider_count,True,
COMrow1645/single_physical_phase,True,
COMrow1645/phase_label,True,
COMrow1645/relay_time_coverage,True,
COMrow1645/direct_priority_entire_interval,True,
COMrow1645/continuous_terrain_and_distance,True,17.10209614388461
COMrow1646/finite_ordered,True,
COMrow1646/known_mode,True,
COMrow1646/provider_count,True,
COMrow1646/single_physical_phase,True,
COMrow1646/phase_label,True,
COMrow1646/unique_point,True,
COMrow1646/instant_link_and_priority,True,"(20.54117644902314, -2.948833073674436)"
COMrow1647/finite_ordered,True,
COMrow1647/known_mode,True,
COMrow1647/provider_count,True,
COMrow1647/single_physical_phase,True,
COMrow1647/phase_label,True,
COMrow1647/relay_time_coverage,True,
COMrow1647/direct_priority_entire_interval,True,
COMrow1647/continuous_terrain_and_distance,True,3.0224840566105424
COMrow1648/finite_ordered,True,
COMrow1648/known_mode,True,
COMrow1648/provider_count,True,
COMrow1648/single_physical_phase,True,
COMrow1648/phase_label,True,
COMrow1648/unique_point,True,
COMrow1648/instant_link_and_priority,True,"(21.641016497039516, -2.751924096868052)"
COMrow1649/finite_ordered,True,
COMrow1649/known_mode,True,
COMrow1649/provider_count,True,
COMrow1649/single_physical_phase,True,
COMrow1649/phase_label,True,
COMrow1649/relay_time_coverage,True,
COMrow1649/direct_priority_entire_interval,True,
COMrow1649/continuous_terrain_and_distance,True,21.641016497039516
COMrow1650/finite_ordered,True,
COMrow1650/known_mode,True,
COMrow1650/provider_count,True,
COMrow1650/single_physical_phase,True,
COMrow1650/phase_label,True,
COMrow1650/unique_point,True,
COMrow1650/instant_link_and_priority,True,"(22.353246380370834, -2.5850701768120246)"
COMrow1651/finite_ordered,True,
COMrow1651/known_mode,True,
COMrow1651/provider_count,True,
COMrow1651/single_physical_phase,True,
COMrow1651/phase_label,True,
COMrow1651/relay_time_coverage,True,
COMrow1651/direct_priority_entire_interval,True,
COMrow1651/continuous_terrain_and_distance,True,3.1634364100742083
COMrow1652/finite_ordered,True,
COMrow1652/known_mode,True,
COMrow1652/provider_count,True,
COMrow1652/single_physical_phase,True,
COMrow1652/phase_label,True,
COMrow1652/unique_point,True,
COMrow1652/instant_link_and_priority,True,"(22.723985620663342, -2.425334810722404)"
COMrow1653/finite_ordered,True,
COMrow1653/known_mode,True,
COMrow1653/provider_count,True,
COMrow1653/single_physical_phase,True,
COMrow1653/phase_label,True,
COMrow1653/relay_time_coverage,True,
COMrow1653/direct_priority_entire_interval,True,
COMrow1653/continuous_terrain_and_distance,True,22.11686553951976
COMrow1654/finite_ordered,True,
COMrow1654/known_mode,True,
COMrow1654/provider_count,True,
COMrow1654/single_physical_phase,True,
COMrow1654/phase_label,True,
COMrow1654/unique_point,True,
COMrow1654/instant_link_and_priority,True,"(22.116865539519765, -2.0342729299543407)"
COMrow1655/finite_ordered,True,
COMrow1655/known_mode,True,
COMrow1655/provider_count,True,
COMrow1655/single_physical_phase,True,
COMrow1655/phase_label,True,
COMrow1655/relay_time_coverage,True,
COMrow1655/direct_priority_entire_interval,True,
COMrow1655/continuous_terrain_and_distance,True,3.330633078854383
COMrow1656/finite_ordered,True,
COMrow1656/known_mode,True,
COMrow1656/provider_count,True,
COMrow1656/single_physical_phase,True,
COMrow1656/phase_label,True,
COMrow1656/unique_point,True,
COMrow1656/instant_link_and_priority,True,"(3.5297395006289776, -0.6793966530465525)"
COMrow1657/finite_ordered,True,
COMrow1657/known_mode,True,
COMrow1657/provider_count,True,
COMrow1657/single_physical_phase,True,
COMrow1657/phase_label,True,
COMrow1657/relay_time_coverage,True,
COMrow1657/direct_priority_entire_interval,True,
COMrow1657/continuous_terrain_and_distance,True,3.5297395006289776
COMrow1658/finite_ordered,True,
COMrow1658/known_mode,True,
COMrow1658/provider_count,True,
COMrow1658/single_physical_phase,True,
COMrow1658/phase_label,True,
COMrow1658/unique_point,True,
COMrow1658/instant_link_and_priority,True,"(-3.268496584496461e-13, -3.268496584496461e-13)"
COMrow1659/finite_ordered,True,
COMrow1659/known_mode,True,
COMrow1659/provider_count,True,
COMrow1659/single_physical_phase,True,
COMrow1659/phase_label,True,
COMrow1659/continuous_terrain_and_distance,True,-3.232969447708456e-13
COMrow1660/finite_ordered,True,
COMrow1660/known_mode,True,
COMrow1660/provider_count,True,
COMrow1660/single_physical_phase,True,
COMrow1660/phase_label,True,
COMrow1660/unique_point,True,
COMrow1660/instant_link_and_priority,True,"(1.5296451312263173, 1.5296451312263173)"
COMrow1661/finite_ordered,True,
COMrow1661/known_mode,True,
COMrow1661/provider_count,True,
COMrow1661/single_physical_phase,True,
COMrow1661/phase_label,True,
COMrow1661/continuous_terrain_and_distance,True,11.529645131226314
COMrow1662/finite_ordered,True,
COMrow1662/known_mode,True,
COMrow1662/provider_count,True,
COMrow1662/single_physical_phase,True,
COMrow1662/phase_label,True,
COMrow1662/unique_point,True,
COMrow1662/instant_link_and_priority,True,"(11.549212252129323, 11.549212252129323)"
COMrow1663/finite_ordered,True,
COMrow1663/known_mode,True,
COMrow1663/provider_count,True,
COMrow1663/single_physical_phase,True,
COMrow1663/phase_label,True,
COMrow1663/continuous_terrain_and_distance,True,11.549212252129323
COMrow1664/finite_ordered,True,
COMrow1664/known_mode,True,
COMrow1664/provider_count,True,
COMrow1664/single_physical_phase,True,
COMrow1664/phase_label,True,
COMrow1664/unique_point,True,
COMrow1664/instant_link_and_priority,True,"(16.23254526082195, 16.23254526082195)"
COMrow1665/finite_ordered,True,
COMrow1665/known_mode,True,
COMrow1665/provider_count,True,
COMrow1665/single_physical_phase,True,
COMrow1665/phase_label,True,
COMrow1665/continuous_terrain_and_distance,True,16.23254526082195
COMrow1666/finite_ordered,True,
COMrow1666/known_mode,True,
COMrow1666/provider_count,True,
COMrow1666/single_physical_phase,True,
COMrow1666/phase_label,True,
COMrow1666/unique_point,True,
COMrow1666/instant_link_and_priority,True,"(19.972267027506646, 19.972267027506646)"
COMrow1667/finite_ordered,True,
COMrow1667/known_mode,True,
COMrow1667/provider_count,True,
COMrow1667/single_physical_phase,True,
COMrow1667/phase_label,True,
COMrow1667/continuous_terrain_and_distance,True,19.972267027506643
COMrow1668/finite_ordered,True,
COMrow1668/known_mode,True,
COMrow1668/provider_count,True,
COMrow1668/single_physical_phase,True,
COMrow1668/phase_label,True,
COMrow1668/unique_point,True,
COMrow1668/instant_link_and_priority,True,"(23.172163757658097, 23.172163757658097)"
COMrow1669/finite_ordered,True,
COMrow1669/known_mode,True,
COMrow1669/provider_count,True,
COMrow1669/single_physical_phase,True,
COMrow1669/phase_label,True,
COMrow1669/continuous_terrain_and_distance,True,23.172163757658097
COMrow1670/finite_ordered,True,
COMrow1670/known_mode,True,
COMrow1670/provider_count,True,
COMrow1670/single_physical_phase,True,
COMrow1670/phase_label,True,
COMrow1670/unique_point,True,
COMrow1670/instant_link_and_priority,True,"(29.396424967151802, 29.396424967151802)"
COMrow1671/finite_ordered,True,
COMrow1671/known_mode,True,
COMrow1671/provider_count,True,
COMrow1671/single_physical_phase,True,
COMrow1671/phase_label,True,
COMrow1671/continuous_terrain_and_distance,True,29.39642496715181
COMrow1672/finite_ordered,True,
COMrow1672/known_mode,True,
COMrow1672/provider_count,True,
COMrow1672/single_physical_phase,True,
COMrow1672/phase_label,True,
COMrow1672/unique_point,True,
COMrow1672/instant_link_and_priority,True,"(30.524774134525515, 30.524774134525515)"
COMrow1673/finite_ordered,True,
COMrow1673/known_mode,True,
COMrow1673/provider_count,True,
COMrow1673/single_physical_phase,True,
COMrow1673/phase_label,True,
COMrow1673/continuous_terrain_and_distance,True,30.52477413452551
COMrow1674/finite_ordered,True,
COMrow1674/known_mode,True,
COMrow1674/provider_count,True,
COMrow1674/single_physical_phase,True,
COMrow1674/phase_label,True,
COMrow1674/unique_point,True,
COMrow1674/instant_link_and_priority,True,"(45.822907643684175, 45.822907643684175)"
COMrow1675/finite_ordered,True,
COMrow1675/known_mode,True,
COMrow1675/provider_count,True,
COMrow1675/single_physical_phase,True,
COMrow1675/phase_label,True,
COMrow1675/continuous_terrain_and_distance,True,45.82290764368418
COMrow1676/finite_ordered,True,
COMrow1676/known_mode,True,
COMrow1676/provider_count,True,
COMrow1676/single_physical_phase,True,
COMrow1676/phase_label,True,
COMrow1676/unique_point,True,
COMrow1676/instant_link_and_priority,True,"(50.80570620510423, 50.80570620510423)"
COMrow1677/finite_ordered,True,
COMrow1677/known_mode,True,
COMrow1677/provider_count,True,
COMrow1677/single_physical_phase,True,
COMrow1677/phase_label,True,
COMrow1677/continuous_terrain_and_distance,True,50.80570620510423
COMrow1678/finite_ordered,True,
COMrow1678/known_mode,True,
COMrow1678/provider_count,True,
COMrow1678/single_physical_phase,True,
COMrow1678/phase_label,True,
COMrow1678/unique_point,True,
COMrow1678/instant_link_and_priority,True,"(60.56487003084885, 60.56487003084885)"
COMrow1679/finite_ordered,True,
COMrow1679/known_mode,True,
COMrow1679/provider_count,True,
COMrow1679/single_physical_phase,True,
COMrow1679/phase_label,True,
COMrow1679/continuous_terrain_and_distance,True,60.56487003084885
COMrow1680/finite_ordered,True,
COMrow1680/known_mode,True,
COMrow1680/provider_count,True,
COMrow1680/single_physical_phase,True,
COMrow1680/phase_label,True,
COMrow1680/unique_point,True,
COMrow1680/instant_link_and_priority,True,"(63.04826031559075, 63.04826031559075)"
COMrow1681/finite_ordered,True,
COMrow1681/known_mode,True,
COMrow1681/provider_count,True,
COMrow1681/single_physical_phase,True,
COMrow1681/phase_label,True,
COMrow1681/continuous_terrain_and_distance,True,56.38238674364725
COMrow1682/finite_ordered,True,
COMrow1682/known_mode,True,
COMrow1682/provider_count,True,
COMrow1682/single_physical_phase,True,
COMrow1682/phase_label,True,
COMrow1682/unique_point,True,
COMrow1682/instant_link_and_priority,True,"(56.38238674364726, 56.38238674364726)"
COMrow1683/finite_ordered,True,
COMrow1683/known_mode,True,
COMrow1683/provider_count,True,
COMrow1683/single_physical_phase,True,
COMrow1683/phase_label,True,
COMrow1683/continuous_terrain_and_distance,True,45.92517525248826
COMrow1684/finite_ordered,True,
COMrow1684/known_mode,True,
COMrow1684/provider_count,True,
COMrow1684/single_physical_phase,True,
COMrow1684/phase_label,True,
COMrow1684/unique_point,True,
COMrow1684/instant_link_and_priority,True,"(45.92517525248826, 45.92517525248826)"
Q3-T-022/has_communication_spans,True,
Q3-T-022/takeoff_boundary,True,
Q3-T-022/return_boundary,True,
Q3-T-022/no_gap_or_overlap,True,
Q3-T-022/no_gap_or_overlap,True,
Q3-T-022/no_gap_or_overlap,True,
Q3-T-022/no_gap_or_overlap,True,
Q3-T-022/no_gap_or_overlap,True,
Q3-T-022/no_gap_or_overlap,True,
Q3-T-022/no_gap_or_overlap,True,
Q3-T-022/no_gap_or_overlap,True,
Q3-T-022/no_gap_or_overlap,True,
Q3-T-022/no_gap_or_overlap,True,
Q3-T-022/no_gap_or_overlap,True,
Q3-T-022/no_gap_or_overlap,True,
Q3-T-022/no_gap_or_overlap,True,
Q3-T-022/no_gap_or_overlap,True,
Q3-T-022/no_gap_or_overlap,True,
Q3-T-022/no_gap_or_overlap,True,
Q3-T-022/no_gap_or_overlap,True,
Q3-T-022/no_gap_or_overlap,True,
Q3-T-022/no_gap_or_overlap,True,
Q3-T-022/no_gap_or_overlap,True,
Q3-T-022/no_gap_or_overlap,True,
Q3-T-022/no_gap_or_overlap,True,
Q3-T-022/no_gap_or_overlap,True,
Q3-T-022/no_gap_or_overlap,True,
Q3-T-022/no_gap_or_overlap,True,
Q3-T-022/no_gap_or_overlap,True,
Q3-T-022/no_gap_or_overlap,True,
Q3-T-022/no_gap_or_overlap,True,
Q3-T-022/no_gap_or_overlap,True,
Q3-T-022/no_gap_or_overlap,True,
Q3-T-022/no_gap_or_overlap,True,
Q3-T-022/no_gap_or_overlap,True,
Q3-T-022/no_gap_or_overlap,True,
Q3-T-022/no_gap_or_overlap,True,
Q3-T-022/no_gap_or_overlap,True,
Q3-T-022/no_gap_or_overlap,True,
Q3-T-022/no_gap_or_overlap,True,
Q3-T-022/no_gap_or_overlap,True,
Q3-T-022/no_gap_or_overlap,True,
Q3-T-022/no_gap_or_overlap,True,
Q3-T-022/no_gap_or_overlap,True,
Q3-T-022/no_gap_or_overlap,True,
Q3-T-022/no_gap_or_overlap,True,
Q3-T-022/no_gap_or_overlap,True,
Q3-T-022/all_boundary_points_present,True,0
Q3-T-022/point_inside_mission,True,
Q3-T-022/point_inside_mission,True,
Q3-T-022/point_inside_mission,True,
Q3-T-022/point_inside_mission,True,
Q3-T-022/point_inside_mission,True,
Q3-T-022/point_inside_mission,True,
Q3-T-022/point_inside_mission,True,
Q3-T-022/point_inside_mission,True,
Q3-T-022/point_inside_mission,True,
Q3-T-022/point_inside_mission,True,
Q3-T-022/point_inside_mission,True,
Q3-T-022/point_inside_mission,True,
Q3-T-022/point_inside_mission,True,
Q3-T-022/point_inside_mission,True,
Q3-T-022/point_inside_mission,True,
Q3-T-022/point_inside_mission,True,
Q3-T-022/point_inside_mission,True,
Q3-T-022/point_inside_mission,True,
Q3-T-022/point_inside_mission,True,
Q3-T-022/point_inside_mission,True,
Q3-T-022/point_inside_mission,True,
Q3-T-022/point_inside_mission,True,
Q3-T-022/point_inside_mission,True,
Q3-T-022/point_inside_mission,True,
Q3-T-022/point_inside_mission,True,
Q3-T-022/point_inside_mission,True,
Q3-T-022/point_inside_mission,True,
Q3-T-022/point_inside_mission,True,
Q3-T-022/point_inside_mission,True,
Q3-T-022/point_inside_mission,True,
Q3-T-022/point_inside_mission,True,
Q3-T-022/point_inside_mission,True,
Q3-T-022/point_inside_mission,True,
Q3-T-022/point_inside_mission,True,
Q3-T-022/point_inside_mission,True,
Q3-T-022/point_inside_mission,True,
Q3-T-022/point_inside_mission,True,
Q3-T-022/point_inside_mission,True,
Q3-T-022/point_inside_mission,True,
Q3-T-022/point_inside_mission,True,
Q3-T-022/point_inside_mission,True,
Q3-T-022/point_inside_mission,True,
Q3-T-022/point_inside_mission,True,
Q3-T-022/point_inside_mission,True,
Q3-T-022/point_inside_mission,True,
Q3-T-022/point_inside_mission,True,
COMrow1685/finite_ordered,True,
COMrow1685/known_mode,True,
COMrow1685/provider_count,True,
COMrow1685/single_physical_phase,True,
COMrow1685/phase_label,True,
COMrow1685/unique_point,True,
COMrow1685/instant_link_and_priority,True,"(45.92517525248826, 45.92517525248826)"
COMrow1686/finite_ordered,True,
COMrow1686/known_mode,True,
COMrow1686/provider_count,True,
COMrow1686/single_physical_phase,True,
COMrow1686/phase_label,True,
COMrow1686/continuous_terrain_and_distance,True,45.925175252488266
COMrow1687/finite_ordered,True,
COMrow1687/known_mode,True,
COMrow1687/provider_count,True,
COMrow1687/single_physical_phase,True,
COMrow1687/phase_label,True,
COMrow1687/unique_point,True,
COMrow1687/instant_link_and_priority,True,"(46.382386743646634, 46.382386743646634)"
COMrow1688/finite_ordered,True,
COMrow1688/known_mode,True,
COMrow1688/provider_count,True,
COMrow1688/single_physical_phase,True,
COMrow1688/phase_label,True,
COMrow1688/continuous_terrain_and_distance,True,56.38238674364702
COMrow1689/finite_ordered,True,
COMrow1689/known_mode,True,
COMrow1689/provider_count,True,
COMrow1689/single_physical_phase,True,
COMrow1689/phase_label,True,
COMrow1689/unique_point,True,
COMrow1689/instant_link_and_priority,True,"(63.04826031558842, 63.04826031558842)"
COMrow1690/finite_ordered,True,
COMrow1690/known_mode,True,
COMrow1690/provider_count,True,
COMrow1690/single_physical_phase,True,
COMrow1690/phase_label,True,
COMrow1690/continuous_terrain_and_distance,True,60.56487003084811
COMrow1691/finite_ordered,True,
COMrow1691/known_mode,True,
COMrow1691/provider_count,True,
COMrow1691/single_physical_phase,True,
COMrow1691/phase_label,True,
COMrow1691/unique_point,True,
COMrow1691/instant_link_and_priority,True,"(60.56487003084811, 60.56487003084811)"
COMrow1692/finite_ordered,True,
COMrow1692/known_mode,True,
COMrow1692/provider_count,True,
COMrow1692/single_physical_phase,True,
COMrow1692/phase_label,True,
COMrow1692/continuous_terrain_and_distance,True,50.805706205104514
COMrow1693/finite_ordered,True,
COMrow1693/known_mode,True,
COMrow1693/provider_count,True,
COMrow1693/single_physical_phase,True,
COMrow1693/phase_label,True,
COMrow1693/unique_point,True,
COMrow1693/instant_link_and_priority,True,"(50.805706205104514, 50.805706205104514)"
COMrow1694/finite_ordered,True,
COMrow1694/known_mode,True,
COMrow1694/provider_count,True,
COMrow1694/single_physical_phase,True,
COMrow1694/phase_label,True,
COMrow1694/continuous_terrain_and_distance,True,45.82290764368427
COMrow1695/finite_ordered,True,
COMrow1695/known_mode,True,
COMrow1695/provider_count,True,
COMrow1695/single_physical_phase,True,
COMrow1695/phase_label,True,
COMrow1695/unique_point,True,
COMrow1695/instant_link_and_priority,True,"(45.82290764368426, 45.82290764368426)"
COMrow1696/finite_ordered,True,
COMrow1696/known_mode,True,
COMrow1696/provider_count,True,
COMrow1696/single_physical_phase,True,
COMrow1696/phase_label,True,
COMrow1696/continuous_terrain_and_distance,True,38.68678949476507
COMrow1697/finite_ordered,True,
COMrow1697/known_mode,True,
COMrow1697/provider_count,True,
COMrow1697/single_physical_phase,True,
COMrow1697/phase_label,True,
COMrow1697/unique_point,True,
COMrow1697/instant_link_and_priority,True,"(38.686789494765065, 38.686789494765065)"
COMrow1698/finite_ordered,True,
COMrow1698/known_mode,True,
COMrow1698/provider_count,True,
COMrow1698/single_physical_phase,True,
COMrow1698/phase_label,True,
COMrow1698/continuous_terrain_and_distance,True,16.48670595300028
COMrow1699/finite_ordered,True,
COMrow1699/known_mode,True,
COMrow1699/provider_count,True,
COMrow1699/single_physical_phase,True,
COMrow1699/phase_label,True,
COMrow1699/unique_point,True,
COMrow1699/instant_link_and_priority,True,"(16.486705953000282, 16.486705953000282)"
COMrow1700/finite_ordered,True,
COMrow1700/known_mode,True,
COMrow1700/provider_count,True,
COMrow1700/single_physical_phase,True,
COMrow1700/phase_label,True,
COMrow1700/continuous_terrain_and_distance,True,2.2026824808563106e-13
COMrow1701/finite_ordered,True,
COMrow1701/known_mode,True,
COMrow1701/provider_count,True,
COMrow1701/single_physical_phase,True,
COMrow1701/phase_label,True,
COMrow1701/unique_point,True,
COMrow1701/instant_link_and_priority,True,"(2.2737367544323206e-13, 2.2737367544323206e-13)"
COMrow1702/finite_ordered,True,
COMrow1702/known_mode,True,
COMrow1702/provider_count,True,
COMrow1702/single_physical_phase,True,
COMrow1702/phase_label,True,
COMrow1702/relay_time_coverage,True,
COMrow1702/direct_priority_entire_interval,True,
COMrow1702/continuous_terrain_and_distance,True,7.9957619933218815
COMrow1703/finite_ordered,True,
COMrow1703/known_mode,True,
COMrow1703/provider_count,True,
COMrow1703/single_physical_phase,True,
COMrow1703/phase_label,True,
COMrow1703/unique_point,True,
COMrow1703/instant_link_and_priority,True,"(9.961600732189709, -2.6321700465047684)"
COMrow1704/finite_ordered,True,
COMrow1704/known_mode,True,
COMrow1704/provider_count,True,
COMrow1704/single_physical_phase,True,
COMrow1704/phase_label,True,
COMrow1704/relay_time_coverage,True,
COMrow1704/direct_priority_entire_interval,True,
COMrow1704/continuous_terrain_and_distance,True,1.0828705403827659
COMrow1705/finite_ordered,True,
COMrow1705/known_mode,True,
COMrow1705/provider_count,True,
COMrow1705/single_physical_phase,True,
COMrow1705/phase_label,True,
COMrow1705/unique_point,True,
COMrow1705/instant_link_and_priority,True,"(1.0828705403827712, -3.182624572738618)"
COMrow1706/finite_ordered,True,
COMrow1706/known_mode,True,
COMrow1706/provider_count,True,
COMrow1706/single_physical_phase,True,
COMrow1706/phase_label,True,
COMrow1706/relay_time_coverage,True,
COMrow1706/direct_priority_entire_interval,True,
COMrow1706/continuous_terrain_and_distance,True,1.0773099284198207
COMrow1707/finite_ordered,True,
COMrow1707/known_mode,True,
COMrow1707/provider_count,True,
COMrow1707/single_physical_phase,True,
COMrow1707/phase_label,True,
COMrow1707/unique_point,True,
COMrow1707/instant_link_and_priority,True,"(1.0773099284198224, -3.1809024517218063)"
COMrow1708/finite_ordered,True,
COMrow1708/known_mode,True,
COMrow1708/provider_count,True,
COMrow1708/single_physical_phase,True,
COMrow1708/phase_label,True,
COMrow1708/relay_time_coverage,True,
COMrow1708/direct_priority_entire_interval,True,
COMrow1708/continuous_terrain_and_distance,True,1.076356370629174
COMrow1709/finite_ordered,True,
COMrow1709/known_mode,True,
COMrow1709/provider_count,True,
COMrow1709/single_physical_phase,True,
COMrow1709/phase_label,True,
COMrow1709/unique_point,True,
COMrow1709/instant_link_and_priority,True,"(1.0763563706291706, -3.1807034065250974)"
COMrow1710/finite_ordered,True,
COMrow1710/known_mode,True,
COMrow1710/provider_count,True,
COMrow1710/single_physical_phase,True,
COMrow1710/phase_label,True,
COMrow1710/relay_time_coverage,True,
COMrow1710/direct_priority_entire_interval,True,
COMrow1710/continuous_terrain_and_distance,True,1.076356370629174
COMrow1711/finite_ordered,True,
COMrow1711/known_mode,True,
COMrow1711/provider_count,True,
COMrow1711/single_physical_phase,True,
COMrow1711/phase_label,True,
COMrow1711/unique_point,True,
COMrow1711/instant_link_and_priority,True,"(1.0763563706291706, -3.1807034065250974)"
COMrow1712/finite_ordered,True,
COMrow1712/known_mode,True,
COMrow1712/provider_count,True,
COMrow1712/single_physical_phase,True,
COMrow1712/phase_label,True,
COMrow1712/relay_time_coverage,True,
COMrow1712/direct_priority_entire_interval,True,
COMrow1712/continuous_terrain_and_distance,True,1.076356370629174
COMrow1713/finite_ordered,True,
COMrow1713/known_mode,True,
COMrow1713/provider_count,True,
COMrow1713/single_physical_phase,True,
COMrow1713/phase_label,True,
COMrow1713/unique_point,True,
COMrow1713/instant_link_and_priority,True,"(1.0773099284198224, -3.1809024517218063)"
COMrow1714/finite_ordered,True,
COMrow1714/known_mode,True,
COMrow1714/provider_count,True,
COMrow1714/single_physical_phase,True,
COMrow1714/phase_label,True,
COMrow1714/relay_time_coverage,True,
COMrow1714/direct_priority_entire_interval,True,
COMrow1714/continuous_terrain_and_distance,True,1.0773099284198207
COMrow1715/finite_ordered,True,
COMrow1715/known_mode,True,
COMrow1715/provider_count,True,
COMrow1715/single_physical_phase,True,
COMrow1715/phase_label,True,
COMrow1715/unique_point,True,
COMrow1715/instant_link_and_priority,True,"(1.0828705403827712, -3.182624572738618)"
COMrow1716/finite_ordered,True,
COMrow1716/known_mode,True,
COMrow1716/provider_count,True,
COMrow1716/single_physical_phase,True,
COMrow1716/phase_label,True,
COMrow1716/relay_time_coverage,True,
COMrow1716/direct_priority_entire_interval,True,
COMrow1716/continuous_terrain_and_distance,True,1.0828705403827659
COMrow1717/finite_ordered,True,
COMrow1717/known_mode,True,
COMrow1717/provider_count,True,
COMrow1717/single_physical_phase,True,
COMrow1717/phase_label,True,
COMrow1717/unique_point,True,
COMrow1717/instant_link_and_priority,True,"(9.961600732189709, -2.6321700465047684)"
COMrow1718/finite_ordered,True,
COMrow1718/known_mode,True,
COMrow1718/provider_count,True,
COMrow1718/single_physical_phase,True,
COMrow1718/phase_label,True,
COMrow1718/relay_time_coverage,True,
COMrow1718/direct_priority_entire_interval,True,
COMrow1718/continuous_terrain_and_distance,True,7.9957619933218815
COMrow1719/finite_ordered,True,
COMrow1719/known_mode,True,
COMrow1719/provider_count,True,
COMrow1719/single_physical_phase,True,
COMrow1719/phase_label,True,
COMrow1719/unique_point,True,
COMrow1719/instant_link_and_priority,True,"(2.2737367544323206e-13, 2.2737367544323206e-13)"
COMrow1720/finite_ordered,True,
COMrow1720/known_mode,True,
COMrow1720/provider_count,True,
COMrow1720/single_physical_phase,True,
COMrow1720/phase_label,True,
COMrow1720/continuous_terrain_and_distance,True,2.2026824808563106e-13
COMrow1721/finite_ordered,True,
COMrow1721/known_mode,True,
COMrow1721/provider_count,True,
COMrow1721/single_physical_phase,True,
COMrow1721/phase_label,True,
COMrow1721/unique_point,True,
COMrow1721/instant_link_and_priority,True,"(0.20000000000071338, 0.20000000000071338)"
COMrow1722/finite_ordered,True,
COMrow1722/known_mode,True,
COMrow1722/provider_count,True,
COMrow1722/single_physical_phase,True,
COMrow1722/phase_label,True,
COMrow1722/continuous_terrain_and_distance,True,0.20000000000070983
COMrow1723/finite_ordered,True,
COMrow1723/known_mode,True,
COMrow1723/provider_count,True,
COMrow1723/single_physical_phase,True,
COMrow1723/phase_label,True,
COMrow1723/unique_point,True,
COMrow1723/instant_link_and_priority,True,"(16.486705953000282, 16.486705953000282)"
COMrow1724/finite_ordered,True,
COMrow1724/known_mode,True,
COMrow1724/provider_count,True,
COMrow1724/single_physical_phase,True,
COMrow1724/phase_label,True,
COMrow1724/continuous_terrain_and_distance,True,16.48670595300028
COMrow1725/finite_ordered,True,
COMrow1725/known_mode,True,
COMrow1725/provider_count,True,
COMrow1725/single_physical_phase,True,
COMrow1725/phase_label,True,
COMrow1725/unique_point,True,
COMrow1725/instant_link_and_priority,True,"(38.686789494765065, 38.686789494765065)"
COMrow1726/finite_ordered,True,
COMrow1726/known_mode,True,
COMrow1726/provider_count,True,
COMrow1726/single_physical_phase,True,
COMrow1726/phase_label,True,
COMrow1726/continuous_terrain_and_distance,True,38.68678949476507
COMrow1727/finite_ordered,True,
COMrow1727/known_mode,True,
COMrow1727/provider_count,True,
COMrow1727/single_physical_phase,True,
COMrow1727/phase_label,True,
COMrow1727/unique_point,True,
COMrow1727/instant_link_and_priority,True,"(45.8229076436842, 45.8229076436842)"
COMrow1728/finite_ordered,True,
COMrow1728/known_mode,True,
COMrow1728/provider_count,True,
COMrow1728/single_physical_phase,True,
COMrow1728/phase_label,True,
COMrow1728/continuous_terrain_and_distance,True,45.8229076436842
COMrow1729/finite_ordered,True,
COMrow1729/known_mode,True,
COMrow1729/provider_count,True,
COMrow1729/single_physical_phase,True,
COMrow1729/phase_label,True,
COMrow1729/unique_point,True,
COMrow1729/instant_link_and_priority,True,"(50.80570620510427, 50.80570620510427)"
COMrow1730/finite_ordered,True,
COMrow1730/known_mode,True,
COMrow1730/provider_count,True,
COMrow1730/single_physical_phase,True,
COMrow1730/phase_label,True,
COMrow1730/continuous_terrain_and_distance,True,50.80570620510427
COMrow1731/finite_ordered,True,
COMrow1731/known_mode,True,
COMrow1731/provider_count,True,
COMrow1731/single_physical_phase,True,
COMrow1731/phase_label,True,
COMrow1731/unique_point,True,
COMrow1731/instant_link_and_priority,True,"(60.564870030848915, 60.564870030848915)"
COMrow1732/finite_ordered,True,
COMrow1732/known_mode,True,
COMrow1732/provider_count,True,
COMrow1732/single_physical_phase,True,
COMrow1732/phase_label,True,
COMrow1732/continuous_terrain_and_distance,True,60.564870030848915
COMrow1733/finite_ordered,True,
COMrow1733/known_mode,True,
COMrow1733/provider_count,True,
COMrow1733/single_physical_phase,True,
COMrow1733/phase_label,True,
COMrow1733/unique_point,True,
COMrow1733/instant_link_and_priority,True,"(63.04826031559084, 63.04826031559084)"
COMrow1734/finite_ordered,True,
COMrow1734/known_mode,True,
COMrow1734/provider_count,True,
COMrow1734/single_physical_phase,True,
COMrow1734/phase_label,True,
COMrow1734/continuous_terrain_and_distance,True,56.38238674364725
COMrow1735/finite_ordered,True,
COMrow1735/known_mode,True,
COMrow1735/provider_count,True,
COMrow1735/single_physical_phase,True,
COMrow1735/phase_label,True,
COMrow1735/unique_point,True,
COMrow1735/instant_link_and_priority,True,"(56.38238674364726, 56.38238674364726)"
COMrow1736/finite_ordered,True,
COMrow1736/known_mode,True,
COMrow1736/provider_count,True,
COMrow1736/single_physical_phase,True,
COMrow1736/phase_label,True,
COMrow1736/continuous_terrain_and_distance,True,45.92517525248826
COMrow1737/finite_ordered,True,
COMrow1737/known_mode,True,
COMrow1737/provider_count,True,
COMrow1737/single_physical_phase,True,
COMrow1737/phase_label,True,
COMrow1737/unique_point,True,
COMrow1737/instant_link_and_priority,True,"(45.92517525248826, 45.92517525248826)"
Q3-T-023/has_communication_spans,True,
Q3-T-023/takeoff_boundary,True,
Q3-T-023/return_boundary,True,
Q3-T-023/no_gap_or_overlap,True,
Q3-T-023/no_gap_or_overlap,True,
Q3-T-023/no_gap_or_overlap,True,
Q3-T-023/no_gap_or_overlap,True,
Q3-T-023/no_gap_or_overlap,True,
Q3-T-023/no_gap_or_overlap,True,
Q3-T-023/no_gap_or_overlap,True,
Q3-T-023/no_gap_or_overlap,True,
Q3-T-023/no_gap_or_overlap,True,
Q3-T-023/no_gap_or_overlap,True,
Q3-T-023/no_gap_or_overlap,True,
Q3-T-023/no_gap_or_overlap,True,
Q3-T-023/no_gap_or_overlap,True,
Q3-T-023/no_gap_or_overlap,True,
Q3-T-023/no_gap_or_overlap,True,
Q3-T-023/no_gap_or_overlap,True,
Q3-T-023/no_gap_or_overlap,True,
Q3-T-023/no_gap_or_overlap,True,
Q3-T-023/no_gap_or_overlap,True,
Q3-T-023/no_gap_or_overlap,True,
Q3-T-023/no_gap_or_overlap,True,
Q3-T-023/no_gap_or_overlap,True,
Q3-T-023/no_gap_or_overlap,True,
Q3-T-023/no_gap_or_overlap,True,
Q3-T-023/no_gap_or_overlap,True,
Q3-T-023/all_boundary_points_present,True,0
Q3-T-023/point_inside_mission,True,
Q3-T-023/point_inside_mission,True,
Q3-T-023/point_inside_mission,True,
Q3-T-023/point_inside_mission,True,
Q3-T-023/point_inside_mission,True,
Q3-T-023/point_inside_mission,True,
Q3-T-023/point_inside_mission,True,
Q3-T-023/point_inside_mission,True,
Q3-T-023/point_inside_mission,True,
Q3-T-023/point_inside_mission,True,
Q3-T-023/point_inside_mission,True,
Q3-T-023/point_inside_mission,True,
Q3-T-023/point_inside_mission,True,
Q3-T-023/point_inside_mission,True,
Q3-T-023/point_inside_mission,True,
Q3-T-023/point_inside_mission,True,
Q3-T-023/point_inside_mission,True,
Q3-T-023/point_inside_mission,True,
Q3-T-023/point_inside_mission,True,
Q3-T-023/point_inside_mission,True,
Q3-T-023/point_inside_mission,True,
Q3-T-023/point_inside_mission,True,
Q3-T-023/point_inside_mission,True,
Q3-T-023/point_inside_mission,True,
Q3-T-023/point_inside_mission,True,
Q3-T-023/point_inside_mission,True,
Q3-T-023/point_inside_mission,True,
dense_audit_no_outage,True,0
