K,group_id,source_communication_row,transport_trip_id,source_relay_trip_id,local_relay_trip_id,start_s,end_s,mode
3,K3-G1,1,Q3-T-001,,,390.0,390.0,直连
3,K3-G1,2,Q3-T-001,,,390.0,390.34184672371094,直连
3,K3-G1,3,Q3-T-001,,,390.34184672371094,390.34184672371094,直连
3,K3-G1,4,Q3-T-001,,,390.34184672371094,399.60265609712184,直连
3,K3-G1,5,Q3-T-001,,,399.60265609712184,399.60265609712184,直连
3,K3-G1,6,Q3-T-001,,,399.60265609712184,400.5743917449054,直连
3,K3-G1,7,Q3-T-001,,,400.5743917449054,400.5743917449054,直连
3,K3-G1,8,Q3-T-001,,,400.5743917449054,408.6860501935803,直连
3,K3-G1,9,Q3-T-001,,,408.6860501935803,408.6860501935803,直连
3,K3-G1,10,Q3-T-001,,,408.6860501935803,417.99820232145794,直连
3,K3-G1,11,Q3-T-001,,,417.99820232145794,417.99820232145794,直连
3,K3-G1,12,Q3-T-001,,,417.99820232145794,544.7491292317709,直连
3,K3-G1,13,Q3-T-001,,,544.7491292317709,544.7491292317709,直连
3,K3-G1,14,Q3-T-001,,,544.7491292317709,655.942685290213,直连
3,K3-G1,15,Q3-T-001,,,655.942685290213,655.942685290213,直连
3,K3-G1,16,Q3-T-001,,,655.942685290213,712.5211720162599,直连
3,K3-G1,17,Q3-T-001,,,712.5211720162599,712.5211720162599,直连
3,K3-G1,18,Q3-T-001,,,712.5211720162599,744.679230704014,直连
3,K3-G1,19,Q3-T-001,,,744.679230704014,744.679230704014,直连
3,K3-G1,20,Q3-T-001,,,744.679230704014,775.3192355258584,直连
3,K3-G1,21,Q3-T-001,,,775.3192355258584,775.3192355258584,直连
3,K3-G1,22,Q3-T-001,,,775.3192355258584,807.4812216815566,直连
3,K3-G1,23,Q3-T-001,,,807.4812216815566,807.4812216815566,直连
3,K3-G1,24,Q3-T-001,,,807.4812216815566,850.0622859390267,直连
3,K3-G1,25,Q3-T-001,,,850.0622859390267,850.0622859390267,直连
3,K3-G1,26,Q3-T-001,,,850.0622859390267,864.805648987166,直连
3,K3-G1,27,Q3-T-001,,,864.805648987166,864.805648987166,直连
3,K3-G1,28,Q3-T-001,,,864.805648987166,872.3593191455775,直连
3,K3-G1,29,Q3-T-001,,,872.3593191455775,872.3593191455775,直连
3,K3-G1,30,Q3-T-001,Q3-R-002,Q3-R-002@K3-G1,872.3593191455775,996.3826174162434,中继
3,K3-G1,31,Q3-T-001,Q3-R-002,Q3-R-002@K3-G1,996.3826174162434,996.3826174162434,中继
3,K3-G1,32,Q3-T-001,Q3-R-002,Q3-R-002@K3-G1,996.3826174162434,1009.6881913327535,中继
3,K3-G1,33,Q3-T-001,Q3-R-002,Q3-R-002@K3-G1,1009.6881913327535,1009.6881913327535,中继
3,K3-G1,34,Q3-T-001,Q3-R-002,Q3-R-002@K3-G1,1009.6881913327535,1012.854052548932,中继
3,K3-G1,35,Q3-T-001,Q3-R-002,Q3-R-002@K3-G1,1012.854052548932,1012.854052548932,中继
3,K3-G1,36,Q3-T-001,Q3-R-002,Q3-R-002@K3-G1,1012.854052548932,1016.7672078373787,中继
3,K3-G1,37,Q3-T-001,Q3-R-002,Q3-R-002@K3-G1,1016.7672078373787,1016.7672078373787,中继
3,K3-G1,38,Q3-T-001,Q3-R-002,Q3-R-002@K3-G1,1016.7672078373787,1092.7615724943685,中继
3,K3-G1,39,Q3-T-001,Q3-R-002,Q3-R-002@K3-G1,1092.7615724943685,1092.7615724943685,中继
3,K3-G1,40,Q3-T-001,Q3-R-002,Q3-R-002@K3-G1,1092.7615724943685,1225.977956606348,中继
3,K3-G1,41,Q3-T-001,Q3-R-002,Q3-R-002@K3-G1,1225.977956606348,1225.977956606348,中继
3,K3-G1,42,Q3-T-001,Q3-R-002,Q3-R-002@K3-G1,1225.977956606348,1302.7615724943685,中继
3,K3-G1,43,Q3-T-001,Q3-R-002,Q3-R-002@K3-G1,1302.7615724943685,1302.7615724943685,中继
3,K3-G1,44,Q3-T-001,Q3-R-002,Q3-R-002@K3-G1,1302.7615724943685,1363.5150108081705,中继
3,K3-G1,45,Q3-T-001,Q3-R-002,Q3-R-002@K3-G1,1363.5150108081705,1363.5150108081705,中继
3,K3-G1,46,Q3-T-001,Q3-R-002,Q3-R-002@K3-G1,1363.5150108081705,1377.1079729478386,中继
3,K3-G1,47,Q3-T-001,Q3-R-002,Q3-R-002@K3-G1,1377.1079729478386,1377.1079729478386,中继
3,K3-G1,48,Q3-T-001,Q3-R-002,Q3-R-002@K3-G1,1377.1079729478386,1407.4045725592143,中继
3,K3-G1,49,Q3-T-001,Q3-R-002,Q3-R-002@K3-G1,1407.4045725592143,1407.4045725592143,中继
3,K3-G1,50,Q3-T-001,Q3-R-002,Q3-R-002@K3-G1,1407.4045725592143,1421.397203231491,中继
3,K3-G1,51,Q3-T-001,Q3-R-002,Q3-R-002@K3-G1,1421.397203231491,1421.397203231491,中继
3,K3-G1,52,Q3-T-001,Q3-R-002,Q3-R-002@K3-G1,1421.397203231491,1517.1136015026907,中继
3,K3-G1,53,Q3-T-001,Q3-R-002,Q3-R-002@K3-G1,1517.1136015026907,1517.1136015026907,中继
3,K3-G1,54,Q3-T-001,Q3-R-002,Q3-R-002@K3-G1,1517.1136015026907,1561.364157098675,中继
3,K3-G1,55,Q3-T-001,Q3-R-002,Q3-R-002@K3-G1,1561.364157098675,1561.364157098675,中继
3,K3-G1,56,Q3-T-001,Q3-R-002,Q3-R-002@K3-G1,1561.364157098675,1624.1317188815933,中继
3,K3-G1,57,Q3-T-001,Q3-R-002,Q3-R-002@K3-G1,1624.1317188815933,1624.1317188815933,中继
3,K3-G1,58,Q3-T-001,Q3-R-002,Q3-R-002@K3-G1,1624.1317188815933,1696.7558448581558,中继
3,K3-G1,59,Q3-T-001,Q3-R-002,Q3-R-002@K3-G1,1696.7558448581558,1696.7558448581558,中继
3,K3-G1,60,Q3-T-001,Q3-R-002,Q3-R-002@K3-G1,1696.7558448581558,1876.7558448581558,中继
3,K3-G1,61,Q3-T-001,Q3-R-002,Q3-R-002@K3-G1,1876.7558448581558,1876.7558448581558,中继
3,K3-G1,62,Q3-T-001,Q3-R-002,Q3-R-002@K3-G1,1876.7558448581558,1892.5831194349787,中继
3,K3-G1,63,Q3-T-001,Q3-R-002,Q3-R-002@K3-G1,1892.5831194349787,1892.5831194349787,中继
3,K3-G1,64,Q3-T-001,Q3-R-002,Q3-R-002@K3-G1,1892.5831194349787,1926.583946078916,中继
3,K3-G1,65,Q3-T-001,Q3-R-002,Q3-R-002@K3-G1,1926.583946078916,1926.583946078916,中继
3,K3-G1,66,Q3-T-001,Q3-R-002,Q3-R-002@K3-G1,1926.583946078916,1967.6820449241907,中继
3,K3-G1,67,Q3-T-001,,,1967.6820449241907,1967.6820449241907,直连
3,K3-G1,68,Q3-T-001,,,1967.6820449241907,2060.2293374175356,直连
3,K3-G1,69,Q3-T-001,,,2060.2293374175356,2060.2293374175356,直连
3,K3-G1,70,Q3-T-001,,,2060.2293374175356,2094.9344765772494,直连
3,K3-G1,71,Q3-T-001,,,2094.9344765772494,2094.9344765772494,直连
3,K3-G1,72,Q3-T-001,,,2094.9344765772494,2296.6866508708545,直连
3,K3-G1,73,Q3-T-001,,,2296.6866508708545,2296.6866508708545,直连
3,K3-G1,74,Q3-T-001,,,2296.6866508708545,2371.6815375772926,直连
3,K3-G1,75,Q3-T-001,,,2371.6815375772926,2371.6815375772926,直连
3,K3-G1,76,Q3-T-001,,,2371.6815375772926,2382.8561201307457,直连
3,K3-G1,77,Q3-T-001,,,2382.8561201307457,2382.8561201307457,直连
3,K3-G1,78,Q3-T-001,,,2382.8561201307457,2392.5901102691555,直连
3,K3-G1,79,Q3-T-001,,,2392.5901102691555,2392.5901102691555,直连
3,K3-G1,80,Q3-T-001,,,2392.5901102691555,2393.756193046496,直连
3,K3-G1,81,Q3-T-001,,,2393.756193046496,2393.756193046496,直连
3,K3-G1,82,Q3-T-001,,,2393.756193046496,2404.8691642945887,直连
3,K3-G1,83,Q3-T-001,,,2404.8691642945887,2404.8691642945887,直连
3,K3-G1,84,Q3-T-001,,,2404.8691642945887,2405.279380363042,直连
3,K3-G1,85,Q3-T-001,,,2405.279380363042,2405.279380363042,直连
3,K3-G1,86,Q3-T-002,,,360.0,360.0,直连
3,K3-G1,87,Q3-T-002,,,360.0,360.34184672371094,直连
3,K3-G1,88,Q3-T-002,,,360.34184672371094,360.34184672371094,直连
3,K3-G1,89,Q3-T-002,,,360.34184672371094,369.60265609712184,直连
3,K3-G1,90,Q3-T-002,,,369.60265609712184,369.60265609712184,直连
3,K3-G1,91,Q3-T-002,,,369.60265609712184,370.5743917449054,直连
3,K3-G1,92,Q3-T-002,,,370.5743917449054,370.5743917449054,直连
3,K3-G1,93,Q3-T-002,,,370.5743917449054,378.6860501935803,直连
3,K3-G1,94,Q3-T-002,,,378.6860501935803,378.6860501935803,直连
3,K3-G1,95,Q3-T-002,,,378.6860501935803,387.99820232145794,直连
3,K3-G1,96,Q3-T-002,,,387.99820232145794,387.99820232145794,直连
3,K3-G1,97,Q3-T-002,,,387.99820232145794,408.45220336914065,直连
3,K3-G1,98,Q3-T-002,,,408.45220336914065,408.45220336914065,直连
3,K3-G1,99,Q3-T-002,,,408.45220336914065,542.4228357746762,直连
3,K3-G1,100,Q3-T-002,,,542.4228357746762,542.4228357746762,直连
3,K3-G1,101,Q3-T-002,,,542.4228357746762,595.2985493120008,直连
3,K3-G1,102,Q3-T-002,,,595.2985493120008,595.2985493120008,直连
3,K3-G1,103,Q3-T-002,,,595.2985493120008,607.6266838664694,直连
3,K3-G1,104,Q3-T-002,,,607.6266838664694,607.6266838664694,直连
3,K3-G1,105,Q3-T-002,,,607.6266838664694,662.9504403290156,直连
3,K3-G1,106,Q3-T-002,,,662.9504403290156,662.9504403290156,直连
3,K3-G1,107,Q3-T-002,,,662.9504403290156,688.4143651774021,直连
3,K3-G1,108,Q3-T-002,,,688.4143651774021,688.4143651774021,直连
3,K3-G1,109,Q3-T-002,,,688.4143651774021,694.3842982433409,直连
3,K3-G1,110,Q3-T-002,,,694.3842982433409,694.3842982433409,直连
3,K3-G1,111,Q3-T-002,,,694.3842982433409,697.0820771027705,直连
3,K3-G1,112,Q3-T-002,,,697.0820771027705,697.0820771027705,直连
3,K3-G1,113,Q3-T-002,,,697.0820771027705,698.5730843719844,直连
3,K3-G1,114,Q3-T-002,,,698.5730843719844,698.5730843719844,直连
3,K3-G1,115,Q3-T-002,,,698.5730843719844,744.679230704014,直连
3,K3-G1,116,Q3-T-002,,,744.679230704014,744.679230704014,直连
3,K3-G1,117,Q3-T-002,,,744.679230704014,864.805648987166,直连
3,K3-G1,118,Q3-T-002,,,864.805648987166,864.805648987166,直连
3,K3-G1,119,Q3-T-002,,,864.805648987166,908.5730843719844,直连
3,K3-G1,120,Q3-T-002,,,908.5730843719844,908.5730843719844,直连
3,K3-G1,121,Q3-T-002,,,908.5730843719844,909.8155904296625,直连
3,K3-G1,122,Q3-T-002,,,909.8155904296625,909.8155904296625,直连
3,K3-G1,123,Q3-T-002,,,909.8155904296625,912.0637394791872,直连
3,K3-G1,124,Q3-T-002,,,912.0637394791872,912.0637394791872,直连
3,K3-G1,125,Q3-T-002,,,912.0637394791872,917.0386837008028,直连
3,K3-G1,126,Q3-T-002,,,917.0386837008028,917.0386837008028,直连
3,K3-G1,127,Q3-T-002,,,917.0386837008028,938.2586210744583,直连
3,K3-G1,128,Q3-T-002,,,938.2586210744583,938.2586210744583,直连
3,K3-G1,129,Q3-T-002,,,938.2586210744583,993.5823775370045,直连
3,K3-G1,130,Q3-T-002,,,993.5823775370045,993.5823775370045,直连
3,K3-G1,131,Q3-T-002,,,993.5823775370045,1005.910512091473,直连
3,K3-G1,132,Q3-T-002,,,1005.910512091473,1005.910512091473,直连
3,K3-G1,133,Q3-T-002,,,1005.910512091473,1058.7862256287979,直连
3,K3-G1,134,Q3-T-002,,,1058.7862256287979,1058.7862256287979,直连
3,K3-G1,135,Q3-T-002,,,1058.7862256287979,1192.7568580343334,直连
3,K3-G1,136,Q3-T-002,,,1192.7568580343334,1192.7568580343334,直连
3,K3-G1,137,Q3-T-002,,,1192.7568580343334,1217.3016592915526,直连
3,K3-G1,138,Q3-T-002,,,1217.3016592915526,1217.3016592915526,直连
3,K3-G1,139,Q3-T-002,,,1217.3016592915526,1225.977956606348,直连
3,K3-G1,140,Q3-T-002,,,1225.977956606348,1225.977956606348,直连
3,K3-G1,141,Q3-T-002,,,1225.977956606348,1228.476241845006,直连
3,K3-G1,142,Q3-T-002,,,1228.476241845006,1228.476241845006,直连
3,K3-G1,143,Q3-T-002,,,1228.476241845006,1238.2102319834157,直连
3,K3-G1,144,Q3-T-002,,,1238.2102319834157,1238.2102319834157,直连
3,K3-G1,145,Q3-T-002,,,1238.2102319834157,1239.376314760756,直连
3,K3-G1,146,Q3-T-002,,,1239.376314760756,1239.376314760756,直连
3,K3-G1,147,Q3-T-002,,,1239.376314760756,1250.4892860088491,直连
3,K3-G1,148,Q3-T-002,,,1250.4892860088491,1250.4892860088491,直连
3,K3-G1,149,Q3-T-002,,,1250.4892860088491,1250.8995020773023,直连
3,K3-G1,150,Q3-T-002,,,1250.8995020773023,1250.8995020773023,直连
3,K3-G1,151,Q3-T-003,,,390.0,390.0,直连
3,K3-G1,152,Q3-T-003,,,390.0,390.34184672371094,直连
3,K3-G1,153,Q3-T-003,,,390.34184672371094,390.34184672371094,直连
3,K3-G1,154,Q3-T-003,,,390.34184672371094,399.60265609712184,直连
3,K3-G1,155,Q3-T-003,,,399.60265609712184,399.60265609712184,直连
3,K3-G1,156,Q3-T-003,,,399.60265609712184,400.5743917449054,直连
3,K3-G1,157,Q3-T-003,,,400.5743917449054,400.5743917449054,直连
3,K3-G1,158,Q3-T-003,,,400.5743917449054,408.6860501935803,直连
3,K3-G1,159,Q3-T-003,,,408.6860501935803,408.6860501935803,直连
3,K3-G1,160,Q3-T-003,,,408.6860501935803,417.99820232145794,直连
3,K3-G1,161,Q3-T-003,,,417.99820232145794,417.99820232145794,直连
3,K3-G1,162,Q3-T-003,,,417.99820232145794,438.45220336914065,直连
3,K3-G1,163,Q3-T-003,,,438.45220336914065,438.45220336914065,直连
3,K3-G1,164,Q3-T-003,,,438.45220336914065,572.4228357746762,直连
3,K3-G1,165,Q3-T-003,,,572.4228357746762,572.4228357746762,直连
3,K3-G1,166,Q3-T-003,,,572.4228357746762,625.2985493120008,直连
3,K3-G1,167,Q3-T-003,,,625.2985493120008,625.2985493120008,直连
3,K3-G1,168,Q3-T-003,,,625.2985493120008,637.6266838664694,直连
3,K3-G1,169,Q3-T-003,,,637.6266838664694,637.6266838664694,直连
3,K3-G1,170,Q3-T-003,,,637.6266838664694,692.9504403290156,直连
3,K3-G1,171,Q3-T-003,,,692.9504403290156,692.9504403290156,直连
3,K3-G1,172,Q3-T-003,,,692.9504403290156,718.4143651774021,直连
3,K3-G1,173,Q3-T-003,,,718.4143651774021,718.4143651774021,直连
3,K3-G1,174,Q3-T-003,,,718.4143651774021,724.3842982433409,直连
3,K3-G1,175,Q3-T-003,,,724.3842982433409,724.3842982433409,直连
3,K3-G1,176,Q3-T-003,,,724.3842982433409,727.0820771027705,直连
3,K3-G1,177,Q3-T-003,,,727.0820771027705,727.0820771027705,直连
3,K3-G1,178,Q3-T-003,,,727.0820771027705,728.5730843719844,直连
3,K3-G1,179,Q3-T-003,,,728.5730843719844,728.5730843719844,直连
3,K3-G1,180,Q3-T-003,,,728.5730843719844,744.679230704014,直连
3,K3-G1,181,Q3-T-003,,,744.679230704014,744.679230704014,直连
3,K3-G1,182,Q3-T-003,,,744.679230704014,864.805648987166,直连
3,K3-G1,183,Q3-T-003,,,864.805648987166,864.805648987166,直连
3,K3-G1,184,Q3-T-003,,,864.805648987166,938.5730843719844,直连
3,K3-G1,185,Q3-T-003,,,938.5730843719844,938.5730843719844,直连
3,K3-G1,186,Q3-T-003,,,938.5730843719844,939.8155904296625,直连
3,K3-G1,187,Q3-T-003,,,939.8155904296625,939.8155904296625,直连
3,K3-G1,188,Q3-T-003,,,939.8155904296625,942.0637394791872,直连
3,K3-G1,189,Q3-T-003,,,942.0637394791872,942.0637394791872,直连
3,K3-G1,190,Q3-T-003,,,942.0637394791872,947.0386837008028,直连
3,K3-G1,191,Q3-T-003,,,947.0386837008028,947.0386837008028,直连
3,K3-G1,192,Q3-T-003,,,947.0386837008028,1005.8512677115322,直连
3,K3-G1,193,Q3-T-003,,,1005.8512677115322,1005.8512677115322,直连
3,K3-G1,194,Q3-T-003,,,1005.8512677115322,1020.9329781708125,直连
3,K3-G1,195,Q3-T-003,,,1020.9329781708125,1020.9329781708125,直连
3,K3-G1,196,Q3-T-003,,,1020.9329781708125,1153.2822360011062,直连
3,K3-G1,197,Q3-T-003,,,1153.2822360011062,1153.2822360011062,直连
3,K3-G1,198,Q3-T-003,,,1153.2822360011062,1181.9904651906595,直连
3,K3-G1,199,Q3-T-003,,,1181.9904651906595,1181.9904651906595,直连
3,K3-G1,200,Q3-T-003,,,1181.9904651906595,1225.977956606348,直连
3,K3-G1,201,Q3-T-003,,,1225.977956606348,1225.977956606348,直连
3,K3-G1,202,Q3-T-003,,,1225.977956606348,1231.4196263813892,直连
3,K3-G1,203,Q3-T-003,,,1231.4196263813892,1231.4196263813892,直连
3,K3-G1,204,Q3-T-003,Q3-R-002,Q3-R-002@K3-G1,1231.4196263813892,1253.3186913419609,中继
3,K3-G1,205,Q3-T-003,Q3-R-002,Q3-R-002@K3-G1,1253.3186913419609,1253.3186913419609,中继
3,K3-G1,206,Q3-T-003,Q3-R-002,Q3-R-002@K3-G1,1253.3186913419609,1260.389565753845,中继
3,K3-G1,207,Q3-T-003,Q3-R-002,Q3-R-002@K3-G1,1260.389565753845,1260.389565753845,中继
3,K3-G1,208,Q3-T-003,Q3-R-002,Q3-R-002@K3-G1,1260.389565753845,1324.8360543819615,中继
3,K3-G1,209,Q3-T-003,Q3-R-002,Q3-R-002@K3-G1,1324.8360543819615,1324.8360543819615,中继
3,K3-G1,210,Q3-T-003,Q3-R-002,Q3-R-002@K3-G1,1324.8360543819615,1330.0908265147914,中继
3,K3-G1,211,Q3-T-003,Q3-R-002,Q3-R-002@K3-G1,1330.0908265147914,1330.0908265147914,中继
3,K3-G1,212,Q3-T-003,Q3-R-002,Q3-R-002@K3-G1,1330.0908265147914,1335.093414087038,中继
3,K3-G1,213,Q3-T-003,Q3-R-002,Q3-R-002@K3-G1,1335.093414087038,1335.093414087038,中继
3,K3-G1,214,Q3-T-003,Q3-R-002,Q3-R-002@K3-G1,1335.093414087038,1341.583487998918,中继
3,K3-G1,215,Q3-T-003,Q3-R-002,Q3-R-002@K3-G1,1341.583487998918,1341.583487998918,中继
3,K3-G1,216,Q3-T-003,Q3-R-002,Q3-R-002@K3-G1,1341.583487998918,1355.3258075802755,中继
3,K3-G1,217,Q3-T-003,Q3-R-002,Q3-R-002@K3-G1,1355.3258075802755,1355.3258075802755,中继
3,K3-G1,218,Q3-T-003,Q3-R-002,Q3-R-002@K3-G1,1355.3258075802755,1361.882699073385,中继
3,K3-G1,219,Q3-T-003,Q3-R-002,Q3-R-002@K3-G1,1361.882699073385,1361.882699073385,中继
3,K3-G1,220,Q3-T-003,Q3-R-002,Q3-R-002@K3-G1,1361.882699073385,1541.882699073385,中继
3,K3-G1,221,Q3-T-003,Q3-R-002,Q3-R-002@K3-G1,1541.882699073385,1541.882699073385,中继
3,K3-G1,222,Q3-T-003,Q3-R-002,Q3-R-002@K3-G1,1541.882699073385,1547.346775317643,中继
3,K3-G1,223,Q3-T-003,Q3-R-002,Q3-R-002@K3-G1,1547.346775317643,1547.346775317643,中继
3,K3-G1,224,Q3-T-003,Q3-R-002,Q3-R-002@K3-G1,1547.346775317643,1558.7987083021078,中继
3,K3-G1,225,Q3-T-003,Q3-R-002,Q3-R-002@K3-G1,1558.7987083021078,1558.7987083021078,中继
3,K3-G1,226,Q3-T-003,Q3-R-002,Q3-R-002@K3-G1,1558.7987083021078,1564.2071032286744,中继
3,K3-G1,227,Q3-T-003,Q3-R-002,Q3-R-002@K3-G1,1564.2071032286744,1564.2071032286744,中继
3,K3-G1,228,Q3-T-003,Q3-R-002,Q3-R-002@K3-G1,1564.2071032286744,1569.894877621562,中继
3,K3-G1,229,Q3-T-003,Q3-R-002,Q3-R-002@K3-G1,1569.894877621562,1569.894877621562,中继
3,K3-G1,230,Q3-T-003,Q3-R-002,Q3-R-002@K3-G1,1569.894877621562,1580.5697818950225,中继
3,K3-G1,231,Q3-T-003,Q3-R-002,Q3-R-002@K3-G1,1580.5697818950225,1580.5697818950225,中继
3,K3-G1,232,Q3-T-003,Q3-R-002,Q3-R-002@K3-G1,1580.5697818950225,1635.7828879472008,中继
3,K3-G1,233,Q3-T-003,Q3-R-002,Q3-R-002@K3-G1,1635.7828879472008,1635.7828879472008,中继
3,K3-G1,234,Q3-T-003,Q3-R-002,Q3-R-002@K3-G1,1635.7828879472008,1639.798127904675,中继
3,K3-G1,235,Q3-T-003,,,1639.798127904675,1639.798127904675,直连
3,K3-G1,236,Q3-T-003,,,1639.798127904675,1711.86707161277,直连
3,K3-G1,237,Q3-T-003,,,1711.86707161277,1711.86707161277,直连
3,K3-G1,238,Q3-T-003,,,1711.86707161277,1812.3143365173619,直连
3,K3-G1,239,Q3-T-003,,,1812.3143365173619,1812.3143365173619,直连
3,K3-G1,240,Q3-T-003,,,1812.3143365173619,1820.2361023886092,直连
3,K3-G1,241,Q3-T-003,,,1820.2361023886092,1820.2361023886092,直连
3,K3-G1,242,Q3-T-003,,,1820.2361023886092,1968.6027819252272,直连
3,K3-G1,243,Q3-T-003,,,1968.6027819252272,1968.6027819252272,直连
3,K3-G1,244,Q3-T-003,,,1968.6027819252272,2058.1795533972904,直连
3,K3-G1,245,Q3-T-003,,,2058.1795533972904,2058.1795533972904,直连
3,K3-G1,246,Q3-T-003,,,2058.1795533972904,2069.3541359507435,直连
3,K3-G1,247,Q3-T-003,,,2069.3541359507435,2069.3541359507435,直连
3,K3-G1,248,Q3-T-003,,,2069.3541359507435,2079.0881260891533,直连
3,K3-G1,249,Q3-T-003,,,2079.0881260891533,2079.0881260891533,直连
3,K3-G1,250,Q3-T-003,,,2079.0881260891533,2080.2542088664936,直连
3,K3-G1,251,Q3-T-003,,,2080.2542088664936,2080.2542088664936,直连
3,K3-G1,252,Q3-T-003,,,2080.2542088664936,2091.3671801145865,直连
3,K3-G1,253,Q3-T-003,,,2091.3671801145865,2091.3671801145865,直连
3,K3-G1,254,Q3-T-003,,,2091.3671801145865,2091.77739618304,直连
3,K3-G1,255,Q3-T-003,,,2091.77739618304,2091.77739618304,直连
3,K3-G1,256,Q3-T-004,,,360.0,360.0,直连
3,K3-G1,257,Q3-T-004,,,360.0,360.34184672371094,直连
3,K3-G1,258,Q3-T-004,,,360.34184672371094,360.34184672371094,直连
3,K3-G1,259,Q3-T-004,,,360.34184672371094,369.60265609712184,直连
3,K3-G1,260,Q3-T-004,,,369.60265609712184,369.60265609712184,直连
3,K3-G1,261,Q3-T-004,,,369.60265609712184,370.5743917449054,直连
3,K3-G1,262,Q3-T-004,,,370.5743917449054,370.5743917449054,直连
3,K3-G1,263,Q3-T-004,,,370.5743917449054,378.6860501935803,直连
3,K3-G1,264,Q3-T-004,,,378.6860501935803,378.6860501935803,直连
3,K3-G1,265,Q3-T-004,,,378.6860501935803,387.99820232145794,直连
3,K3-G1,266,Q3-T-004,,,387.99820232145794,387.99820232145794,直连
3,K3-G1,267,Q3-T-004,,,387.99820232145794,408.45220336914065,直连
3,K3-G1,268,Q3-T-004,,,408.45220336914065,408.45220336914065,直连
3,K3-G1,269,Q3-T-004,,,408.45220336914065,542.4228357746762,直连
3,K3-G1,270,Q3-T-004,,,542.4228357746762,542.4228357746762,直连
3,K3-G1,271,Q3-T-004,,,542.4228357746762,595.2985493120008,直连
3,K3-G1,272,Q3-T-004,,,595.2985493120008,595.2985493120008,直连
3,K3-G1,273,Q3-T-004,,,595.2985493120008,607.6266838664694,直连
3,K3-G1,274,Q3-T-004,,,607.6266838664694,607.6266838664694,直连
3,K3-G1,275,Q3-T-004,,,607.6266838664694,662.9504403290156,直连
3,K3-G1,276,Q3-T-004,,,662.9504403290156,662.9504403290156,直连
3,K3-G1,277,Q3-T-004,,,662.9504403290156,688.4143651774021,直连
3,K3-G1,278,Q3-T-004,,,688.4143651774021,688.4143651774021,直连
3,K3-G1,279,Q3-T-004,,,688.4143651774021,694.3842982433409,直连
3,K3-G1,280,Q3-T-004,,,694.3842982433409,694.3842982433409,直连
3,K3-G1,281,Q3-T-004,,,694.3842982433409,697.0820771027705,直连
3,K3-G1,282,Q3-T-004,,,697.0820771027705,697.0820771027705,直连
3,K3-G1,283,Q3-T-004,,,697.0820771027705,698.5730843719844,直连
3,K3-G1,284,Q3-T-004,,,698.5730843719844,698.5730843719844,直连
3,K3-G1,285,Q3-T-004,,,698.5730843719844,744.679230704014,直连
3,K3-G1,286,Q3-T-004,,,744.679230704014,744.679230704014,直连
3,K3-G1,287,Q3-T-004,,,744.679230704014,864.805648987166,直连
3,K3-G1,288,Q3-T-004,,,864.805648987166,864.805648987166,直连
3,K3-G1,289,Q3-T-004,,,864.805648987166,908.5730843719844,直连
3,K3-G1,290,Q3-T-004,,,908.5730843719844,908.5730843719844,直连
3,K3-G1,291,Q3-T-004,,,908.5730843719844,909.8155904296625,直连
3,K3-G1,292,Q3-T-004,,,909.8155904296625,909.8155904296625,直连
3,K3-G1,293,Q3-T-004,,,909.8155904296625,912.0637394791872,直连
3,K3-G1,294,Q3-T-004,,,912.0637394791872,912.0637394791872,直连
3,K3-G1,295,Q3-T-004,,,912.0637394791872,917.0386837008028,直连
3,K3-G1,296,Q3-T-004,,,917.0386837008028,917.0386837008028,直连
3,K3-G1,297,Q3-T-004,,,917.0386837008028,938.2586210744583,直连
3,K3-G1,298,Q3-T-004,,,938.2586210744583,938.2586210744583,直连
3,K3-G1,299,Q3-T-004,,,938.2586210744583,993.5823775370045,直连
3,K3-G1,300,Q3-T-004,,,993.5823775370045,993.5823775370045,直连
3,K3-G1,301,Q3-T-004,,,993.5823775370045,1005.910512091473,直连
3,K3-G1,302,Q3-T-004,,,1005.910512091473,1005.910512091473,直连
3,K3-G1,303,Q3-T-004,,,1005.910512091473,1058.7862256287979,直连
3,K3-G1,304,Q3-T-004,,,1058.7862256287979,1058.7862256287979,直连
3,K3-G1,305,Q3-T-004,,,1058.7862256287979,1192.7568580343334,直连
3,K3-G1,306,Q3-T-004,,,1192.7568580343334,1192.7568580343334,直连
3,K3-G1,307,Q3-T-004,,,1192.7568580343334,1217.3016592915526,直连
3,K3-G1,308,Q3-T-004,,,1217.3016592915526,1217.3016592915526,直连
3,K3-G1,309,Q3-T-004,,,1217.3016592915526,1225.977956606348,直连
3,K3-G1,310,Q3-T-004,,,1225.977956606348,1225.977956606348,直连
3,K3-G1,311,Q3-T-004,,,1225.977956606348,1228.476241845006,直连
3,K3-G1,312,Q3-T-004,,,1228.476241845006,1228.476241845006,直连
3,K3-G1,313,Q3-T-004,,,1228.476241845006,1238.2102319834157,直连
3,K3-G1,314,Q3-T-004,,,1238.2102319834157,1238.2102319834157,直连
3,K3-G1,315,Q3-T-004,,,1238.2102319834157,1239.376314760756,直连
3,K3-G1,316,Q3-T-004,,,1239.376314760756,1239.376314760756,直连
3,K3-G1,317,Q3-T-004,,,1239.376314760756,1250.4892860088491,直连
3,K3-G1,318,Q3-T-004,,,1250.4892860088491,1250.4892860088491,直连
3,K3-G1,319,Q3-T-004,,,1250.4892860088491,1250.8995020773023,直连
3,K3-G1,320,Q3-T-004,,,1250.8995020773023,1250.8995020773023,直连
3,K3-G1,536,Q3-T-008,,,450.0,450.0,直连
3,K3-G1,537,Q3-T-008,,,450.0,450.4102160684531,直连
3,K3-G1,538,Q3-T-008,,,450.4102160684531,450.4102160684531,直连
3,K3-G1,539,Q3-T-008,,,450.4102160684531,461.5231873165462,直连
3,K3-G1,540,Q3-T-008,,,461.5231873165462,461.5231873165462,直连
3,K3-G1,541,Q3-T-008,,,461.5231873165462,462.6892700938865,直连
3,K3-G1,542,Q3-T-008,,,462.6892700938865,462.6892700938865,直连
3,K3-G1,543,Q3-T-008,,,462.6892700938865,472.42326023229634,直连
3,K3-G1,544,Q3-T-008,,,472.42326023229634,472.42326023229634,直连
3,K3-G1,545,Q3-T-008,,,472.42326023229634,483.59784278574955,直连
3,K3-G1,546,Q3-T-008,,,483.59784278574955,483.59784278574955,直连
3,K3-G1,547,Q3-T-008,,,483.59784278574955,508.14264404296875,直连
3,K3-G1,548,Q3-T-008,,,508.14264404296875,508.14264404296875,直连
3,K3-G1,549,Q3-T-008,,,508.14264404296875,615.3191499673972,直连
3,K3-G1,550,Q3-T-008,,,615.3191499673972,615.3191499673972,直连
3,K3-G1,551,Q3-T-008,,,615.3191499673972,657.6197207972568,直连
3,K3-G1,552,Q3-T-008,,,657.6197207972568,657.6197207972568,直连
3,K3-G1,553,Q3-T-008,,,657.6197207972568,667.4822284408317,直连
3,K3-G1,554,Q3-T-008,,,667.4822284408317,667.4822284408317,直连
3,K3-G1,555,Q3-T-008,,,667.4822284408317,711.7412336108687,直连
3,K3-G1,556,Q3-T-008,,,711.7412336108687,711.7412336108687,直连
3,K3-G1,557,Q3-T-008,,,711.7412336108687,743.571139671352,直连
3,K3-G1,558,Q3-T-008,,,743.571139671352,743.571139671352,直连
3,K3-G1,559,Q3-T-008,,,743.571139671352,744.679230704014,直连
3,K3-G1,560,Q3-T-008,,,744.679230704014,744.679230704014,直连
3,K3-G1,561,Q3-T-008,,,744.679230704014,751.0335560037753,直连
3,K3-G1,562,Q3-T-008,,,751.0335560037753,751.0335560037753,直连
3,K3-G1,563,Q3-T-008,,,751.0335560037753,754.4057795780624,直连
3,K3-G1,564,Q3-T-008,,,754.4057795780624,754.4057795780624,直连
3,K3-G1,565,Q3-T-008,,,754.4057795780624,756.2695386645796,直连
3,K3-G1,566,Q3-T-008,,,756.2695386645796,756.2695386645796,直连
3,K3-G1,567,Q3-T-008,,,756.2695386645796,864.805648987166,直连
3,K3-G1,568,Q3-T-008,,,864.805648987166,864.805648987166,直连
3,K3-G1,569,Q3-T-008,,,864.805648987166,1008.2695386645796,直连
3,K3-G1,570,Q3-T-008,,,1008.2695386645796,1008.2695386645796,直连
3,K3-G1,571,Q3-T-008,,,1008.2695386645796,1009.7605459337934,直连
3,K3-G1,572,Q3-T-008,,,1009.7605459337934,1009.7605459337934,直连
3,K3-G1,573,Q3-T-008,,,1009.7605459337934,1012.458324793223,直连
3,K3-G1,574,Q3-T-008,,,1012.458324793223,1012.458324793223,直连
3,K3-G1,575,Q3-T-008,,,1012.458324793223,1018.4282578591618,直连
3,K3-G1,576,Q3-T-008,,,1018.4282578591618,1018.4282578591618,直连
3,K3-G1,577,Q3-T-008,,,1018.4282578591618,1089.003358672037,直连
3,K3-G1,578,Q3-T-008,,,1089.003358672037,1089.003358672037,直连
3,K3-G1,579,Q3-T-008,,,1089.003358672037,1108.9093824145796,直连
3,K3-G1,580,Q3-T-008,,,1108.9093824145796,1108.9093824145796,直连
3,K3-G1,581,Q3-T-008,,,1108.9093824145796,1178.4194755020023,直连
3,K3-G1,582,Q3-T-008,,,1178.4194755020023,1178.4194755020023,直连
3,K3-G1,583,Q3-T-008,,,1178.4194755020023,1225.977956606348,直连
3,K3-G1,584,Q3-T-008,,,1225.977956606348,1225.977956606348,直连
3,K3-G1,585,Q3-T-008,,,1225.977956606348,1234.3168148964191,直连
3,K3-G1,586,Q3-T-008,Q3-R-002,Q3-R-002@K3-G1,1234.3168148964191,1234.3168148964191,中继
3,K3-G1,587,Q3-T-008,Q3-R-002,Q3-R-002@K3-G1,1234.3168148964191,1246.1954978546064,中继
3,K3-G1,588,Q3-T-008,Q3-R-002,Q3-R-002@K3-G1,1246.1954978546064,1246.1954978546064,中继
3,K3-G1,589,Q3-T-008,Q3-R-002,Q3-R-002@K3-G1,1246.1954978546064,1265.283001399549,中继
3,K3-G1,590,Q3-T-008,Q3-R-002,Q3-R-002@K3-G1,1265.283001399549,1265.283001399549,中继
3,K3-G1,591,Q3-T-008,Q3-R-002,Q3-R-002@K3-G1,1265.283001399549,1422.0882849922996,中继
3,K3-G1,592,Q3-T-008,Q3-R-002,Q3-R-002@K3-G1,1422.0882849922996,1422.0882849922996,中继
3,K3-G1,593,Q3-T-008,Q3-R-002,Q3-R-002@K3-G1,1422.0882849922996,1454.4987387716767,中继
3,K3-G1,594,Q3-T-008,Q3-R-002,Q3-R-002@K3-G1,1454.4987387716767,1454.4987387716767,中继
3,K3-G1,595,Q3-T-008,Q3-R-002,Q3-R-002@K3-G1,1454.4987387716767,1481.83956162616,中继
3,K3-G1,596,Q3-T-008,Q3-R-002,Q3-R-002@K3-G1,1481.83956162616,1481.83956162616,中继
3,K3-G1,597,Q3-T-008,Q3-R-002,Q3-R-002@K3-G1,1481.83956162616,1485.881761520589,中继
3,K3-G1,598,Q3-T-008,Q3-R-002,Q3-R-002@K3-G1,1485.881761520589,1485.881761520589,中继
3,K3-G1,599,Q3-T-008,Q3-R-002,Q3-R-002@K3-G1,1485.881761520589,1499.9880896797995,中继
3,K3-G1,600,Q3-T-008,Q3-R-002,Q3-R-002@K3-G1,1499.9880896797995,1499.9880896797995,中继
3,K3-G1,601,Q3-T-008,Q3-R-002,Q3-R-002@K3-G1,1499.9880896797995,1787.9880896797995,中继
3,K3-G1,602,Q3-T-008,Q3-R-002,Q3-R-002@K3-G1,1787.9880896797995,1787.9880896797995,中继
3,K3-G1,603,Q3-T-008,Q3-R-002,Q3-R-002@K3-G1,1787.9880896797995,1799.2731522071679,中继
3,K3-G1,604,Q3-T-008,Q3-R-002,Q3-R-002@K3-G1,1799.2731522071679,1799.2731522071679,中继
3,K3-G1,605,Q3-T-008,Q3-R-002,Q3-R-002@K3-G1,1799.2731522071679,1802.5069121227111,中继
3,K3-G1,606,Q3-T-008,Q3-R-002,Q3-R-002@K3-G1,1802.5069121227111,1802.5069121227111,中继
3,K3-G1,607,Q3-T-008,Q3-R-002,Q3-R-002@K3-G1,1802.5069121227111,1824.3795704062977,中继
3,K3-G1,608,Q3-T-008,Q3-R-002,Q3-R-002@K3-G1,1824.3795704062977,1824.3795704062977,中继
3,K3-G1,609,Q3-T-008,Q3-R-002,Q3-R-002@K3-G1,1824.3795704062977,1841.3884876290183,中继
3,K3-G1,610,Q3-T-008,Q3-R-002,Q3-R-002@K3-G1,1841.3884876290183,1841.3884876290183,中继
3,K3-G1,611,Q3-T-008,Q3-R-002,Q3-R-002@K3-G1,1841.3884876290183,2008.5874277641003,中继
3,K3-G1,612,Q3-T-008,Q3-R-002,Q3-R-002@K3-G1,2008.5874277641003,2008.5874277641003,中继
3,K3-G1,613,Q3-T-008,Q3-R-002,Q3-R-002@K3-G1,2008.5874277641003,2067.1593253850447,中继
3,K3-G1,614,Q3-T-008,Q3-R-002,Q3-R-002@K3-G1,2067.1593253850447,2067.1593253850447,中继
3,K3-G1,615,Q3-T-008,Q3-R-002,Q3-R-002@K3-G1,2067.1593253850447,2070.952997692678,中继
3,K3-G1,616,Q3-T-008,,,2070.952997692678,2070.952997692678,直连
3,K3-G1,617,Q3-T-008,,,2070.952997692678,2121.2457353891723,直连
3,K3-G1,618,Q3-T-008,,,2121.2457353891723,2121.2457353891723,直连
3,K3-G1,619,Q3-T-008,,,2121.2457353891723,2334.0879334274964,直连
3,K3-G1,620,Q3-T-008,,,2334.0879334274964,2334.0879334274964,直连
3,K3-G1,621,Q3-T-008,,,2334.0879334274964,2434.891127381833,直连
3,K3-G1,622,Q3-T-008,,,2434.891127381833,2434.891127381833,直连
3,K3-G1,623,Q3-T-008,,,2434.891127381833,2448.8593555736493,直连
3,K3-G1,624,Q3-T-008,,,2448.8593555736493,2448.8593555736493,直连
3,K3-G1,625,Q3-T-008,,,2448.8593555736493,2454.762859482356,直连
3,K3-G1,626,Q3-T-008,,,2454.762859482356,2454.762859482356,直连
3,K3-G1,627,Q3-T-008,,,2454.762859482356,2461.026843246662,直连
3,K3-G1,628,Q3-T-008,,,2461.026843246662,2461.026843246662,直连
3,K3-G1,629,Q3-T-008,,,2461.026843246662,2462.484446718337,直连
3,K3-G1,630,Q3-T-008,,,2462.484446718337,2462.484446718337,直连
3,K3-G1,631,Q3-T-008,,,2462.484446718337,2476.3756607784535,直连
3,K3-G1,632,Q3-T-008,,,2476.3756607784535,2476.3756607784535,直连
3,K3-G1,633,Q3-T-008,,,2476.3756607784535,2476.88843086402,直连
3,K3-G1,634,Q3-T-008,,,2476.88843086402,2476.88843086402,直连
3,K3-G1,635,Q3-T-009,,,1610.899502077302,1610.899502077302,直连
3,K3-G1,636,Q3-T-009,,,1610.899502077302,1611.241348801013,直连
3,K3-G1,637,Q3-T-009,,,1611.241348801013,1611.241348801013,直连
3,K3-G1,638,Q3-T-009,,,1611.241348801013,1620.5021581744238,直连
3,K3-G1,639,Q3-T-009,,,1620.5021581744238,1620.5021581744238,直连
3,K3-G1,640,Q3-T-009,,,1620.5021581744238,1621.4738938222074,直连
3,K3-G1,641,Q3-T-009,,,1621.4738938222074,1621.4738938222074,直连
3,K3-G1,642,Q3-T-009,,,1621.4738938222074,1629.5855522708823,直连
3,K3-G1,643,Q3-T-009,,,1629.5855522708823,1629.5855522708823,直连
3,K3-G1,644,Q3-T-009,,,1629.5855522708823,1638.89770439876,直连
3,K3-G1,645,Q3-T-009,,,1638.89770439876,1638.89770439876,直连
3,K3-G1,646,Q3-T-009,,,1638.89770439876,1659.3517054464426,直连
3,K3-G1,647,Q3-T-009,,,1659.3517054464426,1659.3517054464426,直连
3,K3-G1,648,Q3-T-009,,,1659.3517054464426,1793.322337851978,直连
3,K3-G1,649,Q3-T-009,,,1793.322337851978,1793.322337851978,直连
3,K3-G1,650,Q3-T-009,,,1793.322337851978,1846.1980513893027,直连
3,K3-G1,651,Q3-T-009,,,1846.1980513893027,1846.1980513893027,直连
3,K3-G1,652,Q3-T-009,,,1846.1980513893027,1858.5261859437715,直连
3,K3-G1,653,Q3-T-009,,,1858.5261859437715,1858.5261859437715,直连
3,K3-G1,654,Q3-T-009,,,1858.5261859437715,1913.8499424063175,直连
3,K3-G1,655,Q3-T-009,,,1913.8499424063175,1913.8499424063175,直连
3,K3-G1,656,Q3-T-009,,,1913.8499424063175,1939.313867254704,直连
3,K3-G1,657,Q3-T-009,,,1939.313867254704,1939.313867254704,直连
3,K3-G1,658,Q3-T-009,,,1939.313867254704,1945.2838003206427,直连
3,K3-G1,659,Q3-T-009,,,1945.2838003206427,1945.2838003206427,直连
3,K3-G1,660,Q3-T-009,,,1945.2838003206427,1947.9815791800725,直连
3,K3-G1,661,Q3-T-009,,,1947.9815791800725,1947.9815791800725,直连
3,K3-G1,662,Q3-T-009,,,1947.9815791800725,1949.4725864492862,直连
3,K3-G1,663,Q3-T-009,,,1949.4725864492862,1949.4725864492862,直连
3,K3-G1,664,Q3-T-009,,,1949.4725864492862,2159.472586449286,直连
3,K3-G1,665,Q3-T-009,,,2159.472586449286,2159.472586449286,直连
3,K3-G1,666,Q3-T-009,,,2159.472586449286,2160.7150925069645,直连
3,K3-G1,667,Q3-T-009,,,2160.7150925069645,2160.7150925069645,直连
3,K3-G1,668,Q3-T-009,,,2160.7150925069645,2162.963241556489,直连
3,K3-G1,669,Q3-T-009,,,2162.963241556489,2162.963241556489,直连
3,K3-G1,670,Q3-T-009,,,2162.963241556489,2167.9381857781045,直连
3,K3-G1,671,Q3-T-009,,,2167.9381857781045,2167.9381857781045,直连
3,K3-G1,672,Q3-T-009,,,2167.9381857781045,2189.1581231517603,直连
3,K3-G1,673,Q3-T-009,,,2189.1581231517603,2189.1581231517603,直连
3,K3-G1,674,Q3-T-009,,,2189.1581231517603,2244.4818796143063,直连
3,K3-G1,675,Q3-T-009,,,2244.4818796143063,2244.4818796143063,直连
3,K3-G1,676,Q3-T-009,,,2244.4818796143063,2256.810014168775,直连
3,K3-G1,677,Q3-T-009,,,2256.810014168775,2256.810014168775,直连
3,K3-G1,678,Q3-T-009,,,2256.810014168775,2309.6857277061,直连
3,K3-G1,679,Q3-T-009,,,2309.6857277061,2309.6857277061,直连
3,K3-G1,680,Q3-T-009,,,2309.6857277061,2443.6563601116354,直连
3,K3-G1,681,Q3-T-009,,,2443.6563601116354,2443.6563601116354,直连
3,K3-G1,682,Q3-T-009,,,2443.6563601116354,2454.762859482356,直连
3,K3-G1,683,Q3-T-009,,,2454.762859482356,2454.762859482356,直连
3,K3-G1,684,Q3-T-009,,,2454.762859482356,2468.2011613688546,直连
3,K3-G1,685,Q3-T-009,,,2468.2011613688546,2468.2011613688546,直连
3,K3-G1,686,Q3-T-009,,,2468.2011613688546,2479.3757439223077,直连
3,K3-G1,687,Q3-T-009,,,2479.3757439223077,2479.3757439223077,直连
3,K3-G1,688,Q3-T-009,,,2479.3757439223077,2489.1097340607175,直连
3,K3-G1,689,Q3-T-009,,,2489.1097340607175,2489.1097340607175,直连
3,K3-G1,690,Q3-T-009,,,2489.1097340607175,2490.275816838058,直连
3,K3-G1,691,Q3-T-009,,,2490.275816838058,2490.275816838058,直连
3,K3-G1,692,Q3-T-009,,,2490.275816838058,2501.3887880861507,直连
3,K3-G1,693,Q3-T-009,,,2501.3887880861507,2501.3887880861507,直连
3,K3-G1,694,Q3-T-009,,,2501.3887880861507,2501.799004154604,直连
3,K3-G1,695,Q3-T-009,,,2501.799004154604,2501.799004154604,直连
3,K3-G1,696,Q3-T-010,,,1610.899502077302,1610.899502077302,直连
3,K3-G1,697,Q3-T-010,,,1610.899502077302,1611.241348801013,直连
3,K3-G1,698,Q3-T-010,,,1611.241348801013,1611.241348801013,直连
3,K3-G1,699,Q3-T-010,,,1611.241348801013,1620.5021581744238,直连
3,K3-G1,700,Q3-T-010,,,1620.5021581744238,1620.5021581744238,直连
3,K3-G1,701,Q3-T-010,,,1620.5021581744238,1621.4738938222074,直连
3,K3-G1,702,Q3-T-010,,,1621.4738938222074,1621.4738938222074,直连
3,K3-G1,703,Q3-T-010,,,1621.4738938222074,1629.5855522708823,直连
3,K3-G1,704,Q3-T-010,,,1629.5855522708823,1629.5855522708823,直连
3,K3-G1,705,Q3-T-010,,,1629.5855522708823,1638.89770439876,直连
3,K3-G1,706,Q3-T-010,,,1638.89770439876,1638.89770439876,直连
3,K3-G1,707,Q3-T-010,,,1638.89770439876,1659.3517054464426,直连
3,K3-G1,708,Q3-T-010,,,1659.3517054464426,1659.3517054464426,直连
3,K3-G1,709,Q3-T-010,,,1659.3517054464426,1793.322337851978,直连
3,K3-G1,710,Q3-T-010,,,1793.322337851978,1793.322337851978,直连
3,K3-G1,711,Q3-T-010,,,1793.322337851978,1846.1980513893027,直连
3,K3-G1,712,Q3-T-010,,,1846.1980513893027,1846.1980513893027,直连
3,K3-G1,713,Q3-T-010,,,1846.1980513893027,1858.5261859437715,直连
3,K3-G1,714,Q3-T-010,,,1858.5261859437715,1858.5261859437715,直连
3,K3-G1,715,Q3-T-010,,,1858.5261859437715,1913.8499424063175,直连
3,K3-G1,716,Q3-T-010,,,1913.8499424063175,1913.8499424063175,直连
3,K3-G1,717,Q3-T-010,,,1913.8499424063175,1939.313867254704,直连
3,K3-G1,718,Q3-T-010,,,1939.313867254704,1939.313867254704,直连
3,K3-G1,719,Q3-T-010,,,1939.313867254704,1945.2838003206427,直连
3,K3-G1,720,Q3-T-010,,,1945.2838003206427,1945.2838003206427,直连
3,K3-G1,721,Q3-T-010,,,1945.2838003206427,1947.9815791800725,直连
3,K3-G1,722,Q3-T-010,,,1947.9815791800725,1947.9815791800725,直连
3,K3-G1,723,Q3-T-010,,,1947.9815791800725,1949.4725864492862,直连
3,K3-G1,724,Q3-T-010,,,1949.4725864492862,1949.4725864492862,直连
3,K3-G1,725,Q3-T-010,,,1949.4725864492862,2129.472586449286,直连
3,K3-G1,726,Q3-T-010,,,2129.472586449286,2129.472586449286,直连
3,K3-G1,727,Q3-T-010,,,2129.472586449286,2130.7150925069645,直连
3,K3-G1,728,Q3-T-010,,,2130.7150925069645,2130.7150925069645,直连
3,K3-G1,729,Q3-T-010,,,2130.7150925069645,2132.963241556489,直连
3,K3-G1,730,Q3-T-010,,,2132.963241556489,2132.963241556489,直连
3,K3-G1,731,Q3-T-010,,,2132.963241556489,2137.9381857781045,直连
3,K3-G1,732,Q3-T-010,,,2137.9381857781045,2137.9381857781045,直连
3,K3-G1,733,Q3-T-010,,,2137.9381857781045,2196.750769788834,直连
3,K3-G1,734,Q3-T-010,,,2196.750769788834,2196.750769788834,直连
3,K3-G1,735,Q3-T-010,,,2196.750769788834,2211.8324802481143,直连
3,K3-G1,736,Q3-T-010,,,2211.8324802481143,2211.8324802481143,直连
3,K3-G1,737,Q3-T-010,,,2211.8324802481143,2344.181738078408,直连
3,K3-G1,738,Q3-T-010,,,2344.181738078408,2344.181738078408,直连
3,K3-G1,739,Q3-T-010,,,2344.181738078408,2372.8899672679613,直连
3,K3-G1,740,Q3-T-010,,,2372.8899672679613,2372.8899672679613,直连
3,K3-G1,741,Q3-T-010,,,2372.8899672679613,2422.319128458691,直连
3,K3-G1,742,Q3-T-010,,,2422.319128458691,2422.319128458691,直连
3,K3-G1,743,Q3-T-010,Q3-R-002,Q3-R-002@K3-G1,2422.319128458691,2444.2181934192627,中继
3,K3-G1,744,Q3-T-010,Q3-R-002,Q3-R-002@K3-G1,2444.2181934192627,2444.2181934192627,中继
3,K3-G1,745,Q3-T-010,Q3-R-002,Q3-R-002@K3-G1,2444.2181934192627,2451.289067831147,中继
3,K3-G1,746,Q3-T-010,Q3-R-002,Q3-R-002@K3-G1,2451.289067831147,2451.289067831147,中继
3,K3-G1,747,Q3-T-010,Q3-R-002,Q3-R-002@K3-G1,2451.289067831147,2454.762859482356,中继
3,K3-G1,748,Q3-T-010,Q3-R-002,Q3-R-002@K3-G1,2454.762859482356,2454.762859482356,中继
3,K3-G1,749,Q3-T-010,Q3-R-002,Q3-R-002@K3-G1,2454.762859482356,2515.7355564592635,中继
3,K3-G1,750,Q3-T-010,Q3-R-002,Q3-R-002@K3-G1,2515.7355564592635,2515.7355564592635,中继
3,K3-G1,751,Q3-T-010,Q3-R-002,Q3-R-002@K3-G1,2515.7355564592635,2520.990328592093,中继
3,K3-G1,752,Q3-T-010,Q3-R-002,Q3-R-002@K3-G1,2520.990328592093,2520.990328592093,中继
3,K3-G1,753,Q3-T-010,Q3-R-002,Q3-R-002@K3-G1,2520.990328592093,2525.9929161643395,中继
3,K3-G1,754,Q3-T-010,Q3-R-002,Q3-R-002@K3-G1,2525.9929161643395,2525.9929161643395,中继
3,K3-G1,755,Q3-T-010,Q3-R-002,Q3-R-002@K3-G1,2525.9929161643395,2532.4829900762197,中继
3,K3-G1,756,Q3-T-010,Q3-R-002,Q3-R-002@K3-G1,2532.4829900762197,2532.4829900762197,中继
3,K3-G1,757,Q3-T-010,Q3-R-002,Q3-R-002@K3-G1,2532.4829900762197,2546.2253096575773,中继
3,K3-G1,758,Q3-T-010,Q3-R-002,Q3-R-002@K3-G1,2546.2253096575773,2546.2253096575773,中继
3,K3-G1,759,Q3-T-010,Q3-R-002,Q3-R-002@K3-G1,2546.2253096575773,2552.782201150687,中继
3,K3-G1,760,Q3-T-010,Q3-R-002,Q3-R-002@K3-G1,2552.782201150687,2552.782201150687,中继
3,K3-G1,761,Q3-T-010,Q3-R-002,Q3-R-002@K3-G1,2552.782201150687,2732.782201150687,中继
3,K3-G1,762,Q3-T-010,Q3-R-002,Q3-R-002@K3-G1,2732.782201150687,2732.782201150687,中继
3,K3-G1,763,Q3-T-010,Q3-R-002,Q3-R-002@K3-G1,2732.782201150687,2738.2462773949446,中继
3,K3-G1,764,Q3-T-010,Q3-R-002,Q3-R-002@K3-G1,2738.2462773949446,2738.2462773949446,中继
3,K3-G1,765,Q3-T-010,Q3-R-002,Q3-R-002@K3-G1,2738.2462773949446,2749.6982103794094,中继
3,K3-G1,766,Q3-T-010,Q3-R-002,Q3-R-002@K3-G1,2749.6982103794094,2749.6982103794094,中继
3,K3-G1,767,Q3-T-010,Q3-R-002,Q3-R-002@K3-G1,2749.6982103794094,2755.1066053059762,中继
3,K3-G1,768,Q3-T-010,Q3-R-002,Q3-R-002@K3-G1,2755.1066053059762,2755.1066053059762,中继
3,K3-G1,769,Q3-T-010,Q3-R-002,Q3-R-002@K3-G1,2755.1066053059762,2760.794379698864,中继
3,K3-G1,770,Q3-T-010,Q3-R-002,Q3-R-002@K3-G1,2760.794379698864,2760.794379698864,中继
3,K3-G1,771,Q3-T-010,Q3-R-002,Q3-R-002@K3-G1,2760.794379698864,2771.4692839723243,中继
3,K3-G1,772,Q3-T-010,Q3-R-002,Q3-R-002@K3-G1,2771.4692839723243,2771.4692839723243,中继
3,K3-G1,773,Q3-T-010,Q3-R-002,Q3-R-002@K3-G1,2771.4692839723243,2826.6823900245026,中继
3,K3-G1,774,Q3-T-010,Q3-R-002,Q3-R-002@K3-G1,2826.6823900245026,2826.6823900245026,中继
3,K3-G1,775,Q3-T-010,Q3-R-002,Q3-R-002@K3-G1,2826.6823900245026,2830.697629981977,中继
3,K3-G1,776,Q3-T-010,,,2830.697629981977,2830.697629981977,直连
3,K3-G1,777,Q3-T-010,,,2830.697629981977,2902.7665736900717,直连
3,K3-G1,778,Q3-T-010,,,2902.7665736900717,2902.7665736900717,直连
3,K3-G1,779,Q3-T-010,,,2902.7665736900717,3003.2138385946637,直连
3,K3-G1,780,Q3-T-010,,,3003.2138385946637,3003.2138385946637,直连
3,K3-G1,781,Q3-T-010,,,3003.2138385946637,3011.135604465911,直连
3,K3-G1,782,Q3-T-010,,,3011.135604465911,3011.135604465911,直连
3,K3-G1,783,Q3-T-010,,,3011.135604465911,3159.502284002529,直连
3,K3-G1,784,Q3-T-010,,,3159.502284002529,3159.502284002529,直连
3,K3-G1,785,Q3-T-010,,,3159.502284002529,3190.571916040055,直连
3,K3-G1,786,Q3-T-010,,,3190.571916040055,3190.571916040055,直连
3,K3-G1,787,Q3-T-010,,,3190.571916040055,3249.079055474592,直连
3,K3-G1,788,Q3-T-010,,,3249.079055474592,3249.079055474592,直连
3,K3-G1,789,Q3-T-010,,,3249.079055474592,3260.2536380280453,直连
3,K3-G1,790,Q3-T-010,,,3260.2536380280453,3260.2536380280453,直连
3,K3-G1,791,Q3-T-010,,,3260.2536380280453,3269.987628166455,直连
3,K3-G1,792,Q3-T-010,,,3269.987628166455,3269.987628166455,直连
3,K3-G1,793,Q3-T-010,,,3269.987628166455,3271.1537109437954,直连
3,K3-G1,794,Q3-T-010,,,3271.1537109437954,3271.1537109437954,直连
3,K3-G1,795,Q3-T-010,,,3271.1537109437954,3282.2666821918883,直连
3,K3-G1,796,Q3-T-010,,,3282.2666821918883,3282.2666821918883,直连
3,K3-G1,797,Q3-T-010,,,3282.2666821918883,3282.6768982603417,直连
3,K3-G1,798,Q3-T-010,,,3282.6768982603417,3282.6768982603417,直连
3,K3-G1,799,Q3-T-011,,,2101.5538679616766,2101.5538679616766,直连
3,K3-G1,800,Q3-T-011,,,2101.5538679616766,2101.96408403013,直连
3,K3-G1,801,Q3-T-011,,,2101.96408403013,2101.96408403013,直连
3,K3-G1,802,Q3-T-011,,,2101.96408403013,2113.077055278223,直连
3,K3-G1,803,Q3-T-011,,,2113.077055278223,2113.077055278223,直连
3,K3-G1,804,Q3-T-011,,,2113.077055278223,2114.243138055563,直连
3,K3-G1,805,Q3-T-011,,,2114.243138055563,2114.243138055563,直连
3,K3-G1,806,Q3-T-011,,,2114.243138055563,2123.977128193973,直连
3,K3-G1,807,Q3-T-011,,,2123.977128193973,2123.977128193973,直连
3,K3-G1,808,Q3-T-011,,,2123.977128193973,2135.151710747426,直连
3,K3-G1,809,Q3-T-011,,,2135.151710747426,2135.151710747426,直连
3,K3-G1,810,Q3-T-011,,,2135.151710747426,2159.6965120046452,直连
3,K3-G1,811,Q3-T-011,,,2159.6965120046452,2159.6965120046452,直连
3,K3-G1,812,Q3-T-011,,,2159.6965120046452,2266.8730179290737,直连
3,K3-G1,813,Q3-T-011,,,2266.8730179290737,2266.8730179290737,直连
3,K3-G1,814,Q3-T-011,,,2266.8730179290737,2309.1735887589334,直连
3,K3-G1,815,Q3-T-011,,,2309.1735887589334,2309.1735887589334,直连
3,K3-G1,816,Q3-T-011,,,2309.1735887589334,2319.0360964025085,直连
3,K3-G1,817,Q3-T-011,,,2319.0360964025085,2319.0360964025085,直连
3,K3-G1,818,Q3-T-011,,,2319.0360964025085,2363.2951015725453,直连
3,K3-G1,819,Q3-T-011,,,2363.2951015725453,2363.2951015725453,直连
3,K3-G1,820,Q3-T-011,,,2363.2951015725453,2395.1250076330284,直连
3,K3-G1,821,Q3-T-011,,,2395.1250076330284,2395.1250076330284,直连
3,K3-G1,822,Q3-T-011,,,2395.1250076330284,2402.5874239654518,直连
3,K3-G1,823,Q3-T-011,,,2402.5874239654518,2402.5874239654518,直连
3,K3-G1,824,Q3-T-011,,,2402.5874239654518,2405.959647539739,直连
3,K3-G1,825,Q3-T-011,,,2405.959647539739,2405.959647539739,直连
3,K3-G1,826,Q3-T-011,,,2405.959647539739,2407.823406626256,直连
3,K3-G1,827,Q3-T-011,,,2407.823406626256,2407.823406626256,直连
3,K3-G1,828,Q3-T-011,,,2407.823406626256,2454.762859482356,直连
3,K3-G1,829,Q3-T-011,,,2454.762859482356,2454.762859482356,直连
3,K3-G1,830,Q3-T-011,,,2454.762859482356,2659.823406626256,直连
3,K3-G1,831,Q3-T-011,,,2659.823406626256,2659.823406626256,直连
3,K3-G1,832,Q3-T-011,,,2659.823406626256,2661.31441389547,直连
3,K3-G1,833,Q3-T-011,,,2661.31441389547,2661.31441389547,直连
3,K3-G1,834,Q3-T-011,,,2661.31441389547,2664.0121927549,直连
3,K3-G1,835,Q3-T-011,,,2664.0121927549,2664.0121927549,直连
3,K3-G1,836,Q3-T-011,,,2664.0121927549,2669.9821258208385,直连
3,K3-G1,837,Q3-T-011,,,2669.9821258208385,2669.9821258208385,直连
3,K3-G1,838,Q3-T-011,,,2669.9821258208385,2709.921343637975,直连
3,K3-G1,839,Q3-T-011,,,2709.921343637975,2709.921343637975,直连
3,K3-G1,840,Q3-T-011,,,2709.921343637975,2769.934459734842,直连
3,K3-G1,841,Q3-T-011,,,2769.934459734842,2769.934459734842,直连
3,K3-G1,842,Q3-T-011,Q3-R-002,Q3-R-002@K3-G1,2769.934459734842,2834.613497416849,中继
3,K3-G1,843,Q3-T-011,Q3-R-002,Q3-R-002@K3-G1,2834.613497416849,2834.613497416849,中继
3,K3-G1,844,Q3-T-011,Q3-R-002,Q3-R-002@K3-G1,2834.613497416849,2867.930327328436,中继
3,K3-G1,845,Q3-T-011,Q3-R-002,Q3-R-002@K3-G1,2867.930327328436,2867.930327328436,中继
3,K3-G1,846,Q3-T-011,Q3-R-002,Q3-R-002@K3-G1,2867.930327328436,2901.6848703944424,中继
3,K3-G1,847,Q3-T-011,Q3-R-002,Q3-R-002@K3-G1,2901.6848703944424,2901.6848703944424,中继
3,K3-G1,848,Q3-T-011,Q3-R-002,Q3-R-002@K3-G1,2901.6848703944424,2904.0269584292328,中继
3,K3-G1,849,Q3-T-011,Q3-R-002,Q3-R-002@K3-G1,2904.0269584292328,2904.0269584292328,中继
3,K3-G1,850,Q3-T-011,Q3-R-002,Q3-R-002@K3-G1,2904.0269584292328,2906.941729443823,中继
3,K3-G1,851,Q3-T-011,Q3-R-002,Q3-R-002@K3-G1,2906.941729443823,2906.941729443823,中继
3,K3-G1,852,Q3-T-011,Q3-R-003,Q3-R-003@K3-G1,2906.941729443823,2912.301129662562,中继
3,K3-G1,853,Q3-T-011,Q3-R-003,Q3-R-003@K3-G1,2912.301129662562,2912.301129662562,中继
3,K3-G1,854,Q3-T-011,Q3-R-003,Q3-R-003@K3-G1,2912.301129662562,2921.2429336594764,中继
3,K3-G1,855,Q3-T-011,Q3-R-003,Q3-R-003@K3-G1,2921.2429336594764,2921.2429336594764,中继
3,K3-G1,856,Q3-T-011,Q3-R-003,Q3-R-003@K3-G1,2921.2429336594764,2922.6663113577856,中继
3,K3-G1,857,Q3-T-011,Q3-R-003,Q3-R-003@K3-G1,2922.6663113577856,2922.6663113577856,中继
3,K3-G1,858,Q3-T-011,Q3-R-003,Q3-R-003@K3-G1,2922.6663113577856,2968.0084244181817,中继
3,K3-G1,859,Q3-T-011,Q3-R-003,Q3-R-003@K3-G1,2968.0084244181817,2968.0084244181817,中继
3,K3-G1,860,Q3-T-011,Q3-R-003,Q3-R-003@K3-G1,2968.0084244181817,3000.6278462478876,中继
3,K3-G1,861,Q3-T-011,Q3-R-003,Q3-R-003@K3-G1,3000.6278462478876,3000.6278462478876,中继
3,K3-G1,862,Q3-T-011,Q3-R-003,Q3-R-003@K3-G1,3000.6278462478876,3005.904951576033,中继
3,K3-G1,863,Q3-T-011,Q3-R-003,Q3-R-003@K3-G1,3005.904951576033,3005.904951576033,中继
3,K3-G1,864,Q3-T-011,Q3-R-003,Q3-R-003@K3-G1,3005.904951576033,3024.7722820060444,中继
3,K3-G1,865,Q3-T-011,Q3-R-003,Q3-R-003@K3-G1,3024.7722820060444,3024.7722820060444,中继
3,K3-G1,866,Q3-T-011,Q3-R-003,Q3-R-003@K3-G1,3024.7722820060444,3045.500267512536,中继
3,K3-G1,867,Q3-T-011,Q3-R-003,Q3-R-003@K3-G1,3045.500267512536,3045.500267512536,中继
3,K3-G1,868,Q3-T-011,Q3-R-003,Q3-R-003@K3-G1,3045.500267512536,3190.571916040055,中继
3,K3-G1,869,Q3-T-011,Q3-R-003,Q3-R-003@K3-G1,3190.571916040055,3190.571916040055,中继
3,K3-G1,870,Q3-T-011,Q3-R-003,Q3-R-003@K3-G1,3190.571916040055,3441.500267512536,中继
3,K3-G1,871,Q3-T-011,Q3-R-003,Q3-R-003@K3-G1,3441.500267512536,3441.500267512536,中继
3,K3-G1,872,Q3-T-011,Q3-R-003,Q3-R-003@K3-G1,3441.500267512536,3458.0826559177294,中继
3,K3-G1,873,Q3-T-011,Q3-R-003,Q3-R-003@K3-G1,3458.0826559177294,3458.0826559177294,中继
3,K3-G1,874,Q3-T-011,Q3-R-003,Q3-R-003@K3-G1,3458.0826559177294,3473.1765202617385,中继
3,K3-G1,875,Q3-T-011,Q3-R-003,Q3-R-003@K3-G1,3473.1765202617385,3473.1765202617385,中继
3,K3-G1,876,Q3-T-011,Q3-R-003,Q3-R-003@K3-G1,3473.1765202617385,3477.2819691726922,中继
3,K3-G1,877,Q3-T-011,Q3-R-003,Q3-R-003@K3-G1,3477.2819691726922,3477.2819691726922,中继
3,K3-G1,878,Q3-T-011,Q3-R-003,Q3-R-003@K3-G1,3477.2819691726922,3509.0454937627483,中继
3,K3-G1,879,Q3-T-011,Q3-R-003,Q3-R-003@K3-G1,3509.0454937627483,3509.0454937627483,中继
3,K3-G1,880,Q3-T-011,Q3-R-003,Q3-R-003@K3-G1,3509.0454937627483,3550.5550919335606,中继
3,K3-G1,881,Q3-T-011,Q3-R-003,Q3-R-003@K3-G1,3550.5550919335606,3550.5550919335606,中继
3,K3-G1,882,Q3-T-011,Q3-R-003,Q3-R-003@K3-G1,3550.5550919335606,3557.388371995142,中继
3,K3-G1,883,Q3-T-011,Q3-R-003,Q3-R-003@K3-G1,3557.388371995142,3557.388371995142,中继
3,K3-G1,884,Q3-T-011,Q3-R-003,Q3-R-003@K3-G1,3557.388371995142,3566.24764158759,中继
3,K3-G1,885,Q3-T-011,Q3-R-003,Q3-R-003@K3-G1,3566.24764158759,3566.24764158759,中继
3,K3-G1,886,Q3-T-011,Q3-R-003,Q3-R-003@K3-G1,3566.24764158759,3573.2999570596958,中继
3,K3-G1,887,Q3-T-011,Q3-R-003,Q3-R-003@K3-G1,3573.2999570596958,3573.2999570596958,中继
3,K3-G1,888,Q3-T-011,Q3-R-003,Q3-R-003@K3-G1,3573.2999570596958,3574.4164831006365,中继
3,K3-G1,889,Q3-T-011,Q3-R-003,Q3-R-003@K3-G1,3574.4164831006365,3574.4164831006365,中继
3,K3-G1,890,Q3-T-011,Q3-R-003,Q3-R-003@K3-G1,3574.4164831006365,3575.035762689663,中继
3,K3-G1,891,Q3-T-011,Q3-R-003,Q3-R-003@K3-G1,3575.035762689663,3575.035762689663,中继
3,K3-G1,892,Q3-T-011,Q3-R-003,Q3-R-003@K3-G1,3575.035762689663,3609.7315511045404,中继
3,K3-G1,893,Q3-T-011,Q3-R-003,Q3-R-003@K3-G1,3609.7315511045404,3609.7315511045404,中继
3,K3-G1,894,Q3-T-011,Q3-R-003,Q3-R-003@K3-G1,3609.7315511045404,3653.92336498019,中继
3,K3-G1,895,Q3-T-011,Q3-R-003,Q3-R-003@K3-G1,3653.92336498019,3653.92336498019,中继
3,K3-G1,896,Q3-T-011,Q3-R-003,Q3-R-003@K3-G1,3653.92336498019,3707.8433954663597,中继
3,K3-G1,897,Q3-T-011,,,3707.8433954663597,3707.8433954663597,直连
3,K3-G1,898,Q3-T-011,,,3707.8433954663597,3818.0919434853586,直连
3,K3-G1,899,Q3-T-011,,,3818.0919434853586,3818.0919434853586,直连
3,K3-G1,900,Q3-T-011,,,3818.0919434853586,3971.3693328449713,直连
3,K3-G1,901,Q3-T-011,,,3971.3693328449713,3971.3693328449713,直连
3,K3-G1,902,Q3-T-011,,,3971.3693328449713,4019.9991564379798,直连
3,K3-G1,903,Q3-T-011,,,4019.9991564379798,4019.9991564379798,直连
3,K3-G1,904,Q3-T-011,,,4019.9991564379798,4033.967384629796,直连
3,K3-G1,905,Q3-T-011,,,4033.967384629796,4033.967384629796,直连
3,K3-G1,906,Q3-T-011,,,4033.967384629796,4046.1348723028086,直连
3,K3-G1,907,Q3-T-011,,,4046.1348723028086,4046.1348723028086,直连
3,K3-G1,908,Q3-T-011,,,4046.1348723028086,4047.592475774484,直连
3,K3-G1,909,Q3-T-011,,,4047.592475774484,4047.592475774484,直连
3,K3-G1,910,Q3-T-011,,,4047.592475774484,4061.4836898346,直连
3,K3-G1,911,Q3-T-011,,,4061.4836898346,4061.4836898346,直连
3,K3-G1,912,Q3-T-011,,,4061.4836898346,4061.9964599201667,直连
3,K3-G1,913,Q3-T-011,,,4061.9964599201667,4061.9964599201667,直连
3,K3-G1,914,Q3-T-012,,,1936.2753989802832,1936.2753989802832,直连
3,K3-G1,915,Q3-T-012,,,1936.2753989802832,1936.617245703994,直连
3,K3-G1,916,Q3-T-012,,,1936.617245703994,1936.617245703994,直连
3,K3-G1,917,Q3-T-012,,,1936.617245703994,1945.878055077405,直连
3,K3-G1,918,Q3-T-012,,,1945.878055077405,1945.878055077405,直连
3,K3-G1,919,Q3-T-012,,,1945.878055077405,1946.8497907251885,直连
3,K3-G1,920,Q3-T-012,,,1946.8497907251885,1946.8497907251885,直连
3,K3-G1,921,Q3-T-012,,,1946.8497907251885,1954.9614491738635,直连
3,K3-G1,922,Q3-T-012,,,1954.9614491738635,1954.9614491738635,直连
3,K3-G1,923,Q3-T-012,,,1954.9614491738635,1964.273601301741,直连
3,K3-G1,924,Q3-T-012,,,1964.273601301741,1964.273601301741,直连
3,K3-G1,925,Q3-T-012,,,1964.273601301741,2038.9209108617936,直连
3,K3-G1,926,Q3-T-012,,,2038.9209108617936,2038.9209108617936,直连
3,K3-G1,927,Q3-T-012,,,2038.9209108617936,2157.6142544910876,直连
3,K3-G1,928,Q3-T-012,,,2157.6142544910876,2157.6142544910876,直连
3,K3-G1,929,Q3-T-012,,,2157.6142544910876,2163.9516671880856,直连
3,K3-G1,930,Q3-T-012,,,2163.9516671880856,2163.9516671880856,直连
3,K3-G1,931,Q3-T-012,,,2163.9516671880856,2244.309479111759,直连
3,K3-G1,932,Q3-T-012,,,2244.309479111759,2244.309479111759,直连
3,K3-G1,933,Q3-T-012,,,2244.309479111759,2301.964634078235,直连
3,K3-G1,934,Q3-T-012,,,2301.964634078235,2301.964634078235,直连
3,K3-G1,935,Q3-T-012,Q3-R-002,Q3-R-002@K3-G1,2301.964634078235,2305.1768260442145,中继
3,K3-G1,936,Q3-T-012,Q3-R-002,Q3-R-002@K3-G1,2305.1768260442145,2305.1768260442145,中继
3,K3-G1,937,Q3-T-012,Q3-R-002,Q3-R-002@K3-G1,2305.1768260442145,2349.347310885957,中继
3,K3-G1,938,Q3-T-012,Q3-R-002,Q3-R-002@K3-G1,2349.347310885957,2349.347310885957,中继
3,K3-G1,939,Q3-T-012,Q3-R-002,Q3-R-002@K3-G1,2349.347310885957,2357.8872343047256,中继
3,K3-G1,940,Q3-T-012,Q3-R-002,Q3-R-002@K3-G1,2357.8872343047256,2357.8872343047256,中继
3,K3-G1,941,Q3-T-012,Q3-R-002,Q3-R-002@K3-G1,2357.8872343047256,2364.712563576191,中继
3,K3-G1,942,Q3-T-012,Q3-R-002,Q3-R-002@K3-G1,2364.712563576191,2364.712563576191,中继
3,K3-G1,943,Q3-T-012,Q3-R-002,Q3-R-002@K3-G1,2364.712563576191,2371.2026374880706,中继
3,K3-G1,944,Q3-T-012,Q3-R-002,Q3-R-002@K3-G1,2371.2026374880706,2371.2026374880706,中继
3,K3-G1,945,Q3-T-012,Q3-R-002,Q3-R-002@K3-G1,2371.2026374880706,2384.9449570694283,中继
3,K3-G1,946,Q3-T-012,Q3-R-002,Q3-R-002@K3-G1,2384.9449570694283,2384.9449570694283,中继
3,K3-G1,947,Q3-T-012,Q3-R-002,Q3-R-002@K3-G1,2384.9449570694283,2391.501848562538,中继
3,K3-G1,948,Q3-T-012,Q3-R-002,Q3-R-002@K3-G1,2391.501848562538,2391.501848562538,中继
3,K3-G1,949,Q3-T-012,Q3-R-002,Q3-R-002@K3-G1,2391.501848562538,2454.762859482356,中继
3,K3-G1,950,Q3-T-012,Q3-R-002,Q3-R-002@K3-G1,2454.762859482356,2454.762859482356,中继
3,K3-G1,951,Q3-T-012,Q3-R-002,Q3-R-002@K3-G1,2454.762859482356,2571.501848562538,中继
3,K3-G1,952,Q3-T-012,Q3-R-002,Q3-R-002@K3-G1,2571.501848562538,2571.501848562538,中继
3,K3-G1,953,Q3-T-012,Q3-R-002,Q3-R-002@K3-G1,2571.501848562538,2576.9659248067956,中继
3,K3-G1,954,Q3-T-012,Q3-R-002,Q3-R-002@K3-G1,2576.9659248067956,2576.9659248067956,中继
3,K3-G1,955,Q3-T-012,Q3-R-002,Q3-R-002@K3-G1,2576.9659248067956,2588.4178577912603,中继
3,K3-G1,956,Q3-T-012,Q3-R-002,Q3-R-002@K3-G1,2588.4178577912603,2588.4178577912603,中继
3,K3-G1,957,Q3-T-012,Q3-R-002,Q3-R-002@K3-G1,2588.4178577912603,2593.826252717827,中继
3,K3-G1,958,Q3-T-012,Q3-R-002,Q3-R-002@K3-G1,2593.826252717827,2593.826252717827,中继
3,K3-G1,959,Q3-T-012,Q3-R-002,Q3-R-002@K3-G1,2593.826252717827,2633.489704600949,中继
3,K3-G1,960,Q3-T-012,Q3-R-002,Q3-R-002@K3-G1,2633.489704600949,2633.489704600949,中继
3,K3-G1,961,Q3-T-012,Q3-R-002,Q3-R-002@K3-G1,2633.489704600949,2705.333063183331,中继
3,K3-G1,962,Q3-T-012,Q3-R-002,Q3-R-002@K3-G1,2705.333063183331,2705.333063183331,中继
3,K3-G1,963,Q3-T-012,Q3-R-002,Q3-R-002@K3-G1,2705.333063183331,2713.122704680968,中继
3,K3-G1,964,Q3-T-012,Q3-R-002,Q3-R-002@K3-G1,2713.122704680968,2713.122704680968,中继
3,K3-G1,965,Q3-T-012,Q3-R-002,Q3-R-002@K3-G1,2713.122704680968,2718.1709416704257,中继
3,K3-G1,966,Q3-T-012,Q3-R-002,Q3-R-002@K3-G1,2718.1709416704257,2718.1709416704257,中继
3,K3-G1,967,Q3-T-012,Q3-R-002,Q3-R-002@K3-G1,2718.1709416704257,2719.423337628783,中继
3,K3-G1,968,Q3-T-012,Q3-R-002,Q3-R-002@K3-G1,2719.423337628783,2719.423337628783,中继
3,K3-G1,969,Q3-T-012,Q3-R-002,Q3-R-002@K3-G1,2719.423337628783,2733.776308320908,中继
3,K3-G1,970,Q3-T-012,Q3-R-002,Q3-R-002@K3-G1,2733.776308320908,2733.776308320908,中继
3,K3-G1,971,Q3-T-012,Q3-R-002,Q3-R-002@K3-G1,2733.776308320908,2735.4598922326595,中继
3,K3-G1,972,Q3-T-012,Q3-R-002,Q3-R-002@K3-G1,2735.4598922326595,2735.4598922326595,中继
3,K3-G1,973,Q3-T-012,Q3-R-002,Q3-R-002@K3-G1,2735.4598922326595,2740.21794045402,中继
3,K3-G1,974,Q3-T-012,Q3-R-002,Q3-R-002@K3-G1,2740.21794045402,2740.21794045402,中继
3,K3-G1,975,Q3-T-012,Q3-R-002,Q3-R-002@K3-G1,2740.21794045402,2750.369118152261,中继
3,K3-G1,976,Q3-T-012,Q3-R-002,Q3-R-002@K3-G1,2750.369118152261,2750.369118152261,中继
3,K3-G1,977,Q3-T-012,Q3-R-002,Q3-R-002@K3-G1,2750.369118152261,2824.9945453983546,中继
3,K3-G1,978,Q3-T-012,Q3-R-002,Q3-R-002@K3-G1,2824.9945453983546,2824.9945453983546,中继
3,K3-G1,979,Q3-T-012,Q3-R-002,Q3-R-002@K3-G1,2824.9945453983546,3004.9945453983546,中继
3,K3-G1,980,Q3-T-012,Q3-R-002,Q3-R-002@K3-G1,3004.9945453983546,3004.9945453983546,中继
3,K3-G1,981,Q3-T-012,Q3-R-002,Q3-R-002@K3-G1,3004.9945453983546,3068.323182612513,中继
3,K3-G1,982,Q3-T-012,Q3-R-002,Q3-R-002@K3-G1,3068.323182612513,3068.323182612513,中继
3,K3-G1,983,Q3-T-012,Q3-R-002,Q3-R-002@K3-G1,3068.323182612513,3071.584145352885,中继
3,K3-G1,984,Q3-T-012,Q3-R-002,Q3-R-002@K3-G1,3071.584145352885,3071.584145352885,中继
3,K3-G1,985,Q3-T-012,Q3-R-002,Q3-R-002@K3-G1,3071.584145352885,3074.2223630330336,中继
3,K3-G1,986,Q3-T-012,Q3-R-002,Q3-R-002@K3-G1,3074.2223630330336,3074.2223630330336,中继
3,K3-G1,987,Q3-T-012,Q3-R-002,Q3-R-002@K3-G1,3074.2223630330336,3085.310341296792,中继
3,K3-G1,988,Q3-T-012,Q3-R-002,Q3-R-002@K3-G1,3085.310341296792,3085.310341296792,中继
3,K3-G1,989,Q3-T-012,Q3-R-002,Q3-R-002@K3-G1,3085.310341296792,3184.5289799133247,中继
3,K3-G1,990,Q3-T-012,,,3184.5289799133247,3184.5289799133247,直连
3,K3-G1,991,Q3-T-012,,,3184.5289799133247,3190.571916040055,直连
3,K3-G1,992,Q3-T-012,,,3190.571916040055,3190.571916040055,直连
3,K3-G1,993,Q3-T-012,,,3190.571916040055,3202.3666064785657,直连
3,K3-G1,994,Q3-T-012,,,3202.3666064785657,3202.3666064785657,直连
3,K3-G1,995,Q3-T-012,,,3202.3666064785657,3236.4314578845415,直连
3,K3-G1,996,Q3-T-012,,,3236.4314578845415,3236.4314578845415,直连
3,K3-G1,997,Q3-T-012,,,3236.4314578845415,3262.1610468091003,直连
3,K3-G1,998,Q3-T-012,,,3262.1610468091003,3262.1610468091003,直连
3,K3-G1,999,Q3-T-012,,,3262.1610468091003,3312.399497616779,直连
3,K3-G1,1000,Q3-T-012,,,3312.399497616779,3312.399497616779,直连
3,K3-G1,1001,Q3-T-012,,,3312.399497616779,3357.6622869976163,直连
3,K3-G1,1002,Q3-T-012,,,3357.6622869976163,3357.6622869976163,直连
3,K3-G1,1003,Q3-T-012,,,3357.6622869976163,3446.6171318443703,直连
3,K3-G1,1004,Q3-T-012,,,3446.6171318443703,3446.6171318443703,直连
3,K3-G1,1005,Q3-T-012,,,3446.6171318443703,3598.718244136746,直连
3,K3-G1,1006,Q3-T-012,,,3598.718244136746,3598.718244136746,直连
3,K3-G1,1007,Q3-T-012,,,3598.718244136746,3609.892826690199,直连
3,K3-G1,1008,Q3-T-012,,,3609.892826690199,3609.892826690199,直连
3,K3-G1,1009,Q3-T-012,,,3609.892826690199,3619.6268168286088,直连
3,K3-G1,1010,Q3-T-012,,,3619.6268168286088,3619.6268168286088,直连
3,K3-G1,1011,Q3-T-012,,,3619.6268168286088,3620.792899605949,直连
3,K3-G1,1012,Q3-T-012,,,3620.792899605949,3620.792899605949,直连
3,K3-G1,1013,Q3-T-012,,,3620.792899605949,3631.9058708540424,直连
3,K3-G1,1014,Q3-T-012,,,3631.9058708540424,3631.9058708540424,直连
3,K3-G1,1015,Q3-T-012,,,3631.9058708540424,3632.3160869224953,直连
3,K3-G1,1016,Q3-T-012,,,3632.3160869224953,3632.3160869224953,直连
3,K3-G1,1017,Q3-T-013,,,1996.2753989802832,1996.2753989802832,直连
3,K3-G1,1018,Q3-T-013,,,1996.2753989802832,1996.617245703994,直连
3,K3-G1,1019,Q3-T-013,,,1996.617245703994,1996.617245703994,直连
3,K3-G1,1020,Q3-T-013,,,1996.617245703994,2005.878055077405,直连
3,K3-G1,1021,Q3-T-013,,,2005.878055077405,2005.878055077405,直连
3,K3-G1,1022,Q3-T-013,,,2005.878055077405,2006.8497907251885,直连
3,K3-G1,1023,Q3-T-013,,,2006.8497907251885,2006.8497907251885,直连
3,K3-G1,1024,Q3-T-013,,,2006.8497907251885,2014.9614491738635,直连
3,K3-G1,1025,Q3-T-013,,,2014.9614491738635,2014.9614491738635,直连
3,K3-G1,1026,Q3-T-013,,,2014.9614491738635,2024.273601301741,直连
3,K3-G1,1027,Q3-T-013,,,2024.273601301741,2024.273601301741,直连
3,K3-G1,1028,Q3-T-013,,,2024.273601301741,2056.69348369708,直连
3,K3-G1,1029,Q3-T-013,,,2056.69348369708,2056.69348369708,直连
3,K3-G1,1030,Q3-T-013,,,2056.69348369708,2209.9708730566927,直连
3,K3-G1,1031,Q3-T-013,,,2209.9708730566927,2209.9708730566927,直连
3,K3-G1,1032,Q3-T-013,,,2209.9708730566927,2320.2194210756916,直连
3,K3-G1,1033,Q3-T-013,,,2320.2194210756916,2320.2194210756916,直连
3,K3-G1,1034,Q3-T-013,Q3-R-002,Q3-R-002@K3-G1,2320.2194210756916,2374.1394515618613,中继
3,K3-G1,1035,Q3-T-013,Q3-R-002,Q3-R-002@K3-G1,2374.1394515618613,2374.1394515618613,中继
3,K3-G1,1036,Q3-T-013,Q3-R-002,Q3-R-002@K3-G1,2374.1394515618613,2418.331265437511,中继
3,K3-G1,1037,Q3-T-013,Q3-R-002,Q3-R-002@K3-G1,2418.331265437511,2418.331265437511,中继
3,K3-G1,1038,Q3-T-013,Q3-R-002,Q3-R-002@K3-G1,2418.331265437511,2453.0270538523882,中继
3,K3-G1,1039,Q3-T-013,Q3-R-002,Q3-R-002@K3-G1,2453.0270538523882,2453.0270538523882,中继
3,K3-G1,1040,Q3-T-013,Q3-R-002,Q3-R-002@K3-G1,2453.0270538523882,2453.6463334414148,中继
3,K3-G1,1041,Q3-T-013,Q3-R-002,Q3-R-002@K3-G1,2453.6463334414148,2453.6463334414148,中继
3,K3-G1,1042,Q3-T-013,Q3-R-002,Q3-R-002@K3-G1,2453.6463334414148,2454.7628594823555,中继
3,K3-G1,1043,Q3-T-013,Q3-R-002,Q3-R-002@K3-G1,2454.7628594823555,2454.7628594823555,中继
3,K3-G1,1044,Q3-T-013,Q3-R-003,Q3-R-003@K3-G1,2454.762859482356,2461.8151749544613,中继
3,K3-G1,1045,Q3-T-013,Q3-R-003,Q3-R-003@K3-G1,2461.8151749544613,2461.8151749544613,中继
3,K3-G1,1046,Q3-T-013,Q3-R-003,Q3-R-003@K3-G1,2461.8151749544613,2470.6744445469094,中继
3,K3-G1,1047,Q3-T-013,Q3-R-003,Q3-R-003@K3-G1,2470.6744445469094,2470.6744445469094,中继
3,K3-G1,1048,Q3-T-013,Q3-R-003,Q3-R-003@K3-G1,2470.6744445469094,2477.507724608491,中继
3,K3-G1,1049,Q3-T-013,Q3-R-003,Q3-R-003@K3-G1,2477.507724608491,2477.507724608491,中继
3,K3-G1,1050,Q3-T-013,Q3-R-003,Q3-R-003@K3-G1,2477.507724608491,2519.017322779303,中继
3,K3-G1,1051,Q3-T-013,Q3-R-003,Q3-R-003@K3-G1,2519.017322779303,2519.017322779303,中继
3,K3-G1,1052,Q3-T-013,Q3-R-003,Q3-R-003@K3-G1,2519.017322779303,2550.780847369359,中继
3,K3-G1,1053,Q3-T-013,Q3-R-003,Q3-R-003@K3-G1,2550.780847369359,2550.780847369359,中继
3,K3-G1,1054,Q3-T-013,Q3-R-003,Q3-R-003@K3-G1,2550.780847369359,2554.8862962803128,中继
3,K3-G1,1055,Q3-T-013,Q3-R-003,Q3-R-003@K3-G1,2554.8862962803128,2554.8862962803128,中继
3,K3-G1,1056,Q3-T-013,Q3-R-003,Q3-R-003@K3-G1,2554.8862962803128,2569.980160624322,中继
3,K3-G1,1057,Q3-T-013,Q3-R-003,Q3-R-003@K3-G1,2569.980160624322,2569.980160624322,中继
3,K3-G1,1058,Q3-T-013,Q3-R-003,Q3-R-003@K3-G1,2569.980160624322,2586.562549029515,中继
3,K3-G1,1059,Q3-T-013,Q3-R-003,Q3-R-003@K3-G1,2586.562549029515,2586.562549029515,中继
3,K3-G1,1060,Q3-T-013,Q3-R-003,Q3-R-003@K3-G1,2586.562549029515,2796.562549029515,中继
3,K3-G1,1061,Q3-T-013,Q3-R-003,Q3-R-003@K3-G1,2796.562549029515,2796.562549029515,中继
3,K3-G1,1062,Q3-T-013,Q3-R-003,Q3-R-003@K3-G1,2796.562549029515,2810.3812060338432,中继
3,K3-G1,1063,Q3-T-013,Q3-R-003,Q3-R-003@K3-G1,2810.3812060338432,2810.3812060338432,中继
3,K3-G1,1064,Q3-T-013,Q3-R-003,Q3-R-003@K3-G1,2810.3812060338432,2822.959426320517,中继
3,K3-G1,1065,Q3-T-013,Q3-R-003,Q3-R-003@K3-G1,2822.959426320517,2822.959426320517,中继
3,K3-G1,1066,Q3-T-013,Q3-R-003,Q3-R-003@K3-G1,2822.959426320517,2826.380633746312,中继
3,K3-G1,1067,Q3-T-013,Q3-R-003,Q3-R-003@K3-G1,2826.380633746312,2826.380633746312,中继
3,K3-G1,1068,Q3-T-013,Q3-R-003,Q3-R-003@K3-G1,2826.380633746312,2858.144158336368,中继
3,K3-G1,1069,Q3-T-013,Q3-R-003,Q3-R-003@K3-G1,2858.144158336368,2858.144158336368,中继
3,K3-G1,1070,Q3-T-013,Q3-R-003,Q3-R-003@K3-G1,2858.144158336368,2899.6537565071803,中继
3,K3-G1,1071,Q3-T-013,Q3-R-003,Q3-R-003@K3-G1,2899.6537565071803,2899.6537565071803,中继
3,K3-G1,1072,Q3-T-013,Q3-R-003,Q3-R-003@K3-G1,2899.6537565071803,2906.4870365687616,中继
3,K3-G1,1073,Q3-T-013,Q3-R-003,Q3-R-003@K3-G1,2906.4870365687616,2906.4870365687616,中继
3,K3-G1,1074,Q3-T-013,Q3-R-003,Q3-R-003@K3-G1,2906.4870365687616,2915.3463061612097,中继
3,K3-G1,1075,Q3-T-013,Q3-R-003,Q3-R-003@K3-G1,2915.3463061612097,2915.3463061612097,中继
3,K3-G1,1076,Q3-T-013,Q3-R-003,Q3-R-003@K3-G1,2915.3463061612097,2922.3986216333155,中继
3,K3-G1,1077,Q3-T-013,Q3-R-002,Q3-R-002@K3-G1,2922.3986216333155,2922.3986216333155,中继
3,K3-G1,1078,Q3-T-013,Q3-R-002,Q3-R-002@K3-G1,2922.3986216333155,2923.5151476742562,中继
3,K3-G1,1079,Q3-T-013,Q3-R-002,Q3-R-002@K3-G1,2923.5151476742562,2923.5151476742562,中继
3,K3-G1,1080,Q3-T-013,Q3-R-002,Q3-R-002@K3-G1,2923.5151476742562,2924.1344272632828,中继
3,K3-G1,1081,Q3-T-013,Q3-R-002,Q3-R-002@K3-G1,2924.1344272632828,2924.1344272632828,中继
3,K3-G1,1082,Q3-T-013,Q3-R-002,Q3-R-002@K3-G1,2924.1344272632828,2958.83021567816,中继
3,K3-G1,1083,Q3-T-013,Q3-R-002,Q3-R-002@K3-G1,2958.83021567816,2958.83021567816,中继
3,K3-G1,1084,Q3-T-013,Q3-R-002,Q3-R-002@K3-G1,2958.83021567816,3003.0220295538097,中继
3,K3-G1,1085,Q3-T-013,Q3-R-002,Q3-R-002@K3-G1,3003.0220295538097,3003.0220295538097,中继
3,K3-G1,1086,Q3-T-013,Q3-R-002,Q3-R-002@K3-G1,3003.0220295538097,3056.9420600399794,中继
3,K3-G1,1087,Q3-T-013,,,3056.9420600399794,3056.9420600399794,直连
3,K3-G1,1088,Q3-T-013,,,3056.9420600399794,3167.190608058979,直连
3,K3-G1,1089,Q3-T-013,,,3167.190608058979,3167.190608058979,直连
3,K3-G1,1090,Q3-T-013,,,3167.190608058979,3190.571916040055,直连
3,K3-G1,1091,Q3-T-013,,,3190.571916040055,3190.571916040055,直连
3,K3-G1,1092,Q3-T-013,,,3190.571916040055,3320.467997418591,直连
3,K3-G1,1093,Q3-T-013,,,3320.467997418591,3320.467997418591,直连
3,K3-G1,1094,Q3-T-013,,,3320.467997418591,3359.371856292998,直连
3,K3-G1,1095,Q3-T-013,,,3359.371856292998,3359.371856292998,直连
3,K3-G1,1096,Q3-T-013,,,3359.371856292998,3370.546438846451,直连
3,K3-G1,1097,Q3-T-013,,,3370.546438846451,3370.546438846451,直连
3,K3-G1,1098,Q3-T-013,,,3370.546438846451,3380.280428984861,直连
3,K3-G1,1099,Q3-T-013,,,3380.280428984861,3380.280428984861,直连
3,K3-G1,1100,Q3-T-013,,,3380.280428984861,3381.446511762201,直连
3,K3-G1,1101,Q3-T-013,,,3381.446511762201,3381.446511762201,直连
3,K3-G1,1102,Q3-T-013,,,3381.446511762201,3392.559483010294,直连
3,K3-G1,1103,Q3-T-013,,,3392.559483010294,3392.559483010294,直连
3,K3-G1,1104,Q3-T-013,,,3392.559483010294,3392.9696990787475,直连
3,K3-G1,1105,Q3-T-013,,,3392.9696990787475,3392.9696990787475,直连
3,K3-G1,1106,Q3-T-014,,,2469.215609943235,2469.215609943235,直连
3,K3-G1,1107,Q3-T-014,,,2469.215609943235,2469.557456666946,直连
3,K3-G1,1108,Q3-T-014,,,2469.557456666946,2469.557456666946,直连
3,K3-G1,1109,Q3-T-014,,,2469.557456666946,2478.818266040357,直连
3,K3-G1,1110,Q3-T-014,,,2478.818266040357,2478.818266040357,直连
3,K3-G1,1111,Q3-T-014,,,2478.818266040357,2479.7900016881404,直连
3,K3-G1,1112,Q3-T-014,,,2479.7900016881404,2479.7900016881404,直连
3,K3-G1,1113,Q3-T-014,,,2479.7900016881404,2487.9016601368153,直连
3,K3-G1,1114,Q3-T-014,,,2487.9016601368153,2487.9016601368153,直连
3,K3-G1,1115,Q3-T-014,,,2487.9016601368153,2497.213812264693,直连
3,K3-G1,1116,Q3-T-014,,,2497.213812264693,2497.213812264693,直连
3,K3-G1,1117,Q3-T-014,,,2497.213812264693,2559.7095511867246,直连
3,K3-G1,1118,Q3-T-014,,,2559.7095511867246,2559.7095511867246,直连
3,K3-G1,1119,Q3-T-014,,,2559.7095511867246,2761.4617254803297,直连
3,K3-G1,1120,Q3-T-014,,,2761.4617254803297,2761.4617254803297,直连
3,K3-G1,1121,Q3-T-014,,,2761.4617254803297,2796.1668646400435,直连
3,K3-G1,1122,Q3-T-014,,,2796.1668646400435,2796.1668646400435,直连
3,K3-G1,1123,Q3-T-014,,,2796.1668646400435,2888.7141571333887,直连
3,K3-G1,1124,Q3-T-014,,,2888.7141571333887,2888.7141571333887,直连
3,K3-G1,1125,Q3-T-014,Q3-R-002,Q3-R-002@K3-G1,2888.7141571333887,2929.8122559786634,中继
3,K3-G1,1126,Q3-T-014,Q3-R-002,Q3-R-002@K3-G1,2929.8122559786634,2929.8122559786634,中继
3,K3-G1,1127,Q3-T-014,Q3-R-002,Q3-R-002@K3-G1,2929.8122559786634,2963.8130826226006,中继
3,K3-G1,1128,Q3-T-014,Q3-R-002,Q3-R-002@K3-G1,2963.8130826226006,2963.8130826226006,中继
3,K3-G1,1129,Q3-T-014,Q3-R-002,Q3-R-002@K3-G1,2963.8130826226006,2982.8058121147883,中继
3,K3-G1,1130,Q3-T-014,Q3-R-002,Q3-R-002@K3-G1,2982.8058121147883,2982.8058121147883,中继
3,K3-G1,1131,Q3-T-014,Q3-R-002,Q3-R-002@K3-G1,2982.8058121147883,3190.571916040055,中继
3,K3-G1,1132,Q3-T-014,Q3-R-002,Q3-R-002@K3-G1,3190.571916040055,3190.571916040055,中继
3,K3-G1,1133,Q3-T-014,Q3-R-003,Q3-R-003@K3-G1,3190.571916040055,3192.8058121147883,中继
3,K3-G1,1134,Q3-T-014,Q3-R-003,Q3-R-003@K3-G1,3192.8058121147883,3192.8058121147883,中继
3,K3-G1,1135,Q3-T-014,Q3-R-003,Q3-R-003@K3-G1,3192.8058121147883,3208.6330866916114,中继
3,K3-G1,1136,Q3-T-014,Q3-R-003,Q3-R-003@K3-G1,3208.6330866916114,3208.6330866916114,中继
3,K3-G1,1137,Q3-T-014,Q3-R-003,Q3-R-003@K3-G1,3208.6330866916114,3242.6339133355486,中继
3,K3-G1,1138,Q3-T-014,Q3-R-003,Q3-R-003@K3-G1,3242.6339133355486,3242.6339133355486,中继
3,K3-G1,1139,Q3-T-014,Q3-R-003,Q3-R-003@K3-G1,3242.6339133355486,3283.7320121808234,中继
3,K3-G1,1140,Q3-T-014,,,3283.7320121808234,3283.7320121808234,直连
3,K3-G1,1141,Q3-T-014,,,3283.7320121808234,3376.279304674168,直连
3,K3-G1,1142,Q3-T-014,,,3376.279304674168,3376.279304674168,直连
3,K3-G1,1143,Q3-T-014,,,3376.279304674168,3410.9844438338823,直连
3,K3-G1,1144,Q3-T-014,,,3410.9844438338823,3410.9844438338823,直连
3,K3-G1,1145,Q3-T-014,,,3410.9844438338823,3612.7366181274874,直连
3,K3-G1,1146,Q3-T-014,,,3612.7366181274874,3612.7366181274874,直连
3,K3-G1,1147,Q3-T-014,,,3612.7366181274874,3687.7315048339256,直连
3,K3-G1,1148,Q3-T-014,,,3687.7315048339256,3687.7315048339256,直连
3,K3-G1,1149,Q3-T-014,,,3687.7315048339256,3698.9060873873786,直连
3,K3-G1,1150,Q3-T-014,,,3698.9060873873786,3698.9060873873786,直连
3,K3-G1,1151,Q3-T-014,,,3698.9060873873786,3708.6400775257885,直连
3,K3-G1,1152,Q3-T-014,,,3708.6400775257885,3708.6400775257885,直连
3,K3-G1,1153,Q3-T-014,,,3708.6400775257885,3709.8061603031288,直连
3,K3-G1,1154,Q3-T-014,,,3709.8061603031288,3709.8061603031288,直连
3,K3-G1,1155,Q3-T-014,,,3709.8061603031288,3720.9191315512217,直连
3,K3-G1,1156,Q3-T-014,,,3720.9191315512217,3720.9191315512217,直连
3,K3-G1,1157,Q3-T-014,,,3720.9191315512217,3721.329347619675,直连
3,K3-G1,1158,Q3-T-014,,,3721.329347619675,3721.329347619675,直连
3,K3-G1,1159,Q3-T-015,,,2765.279380363042,2765.279380363042,直连
3,K3-G1,1160,Q3-T-015,,,2765.279380363042,2765.621227086753,直连
3,K3-G1,1161,Q3-T-015,,,2765.621227086753,2765.621227086753,直连
3,K3-G1,1162,Q3-T-015,,,2765.621227086753,2774.882036460164,直连
3,K3-G1,1163,Q3-T-015,,,2774.882036460164,2774.882036460164,直连
3,K3-G1,1164,Q3-T-015,,,2774.882036460164,2775.8537721079474,直连
3,K3-G1,1165,Q3-T-015,,,2775.8537721079474,2775.8537721079474,直连
3,K3-G1,1166,Q3-T-015,,,2775.8537721079474,2783.9654305566223,直连
3,K3-G1,1167,Q3-T-015,,,2783.9654305566223,2783.9654305566223,直连
3,K3-G1,1168,Q3-T-015,,,2783.9654305566223,2793.2775826845,直连
3,K3-G1,1169,Q3-T-015,,,2793.2775826845,2793.2775826845,直连
3,K3-G1,1170,Q3-T-015,,,2793.2775826845,2813.7315837321826,直连
3,K3-G1,1171,Q3-T-015,,,2813.7315837321826,2813.7315837321826,直连
3,K3-G1,1172,Q3-T-015,,,2813.7315837321826,2947.702216137718,直连
3,K3-G1,1173,Q3-T-015,,,2947.702216137718,2947.702216137718,直连
3,K3-G1,1174,Q3-T-015,,,2947.702216137718,3000.577929675043,直连
3,K3-G1,1175,Q3-T-015,,,3000.577929675043,3000.577929675043,直连
3,K3-G1,1176,Q3-T-015,,,3000.577929675043,3012.9060642295117,直连
3,K3-G1,1177,Q3-T-015,,,3012.9060642295117,3012.9060642295117,直连
3,K3-G1,1178,Q3-T-015,,,3012.9060642295117,3068.2298206920577,直连
3,K3-G1,1179,Q3-T-015,,,3068.2298206920577,3068.2298206920577,直连
3,K3-G1,1180,Q3-T-015,,,3068.2298206920577,3093.693745540444,直连
3,K3-G1,1181,Q3-T-015,,,3093.693745540444,3093.693745540444,直连
3,K3-G1,1182,Q3-T-015,,,3093.693745540444,3099.6636786063827,直连
3,K3-G1,1183,Q3-T-015,,,3099.6636786063827,3099.6636786063827,直连
3,K3-G1,1184,Q3-T-015,,,3099.6636786063827,3102.3614574658127,直连
3,K3-G1,1185,Q3-T-015,,,3102.3614574658127,3102.3614574658127,直连
3,K3-G1,1186,Q3-T-015,,,3102.3614574658127,3103.8524647350264,直连
3,K3-G1,1187,Q3-T-015,,,3103.8524647350264,3103.8524647350264,直连
3,K3-G1,1188,Q3-T-015,,,3103.8524647350264,3190.571916040055,直连
3,K3-G1,1189,Q3-T-015,,,3190.571916040055,3190.571916040055,直连
3,K3-G1,1190,Q3-T-015,,,3190.571916040055,3313.8524647350264,直连
3,K3-G1,1191,Q3-T-015,,,3313.8524647350264,3313.8524647350264,直连
3,K3-G1,1192,Q3-T-015,,,3313.8524647350264,3315.0949707927048,直连
3,K3-G1,1193,Q3-T-015,,,3315.0949707927048,3315.0949707927048,直连
3,K3-G1,1194,Q3-T-015,,,3315.0949707927048,3317.343119842229,直连
3,K3-G1,1195,Q3-T-015,,,3317.343119842229,3317.343119842229,直连
3,K3-G1,1196,Q3-T-015,,,3317.343119842229,3322.3180640638448,直连
3,K3-G1,1197,Q3-T-015,,,3322.3180640638448,3322.3180640638448,直连
3,K3-G1,1198,Q3-T-015,,,3322.3180640638448,3343.5380014375005,直连
3,K3-G1,1199,Q3-T-015,,,3343.5380014375005,3343.5380014375005,直连
3,K3-G1,1200,Q3-T-015,,,3343.5380014375005,3398.8617579000465,直连
3,K3-G1,1201,Q3-T-015,,,3398.8617579000465,3398.8617579000465,直连
3,K3-G1,1202,Q3-T-015,,,3398.8617579000465,3411.1898924545153,直连
3,K3-G1,1203,Q3-T-015,,,3411.1898924545153,3411.1898924545153,直连
3,K3-G1,1204,Q3-T-015,,,3411.1898924545153,3464.06560599184,直连
3,K3-G1,1205,Q3-T-015,,,3464.06560599184,3464.06560599184,直连
3,K3-G1,1206,Q3-T-015,,,3464.06560599184,3598.0362383973757,直连
3,K3-G1,1207,Q3-T-015,,,3598.0362383973757,3598.0362383973757,直连
3,K3-G1,1208,Q3-T-015,,,3598.0362383973757,3622.581039654595,直连
3,K3-G1,1209,Q3-T-015,,,3622.581039654595,3622.581039654595,直连
3,K3-G1,1210,Q3-T-015,,,3622.581039654595,3633.755622208048,直连
3,K3-G1,1211,Q3-T-015,,,3633.755622208048,3633.755622208048,直连
3,K3-G1,1212,Q3-T-015,,,3633.755622208048,3643.4896123464578,直连
3,K3-G1,1213,Q3-T-015,,,3643.4896123464578,3643.4896123464578,直连
3,K3-G1,1214,Q3-T-015,,,3643.4896123464578,3644.655695123798,直连
3,K3-G1,1215,Q3-T-015,,,3644.655695123798,3644.655695123798,直连
3,K3-G1,1216,Q3-T-015,,,3644.655695123798,3655.768666371891,直连
3,K3-G1,1217,Q3-T-015,,,3655.768666371891,3655.768666371891,直连
3,K3-G1,1218,Q3-T-015,,,3655.768666371891,3656.1788824403443,直连
3,K3-G1,1219,Q3-T-015,,,3656.1788824403443,3656.1788824403443,直连
3,K3-G1,1220,Q3-T-016,,,2956.88843086402,2956.88843086402,直连
3,K3-G1,1221,Q3-T-016,,,2956.88843086402,2957.2986469324733,直连
3,K3-G1,1222,Q3-T-016,,,2957.2986469324733,2957.2986469324733,直连
3,K3-G1,1223,Q3-T-016,,,2957.2986469324733,2968.411618180566,直连
3,K3-G1,1224,Q3-T-016,,,2968.411618180566,2968.411618180566,直连
3,K3-G1,1225,Q3-T-016,,,2968.411618180566,2969.5777009579065,直连
3,K3-G1,1226,Q3-T-016,,,2969.5777009579065,2969.5777009579065,直连
3,K3-G1,1227,Q3-T-016,,,2969.5777009579065,2979.3116910963163,直连
3,K3-G1,1228,Q3-T-016,,,2979.3116910963163,2979.3116910963163,直连
3,K3-G1,1229,Q3-T-016,,,2979.3116910963163,2990.4862736497694,直连
3,K3-G1,1230,Q3-T-016,,,2990.4862736497694,2990.4862736497694,直连
3,K3-G1,1231,Q3-T-016,,,2990.4862736497694,3065.104097367926,直连
3,K3-G1,1232,Q3-T-016,,,3065.104097367926,3065.104097367926,直连
3,K3-G1,1233,Q3-T-016,,,3065.104097367926,3190.571916040055,直连
3,K3-G1,1234,Q3-T-016,,,3190.571916040055,3190.571916040055,直连
3,K3-G1,1235,Q3-T-016,,,3190.571916040055,3323.6558924085007,直连
3,K3-G1,1236,Q3-T-016,,,3323.6558924085007,3323.6558924085007,直连
3,K3-G1,1237,Q3-T-016,,,3323.6558924085007,3328.328265851837,直连
3,K3-G1,1238,Q3-T-016,,,3328.328265851837,3328.328265851837,直连
3,K3-G1,1239,Q3-T-016,,,3328.328265851837,3351.106694266132,直连
3,K3-G1,1240,Q3-T-016,,,3351.106694266132,3351.106694266132,直连
3,K3-G1,1241,Q3-T-016,,,3351.106694266132,3437.479850922431,直连
3,K3-G1,1242,Q3-T-016,Q3-R-003,Q3-R-003@K3-G1,3437.479850922431,3437.479850922431,中继
3,K3-G1,1243,Q3-T-016,Q3-R-003,Q3-R-003@K3-G1,3437.479850922431,3517.658488112456,中继
3,K3-G1,1244,Q3-T-016,Q3-R-003,Q3-R-003@K3-G1,3517.658488112456,3517.658488112456,中继
3,K3-G1,1245,Q3-T-016,Q3-R-003,Q3-R-003@K3-G1,3517.658488112456,3579.417193975737,中继
3,K3-G1,1246,Q3-T-016,Q3-R-003,Q3-R-003@K3-G1,3579.417193975737,3579.417193975737,中继
3,K3-G1,1247,Q3-T-016,Q3-R-003,Q3-R-003@K3-G1,3579.417193975737,3598.5954122460485,中继
3,K3-G1,1248,Q3-T-016,Q3-R-003,Q3-R-003@K3-G1,3598.5954122460485,3598.5954122460485,中继
3,K3-G1,1249,Q3-T-016,Q3-R-003,Q3-R-003@K3-G1,3598.5954122460485,3640.9211698728545,中继
3,K3-G1,1250,Q3-T-016,Q3-R-003,Q3-R-003@K3-G1,3640.9211698728545,3640.9211698728545,中继
3,K3-G1,1251,Q3-T-016,Q3-R-003,Q3-R-003@K3-G1,3640.9211698728545,3643.1905599560246,中继
3,K3-G1,1252,Q3-T-016,Q3-R-003,Q3-R-003@K3-G1,3643.1905599560246,3643.1905599560246,中继
3,K3-G1,1253,Q3-T-016,Q3-R-003,Q3-R-003@K3-G1,3643.1905599560246,3643.8150268678105,中继
3,K3-G1,1254,Q3-T-016,Q3-R-003,Q3-R-003@K3-G1,3643.8150268678105,3643.8150268678105,中继
3,K3-G1,1255,Q3-T-016,Q3-R-003,Q3-R-003@K3-G1,3643.8150268678105,3664.38677710562,中继
3,K3-G1,1256,Q3-T-016,Q3-R-003,Q3-R-003@K3-G1,3664.38677710562,3664.38677710562,中继
3,K3-G1,1257,Q3-T-016,Q3-R-003,Q3-R-003@K3-G1,3664.38677710562,4060.38677710562,中继
3,K3-G1,1258,Q3-T-016,Q3-R-003,Q3-R-003@K3-G1,4060.38677710562,4060.38677710562,中继
3,K3-G1,1259,Q3-T-016,Q3-R-003,Q3-R-003@K3-G1,4060.38677710562,4076.844177295867,中继
3,K3-G1,1260,Q3-T-016,Q3-R-003,Q3-R-003@K3-G1,4076.844177295867,4076.844177295867,中继
3,K3-G1,1261,Q3-T-016,Q3-R-003,Q3-R-003@K3-G1,4076.844177295867,4077.343750825296,中继
3,K3-G1,1262,Q3-T-016,Q3-R-003,Q3-R-003@K3-G1,4077.343750825296,4077.343750825296,中继
3,K3-G1,1263,Q3-T-016,Q3-R-003,Q3-R-003@K3-G1,4077.343750825296,4079.159262891832,中继
3,K3-G1,1264,Q3-T-016,Q3-R-003,Q3-R-003@K3-G1,4079.159262891832,4079.159262891832,中继
3,K3-G1,1265,Q3-T-016,Q3-R-003,Q3-R-003@K3-G1,4079.159262891832,4113.019868993277,中继
3,K3-G1,1266,Q3-T-016,Q3-R-003,Q3-R-003@K3-G1,4113.019868993277,4113.019868993277,中继
3,K3-G1,1267,Q3-T-016,Q3-R-003,Q3-R-003@K3-G1,4113.019868993277,4128.362443609526,中继
3,K3-G1,1268,Q3-T-016,Q3-R-003,Q3-R-003@K3-G1,4128.362443609526,4128.362443609526,中继
3,K3-G1,1269,Q3-T-016,Q3-R-003,Q3-R-003@K3-G1,4128.362443609526,4190.121149472807,中继
3,K3-G1,1270,Q3-T-016,Q3-R-003,Q3-R-003@K3-G1,4190.121149472807,4190.121149472807,中继
3,K3-G1,1271,Q3-T-016,Q3-R-003,Q3-R-003@K3-G1,4190.121149472807,4270.299786662832,中继
3,K3-G1,1272,Q3-T-016,Q3-R-003,Q3-R-003@K3-G1,4270.299786662832,4270.299786662832,中继
3,K3-G1,1273,Q3-T-016,,,4270.299786662832,4356.672943319131,直连
3,K3-G1,1274,Q3-T-016,,,4356.672943319131,4356.672943319131,直连
3,K3-G1,1275,Q3-T-016,,,4356.672943319131,4379.451371733426,直连
3,K3-G1,1276,Q3-T-016,,,4379.451371733426,4379.451371733426,直连
3,K3-G1,1277,Q3-T-016,,,4379.451371733426,4384.123745176762,直连
3,K3-G1,1278,Q3-T-016,,,4384.123745176762,4384.123745176762,直连
3,K3-G1,1279,Q3-T-016,,,4384.123745176762,4642.675540217337,直连
3,K3-G1,1280,Q3-T-016,,,4642.675540217337,4642.675540217337,直连
3,K3-G1,1281,Q3-T-016,,,4642.675540217337,4700.9851857978565,直连
3,K3-G1,1282,Q3-T-016,,,4700.9851857978565,4700.9851857978565,直连
3,K3-G1,1283,Q3-T-016,,,4700.9851857978565,4735.947819865032,直连
3,K3-G1,1284,Q3-T-016,,,4735.947819865032,4735.947819865032,直连
3,K3-G1,1285,Q3-T-016,,,4735.947819865032,4749.916048056849,直连
3,K3-G1,1286,Q3-T-016,,,4749.916048056849,4749.916048056849,直连
3,K3-G1,1287,Q3-T-016,,,4749.916048056849,4762.083535729861,直连
3,K3-G1,1288,Q3-T-016,,,4762.083535729861,4762.083535729861,直连
3,K3-G1,1289,Q3-T-016,,,4762.083535729861,4763.541139201537,直连
3,K3-G1,1290,Q3-T-016,,,4763.541139201537,4763.541139201537,直连
3,K3-G1,1291,Q3-T-016,,,4763.541139201537,4777.432353261653,直连
3,K3-G1,1292,Q3-T-016,,,4777.432353261653,4777.432353261653,直连
3,K3-G1,1293,Q3-T-016,,,4777.432353261653,4777.945123347219,直连
3,K3-G1,1294,Q3-T-016,,,4777.945123347219,4777.945123347219,直连
3,K3-G1,1295,Q3-T-017,,,3650.888046441056,3650.888046441056,直连
3,K3-G1,1296,Q3-T-017,,,3650.888046441056,3651.229893164767,直连
3,K3-G1,1297,Q3-T-017,,,3651.229893164767,3651.229893164767,直连
3,K3-G1,1298,Q3-T-017,,,3651.229893164767,3660.4907025381776,直连
3,K3-G1,1299,Q3-T-017,,,3660.4907025381776,3660.4907025381776,直连
3,K3-G1,1300,Q3-T-017,,,3660.4907025381776,3661.462438185961,直连
3,K3-G1,1301,Q3-T-017,,,3661.462438185961,3661.462438185961,直连
3,K3-G1,1302,Q3-T-017,,,3661.462438185961,3669.574096634636,直连
3,K3-G1,1303,Q3-T-017,,,3669.574096634636,3669.574096634636,直连
3,K3-G1,1304,Q3-T-017,,,3669.574096634636,3678.886248762514,直连
3,K3-G1,1305,Q3-T-017,,,3678.886248762514,3678.886248762514,直连
3,K3-G1,1306,Q3-T-017,,,3678.886248762514,3706.7752982314205,直连
3,K3-G1,1307,Q3-T-017,,,3706.7752982314205,3706.7752982314205,直连
3,K3-G1,1308,Q3-T-017,,,3706.7752982314205,3787.5993148507787,直连
3,K3-G1,1309,Q3-T-017,,,3787.5993148507787,3787.5993148507787,直连
3,K3-G1,1310,Q3-T-017,,,3787.5993148507787,3860.7824141932197,直连
3,K3-G1,1311,Q3-T-017,,,3860.7824141932197,3860.7824141932197,直连
3,K3-G1,1312,Q3-T-017,,,3860.7824141932197,3911.3796799122556,直连
3,K3-G1,1313,Q3-T-017,,,3911.3796799122556,3911.3796799122556,直连
3,K3-G1,1314,Q3-T-017,,,3911.3796799122556,3934.0705482416556,直连
3,K3-G1,1315,Q3-T-017,,,3934.0705482416556,3934.0705482416556,直连
3,K3-G1,1316,Q3-T-017,,,3934.0705482416556,3940.7814842882244,直连
3,K3-G1,1317,Q3-T-017,,,3940.7814842882244,3940.7814842882244,直连
3,K3-G1,1318,Q3-T-017,,,3940.7814842882244,3958.2451232022427,直连
3,K3-G1,1319,Q3-T-017,,,3958.2451232022427,3958.2451232022427,直连
3,K3-G1,1320,Q3-T-017,,,3958.2451232022427,3974.086186436662,直连
3,K3-G1,1321,Q3-T-017,,,3974.086186436662,3974.086186436662,直连
3,K3-G1,1322,Q3-T-017,,,3974.086186436662,4154.086186436662,直连
3,K3-G1,1323,Q3-T-017,,,4154.086186436662,4154.086186436662,直连
3,K3-G1,1324,Q3-T-017,,,4154.086186436662,4167.287072465344,直连
3,K3-G1,1325,Q3-T-017,,,4167.287072465344,4167.287072465344,直连
3,K3-G1,1326,Q3-T-017,,,4167.287072465344,4187.659757582463,直连
3,K3-G1,1327,Q3-T-017,,,4187.659757582463,4187.659757582463,直连
3,K3-G1,1328,Q3-T-017,,,4187.659757582463,4207.407761393439,直连
3,K3-G1,1329,Q3-T-017,,,4207.407761393439,4207.407761393439,直连
3,K3-G1,1330,Q3-T-017,,,4207.407761393439,4221.025021072078,直连
3,K3-G1,1331,Q3-T-017,,,4221.025021072078,4221.025021072078,直连
3,K3-G1,1332,Q3-T-017,,,4221.025021072078,4250.569859471303,直连
3,K3-G1,1333,Q3-T-017,,,4250.569859471303,4250.569859471303,直连
3,K3-G1,1334,Q3-T-017,,,4250.569859471303,4304.15220345695,直连
3,K3-G1,1335,Q3-T-017,,,4304.15220345695,4304.15220345695,直连
3,K3-G1,1336,Q3-T-017,,,4304.15220345695,4318.06211752873,直连
3,K3-G1,1337,Q3-T-017,,,4318.06211752873,4318.06211752873,直连
3,K3-G1,1338,Q3-T-017,,,4318.06211752873,4438.65376718109,直连
3,K3-G1,1339,Q3-T-017,,,4438.65376718109,4438.65376718109,直连
3,K3-G1,1340,Q3-T-017,,,4438.65376718109,4450.001766640689,直连
3,K3-G1,1341,Q3-T-017,,,4450.001766640689,4450.001766640689,直连
3,K3-G1,1342,Q3-T-017,,,4450.001766640689,4455.867621789036,直连
3,K3-G1,1343,Q3-T-017,Q3-R-003,Q3-R-003@K3-G1,4455.867621789036,4455.867621789036,中继
3,K3-G1,1344,Q3-T-017,Q3-R-003,Q3-R-003@K3-G1,4455.867621789036,4632.299577431627,中继
3,K3-G1,1345,Q3-T-017,Q3-R-003,Q3-R-003@K3-G1,4632.299577431627,4632.299577431627,中继
3,K3-G1,1346,Q3-T-017,Q3-R-003,Q3-R-003@K3-G1,4632.299577431627,4664.95936074528,中继
3,K3-G1,1347,Q3-T-017,Q3-R-003,Q3-R-003@K3-G1,4664.95936074528,4664.95936074528,中继
3,K3-G1,1348,Q3-T-017,Q3-R-003,Q3-R-003@K3-G1,4664.95936074528,4700.9851857978565,中继
3,K3-G1,1349,Q3-T-017,Q3-R-003,Q3-R-003@K3-G1,4700.9851857978565,4700.9851857978565,中继
3,K3-G1,1350,Q3-T-017,Q3-R-003,Q3-R-003@K3-G1,4700.9851857978565,4704.496593695237,中继
3,K3-G1,1351,Q3-T-017,Q3-R-003,Q3-R-003@K3-G1,4704.496593695237,4704.496593695237,中继
3,K3-G1,1352,Q3-T-017,Q3-R-003,Q3-R-003@K3-G1,4704.496593695237,4704.707788550938,中继
3,K3-G1,1353,Q3-T-017,Q3-R-003,Q3-R-003@K3-G1,4704.707788550938,4704.707788550938,中继
3,K3-G1,1354,Q3-T-017,Q3-R-004,Q3-R-004@K3-G1,4704.707788550938,4721.76596230778,中继
3,K3-G1,1355,Q3-T-017,Q3-R-004,Q3-R-004@K3-G1,4721.76596230778,4721.76596230778,中继
3,K3-G1,1356,Q3-T-017,Q3-R-004,Q3-R-004@K3-G1,4721.76596230778,4931.76596230778,中继
3,K3-G1,1357,Q3-T-017,Q3-R-004,Q3-R-004@K3-G1,4931.76596230778,4931.76596230778,中继
3,K3-G1,1358,Q3-T-017,Q3-R-004,Q3-R-004@K3-G1,4931.76596230778,4945.981107105148,中继
3,K3-G1,1359,Q3-T-017,Q3-R-003,Q3-R-003@K3-G1,4945.981107105148,4945.981107105148,中继
3,K3-G1,1360,Q3-T-017,Q3-R-003,Q3-R-003@K3-G1,4945.981107105148,4946.1571028182325,中继
3,K3-G1,1361,Q3-T-017,Q3-R-003,Q3-R-003@K3-G1,4946.1571028182325,4946.1571028182325,中继
3,K3-G1,1362,Q3-T-017,Q3-R-003,Q3-R-003@K3-G1,4946.1571028182325,4965.769073066243,中继
3,K3-G1,1363,Q3-T-017,Q3-R-003,Q3-R-003@K3-G1,4965.769073066243,4965.769073066243,中继
3,K3-G1,1364,Q3-T-017,Q3-R-003,Q3-R-003@K3-G1,4965.769073066243,4999.173177715879,中继
3,K3-G1,1365,Q3-T-017,Q3-R-003,Q3-R-003@K3-G1,4999.173177715879,4999.173177715879,中继
3,K3-G1,1366,Q3-T-017,Q3-R-003,Q3-R-003@K3-G1,4999.173177715879,5028.315210106669,中继
3,K3-G1,1367,Q3-T-017,Q3-R-003,Q3-R-003@K3-G1,5028.315210106669,5028.315210106669,中继
3,K3-G1,1368,Q3-T-017,Q3-R-003,Q3-R-003@K3-G1,5028.315210106669,5038.303265273524,中继
3,K3-G1,1369,Q3-T-017,Q3-R-003,Q3-R-003@K3-G1,5038.303265273524,5038.303265273524,中继
3,K3-G1,1370,Q3-T-017,Q3-R-003,Q3-R-003@K3-G1,5038.303265273524,5051.209801147688,中继
3,K3-G1,1371,Q3-T-017,Q3-R-003,Q3-R-003@K3-G1,5051.209801147688,5051.209801147688,中继
3,K3-G1,1372,Q3-T-017,Q3-R-003,Q3-R-003@K3-G1,5051.209801147688,5075.2351194599605,中继
3,K3-G1,1373,Q3-T-017,Q3-R-003,Q3-R-003@K3-G1,5075.2351194599605,5075.2351194599605,中继
3,K3-G1,1374,Q3-T-017,Q3-R-003,Q3-R-003@K3-G1,5075.2351194599605,5118.611480244238,中继
3,K3-G1,1375,Q3-T-017,Q3-R-003,Q3-R-003@K3-G1,5118.611480244238,5118.611480244238,中继
3,K3-G1,1376,Q3-T-017,Q3-R-003,Q3-R-003@K3-G1,5118.611480244238,5186.452630476137,中继
3,K3-G1,1377,Q3-T-017,Q3-R-003,Q3-R-003@K3-G1,5186.452630476137,5186.452630476137,中继
3,K3-G1,1378,Q3-T-017,Q3-R-003,Q3-R-003@K3-G1,5186.452630476137,5237.974285513153,中继
3,K3-G1,1379,Q3-T-017,Q3-R-003,Q3-R-003@K3-G1,5237.974285513153,5237.974285513153,中继
3,K3-G1,1380,Q3-T-017,Q3-R-003,Q3-R-003@K3-G1,5237.974285513153,5276.056323107412,中继
3,K3-G1,1381,Q3-T-017,Q3-R-003,Q3-R-003@K3-G1,5276.056323107412,5276.056323107412,中继
3,K3-G1,1382,Q3-T-017,,,5276.056323107412,5309.868259231465,直连
3,K3-G1,1383,Q3-T-017,,,5309.868259231465,5309.868259231465,直连
3,K3-G1,1384,Q3-T-017,,,5309.868259231465,5396.036009433716,直连
3,K3-G1,1385,Q3-T-017,,,5396.036009433716,5396.036009433716,直连
3,K3-G1,1386,Q3-T-017,,,5396.036009433716,5445.421986823643,直连
3,K3-G1,1387,Q3-T-017,,,5445.421986823643,5445.421986823643,直连
3,K3-G1,1388,Q3-T-017,,,5445.421986823643,5525.035614167842,直连
3,K3-G1,1389,Q3-T-017,,,5525.035614167842,5525.035614167842,直连
3,K3-G1,1390,Q3-T-017,,,5525.035614167842,5639.0218324348425,直连
3,K3-G1,1391,Q3-T-017,,,5639.0218324348425,5639.0218324348425,直连
3,K3-G1,1392,Q3-T-017,,,5639.0218324348425,5703.5077225592495,直连
3,K3-G1,1393,Q3-T-017,,,5703.5077225592495,5703.5077225592495,直连
3,K3-G1,1394,Q3-T-017,,,5703.5077225592495,5714.682305112702,直连
3,K3-G1,1395,Q3-T-017,,,5714.682305112702,5714.682305112702,直连
3,K3-G1,1396,Q3-T-017,,,5714.682305112702,5724.416295251112,直连
3,K3-G1,1397,Q3-T-017,,,5724.416295251112,5724.416295251112,直连
3,K3-G1,1398,Q3-T-017,,,5724.416295251112,5725.582378028453,直连
3,K3-G1,1399,Q3-T-017,,,5725.582378028453,5725.582378028453,直连
3,K3-G1,1400,Q3-T-017,,,5725.582378028453,5736.695349276545,直连
3,K3-G1,1401,Q3-T-017,,,5736.695349276545,5736.695349276545,直连
3,K3-G1,1402,Q3-T-017,,,5736.695349276545,5737.1055653449985,直连
3,K3-G1,1403,Q3-T-017,,,5737.1055653449985,5737.1055653449985,直连
3,K3-G1,1404,Q3-T-018,,,3782.9696990787475,3782.9696990787475,直连
3,K3-G1,1405,Q3-T-018,,,3782.9696990787475,3783.3115458024586,直连
3,K3-G1,1406,Q3-T-018,,,3783.3115458024586,3783.3115458024586,直连
3,K3-G1,1407,Q3-T-018,,,3783.3115458024586,3792.5723551758692,直连
3,K3-G1,1408,Q3-T-018,,,3792.5723551758692,3792.5723551758692,直连
3,K3-G1,1409,Q3-T-018,,,3792.5723551758692,3793.544090823653,直连
3,K3-G1,1410,Q3-T-018,,,3793.544090823653,3793.544090823653,直连
3,K3-G1,1411,Q3-T-018,,,3793.544090823653,3801.6557492723277,直连
3,K3-G1,1412,Q3-T-018,,,3801.6557492723277,3801.6557492723277,直连
3,K3-G1,1413,Q3-T-018,,,3801.6557492723277,3810.9679014002054,直连
3,K3-G1,1414,Q3-T-018,,,3810.9679014002054,3810.9679014002054,直连
3,K3-G1,1415,Q3-T-018,,,3810.9679014002054,3849.2066619693724,直连
3,K3-G1,1416,Q3-T-018,,,3849.2066619693724,3849.2066619693724,直连
3,K3-G1,1417,Q3-T-018,,,3849.2066619693724,4088.936814291953,直连
3,K3-G1,1418,Q3-T-018,,,4088.936814291953,4088.936814291953,直连
3,K3-G1,1419,Q3-T-018,,,4088.936814291953,4100.324120854927,直连
3,K3-G1,1420,Q3-T-018,,,4100.324120854927,4100.324120854927,直连
3,K3-G1,1421,Q3-T-018,,,4100.324120854927,4112.69117031888,直连
3,K3-G1,1422,Q3-T-018,,,4112.69117031888,4112.69117031888,直连
3,K3-G1,1423,Q3-T-018,Q3-R-003,Q3-R-003@K3-G1,4112.69117031888,4114.900172870868,中继
3,K3-G1,1424,Q3-T-018,Q3-R-003,Q3-R-003@K3-G1,4114.900172870868,4114.900172870868,中继
3,K3-G1,1425,Q3-T-018,Q3-R-003,Q3-R-003@K3-G1,4114.900172870868,4181.24089742134,中继
3,K3-G1,1426,Q3-T-018,Q3-R-003,Q3-R-003@K3-G1,4181.24089742134,4181.24089742134,中继
3,K3-G1,1427,Q3-T-018,Q3-R-003,Q3-R-003@K3-G1,4181.24089742134,4201.247124427576,中继
3,K3-G1,1428,Q3-T-018,Q3-R-003,Q3-R-003@K3-G1,4201.247124427576,4201.247124427576,中继
3,K3-G1,1429,Q3-T-018,Q3-R-003,Q3-R-003@K3-G1,4201.247124427576,4233.357177404958,中继
3,K3-G1,1430,Q3-T-018,Q3-R-003,Q3-R-003@K3-G1,4233.357177404958,4233.357177404958,中继
3,K3-G1,1431,Q3-T-018,Q3-R-003,Q3-R-003@K3-G1,4233.357177404958,4248.553883782804,中继
3,K3-G1,1432,Q3-T-018,Q3-R-003,Q3-R-003@K3-G1,4248.553883782804,4248.553883782804,中继
3,K3-G1,1433,Q3-T-018,Q3-R-003,Q3-R-003@K3-G1,4248.553883782804,4253.811479896326,中继
3,K3-G1,1434,Q3-T-018,Q3-R-003,Q3-R-003@K3-G1,4253.811479896326,4253.811479896326,中继
3,K3-G1,1435,Q3-T-018,Q3-R-003,Q3-R-003@K3-G1,4253.811479896326,4463.811479896326,中继
3,K3-G1,1436,Q3-T-018,Q3-R-003,Q3-R-003@K3-G1,4463.811479896326,4463.811479896326,中继
3,K3-G1,1437,Q3-T-018,Q3-R-003,Q3-R-003@K3-G1,4463.811479896326,4468.192809990927,中继
3,K3-G1,1438,Q3-T-018,Q3-R-003,Q3-R-003@K3-G1,4468.192809990927,4468.192809990927,中继
3,K3-G1,1439,Q3-T-018,Q3-R-003,Q3-R-003@K3-G1,4468.192809990927,4480.856731972466,中继
3,K3-G1,1440,Q3-T-018,Q3-R-003,Q3-R-003@K3-G1,4480.856731972466,4480.856731972466,中继
3,K3-G1,1441,Q3-T-018,Q3-R-003,Q3-R-003@K3-G1,4480.856731972466,4517.785690336052,中继
3,K3-G1,1442,Q3-T-018,Q3-R-003,Q3-R-003@K3-G1,4517.785690336052,4517.785690336052,中继
3,K3-G1,1443,Q3-T-018,Q3-R-003,Q3-R-003@K3-G1,4517.785690336052,4521.073870033045,中继
3,K3-G1,1444,Q3-T-018,Q3-R-003,Q3-R-003@K3-G1,4521.073870033045,4521.073870033045,中继
3,K3-G1,1445,Q3-T-018,Q3-R-003,Q3-R-003@K3-G1,4521.073870033045,4522.855820364208,中继
3,K3-G1,1446,Q3-T-018,Q3-R-003,Q3-R-003@K3-G1,4522.855820364208,4522.855820364208,中继
3,K3-G1,1447,Q3-T-018,,,4522.855820364208,4554.359147781317,直连
3,K3-G1,1448,Q3-T-018,Q3-R-003,Q3-R-003@K3-G1,4554.359147781317,4554.359147781317,中继
3,K3-G1,1449,Q3-T-018,Q3-R-003,Q3-R-003@K3-G1,4554.359147781317,4592.8073367585675,中继
3,K3-G1,1450,Q3-T-018,Q3-R-003,Q3-R-003@K3-G1,4592.8073367585675,4592.8073367585675,中继
3,K3-G1,1451,Q3-T-018,Q3-R-003,Q3-R-003@K3-G1,4592.8073367585675,4638.782925044121,中继
3,K3-G1,1452,Q3-T-018,Q3-R-003,Q3-R-003@K3-G1,4638.782925044121,4638.782925044121,中继
3,K3-G1,1453,Q3-T-018,Q3-R-003,Q3-R-003@K3-G1,4638.782925044121,4692.069306024283,中继
3,K3-G1,1454,Q3-T-018,Q3-R-003,Q3-R-003@K3-G1,4692.069306024283,4692.069306024283,中继
3,K3-G1,1455,Q3-T-018,Q3-R-003,Q3-R-003@K3-G1,4692.069306024283,4700.9851857978565,中继
3,K3-G1,1456,Q3-T-018,Q3-R-003,Q3-R-003@K3-G1,4700.9851857978565,4700.9851857978565,中继
3,K3-G1,1457,Q3-T-018,Q3-R-003,Q3-R-003@K3-G1,4700.9851857978565,4723.751899102709,中继
3,K3-G1,1458,Q3-T-018,Q3-R-003,Q3-R-003@K3-G1,4723.751899102709,4723.751899102709,中继
3,K3-G1,1459,Q3-T-018,Q3-R-003,Q3-R-003@K3-G1,4723.751899102709,4744.837398654228,中继
3,K3-G1,1460,Q3-T-018,Q3-R-003,Q3-R-003@K3-G1,4744.837398654228,4744.837398654228,中继
3,K3-G1,1461,Q3-T-018,Q3-R-003,Q3-R-003@K3-G1,4744.837398654228,4745.04859350993,中继
3,K3-G1,1462,Q3-T-018,Q3-R-003,Q3-R-003@K3-G1,4745.04859350993,4745.04859350993,中继
3,K3-G1,1463,Q3-T-018,Q3-R-004,Q3-R-004@K3-G1,4745.04859350993,4762.106767266771,中继
3,K3-G1,1464,Q3-T-018,Q3-R-004,Q3-R-004@K3-G1,4762.106767266771,4762.106767266771,中继
3,K3-G1,1465,Q3-T-018,Q3-R-004,Q3-R-004@K3-G1,4762.106767266771,4942.106767266771,中继
3,K3-G1,1466,Q3-T-018,Q3-R-004,Q3-R-004@K3-G1,4942.106767266771,4942.106767266771,中继
3,K3-G1,1467,Q3-T-018,Q3-R-004,Q3-R-004@K3-G1,4942.106767266771,4956.32191206414,中继
3,K3-G1,1468,Q3-T-018,Q3-R-003,Q3-R-003@K3-G1,4956.32191206414,4956.32191206414,中继
3,K3-G1,1469,Q3-T-018,Q3-R-003,Q3-R-003@K3-G1,4956.32191206414,4956.497907777224,中继
3,K3-G1,1470,Q3-T-018,Q3-R-003,Q3-R-003@K3-G1,4956.497907777224,4956.497907777224,中继
3,K3-G1,1471,Q3-T-018,Q3-R-003,Q3-R-003@K3-G1,4956.497907777224,4976.109878025235,中继
3,K3-G1,1472,Q3-T-018,Q3-R-003,Q3-R-003@K3-G1,4976.109878025235,4976.109878025235,中继
3,K3-G1,1473,Q3-T-018,Q3-R-003,Q3-R-003@K3-G1,4976.109878025235,5002.833161744944,中继
3,K3-G1,1474,Q3-T-018,Q3-R-003,Q3-R-003@K3-G1,5002.833161744944,5002.833161744944,中继
3,K3-G1,1475,Q3-T-018,Q3-R-003,Q3-R-003@K3-G1,5002.833161744944,5026.146787657575,中继
3,K3-G1,1476,Q3-T-018,Q3-R-003,Q3-R-003@K3-G1,5026.146787657575,5026.146787657575,中继
3,K3-G1,1477,Q3-T-018,Q3-R-003,Q3-R-003@K3-G1,5026.146787657575,5034.137231791059,中继
3,K3-G1,1478,Q3-T-018,Q3-R-003,Q3-R-003@K3-G1,5034.137231791059,5034.137231791059,中继
3,K3-G1,1479,Q3-T-018,Q3-R-003,Q3-R-003@K3-G1,5034.137231791059,5044.462460490391,中继
3,K3-G1,1480,Q3-T-018,Q3-R-003,Q3-R-003@K3-G1,5044.462460490391,5044.462460490391,中继
3,K3-G1,1481,Q3-T-018,Q3-R-003,Q3-R-003@K3-G1,5044.462460490391,5063.6827151402085,中继
3,K3-G1,1482,Q3-T-018,Q3-R-003,Q3-R-003@K3-G1,5063.6827151402085,5063.6827151402085,中继
3,K3-G1,1483,Q3-T-018,Q3-R-003,Q3-R-003@K3-G1,5063.6827151402085,5098.3838037676305,中继
3,K3-G1,1484,Q3-T-018,Q3-R-003,Q3-R-003@K3-G1,5098.3838037676305,5098.3838037676305,中继
3,K3-G1,1485,Q3-T-018,Q3-R-003,Q3-R-003@K3-G1,5098.3838037676305,5152.65672395315,中继
3,K3-G1,1486,Q3-T-018,Q3-R-003,Q3-R-003@K3-G1,5152.65672395315,5152.65672395315,中继
3,K3-G1,1487,Q3-T-018,Q3-R-003,Q3-R-003@K3-G1,5152.65672395315,5193.874047982762,中继
3,K3-G1,1488,Q3-T-018,Q3-R-003,Q3-R-003@K3-G1,5193.874047982762,5193.874047982762,中继
3,K3-G1,1489,Q3-T-018,Q3-R-003,Q3-R-003@K3-G1,5193.874047982762,5224.33967805817,中继
3,K3-G1,1490,Q3-T-018,Q3-R-003,Q3-R-003@K3-G1,5224.33967805817,5224.33967805817,中继
3,K3-G1,1491,Q3-T-018,,,5224.33967805817,5251.389226957412,直连
3,K3-G1,1492,Q3-T-018,,,5251.389226957412,5251.389226957412,直连
3,K3-G1,1493,Q3-T-018,,,5251.389226957412,5320.323427119212,直连
3,K3-G1,1494,Q3-T-018,,,5320.323427119212,5320.323427119212,直连
3,K3-G1,1495,Q3-T-018,,,5320.323427119212,5359.832209031154,直连
3,K3-G1,1496,Q3-T-018,,,5359.832209031154,5359.832209031154,直连
3,K3-G1,1497,Q3-T-018,,,5359.832209031154,5423.5231109065135,直连
3,K3-G1,1498,Q3-T-018,,,5423.5231109065135,5423.5231109065135,直连
3,K3-G1,1499,Q3-T-018,,,5423.5231109065135,5514.712085520114,直连
3,K3-G1,1500,Q3-T-018,,,5514.712085520114,5514.712085520114,直连
3,K3-G1,1501,Q3-T-018,,,5514.712085520114,5579.197975644521,直连
3,K3-G1,1502,Q3-T-018,,,5579.197975644521,5579.197975644521,直连
3,K3-G1,1503,Q3-T-018,,,5579.197975644521,5590.372558197973,直连
3,K3-G1,1504,Q3-T-018,,,5590.372558197973,5590.372558197973,直连
3,K3-G1,1505,Q3-T-018,,,5590.372558197973,5600.106548336384,直连
3,K3-G1,1506,Q3-T-018,,,5600.106548336384,5600.106548336384,直连
3,K3-G1,1507,Q3-T-018,,,5600.106548336384,5601.272631113724,直连
3,K3-G1,1508,Q3-T-018,,,5601.272631113724,5601.272631113724,直连
3,K3-G1,1509,Q3-T-018,,,5601.272631113724,5612.385602361816,直连
3,K3-G1,1510,Q3-T-018,,,5612.385602361816,5612.385602361816,直连
3,K3-G1,1511,Q3-T-018,,,5612.385602361816,5612.79581843027,直连
3,K3-G1,1512,Q3-T-018,,,5612.79581843027,5612.79581843027,直连
3,K3-G1,1513,Q3-T-019,,,4049.847358127293,4049.847358127293,直连
3,K3-G1,1514,Q3-T-019,,,4049.847358127293,4050.189204851004,直连
3,K3-G1,1515,Q3-T-019,,,4050.189204851004,4050.189204851004,直连
3,K3-G1,1516,Q3-T-019,,,4050.189204851004,4059.4500142244146,直连
3,K3-G1,1517,Q3-T-019,,,4059.4500142244146,4059.4500142244146,直连
3,K3-G1,1518,Q3-T-019,,,4059.4500142244146,4060.4217498721982,直连
3,K3-G1,1519,Q3-T-019,,,4060.4217498721982,4060.4217498721982,直连
3,K3-G1,1520,Q3-T-019,,,4060.4217498721982,4068.533408320873,直连
3,K3-G1,1521,Q3-T-019,,,4068.533408320873,4068.533408320873,直连
3,K3-G1,1522,Q3-T-019,,,4068.533408320873,4077.845560448751,直连
3,K3-G1,1523,Q3-T-019,,,4077.845560448751,4077.845560448751,直连
3,K3-G1,1524,Q3-T-019,,,4077.845560448751,4131.58380221909,直连
3,K3-G1,1525,Q3-T-019,,,4131.58380221909,4131.58380221909,直连
3,K3-G1,1526,Q3-T-019,,,4131.58380221909,4245.57002048609,直连
3,K3-G1,1527,Q3-T-019,,,4245.57002048609,4245.57002048609,直连
3,K3-G1,1528,Q3-T-019,,,4245.57002048609,4325.18364783029,直连
3,K3-G1,1529,Q3-T-019,,,4325.18364783029,4325.18364783029,直连
3,K3-G1,1530,Q3-T-019,,,4325.18364783029,4374.569625220217,直连
3,K3-G1,1531,Q3-T-019,,,4374.569625220217,4374.569625220217,直连
3,K3-G1,1532,Q3-T-019,,,4374.569625220217,4460.737375422467,直连
3,K3-G1,1533,Q3-T-019,,,4460.737375422467,4460.737375422467,直连
3,K3-G1,1534,Q3-T-019,,,4460.737375422467,4494.549311546521,直连
3,K3-G1,1535,Q3-T-019,Q3-R-003,Q3-R-003@K3-G1,4494.549311546521,4494.549311546521,中继
3,K3-G1,1536,Q3-T-019,Q3-R-003,Q3-R-003@K3-G1,4494.549311546521,4532.63134914078,中继
3,K3-G1,1537,Q3-T-019,Q3-R-003,Q3-R-003@K3-G1,4532.63134914078,4532.63134914078,中继
3,K3-G1,1538,Q3-T-019,Q3-R-003,Q3-R-003@K3-G1,4532.63134914078,4584.153004177796,中继
3,K3-G1,1539,Q3-T-019,Q3-R-003,Q3-R-003@K3-G1,4584.153004177796,4584.153004177796,中继
3,K3-G1,1540,Q3-T-019,Q3-R-003,Q3-R-003@K3-G1,4584.153004177796,4651.994154409695,中继
3,K3-G1,1541,Q3-T-019,Q3-R-003,Q3-R-003@K3-G1,4651.994154409695,4651.994154409695,中继
3,K3-G1,1542,Q3-T-019,Q3-R-003,Q3-R-003@K3-G1,4651.994154409695,4695.370515193972,中继
3,K3-G1,1543,Q3-T-019,Q3-R-003,Q3-R-003@K3-G1,4695.370515193972,4695.370515193972,中继
3,K3-G1,1544,Q3-T-019,Q3-R-003,Q3-R-003@K3-G1,4695.370515193972,4700.9851857978565,中继
3,K3-G1,1545,Q3-T-019,Q3-R-003,Q3-R-003@K3-G1,4700.9851857978565,4700.9851857978565,中继
3,K3-G1,1546,Q3-T-019,Q3-R-003,Q3-R-003@K3-G1,4700.9851857978565,4719.395833506244,中继
3,K3-G1,1547,Q3-T-019,Q3-R-003,Q3-R-003@K3-G1,4719.395833506244,4719.395833506244,中继
3,K3-G1,1548,Q3-T-019,Q3-R-003,Q3-R-003@K3-G1,4719.395833506244,4732.30236938041,中继
3,K3-G1,1549,Q3-T-019,Q3-R-003,Q3-R-003@K3-G1,4732.30236938041,4732.30236938041,中继
3,K3-G1,1550,Q3-T-019,Q3-R-003,Q3-R-003@K3-G1,4732.30236938041,4742.290424547264,中继
3,K3-G1,1551,Q3-T-019,Q3-R-003,Q3-R-003@K3-G1,4742.290424547264,4742.290424547264,中继
3,K3-G1,1552,Q3-T-019,Q3-R-003,Q3-R-003@K3-G1,4742.290424547264,4771.432456938053,中继
3,K3-G1,1553,Q3-T-019,Q3-R-003,Q3-R-003@K3-G1,4771.432456938053,4771.432456938053,中继
3,K3-G1,1554,Q3-T-019,Q3-R-003,Q3-R-003@K3-G1,4771.432456938053,4804.836561587689,中继
3,K3-G1,1555,Q3-T-019,Q3-R-003,Q3-R-003@K3-G1,4804.836561587689,4804.836561587689,中继
3,K3-G1,1556,Q3-T-019,Q3-R-003,Q3-R-003@K3-G1,4804.836561587689,4828.370925885302,中继
3,K3-G1,1557,Q3-T-019,Q3-R-003,Q3-R-003@K3-G1,4828.370925885302,4828.370925885302,中继
3,K3-G1,1558,Q3-T-019,Q3-R-003,Q3-R-003@K3-G1,4828.370925885302,4828.582120741004,中继
3,K3-G1,1559,Q3-T-019,Q3-R-003,Q3-R-003@K3-G1,4828.582120741004,4828.582120741004,中继
3,K3-G1,1560,Q3-T-019,Q3-R-004,Q3-R-004@K3-G1,4828.582120741004,4845.640294497845,中继
3,K3-G1,1561,Q3-T-019,Q3-R-004,Q3-R-004@K3-G1,4845.640294497845,4845.640294497845,中继
3,K3-G1,1562,Q3-T-019,Q3-R-004,Q3-R-004@K3-G1,4845.640294497845,5055.640294497845,中继
3,K3-G1,1563,Q3-T-019,Q3-R-004,Q3-R-004@K3-G1,5055.640294497845,5055.640294497845,中继
3,K3-G1,1564,Q3-T-019,Q3-R-004,Q3-R-004@K3-G1,5055.640294497845,5069.855439295214,中继
3,K3-G1,1565,Q3-T-019,Q3-R-003,Q3-R-003@K3-G1,5069.855439295214,5069.855439295214,中继
3,K3-G1,1566,Q3-T-019,Q3-R-003,Q3-R-003@K3-G1,5069.855439295214,5070.031435008298,中继
3,K3-G1,1567,Q3-T-019,Q3-R-003,Q3-R-003@K3-G1,5070.031435008298,5070.031435008298,中继
3,K3-G1,1568,Q3-T-019,Q3-R-003,Q3-R-003@K3-G1,5070.031435008298,5089.643405256309,中继
3,K3-G1,1569,Q3-T-019,Q3-R-003,Q3-R-003@K3-G1,5089.643405256309,5089.643405256309,中继
3,K3-G1,1570,Q3-T-019,Q3-R-003,Q3-R-003@K3-G1,5089.643405256309,5123.047509905945,中继
3,K3-G1,1571,Q3-T-019,Q3-R-003,Q3-R-003@K3-G1,5123.047509905945,5123.047509905945,中继
3,K3-G1,1572,Q3-T-019,Q3-R-003,Q3-R-003@K3-G1,5123.047509905945,5152.1895422967345,中继
3,K3-G1,1573,Q3-T-019,Q3-R-003,Q3-R-003@K3-G1,5152.1895422967345,5152.1895422967345,中继
3,K3-G1,1574,Q3-T-019,Q3-R-003,Q3-R-003@K3-G1,5152.1895422967345,5162.177597463589,中继
3,K3-G1,1575,Q3-T-019,Q3-R-003,Q3-R-003@K3-G1,5162.177597463589,5162.177597463589,中继
3,K3-G1,1576,Q3-T-019,Q3-R-003,Q3-R-003@K3-G1,5162.177597463589,5175.084133337754,中继
3,K3-G1,1577,Q3-T-019,Q3-R-003,Q3-R-003@K3-G1,5175.084133337754,5175.084133337754,中继
3,K3-G1,1578,Q3-T-019,Q3-R-003,Q3-R-003@K3-G1,5175.084133337754,5199.109451650026,中继
3,K3-G1,1579,Q3-T-019,Q3-R-003,Q3-R-003@K3-G1,5199.109451650026,5199.109451650026,中继
3,K3-G1,1580,Q3-T-019,Q3-R-003,Q3-R-003@K3-G1,5199.109451650026,5242.485812434304,中继
3,K3-G1,1581,Q3-T-019,Q3-R-003,Q3-R-003@K3-G1,5242.485812434304,5242.485812434304,中继
3,K3-G1,1582,Q3-T-019,Q3-R-003,Q3-R-003@K3-G1,5242.485812434304,5310.326962666202,中继
3,K3-G1,1583,Q3-T-019,Q3-R-003,Q3-R-003@K3-G1,5310.326962666202,5310.326962666202,中继
3,K3-G1,1584,Q3-T-019,Q3-R-003,Q3-R-003@K3-G1,5310.326962666202,5361.848617703218,中继
3,K3-G1,1585,Q3-T-019,Q3-R-003,Q3-R-003@K3-G1,5361.848617703218,5361.848617703218,中继
3,K3-G1,1586,Q3-T-019,Q3-R-003,Q3-R-003@K3-G1,5361.848617703218,5399.930655297478,中继
3,K3-G1,1587,Q3-T-019,Q3-R-003,Q3-R-003@K3-G1,5399.930655297478,5399.930655297478,中继
3,K3-G1,1588,Q3-T-019,,,5399.930655297478,5433.742591421531,直连
3,K3-G1,1589,Q3-T-019,,,5433.742591421531,5433.742591421531,直连
3,K3-G1,1590,Q3-T-019,,,5433.742591421531,5519.910341623781,直连
3,K3-G1,1591,Q3-T-019,,,5519.910341623781,5519.910341623781,直连
3,K3-G1,1592,Q3-T-019,,,5519.910341623781,5569.296319013709,直连
3,K3-G1,1593,Q3-T-019,,,5569.296319013709,5569.296319013709,直连
3,K3-G1,1594,Q3-T-019,,,5569.296319013709,5648.909946357908,直连
3,K3-G1,1595,Q3-T-019,,,5648.909946357908,5648.909946357908,直连
3,K3-G1,1596,Q3-T-019,,,5648.909946357908,5762.896164624908,直连
3,K3-G1,1597,Q3-T-019,,,5762.896164624908,5762.896164624908,直连
3,K3-G1,1598,Q3-T-019,,,5762.896164624908,5827.382054749315,直连
3,K3-G1,1599,Q3-T-019,,,5827.382054749315,5827.382054749315,直连
3,K3-G1,1600,Q3-T-019,,,5827.382054749315,5838.556637302768,直连
3,K3-G1,1601,Q3-T-019,,,5838.556637302768,5838.556637302768,直连
3,K3-G1,1602,Q3-T-019,,,5838.556637302768,5848.290627441178,直连
3,K3-G1,1603,Q3-T-019,,,5848.290627441178,5848.290627441178,直连
3,K3-G1,1604,Q3-T-019,,,5848.290627441178,5849.456710218518,直连
3,K3-G1,1605,Q3-T-019,,,5849.456710218518,5849.456710218518,直连
3,K3-G1,1606,Q3-T-019,,,5849.456710218518,5860.569681466611,直连
3,K3-G1,1607,Q3-T-019,,,5860.569681466611,5860.569681466611,直连
3,K3-G1,1608,Q3-T-019,,,5860.569681466611,5860.979897535064,直连
3,K3-G1,1609,Q3-T-019,,,5860.979897535064,5860.979897535064,直连
3,K3-G1,1610,Q3-T-020,,,4150.662761989458,4150.662761989458,直连
3,K3-G1,1611,Q3-T-020,,,4150.662761989458,4151.004608713169,直连
3,K3-G1,1612,Q3-T-020,,,4151.004608713169,4151.004608713169,直连
3,K3-G1,1613,Q3-T-020,,,4151.004608713169,4160.26541808658,直连
3,K3-G1,1614,Q3-T-020,,,4160.26541808658,4160.26541808658,直连
3,K3-G1,1615,Q3-T-020,,,4160.26541808658,4161.237153734363,直连
3,K3-G1,1616,Q3-T-020,,,4161.237153734363,4161.237153734363,直连
3,K3-G1,1617,Q3-T-020,,,4161.237153734363,4169.348812183039,直连
3,K3-G1,1618,Q3-T-020,,,4169.348812183039,4169.348812183039,直连
3,K3-G1,1619,Q3-T-020,,,4169.348812183039,4178.660964310916,直连
3,K3-G1,1620,Q3-T-020,,,4178.660964310916,4178.660964310916,直连
3,K3-G1,1621,Q3-T-020,,,4178.660964310916,4295.36414138399,直连
3,K3-G1,1622,Q3-T-020,,,4295.36414138399,4295.36414138399,直连
3,K3-G1,1623,Q3-T-020,,,4295.36414138399,4354.301365657322,直连
3,K3-G1,1624,Q3-T-020,,,4354.301365657322,4354.301365657322,直连
3,K3-G1,1625,Q3-T-020,,,4354.301365657322,4425.721079193196,直连
3,K3-G1,1626,Q3-T-020,,,4425.721079193196,4425.721079193196,直连
3,K3-G1,1627,Q3-T-020,,,4425.721079193196,4603.991264223013,直连
3,K3-G1,1628,Q3-T-020,,,4603.991264223013,4603.991264223013,直连
3,K3-G1,1629,Q3-T-020,,,4603.991264223013,4611.724413105811,直连
3,K3-G1,1630,Q3-T-020,,,4611.724413105811,4611.724413105811,直连
3,K3-G1,1631,Q3-T-020,,,4611.724413105811,4623.215244037158,直连
3,K3-G1,1632,Q3-T-020,,,4623.215244037158,4623.215244037158,直连
3,K3-G1,1633,Q3-T-020,Q3-R-003,Q3-R-003@K3-G1,4623.215244037158,4674.861219051464,中继
3,K3-G1,1634,Q3-T-020,Q3-R-003,Q3-R-003@K3-G1,4674.861219051464,4674.861219051464,中继
3,K3-G1,1635,Q3-T-020,Q3-R-003,Q3-R-003@K3-G1,4674.861219051464,4700.9851857978565,中继
3,K3-G1,1636,Q3-T-020,Q3-R-004,Q3-R-004@K3-G1,4700.9851857978565,4700.9851857978565,中继
3,K3-G1,1637,Q3-T-020,Q3-R-004,Q3-R-004@K3-G1,4700.9851857978565,4749.288797136034,中继
3,K3-G1,1638,Q3-T-020,Q3-R-004,Q3-R-004@K3-G1,4749.288797136034,4749.288797136034,中继
3,K3-G1,1639,Q3-T-020,Q3-R-004,Q3-R-004@K3-G1,4749.288797136034,4900.629079430306,中继
3,K3-G1,1640,Q3-T-020,Q3-R-004,Q3-R-004@K3-G1,4900.629079430306,4900.629079430306,中继
3,K3-G1,1641,Q3-T-020,Q3-R-004,Q3-R-004@K3-G1,4900.629079430306,4962.118800921463,中继
3,K3-G1,1642,Q3-T-020,Q3-R-004,Q3-R-004@K3-G1,4962.118800921463,4962.118800921463,中继
3,K3-G1,1643,Q3-T-020,Q3-R-004,Q3-R-004@K3-G1,4962.118800921463,4989.950734703743,中继
3,K3-G1,1644,Q3-T-020,Q3-R-004,Q3-R-004@K3-G1,4989.950734703743,4989.950734703743,中继
3,K3-G1,1645,Q3-T-020,Q3-R-004,Q3-R-004@K3-G1,4989.950734703743,5199.950734703743,中继
3,K3-G1,1646,Q3-T-020,Q3-R-004,Q3-R-004@K3-G1,5199.950734703743,5199.950734703743,中继
3,K3-G1,1647,Q3-T-020,Q3-R-004,Q3-R-004@K3-G1,5199.950734703743,5223.144012855644,中继
3,K3-G1,1648,Q3-T-020,Q3-R-004,Q3-R-004@K3-G1,5223.144012855644,5223.144012855644,中继
3,K3-G1,1649,Q3-T-020,Q3-R-004,Q3-R-004@K3-G1,5223.144012855644,5249.750356285775,中继
3,K3-G1,1650,Q3-T-020,Q3-R-004,Q3-R-004@K3-G1,5249.750356285775,5249.750356285775,中继
3,K3-G1,1651,Q3-T-020,Q3-R-004,Q3-R-004@K3-G1,5249.750356285775,5303.117525392491,中继
3,K3-G1,1652,Q3-T-020,Q3-R-004,Q3-R-004@K3-G1,5303.117525392491,5303.117525392491,中继
3,K3-G1,1653,Q3-T-020,Q3-R-004,Q3-R-004@K3-G1,5303.117525392491,5308.206805176563,中继
3,K3-G1,1654,Q3-T-020,Q3-R-004,Q3-R-004@K3-G1,5308.206805176563,5308.206805176563,中继
3,K3-G1,1655,Q3-T-020,Q3-R-004,Q3-R-004@K3-G1,5308.206805176563,5309.368612921315,中继
3,K3-G1,1656,Q3-T-020,Q3-R-004,Q3-R-004@K3-G1,5309.368612921315,5309.368612921315,中继
3,K3-G1,1657,Q3-T-020,Q3-R-004,Q3-R-004@K3-G1,5309.368612921315,5340.077676279301,中继
3,K3-G1,1658,Q3-T-020,Q3-R-004,Q3-R-004@K3-G1,5340.077676279301,5340.077676279301,中继
3,K3-G1,1659,Q3-T-020,Q3-R-004,Q3-R-004@K3-G1,5340.077676279301,5374.179099878637,中继
3,K3-G1,1660,Q3-T-020,Q3-R-004,Q3-R-004@K3-G1,5374.179099878637,5374.179099878637,中继
3,K3-G1,1661,Q3-T-020,Q3-R-004,Q3-R-004@K3-G1,5374.179099878637,5382.000494449349,中继
3,K3-G1,1662,Q3-T-020,Q3-R-004,Q3-R-004@K3-G1,5382.000494449349,5382.000494449349,中继
3,K3-G1,1663,Q3-T-020,Q3-R-004,Q3-R-004@K3-G1,5382.000494449349,5387.493726458284,中继
3,K3-G1,1664,Q3-T-020,Q3-R-004,Q3-R-004@K3-G1,5387.493726458284,5387.493726458284,中继
3,K3-G1,1665,Q3-T-020,Q3-R-004,Q3-R-004@K3-G1,5387.493726458284,5467.780931360043,中继
3,K3-G1,1666,Q3-T-020,Q3-R-004,Q3-R-004@K3-G1,5467.780931360043,5467.780931360043,中继
3,K3-G1,1667,Q3-T-020,Q3-R-004,Q3-R-004@K3-G1,5467.780931360043,5473.14047725848,中继
3,K3-G1,1668,Q3-T-020,Q3-R-004,Q3-R-004@K3-G1,5473.14047725848,5473.14047725848,中继
3,K3-G1,1669,Q3-T-020,Q3-R-004,Q3-R-004@K3-G1,5473.14047725848,5653.14047725848,中继
3,K3-G1,1670,Q3-T-020,Q3-R-004,Q3-R-004@K3-G1,5653.14047725848,5653.14047725848,中继
3,K3-G1,1671,Q3-T-020,Q3-R-004,Q3-R-004@K3-G1,5653.14047725848,5676.998035416962,中继
3,K3-G1,1672,Q3-T-020,Q3-R-004,Q3-R-004@K3-G1,5676.998035416962,5676.998035416962,中继
3,K3-G1,1673,Q3-T-020,Q3-R-004,Q3-R-004@K3-G1,5676.998035416962,5685.573562382178,中继
3,K3-G1,1674,Q3-T-020,Q3-R-004,Q3-R-004@K3-G1,5685.573562382178,5685.573562382178,中继
3,K3-G1,1675,Q3-T-020,Q3-R-004,Q3-R-004@K3-G1,5685.573562382178,5693.603703569496,中继
3,K3-G1,1676,Q3-T-020,Q3-R-004,Q3-R-004@K3-G1,5693.603703569496,5693.603703569496,中继
3,K3-G1,1677,Q3-T-020,Q3-R-004,Q3-R-004@K3-G1,5693.603703569496,5724.76965294876,中继
3,K3-G1,1678,Q3-T-020,Q3-R-004,Q3-R-004@K3-G1,5724.76965294876,5724.76965294876,中继
3,K3-G1,1679,Q3-T-020,Q3-R-003,Q3-R-003@K3-G1,5724.76965294876,5735.177421845283,中继
3,K3-G1,1680,Q3-T-020,Q3-R-004,Q3-R-004@K3-G1,5735.177421845283,5735.177421845283,中继
3,K3-G1,1681,Q3-T-020,Q3-R-004,Q3-R-004@K3-G1,5735.177421845283,5743.814911581822,中继
3,K3-G1,1682,Q3-T-020,Q3-R-004,Q3-R-004@K3-G1,5743.814911581822,5743.814911581822,中继
3,K3-G1,1683,Q3-T-020,Q3-R-003,Q3-R-003@K3-G1,5743.814911581822,5751.930854224609,中继
3,K3-G1,1684,Q3-T-020,Q3-R-004,Q3-R-004@K3-G1,5751.930854224609,5751.930854224609,中继
3,K3-G1,1685,Q3-T-020,Q3-R-004,Q3-R-004@K3-G1,5751.930854224609,5771.185537201537,中继
3,K3-G1,1686,Q3-T-020,Q3-R-004,Q3-R-004@K3-G1,5771.185537201537,5771.185537201537,中继
3,K3-G1,1687,Q3-T-020,Q3-R-003,Q3-R-003@K3-G1,5771.185537201537,5831.6194477916815,中继
3,K3-G1,1688,Q3-T-020,Q3-R-003,Q3-R-003@K3-G1,5831.6194477916815,5831.6194477916815,中继
3,K3-G1,1689,Q3-T-020,Q3-R-003,Q3-R-003@K3-G1,5831.6194477916815,5858.584701913465,中继
3,K3-G1,1690,Q3-T-020,,,5858.584701913465,5858.584701913465,直连
3,K3-G1,1691,Q3-T-020,,,5858.584701913465,5912.185698972191,直连
3,K3-G1,1692,Q3-T-020,,,5912.185698972191,5912.185698972191,直连
3,K3-G1,1693,Q3-T-020,,,5912.185698972191,5912.812900926294,直连
3,K3-G1,1694,Q3-T-020,,,5912.812900926294,5912.812900926294,直连
3,K3-G1,1695,Q3-T-020,,,5912.812900926294,5956.538904901849,直连
3,K3-G1,1696,Q3-T-020,,,5956.538904901849,5956.538904901849,直连
3,K3-G1,1697,Q3-T-020,,,5956.538904901849,6029.423594507273,直连
3,K3-G1,1698,Q3-T-020,,,6029.423594507273,6029.423594507273,直连
3,K3-G1,1699,Q3-T-020,,,6029.423594507273,6123.217118048449,直连
3,K3-G1,1700,Q3-T-020,,,6123.217118048449,6123.217118048449,直连
3,K3-G1,1701,Q3-T-020,,,6123.217118048449,6166.30574081574,直连
3,K3-G1,1702,Q3-T-020,,,6166.30574081574,6166.30574081574,直连
3,K3-G1,1703,Q3-T-020,,,6166.30574081574,6186.355476683869,直连
3,K3-G1,1704,Q3-T-020,,,6186.355476683869,6186.355476683869,直连
3,K3-G1,1705,Q3-T-020,,,6186.355476683869,6330.397336046556,直连
3,K3-G1,1706,Q3-T-020,,,6330.397336046556,6330.397336046556,直连
3,K3-G1,1707,Q3-T-020,,,6330.397336046556,6341.57191860001,直连
3,K3-G1,1708,Q3-T-020,,,6341.57191860001,6341.57191860001,直连
3,K3-G1,1709,Q3-T-020,,,6341.57191860001,6351.30590873842,直连
3,K3-G1,1710,Q3-T-020,,,6351.30590873842,6351.30590873842,直连
3,K3-G1,1711,Q3-T-020,,,6351.30590873842,6352.47199151576,直连
3,K3-G1,1712,Q3-T-020,,,6352.47199151576,6352.47199151576,直连
3,K3-G1,1713,Q3-T-020,,,6352.47199151576,6363.584962763853,直连
3,K3-G1,1714,Q3-T-020,,,6363.584962763853,6363.584962763853,直连
3,K3-G1,1715,Q3-T-020,,,6363.584962763853,6363.995178832306,直连
3,K3-G1,1716,Q3-T-020,,,6363.995178832306,6363.995178832306,直连
3,K3-G1,1717,Q3-T-021,,,4288.83733090177,4288.83733090177,直连
3,K3-G1,1718,Q3-T-021,,,4288.83733090177,4289.17917762548,直连
3,K3-G1,1719,Q3-T-021,,,4289.17917762548,4289.17917762548,直连
3,K3-G1,1720,Q3-T-021,,,4289.17917762548,4298.439986998892,直连
3,K3-G1,1721,Q3-T-021,,,4298.439986998892,4298.439986998892,直连
3,K3-G1,1722,Q3-T-021,,,4298.439986998892,4299.411722646675,直连
3,K3-G1,1723,Q3-T-021,,,4299.411722646675,4299.411722646675,直连
3,K3-G1,1724,Q3-T-021,,,4299.411722646675,4307.52338109535,直连
3,K3-G1,1725,Q3-T-021,,,4307.52338109535,4307.52338109535,直连
3,K3-G1,1726,Q3-T-021,,,4307.52338109535,4316.835533223228,直连
3,K3-G1,1727,Q3-T-021,,,4316.835533223228,4316.835533223228,直连
3,K3-G1,1728,Q3-T-021,,,4316.835533223228,4344.013635019608,直连
3,K3-G1,1729,Q3-T-021,,,4344.013635019608,4344.013635019608,直连
3,K3-G1,1730,Q3-T-021,,,4344.013635019608,4468.6192931167925,直连
3,K3-G1,1731,Q3-T-021,,,4468.6192931167925,4468.6192931167925,直连
3,K3-G1,1732,Q3-T-021,,,4468.6192931167925,4607.580869770656,直连
3,K3-G1,1733,Q3-T-021,,,4607.580869770656,4607.580869770656,直连
3,K3-G1,1734,Q3-T-021,Q3-R-003,Q3-R-003@K3-G1,4607.580869770656,4700.9851857978565,中继
3,K3-G1,1735,Q3-T-021,Q3-R-003,Q3-R-003@K3-G1,4700.9851857978565,4700.9851857978565,中继
3,K3-G1,1736,Q3-T-021,Q3-R-004,Q3-R-004@K3-G1,4700.9851857978565,4724.356632504744,中继
3,K3-G1,1737,Q3-T-021,Q3-R-004,Q3-R-004@K3-G1,4724.356632504744,4724.356632504744,中继
3,K3-G1,1738,Q3-T-021,Q3-R-004,Q3-R-004@K3-G1,4724.356632504744,4746.202315209247,中继
3,K3-G1,1739,Q3-T-021,Q3-R-004,Q3-R-004@K3-G1,4746.202315209247,4746.202315209247,中继
3,K3-G1,1740,Q3-T-021,Q3-R-004,Q3-R-004@K3-G1,4746.202315209247,4749.64819744615,中继
3,K3-G1,1741,Q3-T-021,Q3-R-004,Q3-R-004@K3-G1,4749.64819744615,4749.64819744615,中继
3,K3-G1,1742,Q3-T-021,Q3-R-004,Q3-R-004@K3-G1,4749.64819744615,4989.64819744615,中继
3,K3-G1,1743,Q3-T-021,Q3-R-004,Q3-R-004@K3-G1,4989.64819744615,4989.64819744615,中继
3,K3-G1,1744,Q3-T-021,Q3-R-004,Q3-R-004@K3-G1,4989.64819744615,4992.519765976903,中继
3,K3-G1,1745,Q3-T-021,Q3-R-004,Q3-R-004@K3-G1,4992.519765976903,4992.519765976903,中继
3,K3-G1,1746,Q3-T-021,Q3-R-004,Q3-R-004@K3-G1,4992.519765976903,5010.724501563989,中继
3,K3-G1,1747,Q3-T-021,Q3-R-004,Q3-R-004@K3-G1,5010.724501563989,5010.724501563989,中继
3,K3-G1,1748,Q3-T-021,Q3-R-004,Q3-R-004@K3-G1,5010.724501563989,5034.095948270877,中继
3,K3-G1,1749,Q3-T-021,Q3-R-003,Q3-R-003@K3-G1,5034.095948270877,5034.095948270877,中继
3,K3-G1,1750,Q3-T-021,Q3-R-003,Q3-R-003@K3-G1,5034.095948270877,5127.500264298077,中继
3,K3-G1,1751,Q3-T-021,,,5127.500264298077,5127.500264298077,直连
3,K3-G1,1752,Q3-T-021,,,5127.500264298077,5266.461840951941,直连
3,K3-G1,1753,Q3-T-021,,,5266.461840951941,5266.461840951941,直连
3,K3-G1,1754,Q3-T-021,,,5266.461840951941,5391.067499049125,直连
3,K3-G1,1755,Q3-T-021,,,5391.067499049125,5391.067499049125,直连
3,K3-G1,1756,Q3-T-021,,,5391.067499049125,5423.681221204782,直连
3,K3-G1,1757,Q3-T-021,,,5423.681221204782,5423.681221204782,直连
3,K3-G1,1758,Q3-T-021,,,5423.681221204782,5434.855803758235,直连
3,K3-G1,1759,Q3-T-021,,,5434.855803758235,5434.855803758235,直连
3,K3-G1,1760,Q3-T-021,,,5434.855803758235,5444.5897938966455,直连
3,K3-G1,1761,Q3-T-021,,,5444.5897938966455,5444.5897938966455,直连
3,K3-G1,1762,Q3-T-021,,,5444.5897938966455,5445.755876673986,直连
3,K3-G1,1763,Q3-T-021,,,5445.755876673986,5445.755876673986,直连
3,K3-G1,1764,Q3-T-021,,,5445.755876673986,5456.868847922078,直连
3,K3-G1,1765,Q3-T-021,,,5456.868847922078,5456.868847922078,直连
3,K3-G1,1766,Q3-T-021,,,5456.868847922078,5457.2790639905315,直连
3,K3-G1,1767,Q3-T-021,,,5457.2790639905315,5457.2790639905315,直连
3,K3-G1,1768,Q3-T-022,,,4541.996459920166,4541.996459920166,直连
3,K3-G1,1769,Q3-T-022,,,4541.996459920166,4542.406675988619,直连
3,K3-G1,1770,Q3-T-022,,,4542.406675988619,4542.406675988619,直连
3,K3-G1,1771,Q3-T-022,,,4542.406675988619,4553.5196472367115,直连
3,K3-G1,1772,Q3-T-022,,,4553.5196472367115,4553.5196472367115,直连
3,K3-G1,1773,Q3-T-022,,,4553.5196472367115,4554.685730014052,直连
3,K3-G1,1774,Q3-T-022,,,4554.685730014052,4554.685730014052,直连
3,K3-G1,1775,Q3-T-022,,,4554.685730014052,4564.419720152462,直连
3,K3-G1,1776,Q3-T-022,,,4564.419720152462,4564.419720152462,直连
3,K3-G1,1777,Q3-T-022,,,4564.419720152462,4575.594302705916,直连
3,K3-G1,1778,Q3-T-022,,,4575.594302705916,4575.594302705916,直连
3,K3-G1,1779,Q3-T-022,,,4575.594302705916,4700.9851857978565,直连
3,K3-G1,1780,Q3-T-022,,,4700.9851857978565,4700.9851857978565,直连
3,K3-G1,1781,Q3-T-022,,,4700.9851857978565,4715.638115193603,直连
3,K3-G1,1782,Q3-T-022,,,4715.638115193603,4715.638115193603,直连
3,K3-G1,1783,Q3-T-022,,,4715.638115193603,4762.787894612268,直连
3,K3-G1,1784,Q3-T-022,,,4762.787894612268,4762.787894612268,直连
3,K3-G1,1785,Q3-T-022,,,4762.787894612268,4819.923665440968,直连
3,K3-G1,1786,Q3-T-022,,,4819.923665440968,4819.923665440968,直连
3,K3-G1,1787,Q3-T-022,,,4819.923665440968,4962.539813464822,直连
3,K3-G1,1788,Q3-T-022,,,4962.539813464822,4962.539813464822,直连
3,K3-G1,1789,Q3-T-022,,,4962.539813464822,4968.72633257106,直连
3,K3-G1,1790,Q3-T-022,,,4968.72633257106,4968.72633257106,直连
3,K3-G1,1791,Q3-T-022,,,4968.72633257106,4977.918997316138,直连
3,K3-G1,1792,Q3-T-022,,,4977.918997316138,4977.918997316138,直连
3,K3-G1,1793,Q3-T-022,Q3-R-003,Q3-R-003@K3-G1,4977.918997316138,5019.235777327583,中继
3,K3-G1,1794,Q3-T-022,Q3-R-003,Q3-R-003@K3-G1,5019.235777327583,5019.235777327583,中继
3,K3-G1,1795,Q3-T-022,Q3-R-003,Q3-R-003@K3-G1,5019.235777327583,5040.134950724697,中继
3,K3-G1,1796,Q3-T-022,Q3-R-004,Q3-R-004@K3-G1,5040.134950724697,5040.134950724697,中继
3,K3-G1,1797,Q3-T-022,Q3-R-004,Q3-R-004@K3-G1,5040.134950724697,5078.777839795239,中继
3,K3-G1,1798,Q3-T-022,Q3-R-004,Q3-R-004@K3-G1,5078.777839795239,5078.777839795239,中继
3,K3-G1,1799,Q3-T-022,Q3-R-004,Q3-R-004@K3-G1,5078.777839795239,5199.850065630656,中继
3,K3-G1,1800,Q3-T-022,Q3-R-004,Q3-R-004@K3-G1,5199.850065630656,5199.850065630656,中继
3,K3-G1,1801,Q3-T-022,Q3-R-004,Q3-R-004@K3-G1,5199.850065630656,5276.712217494603,中继
3,K3-G1,1802,Q3-T-022,Q3-R-004,Q3-R-004@K3-G1,5276.712217494603,5276.712217494603,中继
3,K3-G1,1803,Q3-T-022,Q3-R-004,Q3-R-004@K3-G1,5276.712217494603,5311.502134722453,中继
3,K3-G1,1804,Q3-T-022,Q3-R-004,Q3-R-004@K3-G1,5311.502134722453,5311.502134722453,中继
3,K3-G1,1805,Q3-T-022,Q3-R-004,Q3-R-004@K3-G1,5311.502134722453,5707.502134722453,中继
3,K3-G1,1806,Q3-T-022,Q3-R-004,Q3-R-004@K3-G1,5707.502134722453,5707.502134722453,中继
3,K3-G1,1807,Q3-T-022,Q3-R-004,Q3-R-004@K3-G1,5707.502134722453,5735.334068504733,中继
3,K3-G1,1808,Q3-T-022,Q3-R-004,Q3-R-004@K3-G1,5735.334068504733,5735.334068504733,中继
3,K3-G1,1809,Q3-T-022,Q3-R-004,Q3-R-004@K3-G1,5735.334068504733,5796.82378999589,中继
3,K3-G1,1810,Q3-T-022,Q3-R-004,Q3-R-004@K3-G1,5796.82378999589,5796.82378999589,中继
3,K3-G1,1811,Q3-T-022,Q3-R-004,Q3-R-004@K3-G1,5796.82378999589,5917.8960158313075,中继
3,K3-G1,1812,Q3-T-022,Q3-R-004,Q3-R-004@K3-G1,5917.8960158313075,5917.8960158313075,中继
3,K3-G1,1813,Q3-T-022,Q3-R-004,Q3-R-004@K3-G1,5917.8960158313075,5956.538904901849,中继
3,K3-G1,1814,Q3-T-022,Q3-R-004,Q3-R-004@K3-G1,5956.538904901849,5956.538904901849,中继
3,K3-G1,1815,Q3-T-022,Q3-R-003,Q3-R-003@K3-G1,5956.5389049018495,5977.438078298964,中继
3,K3-G1,1816,Q3-T-022,Q3-R-003,Q3-R-003@K3-G1,5977.438078298964,5977.438078298964,中继
3,K3-G1,1817,Q3-T-022,Q3-R-003,Q3-R-003@K3-G1,5977.438078298964,6018.754858310408,中继
3,K3-G1,1818,Q3-T-022,,,6018.754858310408,6018.754858310408,直连
3,K3-G1,1819,Q3-T-022,,,6018.754858310408,6027.947523055486,直连
3,K3-G1,1820,Q3-T-022,,,6027.947523055486,6027.947523055486,直连
3,K3-G1,1821,Q3-T-022,,,6027.947523055486,6034.134042161724,直连
3,K3-G1,1822,Q3-T-022,,,6034.134042161724,6034.134042161724,直连
3,K3-G1,1823,Q3-T-022,,,6034.134042161724,6166.30574081574,直连
3,K3-G1,1824,Q3-T-022,,,6166.30574081574,6166.30574081574,直连
3,K3-G1,1825,Q3-T-022,,,6166.30574081574,6176.7501901855785,直连
3,K3-G1,1826,Q3-T-022,,,6176.7501901855785,6176.7501901855785,直连
3,K3-G1,1827,Q3-T-022,,,6176.7501901855785,6233.885961014278,直连
3,K3-G1,1828,Q3-T-022,,,6233.885961014278,6233.885961014278,直连
3,K3-G1,1829,Q3-T-022,,,6233.885961014278,6281.035740432943,直连
3,K3-G1,1830,Q3-T-022,,,6281.035740432943,6281.035740432943,直连
3,K3-G1,1831,Q3-T-022,,,6281.035740432943,6456.090506042553,直连
3,K3-G1,1832,Q3-T-022,,,6456.090506042553,6456.090506042553,直连
3,K3-G1,1833,Q3-T-022,,,6456.090506042553,6470.05873423437,直连
3,K3-G1,1834,Q3-T-022,,,6470.05873423437,6470.05873423437,直连
3,K3-G1,1835,Q3-T-022,,,6470.05873423437,6482.226221907382,直连
3,K3-G1,1836,Q3-T-022,,,6482.226221907382,6482.226221907382,直连
3,K3-G1,1837,Q3-T-022,,,6482.226221907382,6483.683825379057,直连
3,K3-G1,1838,Q3-T-022,,,6483.683825379057,6483.683825379057,直连
3,K3-G1,1839,Q3-T-022,,,6483.683825379057,6497.575039439173,直连
3,K3-G1,1840,Q3-T-022,,,6497.575039439173,6497.575039439173,直连
3,K3-G1,1841,Q3-T-022,,,6497.575039439173,6498.08780952474,直连
3,K3-G1,1842,Q3-T-022,,,6498.08780952474,6498.08780952474,直连
3,K3-G1,1843,Q3-T-023,,,4823.967695364228,4823.967695364228,直连
3,K3-G1,1844,Q3-T-023,,,4823.967695364228,4824.309542087939,直连
3,K3-G1,1845,Q3-T-023,,,4824.309542087939,4824.309542087939,直连
3,K3-G1,1846,Q3-T-023,,,4824.309542087939,4833.570351461351,直连
3,K3-G1,1847,Q3-T-023,,,4833.570351461351,4833.570351461351,直连
3,K3-G1,1848,Q3-T-023,,,4833.570351461351,4834.542087109134,直连
3,K3-G1,1849,Q3-T-023,,,4834.542087109134,4834.542087109134,直连
3,K3-G1,1850,Q3-T-023,,,4834.542087109134,4842.653745557808,直连
3,K3-G1,1851,Q3-T-023,,,4842.653745557808,4842.653745557808,直连
3,K3-G1,1852,Q3-T-023,,,4842.653745557808,4851.965897685686,直连
3,K3-G1,1853,Q3-T-023,,,4851.965897685686,4851.965897685686,直连
3,K3-G1,1854,Q3-T-023,,,4851.965897685686,4972.000780487926,直连
3,K3-G1,1855,Q3-T-023,,,4972.000780487926,4972.000780487926,直连
3,K3-G1,1856,Q3-T-023,,,4972.000780487926,5035.139139123346,直连
3,K3-G1,1857,Q3-T-023,,,5035.139139123346,5035.139139123346,直连
3,K3-G1,1858,Q3-T-023,,,5035.139139123346,5128.932662664522,直连
3,K3-G1,1859,Q3-T-023,,,5128.932662664522,5128.932662664522,直连
3,K3-G1,1860,Q3-T-023,,,5128.932662664522,5245.543356245501,直连
3,K3-G1,1861,Q3-T-023,,,5245.543356245501,5245.543356245501,直连
3,K3-G1,1862,Q3-T-023,,,5245.543356245501,5246.170558199604,直连
3,K3-G1,1863,Q3-T-023,,,5246.170558199604,5246.170558199604,直连
3,K3-G1,1864,Q3-T-023,,,5246.170558199604,5299.7715552583295,直连
3,K3-G1,1865,Q3-T-023,,,5299.7715552583295,5299.7715552583295,直连
3,K3-G1,1866,Q3-T-023,Q3-R-003,Q3-R-003@K3-G1,5299.7715552583295,5326.736809380113,中继
3,K3-G1,1867,Q3-T-023,Q3-R-003,Q3-R-003@K3-G1,5326.736809380113,5326.736809380113,中继
3,K3-G1,1868,Q3-T-023,Q3-R-003,Q3-R-003@K3-G1,5326.736809380113,5387.170719970258,中继
3,K3-G1,1869,Q3-T-023,Q3-R-004,Q3-R-004@K3-G1,5387.170719970258,5387.170719970258,中继
3,K3-G1,1870,Q3-T-023,Q3-R-004,Q3-R-004@K3-G1,5387.170719970258,5406.425402947186,中继
3,K3-G1,1871,Q3-T-023,Q3-R-004,Q3-R-004@K3-G1,5406.425402947186,5406.425402947186,中继
3,K3-G1,1872,Q3-T-023,Q3-R-003,Q3-R-003@K3-G1,5406.425402947186,5414.5413455899725,中继
3,K3-G1,1873,Q3-T-023,Q3-R-004,Q3-R-004@K3-G1,5414.5413455899725,5414.5413455899725,中继
3,K3-G1,1874,Q3-T-023,Q3-R-004,Q3-R-004@K3-G1,5414.5413455899725,5423.178835326512,中继
3,K3-G1,1875,Q3-T-023,Q3-R-004,Q3-R-004@K3-G1,5423.178835326512,5423.178835326512,中继
3,K3-G1,1876,Q3-T-023,Q3-R-003,Q3-R-003@K3-G1,5423.178835326512,5433.586604223035,中继
3,K3-G1,1877,Q3-T-023,Q3-R-004,Q3-R-004@K3-G1,5433.586604223035,5433.586604223035,中继
3,K3-G1,1878,Q3-T-023,Q3-R-004,Q3-R-004@K3-G1,5433.586604223035,5464.752553602299,中继
3,K3-G1,1879,Q3-T-023,Q3-R-004,Q3-R-004@K3-G1,5464.752553602299,5464.752553602299,中继
3,K3-G1,1880,Q3-T-023,Q3-R-004,Q3-R-004@K3-G1,5464.752553602299,5472.7826947896165,中继
3,K3-G1,1881,Q3-T-023,Q3-R-004,Q3-R-004@K3-G1,5472.7826947896165,5472.7826947896165,中继
3,K3-G1,1882,Q3-T-023,Q3-R-004,Q3-R-004@K3-G1,5472.7826947896165,5483.073327147876,中继
3,K3-G1,1883,Q3-T-023,Q3-R-004,Q3-R-004@K3-G1,5483.073327147876,5483.073327147876,中继
3,K3-G1,1884,Q3-T-023,Q3-R-004,Q3-R-004@K3-G1,5483.073327147876,5511.702396938054,中继
3,K3-G1,1885,Q3-T-023,Q3-R-004,Q3-R-004@K3-G1,5511.702396938054,5511.702396938054,中继
3,K3-G1,1886,Q3-T-023,Q3-R-004,Q3-R-004@K3-G1,5511.702396938054,5721.702396938054,中继
3,K3-G1,1887,Q3-T-023,Q3-R-004,Q3-R-004@K3-G1,5721.702396938054,5721.702396938054,中继
3,K3-G1,1888,Q3-T-023,Q3-R-004,Q3-R-004@K3-G1,5721.702396938054,5745.559955096536,中继
3,K3-G1,1889,Q3-T-023,Q3-R-004,Q3-R-004@K3-G1,5745.559955096536,5745.559955096536,中继
3,K3-G1,1890,Q3-T-023,Q3-R-004,Q3-R-004@K3-G1,5745.559955096536,5754.135482061753,中继
3,K3-G1,1891,Q3-T-023,Q3-R-004,Q3-R-004@K3-G1,5754.135482061753,5754.135482061753,中继
3,K3-G1,1892,Q3-T-023,Q3-R-004,Q3-R-004@K3-G1,5754.135482061753,5762.16562324907,中继
3,K3-G1,1893,Q3-T-023,Q3-R-004,Q3-R-004@K3-G1,5762.16562324907,5762.16562324907,中继
3,K3-G1,1894,Q3-T-023,Q3-R-004,Q3-R-004@K3-G1,5762.16562324907,5793.3315726283345,中继
3,K3-G1,1895,Q3-T-023,Q3-R-004,Q3-R-004@K3-G1,5793.3315726283345,5793.3315726283345,中继
3,K3-G1,1896,Q3-T-023,Q3-R-003,Q3-R-003@K3-G1,5793.3315726283345,5803.739341524857,中继
3,K3-G1,1897,Q3-T-023,Q3-R-004,Q3-R-004@K3-G1,5803.739341524857,5803.739341524857,中继
3,K3-G1,1898,Q3-T-023,Q3-R-004,Q3-R-004@K3-G1,5803.739341524857,5812.376831261397,中继
3,K3-G1,1899,Q3-T-023,Q3-R-004,Q3-R-004@K3-G1,5812.376831261397,5812.376831261397,中继
3,K3-G1,1900,Q3-T-023,Q3-R-003,Q3-R-003@K3-G1,5812.376831261397,5820.492773904183,中继
3,K3-G1,1901,Q3-T-023,Q3-R-004,Q3-R-004@K3-G1,5820.492773904183,5820.492773904183,中继
3,K3-G1,1902,Q3-T-023,Q3-R-004,Q3-R-004@K3-G1,5820.492773904183,5839.747456881111,中继
3,K3-G1,1903,Q3-T-023,Q3-R-004,Q3-R-004@K3-G1,5839.747456881111,5839.747456881111,中继
3,K3-G1,1904,Q3-T-023,Q3-R-003,Q3-R-003@K3-G1,5839.747456881111,5900.181367471256,中继
3,K3-G1,1905,Q3-T-023,Q3-R-003,Q3-R-003@K3-G1,5900.181367471256,5900.181367471256,中继
3,K3-G1,1906,Q3-T-023,Q3-R-003,Q3-R-003@K3-G1,5900.181367471256,5927.1466215930395,中继
3,K3-G1,1907,Q3-T-023,,,5927.1466215930395,5927.1466215930395,直连
3,K3-G1,1908,Q3-T-023,,,5927.1466215930395,5956.538904901849,直连
3,K3-G1,1909,Q3-T-023,,,5956.538904901849,5956.538904901849,直连
3,K3-G1,1910,Q3-T-023,,,5956.538904901849,5980.747618651765,直连
3,K3-G1,1911,Q3-T-023,,,5980.747618651765,5980.747618651765,直连
3,K3-G1,1912,Q3-T-023,,,5980.747618651765,5981.374820605868,直连
3,K3-G1,1913,Q3-T-023,,,5981.374820605868,5981.374820605868,直连
3,K3-G1,1914,Q3-T-023,,,5981.374820605868,6097.9855141868475,直连
3,K3-G1,1915,Q3-T-023,,,6097.9855141868475,6097.9855141868475,直连
3,K3-G1,1916,Q3-T-023,,,6097.9855141868475,6166.30574081574,直连
3,K3-G1,1917,Q3-T-023,,,6166.30574081574,6166.30574081574,直连
3,K3-G1,1918,Q3-T-023,,,6166.30574081574,6191.7790377280235,直连
3,K3-G1,1919,Q3-T-023,,,6191.7790377280235,6191.7790377280235,直连
3,K3-G1,1920,Q3-T-023,,,6191.7790377280235,6254.917396363443,直连
3,K3-G1,1921,Q3-T-023,,,6254.917396363443,6254.917396363443,直连
3,K3-G1,1922,Q3-T-023,,,6254.917396363443,6398.95925572613,直连
3,K3-G1,1923,Q3-T-023,,,6398.95925572613,6398.95925572613,直连
3,K3-G1,1924,Q3-T-023,,,6398.95925572613,6410.133838279584,直连
3,K3-G1,1925,Q3-T-023,,,6410.133838279584,6410.133838279584,直连
3,K3-G1,1926,Q3-T-023,,,6410.133838279584,6419.867828417994,直连
3,K3-G1,1927,Q3-T-023,,,6419.867828417994,6419.867828417994,直连
3,K3-G1,1928,Q3-T-023,,,6419.867828417994,6421.033911195334,直连
3,K3-G1,1929,Q3-T-023,,,6421.033911195334,6421.033911195334,直连
3,K3-G1,1930,Q3-T-023,,,6421.033911195334,6432.146882443427,直连
3,K3-G1,1931,Q3-T-023,,,6432.146882443427,6432.146882443427,直连
3,K3-G1,1932,Q3-T-023,,,6432.146882443427,6432.55709851188,直连
3,K3-G1,1933,Q3-T-023,,,6432.55709851188,6432.55709851188,直连
3,K3-G1,1934,Q3-T-024,,,5197.945123347221,5197.945123347221,直连
3,K3-G1,1935,Q3-T-024,,,5197.945123347221,5198.355339415674,直连
3,K3-G1,1936,Q3-T-024,,,5198.355339415674,5198.355339415674,直连
3,K3-G1,1937,Q3-T-024,,,5198.355339415674,5209.468310663768,直连
3,K3-G1,1938,Q3-T-024,,,5209.468310663768,5209.468310663768,直连
3,K3-G1,1939,Q3-T-024,,,5209.468310663768,5210.634393441108,直连
3,K3-G1,1940,Q3-T-024,,,5210.634393441108,5210.634393441108,直连
3,K3-G1,1941,Q3-T-024,,,5210.634393441108,5220.368383579517,直连
3,K3-G1,1942,Q3-T-024,,,5220.368383579517,5220.368383579517,直连
3,K3-G1,1943,Q3-T-024,,,5220.368383579517,5231.542966132971,直连
3,K3-G1,1944,Q3-T-024,,,5231.542966132971,5231.542966132971,直连
3,K3-G1,1945,Q3-T-024,,,5231.542966132971,5277.429478815971,直连
3,K3-G1,1946,Q3-T-024,,,5277.429478815971,5277.429478815971,直连
3,K3-G1,1947,Q3-T-024,,,5277.429478815971,5517.159631138552,直连
3,K3-G1,1948,Q3-T-024,,,5517.159631138552,5517.159631138552,直连
3,K3-G1,1949,Q3-T-024,,,5517.159631138552,5528.546937701526,直连
3,K3-G1,1950,Q3-T-024,,,5528.546937701526,5528.546937701526,直连
3,K3-G1,1951,Q3-T-024,,,5528.546937701526,5540.913987165479,直连
3,K3-G1,1952,Q3-T-024,,,5540.913987165479,5540.913987165479,直连
3,K3-G1,1953,Q3-T-024,Q3-R-003,Q3-R-003@K3-G1,5540.913987165479,5543.122989717467,中继
3,K3-G1,1954,Q3-T-024,Q3-R-003,Q3-R-003@K3-G1,5543.122989717467,5543.122989717467,中继
3,K3-G1,1955,Q3-T-024,Q3-R-003,Q3-R-003@K3-G1,5543.122989717467,5609.463714267939,中继
3,K3-G1,1956,Q3-T-024,Q3-R-003,Q3-R-003@K3-G1,5609.463714267939,5609.463714267939,中继
3,K3-G1,1957,Q3-T-024,Q3-R-003,Q3-R-003@K3-G1,5609.463714267939,5629.469941274175,中继
3,K3-G1,1958,Q3-T-024,Q3-R-003,Q3-R-003@K3-G1,5629.469941274175,5629.469941274175,中继
3,K3-G1,1959,Q3-T-024,Q3-R-003,Q3-R-003@K3-G1,5629.469941274175,5669.607507495902,中继
3,K3-G1,1960,Q3-T-024,Q3-R-003,Q3-R-003@K3-G1,5669.607507495902,5669.607507495902,中继
3,K3-G1,1961,Q3-T-024,Q3-R-003,Q3-R-003@K3-G1,5669.607507495902,5688.60339046821,中继
3,K3-G1,1962,Q3-T-024,Q3-R-003,Q3-R-003@K3-G1,5688.60339046821,5688.60339046821,中继
3,K3-G1,1963,Q3-T-024,Q3-R-003,Q3-R-003@K3-G1,5688.60339046821,5695.175385610112,中继
3,K3-G1,1964,Q3-T-024,Q3-R-003,Q3-R-003@K3-G1,5695.175385610112,5695.175385610112,中继
3,K3-G1,1965,Q3-T-024,Q3-R-003,Q3-R-003@K3-G1,5695.175385610112,5956.538904901849,中继
3,K3-G1,1966,Q3-T-024,Q3-R-003,Q3-R-003@K3-G1,5956.538904901849,5956.538904901849,中继
3,K3-G1,1967,Q3-T-024,Q3-R-003,Q3-R-003@K3-G1,5956.538904901849,6019.175385610112,中继
3,K3-G1,1968,Q3-T-024,Q3-R-003,Q3-R-003@K3-G1,6019.175385610112,6019.175385610112,中继
3,K3-G1,1969,Q3-T-024,Q3-R-003,Q3-R-003@K3-G1,6019.175385610112,6024.432981723634,中继
3,K3-G1,1970,Q3-T-024,Q3-R-003,Q3-R-003@K3-G1,6024.432981723634,6024.432981723634,中继
3,K3-G1,1971,Q3-T-024,Q3-R-003,Q3-R-003@K3-G1,6024.432981723634,6039.6296881014805,中继
3,K3-G1,1972,Q3-T-024,Q3-R-003,Q3-R-003@K3-G1,6039.6296881014805,6039.6296881014805,中继
3,K3-G1,1973,Q3-T-024,Q3-R-003,Q3-R-003@K3-G1,6039.6296881014805,6071.739741078863,中继
3,K3-G1,1974,Q3-T-024,Q3-R-003,Q3-R-003@K3-G1,6071.739741078863,6071.739741078863,中继
3,K3-G1,1975,Q3-T-024,Q3-R-003,Q3-R-003@K3-G1,6071.739741078863,6091.745968085098,中继
3,K3-G1,1976,Q3-T-024,Q3-R-003,Q3-R-003@K3-G1,6091.745968085098,6091.745968085098,中继
3,K3-G1,1977,Q3-T-024,Q3-R-003,Q3-R-003@K3-G1,6091.745968085098,6158.08669263557,中继
3,K3-G1,1978,Q3-T-024,Q3-R-003,Q3-R-003@K3-G1,6158.08669263557,6158.08669263557,中继
3,K3-G1,1979,Q3-T-024,Q3-R-003,Q3-R-003@K3-G1,6158.08669263557,6160.295695187559,中继
3,K3-G1,1980,Q3-T-024,,,6160.295695187559,6160.295695187559,直连
3,K3-G1,1981,Q3-T-024,,,6160.295695187559,6166.30574081574,直连
3,K3-G1,1982,Q3-T-024,,,6166.30574081574,6166.30574081574,直连
3,K3-G1,1983,Q3-T-024,,,6166.30574081574,6172.662744651511,直连
3,K3-G1,1984,Q3-T-024,,,6172.662744651511,6172.662744651511,直连
3,K3-G1,1985,Q3-T-024,,,6172.662744651511,6184.050051214485,直连
3,K3-G1,1986,Q3-T-024,,,6184.050051214485,6184.050051214485,直连
3,K3-G1,1987,Q3-T-024,,,6184.050051214485,6423.780203537066,直连
3,K3-G1,1988,Q3-T-024,,,6423.780203537066,6423.780203537066,直连
3,K3-G1,1989,Q3-T-024,,,6423.780203537066,6481.138344390816,直连
3,K3-G1,1990,Q3-T-024,,,6481.138344390816,6481.138344390816,直连
3,K3-G1,1991,Q3-T-024,,,6481.138344390816,6495.106572582633,直连
3,K3-G1,1992,Q3-T-024,,,6495.106572582633,6495.106572582633,直连
3,K3-G1,1993,Q3-T-024,,,6495.106572582633,6507.274060255645,直连
3,K3-G1,1994,Q3-T-024,,,6507.274060255645,6507.274060255645,直连
3,K3-G1,1995,Q3-T-024,,,6507.274060255645,6508.731663727321,直连
3,K3-G1,1996,Q3-T-024,,,6508.731663727321,6508.731663727321,直连
3,K3-G1,1997,Q3-T-024,,,6508.731663727321,6522.622877787437,直连
3,K3-G1,1998,Q3-T-024,,,6522.622877787437,6522.622877787437,直连
3,K3-G1,1999,Q3-T-024,,,6522.622877787437,6523.135647873003,直连
3,K3-G1,2000,Q3-T-024,,,6523.135647873003,6523.135647873003,直连
3,K3-G1,2001,Q3-T-025,,,5817.279063990531,5817.279063990531,直连
3,K3-G1,2002,Q3-T-025,,,5817.279063990531,5817.620910714241,直连
3,K3-G1,2003,Q3-T-025,,,5817.620910714241,5817.620910714241,直连
3,K3-G1,2004,Q3-T-025,,,5817.620910714241,5826.881720087653,直连
3,K3-G1,2005,Q3-T-025,,,5826.881720087653,5826.881720087653,直连
3,K3-G1,2006,Q3-T-025,,,5826.881720087653,5827.853455735436,直连
3,K3-G1,2007,Q3-T-025,,,5827.853455735436,5827.853455735436,直连
3,K3-G1,2008,Q3-T-025,,,5827.853455735436,5835.965114184111,直连
3,K3-G1,2009,Q3-T-025,,,5835.965114184111,5835.965114184111,直连
3,K3-G1,2010,Q3-T-025,,,5835.965114184111,5845.277266311989,直连
3,K3-G1,2011,Q3-T-025,,,5845.277266311989,5845.277266311989,直连
3,K3-G1,2012,Q3-T-025,,,5845.277266311989,5873.166315780895,直连
3,K3-G1,2013,Q3-T-025,,,5873.166315780895,5873.166315780895,直连
3,K3-G1,2014,Q3-T-025,,,5873.166315780895,5937.825529076382,直连
3,K3-G1,2015,Q3-T-025,,,5937.825529076382,5937.825529076382,直连
3,K3-G1,2016,Q3-T-025,,,5937.825529076382,5956.538904901849,直连
3,K3-G1,2017,Q3-T-025,,,5956.538904901849,5956.538904901849,直连
3,K3-G1,2018,Q3-T-025,,,5956.538904901849,5996.372008550335,直连
3,K3-G1,2019,Q3-T-025,,,5996.372008550335,5996.372008550335,直连
3,K3-G1,2020,Q3-T-025,,,5996.372008550335,6036.849821125564,直连
3,K3-G1,2021,Q3-T-025,,,6036.849821125564,6036.849821125564,直连
3,K3-G1,2022,Q3-T-025,,,6036.849821125564,6055.002515789083,直连
3,K3-G1,2023,Q3-T-025,,,6055.002515789083,6055.002515789083,直连
3,K3-G1,2024,Q3-T-025,,,6055.002515789083,6060.371264626338,直连
3,K3-G1,2025,Q3-T-025,,,6060.371264626338,6060.371264626338,直连
3,K3-G1,2026,Q3-T-025,,,6060.371264626338,6077.834903540356,直连
3,K3-G1,2027,Q3-T-025,,,6077.834903540356,6077.834903540356,直连
3,K3-G1,2028,Q3-T-025,,,6077.834903540356,6093.675966774776,直连
3,K3-G1,2029,Q3-T-025,,,6093.675966774776,6093.675966774776,直连
3,K3-G1,2030,Q3-T-025,,,6093.675966774776,6166.30574081574,直连
3,K3-G1,2031,Q3-T-025,,,6166.30574081574,6166.30574081574,直连
3,K3-G1,2032,Q3-T-025,,,6166.30574081574,6303.675966774776,直连
3,K3-G1,2033,Q3-T-025,,,6303.675966774776,6303.675966774776,直连
3,K3-G1,2034,Q3-T-025,,,6303.675966774776,6316.876852803458,直连
3,K3-G1,2035,Q3-T-025,,,6316.876852803458,6316.876852803458,直连
3,K3-G1,2036,Q3-T-025,,,6316.876852803458,6331.429885231807,直连
3,K3-G1,2037,Q3-T-025,,,6331.429885231807,6331.429885231807,直连
3,K3-G1,2038,Q3-T-025,,,6331.429885231807,6336.798634069062,直连
3,K3-G1,2039,Q3-T-025,,,6336.798634069062,6336.798634069062,直连
3,K3-G1,2040,Q3-T-025,,,6336.798634069062,6354.951328732582,直连
3,K3-G1,2041,Q3-T-025,,,6354.951328732582,6354.951328732582,直连
3,K3-G1,2042,Q3-T-025,,,6354.951328732582,6395.429141307811,直连
3,K3-G1,2043,Q3-T-025,,,6395.429141307811,6395.429141307811,直连
3,K3-G1,2044,Q3-T-025,,,6395.429141307811,6453.975620781764,直连
3,K3-G1,2045,Q3-T-025,,,6453.975620781764,6453.975620781764,直连
3,K3-G1,2046,Q3-T-025,,,6453.975620781764,6518.63483407725,直连
3,K3-G1,2047,Q3-T-025,,,6518.63483407725,6518.63483407725,直连
3,K3-G1,2048,Q3-T-025,,,6518.63483407725,6552.101693439938,直连
3,K3-G1,2049,Q3-T-025,,,6552.101693439938,6552.101693439938,直连
3,K3-G1,2050,Q3-T-025,,,6552.101693439938,6563.276275993391,直连
3,K3-G1,2051,Q3-T-025,,,6563.276275993391,6563.276275993391,直连
3,K3-G1,2052,Q3-T-025,,,6563.276275993391,6573.0102661318015,直连
3,K3-G1,2053,Q3-T-025,,,6573.0102661318015,6573.0102661318015,直连
3,K3-G1,2054,Q3-T-025,,,6573.0102661318015,6574.176348909142,直连
3,K3-G1,2055,Q3-T-025,,,6574.176348909142,6574.176348909142,直连
3,K3-G1,2056,Q3-T-025,,,6574.176348909142,6585.289320157234,直连
3,K3-G1,2057,Q3-T-025,,,6585.289320157234,6585.289320157234,直连
3,K3-G1,2058,Q3-T-025,,,6585.289320157234,6585.699536225688,直连
3,K3-G1,2059,Q3-T-025,,,6585.699536225688,6585.699536225688,直连
3,K3-G2,467,Q3-T-007,,,480.0,480.0,直连
3,K3-G2,468,Q3-T-007,,,480.0,480.4102160684531,直连
3,K3-G2,469,Q3-T-007,,,480.4102160684531,480.4102160684531,直连
3,K3-G2,470,Q3-T-007,,,480.4102160684531,491.5231873165462,直连
3,K3-G2,471,Q3-T-007,,,491.5231873165462,491.5231873165462,直连
3,K3-G2,472,Q3-T-007,,,491.5231873165462,492.6892700938865,直连
3,K3-G2,473,Q3-T-007,,,492.6892700938865,492.6892700938865,直连
3,K3-G2,474,Q3-T-007,,,492.6892700938865,502.42326023229634,直连
3,K3-G2,475,Q3-T-007,,,502.42326023229634,502.42326023229634,直连
3,K3-G2,476,Q3-T-007,,,502.42326023229634,513.5978427857495,直连
3,K3-G2,477,Q3-T-007,,,513.5978427857495,513.5978427857495,直连
3,K3-G2,478,Q3-T-007,,,513.5978427857495,575.3591357421875,直连
3,K3-G2,479,Q3-T-007,,,575.3591357421875,575.3591357421875,直连
3,K3-G2,480,Q3-T-007,,,575.3591357421875,635.4678711760789,直连
3,K3-G2,481,Q3-T-007,,,635.4678711760789,635.4678711760789,直连
3,K3-G2,482,Q3-T-007,,,635.4678711760789,668.3565409173968,直连
3,K3-G2,483,Q3-T-007,,,668.3565409173968,668.3565409173968,直连
3,K3-G2,484,Q3-T-007,,,668.3565409173968,670.4880552747222,直连
3,K3-G2,485,Q3-T-007,,,670.4880552747222,670.4880552747222,直连
3,K3-G2,486,Q3-T-007,,,670.4880552747222,675.5171422151001,直连
3,K3-G2,487,Q3-T-007,,,675.5171422151001,675.5171422151001,直连
3,K3-G2,488,Q3-T-007,,,675.5171422151001,744.679230704014,直连
3,K3-G2,489,Q3-T-007,,,744.679230704014,744.679230704014,直连
3,K3-G2,490,Q3-T-007,,,744.679230704014,757.4551841725358,直连
3,K3-G2,491,Q3-T-007,,,757.4551841725358,757.4551841725358,直连
3,K3-G2,492,Q3-T-007,,,757.4551841725358,787.7730143031038,直连
3,K3-G2,493,Q3-T-007,,,787.7730143031038,787.7730143031038,直连
3,K3-G2,494,Q3-T-007,,,787.7730143031038,797.7026457866579,直连
3,K3-G2,495,Q3-T-007,,,797.7026457866579,797.7026457866579,直连
3,K3-G2,496,Q3-T-007,,,797.7026457866579,801.1180267049251,直连
3,K3-G2,497,Q3-T-007,,,801.1180267049251,801.1180267049251,直连
3,K3-G2,498,Q3-T-007,,,801.1180267049251,813.4219339808382,直连
3,K3-G2,499,Q3-T-007,,,813.4219339808382,813.4219339808382,直连
3,K3-G2,500,Q3-T-007,,,813.4219339808382,864.805648987166,直连
3,K3-G2,501,Q3-T-007,,,864.805648987166,864.805648987166,直连
3,K3-G2,502,Q3-T-007,,,864.805648987166,1209.4219339808383,直连
3,K3-G2,503,Q3-T-007,,,1209.4219339808383,1209.4219339808383,直连
3,K3-G2,504,Q3-T-007,,,1209.4219339808383,1219.2650598015687,直连
3,K3-G2,505,Q3-T-007,,,1219.2650598015687,1219.2650598015687,直连
3,K3-G2,506,Q3-T-007,,,1219.2650598015687,1221.9973645361824,直连
3,K3-G2,507,Q3-T-007,,,1221.9973645361824,1221.9973645361824,直连
3,K3-G2,508,Q3-T-007,,,1221.9973645361824,1225.977956606348,直连
3,K3-G2,509,Q3-T-007,,,1225.977956606348,1225.977956606348,直连
3,K3-G2,510,Q3-T-007,,,1225.977956606348,1229.9410697230257,直连
3,K3-G2,511,Q3-T-007,,,1229.9410697230257,1229.9410697230257,直连
3,K3-G2,512,Q3-T-007,,,1229.9410697230257,1260.2588998535937,直连
3,K3-G2,513,Q3-T-007,,,1260.2588998535937,1260.2588998535937,直连
3,K3-G2,514,Q3-T-007,,,1260.2588998535937,1342.1969418110295,直连
3,K3-G2,515,Q3-T-007,,,1342.1969418110295,1342.1969418110295,直连
3,K3-G2,516,Q3-T-007,,,1342.1969418110295,1347.2260287514075,直连
3,K3-G2,517,Q3-T-007,,,1347.2260287514075,1347.2260287514075,直连
3,K3-G2,518,Q3-T-007,,,1347.2260287514075,1349.3575431087327,直连
3,K3-G2,519,Q3-T-007,,,1349.3575431087327,1349.3575431087327,直连
3,K3-G2,520,Q3-T-007,,,1349.3575431087327,1382.2462128500506,直连
3,K3-G2,521,Q3-T-007,,,1382.2462128500506,1382.2462128500506,直连
3,K3-G2,522,Q3-T-007,,,1382.2462128500506,1442.3549482839421,直连
3,K3-G2,523,Q3-T-007,,,1442.3549482839421,1442.3549482839421,直连
3,K3-G2,524,Q3-T-007,,,1442.3549482839421,1519.5565644794897,直连
3,K3-G2,525,Q3-T-007,,,1519.5565644794897,1519.5565644794897,直连
3,K3-G2,526,Q3-T-007,,,1519.5565644794897,1533.5247926713062,直连
3,K3-G2,527,Q3-T-007,,,1533.5247926713062,1533.5247926713062,直连
3,K3-G2,528,Q3-T-007,,,1533.5247926713062,1545.6922803443185,直连
3,K3-G2,529,Q3-T-007,,,1545.6922803443185,1545.6922803443185,直连
3,K3-G2,530,Q3-T-007,,,1545.6922803443185,1547.149883815994,直连
3,K3-G2,531,Q3-T-007,,,1547.149883815994,1547.149883815994,直连
3,K3-G2,532,Q3-T-007,,,1547.149883815994,1561.0410978761101,直连
3,K3-G2,533,Q3-T-007,,,1561.0410978761101,1561.0410978761101,直连
3,K3-G2,534,Q3-T-007,,,1561.0410978761101,1561.5538679616766,直连
3,K3-G2,535,Q3-T-007,,,1561.5538679616766,1561.5538679616766,直连
3,K3-G3,321,Q3-T-005,,,360.0,360.0,直连
3,K3-G3,322,Q3-T-005,,,360.0,360.34184672371094,直连
3,K3-G3,323,Q3-T-005,,,360.34184672371094,360.34184672371094,直连
3,K3-G3,324,Q3-T-005,,,360.34184672371094,369.60265609712184,直连
3,K3-G3,325,Q3-T-005,,,369.60265609712184,369.60265609712184,直连
3,K3-G3,326,Q3-T-005,,,369.60265609712184,370.5743917449054,直连
3,K3-G3,327,Q3-T-005,,,370.5743917449054,370.5743917449054,直连
3,K3-G3,328,Q3-T-005,,,370.5743917449054,378.6860501935803,直连
3,K3-G3,329,Q3-T-005,,,378.6860501935803,378.6860501935803,直连
3,K3-G3,330,Q3-T-005,,,378.6860501935803,387.99820232145794,直连
3,K3-G3,331,Q3-T-005,,,387.99820232145794,387.99820232145794,直连
3,K3-G3,332,Q3-T-005,,,387.99820232145794,488.0910583496094,直连
3,K3-G3,333,Q3-T-005,,,488.0910583496094,488.0910583496094,直连
3,K3-G3,334,Q3-T-005,,,488.0910583496094,534.8765890021349,直连
3,K3-G3,335,Q3-T-005,,,534.8765890021349,534.8765890021349,直连
3,K3-G3,336,Q3-T-005,,,534.8765890021349,593.6038086148992,直连
3,K3-G3,337,Q3-T-005,,,593.6038086148992,593.6038086148992,直连
3,K3-G3,338,Q3-T-005,,,593.6038086148992,738.0826087507219,直连
3,K3-G3,339,Q3-T-005,,,738.0826087507219,738.0826087507219,直连
3,K3-G3,340,Q3-T-005,,,738.0826087507219,742.895688322179,直连
3,K3-G3,341,Q3-T-005,,,742.895688322179,742.895688322179,直连
3,K3-G3,342,Q3-T-005,,,742.895688322179,744.679230704014,直连
3,K3-G3,343,Q3-T-005,,,744.679230704014,744.679230704014,直连
3,K3-G3,344,Q3-T-005,,,744.679230704014,750.7088541594214,直连
3,K3-G3,345,Q3-T-005,,,750.7088541594214,750.7088541594214,直连
3,K3-G3,346,Q3-T-005,Q3-R-001,Q3-R-001@K3-G3,750.7088541594214,790.3884294706104,中继
3,K3-G3,347,Q3-T-005,Q3-R-001,Q3-R-001@K3-G3,790.3884294706104,790.3884294706104,中继
3,K3-G3,348,Q3-T-005,Q3-R-001,Q3-R-001@K3-G3,790.3884294706104,795.1750902401337,中继
3,K3-G3,349,Q3-T-005,Q3-R-001,Q3-R-001@K3-G3,795.1750902401337,795.1750902401337,中继
3,K3-G3,350,Q3-T-005,Q3-R-001,Q3-R-001@K3-G3,795.1750902401337,844.7310847644897,中继
3,K3-G3,351,Q3-T-005,Q3-R-001,Q3-R-001@K3-G3,844.7310847644897,844.7310847644897,中继
3,K3-G3,352,Q3-T-005,Q3-R-001,Q3-R-001@K3-G3,844.7310847644897,855.0413130882181,中继
3,K3-G3,353,Q3-T-005,Q3-R-001,Q3-R-001@K3-G3,855.0413130882181,855.0413130882181,中继
3,K3-G3,354,Q3-T-005,Q3-R-001,Q3-R-001@K3-G3,855.0413130882181,855.7776994901417,中继
3,K3-G3,355,Q3-T-005,Q3-R-001,Q3-R-001@K3-G3,855.7776994901417,855.7776994901417,中继
3,K3-G3,356,Q3-T-005,Q3-R-001,Q3-R-001@K3-G3,855.7776994901417,864.805648987166,中继
3,K3-G3,357,Q3-T-005,Q3-R-001,Q3-R-001@K3-G3,864.805648987166,864.805648987166,中继
3,K3-G3,358,Q3-T-005,Q3-R-001,Q3-R-001@K3-G3,864.805648987166,1065.7776994901417,中继
3,K3-G3,359,Q3-T-005,Q3-R-001,Q3-R-001@K3-G3,1065.7776994901417,1065.7776994901417,中继
3,K3-G3,360,Q3-T-005,Q3-R-001,Q3-R-001@K3-G3,1065.7776994901417,1066.391354825078,中继
3,K3-G3,361,Q3-T-005,Q3-R-001,Q3-R-001@K3-G3,1066.391354825078,1066.391354825078,中继
3,K3-G3,362,Q3-T-005,Q3-R-001,Q3-R-001@K3-G3,1066.391354825078,1074.9832117615183,中继
3,K3-G3,363,Q3-T-005,Q3-R-001,Q3-R-001@K3-G3,1074.9832117615183,1074.9832117615183,中继
3,K3-G3,364,Q3-T-005,Q3-R-001,Q3-R-001@K3-G3,1074.9832117615183,1116.2798738651484,中继
3,K3-G3,365,Q3-T-005,Q3-R-001,Q3-R-001@K3-G3,1116.2798738651484,1116.2798738651484,中继
3,K3-G3,366,Q3-T-005,Q3-R-001,Q3-R-001@K3-G3,1116.2798738651484,1120.268757839751,中继
3,K3-G3,367,Q3-T-005,Q3-R-001,Q3-R-001@K3-G3,1120.268757839751,1120.268757839751,中继
3,K3-G3,368,Q3-T-005,Q3-R-001,Q3-R-001@K3-G3,1120.268757839751,1159.94833315094,中继
3,K3-G3,369,Q3-T-005,,,1159.94833315094,1159.94833315094,直连
3,K3-G3,370,Q3-T-005,,,1159.94833315094,1167.7614989881824,直连
3,K3-G3,371,Q3-T-005,,,1167.7614989881824,1167.7614989881824,直连
3,K3-G3,372,Q3-T-005,,,1167.7614989881824,1172.5745785596396,直连
3,K3-G3,373,Q3-T-005,,,1172.5745785596396,1172.5745785596396,直连
3,K3-G3,374,Q3-T-005,,,1172.5745785596396,1225.977956606348,直连
3,K3-G3,375,Q3-T-005,,,1225.977956606348,1225.977956606348,直连
3,K3-G3,376,Q3-T-005,,,1225.977956606348,1317.0533786954622,直连
3,K3-G3,377,Q3-T-005,,,1317.0533786954622,1317.0533786954622,直连
3,K3-G3,378,Q3-T-005,,,1317.0533786954622,1375.7805983082264,直连
3,K3-G3,379,Q3-T-005,,,1375.7805983082264,1375.7805983082264,直连
3,K3-G3,380,Q3-T-005,,,1375.7805983082264,1422.566128960752,直连
3,K3-G3,381,Q3-T-005,,,1422.566128960752,1422.566128960752,直连
3,K3-G3,382,Q3-T-005,,,1422.566128960752,1542.6775561945337,直连
3,K3-G3,383,Q3-T-005,,,1542.6775561945337,1542.6775561945337,直连
3,K3-G3,384,Q3-T-005,,,1542.6775561945337,1553.8521387479868,直连
3,K3-G3,385,Q3-T-005,,,1553.8521387479868,1553.8521387479868,直连
3,K3-G3,386,Q3-T-005,,,1553.8521387479868,1563.5861288863966,直连
3,K3-G3,387,Q3-T-005,,,1563.5861288863966,1563.5861288863966,直连
3,K3-G3,388,Q3-T-005,,,1563.5861288863966,1564.752211663737,直连
3,K3-G3,389,Q3-T-005,,,1564.752211663737,1564.752211663737,直连
3,K3-G3,390,Q3-T-005,,,1564.752211663737,1575.86518291183,直连
3,K3-G3,391,Q3-T-005,,,1575.86518291183,1575.86518291183,直连
3,K3-G3,392,Q3-T-005,,,1575.86518291183,1576.2753989802832,直连
3,K3-G3,393,Q3-T-005,,,1576.2753989802832,1576.2753989802832,直连
3,K3-G3,394,Q3-T-006,,,390.0,390.0,直连
3,K3-G3,395,Q3-T-006,,,390.0,390.34184672371094,直连
3,K3-G3,396,Q3-T-006,,,390.34184672371094,390.34184672371094,直连
3,K3-G3,397,Q3-T-006,,,390.34184672371094,399.60265609712184,直连
3,K3-G3,398,Q3-T-006,,,399.60265609712184,399.60265609712184,直连
3,K3-G3,399,Q3-T-006,,,399.60265609712184,400.5743917449054,直连
3,K3-G3,400,Q3-T-006,,,400.5743917449054,400.5743917449054,直连
3,K3-G3,401,Q3-T-006,,,400.5743917449054,408.6860501935803,直连
3,K3-G3,402,Q3-T-006,,,408.6860501935803,408.6860501935803,直连
3,K3-G3,403,Q3-T-006,,,408.6860501935803,417.99820232145794,直连
3,K3-G3,404,Q3-T-006,,,417.99820232145794,417.99820232145794,直连
3,K3-G3,405,Q3-T-006,,,417.99820232145794,518.0910583496094,直连
3,K3-G3,406,Q3-T-006,,,518.0910583496094,518.0910583496094,直连
3,K3-G3,407,Q3-T-006,,,518.0910583496094,564.8765890021349,直连
3,K3-G3,408,Q3-T-006,,,564.8765890021349,564.8765890021349,直连
3,K3-G3,409,Q3-T-006,,,564.8765890021349,623.6038086148992,直连
3,K3-G3,410,Q3-T-006,,,623.6038086148992,623.6038086148992,直连
3,K3-G3,411,Q3-T-006,,,623.6038086148992,744.679230704014,直连
3,K3-G3,412,Q3-T-006,,,744.679230704014,744.679230704014,直连
3,K3-G3,413,Q3-T-006,,,744.679230704014,768.0826087507219,直连
3,K3-G3,414,Q3-T-006,,,768.0826087507219,768.0826087507219,直连
3,K3-G3,415,Q3-T-006,,,768.0826087507219,772.895688322179,直连
3,K3-G3,416,Q3-T-006,,,772.895688322179,772.895688322179,直连
3,K3-G3,417,Q3-T-006,,,772.895688322179,780.7088541594214,直连
3,K3-G3,418,Q3-T-006,,,780.7088541594214,780.7088541594214,直连
3,K3-G3,419,Q3-T-006,Q3-R-001,Q3-R-001@K3-G3,780.7088541594214,820.3884294706104,中继
3,K3-G3,420,Q3-T-006,Q3-R-001,Q3-R-001@K3-G3,820.3884294706104,820.3884294706104,中继
3,K3-G3,421,Q3-T-006,Q3-R-001,Q3-R-001@K3-G3,820.3884294706104,825.1750902401337,中继
3,K3-G3,422,Q3-T-006,Q3-R-001,Q3-R-001@K3-G3,825.1750902401337,825.1750902401337,中继
3,K3-G3,423,Q3-T-006,Q3-R-001,Q3-R-001@K3-G3,825.1750902401337,864.805648987166,中继
3,K3-G3,424,Q3-T-006,Q3-R-001,Q3-R-001@K3-G3,864.805648987166,864.805648987166,中继
3,K3-G3,425,Q3-T-006,Q3-R-001,Q3-R-001@K3-G3,864.805648987166,874.7310847644897,中继
3,K3-G3,426,Q3-T-006,Q3-R-001,Q3-R-001@K3-G3,874.7310847644897,874.7310847644897,中继
3,K3-G3,427,Q3-T-006,Q3-R-001,Q3-R-001@K3-G3,874.7310847644897,885.0413130882181,中继
3,K3-G3,428,Q3-T-006,Q3-R-001,Q3-R-001@K3-G3,885.0413130882181,885.0413130882181,中继
3,K3-G3,429,Q3-T-006,Q3-R-001,Q3-R-001@K3-G3,885.0413130882181,885.7776994901417,中继
3,K3-G3,430,Q3-T-006,Q3-R-001,Q3-R-001@K3-G3,885.7776994901417,885.7776994901417,中继
3,K3-G3,431,Q3-T-006,Q3-R-001,Q3-R-001@K3-G3,885.7776994901417,1125.7776994901417,中继
3,K3-G3,432,Q3-T-006,Q3-R-001,Q3-R-001@K3-G3,1125.7776994901417,1125.7776994901417,中继
3,K3-G3,433,Q3-T-006,Q3-R-001,Q3-R-001@K3-G3,1125.7776994901417,1126.391354825078,中继
3,K3-G3,434,Q3-T-006,Q3-R-001,Q3-R-001@K3-G3,1126.391354825078,1126.391354825078,中继
3,K3-G3,435,Q3-T-006,Q3-R-001,Q3-R-001@K3-G3,1126.391354825078,1134.9832117615183,中继
3,K3-G3,436,Q3-T-006,Q3-R-001,Q3-R-001@K3-G3,1134.9832117615183,1134.9832117615183,中继
3,K3-G3,437,Q3-T-006,Q3-R-001,Q3-R-001@K3-G3,1134.9832117615183,1176.2798738651484,中继
3,K3-G3,438,Q3-T-006,Q3-R-001,Q3-R-001@K3-G3,1176.2798738651484,1176.2798738651484,中继
3,K3-G3,439,Q3-T-006,Q3-R-001,Q3-R-001@K3-G3,1176.2798738651484,1180.268757839751,中继
3,K3-G3,440,Q3-T-006,Q3-R-001,Q3-R-001@K3-G3,1180.268757839751,1180.268757839751,中继
3,K3-G3,441,Q3-T-006,Q3-R-001,Q3-R-001@K3-G3,1180.268757839751,1219.94833315094,中继
3,K3-G3,442,Q3-T-006,,,1219.94833315094,1219.94833315094,直连
3,K3-G3,443,Q3-T-006,,,1219.94833315094,1225.977956606348,直连
3,K3-G3,444,Q3-T-006,,,1225.977956606348,1225.977956606348,直连
3,K3-G3,445,Q3-T-006,,,1225.977956606348,1227.7614989881824,直连
3,K3-G3,446,Q3-T-006,,,1227.7614989881824,1227.7614989881824,直连
3,K3-G3,447,Q3-T-006,,,1227.7614989881824,1232.5745785596396,直连
3,K3-G3,448,Q3-T-006,,,1232.5745785596396,1232.5745785596396,直连
3,K3-G3,449,Q3-T-006,,,1232.5745785596396,1377.0533786954622,直连
3,K3-G3,450,Q3-T-006,,,1377.0533786954622,1377.0533786954622,直连
3,K3-G3,451,Q3-T-006,,,1377.0533786954622,1435.7805983082264,直连
3,K3-G3,452,Q3-T-006,,,1435.7805983082264,1435.7805983082264,直连
3,K3-G3,453,Q3-T-006,,,1435.7805983082264,1482.566128960752,直连
3,K3-G3,454,Q3-T-006,,,1482.566128960752,1482.566128960752,直连
3,K3-G3,455,Q3-T-006,,,1482.566128960752,1602.6775561945337,直连
3,K3-G3,456,Q3-T-006,,,1602.6775561945337,1602.6775561945337,直连
3,K3-G3,457,Q3-T-006,,,1602.6775561945337,1613.8521387479868,直连
3,K3-G3,458,Q3-T-006,,,1613.8521387479868,1613.8521387479868,直连
3,K3-G3,459,Q3-T-006,,,1613.8521387479868,1623.5861288863966,直连
3,K3-G3,460,Q3-T-006,,,1623.5861288863966,1623.5861288863966,直连
3,K3-G3,461,Q3-T-006,,,1623.5861288863966,1624.752211663737,直连
3,K3-G3,462,Q3-T-006,,,1624.752211663737,1624.752211663737,直连
3,K3-G3,463,Q3-T-006,,,1624.752211663737,1635.86518291183,直连
3,K3-G3,464,Q3-T-006,,,1635.86518291183,1635.86518291183,直连
3,K3-G3,465,Q3-T-006,,,1635.86518291183,1636.2753989802832,直连
3,K3-G3,466,Q3-T-006,,,1636.2753989802832,1636.2753989802832,直连
