{
  "type": "FeatureCollection",
  "features": [
    {
      "type": "Feature",
      "properties": {
        "feature_id": "WY001",
        "name": "镇龙江",
        "name_raw": "镇龙江",
        "name_missing": false,
        "category": "河流",
        "osm_id": "42367634"
      },
      "geometry": {
        "type": "LineString",
        "coordinates": [
          [
            109.4093216,
            22.8741428
          ],
          [
            109.4108236,
            22.8750918
          ],
          [
            109.4135702,
            22.877306
          ],
          [
            109.4147383,
            22.8780609
          ],
          [
            109.4159735,
            22.8782549
          ],
          [
            109.416437,
            22.8776697
          ],
          [
            109.4163168,
            22.8771478
          ],
          [
            109.4144285,
            22.8758826
          ],
          [
            109.4137419,
            22.8746173
          ],
          [
            109.4181708,
            22.869382
          ],
          [
            109.4191149,
            22.8693425
          ],
          [
            109.4209517,
            22.8703468
          ],
          [
            109.4215268,
            22.8698011
          ],
          [
            109.4215396,
            22.8690538
          ],
          [
            109.4221705,
            22.8684962
          ],
          [
            109.4247282,
            22.8657599
          ],
          [
            109.4240416,
            22.8644946
          ],
          [
            109.4219816,
            22.8632292
          ],
          [
            109.4211473,
            22.8622239
          ],
          [
            109.42098170831255,
            22.8615453
          ]
        ]
      }
    },
    {
      "type": "Feature",
      "properties": {
        "feature_id": "WY002",
        "name": "镇龙江",
        "name_raw": "镇龙江",
        "name_missing": false,
        "category": "河流",
        "osm_id": "42367634"
      },
      "geometry": {
        "type": "LineString",
        "coordinates": [
          [
            109.42399683934514,
            22.8615453
          ],
          [
            109.4241789,
            22.8625332
          ],
          [
            109.4254149,
            22.8632608
          ],
          [
            109.42865889497102,
            22.8615453
          ]
        ]
      }
    },
    {
      "type": "Feature",
      "properties": {
        "feature_id": "WY003",
        "name": null,
        "name_raw": "未记录",
        "name_missing": true,
        "category": "河流",
        "osm_id": "184470363"
      },
      "geometry": {
        "type": "LineString",
        "coordinates": [
          [
            109.2578766,
            23.2069551
          ],
          [
            109.2593966,
            23.2059461
          ],
          [
            109.2610854,
            23.2058685
          ],
          [
            109.262141,
            23.204976
          ],
          [
            109.2624223,
            23.2044118
          ],
          [
            109.2626054,
            23.2040446
          ],
          [
            109.264801,
            23.2023759
          ],
          [
            109.2648432,
            23.2016386
          ],
          [
            109.2663632,
            23.1993877
          ],
          [
            109.2670388,
            23.198534
          ],
          [
            109.2690232,
            23.1983787
          ],
          [
            109.2700499,
            23.1963098
          ],
          [
            109.2706278,
            23.1950846
          ],
          [
            109.2711343,
            23.1928678
          ],
          [
            109.2715442,
            23.1925362
          ],
          [
            109.272399,
            23.192369
          ],
          [
            109.2740898,
            23.1920916
          ],
          [
            109.2755254,
            23.1894137
          ],
          [
            109.2754832,
            23.1869298
          ],
          [
            109.2764543,
            23.1862312
          ],
          [
            109.2775098,
            23.1859983
          ],
          [
            109.2787343,
            23.1865029
          ],
          [
            109.279452,
            23.1864252
          ],
          [
            109.2801276,
            23.1853773
          ],
          [
            109.2811832,
            23.1851056
          ],
          [
            109.2832098,
            23.1838636
          ],
          [
            109.2849409,
            23.1835919
          ],
          [
            109.2859965,
            23.1823888
          ],
          [
            109.2877074,
            23.1809584
          ],
          [
            109.2888309,
            23.1795942
          ],
          [
            109.2894116,
            23.1792754
          ],
          [
            109.2904194,
            23.1796515
          ],
          [
            109.2939764,
            23.1790508
          ],
          [
            109.2956231,
            23.1792837
          ],
          [
            109.297312,
            23.177964
          ],
          [
            109.2977342,
            23.1760621
          ],
          [
            109.2994231,
            23.1753246
          ],
          [
            109.3016609,
            23.1731898
          ],
          [
            109.3024209,
            23.1697351
          ],
          [
            109.3031809,
            23.1672897
          ],
          [
            109.3049964,
            23.1658534
          ],
          [
            109.3067275,
            23.1656593
          ],
          [
            109.3089231,
            23.1644172
          ],
          [
            109.3113704,
            23.1636476
          ],
          [
            109.312318,
            23.1626792
          ],
          [
            109.3129646,
            23.161613
          ],
          [
            109.3136376,
            23.1611848
          ],
          [
            109.3149863,
            23.1615958
          ],
          [
            109.3152201,
            23.1612637
          ],
          [
            109.3153971,
            23.1605485
          ],
          [
            109.3159609,
            23.1596493
          ],
          [
            109.3167114,
            23.1595374
          ],
          [
            109.3177897,
            23.1596065
          ],
          [
            109.3189974,
            23.1598867
          ],
          [
            109.319576,
            23.1597002
          ],
          [
            109.3200695,
            23.1590886
          ],
          [
            109.3199211,
            23.1588253
          ],
          [
            109.3198979,
            23.1578802
          ],
          [
            109.3200275,
            23.1569639
          ],
          [
            109.3206146,
            23.1561295
          ],
          [
            109.3213838,
            23.1552859
          ],
          [
            109.3227425,
            23.1532111
          ],
          [
            109.3231595,
            23.1529529
          ],
          [
            109.3237495,
            23.1532735
          ],
          [
            109.3245821,
            23.1531718
          ],
          [
            109.3247473,
            23.1529776
          ],
          [
            109.3248475,
            23.1524838
          ],
          [
            109.3238622,
            23.1508221
          ],
          [
            109.3239119,
            23.1505972
          ],
          [
            109.3245568,
            23.1501049
          ],
          [
            109.3251336,
            23.1497518
          ],
          [
            109.3261035,
            23.1496065
          ],
          [
            109.3284035,
            23.1494844
          ],
          [
            109.3289477,
            23.1489359
          ],
          [
            109.3287481,
            23.1478723
          ],
          [
            109.3282776,
            23.1468431
          ],
          [
            109.3287152,
            23.1453859
          ],
          [
            109.3297684,
            23.144977
          ],
          [
            109.3304141,
            23.1449679
          ],
          [
            109.3319402,
            23.1468309
          ],
          [
            109.3330941,
            23.1473936
          ],
          [
            109.3337595,
            23.1472855
          ],
          [
            109.3339419,
            23.1467774
          ],
          [
            109.3347273,
            23.1462505
          ],
          [
            109.335385,
            23.1458205
          ],
          [
            109.3361212,
            23.1444673
          ],
          [
            109.3365678,
            23.1440264
          ],
          [
            109.3364096,
            23.1425608
          ],
          [
            109.336431,
            23.1416179
          ],
          [
            109.3367145,
            23.1406996
          ],
          [
            109.3369031,
            23.1406313
          ],
          [
            109.3370801,
            23.1407793
          ],
          [
            109.3373913,
            23.1408089
          ],
          [
            109.3377307,
            23.1404181
          ],
          [
            109.3379492,
            23.1394967
          ],
          [
            109.3393549,
            23.1383734
          ],
          [
            109.340347,
            23.1378689
          ],
          [
            109.3411034,
            23.1372128
          ],
          [
            109.3424652,
            23.1365789
          ],
          [
            109.3432277,
            23.1364235
          ],
          [
            109.3436086,
            23.1364975
          ],
          [
            109.3442546,
            23.1366662
          ],
          [
            109.3446225,
            23.1366554
          ],
          [
            109.3448853,
            23.1365814
          ],
          [
            109.3451123,
            23.136038
          ],
          [
            109.3452448,
            23.135802
          ],
          [
            109.3453252,
            23.1354863
          ],
          [
            109.3452594,
            23.1348885
          ],
          [
            109.345057,
            23.134105
          ],
          [
            109.3445976,
            23.1334685
          ],
          [
            109.3444896,
            23.1328644
          ],
          [
            109.3446879,
            23.1325003
          ],
          [
            109.3452517,
            23.1323367
          ],
          [
            109.3453628,
            23.1323982
          ],
          [
            109.3454778,
            23.1325462
          ],
          [
            109.345713,
            23.1329369
          ],
          [
            109.3461969,
            23.1336802
          ],
          [
            109.3477765,
            23.1349657
          ],
          [
            109.3488037,
            23.1351239
          ],
          [
            109.3504011,
            23.1350612
          ],
          [
            109.3521756,
            23.1352298
          ],
          [
            109.3526558,
            23.1355071
          ],
          [
            109.3542593,
            23.135586
          ],
          [
            109.3555429,
            23.134997
          ],
          [
            109.3560866,
            23.1340433
          ],
          [
            109.3560381,
            23.1330463
          ],
          [
            109.3558928,
            23.131946
          ],
          [
            109.3554929,
            23.1312228
          ],
          [
            109.3557005,
            23.1304427
          ],
          [
            109.3559395,
            23.1298172
          ],
          [
            109.3559211,
            23.128955
          ],
          [
            109.3554064,
            23.1279238
          ],
          [
            109.3549836,
            23.1269772
          ],
          [
            109.355002,
            23.1261826
          ],
          [
            109.3555719,
            23.1255064
          ],
          [
            109.3570679,
            23.1245888
          ],
          [
            109.3577278,
            23.1242879
          ],
          [
            109.3580389,
            23.1240807
          ],
          [
            109.3583951,
            23.1235832
          ],
          [
            109.3586504,
            23.1233505
          ],
          [
            109.3588221,
            23.1231532
          ],
          [
            109.3588436,
            23.1228079
          ],
          [
            109.3587691,
            23.1222948
          ],
          [
            109.3590689,
            23.1217274
          ],
          [
            109.3594141,
            23.1214252
          ],
          [
            109.3597934,
            23.1211008
          ],
          [
            109.3603059,
            23.1207558
          ],
          [
            109.3604153,
            23.1206371
          ],
          [
            109.3604079,
            23.1203333
          ],
          [
            109.3602415,
            23.1198507
          ],
          [
            109.3600248,
            23.1194716
          ],
          [
            109.359873,
            23.1191856
          ],
          [
            109.3597744,
            23.1190007
          ],
          [
            109.3598952,
            23.1186975
          ],
          [
            109.3602169,
            23.1183578
          ],
          [
            109.3605724,
            23.1178688
          ],
          [
            109.3608327,
            23.1174448
          ],
          [
            109.3608451,
            23.1169905
          ],
          [
            109.3605065,
            23.1163843
          ],
          [
            109.360027,
            23.1156784
          ],
          [
            109.3599889,
            23.1153976
          ],
          [
            109.359944,
            23.1151641
          ],
          [
            109.3600371,
            23.1149733
          ],
          [
            109.3601847,
            23.1148697
          ],
          [
            109.3606252,
            23.1146719
          ],
          [
            109.3611665,
            23.1144724
          ],
          [
            109.3615345,
            23.1145178
          ],
          [
            109.3615952,
            23.1144864
          ],
          [
            109.3620579,
            23.1143329
          ],
          [
            109.3623652,
            23.1140642
          ],
          [
            109.3625914,
            23.113861
          ],
          [
            109.3627407,
            23.1138689
          ],
          [
            109.3628621,
            23.1139212
          ],
          [
            109.3632853,
            23.1141148
          ],
          [
            109.3640846,
            23.1144503
          ],
          [
            109.3643187,
            23.1145492
          ],
          [
            109.3645524,
            23.1145523
          ],
          [
            109.3647056,
            23.1145352
          ],
          [
            109.3648303,
            23.1144503
          ],
          [
            109.3649218,
            23.1143468
          ],
          [
            109.3649843,
            23.1141768
          ],
          [
            109.3648893,
            23.1137448
          ],
          [
            109.3647874,
            23.1134894
          ],
          [
            109.3644279,
            23.1131724
          ],
          [
            109.3640151,
            23.1127961
          ],
          [
            109.363988,
            23.1124866
          ],
          [
            109.3641397,
            23.1119556
          ],
          [
            109.3643904,
            23.1117614
          ],
          [
            109.3647725,
            23.1114674
          ],
          [
            109.365415,
            23.1113765
          ],
          [
            109.3659997,
            23.1113765
          ],
          [
            109.3664396,
            23.1114357
          ],
          [
            109.3667132,
            23.1113864
          ],
          [
            109.367004,
            23.1112066
          ],
          [
            109.3672281,
            23.110671
          ],
          [
            109.3673676,
            23.1103157
          ],
          [
            109.3673998,
            23.1100542
          ],
          [
            109.3673412,
            23.1094446
          ],
          [
            109.367035,
            23.1087961
          ],
          [
            109.366716,
            23.1086427
          ],
          [
            109.3665529,
            23.108388
          ],
          [
            109.3665301,
            23.1082205
          ],
          [
            109.36656,
            23.1080255
          ],
          [
            109.366807,
            23.1078123
          ],
          [
            109.3670277,
            23.1077807
          ],
          [
            109.3673267,
            23.1077495
          ],
          [
            109.3676567,
            23.1078158
          ],
          [
            109.3681861,
            23.1079389
          ],
          [
            109.3683111,
            23.1079519
          ],
          [
            109.3684267,
            23.1079205
          ],
          [
            109.3685595,
            23.1078019
          ],
          [
            109.3687226,
            23.107589
          ],
          [
            109.3687046,
            23.1071941
          ],
          [
            109.3686082,
            23.1065596
          ],
          [
            109.3683698,
            23.1062318
          ],
          [
            109.3681043,
            23.1059562
          ],
          [
            109.3679981,
            23.1056038
          ],
          [
            109.368034,
            23.1053532
          ],
          [
            109.3682259,
            23.1051547
          ],
          [
            109.3686014,
            23.104839
          ],
          [
            109.3689662,
            23.1047304
          ],
          [
            109.3691701,
            23.1045676
          ],
          [
            109.3692786,
            23.1042756
          ],
          [
            109.3696314,
            23.1038028
          ],
          [
            109.3703497,
            23.1031876
          ],
          [
            109.3708089,
            23.1026312
          ],
          [
            109.3710365,
            23.1025998
          ],
          [
            109.3713003,
            23.1026773
          ],
          [
            109.3716927,
            23.1030325
          ],
          [
            109.3720821,
            23.1033367
          ],
          [
            109.3724551,
            23.1036012
          ],
          [
            109.3728231,
            23.1037547
          ],
          [
            109.3729786,
            23.1038035
          ],
          [
            109.3731559,
            23.103789
          ],
          [
            109.3736064,
            23.103714
          ],
          [
            109.3739712,
            23.1034377
          ],
          [
            109.374313,
            23.1030446
          ],
          [
            109.3743859,
            23.1026208
          ],
          [
            109.3744203,
            23.1022152
          ],
          [
            109.3742797,
            23.1019574
          ],
          [
            109.3740866,
            23.101612
          ],
          [
            109.3737393,
            23.1011235
          ],
          [
            109.3736381,
            23.1006386
          ],
          [
            109.3734884,
            23.1003143
          ],
          [
            109.3732095,
            23.0999047
          ],
          [
            109.3731532,
            23.0997029
          ],
          [
            109.3732972,
            23.0995364
          ],
          [
            109.3734717,
            23.0994213
          ],
          [
            109.3736763,
            23.0992726
          ],
          [
            109.373851,
            23.0992503
          ],
          [
            109.3740786,
            23.099348
          ],
          [
            109.3744959,
            23.0994736
          ],
          [
            109.3749662,
            23.0995364
          ],
          [
            109.3753395,
            23.0994785
          ],
          [
            109.375687,
            23.0993794
          ],
          [
            109.3758083,
            23.0991108
          ],
          [
            109.3759548,
            23.0988171
          ],
          [
            109.3758541,
            23.0983307
          ],
          [
            109.3758349,
            23.0978617
          ],
          [
            109.3757628,
            23.0974709
          ],
          [
            109.3756341,
            23.0972293
          ],
          [
            109.3757666,
            23.0970103
          ],
          [
            109.3760354,
            23.096809
          ],
          [
            109.3763318,
            23.0965393
          ],
          [
            109.3767073,
            23.0963962
          ],
          [
            109.3771786,
            23.0961564
          ],
          [
            109.3775164,
            23.0951078
          ],
          [
            109.377447,
            23.0941806
          ],
          [
            109.3774849,
            23.0939817
          ],
          [
            109.3774508,
            23.0937095
          ],
          [
            109.377428,
            23.0935386
          ],
          [
            109.3773239,
            23.0933157
          ],
          [
            109.3770373,
            23.0929803
          ],
          [
            109.3768818,
            23.0927814
          ],
          [
            109.3768135,
            23.0926732
          ],
          [
            109.3768224,
            23.0925438
          ],
          [
            109.3768249,
            23.0922964
          ],
          [
            109.3769253,
            23.0920787
          ],
          [
            109.3773454,
            23.0920042
          ],
          [
            109.3776727,
            23.0922465
          ],
          [
            109.377898,
            23.0923846
          ],
          [
            109.378225,
            23.0925766
          ]
        ]
      }
    },
    {
      "type": "Feature",
      "properties": {
        "feature_id": "WY004",
        "name": "蒙公河",
        "name_raw": "蒙公河",
        "name_missing": false,
        "category": "河流",
        "osm_id": "206615956"
      },
      "geometry": {
        "type": "LineString",
        "coordinates": [
          [
            109.378225,
            23.0925766
          ],
          [
            109.3800783,
            23.0895105
          ],
          [
            109.3810009,
            23.0884544
          ],
          [
            109.3812132,
            23.0875585
          ],
          [
            109.3816209,
            23.0866505
          ],
          [
            109.3824685,
            23.0859991
          ],
          [
            109.3831682,
            23.0855626
          ],
          [
            109.3849468,
            23.0855155
          ],
          [
            109.3855929,
            23.0852074
          ],
          [
            109.3864167,
            23.0845582
          ],
          [
            109.3870604,
            23.0842325
          ],
          [
            109.3877792,
            23.0840943
          ],
          [
            109.3891602,
            23.0829085
          ],
          [
            109.3898053,
            23.0817339
          ],
          [
            109.3902006,
            23.0808748
          ],
          [
            109.3901012,
            23.0802264
          ],
          [
            109.3898023,
            23.0795398
          ],
          [
            109.3894487,
            23.0788864
          ],
          [
            109.3890694,
            23.0785514
          ],
          [
            109.3886901,
            23.0780977
          ],
          [
            109.3880927,
            23.0778049
          ],
          [
            109.3877041,
            23.0775998
          ],
          [
            109.3872106,
            23.0774419
          ],
          [
            109.3868887,
            23.0769089
          ],
          [
            109.3866312,
            23.0760304
          ],
          [
            109.386245,
            23.0756652
          ],
          [
            109.3860733,
            23.0753691
          ],
          [
            109.3862688,
            23.074676
          ],
          [
            109.3861753,
            23.0739576
          ],
          [
            109.3859607,
            23.0737405
          ],
          [
            109.385921,
            23.0735193
          ],
          [
            109.386068,
            23.0731532
          ],
          [
            109.3863611,
            23.0727934
          ],
          [
            109.3865583,
            23.0724898
          ],
          [
            109.3868087,
            23.0722315
          ],
          [
            109.3871107,
            23.0721392
          ],
          [
            109.3874346,
            23.0720151
          ],
          [
            109.3876508,
            23.0718721
          ],
          [
            109.3882461,
            23.0715773
          ],
          [
            109.3884122,
            23.0715591
          ],
          [
            109.3886483,
            23.0715862
          ],
          [
            109.3888977,
            23.0716504
          ],
          [
            109.3892223,
            23.071828
          ],
          [
            109.389689,
            23.0720699
          ],
          [
            109.3903995,
            23.0721985
          ],
          [
            109.3913305,
            23.072329
          ],
          [
            109.3920761,
            23.072097
          ],
          [
            109.3925482,
            23.0721859
          ],
          [
            109.3928862,
            23.072176
          ],
          [
            109.393149,
            23.0721168
          ],
          [
            109.3934035,
            23.071927
          ],
          [
            109.3935884,
            23.0712108
          ],
          [
            109.3940385,
            23.0704552
          ],
          [
            109.394275,
            23.0699884
          ],
          [
            109.3943496,
            23.0695339
          ],
          [
            109.3941599,
            23.068459
          ],
          [
            109.3943309,
            23.0675235
          ],
          [
            109.3942882,
            23.0656565
          ],
          [
            109.3941294,
            23.0642026
          ],
          [
            109.3934587,
            23.0638169
          ],
          [
            109.3933749,
            23.0631998
          ],
          [
            109.3938416,
            23.0618168
          ],
          [
            109.3942058,
            23.0612932
          ],
          [
            109.3945733,
            23.060934
          ],
          [
            109.3949253,
            23.0604717
          ],
          [
            109.3955278,
            23.060136
          ],
          [
            109.3967339,
            23.0595622
          ],
          [
            109.3972779,
            23.0594512
          ],
          [
            109.3976573,
            23.059371
          ],
          [
            109.3979987,
            23.0593884
          ],
          [
            109.3983303,
            23.0594649
          ],
          [
            109.3988066,
            23.0596083
          ],
          [
            109.3992551,
            23.0598435
          ],
          [
            109.4010516,
            23.0609508
          ],
          [
            109.4030057,
            23.0615348
          ],
          [
            109.4041057,
            23.0618071
          ],
          [
            109.4050848,
            23.0619359
          ],
          [
            109.4079374,
            23.0616372
          ],
          [
            109.4108489,
            23.0621904
          ],
          [
            109.4110625,
            23.062177
          ],
          [
            109.4113207,
            23.0620313
          ],
          [
            109.4120043,
            23.060735
          ],
          [
            109.4126911,
            23.060012
          ],
          [
            109.4134924,
            23.0595164
          ],
          [
            109.4138126,
            23.0594094
          ],
          [
            109.4141274,
            23.0593326
          ],
          [
            109.4144258,
            23.0593377
          ],
          [
            109.4146711,
            23.0594274
          ],
          [
            109.4148761,
            23.0596293
          ],
          [
            109.4161454,
            23.0611021
          ],
          [
            109.4163351,
            23.0612696
          ],
          [
            109.4164906,
            23.0613083
          ],
          [
            109.4167865,
            23.0613219
          ],
          [
            109.4170904,
            23.0612389
          ],
          [
            109.4180509,
            23.060965
          ],
          [
            109.4184798,
            23.060844
          ],
          [
            109.4189334,
            23.0605367
          ],
          [
            109.4191989,
            23.0603587
          ],
          [
            109.4194152,
            23.0602575
          ],
          [
            109.4197283,
            23.0602198
          ],
          [
            109.4199993,
            23.0602679
          ],
          [
            109.4202125,
            23.0603751
          ],
          [
            109.4204163,
            23.0605725
          ],
          [
            109.4206416,
            23.0608687
          ],
          [
            109.4208371,
            23.0612514
          ],
          [
            109.420985,
            23.061609
          ],
          [
            109.4210815,
            23.0618854
          ],
          [
            109.4210708,
            23.0621618
          ],
          [
            109.4208348,
            23.0629614
          ],
          [
            109.4206953,
            23.0636623
          ],
          [
            109.4207597,
            23.0640473
          ],
          [
            109.420824,
            23.0645606
          ],
          [
            109.420948,
            23.0648864
          ],
          [
            109.42138,
            23.065667
          ],
          [
            109.4217882,
            23.0662329
          ],
          [
            109.4222297,
            23.0670072
          ],
          [
            109.4224725,
            23.0673143
          ],
          [
            109.4227077,
            23.0674469
          ],
          [
            109.4231856,
            23.0673771
          ],
          [
            109.4240236,
            23.0674012
          ],
          [
            109.4251884,
            23.0675167
          ],
          [
            109.4260835,
            23.0675591
          ],
          [
            109.4277718,
            23.0671019
          ],
          [
            109.4283986,
            23.0671567
          ],
          [
            109.4289994,
            23.0673837
          ],
          [
            109.4297742,
            23.0676381
          ],
          [
            109.4305015,
            23.0677489
          ],
          [
            109.4312441,
            23.0681021
          ],
          [
            109.4317245,
            23.0684794
          ],
          [
            109.4321322,
            23.0690519
          ],
          [
            109.4323683,
            23.0694369
          ],
          [
            109.4326603,
            23.0695729
          ],
          [
            109.435506,
            23.0706716
          ],
          [
            109.4367957,
            23.0713137
          ],
          [
            109.437378,
            23.0717553
          ],
          [
            109.4380331,
            23.0723981
          ],
          [
            109.4386661,
            23.0732864
          ],
          [
            109.4388163,
            23.0734616
          ],
          [
            109.4389987,
            23.0735826
          ],
          [
            109.4391033,
            23.0736196
          ],
          [
            109.4392106,
            23.0736245
          ],
          [
            109.4394547,
            23.0736344
          ],
          [
            109.4397041,
            23.073585
          ],
          [
            109.4398996,
            23.0735186
          ],
          [
            109.4404364,
            23.0732272
          ],
          [
            109.4408696,
            23.0730307
          ],
          [
            109.4413268,
            23.0729114
          ],
          [
            109.4418027,
            23.0727724
          ],
          [
            109.4422519,
            23.0727018
          ],
          [
            109.4432902,
            23.0726449
          ],
          [
            109.4445133,
            23.0726942
          ],
          [
            109.4450943,
            23.07268965663507
          ]
        ]
      }
    },
    {
      "type": "Feature",
      "properties": {
        "feature_id": "WY005",
        "name": null,
        "name_raw": "未记录",
        "name_missing": true,
        "category": "溪流",
        "osm_id": "206615957"
      },
      "geometry": {
        "type": "LineString",
        "coordinates": [
          [
            109.40243345285155,
            23.2247021
          ],
          [
            109.4024067,
            23.2244355
          ],
          [
            109.4020682,
            23.2240326
          ],
          [
            109.4023605,
            23.2229018
          ],
          [
            109.4020298,
            23.2226403
          ],
          [
            109.4018375,
            23.2226756
          ],
          [
            109.4018375,
            23.222923
          ],
          [
            109.4015453,
            23.2228452
          ],
          [
            109.4013991,
            23.2227887
          ],
          [
            109.4011069,
            23.2228806
          ],
          [
            109.4006992,
            23.2227039
          ],
          [
            109.4005531,
            23.2225696
          ],
          [
            109.400607,
            23.2223293
          ],
          [
            109.400207,
            23.2222727
          ],
          [
            109.3996917,
            23.2222869
          ],
          [
            109.3994764,
            23.2222021
          ],
          [
            109.3993918,
            23.2219264
          ],
          [
            109.3995533,
            23.2213327
          ],
          [
            109.3994918,
            23.2211348
          ],
          [
            109.3988919,
            23.2206259
          ],
          [
            109.3979689,
            23.2202584
          ],
          [
            109.3976998,
            23.2197495
          ],
          [
            109.3973537,
            23.2194314
          ],
          [
            109.3973075,
            23.2192264
          ],
          [
            109.3974613,
            23.2190568
          ],
          [
            109.3983689,
            23.2189296
          ],
          [
            109.3988073,
            23.2184984
          ],
          [
            109.3984535,
            23.217827
          ],
          [
            109.3987227,
            23.2171272
          ],
          [
            109.3994379,
            23.214314
          ],
          [
            109.3997994,
            23.2139748
          ],
          [
            109.4001532,
            23.2138193
          ],
          [
            109.4004993,
            23.2134093
          ],
          [
            109.4005839,
            23.2125257
          ],
          [
            109.4009146,
            23.2123278
          ],
          [
            109.4013837,
            23.2112676
          ],
          [
            109.4024528,
            23.2099387
          ],
          [
            109.4036449,
            23.208631
          ],
          [
            109.4037757,
            23.2079241
          ],
          [
            109.4040448,
            23.2050896
          ],
          [
            109.4041756,
            23.2035627
          ],
          [
            109.4044932,
            23.2014067
          ],
          [
            109.4048266,
            23.2009355
          ],
          [
            109.4044902,
            23.2005743
          ],
          [
            109.403791,
            23.2000211
          ],
          [
            109.4035372,
            23.1998939
          ],
          [
            109.4031681,
            23.1999787
          ],
          [
            109.4027527,
            23.1996818
          ],
          [
            109.4025528,
            23.1994132
          ],
          [
            109.4022374,
            23.1991163
          ],
          [
            109.4028989,
            23.1971581
          ],
          [
            109.4030527,
            23.1968612
          ],
          [
            109.4034449,
            23.1966774
          ],
          [
            109.4036603,
            23.1963452
          ],
          [
            109.4042063,
            23.1958786
          ],
          [
            109.4043679,
            23.1953484
          ],
          [
            109.4042525,
            23.1948323
          ]
        ]
      }
    },
    {
      "type": "Feature",
      "properties": {
        "feature_id": "WY006",
        "name": "蒙公河",
        "name_raw": "蒙公河",
        "name_missing": false,
        "category": "河流",
        "osm_id": "377647689"
      },
      "geometry": {
        "type": "LineString",
        "coordinates": [
          [
            109.3917181,
            23.1752573
          ],
          [
            109.3920761,
            23.1735636
          ],
          [
            109.3924516,
            23.1731099
          ],
          [
            109.3921183,
            23.1722035
          ],
          [
            109.3934937,
            23.1700569
          ],
          [
            109.3941662,
            23.1688845
          ],
          [
            109.3944526,
            23.1683854
          ],
          [
            109.3951933,
            23.166843
          ],
          [
            109.3955201,
            23.1666395
          ],
          [
            109.3955952,
            23.1664866
          ],
          [
            109.3951875,
            23.1657814
          ],
          [
            109.3951765,
            23.1650917
          ],
          [
            109.3951707,
            23.1647245
          ],
          [
            109.3957033,
            23.1621724
          ],
          [
            109.3956651,
            23.1614422
          ],
          [
            109.3954921,
            23.1581352
          ],
          [
            109.3951121,
            23.1565436
          ],
          [
            109.3949032,
            23.1560455
          ],
          [
            109.3942115,
            23.1555848
          ],
          [
            109.392854,
            23.1555868
          ],
          [
            109.3918739,
            23.1555621
          ],
          [
            109.389623,
            23.1536858
          ],
          [
            109.3885413,
            23.1536596
          ],
          [
            109.3865851,
            23.1545621
          ],
          [
            109.3852434,
            23.1545017
          ],
          [
            109.3841344,
            23.1537097
          ],
          [
            109.3833744,
            23.1523121
          ],
          [
            109.3825722,
            23.1494004
          ],
          [
            109.3816433,
            23.1474981
          ],
          [
            109.3813477,
            23.1455181
          ],
          [
            109.3826566,
            23.1421404
          ],
          [
            109.3838811,
            23.1414416
          ],
          [
            109.3843877,
            23.140471
          ],
          [
            109.3844321,
            23.139537
          ],
          [
            109.3839358,
            23.13832
          ],
          [
            109.3832189,
            23.1375762
          ],
          [
            109.3828145,
            23.1367479
          ],
          [
            109.383052,
            23.1356323
          ],
          [
            109.3833507,
            23.1346518
          ],
          [
            109.384106,
            23.1335757
          ],
          [
            109.3848182,
            23.1324543
          ],
          [
            109.3859946,
            23.1320305
          ],
          [
            109.3862704,
            23.1310174
          ],
          [
            109.3861233,
            23.1303288
          ],
          [
            109.3853835,
            23.129599
          ],
          [
            109.3844244,
            23.1290945
          ],
          [
            109.3843586,
            23.1283972
          ],
          [
            109.3847171,
            23.1280859
          ],
          [
            109.3853161,
            23.1279917
          ],
          [
            109.3870798,
            23.1282636
          ],
          [
            109.3878381,
            23.1279464
          ],
          [
            109.3886199,
            23.1275519
          ],
          [
            109.3894529,
            23.1274896
          ],
          [
            109.3902986,
            23.1274069
          ],
          [
            109.3906688,
            23.1275159
          ],
          [
            109.390981,
            23.1276786
          ],
          [
            109.391427,
            23.1277067
          ],
          [
            109.3918669,
            23.1278498
          ],
          [
            109.3921208,
            23.1278591
          ],
          [
            109.3922639,
            23.1278103
          ],
          [
            109.3924195,
            23.1276623
          ],
          [
            109.3925978,
            23.1272619
          ],
          [
            109.3926616,
            23.1270626
          ],
          [
            109.3926899,
            23.1267612
          ],
          [
            109.392696,
            23.1260189
          ],
          [
            109.3926161,
            23.1256568
          ],
          [
            109.3925706,
            23.1253533
          ],
          [
            109.3927777,
            23.1247304
          ],
          [
            109.3929613,
            23.1244803
          ],
          [
            109.3933207,
            23.1241843
          ],
          [
            109.3935192,
            23.1240462
          ],
          [
            109.3936639,
            23.1238343
          ],
          [
            109.3937284,
            23.123538
          ],
          [
            109.3938316,
            23.1231884
          ],
          [
            109.3936586,
            23.1225513
          ],
          [
            109.3934938,
            23.1220374
          ],
          [
            109.3930954,
            23.1214166
          ],
          [
            109.3928527,
            23.1208948
          ],
          [
            109.3923071,
            23.1201597
          ],
          [
            109.3919826,
            23.1198414
          ],
          [
            109.3914522,
            23.1192838
          ],
          [
            109.3910343,
            23.119046
          ],
          [
            109.3908869,
            23.1184763
          ],
          [
            109.3907833,
            23.1176572
          ],
          [
            109.3906156,
            23.1171823
          ],
          [
            109.3905258,
            23.1167593
          ],
          [
            109.3907005,
            23.1160729
          ],
          [
            109.3909228,
            23.1154025
          ],
          [
            109.3910086,
            23.1150868
          ],
          [
            109.3912374,
            23.1148
          ],
          [
            109.3918586,
            23.1137736
          ],
          [
            109.3920501,
            23.1120308
          ],
          [
            109.3920956,
            23.1102596
          ],
          [
            109.391824,
            23.109773
          ],
          [
            109.3917113,
            23.1095559
          ],
          [
            109.3916416,
            23.1090033
          ],
          [
            109.3912019,
            23.1076921
          ],
          [
            109.3912983,
            23.1072369
          ],
          [
            109.3915107,
            23.1069715
          ],
          [
            109.3916684,
            23.1067978
          ],
          [
            109.392162,
            23.1065511
          ],
          [
            109.3926233,
            23.1064228
          ],
          [
            109.3934601,
            23.1060922
          ],
          [
            109.3937766,
            23.1059146
          ],
          [
            109.3939348,
            23.1055156
          ],
          [
            109.3937659,
            23.1051942
          ],
          [
            109.3937981,
            23.104686
          ],
          [
            109.3941263,
            23.1040781
          ],
          [
            109.3940765,
            23.1039047
          ],
          [
            109.3938489,
            23.1036465
          ],
          [
            109.3932495,
            23.1033674
          ],
          [
            109.3922341,
            23.1029756
          ],
          [
            109.3911709,
            23.1027673
          ],
          [
            109.3902176,
            23.1025925
          ],
          [
            109.3896839,
            23.1021323
          ],
          [
            109.389168,
            23.1015741
          ],
          [
            109.3879563,
            23.1009113
          ],
          [
            109.3866152,
            23.0997468
          ],
          [
            109.3860603,
            23.0994272
          ],
          [
            109.3856281,
            23.0993817
          ],
          [
            109.3848556,
            23.0994064
          ],
          [
            109.3838907,
            23.0992419
          ],
          [
            109.3833375,
            23.0989228
          ],
          [
            109.3829196,
            23.0987808
          ],
          [
            109.3824363,
            23.098755
          ],
          [
            109.381814,
            23.0987353
          ],
          [
            109.3813741,
            23.0985527
          ],
          [
            109.3811971,
            23.0982616
          ],
          [
            109.3811894,
            23.0977874
          ],
          [
            109.3809404,
            23.097329
          ],
          [
            109.3806181,
            23.096801
          ],
          [
            109.3803881,
            23.0962532
          ],
          [
            109.3800044,
            23.0946944
          ],
          [
            109.3793284,
            23.0942329
          ],
          [
            109.3786839,
            23.0936406
          ],
          [
            109.378365,
            23.0930187
          ],
          [
            109.378225,
            23.0925766
          ]
        ]
      }
    },
    {
      "type": "Feature",
      "properties": {
        "feature_id": "WY007",
        "name": null,
        "name_raw": "未记录",
        "name_missing": true,
        "category": "溪流",
        "osm_id": "387639422"
      },
      "geometry": {
        "type": "LineString",
        "coordinates": [
          [
            109.41414090709124,
            23.2247021
          ],
          [
            109.4120741,
            23.2146962
          ],
          [
            109.41414,
            23.2064041
          ],
          [
            109.4141401,
            23.2030342
          ],
          [
            109.4141399,
            23.2028686
          ],
          [
            109.4139898,
            23.2000437
          ],
          [
            109.4137645,
            23.1993879
          ],
          [
            109.4132817,
            23.1985842
          ],
          [
            109.4131422,
            23.198106
          ],
          [
            109.4127881,
            23.1976573
          ],
          [
            109.4125521,
            23.1970212
          ],
          [
            109.4123644,
            23.19604
          ],
          [
            109.4118977,
            23.1957096
          ],
          [
            109.4099986,
            23.1948172
          ],
          [
            109.4098109,
            23.1945509
          ],
          [
            109.4096875,
            23.1938261
          ],
          [
            109.4094408,
            23.1934168
          ],
          [
            109.4090009,
            23.193402
          ],
          [
            109.4086736,
            23.1935746
          ],
          [
            109.4082498,
            23.1939986
          ],
          [
            109.4075417,
            23.1946643
          ],
          [
            109.4069087,
            23.194615
          ],
          [
            109.4061631,
            23.194186
          ],
          [
            109.4059431,
            23.1943389
          ],
          [
            109.4058144,
            23.1945016
          ],
          [
            109.4054335,
            23.1944523
          ],
          [
            109.4048274,
            23.1945953
          ],
          [
            109.4042525,
            23.1948323
          ]
        ]
      }
    },
    {
      "type": "Feature",
      "properties": {
        "feature_id": "WY008",
        "name": null,
        "name_raw": "未记录",
        "name_missing": true,
        "category": "河流",
        "osm_id": "387692469"
      },
      "geometry": {
        "type": "LineString",
        "coordinates": [
          [
            109.4099929,
            23.0178938
          ],
          [
            109.4095754,
            23.021658
          ],
          [
            109.4090497,
            23.0260481
          ],
          [
            109.4082147,
            23.032843
          ],
          [
            109.4083539,
            23.033085
          ],
          [
            109.4080601,
            23.0347854
          ],
          [
            109.4069546,
            23.045322
          ],
          [
            109.4068154,
            23.0466808
          ],
          [
            109.4066994,
            23.04725
          ],
          [
            109.4070473,
            23.0479045
          ],
          [
            109.4070473,
            23.0482388
          ],
          [
            109.4080601,
            23.0510702
          ],
          [
            109.4091657,
            23.0538873
          ],
          [
            109.4104104,
            23.057373
          ],
          [
            109.410596,
            23.0575224
          ]
        ]
      }
    },
    {
      "type": "Feature",
      "properties": {
        "feature_id": "WY009",
        "name": null,
        "name_raw": "未记录",
        "name_missing": true,
        "category": "溪流",
        "osm_id": "387692470"
      },
      "geometry": {
        "type": "LineString",
        "coordinates": [
          [
            109.4006304,
            23.0294421
          ],
          [
            109.4011716,
            23.0299117
          ],
          [
            109.4016819,
            23.0300184
          ],
          [
            109.4020916,
            23.0303172
          ],
          [
            109.4024472,
            23.0304097
          ],
          [
            109.4026637,
            23.0305663
          ],
          [
            109.4028183,
            23.0305307
          ],
          [
            109.4030194,
            23.030737
          ],
          [
            109.4034368,
            23.0308366
          ],
          [
            109.4039162,
            23.0311355
          ],
          [
            109.4043414,
            23.0313347
          ],
          [
            109.4045115,
            23.0312208
          ],
          [
            109.4060191,
            23.031911
          ],
          [
            109.4071169,
            23.0323592
          ],
          [
            109.4078205,
            23.0326936
          ],
          [
            109.4082147,
            23.032843
          ]
        ]
      }
    },
    {
      "type": "Feature",
      "properties": {
        "feature_id": "WY010",
        "name": null,
        "name_raw": "未记录",
        "name_missing": true,
        "category": "河流",
        "osm_id": "387692471"
      },
      "geometry": {
        "type": "LineString",
        "coordinates": [
          [
            109.4070473,
            23.0482388
          ],
          [
            109.406854,
            23.0483171
          ],
          [
            109.4062974,
            23.0481819
          ],
          [
            109.4059495,
            23.0481321
          ],
          [
            109.4058876,
            23.0483526
          ],
          [
            109.405965,
            23.0485447
          ],
          [
            109.4059418,
            23.0488506
          ],
          [
            109.405849,
            23.0492561
          ],
          [
            109.4056712,
            23.0493842
          ],
          [
            109.4056634,
            23.0495122
          ],
          [
            109.4057639,
            23.0496759
          ],
          [
            109.4064598,
            23.049747
          ],
          [
            109.4066066,
            23.0498181
          ],
          [
            109.4065912,
            23.049932
          ],
          [
            109.4064366,
            23.0500316
          ],
          [
            109.405965,
            23.0500244
          ],
          [
            109.405849,
            23.0501454
          ],
          [
            109.4060036,
            23.0502805
          ],
          [
            109.4067845,
            23.0505295
          ],
          [
            109.4067535,
            23.0507358
          ],
          [
            109.4066221,
            23.050935
          ],
          [
            109.4062587,
            23.0507358
          ],
          [
            109.4055939,
            23.0506078
          ],
          [
            109.4052923,
            23.0507003
          ],
          [
            109.4053233,
            23.0508568
          ],
          [
            109.4054779,
            23.0509848
          ],
          [
            109.406251,
            23.0511342
          ],
          [
            109.406251,
            23.0512552
          ],
          [
            109.4061892,
            23.0513547
          ],
          [
            109.4053851,
            23.0513476
          ],
          [
            109.4053001,
            23.0514686
          ],
          [
            109.4054392,
            23.0516606
          ],
          [
            109.4058876,
            23.0518243
          ],
          [
            109.4058799,
            23.0519594
          ],
          [
            109.405733,
            23.0521515
          ],
          [
            109.4051841,
            23.0527918
          ],
          [
            109.4051841,
            23.0529909
          ],
          [
            109.4053619,
            23.0531048
          ],
          [
            109.4054624,
            23.0529127
          ],
          [
            109.4056557,
            23.0527491
          ],
          [
            109.4058876,
            23.0528558
          ],
          [
            109.4059186,
            23.0529981
          ],
          [
            109.4058413,
            23.0531688
          ],
          [
            109.4055861,
            23.0532257
          ],
          [
            109.4054856,
            23.0532968
          ],
          [
            109.4055629,
            23.0534818
          ],
          [
            109.4061428,
            23.0535387
          ],
          [
            109.4063283,
            23.0537521
          ],
          [
            109.4066453,
            23.0539228
          ],
          [
            109.406568,
            23.0541789
          ],
          [
            109.4066144,
            23.0543354
          ],
          [
            109.4070628,
            23.054307
          ],
          [
            109.4070551,
            23.0544848
          ],
          [
            109.4067226,
            23.0547623
          ],
          [
            109.4068927,
            23.0548903
          ],
          [
            109.4073025,
            23.0548903
          ],
          [
            109.4077045,
            23.054684
          ],
          [
            109.4077663,
            23.0548192
          ],
          [
            109.4076813,
            23.0550255
          ],
          [
            109.4073643,
            23.0552673
          ],
          [
            109.4073566,
            23.0555306
          ],
          [
            109.4075344,
            23.0556444
          ],
          [
            109.4079828,
            23.0555234
          ],
          [
            109.4081065,
            23.0557511
          ],
          [
            109.4078746,
            23.0560214
          ],
          [
            109.4079132,
            23.056185
          ],
          [
            109.4082689,
            23.0563557
          ],
          [
            109.4089801,
            23.056121
          ],
          [
            109.4090497,
            23.0563984
          ],
          [
            109.40881,
            23.0567897
          ],
          [
            109.4087559,
            23.0569817
          ],
          [
            109.409042,
            23.0570529
          ],
          [
            109.409328,
            23.0569391
          ],
          [
            109.4094672,
            23.0570102
          ],
          [
            109.4095059,
            23.0573801
          ],
          [
            109.4093667,
            23.0575864
          ],
          [
            109.4094208,
            23.0577856
          ],
          [
            109.409877,
            23.0579065
          ],
          [
            109.4101862,
            23.0574655
          ],
          [
            109.410596,
            23.0575224
          ],
          [
            109.4111526,
            23.0581057
          ],
          [
            109.4116551,
            23.0591443
          ],
          [
            109.4119412,
            23.0593292
          ],
          [
            109.4118948,
            23.0594928
          ],
          [
            109.4116242,
            23.0597418
          ],
          [
            109.4116629,
            23.0600192
          ],
          [
            109.4119799,
            23.0600761
          ],
          [
            109.4123741,
            23.0600548
          ],
          [
            109.4126911,
            23.060012
          ]
        ]
      }
    },
    {
      "type": "Feature",
      "properties": {
        "feature_id": "WY011",
        "name": null,
        "name_raw": "未记录",
        "name_missing": true,
        "category": "河流",
        "osm_id": "387707407"
      },
      "geometry": {
        "type": "LineString",
        "coordinates": [
          [
            109.0348482,
            22.9758335
          ],
          [
            109.0336292,
            22.9757919
          ],
          [
            109.0331326,
            22.9765817
          ],
          [
            109.0337195,
            22.9774129
          ],
          [
            109.0345773,
            22.9777455
          ],
          [
            109.035119,
            22.9782858
          ],
          [
            109.0346676,
            22.979034
          ],
          [
            109.034487,
            22.9796574
          ],
          [
            109.0346224,
            22.9811953
          ],
          [
            109.0333132,
            22.9814031
          ],
          [
            109.0330423,
            22.9833981
          ],
          [
            109.0328115,
            22.983657813905985
          ]
        ]
      }
    },
    {
      "type": "Feature",
      "properties": {
        "feature_id": "WY012",
        "name": null,
        "name_raw": "未记录",
        "name_missing": true,
        "category": "溪流",
        "osm_id": "387707409"
      },
      "geometry": {
        "type": "LineString",
        "coordinates": [
          [
            109.1373318,
            23.0673919
          ],
          [
            109.1363575,
            23.0671501
          ],
          [
            109.1361024,
            23.0669011
          ],
          [
            109.1359787,
            23.0664885
          ],
          [
            109.1359941,
            23.0659336
          ],
          [
            109.1358627,
            23.0655637
          ],
          [
            109.1355998,
            23.0652364
          ],
          [
            109.1352132,
            23.0648309
          ],
          [
            109.1348266,
            23.0648665
          ],
          [
            109.134324,
            23.0652507
          ],
          [
            109.1341926,
            23.0657344
          ],
          [
            109.1339452,
            23.0661257
          ],
          [
            109.1334503,
            23.0661612
          ],
          [
            109.1326462,
            23.0657273
          ]
        ]
      }
    },
    {
      "type": "Feature",
      "properties": {
        "feature_id": "WY013",
        "name": null,
        "name_raw": "未记录",
        "name_missing": true,
        "category": "溪流",
        "osm_id": "387707410"
      },
      "geometry": {
        "type": "LineString",
        "coordinates": [
          [
            109.1509426,
            22.9509246
          ],
          [
            109.1507101,
            22.9510735
          ],
          [
            109.1504927,
            22.9510921
          ],
          [
            109.1503563,
            22.9512084
          ],
          [
            109.1501693,
            22.9513015
          ],
          [
            109.1498761,
            22.9512457
          ],
          [
            109.1496992,
            22.9513527
          ],
          [
            109.1495375,
            22.9513341
          ],
          [
            109.1492545,
            22.9511712
          ],
          [
            109.1490422,
            22.951013
          ],
          [
            109.1488148,
            22.9510269
          ],
          [
            109.1487188,
            22.9513713
          ],
          [
            109.1488299,
            22.9518135
          ],
          [
            109.1487491,
            22.9521067
          ],
          [
            109.1486733,
            22.9522556
          ],
          [
            109.1482791,
            22.9522602
          ],
          [
            109.1481022,
            22.9523487
          ],
          [
            109.1481072,
            22.9525441
          ],
          [
            109.1484762,
            22.9529769
          ],
          [
            109.1483953,
            22.9531445
          ],
          [
            109.1480061,
            22.9534098
          ],
          [
            109.1477534,
            22.9538007
          ]
        ]
      }
    },
    {
      "type": "Feature",
      "properties": {
        "feature_id": "WY014",
        "name": null,
        "name_raw": "未记录",
        "name_missing": true,
        "category": "溪流",
        "osm_id": "387707414"
      },
      "geometry": {
        "type": "LineString",
        "coordinates": [
          [
            109.0967149,
            22.9985738
          ],
          [
            109.0964907,
            22.9982893
          ],
          [
            109.0962047,
            22.9982821
          ],
          [
            109.0963207,
            22.9984458
          ],
          [
            109.0962511,
            22.9985454
          ],
          [
            109.0961893,
            22.9986663
          ],
          [
            109.0960502,
            22.9986308
          ],
          [
            109.0960192,
            22.9983604
          ],
          [
            109.095741,
            22.9983319
          ],
          [
            109.0957565,
            22.9984956
          ],
          [
            109.0956637,
            22.9985454
          ],
          [
            109.0955014,
            22.9984956
          ],
          [
            109.0954396,
            22.9987517
          ],
          [
            109.0953236,
            22.9987304
          ],
          [
            109.095084,
            22.9982893
          ],
          [
            109.0948676,
            22.9982466
          ],
          [
            109.0947285,
            22.9981612
          ],
          [
            109.0947362,
            22.9979264
          ],
          [
            109.094628,
            22.9978624
          ],
          [
            109.0945585,
            22.9976845
          ],
          [
            109.0947285,
            22.9974497
          ],
          [
            109.0951227,
            22.9972007
          ],
          [
            109.0950299,
            22.9969588
          ],
          [
            109.0945739,
            22.9966458
          ],
          [
            109.0943266,
            22.9963683
          ],
          [
            109.0943111,
            22.9961264
          ],
          [
            109.0945662,
            22.9960908
          ],
          [
            109.094744,
            22.995792
          ],
          [
            109.0947362,
            22.9955145
          ],
          [
            109.0943189,
            22.995173
          ],
          [
            109.0945971,
            22.9944971
          ],
          [
            109.0947053,
            22.9944046
          ],
          [
            109.0948754,
            22.9941414
          ],
          [
            109.095455,
            22.9939279
          ],
          [
            109.0957874,
            22.9936575
          ],
          [
            109.0961506,
            22.9930172
          ],
          [
            109.0966994,
            22.9930528
          ],
          [
            109.0970163,
            22.9928251
          ],
          [
            109.0969854,
            22.9924978
          ],
          [
            109.0968617,
            22.9923911
          ],
          [
            109.0965989,
            22.9924338
          ],
          [
            109.0963902,
            22.9924053
          ],
          [
            109.0962511,
            22.9922274
          ],
          [
            109.0964907,
            22.99158
          ],
          [
            109.0966685,
            22.991395
          ],
          [
            109.0967921,
            22.9910392
          ],
          [
            109.0969854,
            22.9907689
          ],
          [
            109.0972404,
            22.9905554
          ],
          [
            109.0972636,
            22.9902637
          ],
          [
            109.0969854,
            22.9898653
          ],
          [
            109.0969699,
            22.9897514
          ],
          [
            109.0972482,
            22.9896305
          ],
          [
            109.0973023,
            22.9894312
          ],
          [
            109.0970936,
            22.9891039
          ],
          [
            109.097109,
            22.9887838
          ],
          [
            109.0972482,
            22.9884422
          ],
          [
            109.0972791,
            22.9881292
          ],
          [
            109.0971477,
            22.987873
          ],
          [
            109.0970858,
            22.9875386
          ],
          [
            109.0969776,
            22.9874034
          ],
          [
            109.0965525,
            22.9872682
          ],
          [
            109.0965062,
            22.9871686
          ],
          [
            109.096769,
            22.986578
          ],
          [
            109.0971168,
            22.986393
          ],
          [
            109.0972713,
            22.9858665
          ],
          [
            109.0972172,
            22.9855748
          ],
          [
            109.0972404,
            22.98534
          ],
          [
            109.0965216,
            22.9849558
          ],
          [
            109.0963284,
            22.9847921
          ],
          [
            109.0964289,
            22.9844648
          ],
          [
            109.0963902,
            22.9842442
          ],
          [
            109.0960115,
            22.9841802
          ],
          [
            109.0952464,
            22.9839525
          ],
          [
            109.0951536,
            22.9838244
          ]
        ]
      }
    },
    {
      "type": "Feature",
      "properties": {
        "feature_id": "WY015",
        "name": null,
        "name_raw": "未记录",
        "name_missing": true,
        "category": "河流",
        "osm_id": "387707415"
      },
      "geometry": {
        "type": "LineString",
        "coordinates": [
          [
            109.035119,
            22.9335553
          ],
          [
            109.035119,
            22.9323911
          ],
          [
            109.034171,
            22.9315179
          ],
          [
            109.033268,
            22.9322663
          ],
          [
            109.032952,
            22.9317258
          ],
          [
            109.0328115,
            22.93201337026828
          ]
        ]
      }
    },
    {
      "type": "Feature",
      "properties": {
        "feature_id": "WY016",
        "name": null,
        "name_raw": "未记录",
        "name_missing": true,
        "category": "河流",
        "osm_id": "387841543"
      },
      "geometry": {
        "type": "LineString",
        "coordinates": [
          [
            109.0536565,
            22.9641129
          ],
          [
            109.0534864,
            22.9640773
          ],
          [
            109.0533705,
            22.9638639
          ],
          [
            109.0529918,
            22.9632732
          ],
          [
            109.0523039,
            22.963444
          ],
          [
            109.0521493,
            22.9633301
          ],
          [
            109.0520566,
            22.9626114
          ],
          [
            109.0518943,
            22.9625188
          ],
          [
            109.0515696,
            22.962526
          ],
          [
            109.0503253,
            22.9632661
          ],
          [
            109.0497765,
            22.963444
          ],
          [
            109.0493051,
            22.9634867
          ],
          [
            109.0482539,
            22.9630526
          ],
          [
            109.047968,
            22.963259
          ],
          [
            109.0477979,
            22.9633586
          ],
          [
            109.0472182,
            22.9633586
          ],
          [
            109.0470328,
            22.9634653
          ],
          [
            109.0471487,
            22.9636575
          ],
          [
            109.0470946,
            22.963871
          ],
          [
            109.04694,
            22.9641129
          ],
          [
            109.0470018,
            22.9643407
          ],
          [
            109.0475583,
            22.9649598
          ],
          [
            109.0479216,
            22.9652373
          ],
          [
            109.0483776,
            22.9657639
          ],
          [
            109.0484626,
            22.9660343
          ],
          [
            109.0481225,
            22.9660984
          ],
          [
            109.0479061,
            22.9659134
          ],
          [
            109.0467854,
            22.9652302
          ],
          [
            109.046314,
            22.9650452
          ],
          [
            109.0459893,
            22.9650238
          ],
          [
            109.0457343,
            22.965465
          ],
          [
            109.0456879,
            22.965949
          ],
          [
            109.0457034,
            22.9667175
          ],
          [
            109.045827,
            22.9671089
          ],
          [
            109.045858,
            22.967664
          ],
          [
            109.045742,
            22.9677921
          ],
          [
            109.045487,
            22.9676497
          ],
          [
            109.0449769,
            22.9671231
          ],
          [
            109.0447373,
            22.9671658
          ],
          [
            109.0446213,
            22.9674434
          ],
          [
            109.0441962,
            22.9677209
          ],
          [
            109.0441421,
            22.9681052
          ],
          [
            109.0438793,
            22.968831
          ],
          [
            109.0438948,
            22.9691513
          ],
          [
            109.0438021,
            22.9698202
          ],
          [
            109.0436861,
            22.9701404
          ],
          [
            109.0436011,
            22.9705816
          ],
          [
            109.0433538,
            22.9708662
          ],
          [
            109.0432069,
            22.9712149
          ],
          [
            109.0429751,
            22.9717415
          ],
          [
            109.0429828,
            22.9720831
          ],
          [
            109.04289,
            22.9723037
          ],
          [
            109.04272,
            22.9723962
          ],
          [
            109.0425191,
            22.9722681
          ],
          [
            109.0422949,
            22.971528
          ],
          [
            109.0421172,
            22.9714284
          ],
          [
            109.0420167,
            22.9714924
          ],
          [
            109.041808,
            22.9719194
          ],
          [
            109.0414988,
            22.9722396
          ],
          [
            109.0413288,
            22.9729583
          ],
          [
            109.0414061,
            22.973307
          ],
          [
            109.0413906,
            22.9735561
          ],
          [
            109.0411356,
            22.973734
          ],
          [
            109.0410892,
            22.9740044
          ],
          [
            109.041182,
            22.9743815
          ],
          [
            109.0410969,
            22.974965
          ],
          [
            109.0412515,
            22.9755129
          ],
          [
            109.0410737,
            22.9757833
          ],
          [
            109.0410042,
            22.9761818
          ],
          [
            109.0408032,
            22.976253
          ],
          [
            109.0406409,
            22.9761961
          ],
          [
            109.0397135,
            22.9751429
          ],
          [
            109.0394043,
            22.9751145
          ],
          [
            109.0392033,
            22.9750362
          ],
          [
            109.0391338,
            22.974901
          ],
          [
            109.0392652,
            22.9746163
          ],
          [
            109.0392111,
            22.9744456
          ],
          [
            109.0387937,
            22.9742179
          ],
          [
            109.03833,
            22.9742819
          ],
          [
            109.0379203,
            22.974595
          ],
          [
            109.0376653,
            22.9746662
          ],
          [
            109.0369233,
            22.9744811
          ],
          [
            109.0364828,
            22.9745523
          ],
          [
            109.0359031,
            22.9747515
          ],
          [
            109.0358181,
            22.9749864
          ],
          [
            109.0360036,
            22.9752283
          ],
          [
            109.0367224,
            22.9752425
          ],
          [
            109.0371397,
            22.9753066
          ],
          [
            109.037418,
            22.9756268
          ],
          [
            109.0374102,
            22.9759968
          ],
          [
            109.0371629,
            22.9761961
          ],
          [
            109.0370161,
            22.9761676
          ],
          [
            109.0369156,
            22.9759043
          ],
          [
            109.0367842,
            22.9757478
          ],
          [
            109.03622,
            22.9757051
          ],
          [
            109.0358258,
            22.9755058
          ],
          [
            109.0356326,
            22.9755414
          ],
          [
            109.0355205,
            22.9758901
          ],
          [
            109.0353448,
            22.9762491
          ],
          [
            109.0350143,
            22.9761391
          ],
          [
            109.0348482,
            22.9758335
          ]
        ]
      }
    },
    {
      "type": "Feature",
      "properties": {
        "feature_id": "WY017",
        "name": null,
        "name_raw": "未记录",
        "name_missing": true,
        "category": "河流",
        "osm_id": "387841547"
      },
      "geometry": {
        "type": "LineString",
        "coordinates": [
          [
            109.0752829,
            22.9671662
          ],
          [
            109.0750791,
            22.9672601
          ],
          [
            109.074826,
            22.9674363
          ],
          [
            109.0739449,
            22.9677921
          ],
          [
            109.0737285,
            22.9677351
          ],
          [
            109.0735585,
            22.9675003
          ],
          [
            109.073373,
            22.9675501
          ],
          [
            109.0730793,
            22.9672512
          ],
          [
            109.0728242,
            22.9667958
          ],
          [
            109.0729865,
            22.966625
          ],
          [
            109.0735121,
            22.9666179
          ],
          [
            109.0738599,
            22.9664969
          ],
          [
            109.0738831,
            22.9661624
          ],
          [
            109.0734966,
            22.9657426
          ],
          [
            109.0722755,
            22.9650309
          ],
          [
            109.0718426,
            22.9649669
          ],
          [
            109.0711316,
            22.965522
          ],
          [
            109.0707915,
            22.965771
          ],
          [
            109.0705596,
            22.9656856
          ],
          [
            109.0705287,
            22.9653583
          ],
          [
            109.0709306,
            22.9647819
          ],
          [
            109.0711393,
            22.9642126
          ],
          [
            109.0710697,
            22.9636717
          ],
          [
            109.0712089,
            22.9632803
          ],
          [
            109.0712011,
            22.962775
          ],
          [
            109.0709074,
            22.9620776
          ],
          [
            109.0704823,
            22.9619638
          ],
          [
            109.0695008,
            22.9615296
          ],
          [
            109.0691298,
            22.9616293
          ],
          [
            109.0688129,
            22.9619851
          ],
          [
            109.0685965,
            22.9619709
          ],
          [
            109.0684805,
            22.9616649
          ],
          [
            109.0685115,
            22.9612521
          ],
          [
            109.0683414,
            22.960455
          ],
          [
            109.0681096,
            22.9604195
          ],
          [
            109.0676226,
            22.9607468
          ],
          [
            109.067383,
            22.96106
          ],
          [
            109.0663242,
            22.9616008
          ],
          [
            109.0661851,
            22.9618143
          ],
          [
            109.0662546,
            22.9624263
          ],
          [
            109.0662546,
            22.962832
          ],
          [
            109.0659764,
            22.9631024
          ],
          [
            109.0655667,
            22.9632234
          ],
          [
            109.0650953,
            22.9630312
          ],
          [
            109.0646702,
            22.9629672
          ],
          [
            109.0642992,
            22.9627608
          ],
          [
            109.0639359,
            22.9626327
          ],
          [
            109.0632635,
            22.962711
          ],
          [
            109.0623747,
            22.9622698
          ],
          [
            109.0615554,
            22.9622769
          ],
          [
            109.0612076,
            22.9619993
          ],
          [
            109.0606511,
            22.9620278
          ],
          [
            109.0603033,
            22.9617858
          ],
          [
            109.0599787,
            22.9618285
          ],
          [
            109.0598628,
            22.9620136
          ],
          [
            109.0599014,
            22.962405
          ],
          [
            109.0598551,
            22.9626185
          ],
          [
            109.0596541,
            22.9628462
          ],
          [
            109.0594222,
            22.9628177
          ],
          [
            109.0591749,
            22.9623836
          ],
          [
            109.0586107,
            22.9622911
          ],
          [
            109.058317,
            22.9624904
          ],
          [
            109.0581624,
            22.9629672
          ],
          [
            109.0581392,
            22.9635436
          ],
          [
            109.0580078,
            22.9636361
          ],
          [
            109.0578069,
            22.963508
          ],
          [
            109.0577992,
            22.9632945
          ],
          [
            109.0576987,
            22.9629814
          ],
          [
            109.0576832,
            22.9624477
          ],
          [
            109.0574514,
            22.9622057
          ],
          [
            109.0571422,
            22.9618926
          ],
          [
            109.0569026,
            22.9618926
          ],
          [
            109.0568485,
            22.9620634
          ],
          [
            109.0569567,
            22.9626541
          ],
          [
            109.0567635,
            22.9631166
          ],
          [
            109.0562534,
            22.9630739
          ],
          [
            109.0559519,
            22.9630953
          ],
          [
            109.0553491,
            22.9626683
          ],
          [
            109.0553877,
            22.9620919
          ],
          [
            109.0551868,
            22.9617431
          ],
          [
            109.0547308,
            22.9616862
          ],
          [
            109.0545839,
            22.9618997
          ],
          [
            109.0545685,
            22.9621488
          ],
          [
            109.0544834,
            22.9627964
          ],
          [
            109.0539424,
            22.9637998
          ],
          [
            109.0536565,
            22.9641129
          ]
        ]
      }
    },
    {
      "type": "Feature",
      "properties": {
        "feature_id": "WY018",
        "name": null,
        "name_raw": "未记录",
        "name_missing": true,
        "category": "河流",
        "osm_id": "387841550"
      },
      "geometry": {
        "type": "LineString",
        "coordinates": [
          [
            109.0951536,
            22.9838244
          ],
          [
            109.0953855,
            22.9833548
          ],
          [
            109.095826,
            22.9834402
          ],
          [
            109.0963902,
            22.9831556
          ],
          [
            109.0964984,
            22.9828709
          ],
          [
            109.0963361,
            22.9826788
          ],
          [
            109.0959767,
            22.9823017
          ],
          [
            109.0957372,
            22.9819602
          ],
          [
            109.0957681,
            22.9817824
          ],
          [
            109.096479,
            22.9814694
          ],
          [
            109.0967726,
            22.9810924
          ],
          [
            109.096904,
            22.9807865
          ],
          [
            109.0972749,
            22.9804592
          ],
          [
            109.0972594,
            22.980132
          ],
          [
            109.0972208,
            22.9798759
          ],
          [
            109.0972749,
            22.9796269
          ],
          [
            109.0970817,
            22.9794917
          ],
          [
            109.0965176,
            22.9796198
          ],
          [
            109.0964404,
            22.9794562
          ],
          [
            109.0965176,
            22.9792712
          ],
          [
            109.0966722,
            22.9790222
          ],
          [
            109.0966413,
            22.9787661
          ],
          [
            109.096054,
            22.978574
          ],
          [
            109.0959072,
            22.9782041
          ],
          [
            109.0958917,
            22.9778057
          ],
          [
            109.0955363,
            22.9775709
          ],
          [
            109.0952968,
            22.9776421
          ],
          [
            109.095204,
            22.9777986
          ],
          [
            109.0951731,
            22.9782752
          ],
          [
            109.0949722,
            22.9784531
          ],
          [
            109.0946322,
            22.9784673
          ],
          [
            109.0942768,
            22.9781828
          ],
          [
            109.0940604,
            22.9777061
          ],
          [
            109.0935813,
            22.9773789
          ],
          [
            109.0932568,
            22.9773077
          ],
          [
            109.0925382,
            22.9775709
          ],
          [
            109.0921827,
            22.9774642
          ],
          [
            109.0917732,
            22.9767386
          ],
          [
            109.0915336,
            22.9765963
          ],
          [
            109.0909927,
            22.9763544
          ],
          [
            109.0908073,
            22.9760983
          ],
          [
            109.0903128,
            22.9758778
          ],
          [
            109.0898182,
            22.975892
          ],
          [
            109.0894241,
            22.975828
          ],
          [
            109.088976,
            22.9754367
          ],
          [
            109.0888291,
            22.9751593
          ],
          [
            109.0889141,
            22.9749672
          ],
          [
            109.0890378,
            22.9748107
          ],
          [
            109.0889837,
            22.9745546
          ],
          [
            109.0888291,
            22.9743909
          ],
          [
            109.0885046,
            22.9743127
          ],
          [
            109.0883037,
            22.9744478
          ],
          [
            109.088126,
            22.9747609
          ],
          [
            109.0879096,
            22.974832
          ],
          [
            109.0872837,
            22.9745617
          ],
          [
            109.0871137,
            22.9745972
          ],
          [
            109.086851,
            22.9748605
          ],
          [
            109.0864956,
            22.975145
          ],
          [
            109.0864878,
            22.975643
          ],
          [
            109.0861401,
            22.9759134
          ],
          [
            109.0858928,
            22.9763331
          ],
          [
            109.0855451,
            22.9765679
          ],
          [
            109.0853365,
            22.9771797
          ],
          [
            109.0851433,
            22.9772224
          ],
          [
            109.0845638,
            22.9766532
          ],
          [
            109.0841542,
            22.9765608
          ],
          [
            109.0836597,
            22.9769093
          ],
          [
            109.0831883,
            22.9773931
          ],
          [
            109.0830183,
            22.9774358
          ],
          [
            109.0825702,
            22.9772152
          ],
          [
            109.0824929,
            22.9770303
          ],
          [
            109.0825238,
            22.9764754
          ],
          [
            109.0826088,
            22.9759774
          ],
          [
            109.0828174,
            22.9758422
          ],
          [
            109.0830183,
            22.9757924
          ],
          [
            109.0831033,
            22.975579
          ],
          [
            109.0830338,
            22.9754367
          ],
          [
            109.0822997,
            22.9748107
          ],
          [
            109.0818206,
            22.9739001
          ],
          [
            109.0816738,
            22.9733736
          ],
          [
            109.0813647,
            22.9730037
          ],
          [
            109.0808934,
            22.9727191
          ],
          [
            109.0804375,
            22.9726266
          ],
          [
            109.0792707,
            22.9718938
          ],
          [
            109.0783898,
            22.9711966
          ],
          [
            109.0785907,
            22.970535
          ],
          [
            109.0783125,
            22.970165
          ],
          [
            109.0767575,
            22.9688508
          ],
          [
            109.0769585,
            22.968189
          ],
          [
            109.0769662,
            22.9678759
          ],
          [
            109.0767266,
            22.967755
          ],
          [
            109.0761393,
            22.9678902
          ],
          [
            109.0757297,
            22.9679186
          ],
          [
            109.0755983,
            22.9677052
          ],
          [
            109.0757838,
            22.9672711
          ],
          [
            109.0756447,
            22.967143
          ],
          [
            109.0752829,
            22.9671662
          ]
        ]
      }
    },
    {
      "type": "Feature",
      "properties": {
        "feature_id": "WY019",
        "name": null,
        "name_raw": "未记录",
        "name_missing": true,
        "category": "河流",
        "osm_id": "387844267"
      },
      "geometry": {
        "type": "LineString",
        "coordinates": [
          [
            109.1003975,
            23.0493312
          ],
          [
            109.1005753,
            23.0486766
          ],
          [
            109.1004129,
            23.0483991
          ],
          [
            109.099864,
            23.0483636
          ],
          [
            109.0996011,
            23.0482426
          ],
          [
            109.0990444,
            23.0484205
          ],
          [
            109.098132,
            23.0486197
          ],
          [
            109.0971655,
            23.0484774
          ],
          [
            109.0966475,
            23.048022
          ],
          [
            109.0960676,
            23.0476023
          ],
          [
            109.0954954,
            23.0477303
          ],
          [
            109.095016,
            23.0486979
          ],
          [
            109.0947609,
            23.0491746
          ],
          [
            109.0941655,
            23.0493098
          ],
          [
            109.0935933,
            23.0489398
          ],
          [
            109.0930212,
            23.0477873
          ],
          [
            109.0926732,
            23.0462647
          ],
          [
            109.0923562,
            23.046101
          ],
          [
            109.0919619,
            23.0460939
          ],
          [
            109.0902686,
            23.0454322
          ],
          [
            109.0897583,
            23.0454749
          ],
          [
            109.0895031,
            23.0458236
          ],
          [
            109.0888536,
            23.0473177
          ],
          [
            109.088699,
            23.0484774
          ],
          [
            109.0885134,
            23.0488474
          ],
          [
            109.087833,
            23.0488402
          ],
          [
            109.0872222,
            23.0483849
          ],
          [
            109.0866655,
            23.0477873
          ],
          [
            109.0862093,
            23.0474884
          ],
          [
            109.0857454,
            23.0471042
          ],
          [
            109.08515,
            23.0465279
          ],
          [
            109.0842918,
            23.0458591
          ],
          [
            109.0831784,
            23.0452971
          ],
          [
            109.0827531,
            23.044863
          ],
          [
            109.0820186,
            23.0443081
          ],
          [
            109.0815005,
            23.0435254
          ],
          [
            109.0808936,
            23.0429349
          ],
          [
            109.0803678,
            23.0424297
          ],
          [
            109.0790998,
            23.0420171
          ],
          [
            109.0786359,
            23.0419673
          ],
          [
            109.0782571,
            23.0423515
          ],
          [
            109.0770046,
            23.0427997
          ],
          [
            109.0759453,
            23.0427855
          ],
          [
            109.0754582,
            23.0426787
          ],
          [
            109.0754273,
            23.0424582
          ],
          [
            109.0753113,
            23.0420455
          ],
          [
            109.0754582,
            23.0414194
          ],
          [
            109.0753113,
            23.0404091
          ],
          [
            109.0752263,
            23.040153
          ],
          [
            109.0737418,
            23.0399467
          ],
          [
            109.073046,
            23.0400676
          ],
          [
            109.0723115,
            23.0406439
          ],
          [
            109.07126,
            23.0407222
          ],
          [
            109.0707188,
            23.0406439
          ],
          [
            109.0698296,
            23.040089
          ],
          [
            109.0685385,
            23.0393988
          ],
          [
            109.0682988,
            23.039164
          ],
          [
            109.06809,
            23.0384454
          ],
          [
            109.0683993,
            23.037862
          ],
          [
            109.0685385,
            23.0374493
          ],
          [
            109.0684766,
            23.0370367
          ],
          [
            109.068523,
            23.036005
          ],
          [
            109.0687704,
            23.0353931
          ],
          [
            109.0692807,
            23.0350587
          ],
          [
            109.07126,
            23.034397
          ],
          [
            109.0726207,
            23.0340127
          ],
          [
            109.0727135,
            23.0337779
          ],
          [
            109.0725125,
            23.0323122
          ],
          [
            109.0717935,
            23.0312591
          ],
          [
            109.0702162,
            23.0296866
          ],
          [
            109.0690024,
            23.0287189
          ],
          [
            109.0681905,
            23.028292
          ],
          [
            109.0679277,
            23.0277583
          ],
          [
            109.0674096,
            23.0274239
          ],
          [
            109.0673401,
            23.0269329
          ],
          [
            109.0670308,
            23.0261716
          ],
          [
            109.0668839,
            23.0255667
          ],
          [
            109.0667254,
            23.0243784
          ],
          [
            109.0665167,
            23.0235602
          ],
          [
            109.0660374,
            23.0227989
          ],
          [
            109.0653493,
            23.0222155
          ],
          [
            109.0651329,
            23.0219166
          ],
          [
            109.0648855,
            23.0218384
          ],
          [
            109.0638264,
            23.0206288
          ],
          [
            109.0629064,
            23.0196327
          ],
          [
            109.0623343,
            23.0192129
          ],
          [
            109.0617545,
            23.0191418
          ],
          [
            109.0611206,
            23.0197039
          ],
          [
            109.05976,
            23.0204794
          ],
          [
            109.0590333,
            23.0207996
          ],
          [
            109.0580375,
            23.021095
          ],
          [
            109.0569165,
            23.0213724
          ],
          [
            109.0559889,
            23.0214222
          ],
          [
            109.0550844,
            23.0212301
          ],
          [
            109.0539635,
            23.0208388
          ],
          [
            109.0538166,
            23.020476
          ],
          [
            109.0541104,
            23.0192949
          ],
          [
            109.0539248,
            23.0190032
          ],
          [
            109.0532909,
            23.018932
          ],
          [
            109.0522937,
            23.0190886
          ],
          [
            109.0510413,
            23.0192309
          ],
          [
            109.0492633,
            23.0191739
          ],
          [
            109.047323,
            23.0186759
          ],
          [
            109.0460629,
            23.0182774
          ]
        ]
      }
    },
    {
      "type": "Feature",
      "properties": {
        "feature_id": "WY020",
        "name": null,
        "name_raw": "未记录",
        "name_missing": true,
        "category": "河流",
        "osm_id": "387844268"
      },
      "geometry": {
        "type": "LineString",
        "coordinates": [
          [
            109.1007635,
            23.0511547
          ],
          [
            109.1003975,
            23.0493312
          ]
        ]
      }
    },
    {
      "type": "Feature",
      "properties": {
        "feature_id": "WY021",
        "name": null,
        "name_raw": "未记录",
        "name_missing": true,
        "category": "河流",
        "osm_id": "387844269"
      },
      "geometry": {
        "type": "LineString",
        "coordinates": [
          [
            109.0460629,
            23.0182774
          ],
          [
            109.0448492,
            23.0178648
          ],
          [
            109.0434809,
            23.0177438
          ],
          [
            109.04236,
            23.0172884
          ],
          [
            109.0419657,
            23.0169256
          ],
          [
            109.0419889,
            23.0163137
          ],
          [
            109.0426305,
            23.0154599
          ],
          [
            109.0432799,
            23.0151468
          ],
          [
            109.0441225,
            23.0143784
          ],
          [
            109.0440993,
            23.0140511
          ],
          [
            109.0431717,
            23.0126209
          ],
          [
            109.043133,
            23.0121655
          ],
          [
            109.0427465,
            23.0114468
          ],
          [
            109.0421667,
            23.010657
          ],
          [
            109.041757,
            23.0104792
          ],
          [
            109.0410999,
            23.0107353
          ],
          [
            109.0406592,
            23.0108776
          ],
          [
            109.0404351,
            23.0110697
          ],
          [
            109.0402031,
            23.0111409
          ],
          [
            109.03926,
            23.0112832
          ],
          [
            109.0380463,
            23.0117599
          ],
          [
            109.0374975,
            23.0121868
          ],
          [
            109.0367476,
            23.0126422
          ],
          [
            109.0362026,
            23.0128628
          ],
          [
            109.0352093,
            23.0127797
          ],
          [
            109.0335834,
            23.0125005
          ],
          [
            109.0328115,
            23.012583313703743
          ]
        ]
      }
    },
    {
      "type": "Feature",
      "properties": {
        "feature_id": "WY022",
        "name": null,
        "name_raw": "未记录",
        "name_missing": true,
        "category": "河流",
        "osm_id": "387844269"
      },
      "geometry": {
        "type": "LineString",
        "coordinates": [
          [
            109.0328115,
            22.99022552361553
          ],
          [
            109.0334486,
            22.9897155
          ],
          [
            109.0334486,
            22.9890505
          ],
          [
            109.0328115,
            22.988837235286613
          ]
        ]
      }
    },
    {
      "type": "Feature",
      "properties": {
        "feature_id": "WY023",
        "name": null,
        "name_raw": "未记录",
        "name_missing": true,
        "category": "溪流",
        "osm_id": "387844270"
      },
      "geometry": {
        "type": "LineString",
        "coordinates": [
          [
            109.0773796,
            23.0500321
          ],
          [
            109.0783918,
            23.0489999
          ],
          [
            109.0793519,
            23.0484141
          ],
          [
            109.0794941,
            23.047723
          ],
          [
            109.0795096,
            23.0473886
          ],
          [
            109.0794091,
            23.0469617
          ],
          [
            109.0794709,
            23.0467554
          ],
          [
            109.0793704,
            23.0462432
          ],
          [
            109.0788988,
            23.0460155
          ],
          [
            109.0784813,
            23.046108
          ],
          [
            109.0779633,
            23.0461934
          ],
          [
            109.0776927,
            23.0462788
          ],
          [
            109.077569,
            23.0462574
          ],
          [
            109.0774762,
            23.046108
          ],
          [
            109.0775844,
            23.0458875
          ],
          [
            109.0773448,
            23.0457452
          ],
          [
            109.0773061,
            23.0454677
          ],
          [
            109.0771901,
            23.045489
          ],
          [
            109.077051,
            23.0451973
          ],
          [
            109.0769118,
            23.045055
          ],
          [
            109.0769659,
            23.0445428
          ],
          [
            109.077221,
            23.0445286
          ],
          [
            109.0773448,
            23.0443436
          ],
          [
            109.0774375,
            23.0441017
          ],
          [
            109.0777623,
            23.04381
          ],
          [
            109.0776231,
            23.0437175
          ],
          [
            109.0774762,
            23.0435183
          ],
          [
            109.0772829,
            23.0435467
          ],
          [
            109.0768963,
            23.0435112
          ],
          [
            109.0766876,
            23.0433831
          ],
          [
            109.0764865,
            23.0434329
          ],
          [
            109.0760922,
            23.0432835
          ],
          [
            109.0755046,
            23.0429847
          ],
          [
            109.0754196,
            23.042757
          ],
          [
            109.0754582,
            23.0426787
          ]
        ]
      }
    },
    {
      "type": "Feature",
      "properties": {
        "feature_id": "WY024",
        "name": null,
        "name_raw": "未记录",
        "name_missing": true,
        "category": "溪流",
        "osm_id": "387844271"
      },
      "geometry": {
        "type": "LineString",
        "coordinates": [
          [
            109.0416719,
            23.0253994
          ],
          [
            109.0422285,
            23.0254634
          ],
          [
            109.042445,
            23.0253994
          ],
          [
            109.0428856,
            23.0254634
          ],
          [
            109.0432644,
            23.0253282
          ],
          [
            109.0435041,
            23.0253211
          ],
          [
            109.0435118,
            23.0251788
          ],
          [
            109.0433727,
            23.0249796
          ],
          [
            109.0434036,
            23.0248231
          ],
          [
            109.0434964,
            23.0247591
          ],
          [
            109.0437283,
            23.0246808
          ],
          [
            109.0439061,
            23.0244603
          ],
          [
            109.0440143,
            23.0239338
          ],
          [
            109.0439061,
            23.0236136
          ],
          [
            109.0439756,
            23.0232009
          ],
          [
            109.0437978,
            23.0226318
          ],
          [
            109.0432103,
            23.0223401
          ],
          [
            109.0429784,
            23.0220768
          ],
          [
            109.0430093,
            23.0219559
          ],
          [
            109.0432026,
            23.0218349
          ],
          [
            109.0430712,
            23.0216926
          ],
          [
            109.043133,
            23.0214863
          ],
          [
            109.0430944,
            23.0214009
          ],
          [
            109.0427388,
            23.0213226
          ],
          [
            109.0425532,
            23.0213867
          ],
          [
            109.0424218,
            23.0211803
          ],
          [
            109.0423445,
            23.0210665
          ],
          [
            109.0418497,
            23.0209242
          ],
          [
            109.0417183,
            23.0210452
          ],
          [
            109.0415328,
            23.020974
          ],
          [
            109.0413936,
            23.0206681
          ],
          [
            109.0413009,
            23.0207321
          ],
          [
            109.0411849,
            23.0208317
          ],
          [
            109.0410303,
            23.0206396
          ]
        ]
      }
    },
    {
      "type": "Feature",
      "properties": {
        "feature_id": "WY025",
        "name": null,
        "name_raw": "未记录",
        "name_missing": true,
        "category": "溪流",
        "osm_id": "387844272"
      },
      "geometry": {
        "type": "LineString",
        "coordinates": [
          [
            109.0495107,
            23.0275978
          ],
          [
            109.0494411,
            23.0275267
          ],
          [
            109.0491937,
            23.027484
          ],
          [
            109.0487531,
            23.0274769
          ],
          [
            109.0484207,
            23.0273915
          ],
          [
            109.0483279,
            23.0267654
          ],
          [
            109.0481579,
            23.0266516
          ],
          [
            109.0474467,
            23.0271567
          ],
          [
            109.0471297,
            23.0270927
          ],
          [
            109.0471142,
            23.0268437
          ],
          [
            109.0472611,
            23.0263029
          ],
          [
            109.0472225,
            23.0261251
          ],
          [
            109.0469596,
            23.025997
          ],
          [
            109.0468901,
            23.0258263
          ],
          [
            109.0470524,
            23.0256982
          ],
          [
            109.0474853,
            23.0256982
          ],
          [
            109.048011,
            23.0259614
          ],
          [
            109.0483202,
            23.025933
          ],
          [
            109.048413,
            23.0256911
          ],
          [
            109.048413,
            23.0251433
          ],
          [
            109.0487686,
            23.024446
          ],
          [
            109.0490469,
            23.0240689
          ],
          [
            109.0493484,
            23.0239409
          ],
          [
            109.0494179,
            23.0236136
          ],
          [
            109.0489232,
            23.0231796
          ],
          [
            109.0487145,
            23.0231654
          ],
          [
            109.048614,
            23.0230587
          ],
          [
            109.0486835,
            23.0228381
          ],
          [
            109.048614,
            23.0226531
          ],
          [
            109.0482429,
            23.0223899
          ],
          [
            109.0480883,
            23.0219701
          ],
          [
            109.0481501,
            23.0213796
          ],
          [
            109.048096,
            23.0208673
          ],
          [
            109.0478641,
            23.0202625
          ],
          [
            109.0475162,
            23.0200348
          ],
          [
            109.0470137,
            23.0194301
          ],
          [
            109.046604,
            23.0189961
          ],
          [
            109.046233,
            23.0188538
          ],
          [
            109.0460629,
            23.0182774
          ]
        ]
      }
    },
    {
      "type": "Feature",
      "properties": {
        "feature_id": "WY026",
        "name": null,
        "name_raw": "未记录",
        "name_missing": true,
        "category": "溪流",
        "osm_id": "387844273"
      },
      "geometry": {
        "type": "LineString",
        "coordinates": [
          [
            109.1713092,
            23.0338751
          ],
          [
            109.1705824,
            23.0339676
          ],
          [
            109.1704355,
            23.0338609
          ],
          [
            109.1703659,
            23.0335834
          ],
          [
            109.1700411,
            23.0335834
          ],
          [
            109.1698324,
            23.0337755
          ],
          [
            109.1698324,
            23.0341313
          ],
          [
            109.1698788,
            23.0344942
          ],
          [
            109.1697009,
            23.0346721
          ],
          [
            109.1694071,
            23.0347077
          ],
          [
            109.1688504,
            23.0347077
          ],
          [
            109.1683633,
            23.0344515
          ],
          [
            109.1682009,
            23.0340673
          ],
          [
            109.1690746,
            23.0332419
          ],
          [
            109.1692757,
            23.033007
          ],
          [
            109.1690669,
            23.0328078
          ],
          [
            109.1679226,
            23.0332988
          ],
          [
            109.1674045,
            23.0332774
          ],
          [
            109.1673427,
            23.0333699
          ],
          [
            109.1673659,
            23.033498
          ],
          [
            109.1671184,
            23.0334909
          ],
          [
            109.1665463,
            23.0335834
          ],
          [
            109.1664303,
            23.0332561
          ],
          [
            109.1665076,
            23.0327509
          ],
          [
            109.1663762,
            23.032388
          ],
          [
            109.1657267,
            23.0324236
          ],
          [
            109.164853,
            23.0331849
          ],
          [
            109.1645901,
            23.0338396
          ],
          [
            109.1642731,
            23.0343234
          ],
          [
            109.1640102,
            23.0344373
          ],
          [
            109.1638555,
            23.0343234
          ],
          [
            109.1636622,
            23.0340175
          ],
          [
            109.1636854,
            23.0336261
          ],
          [
            109.1635617,
            23.0332205
          ],
          [
            109.1630514,
            23.0331849
          ],
          [
            109.1626571,
            23.0334269
          ],
          [
            109.162054,
            23.0340032
          ],
          [
            109.1620849,
            23.034423
          ],
          [
            109.1620153,
            23.0352769
          ],
          [
            109.161822,
            23.0365079
          ],
          [
            109.161938,
            23.0368281
          ],
          [
            109.1620927,
            23.0370059
          ],
          [
            109.1623246,
            23.0369277
          ],
          [
            109.1624793,
            23.0369633
          ],
          [
            109.162603,
            23.0371554
          ],
          [
            109.1629586,
            23.0373759
          ],
          [
            109.1628736,
            23.0379238
          ],
          [
            109.1627344,
            23.0381657
          ],
          [
            109.1622396,
            23.0385713
          ],
          [
            109.1619071,
            23.0385073
          ],
          [
            109.1613427,
            23.0382867
          ],
          [
            109.1610256,
            23.0383152
          ],
          [
            109.160987,
            23.0385286
          ],
          [
            109.1612612,
            23.0386769
          ]
        ]
      }
    },
    {
      "type": "Feature",
      "properties": {
        "feature_id": "WY027",
        "name": null,
        "name_raw": "未记录",
        "name_missing": true,
        "category": "河流",
        "osm_id": "387844275"
      },
      "geometry": {
        "type": "LineString",
        "coordinates": [
          [
            109.1583813,
            23.0459995
          ],
          [
            109.1582267,
            23.0460706
          ],
          [
            109.1579483,
            23.0459283
          ],
          [
            109.1574612,
            23.044669
          ],
          [
            109.1571751,
            23.0443132
          ],
          [
            109.1568272,
            23.0445196
          ],
          [
            109.1564097,
            23.0450461
          ],
          [
            109.1559921,
            23.0456224
          ],
          [
            109.155737,
            23.0457006
          ],
          [
            109.155389,
            23.0456793
          ],
          [
            109.1545076,
            23.0448184
          ],
          [
            109.1542524,
            23.0446903
          ],
          [
            109.1537653,
            23.0448753
          ],
          [
            109.1534483,
            23.0452382
          ],
          [
            109.1531854,
            23.0454089
          ],
          [
            109.1524432,
            23.045601
          ],
          [
            109.1520411,
            23.0457789
          ],
          [
            109.1518246,
            23.0459995
          ],
          [
            109.1518633,
            23.0461773
          ],
          [
            109.1524432,
            23.0466113
          ],
          [
            109.1525205,
            23.0469529
          ],
          [
            109.1524045,
            23.0474082
          ],
          [
            109.1520024,
            23.0478493
          ],
          [
            109.151554,
            23.0479845
          ],
          [
            109.1506339,
            23.047956
          ],
          [
            109.1494122,
            23.0474011
          ],
          [
            109.1488555,
            23.0473584
          ],
          [
            109.1487318,
            23.0475078
          ],
          [
            109.1487937,
            23.0478351
          ],
          [
            109.1491493,
            23.0482406
          ],
          [
            109.149188,
            23.0487316
          ],
          [
            109.1489483,
            23.0488454
          ],
          [
            109.1487473,
            23.0491798
          ],
          [
            109.1492344,
            23.0496636
          ],
          [
            109.1493117,
            23.0498059
          ],
          [
            109.1489483,
            23.0502968
          ],
          [
            109.1478426,
            23.0505814
          ],
          [
            109.1469148,
            23.0504177
          ],
          [
            109.1464586,
            23.050183
          ],
          [
            109.1463349,
            23.0497845
          ],
          [
            109.1448736,
            23.048881
          ],
          [
            109.1439225,
            23.0484825
          ],
          [
            109.1432962,
            23.0486604
          ],
          [
            109.1429483,
            23.0492296
          ],
          [
            109.1430101,
            23.0495782
          ],
          [
            109.1440153,
            23.0506312
          ],
          [
            109.1442782,
            23.0510225
          ],
          [
            109.1442163,
            23.0512146
          ],
          [
            109.1439225,
            23.0513071
          ],
          [
            109.1435591,
            23.0512857
          ],
          [
            109.1406751,
            23.0501545
          ],
          [
            109.1397705,
            23.050183
          ],
          [
            109.1393607,
            23.0505529
          ],
          [
            109.1390514,
            23.050809
          ],
          [
            109.1381235,
            23.0511079
          ],
          [
            109.137505,
            23.051243
          ],
          [
            109.1362988,
            23.0519189
          ],
          [
            109.1360746,
            23.0520185
          ],
          [
            109.1349302,
            23.0525735
          ],
          [
            109.1322704,
            23.0529576
          ],
          [
            109.131822,
            23.0532707
          ],
          [
            109.1317292,
            23.0538398
          ],
          [
            109.1317833,
            23.0544232
          ],
          [
            109.1315668,
            23.0547292
          ],
          [
            109.1316364,
            23.0549212
          ],
          [
            109.1319921,
            23.0550706
          ],
          [
            109.1320462,
            23.0552627
          ],
          [
            109.1318606,
            23.0557038
          ],
          [
            109.131822,
            23.0559742
          ],
          [
            109.1327962,
            23.0571836
          ],
          [
            109.132974,
            23.05808
          ],
          [
            109.1328658,
            23.0584286
          ],
          [
            109.1325101,
            23.058514
          ],
          [
            109.1319998,
            23.0584499
          ],
          [
            109.1313349,
            23.0584428
          ],
          [
            109.1311106,
            23.059012
          ],
          [
            109.1304844,
            23.0595313
          ],
          [
            109.130407,
            23.0601147
          ],
          [
            109.1305462,
            23.0604135
          ],
          [
            109.1314895,
            23.0614948
          ],
          [
            109.1319998,
            23.0617438
          ],
          [
            109.132224,
            23.0620141
          ],
          [
            109.1325565,
            23.0628322
          ],
          [
            109.1327885,
            23.0637997
          ],
          [
            109.1328117,
            23.0653363
          ],
          [
            109.1326462,
            23.0657273
          ]
        ]
      }
    },
    {
      "type": "Feature",
      "properties": {
        "feature_id": "WY028",
        "name": null,
        "name_raw": "未记录",
        "name_missing": true,
        "category": "河流",
        "osm_id": "387844276"
      },
      "geometry": {
        "type": "LineString",
        "coordinates": [
          [
            109.1326462,
            23.0657273
          ],
          [
            109.1325302,
            23.0658411
          ],
          [
            109.1321514,
            23.0658767
          ],
          [
            109.1315019,
            23.0650657
          ],
          [
            109.1312699,
            23.0644254
          ],
          [
            109.1308988,
            23.0638137
          ],
          [
            109.1307132,
            23.0631165
          ],
          [
            109.1306436,
            23.0627323
          ],
          [
            109.1305199,
            23.0625972
          ],
          [
            109.1300637,
            23.0627039
          ],
          [
            109.1297235,
            23.0630453
          ],
          [
            109.1294529,
            23.0642405
          ],
          [
            109.1292209,
            23.065144
          ],
          [
            109.1290508,
            23.0652293
          ],
          [
            109.128641,
            23.0652364
          ],
          [
            109.1281153,
            23.064895
          ],
          [
            109.1279297,
            23.0642974
          ],
          [
            109.1275586,
            23.0640413
          ],
          [
            109.1270714,
            23.0640413
          ],
          [
            109.1259503,
            23.0637354
          ],
          [
            109.125672,
            23.0633086
          ],
          [
            109.1257493,
            23.0626114
          ],
          [
            109.1259812,
            23.0621988
          ],
          [
            109.1261281,
            23.0617577
          ],
          [
            109.126391,
            23.0613949
          ],
          [
            109.1270251,
            23.0610178
          ],
          [
            109.1280998,
            23.0609894
          ],
          [
            109.1285946,
            23.0608827
          ],
          [
            109.1284787,
            23.0604131
          ],
          [
            109.1280534,
            23.0601997
          ],
          [
            109.1278756,
            23.0600076
          ],
          [
            109.1277055,
            23.0586702
          ],
          [
            109.1274503,
            23.0578093
          ],
          [
            109.1270251,
            23.0577382
          ],
          [
            109.1266771,
            23.0579232
          ],
          [
            109.1255637,
            23.0594527
          ],
          [
            109.1247441,
            23.0599863
          ],
          [
            109.1241256,
            23.0600147
          ],
          [
            109.1229735,
            23.0593104
          ],
          [
            109.1221926,
            23.0585137
          ],
          [
            109.1219993,
            23.0584994
          ],
          [
            109.1217441,
            23.0588125
          ],
          [
            109.1214426,
            23.0593958
          ],
          [
            109.1207158,
            23.0599151
          ],
          [
            109.1204142,
            23.0597017
          ],
          [
            109.119873,
            23.0592749
          ],
          [
            109.119324,
            23.0581935
          ],
          [
            109.1193008,
            23.0575319
          ],
          [
            109.1187364,
            23.0566497
          ],
          [
            109.1179786,
            23.0564861
          ],
          [
            109.1173601,
            23.0567778
          ],
          [
            109.117391,
            23.0581081
          ],
          [
            109.117708,
            23.0593033
          ],
          [
            109.1175379,
            23.0601215
          ],
          [
            109.1172054,
            23.0603633
          ],
          [
            109.1166333,
            23.0601428
          ],
          [
            109.1160457,
            23.059097
          ],
          [
            109.1156201,
            23.0584962
          ],
          [
            109.1151608,
            23.0585566
          ],
          [
            109.1149203,
            23.0592407
          ],
          [
            109.1149312,
            23.0606794
          ],
          [
            109.1147562,
            23.0614139
          ],
          [
            109.1138815,
            23.0617962
          ],
          [
            109.1123615,
            23.0613636
          ],
          [
            109.1095623,
            23.0589389
          ],
          [
            109.1095335,
            23.0579657
          ],
          [
            109.109286,
            23.0576669
          ],
          [
            109.1087525,
            23.0576954
          ],
          [
            109.1079948,
            23.0581151
          ],
          [
            109.1063943,
            23.0584637
          ],
          [
            109.1043298,
            23.0586344
          ],
          [
            109.1034484,
            23.0583356
          ],
          [
            109.1032164,
            23.0575815
          ],
          [
            109.1035876,
            23.0558741
          ],
          [
            109.1047783,
            23.0555611
          ],
          [
            109.1062319,
            23.056927
          ],
          [
            109.1070515,
            23.0561018
          ],
          [
            109.1070515,
            23.0551484
          ],
          [
            109.1054232,
            23.0539912
          ],
          [
            109.1046191,
            23.053913
          ],
          [
            109.1034748,
            23.0542545
          ],
          [
            109.1028408,
            23.0540197
          ],
          [
            109.1027325,
            23.0534932
          ],
          [
            109.1034671,
            23.0523762
          ],
          [
            109.1036062,
            23.0517857
          ],
          [
            109.1031732,
            23.0515082
          ],
          [
            109.1017506,
            23.0517146
          ],
          [
            109.1011243,
            23.0515723
          ],
          [
            109.1007635,
            23.0511547
          ]
        ]
      }
    },
    {
      "type": "Feature",
      "properties": {
        "feature_id": "WY029",
        "name": "南河",
        "name_raw": "南河",
        "name_missing": false,
        "category": "河流",
        "osm_id": "445075493"
      },
      "geometry": {
        "type": "LineString",
        "coordinates": [
          [
            109.0730372,
            23.195715
          ],
          [
            109.0729943,
            23.196642
          ],
          [
            109.0725222,
            23.1969773
          ],
          [
            109.0716693,
            23.1967939
          ],
          [
            109.0702048,
            23.1953995
          ],
          [
            109.0694752,
            23.1954586
          ],
          [
            109.0689602,
            23.196859
          ],
          [
            109.068574,
            23.1982198
          ],
          [
            109.0672007,
            23.1974506
          ],
          [
            109.0666857,
            23.1973915
          ],
          [
            109.0665141,
            23.1980226
          ],
          [
            109.0664926,
            23.1990285
          ],
          [
            109.0671793,
            23.1999357
          ],
          [
            109.0681878,
            23.200409
          ],
          [
            109.0686384,
            23.2012966
          ],
          [
            109.0684882,
            23.2016516
          ],
          [
            109.0679947,
            23.2015727
          ],
          [
            109.0672865,
            23.2013163
          ],
          [
            109.065806,
            23.2015924
          ],
          [
            109.0655699,
            23.2019079
          ],
          [
            109.0663049,
            23.2035784
          ],
          [
            109.0662351,
            23.2039985
          ],
          [
            109.0656772,
            23.2040182
          ],
          [
            109.0645185,
            23.2030124
          ],
          [
            109.0637889,
            23.202756
          ],
          [
            109.0632579,
            23.2030854
          ],
          [
            109.0630165,
            23.203466
          ],
          [
            109.0626302,
            23.2049649
          ],
          [
            109.0621785,
            23.2058129
          ],
          [
            109.0617494,
            23.2056946
          ],
          [
            109.0607194,
            23.2045901
          ],
          [
            109.0597324,
            23.2045507
          ],
          [
            109.0597753,
            23.2056551
          ],
          [
            109.0609342,
            23.2096366
          ],
          [
            109.0608975,
            23.2099879
          ],
          [
            109.0603579,
            23.2103053
          ],
          [
            109.0596836,
            23.2103944
          ],
          [
            109.0575139,
            23.2101151
          ],
          [
            109.0561415,
            23.2095546
          ],
          [
            109.0557052,
            23.2092825
          ],
          [
            109.0551273,
            23.208703
          ],
          [
            109.0548237,
            23.2083852
          ],
          [
            109.0545167,
            23.2084155
          ],
          [
            109.0542995,
            23.2086165
          ],
          [
            109.0540667,
            23.2088889
          ],
          [
            109.0536427,
            23.2116473
          ],
          [
            109.0535156,
            23.2120665
          ],
          [
            109.0532964,
            23.2122683
          ],
          [
            109.0528908,
            23.2122037
          ],
          [
            109.0518789,
            23.2115715
          ],
          [
            109.0512687,
            23.2116334
          ],
          [
            109.0505033,
            23.2119331
          ],
          [
            109.0498935,
            23.2118724
          ],
          [
            109.0493679,
            23.2117519
          ],
          [
            109.0488941,
            23.211817
          ],
          [
            109.0487022,
            23.2120898
          ],
          [
            109.0482622,
            23.2141727
          ],
          [
            109.0474081,
            23.21627
          ],
          [
            109.0473027,
            23.2168101
          ],
          [
            109.0471715,
            23.217355
          ],
          [
            109.0469544,
            23.2179464
          ],
          [
            109.0464542,
            23.2180333
          ],
          [
            109.0459191,
            23.2175207
          ],
          [
            109.0455993,
            23.21759
          ],
          [
            109.0454762,
            23.2178304
          ],
          [
            109.0453631,
            23.2189074
          ],
          [
            109.0454285,
            23.220294
          ],
          [
            109.0456181,
            23.2210623
          ],
          [
            109.0464337,
            23.2228291
          ],
          [
            109.0465095,
            23.2232736
          ],
          [
            109.0461711,
            23.2235218
          ],
          [
            109.0456921,
            23.2234907
          ],
          [
            109.0451943,
            23.2235897
          ],
          [
            109.0445567,
            23.2238869
          ],
          [
            109.0442898,
            23.2239181
          ],
          [
            109.0440228,
            23.223798
          ],
          [
            109.0433674,
            23.2231342
          ],
          [
            109.0429786,
            23.223028
          ],
          [
            109.0426261,
            23.2231374
          ],
          [
            109.0425959,
            23.2234016
          ],
          [
            109.0428878,
            23.2243955
          ],
          [
            109.04321338505515,
            23.2247021
          ]
        ]
      }
    },
    {
      "type": "Feature",
      "properties": {
        "feature_id": "WY030",
        "name": null,
        "name_raw": "未记录",
        "name_missing": true,
        "category": "溪流",
        "osm_id": "488119419"
      },
      "geometry": {
        "type": "LineString",
        "coordinates": [
          [
            109.2048848,
            22.9053476
          ],
          [
            109.2051905,
            22.9051549
          ],
          [
            109.2055392,
            22.9048683
          ],
          [
            109.2061722,
            22.9047645
          ],
          [
            109.2066872,
            22.9045026
          ],
          [
            109.2069071,
            22.904473
          ],
          [
            109.2076045,
            22.9048732
          ],
          [
            109.2078674,
            22.904972
          ],
          [
            109.2081571,
            22.9048683
          ],
          [
            109.2085272,
            22.9047101
          ],
          [
            109.2089403,
            22.9047052
          ],
          [
            109.2090583,
            22.9046311
          ],
          [
            109.209246,
            22.9045471
          ],
          [
            109.2099166,
            22.9046558
          ],
          [
            109.2102063,
            22.9045866
          ],
          [
            109.2106461,
            22.9046756
          ],
          [
            109.2109251,
            22.9048782
          ],
          [
            109.2116547,
            22.9050116
          ],
          [
            109.2117888,
            22.9051944
          ],
          [
            109.2119336,
            22.9054563
          ],
          [
            109.2119497,
            22.905733
          ],
          [
            109.2122716,
            22.9057973
          ],
          [
            109.2128509,
            22.9059504
          ],
          [
            109.213264,
            22.9060196
          ],
          [
            109.2134786,
            22.9059653
          ],
          [
            109.2136234,
            22.9059356
          ],
          [
            109.2137521,
            22.9061975
          ],
          [
            109.213779,
            22.9064545
          ],
          [
            109.213897,
            22.9066373
          ],
          [
            109.2141545,
            22.9066669
          ],
          [
            109.2143798,
            22.9065236
          ],
          [
            109.2153507,
            22.9067015
          ],
          [
            109.215517,
            22.9065731
          ],
          [
            109.2156351,
            22.9063655
          ],
          [
            109.2158711,
            22.9062025
          ],
          [
            109.2161608,
            22.9061679
          ],
          [
            109.2163432,
            22.9063705
          ],
          [
            109.2168796,
            22.90641
          ],
          [
            109.2170566,
            22.9063013
          ],
          [
            109.2170459,
            22.9059751
          ],
          [
            109.21718,
            22.9058664
          ],
          [
            109.2176789,
            22.906153
          ],
          [
            109.2181617,
            22.906237
          ],
          [
            109.2191059,
            22.9060591
          ],
          [
            109.2199642,
            22.9056638
          ],
          [
            109.2205006,
            22.9049918
          ],
          [
            109.220565,
            22.9041418
          ],
          [
            109.2206937,
            22.9037267
          ],
          [
            109.2211872,
            22.9035884
          ],
          [
            109.2216593,
            22.9035884
          ],
          [
            109.2220885,
            22.90345
          ],
          [
            109.2222172,
            22.9026198
          ],
          [
            109.2226678,
            22.9026594
          ],
          [
            109.2229039,
            22.9030349
          ],
          [
            109.2233545,
            22.9032524
          ],
          [
            109.2237836,
            22.9030152
          ],
          [
            109.2239338,
            22.9026198
          ],
          [
            109.2243201,
            22.9023826
          ],
          [
            109.2252212,
            22.9023134
          ],
          [
            109.2259616,
            22.9026297
          ],
          [
            109.2268735,
            22.9029657
          ],
          [
            109.2273348,
            22.90261
          ],
          [
            109.2274314,
            22.9028867
          ],
          [
            109.227292,
            22.9034105
          ],
          [
            109.2278392,
            22.9036575
          ],
          [
            109.2285258,
            22.9035488
          ],
          [
            109.2373234,
            22.9031338
          ],
          [
            109.2504984,
            22.9023826
          ],
          [
            109.2517001,
            22.9023826
          ],
          [
            109.2590815,
            22.9019083
          ],
          [
            109.2661196,
            22.9017106
          ],
          [
            109.2750675,
            22.9052882
          ],
          [
            109.2755395,
            22.9054068
          ],
          [
            109.2768485,
            22.90598
          ],
          [
            109.2782861,
            22.9064149
          ],
          [
            109.2786938,
            22.9066718
          ],
          [
            109.2788869,
            22.9070671
          ],
          [
            109.2789513,
            22.9074625
          ],
          [
            109.2792732,
            22.9077589
          ],
          [
            109.2797023,
            22.907838
          ],
          [
            109.2801529,
            22.9077787
          ],
          [
            109.2802982,
            22.9076038
          ]
        ]
      }
    },
    {
      "type": "Feature",
      "properties": {
        "feature_id": "WY031",
        "name": null,
        "name_raw": "未记录",
        "name_missing": true,
        "category": "溪流",
        "osm_id": "488313197"
      },
      "geometry": {
        "type": "LineString",
        "coordinates": [
          [
            109.3310492,
            22.9454607
          ],
          [
            109.331941,
            22.944157
          ],
          [
            109.3320858,
            22.9439445
          ],
          [
            109.3326223,
            22.9434999
          ],
          [
            109.3331426,
            22.9429516
          ],
          [
            109.3338776,
            22.9425712
          ],
          [
            109.3341351,
            22.9424329
          ],
          [
            109.3345159,
            22.9418401
          ],
          [
            109.3351811,
            22.9411188
          ],
          [
            109.3351382,
            22.9405828
          ],
          [
            109.3347251,
            22.9396047
          ],
          [
            109.3338883,
            22.9383326
          ],
          [
            109.3328637,
            22.9365961
          ],
          [
            109.3327618,
            22.936191
          ],
          [
            109.3330086,
            22.9360724
          ],
          [
            109.3346286,
            22.9352078
          ],
          [
            109.3352509,
            22.9344569
          ],
          [
            109.3354011,
            22.9340222
          ],
          [
            109.3353796,
            22.9331922
          ],
          [
            109.335208,
            22.9322436
          ],
          [
            109.3355942,
            22.9309591
          ],
          [
            109.3355942,
            22.9301291
          ],
          [
            109.3357873,
            22.9292595
          ],
          [
            109.3360663,
            22.9284493
          ],
          [
            109.3359804,
            22.9255244
          ],
          [
            109.3361092,
            22.9242201
          ],
          [
            109.3358946,
            22.9238446
          ],
          [
            109.3355084,
            22.9236272
          ],
          [
            109.3346715,
            22.9235481
          ],
          [
            109.3342424,
            22.9234098
          ],
          [
            109.3339634,
            22.9230738
          ],
          [
            109.3339634,
            22.922224
          ],
          [
            109.3340922,
            22.921809
          ],
          [
            109.335208,
            22.9209592
          ],
          [
            109.3369031,
            22.9202872
          ],
          [
            109.337225,
            22.919971
          ],
          [
            109.3375254,
            22.9196152
          ],
          [
            109.3379331,
            22.9187852
          ],
          [
            109.3381262,
            22.9175203
          ],
          [
            109.3381262,
            22.9166507
          ],
          [
            109.3379331,
            22.9158206
          ],
          [
            109.3376541,
            22.9150498
          ],
          [
            109.3374181,
            22.9146742
          ],
          [
            109.3370748,
            22.9144173
          ],
          [
            109.3366242,
            22.9143778
          ],
          [
            109.336195,
            22.9145161
          ],
          [
            109.335723,
            22.9152079
          ],
          [
            109.3351436,
            22.9158601
          ],
          [
            109.3348003,
            22.9161566
          ],
          [
            109.3340493,
            22.9165914
          ],
          [
            109.3331266,
            22.9165321
          ],
          [
            109.3327189,
            22.9163542
          ],
          [
            109.3322039,
            22.9156624
          ],
          [
            109.3320752,
            22.9152672
          ],
          [
            109.3320752,
            22.9143975
          ],
          [
            109.3324238,
            22.9124828
          ]
        ]
      }
    },
    {
      "type": "Feature",
      "properties": {
        "feature_id": "WY032",
        "name": "南河",
        "name_raw": "南河",
        "name_missing": false,
        "category": "河流",
        "osm_id": "521885876"
      },
      "geometry": {
        "type": "LineString",
        "coordinates": [
          [
            109.0883858,
            23.156953
          ],
          [
            109.0881352,
            23.1570451
          ],
          [
            109.087856,
            23.1570057
          ],
          [
            109.0869181,
            23.1565449
          ],
          [
            109.086331,
            23.1563737
          ],
          [
            109.0857869,
            23.1563408
          ],
          [
            109.0848132,
            23.1566568
          ],
          [
            109.0841187,
            23.1572755
          ],
          [
            109.0836534,
            23.1580326
          ],
          [
            109.0835317,
            23.1582037
          ],
          [
            109.0827226,
            23.158388
          ],
          [
            109.0824076,
            23.1583748
          ],
          [
            109.0815914,
            23.157789
          ],
          [
            109.0813838,
            23.1572229
          ],
          [
            109.0808755,
            23.1571044
          ],
          [
            109.0805461,
            23.1573216
          ],
          [
            109.0804316,
            23.1579141
          ],
          [
            109.0807108,
            23.1584078
          ],
          [
            109.081212,
            23.1588356
          ],
          [
            109.0814482,
            23.1592372
          ],
          [
            109.0814482,
            23.1595926
          ],
          [
            109.0810688,
            23.160343
          ],
          [
            109.0809757,
            23.1607117
          ],
          [
            109.0816559,
            23.161699
          ],
          [
            109.0814983,
            23.1622322
          ],
          [
            109.0810187,
            23.1626074
          ],
          [
            109.079508,
            23.1632722
          ],
          [
            109.0790713,
            23.1639963
          ],
          [
            109.0789925,
            23.1642925
          ],
          [
            109.0792502,
            23.164615
          ],
          [
            109.0795151,
            23.1649376
          ],
          [
            109.0803027,
            23.1657999
          ],
          [
            109.0810473,
            23.1662145
          ],
          [
            109.0816559,
            23.166649
          ],
          [
            109.082651,
            23.1666951
          ],
          [
            109.0833097,
            23.1669518
          ],
          [
            109.0834744,
            23.167689
          ],
          [
            109.0835675,
            23.1681497
          ],
          [
            109.0837106,
            23.1686829
          ],
          [
            109.0837751,
            23.1691305
          ],
          [
            109.0836748,
            23.1693674
          ],
          [
            109.0820568,
            23.1691765
          ],
          [
            109.0816559,
            23.1693806
          ],
          [
            109.081305,
            23.1697952
          ],
          [
            109.0813194,
            23.1705983
          ],
          [
            109.0814983,
            23.171059
          ],
          [
            109.0823145,
            23.1714408
          ],
          [
            109.08283,
            23.171704
          ],
          [
            109.0829374,
            23.1720068
          ],
          [
            109.0827083,
            23.1722108
          ],
          [
            109.0818134,
            23.1724873
          ],
          [
            109.0811762,
            23.1730994
          ],
          [
            109.0809542,
            23.1737115
          ],
          [
            109.0809399,
            23.1741064
          ],
          [
            109.0812191,
            23.1745935
          ],
          [
            109.0817203,
            23.1748107
          ],
          [
            109.0827513,
            23.174916
          ],
          [
            109.0833527,
            23.1749358
          ],
          [
            109.0836963,
            23.1752056
          ],
          [
            109.0836247,
            23.1754623
          ],
          [
            109.0828157,
            23.1757848
          ],
          [
            109.0821879,
            23.17585
          ],
          [
            109.081722,
            23.1760268
          ],
          [
            109.0815803,
            23.1762875
          ],
          [
            109.0817018,
            23.1765109
          ],
          [
            109.0828056,
            23.1768647
          ],
          [
            109.0831398,
            23.1771067
          ],
          [
            109.0832511,
            23.1773953
          ],
          [
            109.0824309,
            23.1787172
          ],
          [
            109.0822182,
            23.1790896
          ],
          [
            109.08236,
            23.1794992
          ],
          [
            109.0835347,
            23.1804394
          ],
          [
            109.0835609,
            23.1806499
          ],
          [
            109.0835752,
            23.1807652
          ],
          [
            109.0833828,
            23.1810631
          ],
          [
            109.0821879,
            23.1812865
          ],
          [
            109.0805575,
            23.1817892
          ],
          [
            109.0800005,
            23.1820964
          ],
          [
            109.0786739,
            23.1823105
          ],
          [
            109.0783195,
            23.1828504
          ],
          [
            109.0780967,
            23.183139
          ],
          [
            109.0763752,
            23.1835858
          ],
          [
            109.0762638,
            23.1839675
          ],
          [
            109.0770638,
            23.1855314
          ],
          [
            109.077607,
            23.1862779
          ],
          [
            109.0790391,
            23.1879432
          ],
          [
            109.0795188,
            23.1883711
          ],
          [
            109.0796048,
            23.1888055
          ],
          [
            109.0791894,
            23.1891412
          ],
          [
            109.0782299,
            23.1895295
          ],
          [
            109.0768837,
            23.1901351
          ],
          [
            109.0760531,
            23.1904312
          ],
          [
            109.0747785,
            23.1902338
          ],
          [
            109.0736328,
            23.1898257
          ],
          [
            109.0733321,
            23.1899968
          ],
          [
            109.0731674,
            23.19105
          ],
          [
            109.0729597,
            23.1916687
          ],
          [
            109.0725731,
            23.1921689
          ],
          [
            109.0715634,
            23.1934589
          ],
          [
            109.0715563,
            23.1940645
          ],
          [
            109.071857,
            23.1944989
          ],
          [
            109.0730372,
            23.195715
          ]
        ]
      }
    },
    {
      "type": "Feature",
      "properties": {
        "feature_id": "WY033",
        "name": "南河",
        "name_raw": "南河",
        "name_missing": false,
        "category": "河流",
        "osm_id": "521885877"
      },
      "geometry": {
        "type": "LineString",
        "coordinates": [
          [
            109.0872858,
            23.1406384
          ],
          [
            109.086785,
            23.1427848
          ],
          [
            109.0867679,
            23.1436372
          ],
          [
            109.0862014,
            23.1447263
          ],
          [
            109.0861997,
            23.1460374
          ],
          [
            109.0862894,
            23.1476177
          ],
          [
            109.0868124,
            23.1490192
          ],
          [
            109.0874251,
            23.1494177
          ],
          [
            109.0880677,
            23.1490742
          ],
          [
            109.0887103,
            23.1480574
          ],
          [
            109.0892931,
            23.1473291
          ],
          [
            109.0898909,
            23.1472879
          ],
          [
            109.0909519,
            23.1479749
          ],
          [
            109.0920802,
            23.1511008
          ],
          [
            109.0917079,
            23.1514761
          ],
          [
            109.0912998,
            23.1526742
          ],
          [
            109.0908201,
            23.1529375
          ],
          [
            109.0904549,
            23.1533654
          ],
          [
            109.0902402,
            23.1534707
          ],
          [
            109.0899466,
            23.1535168
          ],
          [
            109.0893094,
            23.1533917
          ],
          [
            109.088751,
            23.1528651
          ],
          [
            109.0879205,
            23.1528651
          ],
          [
            109.0872331,
            23.1533456
          ],
          [
            109.0871329,
            23.153655
          ],
          [
            109.0874909,
            23.1542211
          ],
          [
            109.0881281,
            23.15536
          ],
          [
            109.0888226,
            23.1559392
          ],
          [
            109.0886579,
            23.156558
          ],
          [
            109.0883858,
            23.156953
          ]
        ]
      }
    },
    {
      "type": "Feature",
      "properties": {
        "feature_id": "WY034",
        "name": null,
        "name_raw": "未记录",
        "name_missing": true,
        "category": "河流",
        "osm_id": "521885921"
      },
      "geometry": {
        "type": "LineString",
        "coordinates": [
          [
            109.07265802772511,
            23.2247021
          ],
          [
            109.0728476,
            23.2233455
          ],
          [
            109.0733131,
            23.2229177
          ],
          [
            109.0738933,
            23.2217264
          ],
          [
            109.0739076,
            23.2213118
          ],
          [
            109.0736354,
            23.2212065
          ],
          [
            109.0729694,
            23.2215816
          ],
          [
            109.0724322,
            23.2218712
          ],
          [
            109.0717733,
            23.2215421
          ],
          [
            109.0711503,
            23.2213908
          ],
          [
            109.0709283,
            23.2211143
          ],
          [
            109.0702264,
            23.2208313
          ],
          [
            109.0695675,
            23.220364
          ],
          [
            109.0689659,
            23.2202719
          ],
          [
            109.0685648,
            23.2200678
          ],
          [
            109.0681065,
            23.2197058
          ],
          [
            109.0676195,
            23.2195479
          ],
          [
            109.0674046,
            23.2196466
          ],
          [
            109.0671396,
            23.2196861
          ],
          [
            109.0667815,
            23.2194952
          ],
          [
            109.0664879,
            23.2188963
          ],
          [
            109.0662229,
            23.2187317
          ],
          [
            109.0655855,
            23.218791
          ],
          [
            109.0645685,
            23.2184685
          ],
          [
            109.063881,
            23.2184619
          ],
          [
            109.0635014,
            23.2187581
          ],
          [
            109.063351,
            23.2194623
          ],
          [
            109.0631648,
            23.2198441
          ],
          [
            109.0628067,
            23.2198243
          ],
          [
            109.0627781,
            23.2194031
          ],
          [
            109.0624916,
            23.2189489
          ],
          [
            109.0618972,
            23.2186791
          ],
          [
            109.0615677,
            23.2183237
          ],
          [
            109.062155,
            23.2176721
          ],
          [
            109.0623054,
            23.2173364
          ],
          [
            109.0622266,
            23.2170007
          ],
          [
            109.0607727,
            23.2170402
          ],
          [
            109.0602571,
            23.2168954
          ],
          [
            109.0598202,
            23.2168625
          ],
          [
            109.0594335,
            23.2171521
          ],
          [
            109.0584666,
            23.2172706
          ],
          [
            109.0584308,
            23.2175141
          ],
          [
            109.0586027,
            23.2178498
          ],
          [
            109.0585597,
            23.2181591
          ],
          [
            109.0586886,
            23.218429
          ],
          [
            109.0586242,
            23.2186791
          ],
          [
            109.0581802,
            23.2191859
          ],
          [
            109.0577719,
            23.2196203
          ],
          [
            109.0574783,
            23.2202258
          ],
          [
            109.0573709,
            23.2215948
          ],
          [
            109.0572849,
            23.221891
          ],
          [
            109.0570343,
            23.2219502
          ],
          [
            109.056404,
            23.2216145
          ],
          [
            109.0559098,
            23.2210814
          ],
          [
            109.0557093,
            23.2204825
          ],
          [
            109.0558382,
            23.2196729
          ],
          [
            109.0556878,
            23.2194755
          ],
          [
            109.0552653,
            23.2193241
          ],
          [
            109.053747,
            23.219877
          ],
          [
            109.0532385,
            23.2203969
          ],
          [
            109.0529663,
            23.2206207
          ],
          [
            109.0522931,
            23.2205483
          ],
          [
            109.0518061,
            23.2202455
          ],
          [
            109.051183,
            23.2201007
          ],
          [
            109.0509324,
            23.2199099
          ],
          [
            109.0508679,
            23.2194821
          ],
          [
            109.050252,
            23.219199
          ],
          [
            109.049543,
            23.2192385
          ],
          [
            109.0489127,
            23.2194097
          ],
          [
            109.0481249,
            23.2193833
          ],
          [
            109.0478528,
            23.2188765
          ],
          [
            109.0480175,
            23.2182184
          ],
          [
            109.0478528,
            23.2173166
          ],
          [
            109.0475734,
            23.2172179
          ],
          [
            109.0471715,
            23.217355
          ]
        ]
      }
    },
    {
      "type": "Feature",
      "properties": {
        "feature_id": "WY035",
        "name": null,
        "name_raw": "未记录",
        "name_missing": true,
        "category": "河流",
        "osm_id": "521885922"
      },
      "geometry": {
        "type": "LineString",
        "coordinates": [
          [
            109.1214271,
            23.1821617
          ],
          [
            109.1214059,
            23.1824642
          ],
          [
            109.1214817,
            23.1828223
          ],
          [
            109.1213847,
            23.1833131
          ],
          [
            109.1210662,
            23.183353
          ],
          [
            109.1207571,
            23.1833758
          ],
          [
            109.1198246,
            23.1830327
          ],
          [
            109.1193323,
            23.1830773
          ],
          [
            109.1188955,
            23.1836573
          ],
          [
            109.118119,
            23.1838549
          ],
          [
            109.117807,
            23.1838549
          ],
          [
            109.1172107,
            23.1828925
          ],
          [
            109.1169333,
            23.1826311
          ],
          [
            109.1165867,
            23.1825865
          ],
          [
            109.1159141,
            23.1831028
          ],
          [
            109.115512,
            23.183823
          ],
          [
            109.1150197,
            23.1844986
          ],
          [
            109.1141669,
            23.1850021
          ],
          [
            109.1139658,
            23.1852889
          ],
          [
            109.1137439,
            23.1854865
          ],
          [
            109.113425,
            23.1854738
          ],
          [
            109.1125999,
            23.1847663
          ],
          [
            109.1112479,
            23.1839887
          ],
          [
            109.1104337,
            23.1833063
          ],
          [
            109.1094381,
            23.1835746
          ],
          [
            109.1094381,
            23.1840953
          ],
          [
            109.1097471,
            23.1849632
          ],
          [
            109.1098672,
            23.1855786
          ],
          [
            109.1095583,
            23.1858311
          ],
          [
            109.1088029,
            23.1857522
          ],
          [
            109.1073953,
            23.1854208
          ],
          [
            109.1062624,
            23.1851052
          ],
          [
            109.1058332,
            23.1838902
          ],
          [
            109.1051809,
            23.1837481
          ],
          [
            109.1045629,
            23.1831012
          ],
          [
            109.1038076,
            23.1827224
          ],
          [
            109.1034128,
            23.1832116
          ],
          [
            109.1034299,
            23.1839533
          ],
          [
            109.1028463,
            23.1839533
          ],
          [
            109.1027433,
            23.1832905
          ],
          [
            109.1023313,
            23.1831012
          ],
          [
            109.101885,
            23.1833063
          ],
          [
            109.1021082,
            23.1839533
          ],
          [
            109.1015245,
            23.1843636
          ],
          [
            109.1008207,
            23.1843004
          ],
          [
            109.0997564,
            23.1841426
          ],
          [
            109.0991041,
            23.1837008
          ],
          [
            109.0984861,
            23.1833379
          ],
          [
            109.0980398,
            23.1835903
          ],
          [
            109.0981771,
            23.1843793
          ],
          [
            109.0987951,
            23.1849474
          ],
          [
            109.0981428,
            23.1853735
          ],
          [
            109.0976793,
            23.1860204
          ],
          [
            109.0976793,
            23.186699
          ],
          [
            109.0976106,
            23.1872986
          ],
          [
            109.0973348,
            23.1878512
          ],
          [
            109.0963489,
            23.1884403
          ],
          [
            109.0958066,
            23.1893013
          ],
          [
            109.0953827,
            23.1902528
          ],
          [
            109.094446,
            23.1915851
          ],
          [
            109.0940122,
            23.1932707
          ]
        ]
      }
    },
    {
      "type": "Feature",
      "properties": {
        "feature_id": "WY036",
        "name": null,
        "name_raw": "未记录",
        "name_missing": true,
        "category": "溪流",
        "osm_id": "521885923"
      },
      "geometry": {
        "type": "LineString",
        "coordinates": [
          [
            109.0872474,
            23.1793707
          ],
          [
            109.0868678,
            23.1799303
          ],
          [
            109.0865313,
            23.1800422
          ],
          [
            109.0862592,
            23.1799105
          ],
          [
            109.0862807,
            23.1796735
          ],
          [
            109.0858797,
            23.179713
          ],
          [
            109.0857222,
            23.1798447
          ],
          [
            109.0854859,
            23.1797591
          ],
          [
            109.0850992,
            23.1793707
          ],
          [
            109.0850992,
            23.1791667
          ],
          [
            109.0851565,
            23.1789758
          ],
          [
            109.0849846,
            23.1789363
          ],
          [
            109.0847483,
            23.1791667
          ],
          [
            109.0846266,
            23.179509
          ],
          [
            109.0844332,
            23.179634
          ],
          [
            109.0841397,
            23.1796933
          ],
          [
            109.0840752,
            23.1799105
          ],
          [
            109.0838461,
            23.1804898
          ],
          [
            109.08371,
            23.1806083
          ],
          [
            109.0835609,
            23.1806499
          ]
        ]
      }
    },
    {
      "type": "Feature",
      "properties": {
        "feature_id": "WY037",
        "name": null,
        "name_raw": "未记录",
        "name_missing": true,
        "category": "河流",
        "osm_id": "521885925"
      },
      "geometry": {
        "type": "LineString",
        "coordinates": [
          [
            109.0730372,
            23.195715
          ],
          [
            109.0733822,
            23.1956572
          ],
          [
            109.0739621,
            23.1957296
          ],
          [
            109.0743201,
            23.1955585
          ],
          [
            109.074807,
            23.1954795
          ],
          [
            109.0753083,
            23.1956835
          ],
          [
            109.0757021,
            23.1957164
          ],
          [
            109.0760315,
            23.1958349
          ],
          [
            109.0760601,
            23.1960916
          ],
          [
            109.0759169,
            23.196289
          ],
          [
            109.0755804,
            23.1963285
          ],
          [
            109.0756018,
            23.196526
          ],
          [
            109.07601,
            23.1968879
          ],
          [
            109.0762534,
            23.1969735
          ],
          [
            109.076769,
            23.1967234
          ],
          [
            109.0771413,
            23.1967037
          ],
          [
            109.0775065,
            23.1970525
          ],
          [
            109.0775924,
            23.1973552
          ],
          [
            109.0774993,
            23.1976185
          ],
          [
            109.0777428,
            23.1978817
          ],
          [
            109.0779504,
            23.1978554
          ],
          [
            109.0781151,
            23.1974868
          ],
          [
            109.0787452,
            23.1974276
          ],
          [
            109.0792106,
            23.1976053
          ],
          [
            109.0796903,
            23.1979212
          ],
          [
            109.0798694,
            23.1981252
          ],
          [
            109.0803706,
            23.1983424
          ],
          [
            109.0805639,
            23.19827
          ],
          [
            109.0805997,
            23.1980133
          ],
          [
            109.0804923,
            23.197862
          ],
          [
            109.0802632,
            23.1978027
          ],
          [
            109.0802846,
            23.1976448
          ],
          [
            109.0806999,
            23.1974671
          ],
          [
            109.0809434,
            23.1973157
          ],
          [
            109.0811654,
            23.1972236
          ],
          [
            109.0814446,
            23.1968221
          ],
          [
            109.0818313,
            23.1968287
          ],
          [
            109.0817597,
            23.1971117
          ],
          [
            109.0819816,
            23.1971643
          ],
          [
            109.0821893,
            23.1971051
          ],
          [
            109.0822394,
            23.1969801
          ],
          [
            109.0821964,
            23.1968616
          ],
          [
            109.0822466,
            23.1966839
          ],
          [
            109.0824828,
            23.1967366
          ],
          [
            109.0825115,
            23.197013
          ],
          [
            109.082533,
            23.1972104
          ],
          [
            109.0826261,
            23.1972762
          ],
          [
            109.0830915,
            23.1973289
          ],
          [
            109.0834638,
            23.1971446
          ],
          [
            109.0836929,
            23.1973026
          ],
          [
            109.0839221,
            23.1972762
          ],
          [
            109.0844806,
            23.1968945
          ],
          [
            109.0848815,
            23.1965654
          ],
          [
            109.0854472,
            23.1969669
          ],
          [
            109.0854472,
            23.1972828
          ],
          [
            109.085619,
            23.1975527
          ],
          [
            109.0855618,
            23.1977172
          ],
          [
            109.08544,
            23.1978751
          ],
          [
            109.0854472,
            23.19827
          ],
          [
            109.0856978,
            23.1982963
          ],
          [
            109.0860272,
            23.1981121
          ],
          [
            109.0863279,
            23.1982042
          ],
          [
            109.0865356,
            23.1982042
          ],
          [
            109.0870583,
            23.1984346
          ]
        ]
      }
    },
    {
      "type": "Feature",
      "properties": {
        "feature_id": "WY038",
        "name": null,
        "name_raw": "未记录",
        "name_missing": true,
        "category": "河流",
        "osm_id": "521896862"
      },
      "geometry": {
        "type": "LineString",
        "coordinates": [
          [
            109.1712909,
            23.2243156
          ],
          [
            109.17151114335428,
            23.2247021
          ]
        ]
      }
    },
    {
      "type": "Feature",
      "properties": {
        "feature_id": "WY039",
        "name": null,
        "name_raw": "未记录",
        "name_missing": true,
        "category": "河流",
        "osm_id": "527318040"
      },
      "geometry": {
        "type": "LineString",
        "coordinates": [
          [
            109.1350313,
            22.952195
          ],
          [
            109.1349375,
            22.9518833
          ],
          [
            109.1338483,
            22.9510368
          ],
          [
            109.1338251,
            22.9505175
          ],
          [
            109.1327977,
            22.9503326
          ],
          [
            109.1325583,
            22.9501121
          ],
          [
            109.1325892,
            22.9498275
          ],
          [
            109.1331685,
            22.9497422
          ],
          [
            109.1334389,
            22.9496355
          ],
          [
            109.1337556,
            22.9492016
          ],
          [
            109.1337633,
            22.9487748
          ],
          [
            109.1335084,
            22.9484262
          ],
          [
            109.133099,
            22.9477362
          ],
          [
            109.1328827,
            22.9474659
          ],
          [
            109.1326741,
            22.9475086
          ],
          [
            109.1322338,
            22.9476366
          ],
          [
            109.1320948,
            22.9478429
          ],
          [
            109.1321102,
            22.9479923
          ],
          [
            109.1324424,
            22.9482484
          ],
          [
            109.1325428,
            22.9484902
          ],
          [
            109.132342,
            22.9487748
          ],
          [
            109.1320175,
            22.9487961
          ],
          [
            109.1315386,
            22.9485827
          ],
          [
            109.1313841,
            22.9483195
          ],
          [
            109.1315231,
            22.9476366
          ],
          [
            109.1314536,
            22.9473521
          ],
          [
            109.1312296,
            22.947345
          ],
          [
            109.1307893,
            22.9475726
          ],
          [
            109.130658,
            22.9479639
          ],
          [
            109.1308511,
            22.9485045
          ],
          [
            109.1308897,
            22.9487748
          ],
          [
            109.1306425,
            22.9489384
          ],
          [
            109.1303953,
            22.9489526
          ],
          [
            109.1300168,
            22.9487534
          ],
          [
            109.129731,
            22.9480919
          ],
          [
            109.1292521,
            22.9467332
          ],
          [
            109.1283328,
            22.9465625
          ],
          [
            109.1273132,
            22.9466337
          ],
          [
            109.1263399,
            22.9470391
          ],
          [
            109.1259305,
            22.9474161
          ],
          [
            109.1259227,
            22.9477789
          ],
          [
            109.1259086,
            22.9479582
          ],
          [
            109.1255548,
            22.9481257
          ],
          [
            109.1250117,
            22.9481425
          ],
          [
            109.1248104,
            22.9479923
          ],
          [
            109.1245014,
            22.9473308
          ],
          [
            109.1241615,
            22.9472383
          ],
          [
            109.1238757,
            22.9475584
          ],
          [
            109.123698,
            22.9476793
          ],
          [
            109.1234586,
            22.9476722
          ],
          [
            109.1229874,
            22.9471814
          ],
          [
            109.1228638,
            22.9467546
          ],
          [
            109.122632,
            22.9465625
          ],
          [
            109.1223694,
            22.9465767
          ],
          [
            109.1215815,
            22.947032
          ],
          [
            109.1211721,
            22.947032
          ],
          [
            109.1207626,
            22.9467261
          ],
          [
            109.1205155,
            22.946655
          ],
          [
            109.1202837,
            22.9466834
          ],
          [
            109.1198666,
            22.9466763
          ],
          [
            109.1198125,
            22.9464274
          ],
          [
            109.119658,
            22.9462566
          ],
          [
            109.1193413,
            22.9462068
          ],
          [
            109.1190169,
            22.9464202
          ],
          [
            109.1187156,
            22.9465625
          ],
          [
            109.1179895,
            22.9470747
          ],
          [
            109.1174333,
            22.9471529
          ],
          [
            109.1172479,
            22.9470035
          ],
          [
            109.1170857,
            22.9461286
          ],
          [
            109.1168308,
            22.945716
          ],
          [
            109.1163982,
            22.9458227
          ],
          [
            109.1162205,
            22.9462282
          ],
          [
            109.1160351,
            22.9463776
          ],
          [
            109.1155408,
            22.9462495
          ],
          [
            109.1153631,
            22.9459294
          ],
          [
            109.115703,
            22.9455666
          ],
          [
            109.1155562,
            22.9452892
          ],
          [
            109.115,
            22.9452679
          ],
          [
            109.1143898,
            22.9450971
          ],
          [
            109.1139031,
            22.9454457
          ],
          [
            109.1130611,
            22.9464416
          ],
          [
            109.1127367,
            22.9466763
          ],
          [
            109.1122809,
            22.9466763
          ],
          [
            109.1117634,
            22.9454955
          ],
          [
            109.1117788,
            22.9447557
          ],
          [
            109.1120801,
            22.9440515
          ],
          [
            109.1119951,
            22.9436531
          ],
          [
            109.111663,
            22.943269
          ],
          [
            109.1111145,
            22.9433259
          ],
          [
            109.1106433,
            22.9434753
          ],
          [
            109.1104502,
            22.9434753
          ],
          [
            109.1102648,
            22.9432903
          ],
          [
            109.1102802,
            22.942956
          ],
          [
            109.1105351,
            22.9426216
          ],
          [
            109.1120337,
            22.9421308
          ],
          [
            109.1126517,
            22.9418391
          ],
          [
            109.1134319,
            22.9419316
          ],
          [
            109.1137254,
            22.9418249
          ],
          [
            109.1138027,
            22.9413696
          ],
          [
            109.1132851,
            22.9408859
          ],
          [
            109.1123659,
            22.9403595
          ],
          [
            109.1109214,
            22.9401105
          ],
          [
            109.1105738,
            22.9400251
          ],
          [
            109.1103807,
            22.939456
          ],
          [
            109.1104734,
            22.9387731
          ],
          [
            109.1106124,
            22.9386024
          ],
          [
            109.111578,
            22.9384032
          ],
          [
            109.111802,
            22.9382822
          ],
          [
            109.1118638,
            22.9379408
          ]
        ]
      }
    },
    {
      "type": "Feature",
      "properties": {
        "feature_id": "WY040",
        "name": null,
        "name_raw": "未记录",
        "name_missing": true,
        "category": "河流",
        "osm_id": "527318041"
      },
      "geometry": {
        "type": "LineString",
        "coordinates": [
          [
            109.1118638,
            22.9379408
          ],
          [
            109.1115239,
            22.9376704
          ],
          [
            109.1101335,
            22.9374286
          ],
          [
            109.1096468,
            22.9374855
          ],
          [
            109.109276,
            22.9378341
          ],
          [
            109.1089516,
            22.9378767
          ],
          [
            109.1084958,
            22.9378198
          ],
          [
            109.1082795,
            22.9375922
          ],
          [
            109.1083027,
            22.9369733
          ],
          [
            109.1084804,
            22.9364184
          ],
          [
            109.1084804,
            22.9362121
          ],
          [
            109.1081328,
            22.9361907
          ],
          [
            109.1078161,
            22.9363686
          ],
          [
            109.1078547,
            22.9370017
          ],
          [
            109.1076461,
            22.9374784
          ],
          [
            109.1073989,
            22.9375495
          ],
          [
            109.1065106,
            22.9373076
          ],
          [
            109.1063715,
            22.9370231
          ],
          [
            109.1063097,
            22.936646
          ],
          [
            109.1059544,
            22.9363615
          ],
          [
            109.1058463,
            22.9360627
          ],
          [
            109.1055064,
            22.9346897
          ],
          [
            109.1051819,
            22.9345972
          ],
          [
            109.1048498,
            22.9347679
          ],
          [
            109.1046026,
            22.9350667
          ],
          [
            109.1043863,
            22.9350881
          ],
          [
            109.1042163,
            22.9349885
          ],
          [
            109.1042009,
            22.9345332
          ],
          [
            109.1039923,
            22.9343624
          ],
          [
            109.103722,
            22.9339712
          ],
          [
            109.1033589,
            22.9338644
          ],
          [
            109.1029031,
            22.9339996
          ],
          [
            109.1024551,
            22.9345047
          ],
          [
            109.102038,
            22.9345901
          ],
          [
            109.101111,
            22.9348818
          ],
          [
            109.1007402,
            22.9347537
          ],
          [
            109.1006321,
            22.9346328
          ],
          [
            109.1007711,
            22.934334
          ],
          [
            109.1005162,
            22.9339214
          ],
          [
            109.1002768,
            22.9339498
          ],
          [
            109.1001068,
            22.9342699
          ],
          [
            109.0998442,
            22.9343909
          ],
          [
            109.0993807,
            22.9344691
          ],
          [
            109.0985387,
            22.9345759
          ],
          [
            109.0979362,
            22.9341206
          ],
          [
            109.0977431,
            22.9341419
          ],
          [
            109.0975036,
            22.9343482
          ],
          [
            109.0973182,
            22.9344691
          ],
          [
            109.0970942,
            22.9343197
          ],
          [
            109.0966075,
            22.9345118
          ],
          [
            109.0960127,
            22.9356216
          ],
          [
            109.0958814,
            22.9356572
          ],
          [
            109.0957655,
            22.9355291
          ],
          [
            109.09592,
            22.9346114
          ],
          [
            109.0958273,
            22.9343269
          ],
          [
            109.0955647,
            22.9342273
          ],
          [
            109.0951321,
            22.9343269
          ],
          [
            109.0948849,
            22.9342699
          ],
          [
            109.0947922,
            22.9340992
          ],
          [
            109.0950085,
            22.9339783
          ],
          [
            109.0950858,
            22.9337008
          ],
          [
            109.0949081,
            22.9333238
          ],
          [
            109.0946223,
            22.9331744
          ],
          [
            109.0939425,
            22.9333095
          ],
          [
            109.0931082,
            22.9332384
          ],
          [
            109.0927143,
            22.9333167
          ],
          [
            109.0923898,
            22.9338146
          ],
          [
            109.091965,
            22.9340423
          ],
          [
            109.0917332,
            22.9340423
          ],
          [
            109.0912929,
            22.9336297
          ],
          [
            109.0905591,
            22.9333593
          ],
          [
            109.0905205,
            22.9331246
          ],
          [
            109.0893077,
            22.9324701
          ],
          [
            109.0890296,
            22.9321286
          ],
          [
            109.0890141,
            22.9317658
          ],
          [
            109.089045,
            22.9312393
          ],
          [
            109.0888751,
            22.9310828
          ],
          [
            109.0884889,
            22.9312464
          ],
          [
            109.0882185,
            22.931716
          ],
          [
            109.0876314,
            22.9319507
          ],
          [
            109.087222,
            22.9319223
          ],
          [
            109.0868821,
            22.9316021
          ],
          [
            109.0863337,
            22.931467
          ],
          [
            109.0858547,
            22.9314172
          ],
          [
            109.0857003,
            22.931595
          ],
          [
            109.0856925,
            22.932093
          ],
          [
            109.0854376,
            22.9323705
          ],
          [
            109.0851672,
            22.9323207
          ],
          [
            109.0849123,
            22.9321001
          ],
          [
            109.0847656,
            22.9317302
          ],
          [
            109.0844025,
            22.9315737
          ],
          [
            109.0836532,
            22.9317942
          ],
          [
            109.0834215,
            22.9317302
          ],
          [
            109.0833365,
            22.9315452
          ],
          [
            109.0836146,
            22.9310472
          ],
          [
            109.083491,
            22.9308196
          ],
          [
            109.0830198,
            22.9307555
          ],
          [
            109.0825563,
            22.9310472
          ],
          [
            109.0821778,
            22.9311539
          ],
          [
            109.0818611,
            22.9310543
          ],
          [
            109.0818611,
            22.9305065
          ],
          [
            109.0814594,
            22.9297595
          ],
          [
            109.081189,
            22.9289627
          ],
          [
            109.0810114,
            22.9287635
          ],
          [
            109.0801694,
            22.9285857
          ],
          [
            109.0796286,
            22.928792
          ],
          [
            109.0792192,
            22.9293754
          ],
          [
            109.0788871,
            22.9296386
          ],
          [
            109.0785008,
            22.9298022
          ],
          [
            109.078215,
            22.9299801
          ],
          [
            109.0783618,
            22.9307911
          ],
          [
            109.0782305,
            22.9310757
          ],
          [
            109.0774657,
            22.9311539
          ],
          [
            109.0771181,
            22.9313033
          ],
          [
            109.0764847,
            22.932278
          ],
          [
            109.0762066,
            22.9324416
          ]
        ]
      }
    },
    {
      "type": "Feature",
      "properties": {
        "feature_id": "WY041",
        "name": null,
        "name_raw": "未记录",
        "name_missing": true,
        "category": "溪流",
        "osm_id": "527318043"
      },
      "geometry": {
        "type": "LineString",
        "coordinates": [
          [
            109.1515642,
            22.954778
          ],
          [
            109.1511649,
            22.9546384
          ],
          [
            109.1509274,
            22.9546291
          ],
          [
            109.1505837,
            22.9548804
          ],
          [
            109.1503158,
            22.954899
          ],
          [
            109.150053,
            22.9548292
          ],
          [
            109.1499166,
            22.9545872
          ],
          [
            109.149674,
            22.9544197
          ],
          [
            109.1491382,
            22.9543964
          ],
          [
            109.1488855,
            22.9543964
          ],
          [
            109.1484458,
            22.9542335
          ],
          [
            109.1477534,
            22.9538007
          ]
        ]
      }
    },
    {
      "type": "Feature",
      "properties": {
        "feature_id": "WY042",
        "name": null,
        "name_raw": "未记录",
        "name_missing": true,
        "category": "河流",
        "osm_id": "527318045"
      },
      "geometry": {
        "type": "LineString",
        "coordinates": [
          [
            109.0762066,
            22.9324416
          ],
          [
            109.0754728,
            22.9323562
          ],
          [
            109.0750324,
            22.9320005
          ],
          [
            109.0744917,
            22.9318156
          ],
          [
            109.0738197,
            22.9318298
          ],
          [
            109.0732017,
            22.9322638
          ],
          [
            109.0725701,
            22.9322026
          ],
          [
            109.0725469,
            22.9325014
          ],
          [
            109.0723846,
            22.9326082
          ],
          [
            109.0720987,
            22.9326295
          ],
          [
            109.0713338,
            22.9322453
          ],
          [
            109.0705766,
            22.9319535
          ],
          [
            109.0689155,
            22.9319606
          ],
          [
            109.06873,
            22.9321599
          ],
          [
            109.0687609,
            22.9326437
          ],
          [
            109.0686219,
            22.9329568
          ],
          [
            109.0683514,
            22.9330493
          ],
          [
            109.0681428,
            22.9328786
          ],
          [
            109.0682587,
            22.9321955
          ],
          [
            109.0682046,
            22.9319464
          ],
          [
            109.0679883,
            22.9318539
          ],
          [
            109.0672079,
            22.9320887
          ],
          [
            109.0669452,
            22.9324089
          ],
          [
            109.0669298,
            22.9326011
          ],
          [
            109.0672157,
            22.9327861
          ],
          [
            109.0676329,
            22.9327576
          ],
          [
            109.0677951,
            22.9329426
          ],
          [
            109.0677256,
            22.9332059
          ],
          [
            109.0675556,
            22.9336044
          ],
          [
            109.0672311,
            22.9338676
          ],
          [
            109.0667675,
            22.9339103
          ],
          [
            109.0665512,
            22.9337253
          ],
          [
            109.0666053,
            22.9334407
          ],
          [
            109.0664816,
            22.9332059
          ],
          [
            109.0660799,
            22.9331418
          ],
          [
            109.0656395,
            22.9333055
          ],
          [
            109.0652454,
            22.9337111
          ],
          [
            109.0643182,
            22.934074
          ],
          [
            109.063337,
            22.9349635
          ],
          [
            109.0629275,
            22.9352694
          ],
          [
            109.062518,
            22.9352481
          ],
          [
            109.0622244,
            22.934935
          ],
          [
            109.0624021,
            22.9344654
          ],
          [
            109.0633138,
            22.9343159
          ],
          [
            109.0636306,
            22.9340384
          ],
          [
            109.0637851,
            22.9336684
          ],
          [
            109.0636074,
            22.9333553
          ],
          [
            109.0633293,
            22.9332486
          ],
          [
            109.0630202,
            22.9328501
          ],
          [
            109.0617685,
            22.9326082
          ],
          [
            109.0615058,
            22.9320603
          ],
          [
            109.0607332,
            22.9320531
          ],
          [
            109.0603932,
            22.9323662
          ],
          [
            109.0599451,
            22.9329924
          ],
          [
            109.0596824,
            22.9329213
          ],
          [
            109.0588711,
            22.9323449
          ],
          [
            109.0584694,
            22.932416
          ],
          [
            109.0580212,
            22.9328145
          ],
          [
            109.0575499,
            22.9328359
          ],
          [
            109.057179,
            22.9326437
          ],
          [
            109.0567695,
            22.9326366
          ],
          [
            109.0563678,
            22.9328857
          ],
          [
            109.0562596,
            22.9332628
          ],
          [
            109.0564064,
            22.9335901
          ],
          [
            109.0561978,
            22.9336826
          ],
          [
            109.0559042,
            22.9336684
          ],
          [
            109.0557728,
            22.9337965
          ],
          [
            109.0559042,
            22.9342305
          ],
          [
            109.0557651,
            22.9344725
          ],
          [
            109.0552938,
            22.9346219
          ],
          [
            109.0545443,
            22.9343302
          ],
          [
            109.0542121,
            22.9341167
          ],
          [
            109.0537099,
            22.9339673
          ],
          [
            109.0531999,
            22.9341807
          ],
          [
            109.0529836,
            22.9341452
          ],
          [
            109.0529527,
            22.9339175
          ],
          [
            109.053115,
            22.9335617
          ],
          [
            109.0523346,
            22.9328714
          ],
          [
            109.0515774,
            22.9328145
          ],
          [
            109.0505884,
            22.9326722
          ],
          [
            109.0498853,
            22.9326509
          ],
          [
            109.0495917,
            22.9330422
          ],
          [
            109.0488963,
            22.9332486
          ],
          [
            109.0482782,
            22.9334976
          ],
          [
            109.0479846,
            22.9338961
          ],
          [
            109.0476447,
            22.9339246
          ],
          [
            109.0473201,
            22.9337182
          ],
          [
            109.0470652,
            22.933213
          ],
          [
            109.0468102,
            22.9329995
          ],
          [
            109.0466557,
            22.9326082
          ],
          [
            109.0466943,
            22.9319322
          ],
          [
            109.0464316,
            22.9318681
          ],
          [
            109.0457671,
            22.9321456
          ],
          [
            109.0452572,
            22.9320745
          ],
          [
            109.0450254,
            22.931797
          ],
          [
            109.0450872,
            22.931121
          ],
          [
            109.0446468,
            22.9306371
          ],
          [
            109.0439128,
            22.9305659
          ],
          [
            109.0432329,
            22.9303311
          ],
          [
            109.042777,
            22.9304023
          ],
          [
            109.0426379,
            22.9306656
          ],
          [
            109.0428543,
            22.9311423
          ],
          [
            109.0427693,
            22.9314696
          ],
          [
            109.0425761,
            22.9316618
          ],
          [
            109.0420816,
            22.9316404
          ],
          [
            109.0418112,
            22.9316831
          ],
          [
            109.0416876,
            22.9319322
          ],
          [
            109.0420353,
            22.9323378
          ],
          [
            109.0421203,
            22.9327647
          ],
          [
            109.0417649,
            22.9331205
          ],
          [
            109.0414558,
            22.9330849
          ],
          [
            109.0405827,
            22.9322453
          ],
          [
            109.0402196,
            22.931982
          ],
          [
            109.0395706,
            22.9319962
          ],
          [
            109.0392615,
            22.932231
          ],
          [
            109.0389447,
            22.9323876
          ],
          [
            109.0386357,
            22.932352
          ],
          [
            109.0382493,
            22.9321101
          ],
          [
            109.0378167,
            22.9321741
          ],
          [
            109.0371908,
            22.9321101
          ],
          [
            109.0367736,
            22.9322097
          ],
          [
            109.0365573,
            22.9326366
          ],
          [
            109.0368122,
            22.9331703
          ],
          [
            109.0367427,
            22.9334692
          ],
          [
            109.0365341,
            22.9336898
          ],
          [
            109.0354099,
            22.9337823
          ],
          [
            109.035119,
            22.9335553
          ]
        ]
      }
    },
    {
      "type": "Feature",
      "properties": {
        "feature_id": "WY043",
        "name": null,
        "name_raw": "未记录",
        "name_missing": true,
        "category": "溪流",
        "osm_id": "527318046"
      },
      "geometry": {
        "type": "LineString",
        "coordinates": [
          [
            109.133608,
            22.9589759
          ],
          [
            109.1335524,
            22.9587432
          ],
          [
            109.1334159,
            22.9585338
          ],
          [
            109.1332441,
            22.9584593
          ],
          [
            109.1330015,
            22.9586548
          ],
          [
            109.1328448,
            22.9587711
          ],
          [
            109.1325769,
            22.9586827
          ],
          [
            109.1324607,
            22.9585663
          ],
          [
            109.132208,
            22.9580451
          ],
          [
            109.1322282,
            22.9576635
          ],
          [
            109.1321726,
            22.9573843
          ],
          [
            109.1322686,
            22.9568631
          ],
          [
            109.1324761,
            22.9566112
          ],
          [
            109.1326404,
            22.9564006
          ],
          [
            109.1325261,
            22.9559992
          ],
          [
            109.1327334,
            22.9557951
          ],
          [
            109.133005,
            22.9553015
          ],
          [
            109.1329764,
            22.9551304
          ],
          [
            109.1327119,
            22.9550514
          ],
          [
            109.1325976,
            22.9549659
          ],
          [
            109.1325833,
            22.9547092
          ],
          [
            109.132762,
            22.9545973
          ],
          [
            109.133005,
            22.9543077
          ],
          [
            109.1333052,
            22.9541629
          ],
          [
            109.1337126,
            22.9543998
          ],
          [
            109.1339627,
            22.954413
          ],
          [
            109.1339413,
            22.9542682
          ],
          [
            109.1345203,
            22.9536101
          ],
          [
            109.1346346,
            22.953485
          ],
          [
            109.1346561,
            22.9533139
          ],
          [
            109.1344845,
            22.9532744
          ],
          [
            109.1343344,
            22.9534455
          ],
          [
            109.1341986,
            22.9535179
          ],
          [
            109.1340199,
            22.9534521
          ],
          [
            109.1339485,
            22.9533073
          ],
          [
            109.13407,
            22.9530177
          ],
          [
            109.1340199,
            22.9526294
          ],
          [
            109.13417,
            22.9525109
          ],
          [
            109.1346846,
            22.952399
          ],
          [
            109.1350313,
            22.952195
          ]
        ]
      }
    },
    {
      "type": "Feature",
      "properties": {
        "feature_id": "WY044",
        "name": null,
        "name_raw": "未记录",
        "name_missing": true,
        "category": "河流",
        "osm_id": "527318047"
      },
      "geometry": {
        "type": "LineString",
        "coordinates": [
          [
            109.1477534,
            22.9538007
          ],
          [
            109.1473946,
            22.9536285
          ],
          [
            109.1470661,
            22.9536006
          ],
          [
            109.1468083,
            22.9538193
          ],
          [
            109.1466213,
            22.9538891
          ],
          [
            109.1461513,
            22.9538053
          ],
          [
            109.145752,
            22.9534563
          ],
          [
            109.1454639,
            22.9530561
          ],
          [
            109.1447159,
            22.9522416
          ],
          [
            109.1445441,
            22.9521579
          ],
          [
            109.1438466,
            22.9522602
          ],
          [
            109.1435232,
            22.9521904
          ],
          [
            109.1431289,
            22.9515947
          ],
          [
            109.143043,
            22.9510223
          ],
          [
            109.1429066,
            22.9507384
          ],
          [
            109.1426791,
            22.9506779
          ],
          [
            109.1421687,
            22.9511433
          ],
          [
            109.141921,
            22.9515389
          ],
          [
            109.1408192,
            22.9525069
          ],
          [
            109.1404503,
            22.952479
          ],
          [
            109.1403492,
            22.9522463
          ],
          [
            109.1405867,
            22.9519205
          ],
          [
            109.1406524,
            22.9517018
          ],
          [
            109.1405615,
            22.9515808
          ],
          [
            109.1400914,
            22.9515528
          ],
          [
            109.1399449,
            22.9514598
          ],
          [
            109.1398691,
            22.9511759
          ],
          [
            109.1397478,
            22.950892
          ],
          [
            109.139581,
            22.9508873
          ],
          [
            109.1395153,
            22.9511759
          ],
          [
            109.1393636,
            22.951511
          ],
          [
            109.1391261,
            22.951618
          ],
          [
            109.1385449,
            22.9514923
          ],
          [
            109.1384792,
            22.9513341
          ],
          [
            109.1386864,
            22.9510921
          ],
          [
            109.1388128,
            22.9508501
          ],
          [
            109.1387976,
            22.9506546
          ],
          [
            109.1383326,
            22.9504685
          ],
          [
            109.1379839,
            22.9502544
          ],
          [
            109.1364778,
            22.9499332
          ],
          [
            109.1362655,
            22.9505941
          ],
          [
            109.1359673,
            22.9507105
          ],
          [
            109.135846,
            22.950636
          ],
          [
            109.13575,
            22.9503754
          ],
          [
            109.135659,
            22.9501939
          ],
          [
            109.1354619,
            22.9501985
          ],
          [
            109.1353659,
            22.9503009
          ],
          [
            109.1353994,
            22.9506088
          ],
          [
            109.1358783,
            22.9515697
          ],
          [
            109.1359712,
            22.9519844
          ],
          [
            109.1358568,
            22.9522213
          ],
          [
            109.1353851,
            22.9524254
          ],
          [
            109.135185,
            22.9524649
          ],
          [
            109.1350313,
            22.952195
          ]
        ]
      }
    },
    {
      "type": "Feature",
      "properties": {
        "feature_id": "WY045",
        "name": null,
        "name_raw": "未记录",
        "name_missing": true,
        "category": "溪流",
        "osm_id": "527324728"
      },
      "geometry": {
        "type": "LineString",
        "coordinates": [
          [
            109.2444375,
            23.0317756
          ],
          [
            109.244215,
            23.0315522
          ],
          [
            109.243593,
            23.0311473
          ],
          [
            109.2433148,
            23.0308355
          ],
          [
            109.2433098,
            23.0305097
          ],
          [
            109.2430569,
            23.0303654
          ],
          [
            109.242622,
            23.0301002
          ],
          [
            109.2422933,
            23.030021
          ],
          [
            109.2419595,
            23.0301234
          ],
          [
            109.2416864,
            23.0305749
          ],
          [
            109.2414639,
            23.0308867
          ],
          [
            109.2413476,
            23.0312264
          ],
          [
            109.2412616,
            23.0314498
          ],
          [
            109.2409481,
            23.0317105
          ],
          [
            109.240675,
            23.0317942
          ],
          [
            109.2404424,
            23.031636
          ],
          [
            109.2402097,
            23.0313242
          ],
          [
            109.2396534,
            23.0307843
          ],
          [
            109.2393905,
            23.0304678
          ],
          [
            109.2389808,
            23.030291
          ],
          [
            109.2385004,
            23.0303794
          ],
          [
            109.2379138,
            23.0306773
          ],
          [
            109.2379138,
            23.0308681
          ],
          [
            109.2378683,
            23.0309984
          ],
          [
            109.2375851,
            23.0312032
          ],
          [
            109.2373423,
            23.0311939
          ],
          [
            109.2371552,
            23.031031
          ],
          [
            109.2370237,
            23.0306307
          ],
          [
            109.2371754,
            23.0303049
          ],
          [
            109.2377671,
            23.0297697
          ],
          [
            109.238197,
            23.0292996
          ],
          [
            109.2385156,
            23.028932
          ],
          [
            109.2386976,
            23.0285177
          ],
          [
            109.2386521,
            23.0283083
          ],
          [
            109.2383082,
            23.0282757
          ],
          [
            109.2377772,
            23.0284526
          ],
          [
            109.2372968,
            23.0285177
          ],
          [
            109.2369074,
            23.0285503
          ],
          [
            109.2361286,
            23.0286434
          ],
          [
            109.2356482,
            23.0286294
          ],
          [
            109.2355217,
            23.0287458
          ],
          [
            109.2354611,
            23.029402
          ],
          [
            109.2353296,
            23.0295184
          ],
          [
            109.2349907,
            23.0294346
          ],
          [
            109.2344648,
            23.0288622
          ],
          [
            109.2339692,
            23.0281454
          ],
          [
            109.2335242,
            23.0277917
          ],
          [
            109.2331803,
            23.027694
          ],
          [
            109.2325633,
            23.0274845
          ],
          [
            109.2319066,
            23.0274886
          ]
        ]
      }
    },
    {
      "type": "Feature",
      "properties": {
        "feature_id": "WY046",
        "name": null,
        "name_raw": "未记录",
        "name_missing": true,
        "category": "溪流",
        "osm_id": "527324729"
      },
      "geometry": {
        "type": "LineString",
        "coordinates": [
          [
            109.2529687,
            23.0558124
          ],
          [
            109.2533049,
            23.0549438
          ],
          [
            109.2537983,
            23.0540159
          ],
          [
            109.2540987,
            23.0535026
          ],
          [
            109.2538127,
            23.0533117
          ],
          [
            109.2531904,
            23.0533512
          ],
          [
            109.2524252,
            23.0538514
          ],
          [
            109.2515526,
            23.0547398
          ],
          [
            109.2512451,
            23.0549043
          ],
          [
            109.2508518,
            23.0547332
          ],
          [
            109.2506801,
            23.0544568
          ],
          [
            109.2508518,
            23.0538711
          ],
          [
            109.2515026,
            23.0529959
          ],
          [
            109.2519031,
            23.0527853
          ],
          [
            109.2519388,
            23.0523115
          ],
          [
            109.2513882,
            23.0516863
          ],
          [
            109.2505442,
            23.0516139
          ],
          [
            109.2501151,
            23.0515349
          ],
          [
            109.2497361,
            23.0511203
          ],
          [
            109.2496717,
            23.0497252
          ],
          [
            109.2490066,
            23.0484221
          ],
          [
            109.2490638,
            23.0481918
          ],
          [
            109.2493785,
            23.048047
          ],
          [
            109.2498004,
            23.0480273
          ],
          [
            109.2500579,
            23.0478298
          ],
          [
            109.2503154,
            23.0474416
          ],
          [
            109.250394,
            23.0468427
          ],
          [
            109.2502081,
            23.0463491
          ],
          [
            109.2494285,
            23.0461056
          ],
          [
            109.2484916,
            23.0458621
          ],
          [
            109.2479767,
            23.0455791
          ],
          [
            109.2477621,
            23.0452237
          ],
          [
            109.2474689,
            23.0448354
          ],
          [
            109.246911,
            23.0448354
          ],
          [
            109.2466536,
            23.0451053
          ],
          [
            109.2462316,
            23.0451645
          ],
          [
            109.2455879,
            23.0449407
          ],
          [
            109.2448584,
            23.0443024
          ],
          [
            109.2445581,
            23.0438285
          ],
          [
            109.2446439,
            23.0435521
          ],
          [
            109.2451445,
            23.0434271
          ],
          [
            109.2455593,
            23.0432362
          ],
          [
            109.2454235,
            23.0430453
          ],
          [
            109.2449371,
            23.0430453
          ],
          [
            109.2446224,
            23.042894
          ],
          [
            109.2440002,
            23.0427492
          ],
          [
            109.2439287,
            23.0425386
          ],
          [
            109.2443364,
            23.0423017
          ],
          [
            109.2444293,
            23.0419331
          ],
          [
            109.2440717,
            23.0416896
          ],
          [
            109.2434638,
            23.0417159
          ],
          [
            109.2430633,
            23.0416633
          ],
          [
            109.242956,
            23.041558
          ],
          [
            109.2431706,
            23.0408998
          ],
          [
            109.2430705,
            23.0401101
          ],
          [
            109.2426771,
            23.0397086
          ],
          [
            109.2428488,
            23.0386556
          ],
          [
            109.2428488,
            23.0372405
          ],
          [
            109.2426271,
            23.0369246
          ],
          [
            109.2422766,
            23.0370036
          ],
          [
            109.2422265,
            23.037201
          ],
          [
            109.2418689,
            23.037517
          ],
          [
            109.2415614,
            23.0378592
          ],
          [
            109.2411609,
            23.0378395
          ],
          [
            109.2405315,
            23.0374446
          ],
          [
            109.2395446,
            23.0375959
          ],
          [
            109.2388437,
            23.0373393
          ],
          [
            109.2380641,
            23.0370826
          ],
          [
            109.2371129,
            23.0370628
          ],
          [
            109.2365399,
            23.0369179
          ],
          [
            109.2362824,
            23.0370495
          ],
          [
            109.2362896,
            23.0376156
          ],
          [
            109.2358819,
            23.038096
          ],
          [
            109.2355887,
            23.038254
          ],
          [
            109.2339151,
            23.0375234
          ],
          [
            109.2332429,
            23.0369113
          ],
          [
            109.2329711,
            23.03547
          ],
          [
            109.2330712,
            23.0335679
          ],
          [
            109.2330498,
            23.0329952
          ],
          [
            109.232263,
            23.0321528
          ],
          [
            109.2321629,
            23.0307377
          ],
          [
            109.2321772,
            23.0293028
          ],
          [
            109.2319066,
            23.0274886
          ]
        ]
      }
    },
    {
      "type": "Feature",
      "properties": {
        "feature_id": "WY047",
        "name": "镇龙江",
        "name_raw": "镇龙江",
        "name_missing": false,
        "category": "河流",
        "osm_id": "527324730"
      },
      "geometry": {
        "type": "LineString",
        "coordinates": [
          [
            109.2319066,
            23.0274886
          ],
          [
            109.2317356,
            23.0272591
          ],
          [
            109.230577,
            23.0266338
          ],
          [
            109.2302971,
            23.0262337
          ],
          [
            109.2300692,
            23.0252121
          ],
          [
            109.2299762,
            23.0242708
          ],
          [
            109.2294756,
            23.0238232
          ],
          [
            109.2290322,
            23.023843
          ],
          [
            109.2285244,
            23.0242708
          ],
          [
            109.2282383,
            23.0244222
          ],
          [
            109.2278235,
            23.0243695
          ],
          [
            109.2266148,
            23.0233361
          ],
          [
            109.2262358,
            23.0226779
          ],
          [
            109.226436,
            23.0221908
          ],
          [
            109.2275231,
            23.0220723
          ],
          [
            109.2297187,
            23.0223817
          ],
          [
            109.2301479,
            23.0222764
          ],
          [
            109.2303839,
            23.021967
          ],
          [
            109.2301836,
            23.0215063
          ],
          [
            109.2293397,
            23.0209731
          ],
          [
            109.229354,
            23.0204531
          ],
          [
            109.2301335,
            23.0194526
          ],
          [
            109.2304482,
            23.0185047
          ],
          [
            109.2304554,
            23.0179188
          ],
          [
            109.230906,
            23.0176885
          ],
          [
            109.2316641,
            23.0179057
          ],
          [
            109.2326796,
            23.0188601
          ],
          [
            109.2329371,
            23.0189589
          ],
          [
            109.2335093,
            23.0186956
          ],
          [
            109.2338168,
            23.0177543
          ],
          [
            109.2324436,
            23.0161745
          ],
          [
            109.2323864,
            23.0153187
          ],
          [
            109.2319859,
            23.0138771
          ],
          [
            109.2309306,
            23.0118077
          ],
          [
            109.2298686,
            23.0097875
          ],
          [
            109.2296056,
            23.0092755
          ],
          [
            109.2296807,
            23.0089332
          ],
          [
            109.2301312,
            23.0086963
          ],
          [
            109.2308533,
            23.0084264
          ],
          [
            109.2309964,
            23.0080908
          ],
          [
            109.2308962,
            23.0077946
          ],
          [
            109.2305959,
            23.0075248
          ],
          [
            109.2296235,
            23.0072878
          ],
          [
            109.229173,
            23.0071891
          ],
          [
            109.2289585,
            23.0066494
          ],
          [
            109.2289799,
            23.0061295
          ],
          [
            109.2294519,
            23.0054845
          ],
          [
            109.2299667,
            23.0048263
          ],
          [
            109.2302098,
            23.0044511
          ],
          [
            109.230553,
            23.0040497
          ],
          [
            109.2305244,
            23.0035231
          ],
          [
            109.2299309,
            23.0030624
          ],
          [
            109.228079,
            23.0028781
          ],
          [
            109.2273854,
            23.0029439
          ],
          [
            109.226842,
            23.0027794
          ],
          [
            109.2264988,
            23.0024042
          ],
          [
            109.2265059,
            23.0017394
          ],
          [
            109.2262485,
            23.001384
          ],
          [
            109.2251617,
            23.0015025
          ],
          [
            109.2245396,
            23.0015617
          ],
          [
            109.2238031,
            23.0018908
          ],
          [
            109.2230809,
            23.0020751
          ],
          [
            109.2227949,
            23.001825
          ],
          [
            109.2226948,
            23.0013774
          ],
          [
            109.222895,
            23.0008838
          ],
          [
            109.2233598,
            23.0002322
          ],
          [
            109.2237602,
            22.999936
          ],
          [
            109.2237816,
            22.9992844
          ],
          [
            109.2235171,
            22.9990211
          ],
          [
            109.2228378,
            22.9988302
          ],
          [
            109.2224088,
            22.9988434
          ],
          [
            109.2213291,
            22.9984682
          ],
          [
            109.2211789,
            22.9980404
          ],
          [
            109.2212719,
            22.9978429
          ],
          [
            109.2220369,
            22.9967898
          ],
          [
            109.222895,
            22.9952298
          ],
          [
            109.2228735,
            22.9940055
          ],
          [
            109.2224588,
            22.9929655
          ],
          [
            109.2226018,
            22.9925114
          ],
          [
            109.2239175,
            22.9921098
          ],
          [
            109.2240605,
            22.9917478
          ],
          [
            109.2238317,
            22.9905762
          ],
          [
            109.2241249,
            22.9900956
          ],
          [
            109.2247684,
            22.9899113
          ],
          [
            109.2261985,
            22.9901944
          ],
          [
            109.2268062,
            22.9900759
          ],
          [
            109.2269921,
            22.9897204
          ],
          [
            109.2268992,
            22.9890556
          ],
          [
            109.2267609,
            22.9884419
          ],
          [
            109.2261815,
            22.9873159
          ],
          [
            109.2260313,
            22.9869702
          ],
          [
            109.2263746,
            22.9860615
          ],
          [
            109.227072,
            22.9855578
          ],
          [
            109.2269003,
            22.9840565
          ],
          [
            109.2272866,
            22.9825157
          ],
          [
            109.2278016,
            22.9819428
          ],
          [
            109.2280483,
            22.9811328
          ],
          [
            109.2280269,
            22.9802636
          ],
          [
            109.2275548,
            22.9802044
          ],
          [
            109.2260849,
            22.9803624
          ],
          [
            109.2252588,
            22.9803427
          ],
          [
            109.2243898,
            22.9800068
          ],
          [
            109.2242128,
            22.9796809
          ],
          [
            109.224835,
            22.9780857
          ],
          [
            109.2253607,
            22.9770584
          ],
          [
            109.2266107,
            22.9759768
          ],
          [
            109.2274046,
            22.9756409
          ],
          [
            109.2277425,
            22.9751569
          ],
          [
            109.2276728,
            22.9748359
          ],
          [
            109.2274851,
            22.9744507
          ],
          [
            109.2268467,
            22.9738679
          ],
          [
            109.226777,
            22.9733592
          ],
          [
            109.2271793,
            22.9728455
          ],
          [
            109.2279196,
            22.9724356
          ],
          [
            109.2295235,
            22.9722578
          ],
          [
            109.2300814,
            22.9723269
          ],
          [
            109.2315298,
            22.9728603
          ],
          [
            109.2321843,
            22.9728307
          ],
          [
            109.2334288,
            22.9731418
          ],
          [
            109.2342764,
            22.972964
          ],
          [
            109.234668,
            22.9725294
          ],
          [
            109.234668,
            22.9720158
          ],
          [
            109.2343837,
            22.9712305
          ],
          [
            109.2345339,
            22.9709045
          ],
          [
            109.2355585,
            22.970702
          ],
          [
            109.2364919,
            22.971023
          ],
          [
            109.2372268,
            22.9717441
          ],
          [
            109.2380422,
            22.9721343
          ],
          [
            109.2393243,
            22.9718874
          ],
          [
            109.2429399,
            22.9670866
          ],
          [
            109.2452144,
            22.9671261
          ],
          [
            109.2486476,
            22.9680349
          ],
          [
            109.2500209,
            22.96681
          ],
          [
            109.2502355,
            22.9630957
          ],
          [
            109.2513513,
            22.9610409
          ],
          [
            109.2510938,
            22.9602506
          ],
          [
            109.2473173,
            22.9583736
          ],
          [
            109.2466306,
            22.9571683
          ],
          [
            109.2469311,
            22.956299
          ],
          [
            109.2498922,
            22.9549356
          ],
          [
            109.2561149,
            22.9531376
          ],
          [
            109.2634105,
            22.9473284
          ],
          [
            109.265728,
            22.9408471
          ],
          [
            109.2668974,
            22.9387327
          ],
          [
            109.2663411,
            22.9359642
          ],
          [
            109.2654061,
            22.9312728
          ],
          [
            109.2655027,
            22.9305811
          ],
          [
            109.2661893,
            22.9296424
          ],
          [
            109.2661571,
            22.9288519
          ],
          [
            109.2649126,
            22.9270437
          ],
          [
            109.2646766,
            22.9262532
          ],
          [
            109.2647624,
            22.9253046
          ],
          [
            109.2652023,
            22.9242374
          ],
          [
            109.2656851,
            22.9237532
          ],
          [
            109.2663717,
            22.9236544
          ],
          [
            109.2684102,
            22.9236445
          ],
          [
            109.2700302,
            22.9232393
          ],
          [
            109.2706096,
            22.9231306
          ],
          [
            109.2741823,
            22.9234172
          ],
          [
            109.2746115,
            22.9230318
          ],
          [
            109.2750406,
            22.9213915
          ],
          [
            109.2745471,
            22.9202748
          ],
          [
            109.2746329,
            22.9195535
          ],
          [
            109.2748797,
            22.9186937
          ],
          [
            109.2751479,
            22.9184763
          ],
          [
            109.2757058,
            22.9182787
          ],
          [
            109.2755985,
            22.9178241
          ],
          [
            109.2750621,
            22.9166581
          ],
          [
            109.2747617,
            22.9156698
          ],
          [
            109.2736673,
            22.9137626
          ],
          [
            109.2735171,
            22.9131696
          ],
          [
            109.2733347,
            22.9129028
          ],
          [
            109.2733776,
            22.9125569
          ],
          [
            109.2739355,
            22.9123297
          ],
          [
            109.2746973,
            22.9120134
          ],
          [
            109.2761028,
            22.9119838
          ],
          [
            109.2767143,
            22.9123494
          ],
          [
            109.2768752,
            22.9129325
          ],
          [
            109.2770898,
            22.9130017
          ],
          [
            109.2778087,
            22.9129325
          ],
          [
            109.2783129,
            22.9126657
          ],
          [
            109.2796111,
            22.9120925
          ],
          [
            109.2801261,
            22.9110351
          ],
          [
            109.2802982,
            22.9076038
          ]
        ]
      }
    },
    {
      "type": "Feature",
      "properties": {
        "feature_id": "WY048",
        "name": "镇龙江",
        "name_raw": "镇龙江",
        "name_missing": false,
        "category": "河流",
        "osm_id": "528981824"
      },
      "geometry": {
        "type": "LineString",
        "coordinates": [
          [
            109.2802982,
            22.9076038
          ],
          [
            109.2804319,
            22.9074427
          ],
          [
            109.2805177,
            22.9065928
          ],
          [
            109.2807967,
            22.9062568
          ],
          [
            109.2812902,
            22.9063358
          ],
          [
            109.2822558,
            22.9072648
          ],
          [
            109.2830283,
            22.9077985
          ],
          [
            109.2835862,
            22.9084705
          ],
          [
            109.2846805,
            22.9093599
          ],
          [
            109.2851526,
            22.9094587
          ],
          [
            109.2856032,
            22.9094192
          ],
          [
            109.28644,
            22.9083717
          ],
          [
            109.2876631,
            22.9076799
          ],
          [
            109.2884356,
            22.9070671
          ],
          [
            109.2888862,
            22.9069683
          ],
          [
            109.2897874,
            22.9071067
          ],
          [
            109.2901951,
            22.907245
          ],
          [
            109.2910963,
            22.9076799
          ],
          [
            109.2913968,
            22.9079764
          ],
          [
            109.2915684,
            22.9083519
          ],
          [
            109.2916542,
            22.908767
          ],
          [
            109.2916113,
            22.9095971
          ],
          [
            109.2912251,
            22.9112376
          ],
          [
            109.2914397,
            22.9115934
          ],
          [
            109.2918903,
            22.9116922
          ],
          [
            109.2923194,
            22.9116131
          ],
          [
            109.2927057,
            22.9114155
          ],
          [
            109.2935211,
            22.9109807
          ],
          [
            109.2942506,
            22.910447
          ],
          [
            109.295066,
            22.9093797
          ],
          [
            109.2958385,
            22.907838
          ],
          [
            109.2967612,
            22.9076008
          ],
          [
            109.2972118,
            22.9076008
          ],
          [
            109.2977053,
            22.9077194
          ],
          [
            109.2985422,
            22.9082135
          ],
          [
            109.298864,
            22.9084903
          ],
          [
            109.2995507,
            22.9095773
          ],
          [
            109.2999154,
            22.9103482
          ],
          [
            109.3005163,
            22.9120677
          ],
          [
            109.3008381,
            22.9123444
          ],
          [
            109.3012458,
            22.9125025
          ],
          [
            109.3022543,
            22.912463
          ],
          [
            109.3027264,
            22.9123642
          ],
          [
            109.3031341,
            22.9121665
          ],
          [
            109.3042499,
            22.9113364
          ],
          [
            109.3045074,
            22.9104272
          ],
          [
            109.3045074,
            22.9091227
          ],
          [
            109.3045932,
            22.9086484
          ],
          [
            109.3047863,
            22.9082728
          ],
          [
            109.3051297,
            22.9079961
          ],
          [
            109.3055803,
            22.9079566
          ],
          [
            109.30646,
            22.9082926
          ],
          [
            109.3070609,
            22.9089053
          ],
          [
            109.3075329,
            22.9100517
          ],
          [
            109.3076188,
            22.9108621
          ],
          [
            109.3077904,
            22.9112376
          ],
          [
            109.3116099,
            22.9128978
          ],
          [
            109.3124896,
            22.9131152
          ],
          [
            109.313348,
            22.9134512
          ],
          [
            109.313584,
            22.913807
          ],
          [
            109.3134982,
            22.9142221
          ],
          [
            109.313069,
            22.914894
          ],
          [
            109.3127042,
            22.9151115
          ],
          [
            109.3109876,
            22.9156056
          ],
          [
            109.3106657,
            22.9159218
          ],
          [
            109.3106443,
            22.9163171
          ],
          [
            109.3109232,
            22.9166531
          ],
          [
            109.3113095,
            22.9169298
          ],
          [
            109.3141092,
            22.9178276
          ],
          [
            109.3155906,
            22.9183775
          ],
          [
            109.3162175,
            22.9187413
          ],
          [
            109.3176824,
            22.9198746
          ],
          [
            109.318133,
            22.9199536
          ],
          [
            109.3193132,
            22.9199536
          ],
          [
            109.3201715,
            22.9196769
          ],
          [
            109.3216092,
            22.9190643
          ],
          [
            109.3225747,
            22.9190643
          ],
          [
            109.323991,
            22.9193409
          ],
          [
            109.3249136,
            22.9193212
          ],
          [
            109.3257719,
            22.9191235
          ],
          [
            109.3261367,
            22.9189061
          ],
          [
            109.3265444,
            22.9185899
          ],
          [
            109.3274242,
            22.9175227
          ],
          [
            109.3278533,
            22.9167914
          ],
          [
            109.3278963,
            22.9163961
          ],
          [
            109.3284542,
            22.9148545
          ],
          [
            109.3285829,
            22.9140442
          ],
          [
            109.3287975,
            22.9136489
          ],
          [
            109.3324238,
            22.9124828
          ]
        ]
      }
    },
    {
      "type": "Feature",
      "properties": {
        "feature_id": "WY049",
        "name": "镇龙江",
        "name_raw": "镇龙江",
        "name_missing": false,
        "category": "河流",
        "osm_id": "528981825"
      },
      "geometry": {
        "type": "LineString",
        "coordinates": [
          [
            109.3324238,
            22.9124828
          ],
          [
            109.3338829,
            22.9125025
          ],
          [
            109.3347842,
            22.9128385
          ],
          [
            109.3357283,
            22.9129176
          ],
          [
            109.3362433,
            22.912799
          ],
          [
            109.3378097,
            22.9118305
          ],
          [
            109.3382389,
            22.9116527
          ],
          [
            109.338668,
            22.9116329
          ],
          [
            109.3390972,
            22.9117515
          ],
          [
            109.34017,
            22.9125618
          ],
          [
            109.3405563,
            22.9127397
          ],
          [
            109.3410713,
            22.91272
          ],
          [
            109.3413717,
            22.9123642
          ],
          [
            109.3414146,
            22.9119491
          ],
          [
            109.3418223,
            22.9111585
          ],
          [
            109.3419296,
            22.9107632
          ],
          [
            109.3418437,
            22.9094983
          ],
          [
            109.3413931,
            22.9083321
          ],
          [
            109.3408781,
            22.9076206
          ],
          [
            109.34017,
            22.9070474
          ],
          [
            109.339934,
            22.9066916
          ],
          [
            109.3397838,
            22.9062963
          ],
          [
            109.3397409,
            22.9058417
          ],
          [
            109.3398482,
            22.9054266
          ],
          [
            109.3401057,
            22.9050906
          ],
          [
            109.3409854,
            22.9051499
          ],
          [
            109.3418867,
            22.9053475
          ],
          [
            109.3445259,
            22.9062172
          ],
          [
            109.3477231,
            22.9070078
          ],
          [
            109.3486887,
            22.9071067
          ],
          [
            109.34959,
            22.9069486
          ],
          [
            109.3499977,
            22.9067509
          ],
          [
            109.3503195,
            22.9064346
          ],
          [
            109.3505556,
            22.9056045
          ],
          [
            109.350577,
            22.904715
          ],
          [
            109.3507058,
            22.9043197
          ],
          [
            109.3509633,
            22.9039639
          ],
          [
            109.3513709,
            22.9038058
          ],
          [
            109.351843,
            22.9038256
          ],
          [
            109.3522936,
            22.9039837
          ],
          [
            109.3547613,
            22.905565
          ],
          [
            109.3552333,
            22.9057231
          ],
          [
            109.3571431,
            22.9057033
          ],
          [
            109.3585378,
            22.90598
          ],
          [
            109.3604046,
            22.9060591
          ],
          [
            109.3608767,
            22.9059405
          ],
          [
            109.3613058,
            22.9056836
          ],
          [
            109.3623573,
            22.9042604
          ],
          [
            109.3625719,
            22.9038256
          ],
          [
            109.3628508,
            22.9035093
          ],
          [
            109.36328,
            22.9034303
          ],
          [
            109.3642026,
            22.9036477
          ],
          [
            109.364546,
            22.9039244
          ],
          [
            109.3660265,
            22.9071067
          ],
          [
            109.3664342,
            22.9073241
          ],
          [
            109.3673998,
            22.9073043
          ],
          [
            109.3681723,
            22.9067904
          ],
          [
            109.3684727,
            22.9064346
          ],
          [
            109.369331,
            22.9034698
          ],
          [
            109.369846,
            22.9027977
          ],
          [
            109.3705756,
            22.9023036
          ],
          [
            109.371627,
            22.9023036
          ],
          [
            109.3734739,
            22.9024666
          ],
          [
            109.374933,
            22.902427
          ],
          [
            109.3764351,
            22.9021306
          ],
          [
            109.378071,
            22.9020737
          ],
          [
            109.3792879,
            22.9027413
          ],
          [
            109.3800813,
            22.9034303
          ],
          [
            109.3810898,
            22.9044383
          ],
          [
            109.3818838,
            22.9050115
          ],
          [
            109.3823558,
            22.9051301
          ],
          [
            109.3828279,
            22.9051301
          ],
          [
            109.3837291,
            22.9049522
          ],
          [
            109.3840939,
            22.9046755
          ],
          [
            109.3843514,
            22.9043395
          ],
          [
            109.3847376,
            22.9035488
          ],
          [
            109.3848235,
            22.9031535
          ],
          [
            109.3846947,
            22.9019676
          ],
          [
            109.3842441,
            22.9003467
          ],
          [
            109.3842441,
            22.8999316
          ],
          [
            109.3843728,
            22.8995165
          ],
          [
            109.3849307,
            22.8992793
          ],
          [
            109.3854028,
            22.8992793
          ],
          [
            109.3872911,
            22.8996351
          ],
          [
            109.3882138,
            22.8996549
          ],
          [
            109.3886429,
            22.8995758
          ],
          [
            109.3889648,
            22.8992793
          ],
          [
            109.3891794,
            22.898884
          ],
          [
            109.3891579,
            22.8975596
          ],
          [
            109.3890292,
            22.8967294
          ],
          [
            109.3890935,
            22.8962945
          ],
          [
            109.3902308,
            22.8933888
          ],
          [
            109.3902308,
            22.8929539
          ],
          [
            109.3900591,
            22.8920841
          ],
          [
            109.3898875,
            22.8916887
          ],
          [
            109.389351,
            22.8909178
          ],
          [
            109.3890077,
            22.8901271
          ],
          [
            109.389115,
            22.8892573
          ],
          [
            109.389351,
            22.8889015
          ],
          [
            109.390258,
            22.8880939
          ],
          [
            109.3907515,
            22.8878967
          ],
          [
            109.3914539,
            22.8879724
          ],
          [
            109.3919259,
            22.8880119
          ],
          [
            109.3922693,
            22.8882887
          ],
          [
            109.3928063,
            22.8888084
          ],
          [
            109.3932992,
            22.8890991
          ],
          [
            109.3937498,
            22.8890201
          ],
          [
            109.3945438,
            22.8885456
          ],
          [
            109.3968382,
            22.8860977
          ],
          [
            109.3968811,
            22.8856826
          ],
          [
            109.3965163,
            22.8854058
          ],
          [
            109.3960442,
            22.8854058
          ],
          [
            109.3956151,
            22.8855245
          ],
          [
            109.39493,
            22.8862921
          ],
          [
            109.3942219,
            22.8867665
          ],
          [
            109.3933636,
            22.8869049
          ],
          [
            109.392913,
            22.8867467
          ],
          [
            109.392677,
            22.8863711
          ],
          [
            109.392677,
            22.8851257
          ],
          [
            109.3927413,
            22.8821999
          ],
          [
            109.3927843,
            22.8818045
          ],
          [
            109.3929988,
            22.8814487
          ],
          [
            109.3932992,
            22.8811324
          ],
          [
            109.394179,
            22.8808161
          ],
          [
            109.3951231,
            22.8809149
          ],
          [
            109.3954665,
            22.8811917
          ],
          [
            109.3956596,
            22.8815673
          ],
          [
            109.3963462,
            22.8822592
          ],
          [
            109.3967325,
            22.8825162
          ],
          [
            109.3976337,
            22.8827732
          ],
          [
            109.3985778,
            22.8827337
          ],
          [
            109.4007021,
            22.8818243
          ],
          [
            109.4011313,
            22.8817057
          ],
          [
            109.4019467,
            22.8813103
          ],
          [
            109.4027406,
            22.8807963
          ],
          [
            109.4035775,
            22.8797485
          ],
          [
            109.4052297,
            22.8761307
          ],
          [
            109.405852,
            22.8745095
          ],
          [
            109.4061095,
            22.8741141
          ],
          [
            109.4067747,
            22.8735605
          ],
          [
            109.4077403,
            22.8734815
          ],
          [
            109.4085986,
            22.8737385
          ],
          [
            109.4093216,
            22.8741428
          ]
        ]
      }
    },
    {
      "type": "Feature",
      "properties": {
        "feature_id": "WY050",
        "name": null,
        "name_raw": "未记录",
        "name_missing": true,
        "category": "溪流",
        "osm_id": "530995492"
      },
      "geometry": {
        "type": "LineString",
        "coordinates": [
          [
            109.3911183,
            23.0570291
          ],
          [
            109.3912542,
            23.0571685
          ],
          [
            109.3918081,
            23.0570916
          ],
          [
            109.392106,
            23.0568848
          ],
          [
            109.3924405,
            23.056755
          ],
          [
            109.392545,
            23.0569137
          ],
          [
            109.392268,
            23.0572551
          ],
          [
            109.3921269,
            23.0576157
          ],
          [
            109.3918186,
            23.0580485
          ],
          [
            109.3918552,
            23.0582745
          ],
          [
            109.392106,
            23.0585149
          ],
          [
            109.3928168,
            23.058741
          ],
          [
            109.3930011,
            23.0588233
          ],
          [
            109.3934875,
            23.0588826
          ],
          [
            109.3938666,
            23.0589616
          ],
          [
            109.3950397,
            23.0589484
          ],
          [
            109.3955619,
            23.0588431
          ],
          [
            109.3957264,
            23.0589089
          ],
          [
            109.3957979,
            23.0591327
          ],
          [
            109.3956477,
            23.0592906
          ],
          [
            109.395147,
            23.0593235
          ],
          [
            109.3949682,
            23.0595012
          ],
          [
            109.3947464,
            23.0601462
          ],
          [
            109.3947464,
            23.0603502
          ],
          [
            109.3949253,
            23.0604717
          ]
        ]
      }
    },
    {
      "type": "Feature",
      "properties": {
        "feature_id": "WY051",
        "name": null,
        "name_raw": "未记录",
        "name_missing": true,
        "category": "溪流",
        "osm_id": "850984209"
      },
      "geometry": {
        "type": "LineString",
        "coordinates": [
          [
            109.37502471131263,
            23.2247021
          ],
          [
            109.3751192,
            23.224596
          ],
          [
            109.3751192,
            23.224034
          ],
          [
            109.3748402,
            23.2235114
          ],
          [
            109.3751299,
            23.2221508
          ],
          [
            109.3754303,
            23.2220522
          ],
          [
            109.3754733,
            23.2218156
          ],
          [
            109.3756342,
            23.2215494
          ],
          [
            109.3756664,
            23.2209677
          ],
          [
            109.3760311,
            23.2208592
          ],
          [
            109.376117,
            23.2203465
          ],
          [
            109.3767285,
            23.2202479
          ],
          [
            109.3770397,
            23.2201296
          ],
          [
            109.3777156,
            23.2200014
          ],
          [
            109.3779623,
            23.2200211
          ],
          [
            109.379164,
            23.2190943
          ],
          [
            109.3798935,
            23.2180886
          ],
          [
            109.3803012,
            23.2181576
          ],
          [
            109.3806767,
            23.2178224
          ],
          [
            109.3808162,
            23.2172012
          ],
          [
            109.381696,
            23.2164814
          ],
          [
            109.3824363,
            23.2167969
          ],
          [
            109.3829512,
            23.2166096
          ],
          [
            109.3831551,
            23.2160377
          ],
          [
            109.3836915,
            23.2159293
          ],
          [
            109.3843782,
            23.2151996
          ],
          [
            109.3850219,
            23.2141643
          ],
          [
            109.385376,
            23.2139474
          ],
          [
            109.385376,
            23.2134445
          ],
          [
            109.3858802,
            23.2130994
          ],
          [
            109.3861484,
            23.2113738
          ],
          [
            109.3859553,
            23.2107329
          ],
          [
            109.3861377,
            23.2106441
          ],
          [
            109.3861163,
            23.2104075
          ],
          [
            109.3858158,
            23.2100624
          ],
          [
            109.3857193,
            23.2092538
          ],
          [
            109.3858158,
            23.2083072
          ],
          [
            109.3859446,
            23.2078733
          ],
          [
            109.3868351,
            23.2072718
          ],
          [
            109.3880045,
            23.2068971
          ],
          [
            109.3888092,
            23.2066309
          ],
          [
            109.3899035,
            23.2065421
          ],
          [
            109.3906224,
            23.206266
          ],
          [
            109.3915343,
            23.2057927
          ],
          [
            109.3921566,
            23.2052405
          ],
          [
            109.3919849,
            23.2049743
          ],
          [
            109.3921351,
            23.2045305
          ],
          [
            109.3923175,
            23.2042544
          ],
          [
            109.3922746,
            23.2038994
          ],
          [
            109.392457,
            23.2032387
          ],
          [
            109.3922639,
            23.2023217
          ],
          [
            109.3919527,
            23.2018878
          ],
          [
            109.3918669,
            23.2008129
          ],
          [
            109.3916953,
            23.2003987
          ],
          [
            109.391706,
            23.198742
          ],
          [
            109.3918455,
            23.1959611
          ],
          [
            109.3911052,
            23.1942945
          ],
          [
            109.3909228,
            23.1922137
          ],
          [
            109.39044,
            23.1909513
          ],
          [
            109.3905687,
            23.1905963
          ],
          [
            109.39044,
            23.1902511
          ],
          [
            109.390558,
            23.1893734
          ],
          [
            109.3903112,
            23.1889395
          ],
          [
            109.3903756,
            23.1884168
          ],
          [
            109.3902147,
            23.1878448
          ],
          [
            109.3903541,
            23.1875095
          ],
          [
            109.3900001,
            23.1870657
          ],
          [
            109.3900752,
            23.1866022
          ],
          [
            109.3903327,
            23.1863359
          ],
          [
            109.3901074,
            23.1862274
          ],
          [
            109.389292,
            23.185754
          ],
          [
            109.3889272,
            23.1848072
          ],
          [
            109.388659,
            23.1845607
          ],
          [
            109.3883586,
            23.1844916
          ],
          [
            109.3880367,
            23.1840873
          ],
          [
            109.3879831,
            23.1837224
          ],
          [
            109.3877363,
            23.1832884
          ],
          [
            109.3877363,
            23.1829531
          ],
          [
            109.388144,
            23.1822627
          ],
          [
            109.3881762,
            23.1817992
          ],
          [
            109.3877149,
            23.1810496
          ],
          [
            109.3877685,
            23.1807044
          ],
          [
            109.3878168,
            23.1802902
          ],
          [
            109.3878972,
            23.1800781
          ],
          [
            109.3879241,
            23.1797675
          ],
          [
            109.3885302,
            23.1796935
          ],
          [
            109.389292,
            23.1796343
          ],
          [
            109.389528,
            23.1793039
          ],
          [
            109.3895334,
            23.1788157
          ],
          [
            109.3894637,
            23.1782437
          ],
          [
            109.389528,
            23.1777209
          ],
          [
            109.3896621,
            23.1773954
          ],
          [
            109.3899733,
            23.1772376
          ],
          [
            109.3900484,
            23.1769319
          ],
          [
            109.3899304,
            23.176207
          ],
          [
            109.3899035,
            23.1754081
          ],
          [
            109.390102,
            23.17527
          ],
          [
            109.3906546,
            23.1750678
          ],
          [
            109.3908745,
            23.1751072
          ],
          [
            109.3909925,
            23.1754031
          ],
          [
            109.3911856,
            23.1755067
          ],
          [
            109.3914485,
            23.1754081
          ],
          [
            109.3917181,
            23.1752573
          ]
        ]
      }
    },
    {
      "type": "Feature",
      "properties": {
        "feature_id": "WY052",
        "name": null,
        "name_raw": "未记录",
        "name_missing": true,
        "category": "溪流",
        "osm_id": "851185423"
      },
      "geometry": {
        "type": "LineString",
        "coordinates": [
          [
            109.3176341,
            23.0364395
          ],
          [
            109.3180847,
            23.0367307
          ],
          [
            109.3185246,
            23.0368295
          ],
          [
            109.3190718,
            23.0368344
          ],
          [
            109.3201286,
            23.0372046
          ],
          [
            109.3216306,
            23.0380686
          ],
          [
            109.3217486,
            23.0380439
          ],
          [
            109.3218452,
            23.0379007
          ],
          [
            109.3220276,
            23.0373034
          ],
          [
            109.3221831,
            23.0371898
          ],
          [
            109.322446,
            23.0372244
          ],
          [
            109.3227142,
            23.0374268
          ],
          [
            109.3230468,
            23.0376934
          ],
          [
            109.3232721,
            23.037723
          ],
          [
            109.3235993,
            23.0374613
          ],
          [
            109.3240339,
            23.037407
          ],
          [
            109.3261743,
            23.0378859
          ],
          [
            109.3264103,
            23.0378316
          ],
          [
            109.3267053,
            23.0372738
          ],
          [
            109.3270433,
            23.0371997
          ],
          [
            109.3273759,
            23.0374021
          ],
          [
            109.3277568,
            23.0378365
          ],
          [
            109.3287063,
            23.0380439
          ]
        ]
      }
    },
    {
      "type": "Feature",
      "properties": {
        "feature_id": "WY053",
        "name": null,
        "name_raw": "未记录",
        "name_missing": true,
        "category": "溪流",
        "osm_id": "851185429"
      },
      "geometry": {
        "type": "LineString",
        "coordinates": [
          [
            109.3412751,
            23.0072657
          ],
          [
            109.3412536,
            23.0070633
          ],
          [
            109.3408138,
            23.0057548
          ],
          [
            109.3408459,
            23.0054091
          ],
          [
            109.3411678,
            23.0050684
          ],
          [
            109.3420368,
            23.0044314
          ],
          [
            109.3421549,
            23.0042241
          ],
          [
            109.3420798,
            23.0034784
          ],
          [
            109.3417472,
            23.0030883
          ],
          [
            109.341436,
            23.0019625
          ],
          [
            109.3414789,
            23.0013107
          ],
          [
            109.3413824,
            23.0006441
          ],
          [
            109.3411732,
            23.0005947
          ],
          [
            109.3404597,
            23.0008021
          ],
          [
            109.3400788,
            23.0010144
          ],
          [
            109.3396604,
            23.0013058
          ],
          [
            109.3392098,
            23.0015181
          ],
          [
            109.3389898,
            23.0014638
          ],
          [
            109.3387324,
            23.0011181
          ],
          [
            109.3387163,
            23.0007972
          ],
          [
            109.3386948,
            22.9998639
          ],
          [
            109.3389845,
            22.9992318
          ],
          [
            109.3389738,
            22.9990096
          ],
          [
            109.3386573,
            22.998664
          ],
          [
            109.3378794,
            22.9981998
          ],
          [
            109.3378365,
            22.9974887
          ],
          [
            109.3379331,
            22.9970887
          ],
          [
            109.3383729,
            22.9963924
          ],
          [
            109.3383944,
            22.995711
          ],
          [
            109.3381852,
            22.9954196
          ],
          [
            109.3377829,
            22.9951727
          ],
          [
            109.3374503,
            22.9949604
          ],
          [
            109.3369782,
            22.9950196
          ],
          [
            109.3364739,
            22.9953258
          ],
          [
            109.3359053,
            22.9954098
          ],
          [
            109.3351543,
            22.9956715
          ],
          [
            109.334988,
            22.99579
          ],
          [
            109.3348378,
            22.9960171
          ],
          [
            109.3344784,
            22.9962591
          ],
          [
            109.3340921,
            22.9962937
          ],
          [
            109.3334699,
            22.9959678
          ],
          [
            109.3330836,
            22.994911
          ],
          [
            109.3331104,
            22.9939431
          ],
          [
            109.3330032,
            22.9932814
          ],
          [
            109.3330675,
            22.9924962
          ],
          [
            109.3333197,
            22.9917505
          ],
          [
            109.3336844,
            22.9910345
          ],
          [
            109.3336415,
            22.9907777
          ],
          [
            109.3334645,
            22.9906592
          ],
          [
            109.3326759,
            22.9904567
          ],
          [
            109.3322414,
            22.9906147
          ],
          [
            109.3318444,
            22.9910987
          ],
          [
            109.3316513,
            22.9913357
          ],
          [
            109.3312168,
            22.9914987
          ],
          [
            109.3309593,
            22.9915481
          ],
          [
            109.330439,
            22.9910444
          ],
          [
            109.3298542,
            22.9901012
          ],
          [
            109.3294519,
            22.9896962
          ],
          [
            109.3287545,
            22.989474
          ],
          [
            109.3275046,
            22.9889406
          ],
          [
            109.3273008,
            22.988748
          ],
          [
            109.3272632,
            22.9886295
          ],
          [
            109.3274403,
            22.9880764
          ],
          [
            109.3282288,
            22.9871924
          ],
          [
            109.3284005,
            22.9868616
          ],
          [
            109.3282932,
            22.9866295
          ],
          [
            109.3282825,
            22.986422
          ],
          [
            109.3280625,
            22.9861801
          ],
          [
            109.3274349,
            22.9861356
          ],
          [
            109.3267161,
            22.9859973
          ],
          [
            109.3257451,
            22.9859282
          ],
          [
            109.3249029,
            22.985622
          ],
          [
            109.3248278,
            22.9851924
          ],
          [
            109.3250155,
            22.98498
          ],
          [
            109.3259168,
            22.9845158
          ],
          [
            109.3260723,
            22.9835972
          ],
          [
            109.3257773,
            22.9831577
          ],
          [
            109.3256593,
            22.9826391
          ],
          [
            109.3251175,
            22.9815576
          ],
          [
            109.3248546,
            22.9809995
          ],
          [
            109.3245918,
            22.9806439
          ],
          [
            109.3242592,
            22.9797352
          ],
          [
            109.3239963,
            22.9783276
          ],
          [
            109.323771,
            22.9772214
          ],
          [
            109.3235135,
            22.9768756
          ],
          [
            109.3233097,
            22.9759965
          ],
          [
            109.3227839,
            22.9742136
          ],
          [
            109.3226713,
            22.9731023
          ],
          [
            109.3226123,
            22.9723269
          ],
          [
            109.3219793,
            22.9710477
          ],
          [
            109.3217379,
            22.9701093
          ],
          [
            109.3211961,
            22.9684991
          ],
          [
            109.3212444,
            22.9681435
          ],
          [
            109.321872,
            22.9680102
          ],
          [
            109.3222529,
            22.9679311
          ],
          [
            109.3228054,
            22.9680003
          ],
          [
            109.3235135,
            22.9677682
          ],
          [
            109.3241841,
            22.9671705
          ],
          [
            109.3247098,
            22.9669976
          ],
          [
            109.3253106,
            22.9669236
          ],
          [
            109.3261152,
            22.9667457
          ],
          [
            109.3264478,
            22.9668396
          ],
          [
            109.326539,
            22.967052
          ],
          [
            109.3265659,
            22.9675459
          ],
          [
            109.3267429,
            22.9677978
          ],
          [
            109.3273008,
            22.9678274
          ],
          [
            109.3275905,
            22.9676249
          ],
          [
            109.3279445,
            22.9671804
          ],
          [
            109.3279338,
            22.9668396
          ],
          [
            109.3276441,
            22.9662173
          ],
          [
            109.3276173,
            22.9648688
          ],
          [
            109.3278426,
            22.9640983
          ],
          [
            109.3276817,
            22.9617423
          ],
          [
            109.3274671,
            22.9614904
          ],
          [
            109.3270647,
            22.9607346
          ],
          [
            109.3270701,
            22.9585761
          ],
          [
            109.3267053,
            22.9578796
          ],
          [
            109.3262654,
            22.9578401
          ],
          [
            109.3237817,
            22.9590849
          ],
          [
            109.3219685,
            22.9605963
          ],
          [
            109.3210137,
            22.9605963
          ],
          [
            109.318546,
            22.9596776
          ],
          [
            109.3181598,
            22.9589762
          ],
          [
            109.3185031,
            22.9582649
          ],
          [
            109.3215394,
            22.955311
          ],
          [
            109.3274832,
            22.947941
          ],
          [
            109.3310492,
            22.9454607
          ]
        ]
      }
    },
    {
      "type": "Feature",
      "properties": {
        "feature_id": "WY054",
        "name": null,
        "name_raw": "未记录",
        "name_missing": true,
        "category": "溪流",
        "osm_id": "851185432"
      },
      "geometry": {
        "type": "LineString",
        "coordinates": [
          [
            109.3287063,
            23.0380439
          ],
          [
            109.3295538,
            23.0381031
          ],
          [
            109.3306106,
            23.0385523
          ],
          [
            109.3311846,
            23.0384832
          ],
          [
            109.3324882,
            23.0381278
          ],
          [
            109.3325043,
            23.0378217
          ],
          [
            109.3316942,
            23.0371652
          ],
          [
            109.3316513,
            23.0366123
          ],
          [
            109.3322736,
            23.0361531
          ],
          [
            109.3327618,
            23.0345043
          ],
          [
            109.3325472,
            23.0338477
          ],
          [
            109.3317747,
            23.0329196
          ],
          [
            109.331882,
            23.0297995
          ],
          [
            109.3324292,
            23.0282987
          ],
          [
            109.3335235,
            23.0270743
          ],
          [
            109.3354118,
            23.0260178
          ],
          [
            109.3357444,
            23.0253266
          ],
          [
            109.3358624,
            23.0236184
          ],
          [
            109.3369782,
            23.0223545
          ],
          [
            109.3371103,
            23.0214774
          ],
          [
            109.3369492,
            23.0206753
          ],
          [
            109.3369192,
            23.0202858
          ],
          [
            109.3368924,
            23.0194613
          ],
          [
            109.3376917,
            23.0190614
          ],
          [
            109.337815,
            23.0188491
          ],
          [
            109.3376112,
            23.0184541
          ],
          [
            109.337284,
            23.0181677
          ],
          [
            109.3370426,
            23.0181233
          ],
          [
            109.3367904,
            23.0180097
          ],
          [
            109.3362004,
            23.0180245
          ],
          [
            109.3360609,
            23.0178863
          ],
          [
            109.3360448,
            23.0177086
          ],
          [
            109.3365759,
            23.0173037
          ],
          [
            109.337005,
            23.0171013
          ],
          [
            109.3369889,
            23.0169136
          ],
          [
            109.3367636,
            23.0166816
          ],
          [
            109.3350309,
            23.0162224
          ],
          [
            109.3348914,
            23.0160002
          ],
          [
            109.3349397,
            23.0156744
          ],
          [
            109.335165,
            23.0153041
          ],
          [
            109.3358731,
            23.0150621
          ],
          [
            109.3372196,
            23.0149831
          ],
          [
            109.3381423,
            23.0150671
          ],
          [
            109.3383729,
            23.0149683
          ],
          [
            109.338389,
            23.0146227
          ],
          [
            109.3375361,
            23.0136945
          ],
          [
            109.3372571,
            23.0133192
          ],
          [
            109.3371445,
            23.0128798
          ],
          [
            109.3373322,
            23.0122922
          ],
          [
            109.3373591,
            23.0116849
          ],
          [
            109.3375897,
            23.0112059
          ],
          [
            109.3378472,
            23.0111023
          ],
          [
            109.3380886,
            23.0112405
          ],
          [
            109.3383568,
            23.0114479
          ],
          [
            109.3388665,
            23.0117293
          ],
          [
            109.3392205,
            23.012149
          ],
          [
            109.3394297,
            23.0124996
          ],
          [
            109.3395638,
            23.0128896
          ],
          [
            109.3397623,
            23.013176
          ],
          [
            109.3400681,
            23.0131908
          ],
          [
            109.3407923,
            23.0130476
          ],
          [
            109.340744,
            23.0128106
          ],
          [
            109.3407279,
            23.0124749
          ],
          [
            109.3405831,
            23.0121836
          ],
          [
            109.340347,
            23.0120009
          ],
          [
            109.339714,
            23.0109541
          ],
          [
            109.3397999,
            23.0106233
          ],
          [
            109.3395907,
            23.0102481
          ],
          [
            109.3385982,
            23.0093395
          ],
          [
            109.3384963,
            23.0091025
          ],
          [
            109.3386733,
            23.0088458
          ],
          [
            109.339757,
            23.0081989
          ],
          [
            109.3409425,
            23.007562
          ],
          [
            109.3412751,
            23.0072657
          ]
        ]
      }
    },
    {
      "type": "Feature",
      "properties": {
        "feature_id": "WY055",
        "name": null,
        "name_raw": "未记录",
        "name_missing": true,
        "category": "溪流",
        "osm_id": "851185434"
      },
      "geometry": {
        "type": "LineString",
        "coordinates": [
          [
            109.3281591,
            23.048198
          ],
          [
            109.3273276,
            23.0479315
          ],
          [
            109.3265819,
            23.0477933
          ],
          [
            109.3262708,
            23.0475711
          ],
          [
            109.3262386,
            23.047423
          ],
          [
            109.3264586,
            23.0472256
          ],
          [
            109.3269092,
            23.0470183
          ],
          [
            109.327569,
            23.0468356
          ],
          [
            109.3277675,
            23.0466777
          ],
          [
            109.3281376,
            23.0461643
          ],
          [
            109.3281162,
            23.0459817
          ],
          [
            109.3272579,
            23.0449253
          ],
          [
            109.3269092,
            23.0445205
          ],
          [
            109.3268824,
            23.0442441
          ],
          [
            109.3270433,
            23.0440614
          ],
          [
            109.3278962,
            23.0435382
          ],
          [
            109.3279767,
            23.0432469
          ],
          [
            109.3278265,
            23.0430347
          ],
          [
            109.3271881,
            23.0428569
          ],
          [
            109.3271077,
            23.0425805
          ],
          [
            109.3278587,
            23.0410058
          ],
          [
            109.3282556,
            23.040833
          ],
          [
            109.3289852,
            23.0408133
          ],
          [
            109.3291783,
            23.0405812
          ],
          [
            109.3291354,
            23.0403887
          ],
          [
            109.3285078,
            23.0396976
          ],
          [
            109.3283951,
            23.0391645
          ],
          [
            109.3285453,
            23.0384289
          ],
          [
            109.3287063,
            23.0380439
          ]
        ]
      }
    },
    {
      "type": "Feature",
      "properties": {
        "feature_id": "WY056",
        "name": null,
        "name_raw": "未记录",
        "name_missing": true,
        "category": "溪流",
        "osm_id": "851213684"
      },
      "geometry": {
        "type": "LineString",
        "coordinates": [
          [
            109.3205202,
            23.1429694
          ],
          [
            109.3215823,
            23.1425896
          ],
          [
            109.3217379,
            23.1424466
          ],
          [
            109.3221563,
            23.1419533
          ],
          [
            109.322387,
            23.1420618
          ],
          [
            109.3228376,
            23.142269
          ],
          [
            109.3231434,
            23.1420865
          ],
          [
            109.3234223,
            23.1417954
          ],
          [
            109.3235618,
            23.1414205
          ],
          [
            109.3236583,
            23.1412479
          ],
          [
            109.3237764,
            23.1410013
          ],
          [
            109.3243718,
            23.1408977
          ],
          [
            109.3246508,
            23.1409075
          ],
          [
            109.3252838,
            23.141021
          ],
          [
            109.3258041,
            23.1412578
          ],
          [
            109.3264425,
            23.1414699
          ],
          [
            109.3265766,
            23.1416573
          ],
          [
            109.3265176,
            23.1421161
          ],
          [
            109.3266624,
            23.1422394
          ],
          [
            109.3269145,
            23.1422986
          ],
          [
            109.3272954,
            23.1418744
          ],
          [
            109.3276763,
            23.1419286
          ],
          [
            109.3280357,
            23.1421506
          ],
          [
            109.3282986,
            23.1425156
          ],
          [
            109.3283522,
            23.1427129
          ],
          [
            109.3287224,
            23.142999
          ],
          [
            109.3289852,
            23.1431421
          ],
          [
            109.3291461,
            23.1432605
          ],
          [
            109.329291,
            23.1432259
          ],
          [
            109.3297791,
            23.142925
          ],
          [
            109.3300098,
            23.1429201
          ],
          [
            109.3301707,
            23.1429645
          ],
          [
            109.3304712,
            23.142925
          ],
          [
            109.3306911,
            23.1428806
          ],
          [
            109.3308842,
            23.1433443
          ],
          [
            109.3312061,
            23.143512
          ],
          [
            109.331587,
            23.1436205
          ],
          [
            109.3320644,
            23.1434824
          ],
          [
            109.3321717,
            23.1433098
          ],
          [
            109.3324023,
            23.1428658
          ],
          [
            109.3327564,
            23.1425501
          ],
          [
            109.3333089,
            23.1426143
          ],
          [
            109.3333948,
            23.1428757
          ],
          [
            109.3335396,
            23.1430286
          ],
          [
            109.3337864,
            23.1430484
          ],
          [
            109.3340653,
            23.1429694
          ],
          [
            109.3344784,
            23.1429596
          ],
          [
            109.3347734,
            23.1428067
          ],
          [
            109.3347949,
            23.1426981
          ],
          [
            109.334752,
            23.1425847
          ],
          [
            109.3348002,
            23.1423134
          ],
          [
            109.3350255,
            23.1421457
          ],
          [
            109.3350202,
            23.1419681
          ],
          [
            109.3348432,
            23.1417264
          ],
          [
            109.3346554,
            23.1416968
          ],
          [
            109.3346232,
            23.1415685
          ],
          [
            109.3346876,
            23.1414403
          ],
          [
            109.3349183,
            23.1414205
          ],
          [
            109.3351811,
            23.1412578
          ],
          [
            109.3353689,
            23.1412479
          ],
          [
            109.33568,
            23.1414551
          ],
          [
            109.336431,
            23.1416179
          ]
        ]
      }
    },
    {
      "type": "Feature",
      "properties": {
        "feature_id": "WY057",
        "name": null,
        "name_raw": "未记录",
        "name_missing": true,
        "category": "溪流",
        "osm_id": "851387679"
      },
      "geometry": {
        "type": "LineString",
        "coordinates": [
          [
            109.4073111,
            23.1598482
          ],
          [
            109.4072252,
            23.1599419
          ],
          [
            109.4069302,
            23.1600306
          ],
          [
            109.4064957,
            23.1599764
          ],
          [
            109.4058949,
            23.1600208
          ],
          [
            109.4055301,
            23.1599468
          ],
          [
            109.4048703,
            23.1596065
          ],
          [
            109.4046181,
            23.1592119
          ],
          [
            109.4039744,
            23.1588667
          ],
          [
            109.4036311,
            23.1590837
          ],
          [
            109.4029337,
            23.1592859
          ],
          [
            109.4028157,
            23.1592464
          ],
          [
            109.4026923,
            23.1588173
          ],
          [
            109.4024509,
            23.1584524
          ],
          [
            109.4017374,
            23.1580529
          ],
          [
            109.4011742,
            23.1580479
          ],
          [
            109.4007772,
            23.1579296
          ],
          [
            109.400332,
            23.1578901
          ],
          [
            109.4002247,
            23.1577175
          ],
          [
            109.3995166,
            23.1579937
          ],
          [
            109.3991947,
            23.1582008
          ],
          [
            109.3987548,
            23.15826
          ],
          [
            109.3983525,
            23.158117
          ],
          [
            109.3981808,
            23.1577372
          ],
          [
            109.397977,
            23.1572686
          ],
          [
            109.3977785,
            23.1569234
          ],
          [
            109.3967164,
            23.1563365
          ],
          [
            109.396196,
            23.1559271
          ],
          [
            109.3954664,
            23.1558284
          ],
          [
            109.3950695,
            23.1558926
          ],
          [
            109.3949032,
            23.1560455
          ]
        ]
      }
    },
    {
      "type": "Feature",
      "properties": {
        "feature_id": "WY058",
        "name": null,
        "name_raw": "未记录",
        "name_missing": true,
        "category": "溪流",
        "osm_id": "851387702"
      },
      "geometry": {
        "type": "LineString",
        "coordinates": [
          [
            109.4187051,
            23.1548864
          ],
          [
            109.418115,
            23.1546299
          ],
          [
            109.4176966,
            23.154625
          ],
          [
            109.4174123,
            23.1544819
          ],
          [
            109.4173157,
            23.1542205
          ],
          [
            109.4169348,
            23.1539887
          ],
          [
            109.4165164,
            23.153895
          ],
          [
            109.4165003,
            23.1537865
          ],
          [
            109.4165271,
            23.1536138
          ],
          [
            109.4163501,
            23.1534116
          ],
          [
            109.4164413,
            23.1532094
          ],
          [
            109.4165808,
            23.1531255
          ],
          [
            109.416452,
            23.1528493
          ],
          [
            109.4157547,
            23.1527211
          ],
          [
            109.4153416,
            23.1524695
          ],
          [
            109.4150197,
            23.1522624
          ],
          [
            109.4148289,
            23.1520329
          ],
          [
            109.414376,
            23.151488
          ],
          [
            109.4139683,
            23.1514929
          ],
          [
            109.4132549,
            23.1516803
          ],
          [
            109.4126272,
            23.152435
          ],
          [
            109.4122356,
            23.1526767
          ],
          [
            109.4118494,
            23.1526224
          ],
          [
            109.4117045,
            23.1523857
          ],
          [
            109.4116402,
            23.1520355
          ],
          [
            109.4112325,
            23.1514091
          ],
          [
            109.410857,
            23.1512956
          ],
          [
            109.4103956,
            23.1513301
          ],
          [
            109.4103098,
            23.1515176
          ],
          [
            109.4102132,
            23.1520601
          ],
          [
            109.4097519,
            23.1527655
          ],
          [
            109.4094461,
            23.153239
          ],
          [
            109.409017,
            23.1534905
          ],
          [
            109.4087487,
            23.1534955
          ],
          [
            109.4080728,
            23.1535694
          ],
          [
            109.4070911,
            23.1534412
          ],
          [
            109.4063455,
            23.1533919
          ],
          [
            109.4062167,
            23.1535398
          ],
          [
            109.4060451,
            23.1540923
          ],
          [
            109.4058841,
            23.1542748
          ],
          [
            109.4056749,
            23.1542254
          ],
          [
            109.4054604,
            23.1539986
          ],
          [
            109.4049239,
            23.1540528
          ],
          [
            109.4047898,
            23.1541613
          ],
          [
            109.404704,
            23.1543241
          ],
          [
            109.4042104,
            23.1544277
          ],
          [
            109.404071,
            23.1545658
          ],
          [
            109.4035506,
            23.1544326
          ],
          [
            109.4027406,
            23.1543981
          ],
          [
            109.402349,
            23.1545214
          ],
          [
            109.4019735,
            23.1548075
          ],
          [
            109.4015336,
            23.1548518
          ],
          [
            109.4012546,
            23.1547631
          ],
          [
            109.4010562,
            23.1548518
          ],
          [
            109.401024,
            23.1550639
          ],
          [
            109.4005251,
            23.1552464
          ],
          [
            109.4004983,
            23.1553845
          ],
          [
            109.4001013,
            23.1556657
          ],
          [
            109.4004983,
            23.1565091
          ],
          [
            109.4004017,
            23.1567113
          ],
          [
            109.3996185,
            23.1568543
          ],
          [
            109.3994737,
            23.1567162
          ],
          [
            109.3996614,
            23.1563266
          ],
          [
            109.3995112,
            23.1562526
          ],
          [
            109.3989426,
            23.156445
          ],
          [
            109.3986154,
            23.1567508
          ],
          [
            109.3983847,
            23.1572341
          ],
          [
            109.3982184,
            23.1573278
          ],
          [
            109.397977,
            23.1572686
          ]
        ]
      }
    },
    {
      "type": "Feature",
      "properties": {
        "feature_id": "WY059",
        "name": null,
        "name_raw": "未记录",
        "name_missing": true,
        "category": "溪流",
        "osm_id": "851431459"
      },
      "geometry": {
        "type": "LineString",
        "coordinates": [
          [
            109.4042525,
            23.1948323
          ],
          [
            109.4036449,
            23.1946273
          ],
          [
            109.4030912,
            23.1941961
          ],
          [
            109.403045,
            23.1936659
          ],
          [
            109.4032065,
            23.1932983
          ],
          [
            109.4039218,
            23.1932064
          ],
          [
            109.4039449,
            23.1930226
          ],
          [
            109.4035218,
            23.1918561
          ],
          [
            109.4034603,
            23.1909017
          ],
          [
            109.403245,
            23.1905341
          ],
          [
            109.4024836,
            23.1899473
          ],
          [
            109.4021221,
            23.1895019
          ],
          [
            109.4013376,
            23.1889505
          ],
          [
            109.4005762,
            23.1889151
          ],
          [
            109.3998686,
            23.1877769
          ],
          [
            109.3987227,
            23.1869498
          ],
          [
            109.3977459,
            23.1862216
          ],
          [
            109.3970691,
            23.1855429
          ],
          [
            109.3963231,
            23.1850409
          ],
          [
            109.3962228,
            23.184822
          ],
          [
            109.3962835,
            23.1843095
          ],
          [
            109.3950051,
            23.1836089
          ],
          [
            109.3943099,
            23.1826672
          ],
          [
            109.3929166,
            23.1801831
          ],
          [
            109.3933904,
            23.1783817
          ],
          [
            109.3936598,
            23.1779701
          ],
          [
            109.3940234,
            23.1778639
          ],
          [
            109.3937114,
            23.1769332
          ],
          [
            109.3929879,
            23.1762071
          ],
          [
            109.3920121,
            23.1757851
          ],
          [
            109.3917181,
            23.1752573
          ]
        ]
      }
    },
    {
      "type": "Feature",
      "properties": {
        "feature_id": "WY060",
        "name": null,
        "name_raw": "未记录",
        "name_missing": true,
        "category": "溪流",
        "osm_id": "858090458"
      },
      "geometry": {
        "type": "LineString",
        "coordinates": [
          [
            109.2467433,
            22.9385647
          ],
          [
            109.247784,
            22.9381745
          ],
          [
            109.2484975,
            22.9378533
          ],
          [
            109.2489052,
            22.9374532
          ],
          [
            109.2493129,
            22.9370925
          ],
          [
            109.249801,
            22.9368208
          ],
          [
            109.2508256,
            22.9369789
          ],
          [
            109.25111,
            22.9369394
          ],
          [
            109.2511529,
            22.936806
          ],
          [
            109.2511582,
            22.9363861
          ],
          [
            109.2514372,
            22.9359513
          ],
          [
            109.2523116,
            22.93482
          ],
          [
            109.2528802,
            22.9334268
          ],
          [
            109.2572415,
            22.933328
          ],
          [
            109.2592156,
            22.9338418
          ],
          [
            109.2618281,
            22.9335108
          ],
          [
            109.2619828,
            22.9336248
          ],
          [
            109.2620871,
            22.9339143
          ],
          [
            109.2621499,
            22.9340147
          ],
          [
            109.2624611,
            22.9340246
          ],
          [
            109.2628205,
            22.9335899
          ],
          [
            109.2631048,
            22.9329328
          ]
        ]
      }
    },
    {
      "type": "Feature",
      "properties": {
        "feature_id": "WY061",
        "name": null,
        "name_raw": "未记录",
        "name_missing": true,
        "category": "溪流",
        "osm_id": "858090464"
      },
      "geometry": {
        "type": "LineString",
        "coordinates": [
          [
            109.2251086,
            22.9708748
          ],
          [
            109.2261708,
            22.9708748
          ],
          [
            109.2264658,
            22.9709835
          ],
          [
            109.2267984,
            22.9711613
          ],
          [
            109.2269379,
            22.97127
          ],
          [
            109.2274904,
            22.9709934
          ],
          [
            109.2276674,
            22.9705538
          ],
          [
            109.2285794,
            22.970213
          ],
          [
            109.2290783,
            22.9702476
          ],
          [
            109.229148,
            22.9704254
          ],
          [
            109.2289174,
            22.9711761
          ],
          [
            109.2290246,
            22.9716503
          ],
          [
            109.2294913,
            22.9717293
          ],
          [
            109.2300814,
            22.9723269
          ]
        ]
      }
    },
    {
      "type": "Feature",
      "properties": {
        "feature_id": "WY062",
        "name": null,
        "name_raw": "未记录",
        "name_missing": true,
        "category": "河流",
        "osm_id": "995794796"
      },
      "geometry": {
        "type": "LineString",
        "coordinates": [
          [
            109.0870583,
            23.1984346
          ],
          [
            109.0871895,
            23.1982278
          ],
          [
            109.0870022,
            23.1977475
          ],
          [
            109.0869036,
            23.1973669
          ],
          [
            109.0874656,
            23.1974847
          ],
          [
            109.0879191,
            23.1973488
          ],
          [
            109.0885501,
            23.1975391
          ],
          [
            109.0893192,
            23.1972582
          ],
          [
            109.08996,
            23.1972491
          ],
          [
            109.0899995,
            23.1970679
          ],
          [
            109.0901966,
            23.1969229
          ],
          [
            109.0908868,
            23.197086
          ],
          [
            109.0914685,
            23.1974757
          ],
          [
            109.0920502,
            23.1972763
          ],
          [
            109.0927798,
            23.1970225
          ],
          [
            109.0933714,
            23.1968232
          ],
          [
            109.0933714,
            23.1962251
          ],
          [
            109.0930361,
            23.1958807
          ],
          [
            109.0929375,
            23.1955726
          ],
          [
            109.0934404,
            23.1950832
          ],
          [
            109.0940418,
            23.1942948
          ],
          [
            109.0938742,
            23.1937691
          ]
        ]
      }
    },
    {
      "type": "Feature",
      "properties": {
        "feature_id": "WY063",
        "name": null,
        "name_raw": "未记录",
        "name_missing": true,
        "category": "河流",
        "osm_id": "995794797"
      },
      "geometry": {
        "type": "LineString",
        "coordinates": [
          [
            109.0938742,
            23.1937691
          ],
          [
            109.0940122,
            23.1932707
          ]
        ]
      }
    },
    {
      "type": "Feature",
      "properties": {
        "feature_id": "WY064",
        "name": null,
        "name_raw": "未记录",
        "name_missing": true,
        "category": "排水沟",
        "osm_id": "1028567639"
      },
      "geometry": {
        "type": "LineString",
        "coordinates": [
          [
            109.1839939,
            23.2010261
          ],
          [
            109.1836279,
            23.2015038
          ],
          [
            109.1836279,
            23.2016079
          ],
          [
            109.1836562,
            23.2016827
          ],
          [
            109.1836137,
            23.201751
          ],
          [
            109.1835889,
            23.2019365
          ],
          [
            109.1835995,
            23.2021316
          ],
          [
            109.1836526,
            23.2022065
          ],
          [
            109.1836456,
            23.2023105
          ],
          [
            109.1835854,
            23.2023528
          ],
          [
            109.1834757,
            23.2023626
          ],
          [
            109.18332,
            23.2023366
          ],
          [
            109.1833058,
            23.2024602
          ],
          [
            109.183281,
            23.2026619
          ],
          [
            109.1832385,
            23.202805
          ],
          [
            109.1829696,
            23.2033157
          ],
          [
            109.1829059,
            23.2035141
          ],
          [
            109.1829554,
            23.2036052
          ],
          [
            109.1829908,
            23.2037874
          ],
          [
            109.1828776,
            23.2039435
          ],
          [
            109.1828917,
            23.203976
          ],
          [
            109.182959,
            23.2039956
          ],
          [
            109.1830227,
            23.2040801
          ],
          [
            109.1830191,
            23.204233
          ],
          [
            109.1830474,
            23.2043696
          ],
          [
            109.1829908,
            23.2046006
          ],
          [
            109.1829094,
            23.2047307
          ],
          [
            109.1828351,
            23.2048576
          ],
          [
            109.1828174,
            23.2050625
          ],
          [
            109.1827395,
            23.205313
          ],
          [
            109.182651,
            23.2054236
          ],
          [
            109.1826652,
            23.2054984
          ],
          [
            109.1826192,
            23.2056545
          ],
          [
            109.1825166,
            23.2057098
          ],
          [
            109.1824458,
            23.2058757
          ],
          [
            109.1824776,
            23.2060254
          ],
          [
            109.1825661,
            23.2061262
          ],
          [
            109.1825838,
            23.2062238
          ],
          [
            109.1827926,
            23.2065588
          ],
          [
            109.1829766,
            23.2068028
          ],
          [
            109.1830616,
            23.2069589
          ],
          [
            109.1830262,
            23.2071964
          ],
          [
            109.1831111,
            23.2074468
          ],
          [
            109.1831359,
            23.2077591
          ],
          [
            109.1833695,
            23.2078925
          ],
          [
            109.1836154,
            23.208134
          ],
          [
            109.1835666,
            23.2082498
          ],
          [
            109.1836113,
            23.2083545
          ],
          [
            109.1835951,
            23.2084329
          ],
          [
            109.1835625,
            23.208616
          ],
          [
            109.1836113,
            23.2087169
          ],
          [
            109.1836194,
            23.2088365
          ],
          [
            109.1835544,
            23.2090121
          ],
          [
            109.1834487,
            23.2091989
          ],
          [
            109.1832495,
            23.2094081
          ],
          [
            109.1830462,
            23.2095464
          ],
          [
            109.1829852,
            23.2096435
          ],
          [
            109.1825421,
            23.2100284
          ],
          [
            109.1824689,
            23.2102077
          ],
          [
            109.182373,
            23.2105357
          ]
        ]
      }
    },
    {
      "type": "Feature",
      "properties": {
        "feature_id": "WY065",
        "name": null,
        "name_raw": "未记录",
        "name_missing": true,
        "category": "排水沟",
        "osm_id": "1028567640"
      },
      "geometry": {
        "type": "LineString",
        "coordinates": [
          [
            109.1882925,
            23.1912989
          ],
          [
            109.1880766,
            23.1913379
          ],
          [
            109.1880306,
            23.1917348
          ],
          [
            109.1876979,
            23.1918942
          ],
          [
            109.1876095,
            23.1920081
          ],
          [
            109.1878324,
            23.1923009
          ],
          [
            109.1878147,
            23.1924212
          ],
          [
            109.1877475,
            23.1924928
          ],
          [
            109.1875953,
            23.1925091
          ],
          [
            109.1875599,
            23.1927108
          ],
          [
            109.1877369,
            23.1929385
          ],
          [
            109.1877581,
            23.1930719
          ],
          [
            109.187613,
            23.1932508
          ],
          [
            109.1875458,
            23.1935176
          ],
          [
            109.1874431,
            23.1937843
          ],
          [
            109.1873191,
            23.1937631
          ]
        ]
      }
    },
    {
      "type": "Feature",
      "properties": {
        "feature_id": "WY066",
        "name": null,
        "name_raw": "未记录",
        "name_missing": true,
        "category": "排水沟",
        "osm_id": "1028567641"
      },
      "geometry": {
        "type": "LineString",
        "coordinates": [
          [
            109.1841536,
            23.2009166
          ],
          [
            109.1839939,
            23.2010261
          ]
        ]
      }
    },
    {
      "type": "Feature",
      "properties": {
        "feature_id": "WY067",
        "name": null,
        "name_raw": "未记录",
        "name_missing": true,
        "category": "排水沟",
        "osm_id": "1028567642"
      },
      "geometry": {
        "type": "LineString",
        "coordinates": [
          [
            109.1856365,
            23.196419
          ],
          [
            109.1849975,
            23.1972814
          ],
          [
            109.1849728,
            23.1974863
          ],
          [
            109.1848701,
            23.1976685
          ],
          [
            109.1847816,
            23.1977303
          ],
          [
            109.184679,
            23.1978051
          ],
          [
            109.1846967,
            23.1981858
          ],
          [
            109.184863,
            23.1990153
          ],
          [
            109.184909,
            23.1993601
          ],
          [
            109.184909,
            23.1995878
          ],
          [
            109.184863,
            23.1997244
          ],
          [
            109.1849232,
            23.1998578
          ],
          [
            109.1850117,
            23.1999944
          ],
          [
            109.1847887,
            23.2001343
          ],
          [
            109.1847002,
            23.2002644
          ],
          [
            109.1846755,
            23.2005247
          ],
          [
            109.1844879,
            23.2007654
          ],
          [
            109.1843251,
            23.2007979
          ],
          [
            109.1841536,
            23.2009166
          ]
        ]
      }
    },
    {
      "type": "Feature",
      "properties": {
        "feature_id": "WY068",
        "name": null,
        "name_raw": "未记录",
        "name_missing": true,
        "category": "排水沟",
        "osm_id": "1028567643"
      },
      "geometry": {
        "type": "LineString",
        "coordinates": [
          [
            109.1858962,
            23.1959935
          ],
          [
            109.1856365,
            23.196419
          ]
        ]
      }
    },
    {
      "type": "Feature",
      "properties": {
        "feature_id": "WY069",
        "name": null,
        "name_raw": "未记录",
        "name_missing": true,
        "category": "排水沟",
        "osm_id": "1028567644"
      },
      "geometry": {
        "type": "LineString",
        "coordinates": [
          [
            109.1871281,
            23.1938819
          ],
          [
            109.1869441,
            23.1940803
          ],
          [
            109.1867636,
            23.1941552
          ],
          [
            109.1865972,
            23.1941389
          ],
          [
            109.1865654,
            23.1942495
          ],
          [
            109.186576,
            23.1943113
          ],
          [
            109.18676,
            23.1943796
          ],
          [
            109.1867813,
            23.1945033
          ],
          [
            109.18676,
            23.1946464
          ],
          [
            109.186714,
            23.1946627
          ],
          [
            109.1865972,
            23.1946562
          ],
          [
            109.1861088,
            23.1950856
          ],
          [
            109.1860487,
            23.1952775
          ],
          [
            109.1859531,
            23.1953556
          ],
          [
            109.1859496,
            23.1954434
          ],
          [
            109.1860239,
            23.19558
          ],
          [
            109.1861301,
            23.1956028
          ],
          [
            109.1861548,
            23.1956451
          ],
          [
            109.1860947,
            23.1957622
          ],
          [
            109.1859956,
            23.1958143
          ],
          [
            109.1858962,
            23.1959935
          ]
        ]
      }
    },
    {
      "type": "Feature",
      "properties": {
        "feature_id": "WY070",
        "name": null,
        "name_raw": "未记录",
        "name_missing": true,
        "category": "排水沟",
        "osm_id": "1028567645"
      },
      "geometry": {
        "type": "LineString",
        "coordinates": [
          [
            109.1873191,
            23.1937631
          ],
          [
            109.1871281,
            23.1938819
          ]
        ]
      }
    },
    {
      "type": "Feature",
      "properties": {
        "feature_id": "WY071",
        "name": null,
        "name_raw": "未记录",
        "name_missing": true,
        "category": "排水沟",
        "osm_id": "1028567649"
      },
      "geometry": {
        "type": "LineString",
        "coordinates": [
          [
            109.1809128,
            23.2127529
          ],
          [
            109.1807208,
            23.2129241
          ],
          [
            109.1805622,
            23.2129802
          ],
          [
            109.1805216,
            23.2131109
          ],
          [
            109.1803061,
            23.2133762
          ],
          [
            109.180302,
            23.2134846
          ],
          [
            109.1802045,
            23.2136751
          ],
          [
            109.1801353,
            23.213832
          ],
          [
            109.1802167,
            23.2140824
          ],
          [
            109.1803345,
            23.2142655
          ],
          [
            109.1803061,
            23.2143663
          ],
          [
            109.1801435,
            23.214456
          ],
          [
            109.180115,
            23.2145457
          ],
          [
            109.1799117,
            23.215405
          ],
          [
            109.1799361,
            23.2155694
          ],
          [
            109.1798792,
            23.2156554
          ],
          [
            109.1798995,
            23.2157712
          ],
          [
            109.1798304,
            23.2159692
          ],
          [
            109.179928,
            23.2160402
          ],
          [
            109.1799117,
            23.2160813
          ],
          [
            109.1797613,
            23.2161448
          ],
          [
            109.179558,
            23.2162121
          ],
          [
            109.1794483,
            23.2163167
          ],
          [
            109.1793548,
            23.2165184
          ],
          [
            109.1792531,
            23.216765
          ],
          [
            109.1791312,
            23.2168211
          ],
          [
            109.1790295,
            23.2169145
          ],
          [
            109.1788954,
            23.2168696
          ],
          [
            109.1785457,
            23.2169892
          ]
        ]
      }
    },
    {
      "type": "Feature",
      "properties": {
        "feature_id": "WY072",
        "name": null,
        "name_raw": "未记录",
        "name_missing": true,
        "category": "排水沟",
        "osm_id": "1028567650"
      },
      "geometry": {
        "type": "LineString",
        "coordinates": [
          [
            109.182373,
            23.2105357
          ],
          [
            109.1823388,
            23.2106524
          ]
        ]
      }
    },
    {
      "type": "Feature",
      "properties": {
        "feature_id": "WY073",
        "name": null,
        "name_raw": "未记录",
        "name_missing": true,
        "category": "河流",
        "osm_id": "1198633956"
      },
      "geometry": {
        "type": "LineString",
        "coordinates": [
          [
            109.1291394,
            23.1753549
          ],
          [
            109.1290647,
            23.1760418
          ],
          [
            109.1289246,
            23.1762994
          ],
          [
            109.1284763,
            23.1761362
          ],
          [
            109.1275142,
            23.1762822
          ],
          [
            109.1267951,
            23.1762393
          ],
          [
            109.126683,
            23.1764282
          ],
          [
            109.1269819,
            23.1770378
          ],
          [
            109.1267203,
            23.1775444
          ],
          [
            109.1261039,
            23.1779565
          ],
          [
            109.1261226,
            23.1784373
          ],
          [
            109.1265242,
            23.1790899
          ],
          [
            109.1268885,
            23.179648
          ],
          [
            109.1266456,
            23.1801116
          ],
          [
            109.1260665,
            23.1804035
          ],
          [
            109.1254314,
            23.1804808
          ],
          [
            109.1248897,
            23.1805323
          ],
          [
            109.1245815,
            23.1806955
          ],
          [
            109.1243573,
            23.1811333
          ],
          [
            109.1238716,
            23.1810389
          ],
          [
            109.1228349,
            23.1814424
          ],
          [
            109.1214619,
            23.1816657
          ],
          [
            109.1214355,
            23.1820427
          ]
        ]
      }
    },
    {
      "type": "Feature",
      "properties": {
        "feature_id": "WY074",
        "name": null,
        "name_raw": "未记录",
        "name_missing": true,
        "category": "河流",
        "osm_id": "1198633957"
      },
      "geometry": {
        "type": "LineString",
        "coordinates": [
          [
            109.1214355,
            23.1820427
          ],
          [
            109.1214271,
            23.1821617
          ]
        ]
      }
    },
    {
      "type": "Feature",
      "properties": {
        "feature_id": "WY075",
        "name": null,
        "name_raw": "未记录",
        "name_missing": true,
        "category": "排水沟",
        "osm_id": "1198633998"
      },
      "geometry": {
        "type": "LineString",
        "coordinates": [
          [
            109.1226146,
            23.2076684
          ],
          [
            109.1227417,
            23.2057289
          ],
          [
            109.122852,
            23.2047397
          ],
          [
            109.1227104,
            23.2043299
          ],
          [
            109.1218898,
            23.2026255
          ]
        ]
      }
    },
    {
      "type": "Feature",
      "properties": {
        "feature_id": "WY076",
        "name": null,
        "name_raw": "未记录",
        "name_missing": true,
        "category": "渠道",
        "osm_id": "1245807013"
      },
      "geometry": {
        "type": "LineString",
        "coordinates": [
          [
            109.1205154,
            23.2169098
          ],
          [
            109.1204427,
            23.2170645
          ],
          [
            109.1201583,
            23.218228
          ],
          [
            109.1200779,
            23.2184695
          ],
          [
            109.1196943,
            23.2193964
          ],
          [
            109.1194502,
            23.2198031
          ],
          [
            109.1191632,
            23.220407
          ],
          [
            109.1187716,
            23.2207743
          ],
          [
            109.1174225,
            23.2221004
          ],
          [
            109.1172911,
            23.2221768
          ],
          [
            109.117047,
            23.2221669
          ],
          [
            109.1161458,
            23.2221201
          ],
          [
            109.1157783,
            23.2221768
          ],
          [
            109.1153223,
            23.2223272
          ],
          [
            109.1148342,
            23.222655
          ],
          [
            109.1145311,
            23.2229754
          ],
          [
            109.1142977,
            23.2232589
          ],
          [
            109.113654,
            23.2244272
          ],
          [
            109.11349262212585,
            23.2247021
          ]
        ]
      }
    },
    {
      "type": "Feature",
      "properties": {
        "feature_id": "WY077",
        "name": null,
        "name_raw": "未记录",
        "name_missing": true,
        "category": "溪流",
        "osm_id": "1246950139"
      },
      "geometry": {
        "type": "LineString",
        "coordinates": [
          [
            109.4074666,
            23.1588815
          ],
          [
            109.4073325,
            23.1591527
          ]
        ]
      }
    },
    {
      "type": "Feature",
      "properties": {
        "feature_id": "WY078",
        "name": null,
        "name_raw": "未记录",
        "name_missing": true,
        "category": "溪流",
        "osm_id": "1246950140"
      },
      "geometry": {
        "type": "LineString",
        "coordinates": [
          [
            109.4073325,
            23.1591527
          ],
          [
            109.4073111,
            23.1598482
          ]
        ]
      }
    },
    {
      "type": "Feature",
      "properties": {
        "feature_id": "WY079",
        "name": null,
        "name_raw": "未记录",
        "name_missing": true,
        "category": "溪流",
        "osm_id": "1251667285"
      },
      "geometry": {
        "type": "LineString",
        "coordinates": [
          [
            109.1613643,
            23.0387327
          ],
          [
            109.1619148,
            23.0388346
          ],
          [
            109.1620076,
            23.0390907
          ],
          [
            109.1619999,
            23.0394251
          ],
          [
            109.1618066,
            23.0398948
          ],
          [
            109.161103,
            23.0404213
          ],
          [
            109.160786,
            23.0406632
          ],
          [
            109.1604071,
            23.0413107
          ],
          [
            109.1605617,
            23.0414601
          ],
          [
            109.1610256,
            23.0416166
          ],
          [
            109.1618916,
            23.0416166
          ],
          [
            109.162255,
            23.0426483
          ],
          [
            109.1621313,
            23.0429329
          ],
          [
            109.1620927,
            23.0431677
          ],
          [
            109.1618452,
            23.0435519
          ],
          [
            109.1611107,
            23.0439219
          ],
          [
            109.159889,
            23.0442634
          ],
          [
            109.1595179,
            23.0442705
          ],
          [
            109.15917,
            23.0443915
          ],
          [
            109.1590617,
            23.0446832
          ],
          [
            109.1586674,
            23.0455441
          ],
          [
            109.1583813,
            23.0459995
          ]
        ]
      }
    },
    {
      "type": "Feature",
      "properties": {
        "feature_id": "WY080",
        "name": null,
        "name_raw": "未记录",
        "name_missing": true,
        "category": "溪流",
        "osm_id": "1251667286"
      },
      "geometry": {
        "type": "LineString",
        "coordinates": [
          [
            109.1612612,
            23.0386769
          ],
          [
            109.1613643,
            23.0387327
          ]
        ]
      }
    },
    {
      "type": "Feature",
      "properties": {
        "feature_id": "WY081",
        "name": null,
        "name_raw": "未记录",
        "name_missing": true,
        "category": "溪流",
        "osm_id": "1251915955"
      },
      "geometry": {
        "type": "LineString",
        "coordinates": [
          [
            109.1618277,
            23.1084896
          ],
          [
            109.161596,
            23.1082147
          ],
          [
            109.1608862,
            23.1068402
          ],
          [
            109.1603258,
            23.1067577
          ],
          [
            109.1593619,
            23.1063659
          ],
          [
            109.1586072,
            23.1065171
          ],
          [
            109.1580991,
            23.1065171
          ],
          [
            109.1573893,
            23.1062079
          ],
          [
            109.1574416,
            23.1058917
          ],
          [
            109.1578077,
            23.1056581
          ],
          [
            109.1583532,
            23.1055137
          ],
          [
            109.1583905,
            23.1051564
          ],
          [
            109.1580169,
            23.1048471
          ],
          [
            109.1572697,
            23.1048815
          ],
          [
            109.1567243,
            23.105067
          ],
          [
            109.1561714,
            23.1050189
          ],
          [
            109.1561564,
            23.1047028
          ],
          [
            109.1561639,
            23.1042835
          ],
          [
            109.1556035,
            23.1037681
          ],
          [
            109.1538999,
            23.1034726
          ],
          [
            109.153474,
            23.1035413
          ],
          [
            109.1536309,
            23.1039743
          ],
          [
            109.1542735,
            23.1046959
          ],
          [
            109.1536981,
            23.1051151
          ],
          [
            109.1528389,
            23.1055687
          ],
          [
            109.1531676,
            23.1063728
          ],
          [
            109.1506645,
            23.1067164
          ],
          [
            109.1477728,
            23.1080154
          ],
          [
            109.1472872,
            23.1085652
          ],
          [
            109.1471377,
            23.1094036
          ],
          [
            109.1466595,
            23.109596
          ],
          [
            109.1460393,
            23.1093967
          ],
          [
            109.1453594,
            23.1091768
          ],
          [
            109.144672,
            23.1096029
          ],
          [
            109.1441928,
            23.1102002
          ],
          [
            109.1427431,
            23.1111898
          ],
          [
            109.1426282,
            23.1111305
          ],
          [
            109.1421799,
            23.1101822
          ],
          [
            109.1420454,
            23.1090963
          ],
          [
            109.141358,
            23.1076943
          ],
          [
            109.1410591,
            23.1069658
          ],
          [
            109.1416868,
            23.1066085
          ],
          [
            109.141896,
            23.1062099
          ],
          [
            109.1415672,
            23.1059212
          ],
          [
            109.1409246,
            23.1060999
          ],
          [
            109.1393854,
            23.1074194
          ],
          [
            109.1385635,
            23.1095636
          ],
          [
            109.1371139,
            23.1132197
          ],
          [
            109.1373381,
            23.1144567
          ],
          [
            109.1372185,
            23.1155425
          ],
          [
            109.1359333,
            23.1167795
          ],
          [
            109.1342596,
            23.118525
          ],
          [
            109.1335273,
            23.1196932
          ],
          [
            109.1326606,
            23.1200368
          ],
          [
            109.1319582,
            23.1204491
          ],
          [
            109.1308075,
            23.1199268
          ],
          [
            109.1281326,
            23.119597
          ],
          [
            109.1242023,
            23.120614
          ],
          [
            109.1235746,
            23.1215898
          ],
          [
            109.1229619,
            23.1223182
          ],
          [
            109.1219756,
            23.122868
          ],
          [
            109.1210641,
            23.1228817
          ],
          [
            109.1199881,
            23.1223182
          ],
          [
            109.1199283,
            23.1210951
          ],
          [
            109.1194352,
            23.1199956
          ],
          [
            109.11815,
            23.119542
          ],
          [
            109.1173579,
            23.1196657
          ],
          [
            109.1167154,
            23.1202017
          ],
          [
            109.1154451,
            23.1209164
          ],
          [
            109.1134725,
            23.1217135
          ],
          [
            109.111485,
            23.1220846
          ],
          [
            109.1109769,
            23.1225794
          ],
          [
            109.1104538,
            23.1235826
          ],
          [
            109.1103193,
            23.1243385
          ],
          [
            109.1110217,
            23.1249844
          ],
          [
            109.1113803,
            23.1253967
          ],
          [
            109.1101699,
            23.1257541
          ],
          [
            109.1086605,
            23.1260152
          ],
          [
            109.1073006,
            23.1253693
          ],
          [
            109.1060752,
            23.1249432
          ],
          [
            109.1044762,
            23.1250257
          ],
          [
            109.1030715,
            23.1246958
          ],
          [
            109.1014874,
            23.1232253
          ],
          [
            109.0996643,
            23.1236513
          ],
          [
            109.0979009,
            23.124847
          ],
          [
            109.0972732,
            23.125809
          ],
          [
            109.0968697,
            23.1264962
          ],
          [
            109.0951661,
            23.1267023
          ],
          [
            109.0946281,
            23.1265099
          ],
          [
            109.0944936,
            23.1259327
          ],
          [
            109.093597,
            23.1256716
          ],
          [
            109.0923865,
            23.1257128
          ],
          [
            109.0913255,
            23.1258503
          ],
          [
            109.0892035,
            23.1249157
          ],
          [
            109.0880677,
            23.1246684
          ],
          [
            109.0873803,
            23.1249295
          ],
          [
            109.0867527,
            23.1253418
          ],
          [
            109.0860353,
            23.1255067
          ],
          [
            109.0856916,
            23.1263725
          ],
          [
            109.0846455,
            23.1273345
          ],
          [
            109.0841375,
            23.1284889
          ],
          [
            109.0839581,
            23.1295746
          ],
          [
            109.0830465,
            23.1306053
          ]
        ]
      }
    },
    {
      "type": "Feature",
      "properties": {
        "feature_id": "WY082",
        "name": "南河",
        "name_raw": "南河",
        "name_missing": false,
        "category": "河流",
        "osm_id": "1251915956"
      },
      "geometry": {
        "type": "LineString",
        "coordinates": [
          [
            109.0830465,
            23.1306053
          ],
          [
            109.0827167,
            23.1310878
          ],
          [
            109.0826823,
            23.1320981
          ],
          [
            109.0835406,
            23.1343239
          ],
          [
            109.0847251,
            23.1361708
          ],
          [
            109.0861327,
            23.1372916
          ],
          [
            109.0872829,
            23.1400382
          ]
        ]
      }
    },
    {
      "type": "Feature",
      "properties": {
        "feature_id": "WY083",
        "name": "南河",
        "name_raw": "南河",
        "name_missing": false,
        "category": "河流",
        "osm_id": "1251915957"
      },
      "geometry": {
        "type": "LineString",
        "coordinates": [
          [
            109.0872829,
            23.1400382
          ],
          [
            109.0872858,
            23.1406384
          ]
        ]
      }
    },
    {
      "type": "Feature",
      "properties": {
        "feature_id": "WY084",
        "name": null,
        "name_raw": "未记录",
        "name_missing": true,
        "category": "溪流",
        "osm_id": "1251915958"
      },
      "geometry": {
        "type": "LineString",
        "coordinates": [
          [
            109.0837631,
            23.1210249
          ],
          [
            109.0828533,
            23.1220984
          ],
          [
            109.0818748,
            23.1225405
          ],
          [
            109.0812397,
            23.1229509
          ],
          [
            109.0809307,
            23.1235982
          ],
          [
            109.0803127,
            23.1239613
          ],
          [
            109.0794029,
            23.1237876
          ],
          [
            109.0787849,
            23.1239771
          ],
          [
            109.0787849,
            23.1244191
          ],
          [
            109.0791282,
            23.1253979
          ],
          [
            109.0789737,
            23.1261714
          ],
          [
            109.0786991,
            23.1266135
          ],
          [
            109.0786819,
            23.1269766
          ],
          [
            109.0793514,
            23.1276396
          ],
          [
            109.079626,
            23.1283658
          ],
          [
            109.0795059,
            23.1294708
          ],
          [
            109.0798835,
            23.1296761
          ],
          [
            109.0802784,
            23.1293919
          ],
          [
            109.0809478,
            23.1291393
          ],
          [
            109.0814457,
            23.129313
          ],
          [
            109.0830465,
            23.1306053
          ]
        ]
      }
    },
    {
      "type": "Feature",
      "properties": {
        "feature_id": "WY085",
        "name": null,
        "name_raw": "未记录",
        "name_missing": true,
        "category": "排水沟",
        "osm_id": "1344764507"
      },
      "geometry": {
        "type": "LineString",
        "coordinates": [
          [
            109.1395001,
            23.1862505
          ],
          [
            109.1387671,
            23.1862826
          ],
          [
            109.1381776,
            23.1864679
          ],
          [
            109.1364129,
            23.1863146
          ],
          [
            109.1332211,
            23.1863253
          ],
          [
            109.1325463,
            23.1861435
          ],
          [
            109.1316775,
            23.1855339
          ],
          [
            109.1311695,
            23.1847995
          ],
          [
            109.1305141,
            23.1843824
          ],
          [
            109.1266241,
            23.1838654
          ],
          [
            109.1260346,
            23.1840009
          ],
          [
            109.1255305,
            23.1848957
          ],
          [
            109.1252163,
            23.1849813
          ],
          [
            109.1237193,
            23.183894
          ],
          [
            109.1231686,
            23.1842612
          ],
          [
            109.1224744,
            23.1835303
          ],
          [
            109.1222106,
            23.1830633
          ],
          [
            109.1214817,
            23.1828223
          ]
        ]
      }
    },
    {
      "type": "Feature",
      "properties": {
        "feature_id": "WY086",
        "name": null,
        "name_raw": "未记录",
        "name_missing": true,
        "category": "溪流",
        "osm_id": "1461438065"
      },
      "geometry": {
        "type": "LineString",
        "coordinates": [
          [
            109.2180537,
            23.183487
          ],
          [
            109.2181125,
            23.1843117
          ],
          [
            109.2177302,
            23.1851094
          ],
          [
            109.2176566,
            23.185373
          ],
          [
            109.2175095,
            23.1855961
          ],
          [
            109.2172522,
            23.1857245
          ],
          [
            109.2167153,
            23.1854947
          ],
          [
            109.2164727,
            23.1855285
          ],
          [
            109.216458,
            23.1857989
          ],
          [
            109.2166786,
            23.1863329
          ],
          [
            109.217061,
            23.1869818
          ],
          [
            109.2171419,
            23.1872522
          ],
          [
            109.2170316,
            23.1875158
          ],
          [
            109.2168624,
            23.1875699
          ],
          [
            109.2160388,
            23.1870765
          ],
          [
            109.2156785,
            23.1870765
          ],
          [
            109.2154211,
            23.1873401
          ],
          [
            109.2154579,
            23.1881986
          ],
          [
            109.2147078,
            23.1888407
          ],
          [
            109.2146931,
            23.1891111
          ],
          [
            109.2148402,
            23.1903278
          ],
          [
            109.2151637,
            23.1914634
          ],
          [
            109.2150534,
            23.1923354
          ],
          [
            109.2148838,
            23.1930367
          ],
          [
            109.2152636,
            23.1938237
          ],
          [
            109.2155919,
            23.1939243
          ],
          [
            109.2159524,
            23.1939065
          ],
          [
            109.2163322,
            23.1940012
          ],
          [
            109.2163451,
            23.1946166
          ],
          [
            109.2167249,
            23.1945396
          ],
          [
            109.2171433,
            23.1947112
          ],
          [
            109.2174974,
            23.1950781
          ],
          [
            109.2180059,
            23.1957999
          ],
          [
            109.2187462,
            23.1965159
          ],
          [
            109.2191389,
            23.1966638
          ],
          [
            109.2193062,
            23.1969656
          ],
          [
            109.2203748,
            23.1976046
          ],
          [
            109.2222803,
            23.198214
          ],
          [
            109.2232974,
            23.1987939
          ],
          [
            109.2235034,
            23.1990246
          ],
          [
            109.223645,
            23.1994684
          ],
          [
            109.2239604,
            23.1996577
          ],
          [
            109.2253766,
            23.1997287
          ],
          [
            109.2266834,
            23.2004506
          ],
          [
            109.2275481,
            23.2003627
          ],
          [
            109.2276258,
            23.2018312
          ],
          [
            109.2279367,
            23.202375
          ],
          [
            109.2283254,
            23.2024901
          ],
          [
            109.2292106,
            23.2023908
          ],
          [
            109.2297979,
            23.2025298
          ],
          [
            109.2304931,
            23.2022757
          ],
          [
            109.2307609,
            23.202244
          ],
          [
            109.2309293,
            23.2023829
          ],
          [
            109.2317239,
            23.202113
          ],
          [
            109.2323284,
            23.2026052
          ],
          [
            109.233028,
            23.2029227
          ],
          [
            109.233313,
            23.2037721
          ],
          [
            109.2334857,
            23.2039149
          ],
          [
            109.2338873,
            23.2038276
          ],
          [
            109.2340341,
            23.2037086
          ],
          [
            109.2340428,
            23.2034109
          ],
          [
            109.2337664,
            23.2029465
          ],
          [
            109.2339175,
            23.2027163
          ],
          [
            109.2343364,
            23.2024623
          ],
          [
            109.234846,
            23.2023591
          ],
          [
            109.235606,
            23.2022638
          ],
          [
            109.2360637,
            23.2023591
          ],
          [
            109.2364006,
            23.202502
          ],
          [
            109.2366122,
            23.2026846
          ],
          [
            109.236854,
            23.2036093
          ],
          [
            109.2370742,
            23.2037086
          ],
          [
            109.2372599,
            23.2034863
          ],
          [
            109.2377738,
            23.2034069
          ],
          [
            109.2378817,
            23.2032878
          ],
          [
            109.2379983,
            23.2028909
          ],
          [
            109.2381365,
            23.2027639
          ],
          [
            109.2383697,
            23.2026965
          ],
          [
            109.2386331,
            23.2028116
          ],
          [
            109.2391297,
            23.2036331
          ],
          [
            109.2394147,
            23.2038078
          ],
          [
            109.239825,
            23.203784
          ],
          [
            109.240205,
            23.2036768
          ],
          [
            109.2406973,
            23.2034664
          ],
          [
            109.241237,
            23.2032362
          ],
          [
            109.2415566,
            23.2032402
          ],
          [
            109.2417768,
            23.2033593
          ],
          [
            109.2418761,
            23.2035101
          ],
          [
            109.2418977,
            23.2037363
          ],
          [
            109.2414357,
            23.2040142
          ],
          [
            109.241263,
            23.204038
          ],
          [
            109.2411895,
            23.2041531
          ],
          [
            109.2411852,
            23.2043634
          ],
          [
            109.2414659,
            23.2045063
          ],
          [
            109.2415393,
            23.2045539
          ],
          [
            109.241833,
            23.2046532
          ],
          [
            109.2417898,
            23.2050739
          ],
          [
            109.2418977,
            23.2052604
          ],
          [
            109.2422518,
            23.2053596
          ],
          [
            109.2426016,
            23.2053557
          ],
          [
            109.2427398,
            23.2054509
          ],
          [
            109.2426491,
            23.2056772
          ],
          [
            109.2430205,
            23.2060105
          ],
          [
            109.2430637,
            23.2063201
          ],
          [
            109.2428823,
            23.2068758
          ],
          [
            109.2431371,
            23.2074473
          ],
          [
            109.2435516,
            23.207864
          ],
          [
            109.2447867,
            23.2084236
          ],
          [
            109.2452617,
            23.2086102
          ],
          [
            109.2464924,
            23.2087689
          ],
          [
            109.2472006,
            23.2086657
          ],
          [
            109.2480168,
            23.2084316
          ],
          [
            109.2485954,
            23.2080386
          ],
          [
            109.2489581,
            23.2077449
          ],
          [
            109.2493857,
            23.2076179
          ],
          [
            109.250707,
            23.2076457
          ],
          [
            109.251195,
            23.2076934
          ],
          [
            109.2516096,
            23.207995
          ],
          [
            109.2518428,
            23.2085387
          ],
          [
            109.2522616,
            23.2086022
          ],
          [
            109.2525596,
            23.2084871
          ],
          [
            109.2526589,
            23.2084951
          ],
          [
            109.2526675,
            23.2087014
          ],
          [
            109.253121,
            23.2094595
          ],
          [
            109.2533455,
            23.2097333
          ],
          [
            109.2533542,
            23.2102532
          ],
          [
            109.2541962,
            23.2104358
          ],
          [
            109.254546,
            23.2101501
          ],
          [
            109.2549001,
            23.209388
          ],
          [
            109.2558933,
            23.208884
          ],
          [
            109.2560531,
            23.2085467
          ],
          [
            109.2563899,
            23.2084752
          ],
          [
            109.256066,
            23.207483
          ],
          [
            109.256066,
            23.206971
          ],
          [
            109.2565065,
            23.2067488
          ],
          [
            109.2570204,
            23.2068043
          ],
          [
            109.2574263,
            23.2070266
          ],
          [
            109.2578766,
            23.2069551
          ]
        ]
      }
    },
    {
      "type": "Feature",
      "properties": {
        "feature_id": "WY087",
        "name": null,
        "name_raw": "未记录",
        "name_missing": true,
        "category": "溪流",
        "osm_id": "1461438083"
      },
      "geometry": {
        "type": "LineString",
        "coordinates": [
          [
            109.2433618,
            23.185095
          ],
          [
            109.2419004,
            23.185651
          ],
          [
            109.2417327,
            23.1857971
          ],
          [
            109.2418165,
            23.1861218
          ],
          [
            109.2432338,
            23.1878223
          ],
          [
            109.2431676,
            23.1891819
          ],
          [
            109.245044,
            23.188983
          ],
          [
            109.245437,
            23.1891575
          ],
          [
            109.2456798,
            23.1895106
          ],
          [
            109.2455518,
            23.189957
          ],
          [
            109.2451897,
            23.1904035
          ],
          [
            109.2440197,
            23.1915682
          ],
          [
            109.2437636,
            23.1921283
          ],
          [
            109.2439358,
            23.1924205
          ],
          [
            109.2446599,
            23.1923231
          ],
          [
            109.2451367,
            23.1924732
          ],
          [
            109.2458299,
            23.1928994
          ],
          [
            109.2465275,
            23.1934716
          ],
          [
            109.2469293,
            23.1940073
          ],
          [
            109.2473311,
            23.1941777
          ],
          [
            109.2479933,
            23.1940681
          ],
          [
            109.2481788,
            23.1941899
          ],
          [
            109.248245,
            23.1944009
          ],
          [
            109.248373,
            23.1948392
          ],
          [
            109.2494018,
            23.1955332
          ],
          [
            109.250064,
            23.195732
          ],
          [
            109.2509735,
            23.1960689
          ],
          [
            109.2512473,
            23.1963692
          ],
          [
            109.2514548,
            23.1969495
          ],
          [
            109.2515078,
            23.1975095
          ],
          [
            109.2513842,
            23.1982725
          ],
          [
            109.2516358,
            23.1987513
          ],
          [
            109.2521127,
            23.1992951
          ],
          [
            109.2526778,
            23.1997009
          ],
          [
            109.253212,
            23.2006018
          ],
          [
            109.253605,
            23.2009792
          ],
          [
            109.2535034,
            23.2013607
          ],
          [
            109.2532341,
            23.2015433
          ],
          [
            109.2534946,
            23.2021845
          ],
          [
            109.2540244,
            23.2029515
          ],
          [
            109.2547882,
            23.2033978
          ],
          [
            109.2556757,
            23.2034141
          ],
          [
            109.2564925,
            23.2032233
          ],
          [
            109.2570002,
            23.2032964
          ],
          [
            109.258519,
            23.2037144
          ],
          [
            109.2593623,
            23.2037103
          ],
          [
            109.2602144,
            23.2038199
          ],
          [
            109.260837,
            23.204039
          ],
          [
            109.2614639,
            23.2041242
          ],
          [
            109.2624223,
            23.2044118
          ]
        ]
      }
    },
    {
      "type": "Feature",
      "properties": {
        "feature_id": "WY088",
        "name": null,
        "name_raw": "未记录",
        "name_missing": true,
        "category": "排水沟",
        "osm_id": "1461438098"
      },
      "geometry": {
        "type": "LineString",
        "coordinates": [
          [
            109.1823388,
            23.2106524
          ],
          [
            109.182042,
            23.2109027
          ],
          [
            109.1819729,
            23.2109887
          ],
          [
            109.1818998,
            23.211183
          ],
          [
            109.1818103,
            23.2113772
          ],
          [
            109.1818144,
            23.2116276
          ],
          [
            109.1814973,
            23.2121058
          ],
          [
            109.181416,
            23.212132
          ],
          [
            109.181359,
            23.2122105
          ],
          [
            109.1813021,
            23.2123263
          ],
          [
            109.1811436,
            23.2124533
          ],
          [
            109.1809932,
            23.2126812
          ]
        ]
      }
    },
    {
      "type": "Feature",
      "properties": {
        "feature_id": "WY089",
        "name": null,
        "name_raw": "未记录",
        "name_missing": true,
        "category": "排水沟",
        "osm_id": "1461438099"
      },
      "geometry": {
        "type": "LineString",
        "coordinates": [
          [
            109.1809932,
            23.2126812
          ],
          [
            109.1809128,
            23.2127529
          ]
        ]
      }
    },
    {
      "type": "Feature",
      "properties": {
        "feature_id": "WY090",
        "name": null,
        "name_raw": "未记录",
        "name_missing": true,
        "category": "排水沟",
        "osm_id": "1489338174"
      },
      "geometry": {
        "type": "LineString",
        "coordinates": [
          [
            109.1205154,
            23.2169098
          ],
          [
            109.1220776,
            23.2103531
          ],
          [
            109.1223979,
            23.2089387
          ]
        ]
      }
    },
    {
      "type": "Feature",
      "properties": {
        "feature_id": "WY091",
        "name": null,
        "name_raw": "未记录",
        "name_missing": true,
        "category": "排水沟",
        "osm_id": "1489338175"
      },
      "geometry": {
        "type": "LineString",
        "coordinates": [
          [
            109.1226036,
            23.2078361
          ],
          [
            109.1226146,
            23.2076684
          ]
        ]
      }
    },
    {
      "type": "Feature",
      "properties": {
        "feature_id": "WY092",
        "name": null,
        "name_raw": "未记录",
        "name_missing": true,
        "category": "排水沟",
        "osm_id": "1489338176"
      },
      "geometry": {
        "type": "LineString",
        "coordinates": [
          [
            109.1224365,
            23.2086781
          ],
          [
            109.1226036,
            23.2078361
          ]
        ]
      }
    },
    {
      "type": "Feature",
      "properties": {
        "feature_id": "WY093",
        "name": null,
        "name_raw": "未记录",
        "name_missing": true,
        "category": "排水沟",
        "osm_id": "1489338177"
      },
      "geometry": {
        "type": "LineString",
        "coordinates": [
          [
            109.1223979,
            23.2089387
          ],
          [
            109.1224365,
            23.2086781
          ]
        ]
      }
    },
    {
      "type": "Feature",
      "properties": {
        "feature_id": "WY094",
        "name": null,
        "name_raw": "未记录",
        "name_missing": true,
        "category": "排水沟",
        "osm_id": "1489338178"
      },
      "geometry": {
        "type": "LineString",
        "coordinates": [
          [
            109.1213179,
            23.2002668
          ],
          [
            109.1204194,
            23.1943031
          ],
          [
            109.1204238,
            23.1940343
          ],
          [
            109.1204997,
            23.1937195
          ],
          [
            109.1207005,
            23.1930499
          ]
        ]
      }
    },
    {
      "type": "Feature",
      "properties": {
        "feature_id": "WY095",
        "name": null,
        "name_raw": "未记录",
        "name_missing": true,
        "category": "排水沟",
        "osm_id": "1489338179"
      },
      "geometry": {
        "type": "LineString",
        "coordinates": [
          [
            109.1213758,
            23.2006987
          ],
          [
            109.1213179,
            23.2002668
          ]
        ]
      }
    },
    {
      "type": "Feature",
      "properties": {
        "feature_id": "WY096",
        "name": null,
        "name_raw": "未记录",
        "name_missing": true,
        "category": "排水沟",
        "osm_id": "1489338180"
      },
      "geometry": {
        "type": "LineString",
        "coordinates": [
          [
            109.1215622,
            23.2018192
          ],
          [
            109.1213758,
            23.2006987
          ]
        ]
      }
    },
    {
      "type": "Feature",
      "properties": {
        "feature_id": "WY097",
        "name": null,
        "name_raw": "未记录",
        "name_missing": true,
        "category": "排水沟",
        "osm_id": "1489338181"
      },
      "geometry": {
        "type": "LineString",
        "coordinates": [
          [
            109.1215986,
            23.2019699
          ],
          [
            109.1215888,
            23.2019294
          ],
          [
            109.1215622,
            23.2018192
          ]
        ]
      }
    },
    {
      "type": "Feature",
      "properties": {
        "feature_id": "WY098",
        "name": null,
        "name_raw": "未记录",
        "name_missing": true,
        "category": "排水沟",
        "osm_id": "1489338182"
      },
      "geometry": {
        "type": "LineString",
        "coordinates": [
          [
            109.1218438,
            23.20253
          ],
          [
            109.1215986,
            23.2019699
          ]
        ]
      }
    },
    {
      "type": "Feature",
      "properties": {
        "feature_id": "WY099",
        "name": null,
        "name_raw": "未记录",
        "name_missing": true,
        "category": "排水沟",
        "osm_id": "1489338183"
      },
      "geometry": {
        "type": "LineString",
        "coordinates": [
          [
            109.1218898,
            23.2026255
          ],
          [
            109.1218438,
            23.20253
          ]
        ]
      }
    },
    {
      "type": "Feature",
      "properties": {
        "feature_id": "WY100",
        "name": null,
        "name_raw": "未记录",
        "name_missing": true,
        "category": "排水沟",
        "osm_id": "1536112037"
      },
      "geometry": {
        "type": "LineString",
        "coordinates": [
          [
            109.1404875,
            22.9778748
          ],
          [
            109.1408213,
            22.9770576
          ],
          [
            109.1407758,
            22.975975
          ],
          [
            109.1405102,
            22.9752346
          ],
          [
            109.140313,
            22.975074
          ],
          [
            109.1402827,
            22.9747946
          ],
          [
            109.1409427,
            22.9740402
          ],
          [
            109.1412158,
            22.9740263
          ],
          [
            109.1415875,
            22.9737608
          ],
          [
            109.1420427,
            22.9729576
          ],
          [
            109.1425267,
            22.9725536
          ],
          [
            109.1434387,
            22.9725685
          ],
          [
            109.1439537,
            22.9724499
          ],
          [
            109.1444043,
            22.9725783
          ],
          [
            109.1461585,
            22.9729784
          ],
          [
            109.1468076,
            22.9728253
          ],
          [
            109.1476122,
            22.9727956
          ],
          [
            109.1480414,
            22.9726376
          ],
          [
            109.1483471,
            22.9718424
          ],
          [
            109.148551,
            22.9711954
          ],
          [
            109.1497097,
            22.9702669
          ]
        ]
      }
    },
    {
      "type": "Feature",
      "properties": {
        "feature_id": "WY101",
        "name": null,
        "name_raw": "未记录",
        "name_missing": true,
        "category": "溪流",
        "osm_id": "1536112038"
      },
      "geometry": {
        "type": "LineString",
        "coordinates": [
          [
            109.1548661,
            22.9791466
          ],
          [
            109.1547353,
            22.9784364
          ],
          [
            109.1554345,
            22.9775643
          ],
          [
            109.1555021,
            22.9761149
          ],
          [
            109.1555783,
            22.9747356
          ],
          [
            109.1554316,
            22.9744478
          ],
          [
            109.153454,
            22.972627
          ],
          [
            109.1526948,
            22.9719868
          ],
          [
            109.152446,
            22.9715111
          ],
          [
            109.1527012,
            22.971094
          ],
          [
            109.1532435,
            22.9708474
          ],
          [
            109.1545002,
            22.9710647
          ],
          [
            109.1552593,
            22.9704656
          ],
          [
            109.1558845,
            22.9696315
          ],
          [
            109.1559419,
            22.9689972
          ],
          [
            109.1572625,
            22.9682101
          ],
          [
            109.1588254,
            22.9676874
          ],
          [
            109.1593485,
            22.9672762
          ],
          [
            109.1602799,
            22.9670589
          ],
          [
            109.1606308,
            22.9663423
          ],
          [
            109.1603179,
            22.9648637
          ],
          [
            109.1599119,
            22.964141
          ],
          [
            109.1585857,
            22.9635927
          ],
          [
            109.1579452,
            22.963626
          ],
          [
            109.1577106,
            22.9633269
          ],
          [
            109.157864,
            22.9629199
          ],
          [
            109.1588564,
            22.9625211
          ],
          [
            109.1589827,
            22.961001
          ],
          [
            109.1585586,
            22.9602533
          ],
          [
            109.1580083,
            22.9594808
          ],
          [
            109.1569798,
            22.9590986
          ],
          [
            109.1563754,
            22.9586584
          ],
          [
            109.1553018,
            22.9585587
          ],
          [
            109.1547604,
            22.9586085
          ],
          [
            109.1530102,
            22.9573541
          ],
          [
            109.1526854,
            22.9572046
          ],
          [
            109.1528027,
            22.9567228
          ],
          [
            109.1522975,
            22.9558837
          ],
          [
            109.1515577,
            22.9554601
          ],
          [
            109.1518193,
            22.955053
          ],
          [
            109.1515642,
            22.954778
          ]
        ]
      }
    }
  ]
}
