feature_id,polygon_id,ring_id,vertex_index,name,category,osm_id,lon_deg,lat_deg,name_raw,name_missing,source_csv_row
WS001,1,1,1,,一般水体,387829312,109.0568256,22.8872183,未记录,True,2
WS001,1,1,2,,一般水体,387829312,109.0562078,22.8867344,未记录,True,3
WS001,1,1,3,,一般水体,387829312,109.0559838,22.8871258,未记录,True,4
WS001,1,1,4,,一般水体,387829312,109.0556671,22.8875029,未记录,True,5
WS001,1,1,5,,一般水体,387829312,109.0552655,22.8877021,未记录,True,6
WS001,1,1,6,,一般水体,387829312,109.0552732,22.8878515,未记录,True,7
WS001,1,1,7,,一般水体,387829312,109.0553427,22.8879227,未记录,True,8
WS001,1,1,8,,一般水体,387829312,109.0558834,22.8878231,未记录,True,9
WS001,1,1,9,,一般水体,387829312,109.0561151,22.8878942,未记录,True,10
WS001,1,1,10,,一般水体,387829312,109.0564317,22.8880223,未记录,True,11
WS001,1,1,11,,一般水体,387829312,109.0565785,22.8880579,未记录,True,12
WS001,1,1,12,,一般水体,387829312,109.0569338,22.8884136,未记录,True,13
WS001,1,1,13,,一般水体,387829312,109.0570882,22.8883709,未记录,True,14
WS001,1,1,14,,一般水体,387829312,109.0573431,22.8882002,未记录,True,15
WS001,1,1,15,,一般水体,387829312,109.057374,22.8880863,未记录,True,16
WS001,1,1,16,,一般水体,387829312,109.0572118,22.8879227,未记录,True,17
WS001,1,1,17,,一般水体,387829312,109.056872,22.8879298,未记录,True,18
WS001,1,1,18,,一般水体,387829312,109.0566326,22.8877519,未记录,True,19
WS001,1,1,19,,一般水体,387829312,109.0565785,22.88751,未记录,True,20
WS001,1,1,20,,一般水体,387829312,109.0566171,22.8873961,未记录,True,21
WS001,1,1,21,,一般水体,387829312,109.0568256,22.8872183,未记录,True,22
WS002,1,1,1,,一般水体,387841468,109.0610081,22.8987419,未记录,True,23
WS002,1,1,2,,一般水体,387841468,109.0609153,22.8983714,未记录,True,24
WS002,1,1,3,,一般水体,387841468,109.0607143,22.8980723,未记录,True,25
WS002,1,1,4,,一般水体,387841468,109.060521,22.8979868,未记录,True,26
WS002,1,1,5,,一般水体,387841468,109.0603045,22.8979583,未记录,True,27
WS002,1,1,6,,一般水体,387841468,109.0600957,22.8978158,未记录,True,28
WS002,1,1,7,,一般水体,387841468,109.0595544,22.8978799,未记录,True,29
WS002,1,1,8,,一般水体,387841468,109.0594848,22.8980224,未记录,True,30
WS002,1,1,9,,一般水体,387841468,109.059624,22.898286,未记录,True,31
WS002,1,1,10,,一般水体,387841468,109.0602658,22.8985495,未记录,True,32
WS002,1,1,11,,一般水体,387841468,109.0604514,22.8985139,未记录,True,33
WS002,1,1,12,,一般水体,387841468,109.0605596,22.8985994,未记录,True,34
WS002,1,1,13,,一般水体,387841468,109.0605828,22.8987062,未记录,True,35
WS002,1,1,14,,一般水体,387841468,109.0607684,22.8987917,未记录,True,36
WS002,1,1,15,,一般水体,387841468,109.0610081,22.8987419,未记录,True,37
WS003,1,1,1,,一般水体,387841470,109.062864,22.89627,未记录,True,38
WS003,1,1,2,,一般水体,387841470,109.0622222,22.8966333,未记录,True,39
WS003,1,1,3,,一般水体,387841470,109.0625624,22.8974027,未记录,True,40
WS003,1,1,4,,一般水体,387841470,109.062949,22.8978301,未记录,True,41
WS003,1,1,5,,一般水体,387841470,109.0629181,22.8981506,未记录,True,42
WS003,1,1,6,,一般水体,387841470,109.0630805,22.8983643,未记录,True,43
WS003,1,1,7,,一般水体,387841470,109.0633589,22.8983501,未记录,True,44
WS003,1,1,8,,一般水体,387841470,109.0637842,22.8981934,未记录,True,45
WS003,1,1,9,,一般水体,387841470,109.0639466,22.8982076,未记录,True,46
WS003,1,1,10,,一般水体,387841470,109.0641322,22.8977517,未记录,True,47
WS003,1,1,11,,一般水体,387841470,109.0641708,22.8974525,未记录,True,48
WS003,1,1,12,,一般水体,387841470,109.0639388,22.8971747,未记录,True,49
WS003,1,1,13,,一般水体,387841470,109.0637764,22.896904,未记录,True,50
WS003,1,1,14,,一般水体,387841470,109.0633434,22.8967687,未记录,True,51
WS003,1,1,15,,一般水体,387841470,109.0631424,22.8964552,未记录,True,52
WS003,1,1,16,,一般水体,387841470,109.0629413,22.8963911,未记录,True,53
WS003,1,1,17,,一般水体,387841470,109.062864,22.89627,未记录,True,54
WS004,1,1,1,,一般水体,387841471,109.1289534,22.8912099,未记录,True,55
WS004,1,1,2,,一般水体,387841471,109.1291619,22.8912597,未记录,True,56
WS004,1,1,3,,一般水体,387841471,109.1294168,22.8913949,未记录,True,57
WS004,1,1,4,,一般水体,387841471,109.130691,22.8918645,未记录,True,58
WS004,1,1,5,,一般水体,387841471,109.130969,22.8917435,未记录,True,59
WS004,1,1,6,,一般水体,387841471,109.1311698,22.8916439,未记录,True,60
WS004,1,1,7,,一般水体,387841471,109.1311544,22.8914589,未记录,True,61
WS004,1,1,8,,一般水体,387841471,109.1312548,22.8913878,未记录,True,62
WS004,1,1,9,,一般水体,387841471,109.1314633,22.8913736,未记录,True,63
WS004,1,1,10,,一般水体,387841471,109.1313243,22.8910819,未记录,True,64
WS004,1,1,11,,一般水体,387841471,109.131332,22.8908613,未记录,True,65
WS004,1,1,12,,一般水体,387841471,109.1300191,22.8901427,未记录,True,66
WS004,1,1,13,,一般水体,387841471,109.129355,22.8897301,未记录,True,67
WS004,1,1,14,,一般水体,387841471,109.1292391,22.8897799,未记录,True,68
WS004,1,1,15,,一般水体,387841471,109.1290847,22.8903989,未记录,True,69
WS004,1,1,16,,一般水体,387841471,109.1290692,22.890655,未记录,True,70
WS004,1,1,17,,一般水体,387841471,109.1289534,22.8912099,未记录,True,71
WS005,1,1,1,,一般水体,387841473,109.1202664,22.8776283,未记录,True,72
WS005,1,1,2,,一般水体,387841473,109.1203308,22.8776283,未记录,True,73
WS005,1,1,3,,一般水体,387841473,109.120363,22.8775591,未记录,True,74
WS005,1,1,4,,一般水体,387841473,109.1202772,22.87748,未记录,True,75
WS005,1,1,5,,一般水体,387841473,109.1202557,22.8772428,未记录,True,76
WS005,1,1,6,,一般水体,387841473,109.1202128,22.877223,未记录,True,77
WS005,1,1,7,,一般水体,387841473,109.1201806,22.8771538,未记录,True,78
WS005,1,1,8,,一般水体,387841473,109.1199875,22.8771933,未记录,True,79
WS005,1,1,9,,一般水体,387841473,109.1196227,22.877134,未记录,True,80
WS005,1,1,10,,一般水体,387841473,109.1193223,22.877134,未记录,True,81
WS005,1,1,11,,一般水体,387841473,109.1187,22.8770154,未记录,True,82
WS005,1,1,12,,一般水体,387841473,109.1186357,22.8769759,未记录,True,83
WS005,1,1,13,,一般水体,387841473,109.1186464,22.8768276,未记录,True,84
WS005,1,1,14,,一般水体,387841473,109.1186249,22.8768078,未记录,True,85
WS005,1,1,15,,一般水体,387841473,109.1186893,22.8766892,未记录,True,86
WS005,1,1,16,,一般水体,387841473,109.1186464,22.8766497,未记录,True,87
WS005,1,1,17,,一般水体,387841473,109.1186464,22.8765706,未记录,True,88
WS005,1,1,18,,一般水体,387841473,109.1185284,22.8765805,未记录,True,89
WS005,1,1,19,,一般水体,387841473,109.1185069,22.8765014,未记录,True,90
WS005,1,1,20,,一般水体,387841473,109.1183352,22.8764025,未记录,True,91
WS005,1,1,21,,一般水体,387841473,109.1179276,22.8760269,未记录,True,92
WS005,1,1,22,,一般水体,387841473,109.1177988,22.8759874,未记录,True,93
WS005,1,1,23,,一般水体,387841473,109.1176271,22.8758292,未记录,True,94
WS005,1,1,24,,一般水体,387841473,109.1175628,22.8758094,未记录,True,95
WS005,1,1,25,,一般水体,387841473,109.1174018,22.8756216,未记录,True,96
WS005,1,1,26,,一般水体,387841473,109.1174448,22.8755623,未记录,True,97
WS005,1,1,27,,一般水体,387841473,109.1173697,22.8755129,未记录,True,98
WS005,1,1,28,,一般水体,387841473,109.1171765,22.8756117,未记录,True,99
WS005,1,1,29,,一般水体,387841473,109.1171122,22.875592,未记录,True,100
WS005,1,1,30,,一般水体,387841473,109.1170478,22.8756513,未记录,True,101
WS005,1,1,31,,一般水体,387841473,109.1168761,22.8756117,未记录,True,102
WS005,1,1,32,,一般水体,387841473,109.1167474,22.8757699,未记录,True,103
WS005,1,1,33,,一般水体,387841473,109.1165328,22.8758688,未记录,True,104
WS005,1,1,34,,一般水体,387841473,109.1162968,22.8760862,未记录,True,105
WS005,1,1,35,,一般水体,387841473,109.1160822,22.8762048,未记录,True,106
WS005,1,1,36,,一般水体,387841473,109.1158676,22.8762048,未记录,True,107
WS005,1,1,37,,一般水体,387841473,109.115653,22.8761653,未记录,True,108
WS005,1,1,38,,一般水体,387841473,109.1156209,22.8761357,未记录,True,109
WS005,1,1,39,,一般水体,387841473,109.1156209,22.876017,未记录,True,110
WS005,1,1,40,,一般水体,387841473,109.1155458,22.8759478,未记录,True,111
WS005,1,1,41,,一般水体,387841473,109.115417,22.8759478,未记录,True,112
WS005,1,1,42,,一般水体,387841473,109.1153419,22.8758984,未记录,True,113
WS005,1,1,43,,一般水体,387841473,109.1153097,22.8758292,未记录,True,114
WS005,1,1,44,,一般水体,387841473,109.1152024,22.8758094,未记录,True,115
WS005,1,1,45,,一般水体,387841473,109.1151702,22.8758786,未记录,True,116
WS005,1,1,46,,一般水体,387841473,109.1150951,22.8759281,未记录,True,117
WS005,1,1,47,,一般水体,387841473,109.1148162,22.8759281,未记录,True,118
WS005,1,1,48,,一般水体,387841473,109.114666,22.8760071,未记录,True,119
WS005,1,1,49,,一般水体,387841473,109.11443,22.8760071,未记录,True,120
WS005,1,1,50,,一般水体,387841473,109.1143227,22.8759281,未记录,True,121
WS005,1,1,51,,一般水体,387841473,109.1141725,22.8759083,未记录,True,122
WS005,1,1,52,,一般水体,387841473,109.1141617,22.8758391,未记录,True,123
WS005,1,1,53,,一般水体,387841473,109.1140866,22.8758094,未记录,True,124
WS005,1,1,54,,一般水体,387841473,109.1140437,22.875849,未记录,True,125
WS005,1,1,55,,一般水体,387841473,109.1139364,22.8758688,未记录,True,126
WS005,1,1,56,,一般水体,387841473,109.1132927,22.875849,未记录,True,127
WS005,1,1,57,,一般水体,387841473,109.1129065,22.8761851,未记录,True,128
WS005,1,1,58,,一般水体,387841473,109.1127777,22.8762048,未记录,True,129
WS005,1,1,59,,一般水体,387841473,109.1125202,22.8763432,未记录,True,130
WS005,1,1,60,,一般水体,387841473,109.1124558,22.8762246,未记录,True,131
WS005,1,1,61,,一般水体,387841473,109.1123056,22.8762048,未记录,True,132
WS005,1,1,62,,一般水体,387841473,109.1121554,22.8762642,未记录,True,133
WS005,1,1,63,,一般水体,387841473,109.1121125,22.8763432,未记录,True,134
WS005,1,1,64,,一般水体,387841473,109.1120052,22.876363,未记录,True,135
WS005,1,1,65,,一般水体,387841473,109.1115654,22.8768078,未记录,True,136
WS005,1,1,66,,一般水体,387841473,109.1113508,22.8770846,未记录,True,137
WS005,1,1,67,,一般水体,387841473,109.1112864,22.8771241,未记录,True,138
WS005,1,1,68,,一般水体,387841473,109.1112649,22.8771835,未记录,True,139
WS005,1,1,69,,一般水体,387841473,109.1113293,22.8772428,未记录,True,140
WS005,1,1,70,,一般水体,387841473,109.1113079,22.8772823,未记录,True,141
WS005,1,1,71,,一般水体,387841473,109.1113508,22.8773614,未记录,True,142
WS005,1,1,72,,一般水体,387841473,109.1113508,22.8774405,未记录,True,143
WS005,1,1,73,,一般水体,387841473,109.1112328,22.8774503,未记录,True,144
WS005,1,1,74,,一般水体,387841473,109.1112006,22.8774998,未记录,True,145
WS005,1,1,75,,一般水体,387841473,109.1112435,22.8775393,未记录,True,146
WS005,1,1,76,,一般水体,387841473,109.1112006,22.8776975,未记录,True,147
WS005,1,1,77,,一般水体,387841473,109.1112757,22.8777667,未记录,True,148
WS005,1,1,78,,一般水体,387841473,109.1115117,22.8777271,未记录,True,149
WS005,1,1,79,,一般水体,387841473,109.1117907,22.8777469,未记录,True,150
WS005,1,1,80,,一般水体,387841473,109.1118336,22.8777074,未记录,True,151
WS005,1,1,81,,一般水体,387841473,109.1118979,22.8777074,未记录,True,152
WS005,1,1,82,,一般水体,387841473,109.1120481,22.8777469,未记录,True,153
WS005,1,1,83,,一般水体,387841473,109.1121769,22.8778457,未记录,True,154
WS005,1,1,84,,一般水体,387841473,109.1121984,22.877826,未记录,True,155
WS005,1,1,85,,一般水体,387841473,109.1122305,22.8778556,未记录,True,156
WS005,1,1,86,,一般水体,387841473,109.112252,22.8782313,未记录,True,157
WS005,1,1,87,,一般水体,387841473,109.1120374,22.878429,未记录,True,158
WS005,1,1,88,,一般水体,387841473,109.1119945,22.8785476,未记录,True,159
WS005,1,1,89,,一般水体,387841473,109.1118443,22.8787453,未记录,True,160
WS005,1,1,90,,一般水体,387841473,109.1118443,22.8788046,未记录,True,161
WS005,1,1,91,,一般水体,387841473,109.1117585,22.8789034,未记录,True,162
WS005,1,1,92,,一般水体,387841473,109.111737,22.8791407,未记录,True,163
WS005,1,1,93,,一般水体,387841473,109.1117799,22.8792593,未记录,True,164
WS005,1,1,94,,一般水体,387841473,109.1117799,22.8793779,未记录,True,165
WS005,1,1,95,,一般水体,387841473,109.111855,22.8794669,未记录,True,166
WS005,1,1,96,,一般水体,387841473,109.1120267,22.8795064,未记录,True,167
WS005,1,1,97,,一般水体,387841473,109.1121554,22.8795855,未记录,True,168
WS005,1,1,98,,一般水体,387841473,109.1122198,22.8795855,未记录,True,169
WS005,1,1,99,,一般水体,387841473,109.1122413,22.8795459,未记录,True,170
WS005,1,1,100,,一般水体,387841473,109.1123056,22.8795657,未记录,True,171
WS005,1,1,101,,一般水体,387841473,109.1123593,22.879457,未记录,True,172
WS005,1,1,102,,一般水体,387841473,109.112488,22.8793581,未记录,True,173
WS005,1,1,103,,一般水体,387841473,109.112488,22.8793186,未记录,True,174
WS005,1,1,104,,一般水体,387841473,109.1125524,22.8792593,未记录,True,175
WS005,1,1,105,,一般水体,387841473,109.1125095,22.8791604,未记录,True,176
WS005,1,1,106,,一般水体,387841473,109.1124237,22.8790813,未记录,True,177
WS005,1,1,107,,一般水体,387841473,109.1124773,22.8790715,未记录,True,178
WS005,1,1,108,,一般水体,387841473,109.1125846,22.8791308,未记录,True,179
WS005,1,1,109,,一般水体,387841473,109.112649,22.8791308,未记录,True,180
WS005,1,1,110,,一般水体,387841473,109.1129279,22.8788342,未记录,True,181
WS005,1,1,111,,一般水体,387841473,109.1130137,22.8788342,未记录,True,182
WS005,1,1,112,,一般水体,387841473,109.113121,22.8787749,未记录,True,183
WS005,1,1,113,,一般水体,387841473,109.1133785,22.8787749,未记录,True,184
WS005,1,1,114,,一般水体,387841473,109.1135931,22.878854,未记录,True,185
WS005,1,1,115,,一般水体,387841473,109.1137433,22.8789924,未记录,True,186
WS005,1,1,116,,一般水体,387841473,109.1138291,22.8789726,未记录,True,187
WS005,1,1,117,,一般水体,387841473,109.1138935,22.8789133,未记录,True,188
WS005,1,1,118,,一般水体,387841473,109.1141617,22.8787848,未记录,True,189
WS005,1,1,119,,一般水体,387841473,109.1141617,22.8786464,未记录,True,190
WS005,1,1,120,,一般水体,387841473,109.1137969,22.8783301,未记录,True,191
WS005,1,1,121,,一般水体,387841473,109.1136789,22.8781818,未记录,True,192
WS005,1,1,122,,一般水体,387841473,109.1135716,22.8781818,未记录,True,193
WS005,1,1,123,,一般水体,387841473,109.1134858,22.8782411,未记录,True,194
WS005,1,1,124,,一般水体,387841473,109.1134,22.8782411,未记录,True,195
WS005,1,1,125,,一般水体,387841473,109.1133034,22.8781126,未记录,True,196
WS005,1,1,126,,一般水体,387841473,109.1130674,22.8778952,未记录,True,197
WS005,1,1,127,,一般水体,387841473,109.1130459,22.8777766,未记录,True,198
WS005,1,1,128,,一般水体,387841473,109.1129386,22.8776382,未记录,True,199
WS005,1,1,129,,一般水体,387841473,109.1129386,22.8775195,未记录,True,200
WS005,1,1,130,,一般水体,387841473,109.1128957,22.8774207,未记录,True,201
WS005,1,1,131,,一般水体,387841473,109.1128957,22.8772428,未记录,True,202
WS005,1,1,132,,一般水体,387841473,109.1129494,22.8771933,未记录,True,203
WS005,1,1,133,,一般水体,387841473,109.1130352,22.8771736,未记录,True,204
WS005,1,1,134,,一般水体,387841473,109.1132712,22.8771538,未记录,True,205
WS005,1,1,135,,一般水体,387841473,109.1134858,22.8771736,未记录,True,206
WS005,1,1,136,,一般水体,387841473,109.1135716,22.8771933,未记录,True,207
WS005,1,1,137,,一般水体,387841473,109.113636,22.8772527,未记录,True,208
WS005,1,1,138,,一般水体,387841473,109.1137433,22.8772724,未记录,True,209
WS005,1,1,139,,一般水体,387841473,109.113915,22.8772724,未记录,True,210
WS005,1,1,140,,一般水体,387841473,109.1140437,22.8772131,未记录,True,211
WS005,1,1,141,,一般水体,387841473,109.114151,22.8772131,未记录,True,212
WS005,1,1,142,,一般水体,387841473,109.1141939,22.8771736,未记录,True,213
WS005,1,1,143,,一般水体,387841473,109.1145802,22.8772329,未记录,True,214
WS005,1,1,144,,一般水体,387841473,109.1147733,22.8773713,未记录,True,215
WS005,1,1,145,,一般水体,387841473,109.1149235,22.8774108,未记录,True,216
WS005,1,1,146,,一般水体,387841473,109.1151488,22.8775591,未记录,True,217
WS005,1,1,147,,一般水体,387841473,109.1151702,22.8775986,未记录,True,218
WS005,1,1,148,,一般水体,387841473,109.1151488,22.8776579,未记录,True,219
WS005,1,1,149,,一般水体,387841473,109.11502,22.8777963,未记录,True,220
WS005,1,1,150,,一般水体,387841473,109.1148698,22.8778556,未记录,True,221
WS005,1,1,151,,一般水体,387841473,109.1148698,22.8779545,未记录,True,222
WS005,1,1,152,,一般水体,387841473,109.1149127,22.8780138,未记录,True,223
WS005,1,1,153,,一般水体,387841473,109.1148913,22.8781719,未记录,True,224
WS005,1,1,154,,一般水体,387841473,109.1150093,22.8782214,未记录,True,225
WS005,1,1,155,,一般水体,387841473,109.1151166,22.8783202,未记录,True,226
WS005,1,1,156,,一般水体,387841473,109.1151917,22.8783301,未记录,True,227
WS005,1,1,157,,一般水体,387841473,109.1151702,22.878429,未记录,True,228
WS005,1,1,158,,一般水体,387841473,109.1154814,22.8787156,未记录,True,229
WS005,1,1,159,,一般水体,387841473,109.1158462,22.8785575,未记录,True,230
WS005,1,1,160,,一般水体,387841473,109.1160071,22.8784092,未记录,True,231
WS005,1,1,161,,一般水体,387841473,109.1160071,22.8783301,未记录,True,232
WS005,1,1,162,,一般水体,387841473,109.1161895,22.8782609,未记录,True,233
WS005,1,1,163,,一般水体,387841473,109.1162109,22.8782016,未记录,True,234
WS005,1,1,164,,一般水体,387841473,109.1163611,22.8782214,未记录,True,235
WS005,1,1,165,,一般水体,387841473,109.1164041,22.8782016,未记录,True,236
WS005,1,1,166,,一般水体,387841473,109.116447,22.8782411,未记录,True,237
WS005,1,1,167,,一般水体,387841473,109.1165972,22.8782609,未记录,True,238
WS005,1,1,168,,一般水体,387841473,109.1166937,22.8783499,未记录,True,239
WS005,1,1,169,,一般水体,387841473,109.1167581,22.8784487,未记录,True,240
WS005,1,1,170,,一般水体,387841473,109.1167152,22.8785278,未记录,True,241
WS005,1,1,171,,一般水体,387841473,109.1167367,22.8786266,未记录,True,242
WS005,1,1,172,,一般水体,387841473,109.1168547,22.8787551,未记录,True,243
WS005,1,1,173,,一般水体,387841473,109.1170263,22.8787749,未记录,True,244
WS005,1,1,174,,一般水体,387841473,109.1171122,22.8788342,未记录,True,245
WS005,1,1,175,,一般水体,387841473,109.117198,22.8788342,未记录,True,246
WS005,1,1,176,,一般水体,387841473,109.1172409,22.8789133,未记录,True,247
WS005,1,1,177,,一般水体,387841473,109.1173053,22.8788935,未记录,True,248
WS005,1,1,178,,一般水体,387841473,109.117316,22.878943,未记录,True,249
WS005,1,1,179,,一般水体,387841473,109.1174126,22.8790319,未记录,True,250
WS005,1,1,180,,一般水体,387841473,109.1174769,22.8790517,未记录,True,251
WS005,1,1,181,,一般水体,387841473,109.1176057,22.8789528,未记录,True,252
WS005,1,1,182,,一般水体,387841473,109.1176915,22.8789924,未记录,True,253
WS005,1,1,183,,一般水体,387841473,109.1178203,22.8789924,未记录,True,254
WS005,1,1,184,,一般水体,387841473,109.1179168,22.8789232,未记录,True,255
WS005,1,1,185,,一般水体,387841473,109.1179168,22.8788639,未记录,True,256
WS005,1,1,186,,一般水体,387841473,109.117949,22.8788342,未记录,True,257
WS005,1,1,187,,一般水体,387841473,109.1180563,22.8788342,未记录,True,258
WS005,1,1,188,,一般水体,387841473,109.1180992,22.8787947,未记录,True,259
WS005,1,1,189,,一般水体,387841473,109.1183782,22.8788145,未记录,True,260
WS005,1,1,190,,一般水体,387841473,109.1185284,22.8787947,未记录,True,261
WS005,1,1,191,,一般水体,387841473,109.1186786,22.8788342,未记录,True,262
WS005,1,1,192,,一般水体,387841473,109.1188073,22.8787354,未记录,True,263
WS005,1,1,193,,一般水体,387841473,109.1189146,22.8787156,未记录,True,264
WS005,1,1,194,,一般水体,387841473,109.1192043,22.8784487,未记录,True,265
WS005,1,1,195,,一般水体,387841473,109.1192043,22.8783894,未记录,True,266
WS005,1,1,196,,一般水体,387841473,109.1193438,22.8782214,未记录,True,267
WS005,1,1,197,,一般水体,387841473,109.1197944,22.8780039,未记录,True,268
WS005,1,1,198,,一般水体,387841473,109.1199017,22.8778853,未记录,True,269
WS005,1,1,199,,一般水体,387841473,109.1200089,22.8778062,未记录,True,270
WS005,1,1,200,,一般水体,387841473,109.1200304,22.877826,未记录,True,271
WS005,1,1,201,,一般水体,387841473,109.1202664,22.8776283,未记录,True,272
WS006,1,1,1,,一般水体,387841477,109.0870983,22.9767955,未记录,True,273
WS006,1,1,2,,一般水体,387841477,109.0865574,22.9770516,未记录,True,274
WS006,1,1,3,,一般水体,387841477,109.0858078,22.9770943,未记录,True,275
WS006,1,1,4,,一般水体,387841477,109.0857306,22.9773148,未记录,True,276
WS006,1,1,5,,一般水体,387841477,109.0857847,22.9775923,未记录,True,277
WS006,1,1,6,,一般水体,387841477,109.0859392,22.9777701,未记录,True,278
WS006,1,1,7,,一般水体,387841477,109.0860937,22.9777915,未记录,True,279
WS006,1,1,8,,一般水体,387841477,109.0860319,22.9775567,未记录,True,280
WS006,1,1,9,,一般水体,387841477,109.0861092,22.9774216,未记录,True,281
WS006,1,1,10,,一般水体,387841477,109.0861865,22.9776279,未记录,True,282
WS006,1,1,11,,一般水体,387841477,109.086426,22.9778199,未记录,True,283
WS006,1,1,12,,一般水体,387841477,109.0865265,22.9779124,未记录,True,284
WS006,1,1,13,,一般水体,387841477,109.0867119,22.9779124,未记录,True,285
WS006,1,1,14,,一般水体,387841477,109.0867969,22.9777773,未记录,True,286
WS006,1,1,15,,一般水体,387841477,109.0867969,22.9776777,未记录,True,287
WS006,1,1,16,,一般水体,387841477,109.0869205,22.9776207,未记录,True,288
WS006,1,1,17,,一般水体,387841477,109.0869669,22.9774998,未记录,True,289
WS006,1,1,18,,一般水体,387841477,109.0873687,22.9774287,未记录,True,290
WS006,1,1,19,,一般水体,387841477,109.0874692,22.9773575,未记录,True,291
WS006,1,1,20,,一般水体,387841477,109.0874074,22.9772224,未记录,True,292
WS006,1,1,21,,一般水体,387841477,109.0874846,22.9771726,未记录,True,293
WS006,1,1,22,,一般水体,387841477,109.0874846,22.9770801,未记录,True,294
WS006,1,1,23,,一般水体,387841477,109.0873301,22.9768524,未记录,True,295
WS006,1,1,24,,一般水体,387841477,109.0870983,22.9767955,未记录,True,296
WS007,1,1,1,,一般水体,387841480,109.0812477,22.9657626,未记录,True,297
WS007,1,1,2,,一般水体,387841480,109.0806604,22.9656345,未记录,True,298
WS007,1,1,3,,一般水体,387841480,109.0801812,22.9654281,未记录,True,299
WS007,1,1,4,,一般水体,387841480,109.0799648,22.9657483,未记录,True,300
WS007,1,1,5,,一般水体,387841480,109.0795939,22.9658337,未记录,True,301
WS007,1,1,6,,一般水体,387841480,109.0795398,22.9659191,未记录,True,302
WS007,1,1,7,,一般水体,387841480,109.0792229,22.9658195,未记录,True,303
WS007,1,1,8,,一般水体,387841480,109.0789911,22.9658195,未记录,True,304
WS007,1,1,9,,一般水体,387841480,109.0786896,22.965976,未记录,True,305
WS007,1,1,10,,一般水体,387841480,109.0785273,22.9663318,未记录,True,306
WS007,1,1,11,,一般水体,387841480,109.0783805,22.9663318,未记录,True,307
WS007,1,1,12,,一般水体,387841480,109.0782878,22.9664386,未记录,True,308
WS007,1,1,13,,一般水体,387841480,109.0783419,22.966652,未记录,True,309
WS007,1,1,14,,一般水体,387841480,109.0782105,22.9667872,未记录,True,310
WS007,1,1,15,,一般水体,387841480,109.0782337,22.966894,未记录,True,311
WS007,1,1,16,,一般水体,387841480,109.0780327,22.9670576,未记录,True,312
WS007,1,1,17,,一般水体,387841480,109.0780482,22.9671359,未记录,True,313
WS007,1,1,18,,一般水体,387841480,109.0779632,22.9673565,未记录,True,314
WS007,1,1,19,,一般水体,387841480,109.0780173,22.9675771,未记录,True,315
WS007,1,1,20,,一般水体,387841480,109.0782337,22.967698,未记录,True,316
WS007,1,1,21,,一般水体,387841480,109.0784655,22.9676909,未记录,True,317
WS007,1,1,22,,一般水体,387841480,109.0789524,22.967883,未记录,True,318
WS007,1,1,23,,一般水体,387841480,109.0791765,22.9680254,未记录,True,319
WS007,1,1,24,,一般水体,387841480,109.0793852,22.9680111,未记录,True,320
WS007,1,1,25,,一般水体,387841480,109.0794238,22.9677834,未记录,True,321
WS007,1,1,26,,一般水体,387841480,109.0793234,22.9675842,未记录,True,322
WS007,1,1,27,,一般水体,387841480,109.0790683,22.9676055,未记录,True,323
WS007,1,1,28,,一般水体,387841480,109.0784887,22.9672142,未记录,True,324
WS007,1,1,29,,一般水体,387841480,109.0785119,22.9669936,未记录,True,325
WS007,1,1,30,,一般水体,387841480,109.0786974,22.9666378,未记录,True,326
WS007,1,1,31,,一般水体,387841480,109.0787824,22.9663959,未记录,True,327
WS007,1,1,32,,一般水体,387841480,109.0789756,22.9663532,未记录,True,328
WS007,1,1,33,,一般水体,387841480,109.0790992,22.9662393,未记录,True,329
WS007,1,1,34,,一般水体,387841480,109.079733,22.9664955,未记录,True,330
WS007,1,1,35,,一般水体,387841480,109.0800808,22.9664314,未记录,True,331
WS007,1,1,36,,一般水体,387841480,109.0803512,22.9666164,未记录,True,332
WS007,1,1,37,,一般水体,387841480,109.0806527,22.9667018,未记录,True,333
WS007,1,1,38,,一般水体,387841480,109.0807531,22.9665738,未记录,True,334
WS007,1,1,39,,一般水体,387841480,109.0807995,22.9662607,未记录,True,335
WS007,1,1,40,,一般水体,387841480,109.0809077,22.9660116,未记录,True,336
WS007,1,1,41,,一般水体,387841480,109.0812477,22.9657626,未记录,True,337
WS008,1,1,1,,一般水体,387841482,109.1152359,22.9345911,未记录,True,338
WS008,1,1,2,,一般水体,387841482,109.1152282,22.9359644,未记录,True,339
WS008,1,1,3,,一般水体,387841482,109.1167348,22.9360569,未记录,True,340
WS008,1,1,4,,一般水体,387841482,109.1172679,22.9362419,未记录,True,341
WS008,1,1,5,,一般水体,387841482,109.1175614,22.9361067,未记录,True,342
WS008,1,1,6,,一般水体,387841482,109.1180714,22.9362205,未记录,True,343
WS008,1,1,7,,一般水体,387841482,109.118365,22.9360996,未记录,True,344
WS008,1,1,8,,一般水体,387841482,109.1191298,22.9360996,未记录,True,345
WS008,1,1,9,,一般水体,387841482,109.1195471,22.9359857,未记录,True,346
WS008,1,1,10,,一般水体,387841482,109.1198484,22.9360925,未记录,True,347
WS008,1,1,11,,一般水体,387841482,109.1199874,22.9359715,未记录,True,348
WS008,1,1,12,,一般水体,387841482,109.1206442,22.9360284,未记录,True,349
WS008,1,1,13,,一般水体,387841482,109.1211695,22.936128,未记录,True,350
WS008,1,1,14,,一般水体,387841482,109.1213859,22.9360925,未记录,True,351
WS008,1,1,15,,一般水体,387841482,109.122143,22.9364625,未记录,True,352
WS008,1,1,16,,一般水体,387841482,109.1223285,22.9363913,未记录,True,353
WS008,1,1,17,,一般水体,387841482,109.1224984,22.9364482,未记录,True,354
WS008,1,1,18,,一般水体,387841482,109.1223439,22.9367186,未记录,True,355
WS008,1,1,19,,一般水体,387841482,109.1227302,22.93674,未记录,True,356
WS008,1,1,20,,一般水体,387841482,109.1227843,22.9364553,未记录,True,357
WS008,1,1,21,,一般水体,387841482,109.1230547,22.9364055,未记录,True,358
WS008,1,1,22,,一般水体,387841482,109.1231938,22.9363059,未记录,True,359
WS008,1,1,23,,一般水体,387841482,109.1233406,22.9363842,未记录,True,360
WS008,1,1,24,,一般水体,387841482,109.1232633,22.936,未记录,True,361
WS008,1,1,25,,一般水体,387841482,109.1231242,22.9359146,未记录,True,362
WS008,1,1,26,,一般水体,387841482,109.1230393,22.9357225,未记录,True,363
WS008,1,1,27,,一般水体,387841482,109.1227688,22.9355659,未记录,True,364
WS008,1,1,28,,一般水体,387841482,109.122398,22.9353382,未记录,True,365
WS008,1,1,29,,一般水体,387841482,109.1217567,22.9351817,未记录,True,366
WS008,1,1,30,,一般水体,387841482,109.121185,22.93526,未记录,True,367
WS008,1,1,31,,一般水体,387841482,109.1206287,22.9349682,未记录,True,368
WS008,1,1,32,,一般水体,387841482,109.1202888,22.9349896,未记录,True,369
WS008,1,1,33,,一般水体,387841482,109.1200029,22.9351959,未记录,True,370
WS008,1,1,34,,一般水体,387841482,109.1198175,22.9355802,未记录,True,371
WS008,1,1,35,,一般水体,387841482,109.119632,22.9355802,未记录,True,372
WS008,1,1,36,,一般水体,387841482,109.1191067,22.9352671,未记录,True,373
WS008,1,1,37,,一般水体,387841482,109.1187049,22.9353311,未记录,True,374
WS008,1,1,38,,一般水体,387841482,109.1185272,22.9352671,未记录,True,375
WS008,1,1,39,,一般水体,387841482,109.1180636,22.9350181,未记录,True,376
WS008,1,1,40,,一般水体,387841482,109.1176155,22.9348971,未记录,True,377
WS008,1,1,41,,一般水体,387841482,109.1174687,22.9345769,未记录,True,378
WS008,1,1,42,,一般水体,387841482,109.1169743,22.9344204,未记录,True,379
WS008,1,1,43,,一般水体,387841482,109.1168197,22.9343136,未记录,True,380
WS008,1,1,44,,一般水体,387841482,109.1166575,22.9343065,未记录,True,381
WS008,1,1,45,,一般水体,387841482,109.1165802,22.934214,未记录,True,382
WS008,1,1,46,,一般水体,387841482,109.116333,22.9341998,未记录,True,383
WS008,1,1,47,,一般水体,387841482,109.1162712,22.9343279,未记录,True,384
WS008,1,1,48,,一般水体,387841482,109.116248,22.9345627,未记录,True,385
WS008,1,1,49,,一般水体,387841482,109.1158308,22.9343563,未记录,True,386
WS008,1,1,50,,一般水体,387841482,109.1152359,22.9345911,未记录,True,387
WS009,1,1,1,,一般水体,387841486,109.1174997,22.9245863,未记录,True,388
WS009,1,1,2,,一般水体,387841486,109.1180559,22.9242518,未记录,True,389
WS009,1,1,3,,一般水体,387841486,109.1185427,22.9236826,未记录,True,390
WS009,1,1,4,,一般水体,387841486,109.1186972,22.9230563,未记录,True,391
WS009,1,1,5,,一般水体,387841486,109.1189213,22.9228002,未记录,True,392
WS009,1,1,6,,一般水体,387841486,109.1196012,22.9225013,未记录,True,393
WS009,1,1,7,,一般水体,387841486,109.120057,22.9221028,未记录,True,394
WS009,1,1,8,,一般水体,387841486,109.1202115,22.921868,未记录,True,395
WS009,1,1,9,,一般水体,387841486,109.120482,22.9219107,未记录,True,396
WS009,1,1,10,,一般水体,387841486,109.1208837,22.9221668,未记录,True,397
WS009,1,1,11,,一般水体,387841486,109.1210073,22.9220174,未记录,True,398
WS009,1,1,12,,一般水体,387841486,109.1207833,22.9217968,未记录,True,399
WS009,1,1,13,,一般水体,387841486,109.1205592,22.9213627,未记录,True,400
WS009,1,1,14,,一般水体,387841486,109.1206828,22.9209998,未记录,True,401
WS009,1,1,15,,一般水体,387841486,109.1205901,22.9207223,未记录,True,402
WS009,1,1,16,,一般水体,387841486,109.1204124,22.9211065,未记录,True,403
WS009,1,1,17,,一般水体,387841486,109.1204124,22.9214197,未记录,True,404
WS009,1,1,18,,一般水体,387841486,109.1206133,22.9217114,未记录,True,405
WS009,1,1,19,,一般水体,387841486,109.1199102,22.9215691,未记录,True,406
WS009,1,1,20,,一般水体,387841486,109.1194467,22.9216545,未记录,True,407
WS009,1,1,21,,一般水体,387841486,109.1189676,22.9219818,未记录,True,408
WS009,1,1,22,,一般水体,387841486,109.1188749,22.9223092,未记录,True,409
WS009,1,1,23,,一般水体,387841486,109.1184345,22.922665,未记录,True,410
WS009,1,1,24,,一般水体,387841486,109.1182723,22.9225867,未记录,True,411
WS009,1,1,25,,一般水体,387841486,109.1182414,22.9221882,未记录,True,412
WS009,1,1,26,,一般水体,387841486,109.1180173,22.9220601,未记录,True,413
WS009,1,1,27,,一般水体,387841486,109.11811,22.9219035,未记录,True,414
WS009,1,1,28,,一般水体,387841486,109.1179323,22.9218466,未记录,True,415
WS009,1,1,29,,一般水体,387841486,109.1175074,22.9224017,未记录,True,416
WS009,1,1,30,,一般水体,387841486,109.1170593,22.9225867,未记录,True,417
WS009,1,1,31,,一般水体,387841486,109.116897,22.9227717,未记录,True,418
WS009,1,1,32,,一般水体,387841486,109.1164412,22.9227005,未记录,True,419
WS009,1,1,33,,一般水体,387841486,109.1163948,22.9228571,未记录,True,420
WS009,1,1,34,,一般水体,387841486,109.116503,22.923099,未记录,True,421
WS009,1,1,35,,一般水体,387841486,109.1164257,22.9232556,未记录,True,422
WS009,1,1,36,,一般水体,387841486,109.116163,22.923647,未记录,True,423
WS009,1,1,37,,一般水体,387841486,109.1154909,22.9239103,未记录,True,424
WS009,1,1,38,,一般水体,387841486,109.1155295,22.9244867,未记录,True,425
WS009,1,1,39,,一般水体,387841486,109.115375,22.9248923,未记录,True,426
WS009,1,1,40,,一般水体,387841486,109.1156222,22.9250702,未记录,True,427
WS009,1,1,41,,一般水体,387841486,109.1165416,22.9254971,未记录,True,428
WS009,1,1,42,,一般水体,387841486,109.1169588,22.9252908,未记录,True,429
WS009,1,1,43,,一般水体,387841486,109.1175383,22.9255683,未记录,True,430
WS009,1,1,44,,一般水体,387841486,109.1181564,22.9255185,未记录,True,431
WS009,1,1,45,,一般水体,387841486,109.1185891,22.9256252,未记录,True,432
WS009,1,1,46,,一般水体,387841486,109.1187668,22.9256181,未记录,True,433
WS009,1,1,47,,一般水体,387841486,109.1189522,22.9253406,未记录,True,434
WS009,1,1,48,,一般水体,387841486,109.1187513,22.9251413,未记录,True,435
WS009,1,1,49,,一般水体,387841486,109.1179478,22.9252196,未记录,True,436
WS009,1,1,50,,一般水体,387841486,109.1175074,22.9247713,未记录,True,437
WS009,1,1,51,,一般水体,387841486,109.1174997,22.9245863,未记录,True,438
WS010,1,1,1,,一般水体,387841491,109.0571882,22.8989912,未记录,True,439
WS010,1,1,2,,一般水体,387841491,109.0563994,22.8988416,未记录,True,440
WS010,1,1,3,,一般水体,387841491,109.0561056,22.898984,未记录,True,441
WS010,1,1,4,,一般水体,387841491,109.0557112,22.8990268,未记录,True,442
WS010,1,1,5,,一般水体,387841491,109.0553787,22.8989912,未记录,True,443
WS010,1,1,6,,一般水体,387841491,109.0552937,22.899155,未记录,True,444
WS010,1,1,7,,一般水体,387841491,109.0552859,22.8995682,未记录,True,445
WS010,1,1,8,,一般水体,387841491,109.0548452,22.8999101,未记录,True,446
WS010,1,1,9,,一般水体,387841491,109.0545977,22.9000953,未记录,True,447
WS010,1,1,10,,一般水体,387841491,109.0543116,22.9003802,未记录,True,448
WS010,1,1,11,,一般水体,387841491,109.0537394,22.9004087,未记录,True,449
WS010,1,1,12,,一般水体,387841491,109.0529275,22.9002449,未记录,True,450
WS010,1,1,13,,一般水体,387841491,109.0526645,22.900309,未记录,True,451
WS010,1,1,14,,一般水体,387841491,109.0526568,22.9007364,未记录,True,452
WS010,1,1,15,,一般水体,387841491,109.0523243,22.9009999,未记录,True,453
WS010,1,1,16,,一般水体,387841491,109.0523552,22.9011566,未记录,True,454
WS010,1,1,17,,一般水体,387841491,109.0528501,22.9011994,未记录,True,455
WS010,1,1,18,,一般水体,387841491,109.0530512,22.9013775,未记录,True,456
WS010,1,1,19,,一般水体,387841491,109.0532136,22.9017122,未记录,True,457
WS010,1,1,20,,一般水体,387841491,109.0534455,22.9016054,未记录,True,458
WS010,1,1,21,,一般水体,387841491,109.0534842,22.9013276,未记录,True,459
WS010,1,1,22,,一般水体,387841491,109.0539946,22.9009786,未记录,True,460
WS010,1,1,23,,一般水体,387841491,109.0547446,22.900715,未记录,True,461
WS010,1,1,24,,一般水体,387841491,109.0553014,22.9004657,未记录,True,462
WS010,1,1,25,,一般水体,387841491,109.055719,22.900715,未记录,True,463
WS010,1,1,26,,一般水体,387841491,109.0558118,22.9010142,未记录,True,464
WS010,1,1,27,,一般水体,387841491,109.0556803,22.9012777,未记录,True,465
WS010,1,1,28,,一般水体,387841491,109.0553633,22.9015057,未记录,True,466
WS010,1,1,29,,一般水体,387841491,109.0553942,22.9017407,未记录,True,467
WS010,1,1,30,,一般水体,387841491,109.0555643,22.9018761,未记录,True,468
WS010,1,1,31,,一般水体,387841491,109.0560205,22.9020827,未记录,True,469
WS010,1,1,32,,一般水体,387841491,109.056353,22.9020185,未记录,True,470
WS010,1,1,33,,一般水体,387841491,109.0564536,22.9018832,未记录,True,471
WS010,1,1,34,,一般水体,387841491,109.0565618,22.9014558,未记录,True,472
WS010,1,1,35,,一般水体,387841491,109.0566856,22.9006366,未记录,True,473
WS010,1,1,36,,一般水体,387841491,109.0566701,22.9005227,未记录,True,474
WS010,1,1,37,,一般水体,387841491,109.0565232,22.9004443,未记录,True,475
WS010,1,1,38,,一般水体,387841491,109.0563298,22.9002306,未记录,True,476
WS010,1,1,39,,一般水体,387841491,109.0561133,22.9000668,未记录,True,477
WS010,1,1,40,,一般水体,387841491,109.0561365,22.8999742,未记录,True,478
WS010,1,1,41,,一般水体,387841491,109.0563376,22.8997961,未记录,True,479
WS010,1,1,42,,一般水体,387841491,109.0567629,22.8997035,未记录,True,480
WS010,1,1,43,,一般水体,387841491,109.0571263,22.899789,未记录,True,481
WS010,1,1,44,,一般水体,387841491,109.0576444,22.9002164,未记录,True,482
WS010,1,1,45,,一般水体,387841491,109.0581702,22.9008646,未记录,True,483
WS010,1,1,46,,一般水体,387841491,109.0585027,22.9014202,未记录,True,484
WS010,1,1,47,,一般水体,387841491,109.0587038,22.9013917,未记录,True,485
WS010,1,1,48,,一般水体,387841491,109.0589744,22.9011923,未记录,True,486
WS010,1,1,49,,一般水体,387841491,109.0589358,22.9009073,未记录,True,487
WS010,1,1,50,,一般水体,387841491,109.0587038,22.9004087,未记录,True,488
WS010,1,1,51,,一般水体,387841491,109.0582708,22.8999029,未记录,True,489
WS010,1,1,52,,一般水体,387841491,109.0578996,22.8996323,未记录,True,490
WS010,1,1,53,,一般水体,387841491,109.0573196,22.8990624,未记录,True,491
WS010,1,1,54,,一般水体,387841491,109.0571882,22.8989912,未记录,True,492
WS011,1,1,1,,一般水体,387841501,109.1146016,22.8818985,未记录,True,493
WS011,1,1,2,,一般水体,387841501,109.1146231,22.8819182,未记录,True,494
WS011,1,1,3,,一般水体,387841501,109.1149235,22.8819776,未记录,True,495
WS011,1,1,4,,一般水体,387841501,109.1150951,22.8819578,未记录,True,496
WS011,1,1,5,,一般水体,387841501,109.1151702,22.8818886,未记录,True,497
WS011,1,1,6,,一般水体,387841501,109.1151702,22.8818293,未记录,True,498
WS011,1,1,7,,一般水体,387841501,109.1152775,22.8817304,未记录,True,499
WS011,1,1,8,,一般水体,387841501,109.1152775,22.8816514,未记录,True,500
WS011,1,1,9,,一般水体,387841501,109.1155994,22.8810978,未记录,True,501
WS011,1,1,10,,一般水体,387841501,109.1155994,22.8810385,未记录,True,502
WS011,1,1,11,,一般水体,387841501,109.1157281,22.8809199,未记录,True,503
WS011,1,1,12,,一般水体,387841501,109.1157067,22.8808408,未记录,True,504
WS011,1,1,13,,一般水体,387841501,109.1157281,22.8807815,未记录,True,505
WS011,1,1,14,,一般水体,387841501,109.1158247,22.8807321,未记录,True,506
WS011,1,1,15,,一般水体,387841501,109.1159105,22.8807321,未记录,True,507
WS011,1,1,16,,一般水体,387841501,109.1159856,22.8806629,未记录,True,508
WS011,1,1,17,,一般水体,387841501,109.1159427,22.8806036,未记录,True,509
WS011,1,1,18,,一般水体,387841501,109.1159427,22.8804652,未记录,True,510
WS011,1,1,19,,一般水体,387841501,109.1158998,22.8804059,未记录,True,511
WS011,1,1,20,,一般水体,387841501,109.1158247,22.8803367,未记录,True,512
WS011,1,1,21,,一般水体,387841501,109.1157603,22.8803367,未记录,True,513
WS011,1,1,22,,一般水体,387841501,109.115653,22.8802576,未记录,True,514
WS011,1,1,23,,一般水体,387841501,109.1155672,22.8801192,未记录,True,515
WS011,1,1,24,,一般水体,387841501,109.1152883,22.8800995,未记录,True,516
WS011,1,1,25,,一般水体,387841501,109.1151381,22.8801192,未记录,True,517
WS011,1,1,26,,一般水体,387841501,109.1150951,22.8800797,未记录,True,518
WS011,1,1,27,,一般水体,387841501,109.1148376,22.8800402,未记录,True,519
WS011,1,1,28,,一般水体,387841501,109.1146982,22.8799512,未记录,True,520
WS011,1,1,29,,一般水体,387841501,109.1146123,22.8798326,未记录,True,521
WS011,1,1,30,,一般水体,387841501,109.1145694,22.8796744,未记录,True,522
WS011,1,1,31,,一般水体,387841501,109.1145265,22.8796547,未记录,True,523
WS011,1,1,32,,一般水体,387841501,109.1145051,22.8793779,未记录,True,524
WS011,1,1,33,,一般水体,387841501,109.1144192,22.8792988,未记录,True,525
WS011,1,1,34,,一般水体,387841501,109.1145051,22.8791802,未记录,True,526
WS011,1,1,35,,一般水体,387841501,109.1145051,22.8791011,未记录,True,527
WS011,1,1,36,,一般水体,387841501,109.1143441,22.8788738,未记录,True,528
WS011,1,1,37,,一般水体,387841501,109.1142368,22.8788342,未记录,True,529
WS011,1,1,38,,一般水体,387841501,109.1138077,22.8790319,未记录,True,530
WS011,1,1,39,,一般水体,387841501,109.1137326,22.8791011,未记录,True,531
WS011,1,1,40,,一般水体,387841501,109.1137755,22.8791604,未记录,True,532
WS011,1,1,41,,一般水体,387841501,109.1137969,22.8793384,未记录,True,533
WS011,1,1,42,,一般水体,387841501,109.1138399,22.8793779,未记录,True,534
WS011,1,1,43,,一般水体,387841501,109.1138184,22.8796547,未记录,True,535
WS011,1,1,44,,一般水体,387841501,109.1137755,22.879714,未记录,True,536
WS011,1,1,45,,一般水体,387841501,109.113754,22.8798326,未记录,True,537
WS011,1,1,46,,一般水体,387841501,109.1136253,22.8800105,未记录,True,538
WS011,1,1,47,,一般水体,387841501,109.1133034,22.8802675,未记录,True,539
WS011,1,1,48,,一般水体,387841501,109.113282,22.8803466,未记录,True,540
WS011,1,1,49,,一般水体,387841501,109.1133463,22.8804257,未记录,True,541
WS011,1,1,50,,一般水体,387841501,109.1133249,22.8805443,未记录,True,542
WS011,1,1,51,,一般水体,387841501,109.1133893,22.8806629,未记录,True,543
WS011,1,1,52,,一般水体,387841501,109.1136038,22.8808211,未记录,True,544
WS011,1,1,53,,一般水体,387841501,109.1136253,22.8812164,未记录,True,545
WS011,1,1,54,,一般水体,387841501,109.1135395,22.8814932,未记录,True,546
WS011,1,1,55,,一般水体,387841501,109.1135609,22.8815327,未记录,True,547
WS011,1,1,56,,一般水体,387841501,109.1136575,22.8816217,未记录,True,548
WS011,1,1,57,,一般水体,387841501,109.1139364,22.8816415,未记录,True,549
WS011,1,1,58,,一般水体,387841501,109.1143012,22.8818392,未记录,True,550
WS011,1,1,59,,一般水体,387841501,109.1146016,22.8818985,未记录,True,551
WS012,1,1,1,,一般水体,387841512,109.1286676,22.8921419,未记录,True,552
WS012,1,1,2,,一般水体,387841512,109.129131,22.8896305,未记录,True,553
WS012,1,1,3,,一般水体,387841512,109.1286985,22.8896376,未记录,True,554
WS012,1,1,4,,一般水体,387841512,109.1280112,22.889723,未记录,True,555
WS012,1,1,5,,一般水体,387841512,109.1278104,22.889787,未记录,True,556
WS012,1,1,6,,一般水体,387841512,109.1270768,22.8916155,未记录,True,557
WS012,1,1,7,,一般水体,387841512,109.1284205,22.8920992,未记录,True,558
WS012,1,1,8,,一般水体,387841512,109.1286676,22.8921419,未记录,True,559
WS013,1,1,1,,一般水体,387841513,109.1302276,22.8924265,未记录,True,560
WS013,1,1,2,,一般水体,387841513,109.1296562,22.8924763,未记录,True,561
WS013,1,1,3,,一般水体,387841513,109.1289611,22.8924265,未记录,True,562
WS013,1,1,4,,一般水体,387841513,109.1287449,22.8924336,未记录,True,563
WS013,1,1,5,,一般水体,387841513,109.1286599,22.8932874,未记录,True,564
WS013,1,1,6,,一般水体,387841513,109.1296793,22.8930668,未记录,True,565
WS013,1,1,7,,一般水体,387841513,109.1302276,22.892583,未记录,True,566
WS013,1,1,8,,一般水体,387841513,109.1302276,22.8924265,未记录,True,567
WS014,1,1,1,,一般水体,387841514,109.1286445,22.8922629,未记录,True,568
WS014,1,1,2,,一般水体,387841514,109.1270073,22.8917364,未记录,True,569
WS014,1,1,3,,一般水体,387841514,109.126374,22.8932945,未记录,True,570
WS014,1,1,4,,一般水体,387841514,109.1272467,22.8939205,未记录,True,571
WS014,1,1,5,,一般水体,387841514,109.1276174,22.8933941,未记录,True,572
WS014,1,1,6,,一般水体,387841514,109.1285055,22.8932447,未记录,True,573
WS014,1,1,7,,一般水体,387841514,109.1285904,22.8925332,未记录,True,574
WS014,1,1,8,,一般水体,387841514,109.1286445,22.8922629,未记录,True,575
WS015,1,1,1,,水库,387841515,109.0589356,22.9874557,未记录,True,576
WS015,1,1,2,,水库,387841515,109.0587811,22.9875411,未记录,True,577
WS015,1,1,3,,水库,387841515,109.058356,22.9876194,未记录,True,578
WS015,1,1,4,,水库,387841515,109.0581782,22.9877474,未记录,True,579
WS015,1,1,5,,水库,387841515,109.0577145,22.9877688,未记录,True,580
WS015,1,1,6,,水库,387841515,109.0574672,22.9875553,未记录,True,581
WS015,1,1,7,,水库,387841515,109.0575058,22.9871782,未记录,True,582
WS015,1,1,8,,水库,387841515,109.0573822,22.9871853,未记录,True,583
WS015,1,1,9,,水库,387841515,109.0572585,22.9874486,未记录,True,584
WS015,1,1,10,,水库,387841515,109.0570344,22.987598,未记录,True,585
WS015,1,1,11,,水库,387841515,109.0566943,22.9877403,未记录,True,586
WS015,1,1,12,,水库,387841515,109.0560683,22.9876976,未记录,True,587
WS015,1,1,13,,水库,387841515,109.0557669,22.9878684,未记录,True,588
WS015,1,1,14,,水库,387841515,109.0554732,22.9883166,未记录,True,589
WS015,1,1,15,,水库,387841515,109.0549785,22.9889143,未记录,True,590
WS015,1,1,16,,水库,387841515,109.0543911,22.988957,未记录,True,591
WS015,1,1,17,,水库,387841515,109.0542598,22.989021,未记录,True,592
WS015,1,1,18,,水库,387841515,109.0538879,22.9888637,未记录,True,593
WS015,1,1,19,,水库,387841515,109.0538594,22.9891906,未记录,True,594
WS015,1,1,20,,水库,387841515,109.0541129,22.9893198,未记录,True,595
WS015,1,1,21,,水库,387841515,109.0541747,22.9894337,未记录,True,596
WS015,1,1,22,,水库,387841515,109.0538733,22.9894408,未记录,True,597
WS015,1,1,23,,水库,387841515,109.0537574,22.9896613,未记录,True,598
WS015,1,1,24,,水库,387841515,109.0540047,22.9901096,未记录,True,599
WS015,1,1,25,,水库,387841515,109.0540974,22.9906503,未记录,True,600
WS015,1,1,26,,水库,387841515,109.0541979,22.9903444,未记录,True,601
WS015,1,1,27,,水库,387841515,109.0542134,22.989704,未记录,True,602
WS015,1,1,28,,水库,387841515,109.054368,22.9895902,未记录,True,603
WS015,1,1,29,,水库,387841515,109.054453,22.9894337,未记录,True,604
WS015,1,1,30,,水库,387841515,109.0547853,22.9897823,未记录,True,605
WS015,1,1,31,,水库,387841515,109.0550558,22.9898463,未记录,True,606
WS015,1,1,32,,水库,387841515,109.0551563,22.9900242,未记录,True,607
WS015,1,1,33,,水库,387841515,109.0549708,22.9904298,未记录,True,608
WS015,1,1,34,,水库,387841515,109.0551408,22.990693,未记录,True,609
WS015,1,1,35,,水库,387841515,109.0558132,22.9910985,未记录,True,610
WS015,1,1,36,,水库,387841515,109.0560451,22.9907215,未记录,True,611
WS015,1,1,37,,水库,387841515,109.0564547,22.9905436,未记录,True,612
WS015,1,1,38,,水库,387841515,109.0565938,22.9908282,未记录,True,613
WS015,1,1,39,,水库,387841515,109.0571348,22.9912978,未记录,True,614
WS015,1,1,40,,水库,387841515,109.0579464,22.9917887,未记录,True,615
WS015,1,1,41,,水库,387841515,109.0583096,22.991995,未记录,True,616
WS015,1,1,42,,水库,387841515,109.0586729,22.9919879,未记录,True,617
WS015,1,1,43,,水库,387841515,109.0590438,22.9921017,未记录,True,618
WS015,1,1,44,,水库,387841515,109.0587038,22.9918598,未记录,True,619
WS015,1,1,45,,水库,387841515,109.0583328,22.9917887,未记录,True,620
WS015,1,1,46,,水库,387841515,109.0580932,22.991497,未记录,True,621
WS015,1,1,47,,水库,387841515,109.0574672,22.9910345,未记录,True,622
WS015,1,1,48,,水库,387841515,109.0573976,22.9908566,未记录,True,623
WS015,1,1,49,,水库,387841515,109.0576836,22.9907143,未记录,True,624
WS015,1,1,50,,水库,387841515,109.0572894,22.9901736,未记录,True,625
WS015,1,1,51,,水库,387841515,109.0571039,22.9902163,未记录,True,626
WS015,1,1,52,,水库,387841515,109.055991,22.9902732,未记录,True,627
WS015,1,1,53,,水库,387841515,109.0556587,22.9901096,未记录,True,628
WS015,1,1,54,,水库,387841515,109.0554809,22.9897823,未记录,True,629
WS015,1,1,55,,水库,387841515,109.055535,22.9895617,未记录,True,630
WS015,1,1,56,,水库,387841515,109.055535,22.9894123,未记录,True,631
WS015,1,1,57,,水库,387841515,109.0553804,22.9892416,未记录,True,632
WS015,1,1,58,,水库,387841515,109.0554036,22.9891206,未记录,True,633
WS015,1,1,59,,水库,387841515,109.0556664,22.9890281,未记录,True,634
WS015,1,1,60,,水库,387841515,109.055906,22.9890993,未记录,True,635
WS015,1,1,61,,水库,387841515,109.0562229,22.9889854,未记录,True,636
WS015,1,1,62,,水库,387841515,109.0564083,22.9887791,未记录,True,637
WS015,1,1,63,,水库,387841515,109.056617,22.9887293,未记录,True,638
WS015,1,1,64,,水库,387841515,109.0565397,22.9886581,未记录,True,639
WS015,1,1,65,,水库,387841515,109.0562538,22.9887364,未记录,True,640
WS015,1,1,66,,水库,387841515,109.0560683,22.9888076,未记录,True,641
WS015,1,1,67,,水库,387841515,109.0558132,22.9883095,未记录,True,642
WS015,1,1,68,,水库,387841515,109.055906,22.9881174,未记录,True,643
WS015,1,1,69,,水库,387841515,109.0560915,22.9879538,未记录,True,644
WS015,1,1,70,,水库,387841515,109.0563079,22.9879466,未记录,True,645
WS015,1,1,71,,水库,387841515,109.056617,22.988032,未记录,True,646
WS015,1,1,72,,水库,387841515,109.0570807,22.9879965,未记录,True,647
WS015,1,1,73,,水库,387841515,109.0572276,22.9881388,未记录,True,648
WS015,1,1,74,,水库,387841515,109.0575599,22.9880463,未记录,True,649
WS015,1,1,75,,水库,387841515,109.0579464,22.9880036,未记录,True,650
WS015,1,1,76,,水库,387841515,109.0585337,22.988032,未记录,True,651
WS015,1,1,77,,水库,387841515,109.0589356,22.9874557,未记录,True,652
WS016,1,1,1,,一般水体,387841517,109.1305829,22.8919143,未记录,True,653
WS016,1,1,2,,一般水体,387841517,109.1293627,22.8914732,未记录,True,654
WS016,1,1,3,,一般水体,387841517,109.1289225,22.8914447,未记录,True,655
WS016,1,1,4,,一般水体,387841517,109.1287758,22.89227,未记录,True,656
WS016,1,1,5,,一般水体,387841517,109.12927,22.8923411,未记录,True,657
WS016,1,1,6,,一般水体,387841517,109.1293936,22.8922913,未记录,True,658
WS016,1,1,7,,一般水体,387841517,109.1295171,22.8923554,未记录,True,659
WS016,1,1,8,,一般水体,387841517,109.1302508,22.892334,未记录,True,660
WS016,1,1,9,,一般水体,387841517,109.1305829,22.8919143,未记录,True,661
WS017,1,1,1,,一般水体,387841519,109.1040766,22.8823631,未记录,True,662
WS017,1,1,2,,一般水体,387841519,109.1042054,22.8820863,未记录,True,663
WS017,1,1,3,,一般水体,387841519,109.1042912,22.8819677,未记录,True,664
WS017,1,1,4,,一般水体,387841519,109.1044414,22.8815723,未记录,True,665
WS017,1,1,5,,一般水体,387841519,109.1045916,22.8813746,未记录,True,666
WS017,1,1,6,,一般水体,387841519,109.104774,22.8812461,未记录,True,667
WS017,1,1,7,,一般水体,387841519,109.1048813,22.8812461,未记录,True,668
WS017,1,1,8,,一般水体,387841519,109.1049457,22.8812066,未记录,True,669
WS017,1,1,9,,一般水体,387841519,109.105289,22.8812263,未记录,True,670
WS017,1,1,10,,一般水体,387841519,109.1053534,22.881167,未记录,True,671
WS017,1,1,11,,一般水体,387841519,109.1054177,22.881167,未记录,True,672
WS017,1,1,12,,一般水体,387841519,109.1054606,22.8812066,未记录,True,673
WS017,1,1,13,,一般水体,387841519,109.1055679,22.8812066,未记录,True,674
WS017,1,1,14,,一般水体,387841519,109.1056859,22.8812757,未记录,True,675
WS017,1,1,15,,一般水体,387841519,109.1057181,22.8814042,未记录,True,676
WS017,1,1,16,,一般水体,387841519,109.1058254,22.8814438,未记录,True,677
WS017,1,1,17,,一般水体,387841519,109.1059327,22.8815624,未记录,True,678
WS017,1,1,18,,一般水体,387841519,109.1060507,22.8816118,未记录,True,679
WS017,1,1,19,,一般水体,387841519,109.1060293,22.8817107,未记录,True,680
WS017,1,1,20,,一般水体,387841519,109.1060615,22.8817403,未记录,True,681
WS017,1,1,21,,一般水体,387841519,109.1061795,22.8816514,未记录,True,682
WS017,1,1,22,,一般水体,387841519,109.1062438,22.8815525,未记录,True,683
WS017,1,1,23,,一般水体,387841519,109.106276,22.881424,未记录,True,684
WS017,1,1,24,,一般水体,387841519,109.1064048,22.8814438,未记录,True,685
WS017,1,1,25,,一般水体,387841519,109.106437,22.8814141,未记录,True,686
WS017,1,1,26,,一般水体,387841519,109.1063511,22.8811176,未记录,True,687
WS017,1,1,27,,一般水体,387841519,109.1064584,22.8810187,未记录,True,688
WS017,1,1,28,,一般水体,387841519,109.1064584,22.8808804,未记录,True,689
WS017,1,1,29,,一般水体,387841519,109.1063941,22.8808211,未记录,True,690
WS017,1,1,30,,一般水体,387841519,109.1064155,22.880742,未记录,True,691
WS017,1,1,31,,一般水体,387841519,109.1063941,22.8806431,未记录,True,692
WS017,1,1,32,,一般水体,387841519,109.1062653,22.8803071,未记录,True,693
WS017,1,1,33,,一般水体,387841519,109.1062224,22.8800501,未记录,True,694
WS017,1,1,34,,一般水体,387841519,109.1061151,22.8799512,未记录,True,695
WS017,1,1,35,,一般水体,387841519,109.1061151,22.8798524,未记录,True,696
WS017,1,1,36,,一般水体,387841519,109.1059971,22.8797436,未记录,True,697
WS017,1,1,37,,一般水体,387841519,109.105804,22.8797634,未记录,True,698
WS017,1,1,38,,一般水体,387841519,109.1055465,22.8796645,未记录,True,699
WS017,1,1,39,,一般水体,387841519,109.1054821,22.8796052,未记录,True,700
WS017,1,1,40,,一般水体,387841519,109.1052675,22.879625,未记录,True,701
WS017,1,1,41,,一般水体,387841519,109.1051602,22.8795657,未记录,True,702
WS017,1,1,42,,一般水体,387841519,109.1051173,22.8796052,未记录,True,703
WS017,1,1,43,,一般水体,387841519,109.10501,22.8795855,未记录,True,704
WS017,1,1,44,,一般水体,387841519,109.1049671,22.8796448,未记录,True,705
WS017,1,1,45,,一般水体,387841519,109.1047955,22.8796448,未记录,True,706
WS017,1,1,46,,一般水体,387841519,109.1046238,22.8795657,未记录,True,707
WS017,1,1,47,,一般水体,387841519,109.1044521,22.8795855,未记录,True,708
WS017,1,1,48,,一般水体,387841519,109.1043878,22.8795459,未记录,True,709
WS017,1,1,49,,一般水体,387841519,109.1041517,22.8795657,未记录,True,710
WS017,1,1,50,,一般水体,387841519,109.1041088,22.8795459,未记录,True,711
WS017,1,1,51,,一般水体,387841519,109.1039908,22.8796349,未记录,True,712
WS017,1,1,52,,一般水体,387841519,109.1039693,22.879714,未记录,True,713
WS017,1,1,53,,一般水体,387841519,109.1038406,22.8798919,未记录,True,714
WS017,1,1,54,,一般水体,387841519,109.1037977,22.8800303,未记录,True,715
WS017,1,1,55,,一般水体,387841519,109.103508,22.8803565,未记录,True,716
WS017,1,1,56,,一般水体,387841519,109.1033363,22.8803762,未记录,True,717
WS017,1,1,57,,一般水体,387841519,109.103272,22.8804356,未记录,True,718
WS017,1,1,58,,一般水体,387841519,109.1031432,22.8804751,未记录,True,719
WS017,1,1,59,,一般水体,387841519,109.1030145,22.8804949,未记录,True,720
WS017,1,1,60,,一般水体,387841519,109.1029286,22.8804751,未记录,True,721
WS017,1,1,61,,一般水体,387841519,109.1025639,22.8805542,未记录,True,722
WS017,1,1,62,,一般水体,387841519,109.1022849,22.8808112,未记录,True,723
WS017,1,1,63,,一般水体,387841519,109.1020489,22.8808507,未记录,True,724
WS017,1,1,64,,一般水体,387841519,109.1018987,22.8809891,未记录,True,725
WS017,1,1,65,,一般水体,387841519,109.1017592,22.880999,未记录,True,726
WS017,1,1,66,,一般水体,387841519,109.1017592,22.8811571,未记录,True,727
WS017,1,1,67,,一般水体,387841519,109.1018236,22.8812164,未记录,True,728
WS017,1,1,68,,一般水体,387841519,109.1018665,22.8813944,未记录,True,729
WS017,1,1,69,,一般水体,387841519,109.1019952,22.8815921,未记录,True,730
WS017,1,1,70,,一般水体,387841519,109.1019952,22.8816711,未记录,True,731
WS017,1,1,71,,一般水体,387841519,109.1021562,22.8818392,未记录,True,732
WS017,1,1,72,,一般水体,387841519,109.1022635,22.8818589,未记录,True,733
WS017,1,1,73,,一般水体,387841519,109.1023278,22.8819182,未记录,True,734
WS017,1,1,74,,一般水体,387841519,109.1024566,22.8819776,未记录,True,735
WS017,1,1,75,,一般水体,387841519,109.1025424,22.8819776,未记录,True,736
WS017,1,1,76,,一般水体,387841519,109.1026282,22.8820369,未记录,True,737
WS017,1,1,77,,一般水体,387841519,109.1029501,22.8820566,未记录,True,738
WS017,1,1,78,,一般水体,387841519,109.1033578,22.8822346,未记录,True,739
WS017,1,1,79,,一般水体,387841519,109.1034329,22.8823037,未记录,True,740
WS017,1,1,80,,一般水体,387841519,109.1034758,22.8824224,未记录,True,741
WS017,1,1,81,,一般水体,387841519,109.1035402,22.8824817,未记录,True,742
WS017,1,1,82,,一般水体,387841519,109.1035616,22.8827387,未记录,True,743
WS017,1,1,83,,一般水体,387841519,109.1036367,22.8827881,未记录,True,744
WS017,1,1,84,,一般水体,387841519,109.1040659,22.8827485,未记录,True,745
WS017,1,1,85,,一般水体,387841519,109.1041195,22.8826991,未记录,True,746
WS017,1,1,86,,一般水体,387841519,109.1040766,22.8823631,未记录,True,747
WS018,1,1,1,青年水库,水库,387841521,109.1078424,22.8881157,青年水库,False,748
WS018,1,1,2,青年水库,水库,387841521,109.1074133,22.8889065,青年水库,False,749
WS018,1,1,3,青年水库,水库,387841521,109.1073275,22.88946,青年水库,False,750
WS018,1,1,4,青年水库,水库,387841521,109.1069841,22.8899344,青年水库,False,751
WS018,1,1,5,青年水库,水库,387841521,109.1070271,22.8901321,青年水库,False,752
WS018,1,1,6,青年水库,水库,387841521,109.1077995,22.890053,青年水库,False,753
WS018,1,1,7,青年水库,水库,387841521,109.1082287,22.8902111,青年水库,False,754
WS018,1,1,8,青年水库,水库,387841521,109.1088295,22.8902902,青年水库,False,755
WS018,1,1,9,青年水库,水库,387841521,109.1089153,22.8902111,青年水库,False,756
WS018,1,1,10,青年水库,水库,387841521,109.1092587,22.8902111,青年水库,False,757
WS018,1,1,11,青年水库,水库,387841521,109.1096878,22.8898158,青年水库,False,758
WS018,1,1,12,青年水库,水库,387841521,109.1099453,22.8898158,青年水库,False,759
WS018,1,1,13,青年水库,水库,387841521,109.1102886,22.890053,青年水库,False,760
WS018,1,1,14,青年水库,水库,387841521,109.1105461,22.890053,青年水库,False,761
WS018,1,1,15,青年水库,水库,387841521,109.1108036,22.8902111,青年水库,False,762
WS018,1,1,16,青年水库,水库,387841521,109.1126919,22.8901321,青年水库,False,763
WS018,1,1,17,青年水库,水库,387841521,109.1127777,22.890053,青年水库,False,764
WS018,1,1,18,青年水库,水库,387841521,109.1133785,22.890053,青年水库,False,765
WS018,1,1,19,青年水库,水库,387841521,109.1135502,22.8898158,青年水库,False,766
WS018,1,1,20,青年水库,水库,387841521,109.1138077,22.8898949,青年水库,False,767
WS018,1,1,21,青年水库,水库,387841521,109.1138935,22.8898158,青年水库,False,768
WS018,1,1,22,青年水库,水库,387841521,109.1145802,22.8897367,青年水库,False,769
WS018,1,1,23,青年水库,水库,387841521,109.1148806,22.889539,青年水库,False,770
WS018,1,1,24,青年水库,水库,387841521,109.1148806,22.8893809,青年水库,False,771
WS018,1,1,25,青年水库,水库,387841521,109.1150093,22.8892623,青年水库,False,772
WS018,1,1,26,青年水库,水库,387841521,109.1153526,22.8892623,青年水库,False,773
WS018,1,1,27,青年水库,水库,387841521,109.1154814,22.8893809,青年水库,False,774
WS018,1,1,28,青年水库,水库,387841521,109.1154814,22.889539,青年水库,False,775
WS018,1,1,29,青年水库,水库,387841521,109.1159534,22.8899739,青年水库,False,776
WS018,1,1,30,青年水库,水库,387841521,109.1162109,22.8898158,青年水库,False,777
WS018,1,1,31,青年水库,水库,387841521,109.1163826,22.8898158,青年水库,False,778
WS018,1,1,32,青年水库,水库,387841521,109.1164684,22.8898949,青年水库,False,779
WS018,1,1,33,青年水库,水库,387841521,109.1166401,22.8898949,青年水库,False,780
WS018,1,1,34,青年水库,水库,387841521,109.1168118,22.890053,青年水库,False,781
WS018,1,1,35,青年水库,水库,387841521,109.1171551,22.890053,青年水库,False,782
WS018,1,1,36,青年水库,水库,387841521,109.1172409,22.8901321,青年水库,False,783
WS018,1,1,37,青年水库,水库,387841521,109.1174984,22.8901321,青年水库,False,784
WS018,1,1,38,青年水库,水库,387841521,109.1180134,22.8898949,青年水库,False,785
WS018,1,1,39,青年水库,水库,387841521,109.1185284,22.8898949,青年水库,False,786
WS018,1,1,40,青年水库,水库,387841521,109.1188717,22.890053,青年水库,False,787
WS018,1,1,41,青年水库,水库,387841521,109.1190434,22.890053,青年水库,False,788
WS018,1,1,42,青年水库,水库,387841521,109.119215,22.8902111,青年水库,False,789
WS018,1,1,43,青年水库,水库,387841521,109.1196442,22.8902111,青年水库,False,790
WS018,1,1,44,青年水库,水库,387841521,109.1199017,22.890053,青年水库,False,791
WS018,1,1,45,青年水库,水库,387841521,109.1203308,22.890053,青年水库,False,792
WS018,1,1,46,青年水库,水库,387841521,109.1205883,22.8898949,青年水库,False,793
WS018,1,1,47,青年水库,水库,387841521,109.1209316,22.8901321,青年水库,False,794
WS018,1,1,48,青年水库,水库,387841521,109.1211033,22.8901321,青年水库,False,795
WS018,1,1,49,青年水库,水库,387841521,109.1213179,22.8903297,青年水库,False,796
WS018,1,1,50,青年水库,水库,387841521,109.121232,22.8904088,青年水库,False,797
WS018,1,1,51,青年水库,水库,387841521,109.1214895,22.890646,青年水库,False,798
WS018,1,1,52,青年水库,水库,387841521,109.1215754,22.8911995,青年水库,False,799
WS018,1,1,53,青年水库,水库,387841521,109.1219616,22.8916344,青年水库,False,800
WS018,1,1,54,青年水库,水库,387841521,109.1224766,22.8917135,青年水库,False,801
WS018,1,1,55,青年水库,水库,387841521,109.1227341,22.8918716,青年水库,False,802
WS018,1,1,56,青年水库,水库,387841521,109.1229057,22.8918716,青年水库,False,803
WS018,1,1,57,青年水库,水库,387841521,109.1232491,22.8921879,青年水库,False,804
WS018,1,1,58,青年水库,水库,387841521,109.1235924,22.892267,青年水库,False,805
WS018,1,1,59,青年水库,水库,387841521,109.1241932,22.8926623,青年水库,False,806
WS018,1,1,60,青年水库,水库,387841521,109.1245365,22.8926623,青年水库,False,807
WS018,1,1,61,青年水库,水库,387841521,109.125309,22.8929786,青年水库,False,808
WS018,1,1,62,青年水库,水库,387841521,109.1257381,22.8928996,青年水库,False,809
WS018,1,1,63,青年水库,水库,387841521,109.1260815,22.8930577,青年水库,False,810
WS018,1,1,64,青年水库,水库,387841521,109.1262102,22.8930182,青年水库,False,811
WS018,1,1,65,青年水库,水库,387841521,109.1263338,22.8928655,青年水库,False,812
WS018,1,1,66,青年水库,水库,387841521,109.1265535,22.8924647,青年水库,False,813
WS018,1,1,67,青年水库,水库,387841521,109.1266308,22.8921049,青年水库,False,814
WS018,1,1,68,青年水库,水库,387841521,109.1268969,22.8915949,青年水库,False,815
WS018,1,1,69,青年水库,水库,387841521,109.1269827,22.8911995,青年水库,False,816
WS018,1,1,70,青年水库,水库,387841521,109.1270685,22.8911205,青年水库,False,817
WS018,1,1,71,青年水库,水库,387841521,109.1270685,22.8908833,青年水库,False,818
WS018,1,1,72,青年水库,水库,387841521,109.1272402,22.8907251,青年水库,False,819
WS018,1,1,73,青年水库,水库,387841521,109.1274977,22.8900925,青年水库,False,820
WS018,1,1,74,青年水库,水库,387841521,109.1276453,22.8896616,青年水库,False,821
WS018,1,1,75,青年水库,水库,387841521,109.1265965,22.8896576,青年水库,False,822
WS018,1,1,76,青年水库,水库,387841521,109.1259098,22.8902111,青年水库,False,823
WS018,1,1,77,青年水库,水库,387841521,109.1253948,22.8902111,青年水库,False,824
WS018,1,1,78,青年水库,水库,387841521,109.1252661,22.8900925,青年水库,False,825
WS018,1,1,79,青年水库,水库,387841521,109.1252661,22.8897762,青年水库,False,826
WS018,1,1,80,青年水库,水库,387841521,109.1255236,22.8896181,青年水库,False,827
WS018,1,1,81,青年水库,水库,387841521,109.1254807,22.8894204,青年水库,False,828
WS018,1,1,82,青年水库,水库,387841521,109.1253948,22.8894204,青年水库,False,829
WS018,1,1,83,青年水库,水库,387841521,109.1247082,22.8888669,青年水库,False,830
WS018,1,1,84,青年水库,水库,387841521,109.1241932,22.8891041,青年水库,False,831
WS018,1,1,85,青年水库,水库,387841521,109.1240215,22.8891041,青年水库,False,832
WS018,1,1,86,青年水库,水库,387841521,109.1239357,22.888946,青年水库,False,833
WS018,1,1,87,青年水库,水库,387841521,109.123807,22.8889065,青年水库,False,834
WS018,1,1,88,青年水库,水库,387841521,109.1240215,22.8888669,青年水库,False,835
WS018,1,1,89,青年水库,水库,387841521,109.1241503,22.8886692,青年水库,False,836
WS018,1,1,90,青年水库,水库,387841521,109.1239786,22.8885111,青年水库,False,837
WS018,1,1,91,青年水库,水库,387841521,109.1239786,22.8883529,青年水库,False,838
WS018,1,1,92,青年水库,水库,387841521,109.1241503,22.8882739,青年水库,False,839
WS018,1,1,93,青年水库,水库,387841521,109.1240644,22.8881157,青年水库,False,840
WS018,1,1,94,青年水库,水库,387841521,109.1241503,22.8879576,青年水库,False,841
WS018,1,1,95,青年水库,水库,387841521,109.1239357,22.8877599,青年水库,False,842
WS018,1,1,96,青年水库,水库,387841521,109.1236782,22.887918,青年水库,False,843
WS018,1,1,97,青年水库,水库,387841521,109.1229916,22.887918,青年水库,False,844
WS018,1,1,98,青年水库,水库,387841521,109.1229486,22.8881157,青年水库,False,845
WS018,1,1,99,青年水库,水库,387841521,109.1228199,22.8882343,青年水库,False,846
WS018,1,1,100,青年水库,水库,387841521,109.1226482,22.8880762,青年水库,False,847
WS018,1,1,101,青年水库,水库,387841521,109.1221333,22.8879971,青年水库,False,848
WS018,1,1,102,青年水库,水库,387841521,109.1219616,22.887839,青年水库,False,849
WS018,1,1,103,青年水库,水库,387841521,109.1216183,22.887839,青年水库,False,850
WS018,1,1,104,青年水库,水库,387841521,109.1213608,22.8879971,青年水库,False,851
WS018,1,1,105,青年水库,水库,387841521,109.1211033,22.887839,青年水库,False,852
WS018,1,1,106,青年水库,水库,387841521,109.1208458,22.887839,青年水库,False,853
WS018,1,1,107,青年水库,水库,387841521,109.1203737,22.8874041,青年水库,False,854
WS018,1,1,108,青年水库,水库,387841521,109.1203737,22.8864552,青年水库,False,855
WS018,1,1,109,青年水库,水库,387841521,109.1198587,22.8860598,青年水库,False,856
WS018,1,1,110,青年水库,水库,387841521,109.1198587,22.8859017,青年水库,False,857
WS018,1,1,111,青年水库,水库,387841521,109.1194296,22.8855854,青年水库,False,858
WS018,1,1,112,青年水库,水库,387841521,109.1193008,22.8853877,青年水库,False,859
WS018,1,1,113,青年水库,水库,387841521,109.1190863,22.8853481,青年水库,False,860
WS018,1,1,114,青年水库,水库,387841521,109.1189146,22.8850318,青年水库,False,861
WS018,1,1,115,青年水库,水库,387841521,109.1188288,22.8845574,青年水库,False,862
WS018,1,1,116,青年水库,水库,387841521,109.1190004,22.8842411,青年水库,False,863
WS018,1,1,117,青年水库,水库,387841521,109.1182709,22.8838062,青年水库,False,864
WS018,1,1,118,青年水库,水库,387841521,109.1178417,22.8832527,青年水库,False,865
WS018,1,1,119,青年水库,水库,387841521,109.1176701,22.8832527,青年水库,False,866
WS018,1,1,120,青年水库,水库,387841521,109.1172409,22.8830154,青年水库,False,867
WS018,1,1,121,青年水库,水库,387841521,109.1168976,22.8830154,青年水库,False,868
WS018,1,1,122,青年水库,水库,387841521,109.1159534,22.8823037,青年水库,False,869
WS018,1,1,123,青年水库,水库,387841521,109.1155243,22.8823828,青年水库,False,870
WS018,1,1,124,青年水库,水库,387841521,109.115181,22.8821456,青年水库,False,871
WS018,1,1,125,青年水库,水库,387841521,109.1143227,22.8820665,青年水库,False,872
WS018,1,1,126,青年水库,水库,387841521,109.1139793,22.8818293,青年水库,False,873
WS018,1,1,127,青年水库,水库,387841521,109.1138077,22.8819084,青年水库,False,874
WS018,1,1,128,青年水库,水库,387841521,109.1133785,22.8818293,青年水库,False,875
WS018,1,1,129,青年水库,水库,387841521,109.1132927,22.8819084,青年水库,False,876
WS018,1,1,130,青年水库,水库,387841521,109.1129494,22.8819084,青年水库,False,877
WS018,1,1,131,青年水库,水库,387841521,109.1127348,22.8816316,青年水库,False,878
WS018,1,1,132,青年水库,水库,387841521,109.1127348,22.8814734,青年水库,False,879
WS018,1,1,133,青年水库,水库,387841521,109.1123915,22.8811571,青年水库,False,880
WS018,1,1,134,青年水库,水库,387841521,109.1122198,22.8807617,青年水库,False,881
WS018,1,1,135,青年水库,水库,387841521,109.1118765,22.8803664,青年水库,False,882
WS018,1,1,136,青年水库,水库,387841521,109.1118765,22.8800501,青年水库,False,883
WS018,1,1,137,青年水库,水库,387841521,109.111619,22.8798128,青年水库,False,884
WS018,1,1,138,青年水库,水库,387841521,109.1114473,22.878943,青年水库,False,885
WS018,1,1,139,青年水库,水库,387841521,109.1113186,22.8788243,青年水库,False,886
WS018,1,1,140,青年水库,水库,387841521,109.1107178,22.8788243,青年水库,False,887
WS018,1,1,141,青年水库,水库,387841521,109.1103315,22.8784685,青年水库,False,888
WS018,1,1,142,青年水库,水库,387841521,109.1103315,22.8782313,青年水库,False,889
WS018,1,1,143,青年水库,水库,387841521,109.1107607,22.877994,青年水库,False,890
WS018,1,1,144,青年水库,水库,387841521,109.1110182,22.8775986,青年水库,False,891
WS018,1,1,145,青年水库,水库,387841521,109.1108894,22.87748,青年水库,False,892
WS018,1,1,146,青年水库,水库,387841521,109.1107178,22.87748,青年水库,False,893
WS018,1,1,147,青年水库,水库,387841521,109.1104603,22.8773218,青年水库,False,894
WS018,1,1,148,青年水库,水库,387841521,109.1100311,22.8773218,青年水库,False,895
WS018,1,1,149,青年水库,水库,387841521,109.1099453,22.8772428,青年水库,False,896
WS018,1,1,150,青年水库,水库,387841521,109.1086578,22.8772428,青年水库,False,897
WS018,1,1,151,青年水库,水库,387841521,109.1084003,22.87748,青年水库,False,898
WS018,1,1,152,青年水库,水库,387841521,109.108057,22.87748,青年水库,False,899
WS018,1,1,153,青年水库,水库,387841521,109.1078854,22.8773218,青年水库,False,900
WS018,1,1,154,青年水库,水库,387841521,109.107542,22.8773218,青年水库,False,901
WS018,1,1,155,青年水库,水库,387841521,109.1071129,22.8771637,青年水库,False,902
WS018,1,1,156,青年水库,水库,387841521,109.1069412,22.8773218,青年水库,False,903
WS018,1,1,157,青年水库,水库,387841521,109.1067696,22.8773218,青年水库,False,904
WS018,1,1,158,青年水库,水库,387841521,109.1065121,22.87748,青年水库,False,905
WS018,1,1,159,青年水库,水库,387841521,109.1064262,22.8777172,青年水库,False,906
WS018,1,1,160,青年水库,水库,387841521,109.1061687,22.8777963,青年水库,False,907
WS018,1,1,161,青年水库,水库,387841521,109.1060829,22.8779545,青年水库,False,908
WS018,1,1,162,青年水库,水库,387841521,109.1058683,22.8780731,青年水库,False,909
WS018,1,1,163,青年水库,水库,387841521,109.1057825,22.8783103,青年水库,False,910
WS018,1,1,164,青年水库,水库,387841521,109.1056108,22.8784685,青年水库,False,911
WS018,1,1,165,青年水库,水库,387841521,109.1056108,22.8786266,青年水库,False,912
WS018,1,1,166,青年水库,水库,387841521,109.1054392,22.8787848,青年水库,False,913
WS018,1,1,167,青年水库,水库,387841521,109.1054392,22.878943,青年水库,False,914
WS018,1,1,168,青年水库,水库,387841521,109.1055679,22.8790616,青年水库,False,915
WS018,1,1,169,青年水库,水库,387841521,109.1059113,22.8790616,青年水库,False,916
WS018,1,1,170,青年水库,水库,387841521,109.1059971,22.8789825,青年水库,False,917
WS018,1,1,171,青年水库,水库,387841521,109.1064692,22.8793384,青年水库,False,918
WS018,1,1,172,青年水库,水库,387841521,109.1064692,22.8794965,青年水库,False,919
WS018,1,1,173,青年水库,水库,387841521,109.1063833,22.8795756,青年水库,False,920
WS018,1,1,174,青年水库,水库,387841521,109.1063833,22.879971,青年水库,False,921
WS018,1,1,175,青年水库,水库,387841521,109.1064692,22.8800501,青年水库,False,922
WS018,1,1,176,青年水库,水库,387841521,109.1064692,22.8804454,青年水库,False,923
WS018,1,1,177,青年水库,水库,387841521,109.106555,22.8805245,青年水库,False,924
WS018,1,1,178,青年水库,水库,387841521,109.106555,22.8806827,青年水库,False,925
WS018,1,1,179,青年水库,水库,387841521,109.1069412,22.8810385,青年水库,False,926
WS018,1,1,180,青年水库,水库,387841521,109.1072845,22.8810385,青年水库,False,927
WS018,1,1,181,青年水库,水库,387841521,109.1074562,22.8811176,青年水库,False,928
WS018,1,1,182,青年水库,水库,387841521,109.1077566,22.8813944,青年水库,False,929
WS018,1,1,183,青年水库,水库,387841521,109.1077566,22.8815525,青年水库,False,930
WS018,1,1,184,青年水库,水库,387841521,109.1079283,22.8817897,青年水库,False,931
WS018,1,1,185,青年水库,水库,387841521,109.1079283,22.882027,青年水库,False,932
WS018,1,1,186,青年水库,水库,387841521,109.1077995,22.8821456,青年水库,False,933
WS018,1,1,187,青年水库,水库,387841521,109.107542,22.8821456,青年水库,False,934
WS018,1,1,188,青年水库,水库,387841521,109.1074133,22.882027,青年水库,False,935
WS018,1,1,189,青年水库,水库,387841521,109.1074133,22.8818688,青年水库,False,936
WS018,1,1,190,青年水库,水库,387841521,109.1070271,22.8815921,青年水库,False,937
WS018,1,1,191,青年水库,水库,387841521,109.1065979,22.8815921,青年水库,False,938
WS018,1,1,192,青年水库,水库,387841521,109.1064262,22.8818293,青年水库,False,939
WS018,1,1,193,青年水库,水库,387841521,109.1062117,22.8819479,青年水库,False,940
WS018,1,1,194,青年水库,水库,387841521,109.1062117,22.8821851,青年水库,False,941
WS018,1,1,195,青年水库,水库,387841521,109.1064692,22.8825014,青年水库,False,942
WS018,1,1,196,青年水库,水库,387841521,109.1064692,22.8832131,青年水库,False,943
WS018,1,1,197,青年水库,水库,387841521,109.10604,22.8835294,青年水库,False,944
WS018,1,1,198,青年水库,水库,387841521,109.1059971,22.883648,青年水库,False,945
WS018,1,1,199,青年水库,水库,387841521,109.1056108,22.8838457,青年水库,False,946
WS018,1,1,200,青年水库,水库,387841521,109.1056108,22.8840039,青年水库,False,947
WS018,1,1,201,青年水库,水库,387841521,109.1059113,22.8841225,青年水库,False,948
WS018,1,1,202,青年水库,水库,387841521,109.1064262,22.8841225,青年水库,False,949
WS018,1,1,203,青年水库,水库,387841521,109.1065121,22.8842016,青年水库,False,950
WS018,1,1,204,青年水库,水库,387841521,109.1069412,22.8842806,青年水库,False,951
WS018,1,1,205,青年水库,水库,387841521,109.1073704,22.8841225,青年水库,False,952
WS018,1,1,206,青年水库,水库,387841521,109.107542,22.8839643,青年水库,False,953
WS018,1,1,207,青年水库,水库,387841521,109.1079712,22.8838062,青年水库,False,954
WS018,1,1,208,青年水库,水库,387841521,109.1083145,22.883569,青年水库,False,955
WS018,1,1,209,青年水库,水库,387841521,109.108572,22.883569,青年水库,False,956
WS018,1,1,210,青年水库,水库,387841521,109.1086578,22.883648,青年水库,False,957
WS018,1,1,211,青年水库,水库,387841521,109.1089153,22.883648,青年水库,False,958
WS018,1,1,212,青年水库,水库,387841521,109.109087,22.8838062,青年水库,False,959
WS018,1,1,213,青年水库,水库,387841521,109.1093445,22.8838853,青年水库,False,960
WS018,1,1,214,青年水库,水库,387841521,109.1094732,22.8840039,青年水库,False,961
WS018,1,1,215,青年水库,水库,387841521,109.1094732,22.884162,青年水库,False,962
WS018,1,1,216,青年水库,水库,387841521,109.1096449,22.8843992,青年水库,False,963
WS018,1,1,217,青年水库,水库,387841521,109.1096449,22.8850318,青年水库,False,964
WS018,1,1,218,青年水库,水库,387841521,109.1098166,22.8854272,青年水库,False,965
WS018,1,1,219,青年水库,水库,387841521,109.1098166,22.8859807,青年水库,False,966
WS018,1,1,220,青年水库,水库,387841521,109.1097307,22.8860598,青年水库,False,967
WS018,1,1,221,青年水库,水库,387841521,109.1097307,22.886218,青年水库,False,968
WS018,1,1,222,青年水库,水库,387841521,109.109087,22.8869692,青年水库,False,969
WS018,1,1,223,青年水库,水库,387841521,109.1089153,22.8869692,青年水库,False,970
WS018,1,1,224,青年水库,水库,387841521,109.1088295,22.8870482,青年水库,False,971
WS018,1,1,225,青年水库,水库,387841521,109.1082287,22.8870482,青年水库,False,972
WS018,1,1,226,青年水库,水库,387841521,109.1078424,22.8878785,青年水库,False,973
WS018,1,1,227,青年水库,水库,387841521,109.1078424,22.8881157,青年水库,False,974
WS019,1,1,1,,一般水体,387844253,109.0913631,22.8959603,未记录,True,975
WS019,1,1,2,,一般水体,387844253,109.0914713,22.8959033,未记录,True,976
WS019,1,1,3,,一般水体,387844253,109.091595,22.8959674,未记录,True,977
WS019,1,1,4,,一般水体,387844253,109.0917651,22.8957965,未记录,True,978
WS019,1,1,5,,一般水体,387844253,109.0920434,22.8958036,未记录,True,979
WS019,1,1,6,,一般水体,387844253,109.0924609,22.8957039,未记录,True,980
WS019,1,1,7,,一般水体,387844253,109.0926696,22.8955615,未记录,True,981
WS019,1,1,8,,一般水体,387844253,109.0936282,22.895241,未记录,True,982
WS019,1,1,9,,一般水体,387844253,109.0938137,22.895006,未记录,True,983
WS019,1,1,10,,一般水体,387844253,109.0937441,22.8948494,未记录,True,984
WS019,1,1,11,,一般水体,387844253,109.094293,22.8941372,未记录,True,985
WS019,1,1,12,,一般水体,387844253,109.0943935,22.8939093,未记录,True,986
WS019,1,1,13,,一般水体,387844253,109.0945017,22.8931758,未记录,True,987
WS019,1,1,14,,一般水体,387844253,109.0932571,22.8932612,未记录,True,988
WS019,1,1,15,,一般水体,387844253,109.0929092,22.8939805,未记录,True,989
WS019,1,1,16,,一般水体,387844253,109.0923604,22.8943152,未记录,True,990
WS019,1,1,17,,一般水体,387844253,109.0914018,22.8945431,未记录,True,991
WS019,1,1,18,,一般水体,387844253,109.0906906,22.8945503,未记录,True,992
WS019,1,1,19,,一般水体,387844253,109.09042,22.8943651,未记录,True,993
WS019,1,1,20,,一般水体,387844253,109.0902499,22.8948137,未记录,True,994
WS019,1,1,21,,一般水体,387844253,109.0905823,22.8950345,未记录,True,995
WS019,1,1,22,,一般水体,387844253,109.0910694,22.8953692,未记录,True,996
WS019,1,1,23,,一般水体,387844253,109.0910848,22.8955045,未记录,True,997
WS019,1,1,24,,一般水体,387844253,109.0912626,22.8956683,未记录,True,998
WS019,1,1,25,,一般水体,387844253,109.0911621,22.8957751,未记录,True,999
WS019,1,1,26,,一般水体,387844253,109.0913631,22.8959603,未记录,True,1000
WS020,1,1,1,,一般水体,387873269,109.1957059,22.8972819,未记录,True,1001
WS020,1,1,2,,一般水体,387873269,109.1956055,22.8967055,未记录,True,1002
WS020,1,1,3,,一般水体,387873269,109.1955129,22.8964707,未记录,True,1003
WS020,1,1,4,,一般水体,387873269,109.1953507,22.8964423,未记录,True,1004
WS020,1,1,5,,一般水体,387873269,109.1946864,22.8967482,未记录,True,1005
WS020,1,1,6,,一般水体,387873269,109.1944856,22.8969403,未记录,True,1006
WS020,1,1,7,,一般水体,387873269,109.1945011,22.8974597,未记录,True,1007
WS020,1,1,8,,一般水体,387873269,109.1946478,22.897602,未记录,True,1008
WS020,1,1,9,,一般水体,387873269,109.1949104,22.8976447,未记录,True,1009
WS020,1,1,10,,一般水体,387873269,109.195173,22.897538,未记录,True,1010
WS020,1,1,11,,一般水体,387873269,109.1954974,22.8973957,未记录,True,1011
WS020,1,1,12,,一般水体,387873269,109.1956442,22.8973957,未记录,True,1012
WS020,1,1,13,,一般水体,387873269,109.1957059,22.8972819,未记录,True,1013
WS021,1,1,1,,一般水体,387873270,109.1690287,22.9025326,未记录,True,1014
WS021,1,1,2,,一般水体,387873270,109.168936,22.9023121,未记录,True,1015
WS021,1,1,3,,一般水体,387873270,109.1685189,22.9020844,未记录,True,1016
WS021,1,1,4,,一般水体,387873270,109.1682717,22.9020631,未记录,True,1017
WS021,1,1,5,,一般水体,387873270,109.1682795,22.9021698,未记录,True,1018
WS021,1,1,6,,一般水体,387873270,109.1679551,22.9025184,未记录,True,1019
WS021,1,1,7,,一般水体,387873270,109.1678856,22.9026892,未记录,True,1020
WS021,1,1,8,,一般水体,387873270,109.1676847,22.902988,未记录,True,1021
WS021,1,1,9,,一般水体,387873270,109.1678547,22.9031658,未记录,True,1022
WS021,1,1,10,,一般水体,387873270,109.1680941,22.9030378,未记录,True,1023
WS021,1,1,11,,一般水体,387873270,109.1681327,22.9029168,未记录,True,1024
WS021,1,1,12,,一般水体,387873270,109.1685343,22.902682,未记录,True,1025
WS021,1,1,13,,一般水体,387873270,109.1688742,22.9025255,未记录,True,1026
WS021,1,1,14,,一般水体,387873270,109.1690287,22.9025326,未记录,True,1027
WS022,1,1,1,,一般水体,387873271,109.1943543,22.8904513,未记录,True,1028
WS022,1,1,2,,一般水体,387873271,109.1955206,22.8901809,未记录,True,1029
WS022,1,1,3,,一般水体,387873271,109.1954356,22.8897326,未记录,True,1030
WS022,1,1,4,,一般水体,387873271,109.1956442,22.8892203,未记录,True,1031
WS022,1,1,5,,一般水体,387873271,109.1953584,22.8884732,未记录,True,1032
WS022,1,1,6,,一般水体,387873271,109.1949954,22.8885444,未记录,True,1033
WS022,1,1,7,,一般水体,387873271,109.1949104,22.8884803,未记录,True,1034
WS022,1,1,8,,一般水体,387873271,109.1944084,22.8885515,未记录,True,1035
WS022,1,1,9,,一般水体,387873271,109.1943543,22.8888005,未记录,True,1036
WS022,1,1,10,,一般水体,387873271,109.1941612,22.8890353,未记录,True,1037
WS022,1,1,11,,一般水体,387873271,109.1938446,22.8891634,未记录,True,1038
WS022,1,1,12,,一般水体,387873271,109.1938291,22.8895121,未记录,True,1039
WS022,1,1,13,,一般水体,387873271,109.1939604,22.8898892,未记录,True,1040
WS022,1,1,14,,一般水体,387873271,109.1941921,22.8900742,未记录,True,1041
WS022,1,1,15,,一般水体,387873271,109.1942771,22.8902165,未记录,True,1042
WS022,1,1,16,,一般水体,387873271,109.1943543,22.8904513,未记录,True,1043
WS023,1,1,1,,一般水体,387873272,109.1954897,22.8921092,未记录,True,1044
WS023,1,1,2,,一般水体,387873272,109.1955824,22.8916965,未记录,True,1045
WS023,1,1,3,,一般水体,387873272,109.1956055,22.891298,未记录,True,1046
WS023,1,1,4,,一般水体,387873272,109.1956673,22.8911486,未记录,True,1047
WS023,1,1,5,,一般水体,387873272,109.1956982,22.8908782,未记录,True,1048
WS023,1,1,6,,一般水体,387873272,109.1955592,22.8906932,未记录,True,1049
WS023,1,1,7,,一般水体,387873272,109.1955669,22.8903517,未记录,True,1050
WS023,1,1,8,,一般水体,387873272,109.1953507,22.8903446,未记录,True,1051
WS023,1,1,9,,一般水体,387873272,109.1944007,22.8905438,未记录,True,1052
WS023,1,1,10,,一般水体,387873272,109.1943775,22.8908853,未记录,True,1053
WS023,1,1,11,,一般水体,387873272,109.1945474,22.8909849,未记录,True,1054
WS023,1,1,12,,一般水体,387873272,109.1945937,22.8911557,未记录,True,1055
WS023,1,1,13,,一般水体,387873272,109.1947405,22.8913407,未记录,True,1056
WS023,1,1,14,,一般水体,387873272,109.1946555,22.8915399,未记录,True,1057
WS023,1,1,15,,一般水体,387873272,109.1948023,22.8917392,未记录,True,1058
WS023,1,1,16,,一般水体,387873272,109.1948872,22.8919028,未记录,True,1059
WS023,1,1,17,,一般水体,387873272,109.1953352,22.8921518,未记录,True,1060
WS023,1,1,18,,一般水体,387873272,109.1954897,22.8921092,未记录,True,1061
WS024,1,1,1,,一般水体,387873273,109.2000543,22.8901738,未记录,True,1062
WS024,1,1,2,,一般水体,387873273,109.1997994,22.8900813,未记录,True,1063
WS024,1,1,3,,一般水体,387873273,109.1997145,22.8899319,未记录,True,1064
WS024,1,1,4,,一般水体,387873273,109.1995755,22.8899532,未记录,True,1065
WS024,1,1,5,,一般水体,387873273,109.1993978,22.8906292,未记录,True,1066
WS024,1,1,6,,一般水体,387873273,109.1991661,22.891049,未记录,True,1067
WS024,1,1,7,,一般水体,387873273,109.1991893,22.8912055,未记录,True,1068
WS024,1,1,8,,一般水体,387873273,109.1991507,22.8914545,未记录,True,1069
WS024,1,1,9,,一般水体,387873273,109.1992511,22.8914759,未记录,True,1070
WS024,1,1,10,,一般水体,387873273,109.1994442,22.8914047,未记录,True,1071
WS024,1,1,11,,一般水体,387873273,109.1996141,22.8915542,未记录,True,1072
WS024,1,1,12,,一般水体,387873273,109.1999385,22.891483,未记录,True,1073
WS024,1,1,13,,一般水体,387873273,109.1999616,22.8913407,未记录,True,1074
WS024,1,1,14,,一般水体,387873273,109.2000466,22.8912909,未记录,True,1075
WS024,1,1,15,,一般水体,387873273,109.1998844,22.8911344,未记录,True,1076
WS024,1,1,16,,一般水体,387873273,109.1999385,22.890928,未记录,True,1077
WS024,1,1,17,,一般水体,387873273,109.1998999,22.8907217,未记录,True,1078
WS024,1,1,18,,一般水体,387873273,109.200008,22.8905296,未记录,True,1079
WS024,1,1,19,,一般水体,387873273,109.2001393,22.8904797,未记录,True,1080
WS024,1,1,20,,一般水体,387873273,109.200147,22.8902876,未记录,True,1081
WS024,1,1,21,,一般水体,387873273,109.2000543,22.8901738,未记录,True,1082
WS025,1,1,1,,一般水体,387873275,109.1698551,22.9022338,未记录,True,1083
WS025,1,1,2,,一般水体,387873275,109.1699169,22.9018852,未记录,True,1084
WS025,1,1,3,,一般水体,387873275,109.1696929,22.9017073,未记录,True,1085
WS025,1,1,4,,一般水体,387873275,109.169577,22.901501,未记录,True,1086
WS025,1,1,5,,一般水体,387873275,109.1696234,22.9012804,未记录,True,1087
WS025,1,1,6,,一般水体,387873275,109.1693917,22.9012164,未记录,True,1088
WS025,1,1,7,,一般水体,387873275,109.1694303,22.9007966,未记录,True,1089
WS025,1,1,8,,一般水体,387873275,109.1693067,22.9006188,未记录,True,1090
WS025,1,1,9,,一般水体,387873275,109.1693299,22.9004053,未记录,True,1091
WS025,1,1,10,,一般水体,387873275,109.1691986,22.9003413,未记录,True,1092
WS025,1,1,11,,一般水体,387873275,109.1691136,22.9002203,未记录,True,1093
WS025,1,1,12,,一般水体,387873275,109.1688047,22.9001776,未记录,True,1094
WS025,1,1,13,,一般水体,387873275,109.1682949,22.9001634,未记录,True,1095
WS025,1,1,14,,一般水体,387873275,109.1680555,22.900263,未记录,True,1096
WS025,1,1,15,,一般水体,387873275,109.1675998,22.9001634,未记录,True,1097
WS025,1,1,16,,一般水体,387873275,109.1668043,22.9004124,未记录,True,1098
WS025,1,1,17,,一般水体,387873275,109.1666652,22.9004765,未记录,True,1099
WS025,1,1,18,,一般水体,387873275,109.1664335,22.900448,未记录,True,1100
WS025,1,1,19,,一般水体,387873275,109.1661709,22.9003697,未记录,True,1101
WS025,1,1,20,,一般水体,387873275,109.1660628,22.9003626,未记录,True,1102
WS025,1,1,21,,一般水体,387873275,109.1660087,22.9005263,未记录,True,1103
WS025,1,1,22,,一般水体,387873275,109.165862,22.9005476,未记录,True,1104
WS025,1,1,23,,一般水体,387873275,109.1658465,22.9006543,未记录,True,1105
WS025,1,1,24,,一般水体,387873275,109.1656303,22.9006614,未记录,True,1106
WS025,1,1,25,,一般水体,387873275,109.1655762,22.9008251,未记录,True,1107
WS025,1,1,26,,一般水体,387873275,109.1654835,22.9009318,未记录,True,1108
WS025,1,1,27,,一般水体,387873275,109.1652982,22.9009532,未记录,True,1109
WS025,1,1,28,,一般水体,387873275,109.1651514,22.9011026,未记录,True,1110
WS025,1,1,29,,一般水体,387873275,109.1651051,22.9012733,未记录,True,1111
WS025,1,1,30,,一般水体,387873275,109.1659083,22.9011951,未记录,True,1112
WS025,1,1,31,,一般水体,387873275,109.1660473,22.9009176,未记录,True,1113
WS025,1,1,32,,一般水体,387873275,109.1662482,22.9007966,未记录,True,1114
WS025,1,1,33,,一般水体,387873275,109.1661632,22.9011026,未记录,True,1115
WS025,1,1,34,,一般水体,387873275,109.1664412,22.9010599,未记录,True,1116
WS025,1,1,35,,一般水体,387873275,109.1668506,22.9011595,未记录,True,1117
WS025,1,1,36,,一般水体,387873275,109.16709,22.9013872,未记录,True,1118
WS025,1,1,37,,一般水体,387873275,109.1672986,22.9016504,未记录,True,1119
WS025,1,1,38,,一般水体,387873275,109.1675612,22.90175,未记录,True,1120
WS025,1,1,39,,一般水体,387873275,109.1678238,22.9019919,未记录,True,1121
WS025,1,1,40,,一般水体,387873275,109.1681404,22.9020061,未记录,True,1122
WS025,1,1,41,,一般水体,387873275,109.1684339,22.901935,未记录,True,1123
WS025,1,1,42,,一般水体,387873275,109.1688665,22.9021413,未记录,True,1124
WS025,1,1,43,,一般水体,387873275,109.1690287,22.9022907,未记录,True,1125
WS025,1,1,44,,一般水体,387873275,109.1691445,22.9024046,未记录,True,1126
WS025,1,1,45,,一般水体,387873275,109.1695848,22.9023405,未记录,True,1127
WS025,1,1,46,,一般水体,387873275,109.1696774,22.9022409,未记录,True,1128
WS025,1,1,47,,一般水体,387873275,109.1698551,22.9022338,未记录,True,1129
WS026,1,1,1,,一般水体,387873276,109.1696234,22.9029239,未记录,True,1130
WS026,1,1,2,,一般水体,387873276,109.1697701,22.9025042,未记录,True,1131
WS026,1,1,3,,一般水体,387873276,109.1696543,22.9024615,未记录,True,1132
WS026,1,1,4,,一般水体,387873276,109.169353,22.9024615,未记录,True,1133
WS026,1,1,5,,一般水体,387873276,109.1691291,22.9025753,未记录,True,1134
WS026,1,1,6,,一般水体,387873276,109.1691445,22.9026892,未记录,True,1135
WS026,1,1,7,,一般水体,387873276,109.169299,22.9027532,未记录,True,1136
WS026,1,1,8,,一般水体,387873276,109.1694612,22.9029097,未记录,True,1137
WS026,1,1,9,,一般水体,387873276,109.1696234,22.9029239,未记录,True,1138
WS027,1,1,1,大陆水库,水库,488119411,109.2528319,22.9349238,大陆水库,False,1139
WS027,1,1,2,大陆水库,水库,488119411,109.2530733,22.9344791,大陆水库,False,1140
WS027,1,1,3,大陆水库,水库,488119411,109.2531323,22.9338616,大陆水库,False,1141
WS027,1,1,4,大陆水库,水库,488119411,109.2532825,22.9337529,大陆水库,False,1142
WS027,1,1,5,大陆水库,水库,488119411,109.2537278,22.9337035,大陆水库,False,1143
WS027,1,1,6,大陆水库,水库,488119411,109.2540282,22.9336393,大陆水库,False,1144
WS027,1,1,7,大陆水库,水库,488119411,109.2544305,22.9336244,大陆水库,False,1145
WS027,1,1,8,大陆水库,水库,488119411,109.2547148,22.9335059,大陆水库,False,1146
WS027,1,1,9,大陆水库,水库,488119411,109.2549294,22.9334713,大陆水库,False,1147
WS027,1,1,10,大陆水库,水库,488119411,109.2551064,22.93358,大陆水库,False,1148
WS027,1,1,11,大陆水库,水库,488119411,109.2552727,22.9338715,大陆水库,False,1149
WS027,1,1,12,大陆水库,水库,488119411,109.2556214,22.9340147,大陆水库,False,1150
WS027,1,1,13,大陆水库,水库,488119411,109.2561793,22.9340197,大陆水库,False,1151
WS027,1,1,14,大陆水库,水库,488119411,109.2564261,22.9339752,大陆水库,False,1152
WS027,1,1,15,大陆水库,水库,488119411,109.2566997,22.9339653,大陆水库,False,1153
WS027,1,1,16,大陆水库,水库,488119411,109.2568552,22.9338912,大陆水库,False,1154
WS027,1,1,17,大陆水库,水库,488119411,109.2570591,22.9338319,大陆水库,False,1155
WS027,1,1,18,大陆水库,水库,488119411,109.2573112,22.9338418,大陆水库,False,1156
WS027,1,1,19,大陆水库,水库,488119411,109.2573971,22.9339653,大陆水库,False,1157
WS027,1,1,20,大陆水库,水库,488119411,109.2578638,22.9339703,大陆水库,False,1158
WS027,1,1,21,大陆水库,水库,488119411,109.2579496,22.9341876,大陆水库,False,1159
WS027,1,1,22,大陆水库,水库,488119411,109.2582446,22.9343359,大陆水库,False,1160
WS027,1,1,23,大陆水库,水库,488119411,109.2582822,22.9345038,大陆水库,False,1161
WS027,1,1,24,大陆水库,水库,488119411,109.2581803,22.934736,大陆水库,False,1162
WS027,1,1,25,大陆水库,水库,488119411,109.2584914,22.9347064,大陆水库,False,1163
WS027,1,1,26,大陆水库,水库,488119411,109.2588615,22.9349732,大陆水库,False,1164
WS027,1,1,27,大陆水库,水库,488119411,109.2591512,22.9350127,大陆水库,False,1165
WS027,1,1,28,大陆水库,水库,488119411,109.2595321,22.9349979,大陆水库,False,1166
WS027,1,1,29,大陆水库,水库,488119411,109.2599398,22.9348101,大陆水库,False,1167
WS027,1,1,30,大陆水库,水库,488119411,109.2601597,22.9346323,大陆水库,False,1168
WS027,1,1,31,大陆水库,水库,488119411,109.2603743,22.9344396,大陆水库,False,1169
WS027,1,1,32,大陆水库,水库,488119411,109.2605352,22.9343803,大陆水库,False,1170
WS027,1,1,33,大陆水库,水库,488119411,109.2606908,22.9341975,大陆水库,False,1171
WS027,1,1,34,大陆水库,水库,488119411,109.2608303,22.9342321,大陆水库,False,1172
WS027,1,1,35,大陆水库,水库,488119411,109.2608625,22.9343309,大陆水库,False,1173
WS027,1,1,36,大陆水库,水库,488119411,109.2606962,22.934652,大陆水库,False,1174
WS027,1,1,37,大陆水库,水库,488119411,109.2607498,22.9347755,大陆水库,False,1175
WS027,1,1,38,大陆水库,水库,488119411,109.2606318,22.9351115,大陆水库,False,1176
WS027,1,1,39,大陆水库,水库,488119411,109.2607605,22.9353486,大陆水库,False,1177
WS027,1,1,40,大陆水库,水库,488119411,109.2607766,22.935487,大陆水库,False,1178
WS027,1,1,41,大陆水库,水库,488119411,109.2606372,22.9356747,大陆水库,False,1179
WS027,1,1,42,大陆水库,水库,488119411,109.2605942,22.9359415,大陆水库,False,1180
WS027,1,1,43,大陆水库,水库,488119411,109.2605406,22.9361588,大陆水库,False,1181
WS027,1,1,44,大陆水库,水库,488119411,109.2605889,22.9362725,大陆水库,False,1182
WS027,1,1,45,大陆水库,水库,488119411,109.2606157,22.936396,大陆水库,False,1183
WS027,1,1,46,大陆水库,水库,488119411,109.2604387,22.936559,大陆水库,False,1184
WS027,1,1,47,大陆水库,水库,488119411,109.2603421,22.9369789,大陆水库,False,1185
WS027,1,1,48,大陆水库,水库,488119411,109.2605299,22.9369443,大陆水库,False,1186
WS027,1,1,49,大陆水库,水库,488119411,109.2610127,22.9363762,大陆水库,False,1187
WS027,1,1,50,大陆水库,水库,488119411,109.2612165,22.9363416,大陆水库,False,1188
WS027,1,1,51,大陆水库,水库,488119411,109.2615008,22.93648,大陆水库,False,1189
WS027,1,1,52,大陆水库,水库,488119411,109.2617315,22.9367368,大陆水库,False,1190
WS027,1,1,53,大陆水库,水库,488119411,109.2616832,22.9364602,大陆水库,False,1191
WS027,1,1,54,大陆水库,水库,488119411,109.2614526,22.9362132,大陆水库,False,1192
WS027,1,1,55,大陆水库,水库,488119411,109.261297,22.9357933,大陆水库,False,1193
WS027,1,1,56,大陆水库,水库,488119411,109.2612809,22.9353585,大陆水库,False,1194
WS027,1,1,57,大陆水库,水库,488119411,109.2613506,22.9346718,大陆水库,False,1195
WS027,1,1,58,大陆水库,水库,488119411,109.2612326,22.9345088,大陆水库,False,1196
WS027,1,1,59,大陆水库,水库,488119411,109.2613023,22.9342963,大陆水库,False,1197
WS027,1,1,60,大陆水库,水库,488119411,109.2615277,22.9341333,大陆水库,False,1198
WS027,1,1,61,大陆水库,水库,488119411,109.2618656,22.9336689,大陆水库,False,1199
WS027,1,1,62,大陆水库,水库,488119411,109.2619828,22.9336248,大陆水库,False,1200
WS027,1,1,63,大陆水库,水库,488119411,109.2621285,22.9335701,大陆水库,False,1201
WS027,1,1,64,大陆水库,水库,488119411,109.2622363,22.9334616,大陆水库,False,1202
WS027,1,1,65,大陆水库,水库,488119411,109.2619051,22.9321627,大陆水库,False,1203
WS027,1,1,66,大陆水库,水库,488119411,109.261356,22.9322658,大陆水库,False,1204
WS027,1,1,67,大陆水库,水库,488119411,109.2605943,22.9326215,大陆水库,False,1205
WS027,1,1,68,大陆水库,水库,488119411,109.2600953,22.9325573,大陆水库,False,1206
WS027,1,1,69,大陆水库,水库,488119411,109.2601329,22.9329278,大陆水库,False,1207
WS027,1,1,70,大陆水库,水库,488119411,109.2594034,22.9330167,大陆水库,False,1208
WS027,1,1,71,大陆水库,水库,488119411,109.2588401,22.9334169,大陆水库,False,1209
WS027,1,1,72,大陆水库,水库,488119411,109.2584163,22.9329772,大陆水库,False,1210
WS027,1,1,73,大陆水库,水库,488119411,109.2580301,22.9328191,大陆水库,False,1211
WS027,1,1,74,大陆水库,水库,488119411,109.2574721,22.9325128,大陆水库,False,1212
WS027,1,1,75,大陆水库,水库,488119411,109.2570537,22.9324535,大陆水库,False,1213
WS027,1,1,76,大陆水库,水库,488119411,109.2562384,22.9326709,大陆水库,False,1214
WS027,1,1,77,大陆水库,水库,488119411,109.2558843,22.9325918,大陆水库,False,1215
WS027,1,1,78,大陆水库,水库,488119411,109.2557502,22.9323202,大陆水库,False,1216
WS027,1,1,79,大陆水库,水库,488119411,109.2549616,22.9323053,大陆水库,False,1217
WS027,1,1,80,大陆水库,水库,488119411,109.2535669,22.9326017,大陆水库,False,1218
WS027,1,1,81,大陆水库,水库,488119411,109.2533898,22.9327006,大陆水库,False,1219
WS027,1,1,82,大陆水库,水库,488119411,109.2527085,22.9327154,大陆水库,False,1220
WS027,1,1,83,大陆水库,水库,488119411,109.2524779,22.9327796,大陆水库,False,1221
WS027,1,1,84,大陆水库,水库,488119411,109.2523599,22.9329575,大陆水库,False,1222
WS027,1,1,85,大陆水库,水库,488119411,109.2521989,22.9331946,大陆水库,False,1223
WS027,1,1,86,大陆水库,水库,488119411,109.2521936,22.9337331,大陆水库,False,1224
WS027,1,1,87,大陆水库,水库,488119411,109.2522579,22.9339258,大陆水库,False,1225
WS027,1,1,88,大陆水库,水库,488119411,109.2521399,22.934074,大陆水库,False,1226
WS027,1,1,89,大陆水库,水库,488119411,109.2516893,22.9344791,大陆水库,False,1227
WS027,1,1,90,大陆水库,水库,488119411,109.2514962,22.9348892,大陆水库,False,1228
WS027,1,1,91,大陆水库,水库,488119411,109.2515284,22.9352795,大陆水库,False,1229
WS027,1,1,92,大陆水库,水库,488119411,109.2513943,22.9355215,大陆水库,False,1230
WS027,1,1,93,大陆水库,水库,488119411,109.2512762,22.935818,大陆水库,False,1231
WS027,1,1,94,大陆水库,水库,488119411,109.2510563,22.9361984,大陆水库,False,1232
WS027,1,1,95,大陆水库,水库,488119411,109.2509383,22.9366627,大陆水库,False,1233
WS027,1,1,96,大陆水库,水库,488119411,109.251067,22.936806,大陆水库,False,1234
WS027,1,1,97,大陆水库,水库,488119411,109.2509758,22.9369048,大陆水库,False,1235
WS027,1,1,98,大陆水库,水库,488119411,109.2507613,22.9369098,大陆水库,False,1236
WS027,1,1,99,大陆水库,水库,488119411,109.250316,22.9368307,大陆水库,False,1237
WS027,1,1,100,大陆水库,水库,488119411,109.2501122,22.9368208,大陆水库,False,1238
WS027,1,1,101,大陆水库,水库,488119411,109.2506647,22.9370629,大陆水库,False,1239
WS027,1,1,102,大陆水库,水库,488119411,109.2510885,22.937058,大陆水库,False,1240
WS027,1,1,103,大陆水库,水库,488119411,109.2512333,22.9369196,大陆水库,False,1241
WS027,1,1,104,大陆水库,水库,488119411,109.251228,22.9367665,大陆水库,False,1242
WS027,1,1,105,大陆水库,水库,488119411,109.2512494,22.9364849,大陆水库,False,1243
WS027,1,1,106,大陆水库,水库,488119411,109.2514586,22.9361391,大陆水库,False,1244
WS027,1,1,107,大陆水库,水库,488119411,109.2520219,22.9361391,大陆水库,False,1245
WS027,1,1,108,大陆水库,水库,488119411,109.2525798,22.9357241,大陆水库,False,1246
WS027,1,1,109,大陆水库,水库,488119411,109.2527354,22.9355018,大陆水库,False,1247
WS027,1,1,110,大陆水库,水库,488119411,109.2527568,22.9352844,大陆水库,False,1248
WS027,1,1,111,大陆水库,水库,488119411,109.2528266,22.935067,大陆水库,False,1249
WS027,1,1,112,大陆水库,水库,488119411,109.2528319,22.9349238,大陆水库,False,1250
WS028,1,1,1,,一般水体,488119492,109.3547667,22.8650714,未记录,True,1251
WS028,1,1,2,,一般水体,488119492,109.3541659,22.8649528,未记录,True,1252
WS028,1,1,3,,一般水体,488119492,109.3532861,22.8649528,未记录,True,1253
WS028,1,1,4,,一般水体,488119492,109.3525565,22.865368,未记录,True,1254
WS028,1,1,5,,一般水体,488119492,109.3521274,22.8654075,未记录,True,1255
WS028,1,1,6,,一般水体,488119492,109.3517197,22.8653284,未记录,True,1256
WS028,1,1,7,,一般水体,488119492,109.3504752,22.864755,未记录,True,1257
WS028,1,1,8,,一般水体,488119492,109.3501104,22.8649725,未记录,True,1258
WS028,1,1,9,,一般水体,488119492,109.3496812,22.8650912,未记录,True,1259
WS028,1,1,10,,一般水体,488119492,109.3492091,22.8651702,未记录,True,1260
WS028,1,1,11,,一般水体,488119492,109.348265,22.8651505,未记录,True,1261
WS028,1,1,12,,一般水体,488119492,109.3478359,22.8649923,未记录,True,1262
WS028,1,1,13,,一般水体,488119492,109.3459476,22.8638258,未记录,True,1263
WS028,1,1,14,,一般水体,488119492,109.3443597,22.8620463,未记录,True,1264
WS028,1,1,15,,一般水体,488119492,109.34330633839427,22.8615453,未记录,True,1265
WS028,1,1,16,,一般水体,488119492,109.34148157028008,22.8615453,未记录,True,1266
WS028,1,1,17,,一般水体,488119492,109.341935,22.8622243,未记录,True,1267
WS028,1,1,18,,一般水体,488119492,109.3425358,22.8629163,未记录,True,1268
WS028,1,1,19,,一般水体,488119492,109.342965,22.8636478,未记录,True,1269
WS028,1,1,20,,一般水体,488119492,109.3431581,22.864498,未记录,True,1270
WS028,1,1,21,,一般水体,488119492,109.3431366,22.864933,未记录,True,1271
WS028,1,1,22,,一般水体,488119492,109.3425358,22.8655855,未记录,True,1272
WS028,1,1,23,,一般水体,488119492,109.3421067,22.8657832,未记录,True,1273
WS028,1,1,24,,一般水体,488119492,109.3397892,22.8658227,未记录,True,1274
WS028,1,1,25,,一般水体,488119492,109.3393601,22.8659216,未记录,True,1275
WS028,1,1,26,,一般水体,488119492,109.3388665,22.8662379,未记录,True,1276
WS028,1,1,27,,一般水体,488119492,109.338888,22.8666531,未记录,True,1277
WS028,1,1,28,,一般水体,488119492,109.3395961,22.8673056,未记录,True,1278
WS028,1,1,29,,一般水体,488119492,109.34039,22.8677208,未记录,True,1279
WS028,1,1,30,,一般水体,488119492,109.3402828,22.8681557,未记录,True,1280
WS028,1,1,31,,一般水体,488119492,109.3403042,22.8685709,未记录,True,1281
WS028,1,1,32,,一般水体,488119492,109.3407977,22.8686895,未记录,True,1282
WS028,1,1,33,,一般水体,488119492,109.3416131,22.8681557,未记录,True,1283
WS028,1,1,34,,一般水体,488119492,109.3421067,22.867958,未记录,True,1284
WS028,1,1,35,,一般水体,488119492,109.3440808,22.867701,未记录,True,1285
WS028,1,1,36,,一般水体,488119492,109.3451107,22.8677208,未记录,True,1286
WS028,1,1,37,,一般水体,488119492,109.346012,22.8678592,未记录,True,1287
WS028,1,1,38,,一般水体,488119492,109.3474067,22.8683732,未记录,True,1288
WS028,1,1,39,,一般水体,488119492,109.3478573,22.8685709,未记录,True,1289
WS028,1,1,40,,一般水体,488119492,109.3481792,22.8688675,未记录,True,1290
WS028,1,1,41,,一般水体,488119492,109.3481363,22.8692629,未记录,True,1291
WS028,1,1,42,,一般水体,488119492,109.3479646,22.8696385,未记录,True,1292
WS028,1,1,43,,一般水体,488119492,109.3479646,22.8700735,未记录,True,1293
WS028,1,1,44,,一般水体,488119492,109.3481577,22.8705085,未记录,True,1294
WS028,1,1,45,,一般水体,488119492,109.3488015,22.8703108,未记录,True,1295
WS028,1,1,46,,一般水体,488119492,109.3491877,22.8699944,未记录,True,1296
WS028,1,1,47,,一般水体,488119492,109.349531,22.8695792,未记录,True,1297
WS028,1,1,48,,一般水体,488119492,109.3498529,22.8687686,未记录,True,1298
WS028,1,1,49,,一般水体,488119492,109.3501533,22.8684127,未记录,True,1299
WS028,1,1,50,,一般水体,488119492,109.350561,22.868215,未记录,True,1300
WS028,1,1,51,,一般水体,488119492,109.3512905,22.8680964,未记录,True,1301
WS028,1,1,52,,一般水体,488119492,109.3518484,22.8680964,未记录,True,1302
WS028,1,1,53,,一般水体,488119492,109.3522776,22.8683139,未记录,True,1303
WS028,1,1,54,,一般水体,488119492,109.3524278,22.8687093,未记录,True,1304
WS028,1,1,55,,一般水体,488119492,109.3529857,22.8689466,未记录,True,1305
WS028,1,1,56,,一般水体,488119492,109.3547667,22.8650714,未记录,True,1306
WS029,1,1,1,,水库,488313188,109.3993128,22.8950814,未记录,True,1307
WS029,1,1,2,,水库,488313188,109.4019306,22.8958919,未记录,True,1308
WS029,1,1,3,,水库,488313188,109.402274,22.8961291,未记录,True,1309
WS029,1,1,4,,水库,488313188,109.4024456,22.8973546,未记录,True,1310
WS029,1,1,5,,水库,488313188,109.4026173,22.8977104,未记录,True,1311
WS029,1,1,6,,水库,488313188,109.4030464,22.8977895,未记录,True,1312
WS029,1,1,7,,水库,488313188,109.403497,22.8977302,未记录,True,1313
WS029,1,1,8,,水库,488313188,109.4038833,22.8975721,未记录,True,1314
WS029,1,1,9,,水库,488313188,109.404291,22.8977104,未记录,True,1315
WS029,1,1,10,,水库,488313188,109.4044841,22.898086,未记录,True,1316
WS029,1,1,11,,水库,488313188,109.4051064,22.8986395,未记录,True,1317
WS029,1,1,12,,水库,488313188,109.4065226,22.8986197,未记录,True,1318
WS029,1,1,13,,水库,488313188,109.4066728,22.8982639,未记录,True,1319
WS029,1,1,14,,水库,488313188,109.4066513,22.8977895,未记录,True,1320
WS029,1,1,15,,水库,488313188,109.4059861,22.8960302,未记录,True,1321
WS029,1,1,16,,水库,488313188,109.4059647,22.8947651,未记录,True,1322
WS029,1,1,17,,水库,488313188,109.405793,22.89435,未记录,True,1323
WS029,1,1,18,,水库,488313188,109.4054497,22.894014,未记录,True,1324
WS029,1,1,19,,水库,488313188,109.4049776,22.8938558,未记录,True,1325
WS029,1,1,20,,水库,488313188,109.4039476,22.8938361,未记录,True,1326
WS029,1,1,21,,水库,488313188,109.4032395,22.8944489,未记录,True,1327
WS029,1,1,22,,水库,488313188,109.4027889,22.8945872,未记录,True,1328
WS029,1,1,23,,水库,488313188,109.4004286,22.8943896,未记录,True,1329
WS029,1,1,24,,水库,488313188,109.399978,22.8944291,未记录,True,1330
WS029,1,1,25,,水库,488313188,109.3995703,22.8946268,未记录,True,1331
WS029,1,1,26,,水库,488313188,109.3993128,22.8950814,未记录,True,1332
WS030,1,1,1,,水库,488313196,109.3454486,22.941761,未记录,True,1333
WS030,1,1,2,,水库,488313196,109.3452287,22.9411485,未记录,True,1334
WS030,1,1,3,,水库,488313196,109.3445313,22.9404964,未记录,True,1335
WS030,1,1,4,,水库,488313196,109.3446171,22.9403778,未记录,True,1336
WS030,1,1,5,,水库,488313196,109.3454486,22.9409261,未记录,True,1337
WS030,1,1,6,,水库,488313196,109.3456954,22.9411682,未记录,True,1338
WS030,1,1,7,,水库,488313196,109.3461084,22.9409904,未记录,True,1339
WS030,1,1,8,,水库,488313196,109.3460226,22.9408175,未记录,True,1340
WS030,1,1,9,,水库,488313196,109.3456739,22.9405606,未记录,True,1341
WS030,1,1,10,,水库,488313196,109.3455666,22.940358,未记录,True,1342
WS030,1,1,11,,水库,488313196,109.3449819,22.9400023,未记录,True,1343
WS030,1,1,12,,水库,488313196,109.3448693,22.9396911,未记录,True,1344
WS030,1,1,13,,水库,488313196,109.3444669,22.9395034,未记录,True,1345
WS030,1,1,14,,水库,488313196,109.3443006,22.9392712,未记录,True,1346
WS030,1,1,15,,水库,488313196,109.3439895,22.9391674,未记录,True,1347
WS030,1,1,16,,水库,488313196,109.3435603,22.9391921,未记录,True,1348
WS030,1,1,17,,水库,488313196,109.3433618,22.9391773,未记录,True,1349
WS030,1,1,18,,水库,488313196,109.3431312,22.9389007,未记录,True,1350
WS030,1,1,19,,水库,488313196,109.3426055,22.9386487,未记录,True,1351
WS030,1,1,20,,水库,488313196,109.3422192,22.938461,未记录,True,1352
WS030,1,1,21,,水库,488313196,109.3421495,22.9382436,未记录,True,1353
WS030,1,1,22,,水库,488313196,109.3420315,22.9380263,未记录,True,1354
WS030,1,1,23,,水库,488313196,109.3418759,22.9377743,未记录,True,1355
WS030,1,1,24,,水库,488313196,109.3420315,22.9375965,未记录,True,1356
WS030,1,1,25,,水库,488313196,109.3428308,22.9373692,未记录,True,1357
WS030,1,1,26,,水库,488313196,109.3431044,22.9374285,未记录,True,1358
WS030,1,1,27,,水库,488313196,109.3432277,22.937468,未记录,True,1359
WS030,1,1,28,,水库,488313196,109.3433082,22.9373445,未记录,True,1360
WS030,1,1,29,,水库,488313196,109.3434906,22.9372556,未记录,True,1361
WS030,1,1,30,,水库,488313196,109.3437427,22.9373247,未记录,True,1362
WS030,1,1,31,,水库,488313196,109.344247,22.9377891,未记录,True,1363
WS030,1,1,32,,水库,488313196,109.3442362,22.9380608,未记录,True,1364
WS030,1,1,33,,水库,488313196,109.3443221,22.9381102,未记录,True,1365
WS030,1,1,34,,水库,488313196,109.3444669,22.9380411,未记录,True,1366
WS030,1,1,35,,水库,488313196,109.3445688,22.9378781,未记录,True,1367
WS030,1,1,36,,水库,488313196,109.3444723,22.9375965,未记录,True,1368
WS030,1,1,37,,水库,488313196,109.3442148,22.9372753,未记录,True,1369
WS030,1,1,38,,水库,488313196,109.3442309,22.9370901,未记录,True,1370
WS030,1,1,39,,水库,488313196,109.3449176,22.9370456,未记录,True,1371
WS030,1,1,40,,水库,488313196,109.3452233,22.9371321,未记录,True,1372
WS030,1,1,41,,水库,488313196,109.3455988,22.9376557,未记录,True,1373
WS030,1,1,42,,水库,488313196,109.3459099,22.9378089,未记录,True,1374
WS030,1,1,43,,水库,488313196,109.3461031,22.9377496,未记录,True,1375
WS030,1,1,44,,水库,488313196,109.3460172,22.9375866,未记录,True,1376
WS030,1,1,45,,水库,488313196,109.3458348,22.9375668,未记录,True,1377
WS030,1,1,46,,水库,488313196,109.3452341,22.9369171,未记录,True,1378
WS030,1,1,47,,水库,488313196,109.3448371,22.9364824,未记录,True,1379
WS030,1,1,48,,水库,488313196,109.3449551,22.9361416,未记录,True,1380
WS030,1,1,49,,水库,488313196,109.3456846,22.9358871,未记录,True,1381
WS030,1,1,50,,水库,488313196,109.3457276,22.9357389,未记录,True,1382
WS030,1,1,51,,水库,488313196,109.3458778,22.935613,未记录,True,1383
WS030,1,1,52,,水库,488313196,109.3463284,22.9356055,未记录,True,1384
WS030,1,1,53,,水库,488313196,109.3465859,22.9355512,未记录,True,1385
WS030,1,1,54,,水库,488313196,109.3471706,22.9354919,未记录,True,1386
WS030,1,1,55,,水库,488313196,109.3472671,22.9351658,未记录,True,1387
WS030,1,1,56,,水库,488313196,109.3471491,22.9349583,未记录,True,1388
WS030,1,1,57,,水库,488313196,109.346484,22.9350942,未记录,True,1389
WS030,1,1,58,,水库,488313196,109.3460065,22.9349016,未记录,True,1390
WS030,1,1,59,,水库,488313196,109.3459636,22.9346076,未记录,True,1391
WS030,1,1,60,,水库,488313196,109.3462318,22.9341728,未记录,True,1392
WS030,1,1,61,,水库,488313196,109.346264,22.9339258,未记录,True,1393
WS030,1,1,62,,水库,488313196,109.3464035,22.9336665,未记录,True,1394
WS030,1,1,63,,水库,488313196,109.3457276,22.9343853,未记录,True,1395
WS030,1,1,64,,水库,488313196,109.3452341,22.9344767,未记录,True,1396
WS030,1,1,65,,水库,488313196,109.3449873,22.9347385,未记录,True,1397
WS030,1,1,66,,水库,488313196,109.3446976,22.9347904,未记录,True,1398
WS030,1,1,67,,水库,488313196,109.3446225,22.9350028,未记录,True,1399
WS030,1,1,68,,水库,488313196,109.3441826,22.9352202,未记录,True,1400
WS030,1,1,69,,水库,488313196,109.3437266,22.9352152,未记录,True,1401
WS030,1,1,70,,水库,488313196,109.3434585,22.9353116,未记录,True,1402
WS030,1,1,71,,水库,488313196,109.3433512,22.9352967,未记录,True,1403
WS030,1,1,72,,水库,488313196,109.3435872,22.9347508,未记录,True,1404
WS030,1,1,73,,水库,488313196,109.3436569,22.9344125,未记录,True,1405
WS030,1,1,74,,水库,488313196,109.3432814,22.9339728,未记录,True,1406
WS030,1,1,75,,水库,488313196,109.3429595,22.9337752,未记录,True,1407
WS030,1,1,76,,水库,488313196,109.3422353,22.9345137,未记录,True,1408
WS030,1,1,77,,水库,488313196,109.3420418,22.9348495,未记录,True,1409
WS030,1,1,78,,水库,488313196,109.341935,22.9350349,未记录,True,1410
WS030,1,1,79,,水库,488313196,109.3416238,22.9354005,未记录,True,1411
WS030,1,1,80,,水库,488313196,109.3407762,22.9359835,未记录,True,1412
WS030,1,1,81,,水库,488313196,109.340356,22.936217,未记录,True,1413
WS030,1,1,82,,水库,488313196,109.3400306,22.9366306,未记录,True,1414
WS030,1,1,83,,水库,488313196,109.3386519,22.9376286,未记录,True,1415
WS030,1,1,84,,水库,488313196,109.3385446,22.9381275,未记录,True,1416
WS030,1,1,85,,水库,488313196,109.338786,22.9382683,未记录,True,1417
WS030,1,1,86,,水库,488313196,109.3387645,22.9384017,未记录,True,1418
WS030,1,1,87,,水库,488313196,109.3384588,22.9386981,未记录,True,1419
WS030,1,1,88,,水库,488313196,109.3388718,22.9386117,未记录,True,1420
WS030,1,1,89,,水库,488313196,109.3392205,22.9387426,未记录,True,1421
WS030,1,1,90,,水库,488313196,109.340036,22.9392292,未记录,True,1422
WS030,1,1,91,,水库,488313196,109.3401808,22.9396244,未记录,True,1423
WS030,1,1,92,,水库,488313196,109.3400037,22.9400913,未记录,True,1424
WS030,1,1,93,,水库,488313196,109.3397194,22.9401703,未记录,True,1425
WS030,1,1,94,,水库,488313196,109.3393922,22.9401851,未记录,True,1426
WS030,1,1,95,,水库,488313196,109.3394297,22.940279,未记录,True,1427
WS030,1,1,96,,水库,488313196,109.339698,22.9403333,未记录,True,1428
WS030,1,1,97,,水库,488313196,109.3399018,22.9403383,未记录,True,1429
WS030,1,1,98,,水库,488313196,109.3401217,22.9403481,未记录,True,1430
WS030,1,1,99,,水库,488313196,109.3402988,22.9402691,未记录,True,1431
WS030,1,1,100,,水库,488313196,109.3405348,22.9399282,未记录,True,1432
WS030,1,1,101,,水库,488313196,109.3409264,22.9400023,未记录,True,1433
WS030,1,1,102,,水库,488313196,109.3411571,22.9402889,未记录,True,1434
WS030,1,1,103,,水库,488313196,109.3416023,22.9404173,未记录,True,1435
WS030,1,1,104,,水库,488313196,109.341613,22.9404766,未记录,True,1436
WS030,1,1,105,,水库,488313196,109.3413824,22.9405754,未记录,True,1437
WS030,1,1,106,,水库,488313196,109.3413234,22.940689,未记录,True,1438
WS030,1,1,107,,水库,488313196,109.3413502,22.9409163,未记录,True,1439
WS030,1,1,108,,水库,488313196,109.341613,22.9411929,未记录,True,1440
WS030,1,1,109,,水库,488313196,109.3415594,22.9413263,未记录,True,1441
WS030,1,1,110,,水库,488313196,109.341141,22.9415288,未记录,True,1442
WS030,1,1,111,,水库,488313196,109.3409747,22.941514,未记录,True,1443
WS030,1,1,112,,水库,488313196,109.341082,22.9417215,未记录,True,1444
WS030,1,1,113,,水库,488313196,109.3410015,22.9419142,未记录,True,1445
WS030,1,1,114,,水库,488313196,109.3410337,22.9420673,未记录,True,1446
WS030,1,1,115,,水库,488313196,109.3412161,22.9417561,未记录,True,1447
WS030,1,1,116,,水库,488313196,109.3416667,22.9415387,未记录,True,1448
WS030,1,1,117,,水库,488313196,109.3420422,22.9414646,未记录,True,1449
WS030,1,1,118,,水库,488313196,109.3421602,22.9413856,未记录,True,1450
WS030,1,1,119,,水库,488313196,109.3422836,22.9413411,未记录,True,1451
WS030,1,1,120,,水库,488313196,109.3423158,22.9412275,未记录,True,1452
WS030,1,1,121,,水库,488313196,109.3421334,22.941104,未记录,True,1453
WS030,1,1,122,,水库,488313196,109.3419564,22.9407582,未记录,True,1454
WS030,1,1,123,,水库,488313196,109.3421012,22.9403778,未记录,True,1455
WS030,1,1,124,,水库,488313196,109.3422568,22.9403729,未记录,True,1456
WS030,1,1,125,,水库,488313196,109.3425411,22.9405211,未记录,True,1457
WS030,1,1,126,,水库,488313196,109.3429863,22.9405458,未记录,True,1458
WS030,1,1,127,,水库,488313196,109.3431419,22.9406643,未记录,True,1459
WS030,1,1,128,,水库,488313196,109.3432814,22.9408767,未记录,True,1460
WS030,1,1,129,,水库,488313196,109.3436891,22.9412176,未记录,True,1461
WS030,1,1,130,,水库,488313196,109.3439197,22.9417215,未记录,True,1462
WS030,1,1,131,,水库,488313196,109.3445742,22.9424181,未记录,True,1463
WS030,1,1,132,,水库,488313196,109.3446279,22.9426305,未记录,True,1464
WS030,1,1,133,,水库,488313196,109.3446547,22.9430158,未记录,True,1465
WS030,1,1,134,,水库,488313196,109.3445635,22.9434357,未记录,True,1466
WS030,1,1,135,,水库,488313196,109.3446386,22.9437667,未记录,True,1467
WS030,1,1,136,,水库,488313196,109.3442577,22.9443447,未记录,True,1468
WS030,1,1,137,,水库,488313196,109.3441719,22.9447152,未记录,True,1469
WS030,1,1,138,,水库,488313196,109.3443006,22.9448486,未记录,True,1470
WS030,1,1,139,,水库,488313196,109.3445581,22.9447843,未记录,True,1471
WS030,1,1,140,,水库,488313196,109.3446118,22.9449523,未记录,True,1472
WS030,1,1,141,,水库,488313196,109.3446064,22.9451993,未记录,True,1473
WS030,1,1,142,,水库,488313196,109.3447673,22.9452932,未记录,True,1474
WS030,1,1,143,,水库,488313196,109.3450731,22.9452833,未记录,True,1475
WS030,1,1,144,,水库,488313196,109.3450946,22.9453969,未记录,True,1476
WS030,1,1,145,,水库,488313196,109.3446171,22.9456093,未记录,True,1477
WS030,1,1,146,,水库,488313196,109.3447351,22.9460094,未记录,True,1478
WS030,1,1,147,,水库,488313196,109.3446386,22.9461972,未记录,True,1479
WS030,1,1,148,,水库,488313196,109.3442577,22.9466171,未记录,True,1480
WS030,1,1,149,,水库,488313196,109.3443382,22.9472938,未记录,True,1481
WS030,1,1,150,,水库,488313196,109.3440431,22.9475853,未记录,True,1482
WS030,1,1,151,,水库,488313196,109.34407,22.9478273,未记录,True,1483
WS030,1,1,152,,水库,488313196,109.3439573,22.9479706,未记录,True,1484
WS030,1,1,153,,水库,488313196,109.344027,22.9482077,未记录,True,1485
WS030,1,1,154,,水库,488313196,109.3436998,22.9496057,未记录,True,1486
WS030,1,1,155,,水库,488313196,109.3437856,22.9498181,未记录,True,1487
WS030,1,1,156,,水库,488313196,109.3440002,22.9494772,未记录,True,1488
WS030,1,1,157,,水库,488313196,109.344424,22.9481336,未记录,True,1489
WS030,1,1,158,,水库,488313196,109.3446815,22.9480595,未记录,True,1490
WS030,1,1,159,,水库,488313196,109.345336,22.9481929,未记录,True,1491
WS030,1,1,160,,水库,488313196,109.345985,22.94884,未记录,True,1492
WS030,1,1,161,,水库,488313196,109.3462425,22.9485337,未记录,True,1493
WS030,1,1,162,,水库,488313196,109.3453199,22.9475754,未记录,True,1494
WS030,1,1,163,,水库,488313196,109.3453628,22.9473284,未记录,True,1495
WS030,1,1,164,,水库,488313196,109.3456471,22.9471012,未记录,True,1496
WS030,1,1,165,,水库,488313196,109.3460226,22.9470567,未记录,True,1497
WS030,1,1,166,,水库,488313196,109.3462962,22.9468344,未记录,True,1498
WS030,1,1,167,,水库,488313196,109.3461943,22.9466665,未记录,True,1499
WS030,1,1,168,,水库,488313196,109.3457812,22.9465726,未记录,True,1500
WS030,1,1,169,,水库,488313196,109.345572,22.9462861,未记录,True,1501
WS030,1,1,170,,水库,488313196,109.345513,22.9456834,未记录,True,1502
WS030,1,1,171,,水库,488313196,109.3453842,22.9453277,未记录,True,1503
WS030,1,1,172,,水库,488313196,109.3454701,22.9450956,未记录,True,1504
WS030,1,1,173,,水库,488313196,109.3455023,22.9447349,未记录,True,1505
WS030,1,1,174,,水库,488313196,109.3457437,22.944399,未记录,True,1506
WS030,1,1,175,,水库,488313196,109.3458992,22.9442558,未记录,True,1507
WS030,1,1,176,,水库,488313196,109.3462425,22.9439692,未记录,True,1508
WS030,1,1,177,,水库,488313196,109.3469399,22.9436975,未记录,True,1509
WS030,1,1,178,,水库,488313196,109.3470043,22.9435098,未记录,True,1510
WS030,1,1,179,,水库,488313196,109.3469077,22.9431887,未记录,True,1511
WS030,1,1,180,,水库,488313196,109.3466717,22.9428182,未记录,True,1512
WS030,1,1,181,,水库,488313196,109.3459904,22.9429713,未记录,True,1513
WS030,1,1,182,,水库,488313196,109.3458939,22.9427589,未记录,True,1514
WS030,1,1,183,,水库,488313196,109.3458188,22.9423094,未记录,True,1515
WS030,1,1,184,,水库,488313196,109.3454486,22.941761,未记录,True,1516
WS031,1,1,1,,一般水体,521885854,109.0442548,23.1437932,未记录,True,1517
WS031,1,1,2,,一般水体,521885854,109.044442,23.1439887,未记录,True,1518
WS031,1,1,3,,一般水体,521885854,109.0449177,23.1447518,未记录,True,1519
WS031,1,1,4,,一般水体,521885854,109.0452619,23.144561,未记录,True,1520
WS031,1,1,5,,一般水体,521885854,109.0452619,23.144468,未记录,True,1521
WS031,1,1,6,,一般水体,521885854,109.0453631,23.1443982,未记录,True,1522
WS031,1,1,7,,一般水体,521885854,109.045358,23.1441981,未记录,True,1523
WS031,1,1,8,,一般水体,521885854,109.0453732,23.1440538,未记录,True,1524
WS031,1,1,9,,一般水体,521885854,109.0452416,23.1436955,未记录,True,1525
WS031,1,1,10,,一般水体,521885854,109.0448418,23.1434861,未记录,True,1526
WS031,1,1,11,,一般水体,521885854,109.0445483,23.1434861,未记录,True,1527
WS031,1,1,12,,一般水体,521885854,109.0442548,23.1437932,未记录,True,1528
WS032,1,1,1,,一般水体,521885855,109.0448584,23.1447831,未记录,True,1529
WS032,1,1,2,,一般水体,521885855,109.0443862,23.1440255,未记录,True,1530
WS032,1,1,3,,一般水体,521885855,109.0442035,23.1438348,未记录,True,1531
WS032,1,1,4,,一般水体,521885855,109.044022,23.143877,未记录,True,1532
WS032,1,1,5,,一般水体,521885855,109.0437234,23.1438863,未记录,True,1533
WS032,1,1,6,,一般水体,521885855,109.0434654,23.144105,未记录,True,1534
WS032,1,1,7,,一般水体,521885855,109.0436222,23.1445424,未记录,True,1535
WS032,1,1,8,,一般水体,521885855,109.0437538,23.1450961,未记录,True,1536
WS032,1,1,9,,一般水体,521885855,109.0439613,23.145273,未记录,True,1537
WS032,1,1,10,,一般水体,521885855,109.0441941,23.1452032,未记录,True,1538
WS032,1,1,11,,一般水体,521885855,109.0443611,23.1452078,未记录,True,1539
WS032,1,1,12,,一般水体,521885855,109.0445382,23.145017,未记录,True,1540
WS032,1,1,13,,一般水体,521885855,109.0448584,23.1447831,未记录,True,1541
WS033,1,1,1,,一般水体,521885856,109.033157,23.1254254,未记录,True,1542
WS033,1,1,2,,一般水体,521885856,109.0330912,23.1253742,未记录,True,1543
WS033,1,1,3,,一般水体,521885856,109.0330052,23.1254021,未记录,True,1544
WS033,1,1,4,,一般水体,521885856,109.0329444,23.1258117,未记录,True,1545
WS033,1,1,5,,一般水体,521885856,109.032823,23.125956,未记录,True,1546
WS033,1,1,6,,一般水体,521885856,109.0329242,23.1263283,未记录,True,1547
WS033,1,1,7,,一般水体,521885856,109.0328115,23.126475968181825,未记录,True,1548
WS033,1,1,8,,一般水体,521885856,109.0328115,23.126741257648277,未记录,True,1549
WS033,1,1,9,,一般水体,521885856,109.0328179,23.1267518,未记录,True,1550
WS033,1,1,10,,一般水体,521885856,109.0331469,23.1266308,未记录,True,1551
WS033,1,1,11,,一般水体,521885856,109.0331418,23.126291,未记录,True,1552
WS033,1,1,12,,一般水体,521885856,109.0332278,23.1258396,未记录,True,1553
WS033,1,1,13,,一般水体,521885856,109.0332127,23.1255929,未记录,True,1554
WS033,1,1,14,,一般水体,521885856,109.033157,23.1254254,未记录,True,1555
WS034,1,1,1,,一般水体,521885857,109.0430605,23.1442911,未记录,True,1556
WS034,1,1,2,,一般水体,521885857,109.0432984,23.1438863,未记录,True,1557
WS034,1,1,3,,一般水体,521885857,109.0432174,23.1434023,未记录,True,1558
WS034,1,1,4,,一般水体,521885857,109.0431314,23.1432069,未记录,True,1559
WS034,1,1,5,,一般水体,521885857,109.0429542,23.1431418,未记录,True,1560
WS034,1,1,6,,一般水体,521885857,109.0428227,23.1430161,未记录,True,1561
WS034,1,1,7,,一般水体,521885857,109.0426961,23.1430627,未记录,True,1562
WS034,1,1,8,,一般水体,521885857,109.0425443,23.1430627,未记录,True,1563
WS034,1,1,9,,一般水体,521885857,109.0421142,23.1433605,未记录,True,1564
WS034,1,1,10,,一般水体,521885857,109.0419725,23.1434675,未记录,True,1565
WS034,1,1,11,,一般水体,521885857,109.0419624,23.1438537,未记录,True,1566
WS034,1,1,12,,一般水体,521885857,109.0421192,23.143998,未记录,True,1567
WS034,1,1,13,,一般水体,521885857,109.0424836,23.1441562,未记录,True,1568
WS034,1,1,14,,一般水体,521885857,109.0430605,23.1442911,未记录,True,1569
WS035,1,1,1,,一般水体,521885858,109.0333859,23.1265985,未记录,True,1570
WS035,1,1,2,,一般水体,521885858,109.0337491,23.1266587,未记录,True,1571
WS035,1,1,3,,一般水体,521885858,109.033997,23.1265982,未记录,True,1572
WS035,1,1,4,,一般水体,521885858,109.0341792,23.1262864,未记录,True,1573
WS035,1,1,5,,一般水体,521885858,109.0342501,23.1259932,未记录,True,1574
WS035,1,1,6,,一般水体,521885858,109.0343513,23.1257838,未记录,True,1575
WS035,1,1,7,,一般水体,521885858,109.0343614,23.1256488,未记录,True,1576
WS035,1,1,8,,一般水体,521885858,109.0342551,23.1255929,未记录,True,1577
WS035,1,1,9,,一般水体,521885858,109.034164,23.1256348,未记录,True,1578
WS035,1,1,10,,一般水体,521885858,109.0337693,23.1255278,未记录,True,1579
WS035,1,1,11,,一般水体,521885858,109.0336226,23.1253184,未记录,True,1580
WS035,1,1,12,,一般水体,521885858,109.0335416,23.1253556,未记录,True,1581
WS035,1,1,13,,一般水体,521885858,109.0335163,23.1254208,未记录,True,1582
WS035,1,1,14,,一般水体,521885858,109.0332158,23.1254642,未记录,True,1583
WS035,1,1,15,,一般水体,521885858,109.0332562,23.1255858,未记录,True,1584
WS035,1,1,16,,一般水体,521885858,109.033272,23.125842,未记录,True,1585
WS035,1,1,17,,一般水体,521885858,109.0331858,23.1262943,未记录,True,1586
WS035,1,1,18,,一般水体,521885858,109.0331912,23.1265044,未记录,True,1587
WS035,1,1,19,,一般水体,521885858,109.0333859,23.1265985,未记录,True,1588
WS036,1,1,1,,一般水体,521885859,109.0391942,23.1246249,未记录,True,1589
WS036,1,1,2,,一般水体,521885859,109.0393208,23.1245039,未记录,True,1590
WS036,1,1,3,,一般水体,521885859,109.0394068,23.1241688,未记录,True,1591
WS036,1,1,4,,一般水体,521885859,109.0395282,23.1238058,未记录,True,1592
WS036,1,1,5,,一般水体,521885859,109.0396143,23.1235452,未记录,True,1593
WS036,1,1,6,,一般水体,521885859,109.0396193,23.1230891,未记录,True,1594
WS036,1,1,7,,一般水体,521885859,109.0394574,23.1230426,未记录,True,1595
WS036,1,1,8,,一般水体,521885859,109.0394928,23.1235359,未记录,True,1596
WS036,1,1,9,,一般水体,521885859,109.0393461,23.1235126,未记录,True,1597
WS036,1,1,10,,一般水体,521885859,109.0391993,23.1233823,未记录,True,1598
WS036,1,1,11,,一般水体,521885859,109.0391133,23.1233823,未记录,True,1599
WS036,1,1,12,,一般水体,521885859,109.0390272,23.1233032,未记录,True,1600
WS036,1,1,13,,一般水体,521885859,109.0391031,23.123252,未记录,True,1601
WS036,1,1,14,,一般水体,521885859,109.0389969,23.1230705,未记录,True,1602
WS036,1,1,15,,一般水体,521885859,109.0387185,23.1231217,未记录,True,1603
WS036,1,1,16,,一般水体,521885859,109.0384959,23.1233218,未记录,True,1604
WS036,1,1,17,,一般水体,521885859,109.0384352,23.1236569,未记录,True,1605
WS036,1,1,18,,一般水体,521885859,109.0385212,23.1238989,未记录,True,1606
WS036,1,1,19,,一般水体,521885859,109.0387337,23.1240525,未记录,True,1607
WS036,1,1,20,,一般水体,521885859,109.0388957,23.1236988,未记录,True,1608
WS036,1,1,21,,一般水体,521885859,109.039007,23.1236895,未记录,True,1609
WS036,1,1,22,,一般水体,521885859,109.0390525,23.1238477,未记录,True,1610
WS036,1,1,23,,一般水体,521885859,109.0390171,23.1240478,未记录,True,1611
WS036,1,1,24,,一般水体,521885859,109.0388906,23.1240897,未记录,True,1612
WS036,1,1,25,,一般水体,521885859,109.0389108,23.1242154,未记录,True,1613
WS036,1,1,26,,一般水体,521885859,109.0389361,23.1243131,未记录,True,1614
WS036,1,1,27,,一般水体,521885859,109.0391942,23.1246249,未记录,True,1615
WS037,1,1,1,,一般水体,521885861,109.0462132,23.1438677,未记录,True,1616
WS037,1,1,2,,一般水体,521885861,109.0460867,23.1441236,未记录,True,1617
WS037,1,1,3,,一般水体,521885861,109.0461626,23.1442958,未记录,True,1618
WS037,1,1,4,,一般水体,521885861,109.0462993,23.1444447,未记录,True,1619
WS037,1,1,5,,一般水体,521885861,109.0465472,23.1443842,未记录,True,1620
WS037,1,1,6,,一般水体,521885861,109.0465169,23.1441236,未记录,True,1621
WS037,1,1,7,,一般水体,521885861,109.046527,23.1439096,未记录,True,1622
WS037,1,1,8,,一般水体,521885861,109.0462993,23.1438398,未记录,True,1623
WS037,1,1,9,,一般水体,521885861,109.0462132,23.1438677,未记录,True,1624
WS038,1,1,1,,一般水体,527318014,109.107336,22.95028,未记录,True,1625
WS038,1,1,2,,一般水体,527318014,109.1071439,22.950266,未记录,True,1626
WS038,1,1,3,,一般水体,527318014,109.1069923,22.950159,未记录,True,1627
WS038,1,1,4,,一般水体,527318014,109.1067598,22.9498192,未记录,True,1628
WS038,1,1,5,,一般水体,527318014,109.1064464,22.9495353,未记录,True,1629
WS038,1,1,6,,一般水体,527318014,109.1061785,22.9494515,未记录,True,1630
WS038,1,1,7,,一般水体,527318014,109.105754,22.9494655,未记录,True,1631
WS038,1,1,8,,一般水体,527318014,109.1050261,22.9494515,未记录,True,1632
WS038,1,1,9,,一般水体,527318014,109.1048745,22.949512,未记录,True,1633
WS038,1,1,10,,一般水体,527318014,109.1048442,22.9496936,未记录,True,1634
WS038,1,1,11,,一般水体,527318014,109.105112,22.9497261,未记录,True,1635
WS038,1,1,12,,一般水体,527318014,109.1052586,22.9498332,未记录,True,1636
WS038,1,1,13,,一般水体,527318014,109.1053294,22.9500054,未记录,True,1637
WS038,1,1,14,,一般水体,527318014,109.1057489,22.9500566,未记录,True,1638
WS038,1,1,15,,一般水体,527318014,109.1055771,22.9504755,未记录,True,1639
WS038,1,1,16,,一般水体,527318014,109.1055771,22.9505732,未记录,True,1640
WS038,1,1,17,,一般水体,527318014,109.1053597,22.9506244,未记录,True,1641
WS038,1,1,18,,一般水体,527318014,109.1054305,22.951276,未记录,True,1642
WS038,1,1,19,,一般水体,527318014,109.1052232,22.9515088,未记录,True,1643
WS038,1,1,20,,一般水体,527318014,109.1049655,22.9520021,未记录,True,1644
WS038,1,1,21,,一般水体,527318014,109.1050413,22.9520905,未记录,True,1645
WS038,1,1,22,,一般水体,527318014,109.1050059,22.9521929,未记录,True,1646
WS038,1,1,23,,一般水体,527318014,109.1051626,22.952286,未记录,True,1647
WS038,1,1,24,,一般水体,527318014,109.1051525,22.9523977,未记录,True,1648
WS038,1,1,25,,一般水体,527318014,109.1054002,22.9525001,未记录,True,1649
WS038,1,1,26,,一般水体,527318014,109.1056377,22.9526909,未记录,True,1650
WS038,1,1,27,,一般水体,527318014,109.1061735,22.9528818,未记录,True,1651
WS038,1,1,28,,一般水体,527318014,109.1064767,22.9526956,未记录,True,1652
WS038,1,1,29,,一般水体,527318014,109.1065627,22.9525932,未记录,True,1653
WS038,1,1,30,,一般水体,527318014,109.1067649,22.9525374,未记录,True,1654
WS038,1,1,31,,一般水体,527318014,109.1069367,22.9525746,未记录,True,1655
WS038,1,1,32,,一般水体,527318014,109.1070479,22.9523558,未记录,True,1656
WS038,1,1,33,,一般水体,527318014,109.1065728,22.9517508,未记录,True,1657
WS038,1,1,34,,一般水体,527318014,109.1065829,22.9514762,未记录,True,1658
WS038,1,1,35,,一般水体,527318014,109.1066688,22.9513877,未记录,True,1659
WS038,1,1,36,,一般水体,527318014,109.1068204,22.9513738,未记录,True,1660
WS038,1,1,37,,一般水体,527318014,109.1070782,22.9509316,未记录,True,1661
WS038,1,1,38,,一般水体,527318014,109.107336,22.95028,未记录,True,1662
WS039,1,1,1,,水库,527318038,109.1264417,22.9794508,未记录,True,1663
WS039,1,1,2,,水库,527318038,109.1272495,22.9795429,未记录,True,1664
WS039,1,1,3,,水库,527318038,109.1272638,22.9799049,未记录,True,1665
WS039,1,1,4,,水库,527318038,109.1274854,22.9801155,未记录,True,1666
WS039,1,1,5,,水库,527318038,109.1275283,22.980313,未记录,True,1667
WS039,1,1,6,,水库,527318038,109.1275069,22.9805104,未记录,True,1668
WS039,1,1,7,,水库,527318038,109.1276141,22.9806223,未记录,True,1669
WS039,1,1,8,,水库,527318038,109.1277356,22.9804841,未记录,True,1670
WS039,1,1,9,,水库,527318038,109.1278214,22.9802471,未记录,True,1671
WS039,1,1,10,,水库,527318038,109.1280716,22.980076,未记录,True,1672
WS039,1,1,11,,水库,527318038,109.128236,22.9798391,未记录,True,1673
WS039,1,1,12,,水库,527318038,109.1286006,22.9798062,未记录,True,1674
WS039,1,1,13,,水库,527318038,109.1290367,22.979714,未记录,True,1675
WS039,1,1,14,,水库,527318038,109.129244,22.9798391,未记录,True,1676
WS039,1,1,15,,水库,527318038,109.1290868,22.9804446,未记录,True,1677
WS039,1,1,16,,水库,527318038,109.1290868,22.9808066,未记录,True,1678
WS039,1,1,17,,水库,527318038,109.1291868,22.9807934,未记录,True,1679
WS039,1,1,18,,水库,527318038,109.1292583,22.9803393,未记录,True,1680
WS039,1,1,19,,水库,527318038,109.1294942,22.9800102,未记录,True,1681
WS039,1,1,20,,水库,527318038,109.1297873,22.9799378,未记录,True,1682
WS039,1,1,21,,水库,527318038,109.1302592,22.9800497,未记录,True,1683
WS039,1,1,22,,水库,527318038,109.1303235,22.9801879,未记录,True,1684
WS039,1,1,23,,水库,527318038,109.1303664,22.9804183,未记录,True,1685
WS039,1,1,24,,水库,527318038,109.1305952,22.9801484,未记录,True,1686
WS039,1,1,25,,水库,527318038,109.1309454,22.9801616,未记录,True,1687
WS039,1,1,26,,水库,527318038,109.1310455,22.9803393,未记录,True,1688
WS039,1,1,27,,水库,527318038,109.1313529,22.9805236,未记录,True,1689
WS039,1,1,28,,水库,527318038,109.131403,22.9806881,未记录,True,1690
WS039,1,1,29,,水库,527318038,109.1318319,22.9807342,未记录,True,1691
WS039,1,1,30,,水库,527318038,109.1320607,22.9809711,未记录,True,1692
WS039,1,1,31,,水库,527318038,109.1322322,22.9809711,未记录,True,1693
WS039,1,1,32,,水库,527318038,109.1325825,22.9809382,未记录,True,1694
WS039,1,1,33,,水库,527318038,109.1323395,22.9807276,未记录,True,1695
WS039,1,1,34,,水库,527318038,109.1323538,22.980234,未记录,True,1696
WS039,1,1,35,,水库,527318038,109.132125,22.9801221,未记录,True,1697
WS039,1,1,36,,水库,527318038,109.1316317,22.9802735,未记录,True,1698
WS039,1,1,37,,水库,527318038,109.1312314,22.980155,未记录,True,1699
WS039,1,1,38,,水库,527318038,109.1310098,22.9799576,未记录,True,1700
WS039,1,1,39,,水库,527318038,109.1304808,22.9799378,未记录,True,1701
WS039,1,1,40,,水库,527318038,109.1303664,22.9797601,未记录,True,1702
WS039,1,1,41,,水库,527318038,109.1300804,22.979714,未记录,True,1703
WS039,1,1,42,,水库,527318038,109.1298159,22.9797733,未记录,True,1704
WS039,1,1,43,,水库,527318038,109.1294728,22.9796482,未记录,True,1705
WS039,1,1,44,,水库,527318038,109.129337,22.9794179,未记录,True,1706
WS039,1,1,45,,水库,527318038,109.1291511,22.979385,未记录,True,1707
WS039,1,1,46,,水库,527318038,109.1288866,22.9794113,未记录,True,1708
WS039,1,1,47,,水库,527318038,109.1290224,22.9790888,未记录,True,1709
WS039,1,1,48,,水库,527318038,109.1289581,22.9789901,未记录,True,1710
WS039,1,1,49,,水库,527318038,109.1287222,22.9793192,未记录,True,1711
WS039,1,1,50,,水库,527318038,109.1285006,22.9794376,未记录,True,1712
WS039,1,1,51,,水库,527318038,109.1279858,22.9793389,未记录,True,1713
WS039,1,1,52,,水库,527318038,109.1279001,22.9789572,未记录,True,1714
WS039,1,1,53,,水库,527318038,109.1275927,22.9788782,未记录,True,1715
WS039,1,1,54,,水库,527318038,109.1273067,22.9788255,未记录,True,1716
WS039,1,1,55,,水库,527318038,109.1268563,22.9788124,未记录,True,1717
WS039,1,1,56,,水库,527318038,109.1269278,22.978457,未记录,True,1718
WS039,1,1,57,,水库,527318038,109.1266133,22.9781476,未记录,True,1719
WS039,1,1,58,,水库,527318038,109.1257483,22.978174,未记录,True,1720
WS039,1,1,59,,水库,527318038,109.1256911,22.9784372,未记录,True,1721
WS039,1,1,60,,水库,527318038,109.1254909,22.978661,未记录,True,1722
WS039,1,1,61,,水库,527318038,109.1252764,22.9786873,未记录,True,1723
WS039,1,1,62,,水库,527318038,109.125205,22.9785623,未记录,True,1724
WS039,1,1,63,,水库,527318038,109.1253193,22.9782595,未记录,True,1725
WS039,1,1,64,,水库,527318038,109.1249905,22.9781147,未记录,True,1726
WS039,1,1,65,,水库,527318038,109.124726,22.9781608,未记录,True,1727
WS039,1,1,66,,水库,527318038,109.1242399,22.9782793,未记录,True,1728
WS039,1,1,67,,水库,527318038,109.1240826,22.978536,未记录,True,1729
WS039,1,1,68,,水库,527318038,109.1236894,22.9787071,未记录,True,1730
WS039,1,1,69,,水库,527318038,109.123668,22.9789769,未记录,True,1731
WS039,1,1,70,,水库,527318038,109.1242327,22.9790493,未记录,True,1732
WS039,1,1,71,,水库,527318038,109.124533,22.9789308,未记录,True,1733
WS039,1,1,72,,水库,527318038,109.1247403,22.9791151,未记录,True,1734
WS039,1,1,73,,水库,527318038,109.1247617,22.9793389,未记录,True,1735
WS039,1,1,74,,水库,527318038,109.124533,22.9796285,未记录,True,1736
WS039,1,1,75,,水库,527318038,109.1243614,22.9800036,未记录,True,1737
WS039,1,1,76,,水库,527318038,109.123911,22.9801945,未记录,True,1738
WS039,1,1,77,,水库,527318038,109.1238395,22.9804643,未记录,True,1739
WS039,1,1,78,,水库,527318038,109.1240326,22.9807078,未记录,True,1740
WS039,1,1,79,,水库,527318038,109.1240969,22.9810369,未记录,True,1741
WS039,1,1,80,,水库,527318038,109.1242685,22.9819583,未记录,True,1742
WS039,1,1,81,,水库,527318038,109.1245759,22.982498,未记录,True,1743
WS039,1,1,82,,水库,527318038,109.1249405,22.9826099,未记录,True,1744
WS039,1,1,83,,水库,527318038,109.125255,22.9825309,未记录,True,1745
WS039,1,1,84,,水库,527318038,109.1254552,22.982419,未记录,True,1746
WS039,1,1,85,,水库,527318038,109.1254337,22.9821558,未记录,True,1747
WS039,1,1,86,,水库,527318038,109.1256553,22.9816227,未记录,True,1748
WS039,1,1,87,,水库,527318038,109.1253837,22.9810962,未记录,True,1749
WS039,1,1,88,,水库,527318038,109.1255338,22.9805236,未记录,True,1750
WS039,1,1,89,,水库,527318038,109.125448,22.980313,未记录,True,1751
WS039,1,1,90,,水库,527318038,109.1250763,22.9800431,未记录,True,1752
WS039,1,1,91,,水库,527318038,109.1250906,22.979872,未记录,True,1753
WS039,1,1,92,,水库,527318038,109.1254123,22.9794639,未记录,True,1754
WS039,1,1,93,,水库,527318038,109.1256911,22.9794113,未记录,True,1755
WS039,1,1,94,,水库,527318038,109.1259484,22.9792994,未记录,True,1756
WS039,1,1,95,,水库,527318038,109.1262058,22.9792928,未记录,True,1757
WS039,1,1,96,,水库,527318038,109.1264417,22.9794508,未记录,True,1758
WS040,1,1,1,,一般水体,527324683,109.2320649,23.0273956,未记录,True,1759
WS040,1,1,2,,一般水体,527324683,109.2318222,23.0270698,未记录,True,1760
WS040,1,1,3,,一般水体,527324683,109.2312811,23.026879,未记录,True,1761
WS040,1,1,4,,一般水体,527324683,109.2308006,23.0265718,未记录,True,1762
WS040,1,1,5,,一般水体,527324683,109.2305478,23.02626,未记录,True,1763
WS040,1,1,6,,一般水体,527324683,109.2302971,23.0262337,未记录,True,1764
WS040,1,1,7,,一般水体,527324683,109.229946,23.026232,未记录,True,1765
WS040,1,1,8,,一般水体,527324683,109.2300016,23.0265951,未记录,True,1766
WS040,1,1,9,,一般水体,527324683,109.2302595,23.026986,未记录,True,1767
WS040,1,1,10,,一般水体,527324683,109.2307753,23.0272048,未记录,True,1768
WS040,1,1,11,,一般水体,527324683,109.2313721,23.0273118,未记录,True,1769
WS040,1,1,12,,一般水体,527324683,109.2315997,23.0275724,未记录,True,1770
WS040,1,1,13,,一般水体,527324683,109.2317868,23.0284102,未记录,True,1771
WS040,1,1,14,,一般水体,527324683,109.2319688,23.0295272,未记录,True,1772
WS040,1,1,15,,一般水体,527324683,109.2320143,23.0304394,未记录,True,1773
WS040,1,1,16,,一般水体,527324683,109.2320346,23.0315145,未记录,True,1774
WS040,1,1,17,,一般水体,527324683,109.23207,23.0321568,未记录,True,1775
WS040,1,1,18,,一般水体,527324683,109.2323026,23.0323755,未记录,True,1776
WS040,1,1,19,,一般水体,527324683,109.232783,23.0328362,未记录,True,1777
WS040,1,1,20,,一般水体,527324683,109.2329145,23.0331155,未记录,True,1778
WS040,1,1,21,,一般水体,527324683,109.2329449,23.0337531,未记录,True,1779
WS040,1,1,22,,一般水体,527324683,109.2328387,23.0350003,未记录,True,1780
WS040,1,1,23,,一般水体,527324683,109.2329246,23.0360196,未记录,True,1781
WS040,1,1,24,,一般水体,527324683,109.2330561,23.0367176,未记录,True,1782
WS040,1,1,25,,一般水体,527324683,109.2333545,23.037304,未记录,True,1783
WS040,1,1,26,,一般水体,527324683,109.2344721,23.0379276,未记录,True,1784
WS040,1,1,27,,一般水体,527324683,109.2351195,23.0381603,未记录,True,1785
WS040,1,1,28,,一般水体,527324683,109.2355898,23.0383465,未记录,True,1786
WS040,1,1,29,,一般水体,527324683,109.2359691,23.0381417,未记录,True,1787
WS040,1,1,30,,一般水体,527324683,109.2365355,23.0374855,未记录,True,1788
WS040,1,1,31,,一般水体,527324683,109.2363939,23.0373366,未记录,True,1789
WS040,1,1,32,,一般水体,527324683,109.2360904,23.0374157,未记录,True,1790
WS040,1,1,33,,一般水体,527324683,109.235878,23.0379463,未记录,True,1791
WS040,1,1,34,,一般水体,527324683,109.2355948,23.0381278,未记录,True,1792
WS040,1,1,35,,一般水体,527324683,109.2353521,23.038058,未记录,True,1793
WS040,1,1,36,,一般水体,527324683,109.2350284,23.037816,未记录,True,1794
WS040,1,1,37,,一般水体,527324683,109.2342041,23.0375507,未记录,True,1795
WS040,1,1,38,,一般水体,527324683,109.2337186,23.0371504,未记录,True,1796
WS040,1,1,39,,一般水体,527324683,109.2333292,23.0367363,未记录,True,1797
WS040,1,1,40,,一般水体,527324683,109.2332584,23.0365036,未记录,True,1798
WS040,1,1,41,,一般水体,527324683,109.2331573,23.0359684,未记录,True,1799
WS040,1,1,42,,一般水体,527324683,109.2331826,23.0351632,未记录,True,1800
WS040,1,1,43,,一般水体,527324683,109.2332281,23.0338369,未记录,True,1801
WS040,1,1,44,,一般水体,527324683,109.2332938,23.0331294,未记录,True,1802
WS040,1,1,45,,一般水体,527324683,109.2331775,23.0328269,未记录,True,1803
WS040,1,1,46,,一般水体,527324683,109.2326414,23.0323662,未记录,True,1804
WS040,1,1,47,,一般水体,527324683,109.2323785,23.0319194,未记录,True,1805
WS040,1,1,48,,一般水体,527324683,109.2323279,23.0313888,未记录,True,1806
WS040,1,1,49,,一般水体,527324683,109.2324543,23.030579,未记录,True,1807
WS040,1,1,50,,一般水体,527324683,109.232333,23.0296249,未记录,True,1808
WS040,1,1,51,,一般水体,527324683,109.2322723,23.0293876,未记录,True,1809
WS040,1,1,52,,一般水体,527324683,109.2321661,23.0278843,未记录,True,1810
WS040,1,1,53,,一般水体,527324683,109.232156,23.0275957,未记录,True,1811
WS040,1,1,54,,一般水体,527324683,109.2326566,23.0276004,未记录,True,1812
WS040,1,1,55,,一般水体,527324683,109.2335568,23.0279122,未记录,True,1813
WS040,1,1,56,,一般水体,527324683,109.233223,23.0275724,未记录,True,1814
WS040,1,1,57,,一般水体,527324683,109.2327679,23.0274421,未记录,True,1815
WS040,1,1,58,,一般水体,527324683,109.2320649,23.0273956,未记录,True,1816
WS041,1,1,1,,一般水体,830425156,109.0702701,22.9428923,未记录,True,1817
WS041,1,1,2,,一般水体,830425156,109.0699589,22.9431097,未记录,True,1818
WS041,1,1,3,,一般水体,830425156,109.0699106,22.943327,未记录,True,1819
WS041,1,1,4,,一般水体,830425156,109.0699106,22.9435345,未记录,True,1820
WS041,1,1,5,,一般水体,830425156,109.0697658,22.943742,未记录,True,1821
WS041,1,1,6,,一般水体,830425156,109.0696478,22.9439001,未记录,True,1822
WS041,1,1,7,,一般水体,830425156,109.0694225,22.9439149,未记录,True,1823
WS041,1,1,8,,一般水体,830425156,109.0690523,22.9442162,未记录,True,1824
WS041,1,1,9,,一般水体,830425156,109.0691328,22.944315,未记录,True,1825
WS041,1,1,10,,一般水体,830425156,109.0694654,22.9443002,未记录,True,1826
WS041,1,1,11,,一般水体,830425156,109.0695995,22.9443002,未记录,True,1827
WS041,1,1,12,,一般水体,830425156,109.0697175,22.9443694,未记录,True,1828
WS041,1,1,13,,一般水体,830425156,109.0699804,22.9447102,未记录,True,1829
WS041,1,1,14,,一般水体,830425156,109.0700769,22.9447745,未记录,True,1830
WS041,1,1,15,,一般水体,830425156,109.070195,22.9446411,未记录,True,1831
WS041,1,1,16,,一般水体,830425156,109.0700984,22.9444287,未记录,True,1832
WS041,1,1,17,,一般水体,830425156,109.0701681,22.9441323,未记录,True,1833
WS041,1,1,18,,一般水体,830425156,109.0703505,22.9440384,未记录,True,1834
WS041,1,1,19,,一般水体,830425156,109.070608,22.9439939,未记录,True,1835
WS041,1,1,20,,一般水体,830425156,109.0707099,22.9438704,未记录,True,1836
WS041,1,1,21,,一般水体,830425156,109.070785,22.943495,未记录,True,1837
WS041,1,1,22,,一般水体,830425156,109.0704846,22.9431146,未记录,True,1838
WS041,1,1,23,,一般水体,830425156,109.0702701,22.9428923,未记录,True,1839
WS042,1,1,1,,一般水体,830425182,109.0775415,22.875246,未记录,True,1840
WS042,1,1,2,,一般水体,830425182,109.0776099,22.8754239,未记录,True,1841
WS042,1,1,3,,一般水体,830425182,109.0777025,22.8756192,未记录,True,1842
WS042,1,1,4,,一般水体,830425182,109.0775979,22.8757081,未记录,True,1843
WS042,1,1,5,,一般水体,830425182,109.0777802,22.8760096,未记录,True,1844
WS042,1,1,6,,一般水体,830425182,109.0780176,22.8763408,未记录,True,1845
WS042,1,1,7,,一般水体,830425182,109.0782255,22.8763062,未记录,True,1846
WS042,1,1,8,,一般水体,830425182,109.0785085,22.8763852,未记录,True,1847
WS042,1,1,9,,一般水体,830425182,109.0784267,22.8767868,未记录,True,1848
WS042,1,1,10,,一般水体,830425182,109.078766,22.8768684,未记录,True,1849
WS042,1,1,11,,一般水体,830425182,109.07888,22.8766756,未记录,True,1850
WS042,1,1,12,,一般水体,830425182,109.0789685,22.8763284,未记录,True,1851
WS042,1,1,13,,一般水体,830425182,109.0789926,22.8752114,未记录,True,1852
WS042,1,1,14,,一般水体,830425182,109.078947,22.8750607,未记录,True,1853
WS042,1,1,15,,一般水体,830425182,109.0775415,22.875246,未记录,True,1854
WS043,1,1,1,,一般水体,851213660,109.3184012,23.113656,未记录,True,1855
WS043,1,1,2,,一般水体,851213660,109.318428,23.1132909,未记录,True,1856
WS043,1,1,3,,一般水体,851213660,109.3183905,23.113128,未记录,True,1857
WS043,1,1,4,,一般水体,851213660,109.318487,23.1129307,未记录,True,1858
WS043,1,1,5,,一般水体,851213660,109.3185139,23.112684,未记录,True,1859
WS043,1,1,6,,一般水体,851213660,109.3185943,23.1126051,未记录,True,1860
WS043,1,1,7,,一般水体,851213660,109.3187875,23.1124965,未记录,True,1861
WS043,1,1,8,,一般水体,851213660,109.3187553,23.1124324,未记录,True,1862
WS043,1,1,9,,一般水体,851213660,109.3185782,23.1124077,未记录,True,1863
WS043,1,1,10,,一般水体,851213660,109.3183744,23.1121857,未记录,True,1864
WS043,1,1,11,,一般水体,851213660,109.3184066,23.1123584,未记录,True,1865
WS043,1,1,12,,一般水体,851213660,109.3183261,23.1124768,未记录,True,1866
WS043,1,1,13,,一般水体,851213660,109.3182939,23.1126593,未记录,True,1867
WS043,1,1,14,,一般水体,851213660,109.3182939,23.1128715,未记录,True,1868
WS043,1,1,15,,一般水体,851213660,109.3181705,23.1130442,未记录,True,1869
WS043,1,1,16,,一般水体,851213660,109.3179882,23.113207,未记录,True,1870
WS043,1,1,17,,一般水体,851213660,109.3177092,23.1132317,未记录,True,1871
WS043,1,1,18,,一般水体,851213660,109.3175751,23.1131231,未记录,True,1872
WS043,1,1,19,,一般水体,851213660,109.3174785,23.1131823,未记录,True,1873
WS043,1,1,20,,一般水体,851213660,109.3173873,23.1132761,未记录,True,1874
WS043,1,1,21,,一般水体,851213660,109.3172747,23.1133501,未记录,True,1875
WS043,1,1,22,,一般水体,851213660,109.3172586,23.1134438,未记录,True,1876
WS043,1,1,23,,一般水体,851213660,109.317264,23.1135178,未记录,True,1877
WS043,1,1,24,,一般水体,851213660,109.3172103,23.1136609,未记录,True,1878
WS043,1,1,25,,一般水体,851213660,109.3172479,23.1137546,未记录,True,1879
WS043,1,1,26,,一般水体,851213660,109.3173659,23.1137152,未记录,True,1880
WS043,1,1,27,,一般水体,851213660,109.3176019,23.1134783,未记录,True,1881
WS043,1,1,28,,一般水体,851213660,109.3177897,23.1134537,未记录,True,1882
WS043,1,1,29,,一般水体,851213660,109.3178594,23.1135869,未记录,True,1883
WS043,1,1,30,,一般水体,851213660,109.3178379,23.113725,未记录,True,1884
WS043,1,1,31,,一般水体,851213660,109.3177843,23.1138138,未记录,True,1885
WS043,1,1,32,,一般水体,851213660,109.3176877,23.1138533,未记录,True,1886
WS043,1,1,33,,一般水体,851213660,109.3176287,23.1139471,未记录,True,1887
WS043,1,1,34,,一般水体,851213660,109.3174517,23.1140112,未记录,True,1888
WS043,1,1,35,,一般水体,851213660,109.3172479,23.1140901,未记录,True,1889
WS043,1,1,36,,一般水体,851213660,109.3170977,23.1141197,未记录,True,1890
WS043,1,1,37,,一般水体,851213660,109.3170172,23.1142184,未记录,True,1891
WS043,1,1,38,,一般水体,851213660,109.3168241,23.1142826,未记录,True,1892
WS043,1,1,39,,一般水体,851213660,109.3168777,23.1143467,未记录,True,1893
WS043,1,1,40,,一般水体,851213660,109.3167651,23.114401,未记录,True,1894
WS043,1,1,41,,一般水体,851213660,109.3166739,23.1145194,未记录,True,1895
WS043,1,1,42,,一般水体,851213660,109.316588,23.1144996,未记录,True,1896
WS043,1,1,43,,一般水体,851213660,109.31647,23.1144207,未记录,True,1897
WS043,1,1,44,,一般水体,851213660,109.316116,23.1143812,未记录,True,1898
WS043,1,1,45,,一般水体,851213660,109.3159443,23.1145638,未记录,True,1899
WS043,1,1,46,,一般水体,851213660,109.3157619,23.1147167,未记录,True,1900
WS043,1,1,47,,一般水体,851213660,109.31566,23.1148993,未记录,True,1901
WS043,1,1,48,,一般水体,851213660,109.3159068,23.1147365,未记录,True,1902
WS043,1,1,49,,一般水体,851213660,109.3161052,23.1147562,未记录,True,1903
WS043,1,1,50,,一般水体,851213660,109.3162447,23.1148055,未记录,True,1904
WS043,1,1,51,,一般水体,851213660,109.316352,23.1151065,未记录,True,1905
WS043,1,1,52,,一般水体,851213660,109.3164647,23.1151509,未记录,True,1906
WS043,1,1,53,,一般水体,851213660,109.316647,23.1150769,未记录,True,1907
WS043,1,1,54,,一般水体,851213660,109.3168402,23.1150325,未记录,True,1908
WS043,1,1,55,,一般水体,851213660,109.3169367,23.1147957,未记录,True,1909
WS043,1,1,56,,一般水体,851213660,109.3170869,23.1147266,未记录,True,1910
WS043,1,1,57,,一般水体,851213660,109.3172049,23.114623,未记录,True,1911
WS043,1,1,58,,一般水体,851213660,109.3175429,23.1145884,未记录,True,1912
WS043,1,1,59,,一般水体,851213660,109.3176609,23.1147365,未记录,True,1913
WS043,1,1,60,,一般水体,851213660,109.3175214,23.1149634,未记录,True,1914
WS043,1,1,61,,一般水体,851213660,109.3173873,23.1150177,未记录,True,1915
WS043,1,1,62,,一般水体,851213660,109.3171996,23.115072,未记录,True,1916
WS043,1,1,63,,一般水体,851213660,109.3170547,23.1151558,未记录,True,1917
WS043,1,1,64,,一般水体,851213660,109.3170977,23.1152594,未记录,True,1918
WS043,1,1,65,,一般水体,851213660,109.3170655,23.1153482,未记录,True,1919
WS043,1,1,66,,一般水体,851213660,109.3170601,23.1154667,未记录,True,1920
WS043,1,1,67,,一般水体,851213660,109.3169099,23.1155407,未记录,True,1921
WS043,1,1,68,,一般水体,851213660,109.316808,23.1156492,未记录,True,1922
WS043,1,1,69,,一般水体,851213660,109.316867,23.1156936,未记录,True,1923
WS043,1,1,70,,一般水体,851213660,109.3170494,23.1156245,未记录,True,1924
WS043,1,1,71,,一般水体,851213660,109.3172479,23.1156393,未记录,True,1925
WS043,1,1,72,,一般水体,851213660,109.3172318,23.1153581,未记录,True,1926
WS043,1,1,73,,一般水体,851213660,109.3173981,23.115215,未记录,True,1927
WS043,1,1,74,,一般水体,851213660,109.3175805,23.1151312,未记录,True,1928
WS043,1,1,75,,一般水体,851213660,109.3176502,23.1150917,未记录,True,1929
WS043,1,1,76,,一般水体,851213660,109.317736,23.1150226,未记录,True,1930
WS043,1,1,77,,一般水体,851213660,109.3178809,23.115072,未记录,True,1931
WS043,1,1,78,,一般水体,851213660,109.3179989,23.1150078,未记录,True,1932
WS043,1,1,79,,一般水体,851213660,109.3180257,23.1147019,未记录,True,1933
WS043,1,1,80,,一般水体,851213660,109.3179077,23.1145194,未记录,True,1934
WS043,1,1,81,,一般水体,851213660,109.3179184,23.1144108,未记录,True,1935
WS043,1,1,82,,一般水体,851213660,109.318015,23.1143516,未记录,True,1936
WS043,1,1,83,,一般水体,851213660,109.3181491,23.1143467,未记录,True,1937
WS043,1,1,84,,一般水体,851213660,109.3182135,23.1143122,未记录,True,1938
WS043,1,1,85,,一般水体,851213660,109.3181437,23.114174,未记录,True,1939
WS043,1,1,86,,一般水体,851213660,109.3181974,23.1138928,未记录,True,1940
WS043,1,1,87,,一般水体,851213660,109.3182725,23.1137793,未记录,True,1941
WS043,1,1,88,,一般水体,851213660,109.3184012,23.113656,未记录,True,1942
WS044,1,1,1,,一般水体,851213694,109.3774527,23.1272578,未记录,True,1943
WS044,1,1,2,,一般水体,851213694,109.3777853,23.1273614,未记录,True,1944
WS044,1,1,3,,一般水体,851213694,109.3779248,23.1273959,未记录,True,1945
WS044,1,1,4,,一般水体,851213694,109.3780965,23.1272824,未记录,True,1946
WS044,1,1,5,,一般水体,851213694,109.3782091,23.1272528,未记录,True,1947
WS044,1,1,6,,一般水体,851213694,109.3782788,23.1260244,未记录,True,1948
WS044,1,1,7,,一般水体,851213694,109.3781555,23.1258962,未记录,True,1949
WS044,1,1,8,,一般水体,851213694,109.3779355,23.1258863,未记录,True,1950
WS044,1,1,9,,一般水体,851213694,109.3777531,23.1259554,未记录,True,1951
WS044,1,1,10,,一般水体,851213694,109.3777209,23.1261478,未记录,True,1952
WS044,1,1,11,,一般水体,851213694,109.3775374,23.1262978,未记录,True,1953
WS044,1,1,12,,一般水体,851213694,109.3774205,23.126424,未记录,True,1954
WS044,1,1,13,,一般水体,851213694,109.3773454,23.1267003,未记录,True,1955
WS044,1,1,14,,一般水体,851213694,109.3774044,23.127016,未记录,True,1956
WS044,1,1,15,,一般水体,851213694,109.3774527,23.1272578,未记录,True,1957
WS045,1,1,1,,一般水体,851213705,109.304899,23.1521095,未记录,True,1958
WS045,1,1,2,,一般水体,851213705,109.3051028,23.152287,未记录,True,1959
WS045,1,1,3,,一般水体,851213705,109.3052369,23.1524449,未记录,True,1960
WS045,1,1,4,,一般水体,851213705,109.3053496,23.152509,未记录,True,1961
WS045,1,1,5,,一般水体,851213705,109.3057895,23.1524695,未记录,True,1962
WS045,1,1,6,,一般水体,851213705,109.3060148,23.1523364,未记录,True,1963
WS045,1,1,7,,一般水体,851213705,109.3062723,23.15207,未记录,True,1964
WS045,1,1,8,,一般水体,851213705,109.3061113,23.1519122,未记录,True,1965
WS045,1,1,9,,一般水体,851213705,109.3060362,23.151779,未记录,True,1966
WS045,1,1,10,,一般水体,851213705,109.3058377,23.1517839,未记录,True,1967
WS045,1,1,11,,一般水体,851213705,109.3056768,23.1517247,未记录,True,1968
WS045,1,1,12,,一般水体,851213705,109.305532,23.1517001,未记录,True,1969
WS045,1,1,13,,一般水体,851213705,109.3055212,23.1515274,未记录,True,1970
WS045,1,1,14,,一般水体,851213705,109.3053013,23.1513795,未记录,True,1971
WS045,1,1,15,,一般水体,851213705,109.3050331,23.1515028,未记录,True,1972
WS045,1,1,16,,一般水体,851213705,109.3050545,23.1516507,未记录,True,1973
WS045,1,1,17,,一般水体,851213705,109.3049633,23.1517938,未记录,True,1974
WS045,1,1,18,,一般水体,851213705,109.3048614,23.1519763,未记录,True,1975
WS045,1,1,19,,一般水体,851213705,109.304899,23.1521095,未记录,True,1976
WS046,1,1,1,,一般水体,858090459,109.2508203,22.9368258,未记录,True,1977
WS046,1,1,2,,一般水体,858090459,109.2508364,22.9366084,未记录,True,1978
WS046,1,1,3,,一般水体,858090459,109.2509061,22.9364454,未记录,True,1979
WS046,1,1,4,,一般水体,858090459,109.2509973,22.9361045,未记录,True,1980
WS046,1,1,5,,一般水体,858090459,109.2512333,22.9356895,未记录,True,1981
WS046,1,1,6,,一般水体,858090459,109.2513299,22.9355018,未记录,True,1982
WS046,1,1,7,,一般水体,858090459,109.2510295,22.935403,未记录,True,1983
WS046,1,1,8,,一般水体,858090459,109.2509597,22.9356352,未记录,True,1984
WS046,1,1,9,,一般水体,858090459,109.2508095,22.9356846,未记录,True,1985
WS046,1,1,10,,一般水体,858090459,109.2507076,22.9360007,未记录,True,1986
WS046,1,1,11,,一般水体,858090459,109.2504126,22.9362033,未记录,True,1987
WS046,1,1,12,,一般水体,858090459,109.2503536,22.936312,未记录,True,1988
WS046,1,1,13,,一般水体,858090459,109.2502677,22.936396,未记录,True,1989
WS046,1,1,14,,一般水体,858090459,109.2501658,22.9363466,未记录,True,1990
WS046,1,1,15,,一般水体,858090459,109.2498922,22.9366578,未记录,True,1991
WS046,1,1,16,,一般水体,858090459,109.2503965,22.9367072,未记录,True,1992
WS046,1,1,17,,一般水体,858090459,109.2508203,22.9368258,未记录,True,1993
WS047,1,1,1,,一般水体,858128093,109.2501068,22.8898751,未记录,True,1994
WS047,1,1,2,,一般水体,858128093,109.2502356,22.8892771,未记录,True,1995
WS047,1,1,3,,一般水体,858128093,109.2501819,22.8889905,未记录,True,1996
WS047,1,1,4,,一般水体,858128093,109.2500693,22.8885902,未记录,True,1997
WS047,1,1,5,,一般水体,858128093,109.250021,22.8883678,未记录,True,1998
WS047,1,1,6,,一般水体,858128093,109.2498225,22.8882838,未记录,True,1999
WS047,1,1,7,,一般水体,858128093,109.2492861,22.8886594,未记录,True,2000
WS047,1,1,8,,一般水体,858128093,109.2493504,22.8891585,未记录,True,2001
WS047,1,1,9,,一般水体,858128093,109.2493397,22.8894353,未记录,True,2002
WS047,1,1,10,,一般水体,858128093,109.2492753,22.8897021,未记录,True,2003
WS047,1,1,11,,一般水体,858128093,109.2493772,22.8897861,未记录,True,2004
WS047,1,1,12,,一般水体,858128093,109.2498708,22.8898702,未记录,True,2005
WS047,1,1,13,,一般水体,858128093,109.2501068,22.8898751,未记录,True,2006
WS048,1,1,1,,一般水体,858128094,109.2476714,22.8912885,未记录,True,2007
WS048,1,1,2,,一般水体,858128094,109.2476553,22.8911254,未记录,True,2008
WS048,1,1,3,,一般水体,858128094,109.2474407,22.8909821,未记录,True,2009
WS048,1,1,4,,一般水体,858128094,109.2471671,22.8909574,未记录,True,2010
WS048,1,1,5,,一般水体,858128094,109.2468077,22.8911551,未记录,True,2011
WS048,1,1,6,,一般水体,858128094,109.2467809,22.8914269,未记录,True,2012
WS048,1,1,7,,一般水体,858128094,109.2468721,22.8915751,未记录,True,2013
WS048,1,1,8,,一般水体,858128094,109.2471188,22.8917679,未记录,True,2014
WS048,1,1,9,,一般水体,858128094,109.2473119,22.8917827,未记录,True,2015
WS048,1,1,10,,一般水体,858128094,109.2475694,22.8916838,未记录,True,2016
WS048,1,1,11,,一般水体,858128094,109.2475802,22.8915801,未记录,True,2017
WS048,1,1,12,,一般水体,858128094,109.2472851,22.8915751,未记录,True,2018
WS048,1,1,13,,一般水体,858128094,109.2471081,22.8916295,未记录,True,2019
WS048,1,1,14,,一般水体,858128094,109.2470115,22.8915652,未记录,True,2020
WS048,1,1,15,,一般水体,858128094,109.2469525,22.891412,未记录,True,2021
WS048,1,1,16,,一般水体,858128094,109.2470169,22.8912391,未记录,True,2022
WS048,1,1,17,,一般水体,858128094,109.2471564,22.8911798,未记录,True,2023
WS048,1,1,18,,一般水体,858128094,109.2474407,22.8912144,未记录,True,2024
WS048,1,1,19,,一般水体,858128094,109.2476714,22.8912885,未记录,True,2025
WS049,1,1,1,,一般水体,858384963,109.0722108,22.884041,未记录,True,2026
WS049,1,1,2,,一般水体,858384963,109.0720081,22.88391,未记录,True,2027
WS049,1,1,3,,一般水体,858384963,109.0714073,22.8838853,未记录,True,2028
WS049,1,1,4,,一般水体,858384963,109.0713108,22.884083,未记录,True,2029
WS049,1,1,5,,一般水体,858384963,109.0716648,22.8841867,未记录,True,2030
WS049,1,1,6,,一般水体,858384963,109.072153,22.8842806,未记录,True,2031
WS049,1,1,7,,一般水体,858384963,109.0722108,22.884041,未记录,True,2032
WS050,1,1,1,,一般水体,858384969,109.2069983,22.9069535,未记录,True,2033
WS050,1,1,2,,一般水体,858384969,109.2071217,22.9068597,未记录,True,2034
WS050,1,1,3,,一般水体,858384969,109.2071915,22.9066472,未记录,True,2035
WS050,1,1,4,,一般水体,858384969,109.2072934,22.9063853,未记录,True,2036
WS050,1,1,5,,一般水体,858384969,109.2073417,22.9061728,未记录,True,2037
WS050,1,1,6,,一般水体,858384969,109.2076313,22.90557,未记录,True,2038
WS050,1,1,7,,一般水体,858384969,109.2079425,22.9051598,未记录,True,2039
WS050,1,1,8,,一般水体,858384969,109.2075241,22.9050412,未记录,True,2040
WS050,1,1,9,,一般水体,858384969,109.2073739,22.9051796,未记录,True,2041
WS050,1,1,10,,一般水体,858384969,109.206816,22.9066076,未记录,True,2042
WS050,1,1,11,,一般水体,858384969,109.2068267,22.9069634,未记录,True,2043
WS050,1,1,12,,一般水体,858384969,109.2069983,22.9069535,未记录,True,2044
WS051,1,1,1,,一般水体,858384971,109.2563885,22.9251761,未记录,True,2045
WS051,1,1,2,,一般水体,858384971,109.2563242,22.9250822,未记录,True,2046
WS051,1,1,3,,一般水体,858384971,109.2563778,22.9248549,未记录,True,2047
WS051,1,1,4,,一般水体,858384971,109.2566246,22.9245437,未记录,True,2048
WS051,1,1,5,,一般水体,858384971,109.2565763,22.9236692,未记录,True,2049
WS051,1,1,6,,一般水体,858384971,109.2565066,22.923684,未记录,True,2050
WS051,1,1,7,,一般水体,858384971,109.2564261,22.923852,未记录,True,2051
WS051,1,1,8,,一般水体,858384971,109.2560399,22.9243065,未记录,True,2052
WS051,1,1,9,,一般水体,858384971,109.2559701,22.9245486,未记录,True,2053
WS051,1,1,10,,一般水体,858384971,109.2560238,22.9248599,未记录,True,2054
WS051,1,1,11,,一般水体,858384971,109.2559272,22.9251069,未记录,True,2055
WS051,1,1,12,,一般水体,858384971,109.2557555,22.9252996,未记录,True,2056
WS051,1,1,13,,一般水体,858384971,109.2557448,22.9254972,未记录,True,2057
WS051,1,1,14,,一般水体,858384971,109.2558145,22.9255466,未记录,True,2058
WS051,1,1,15,,一般水体,858384971,109.2558628,22.9254972,未记录,True,2059
WS051,1,1,16,,一般水体,858384971,109.2558628,22.9253638,未记录,True,2060
WS051,1,1,17,,一般水体,858384971,109.2560077,22.9253589,未记录,True,2061
WS051,1,1,18,,一般水体,858384971,109.256072,22.9252798,未记录,True,2062
WS051,1,1,19,,一般水体,858384971,109.2562491,22.9252551,未记录,True,2063
WS051,1,1,20,,一般水体,858384971,109.2563885,22.9251761,未记录,True,2064
WS052,1,1,1,,一般水体,990436745,109.1108608,22.8904317,未记录,True,2065
WS052,1,1,2,,一般水体,990436745,109.1107785,22.8906288,未记录,True,2066
WS052,1,1,3,,一般水体,990436745,109.1108197,22.891311,未记录,True,2067
WS052,1,1,4,,一般水体,990436745,109.1106551,22.8917051,未记录,True,2068
WS052,1,1,5,,一般水体,990436745,109.1104823,22.8921902,未记录,True,2069
WS052,1,1,6,,一般水体,990436745,109.110507,22.8925313,未记录,True,2070
WS052,1,1,7,,一般水体,990436745,109.1105564,22.8927057,未记录,True,2071
WS052,1,1,8,,一般水体,990436745,109.1106634,22.8928421,未记录,True,2072
WS052,1,1,9,,一般水体,990436745,109.1108361,22.8928345,未记录,True,2073
WS052,1,1,10,,一般水体,990436745,109.1110007,22.8927587,未记录,True,2074
WS052,1,1,11,,一般水体,990436745,109.110976,22.8925995,未记录,True,2075
WS052,1,1,12,,一般水体,990436745,109.111083,22.8924783,未记录,True,2076
WS052,1,1,13,,一般水体,990436745,109.111445,22.8924176,未记录,True,2077
WS052,1,1,14,,一般水体,990436745,109.1116013,22.8923494,未记录,True,2078
WS052,1,1,15,,一般水体,990436745,109.1117823,22.8923343,未记录,True,2079
WS052,1,1,16,,一般水体,990436745,109.1117988,22.8924858,未记录,True,2080
WS052,1,1,17,,一般水体,990436745,109.1119222,22.8927815,未记录,True,2081
WS052,1,1,18,,一般水体,990436745,109.1119304,22.8929482,未记录,True,2082
WS052,1,1,19,,一般水体,990436745,109.111807,22.8932438,未记录,True,2083
WS052,1,1,20,,一般水体,990436745,109.1117741,22.893403,未记录,True,2084
WS052,1,1,21,,一般水体,990436745,109.111914,22.8934939,未记录,True,2085
WS052,1,1,22,,一般水体,990436745,109.1122678,22.8933878,未记录,True,2086
WS052,1,1,23,,一般水体,990436745,109.1124323,22.8934333,未记录,True,2087
WS052,1,1,24,,一般水体,990436745,109.1126956,22.893638,未记录,True,2088
WS052,1,1,25,,一般水体,990436745,109.1127861,22.8937896,未记录,True,2089
WS052,1,1,26,,一般水体,990436745,109.112819,22.8939411,未记录,True,2090
WS052,1,1,27,,一般水体,990436745,109.1128766,22.8940927,未记录,True,2091
WS052,1,1,28,,一般水体,990436745,109.113033,22.8943808,未记录,True,2092
WS052,1,1,29,,一般水体,990436745,109.1130576,22.8945324,未记录,True,2093
WS052,1,1,30,,一般水体,990436745,109.113033,22.894684,未记录,True,2094
WS052,1,1,31,,一般水体,990436745,109.1130494,22.8948431,未记录,True,2095
WS052,1,1,32,,一般水体,990436745,109.113288,22.8953282,未记录,True,2096
WS052,1,1,33,,一般水体,990436745,109.1134032,22.8955025,未记录,True,2097
WS052,1,1,34,,一般水体,990436745,109.1137899,22.8954874,未记录,True,2098
WS052,1,1,35,,一般水体,990436745,109.1147361,22.8956162,未记录,True,2099
WS052,1,1,36,,一般水体,990436745,109.1158551,22.8954571,未记录,True,2100
WS052,1,1,37,,一般水体,990436745,109.1158962,22.894828,未记录,True,2101
WS052,1,1,38,,一般水体,990436745,109.1165298,22.8939639,未记录,True,2102
WS052,1,1,39,,一般水体,990436745,109.1164804,22.893835,未记录,True,2103
WS052,1,1,40,,一般水体,990436745,109.1163076,22.8937138,未记录,True,2104
WS052,1,1,41,,一般水体,990436745,109.1162007,22.8935925,未记录,True,2105
WS052,1,1,42,,一般水体,990436745,109.1162007,22.8934257,未记录,True,2106
WS052,1,1,43,,一般水体,990436745,109.1163158,22.8932893,未记录,True,2107
WS052,1,1,44,,一般水体,990436745,109.1165874,22.8931983,未记录,True,2108
WS052,1,1,45,,一般水体,990436745,109.1166779,22.8931301,未记录,True,2109
WS052,1,1,46,,一般水体,990436745,109.1164804,22.892933,未记录,True,2110
WS052,1,1,47,,一般水体,990436745,109.116176,22.8917279,未记录,True,2111
WS052,1,1,48,,一般水体,990436745,109.1156247,22.8915308,未记录,True,2112
WS052,1,1,49,,一般水体,990436745,109.1151722,22.8913261,未记录,True,2113
WS052,1,1,50,,一般水体,990436745,109.1150652,22.8911821,未记录,True,2114
WS052,1,1,51,,一般水体,990436745,109.1150323,22.8910229,未记录,True,2115
WS052,1,1,52,,一般水体,990436745,109.1148924,22.8907122,未记录,True,2116
WS052,1,1,53,,一般水体,990436745,109.1146374,22.8903938,未记录,True,2117
WS052,1,1,54,,一般水体,990436745,109.1141848,22.890174,未记录,True,2118
WS052,1,1,55,,一般水体,990436745,109.1108608,22.8904317,未记录,True,2119
WS053,1,1,1,,池塘,995653921,109.187703,23.1992203,未记录,True,2120
WS053,1,1,2,,池塘,995653921,109.1877685,23.1996315,未记录,True,2121
WS053,1,1,3,,池塘,995653921,109.1883242,23.1998093,未记录,True,2122
WS053,1,1,4,,池塘,995653921,109.1886594,23.199687,未记录,True,2123
WS053,1,1,5,,池塘,995653921,109.1888467,23.1996371,未记录,True,2124
WS053,1,1,6,,池塘,995653921,109.1889502,23.199551,未记录,True,2125
WS053,1,1,7,,池塘,995653921,109.1891869,23.1996598,未记录,True,2126
WS053,1,1,8,,池塘,995653921,109.1892855,23.1995057,未记录,True,2127
WS053,1,1,9,,池塘,995653921,109.1890833,23.1992248,未记录,True,2128
WS053,1,1,10,,池塘,995653921,109.1888418,23.1991614,未记录,True,2129
WS053,1,1,11,,池塘,995653921,109.1885854,23.1989756,未记录,True,2130
WS053,1,1,12,,池塘,995653921,109.1883784,23.1989665,未记录,True,2131
WS053,1,1,13,,池塘,995653921,109.1881073,23.1991296,未记录,True,2132
WS053,1,1,14,,池塘,995653921,109.1877622,23.1991115,未记录,True,2133
WS053,1,1,15,,池塘,995653921,109.187703,23.1992203,未记录,True,2134
WS054,1,1,1,,水库,995656821,109.1965347,23.1852347,未记录,True,2135
WS054,1,1,2,,水库,995656821,109.1978487,23.186293,未记录,True,2136
WS054,1,1,3,,水库,995656821,109.1988114,23.1864724,未记录,True,2137
WS054,1,1,4,,水库,995656821,109.1994814,23.1861375,未记录,True,2138
WS054,1,1,5,,水库,995656821,109.1995299,23.1854903,未记录,True,2139
WS054,1,1,6,,水库,995656821,109.1997567,23.1848196,未记录,True,2140
WS054,1,1,7,,水库,995656821,109.1999736,23.1841218,未记录,True,2141
WS054,1,1,8,,水库,995656821,109.1996384,23.1832154,未记录,True,2142
WS054,1,1,9,,水库,995656821,109.1991651,23.1826898,未记录,True,2143
WS054,1,1,10,,水库,995656821,109.1996088,23.1823725,未记录,True,2144
WS054,1,1,11,,水库,995656821,109.1997863,23.181584,未记录,True,2145
WS054,1,1,12,,水库,995656821,109.1995595,23.181294,未记录,True,2146
WS054,1,1,13,,水库,995656821,109.1986229,23.1814753,未记录,True,2147
WS054,1,1,14,,水库,995656821,109.1976369,23.1817653,未记录,True,2148
WS054,1,1,15,,水库,995656821,109.1970848,23.1819556,未记录,True,2149
WS054,1,1,16,,水库,995656821,109.1973609,23.1826082,未记录,True,2150
WS054,1,1,17,,水库,995656821,109.1978736,23.183007,未记录,True,2151
WS054,1,1,18,,水库,995656821,109.1981693,23.1834058,未记录,True,2152
WS054,1,1,19,,水库,995656821,109.1983172,23.1838589,未记录,True,2153
WS054,1,1,20,,水库,995656821,109.1985144,23.1842577,未记录,True,2154
WS054,1,1,21,,水库,995656821,109.197913,23.1846112,未记录,True,2155
WS054,1,1,22,,水库,995656821,109.1975679,23.184303,未记录,True,2156
WS054,1,1,23,,水库,995656821,109.1967989,23.184303,未记录,True,2157
WS054,1,1,24,,水库,995656821,109.1966609,23.1844299,未记录,True,2158
WS054,1,1,25,,水库,995656821,109.1965347,23.1852347,未记录,True,2159
WS055,1,1,1,,水库,995656823,109.172774,23.1746364,未记录,True,2160
WS055,1,1,2,,水库,995656823,109.1737603,23.1738259,未记录,True,2161
WS055,1,1,3,,水库,995656823,109.1742982,23.1743754,未记录,True,2162
WS055,1,1,4,,水库,995656823,109.1743879,23.1738121,未记录,True,2163
WS055,1,1,5,,水库,995656823,109.1751202,23.1739633,未记录,True,2164
WS055,1,1,6,,水库,995656823,109.1755236,23.1749112,未记录,True,2165
WS055,1,1,7,,水库,995656823,109.1756133,23.1741144,未记录,True,2166
WS055,1,1,8,,水库,995656823,109.1764203,23.1736885,未记录,True,2167
WS055,1,1,9,,水库,995656823,109.1765996,23.173922,未记录,True,2168
WS055,1,1,10,,水库,995656823,109.1768387,23.174554,未记录,True,2169
WS055,1,1,11,,水库,995656823,109.1774813,23.1749249,未记录,True,2170
WS055,1,1,12,,水库,995656823,109.1781837,23.1746227,未记录,True,2171
WS055,1,1,13,,水库,995656823,109.1784676,23.1740457,未记录,True,2172
WS055,1,1,14,,水库,995656823,109.1778549,23.1734275,未记录,True,2173
WS055,1,1,15,,水库,995656823,109.1770479,23.1733862,未记录,True,2174
WS055,1,1,16,,水库,995656823,109.1762858,23.1726719,未记录,True,2175
WS055,1,1,17,,水库,995656823,109.1755984,23.1729466,未记录,True,2176
WS055,1,1,18,,水库,995656823,109.1744178,23.1723147,未记录,True,2177
WS055,1,1,19,,水库,995656823,109.1742833,23.1714629,未记录,True,2178
WS055,1,1,20,,水库,995656823,109.1737901,23.1712568,未记录,True,2179
WS055,1,1,21,,水库,995656823,109.17382,23.1706386,未记录,True,2180
WS055,1,1,22,,水库,995656823,109.1733269,23.1711606,未记录,True,2181
WS055,1,1,23,,水库,995656823,109.1721612,23.1708584,未记录,True,2182
WS055,1,1,24,,水库,995656823,109.1721612,23.1697181,未记录,True,2183
WS055,1,1,25,,水库,995656823,109.1716083,23.1693883,未记录,True,2184
WS055,1,1,26,,水库,995656823,109.1707565,23.1694433,未记录,True,2185
WS055,1,1,27,,水库,995656823,109.1694564,23.1693609,未记录,True,2186
WS055,1,1,28,,水库,995656823,109.1694863,23.1697318,未记录,True,2187
WS055,1,1,29,,水库,995656823,109.1687988,23.1703775,未记录,True,2188
WS055,1,1,30,,水库,995656823,109.1689677,23.1708145,未记录,True,2189
WS055,1,1,31,,水库,995656823,109.1692023,23.1714217,未记录,True,2190
WS055,1,1,32,,水库,995656823,109.170622,23.1712156,未记录,True,2191
WS055,1,1,33,,水库,995656823,109.1723705,23.1718338,未记录,True,2192
WS055,1,1,34,,水库,995656823,109.1731924,23.1721086,未记录,True,2193
WS055,1,1,35,,水库,995656823,109.1730131,23.172768,未记录,True,2194
WS055,1,1,36,,水库,995656823,109.1732073,23.1737847,未记录,True,2195
WS055,1,1,37,,水库,995656823,109.172774,23.1746364,未记录,True,2196
WS056,1,1,1,,水库,995656824,109.1753443,23.1817663,未记录,True,2197
WS056,1,1,2,,水库,995656824,109.1765996,23.1820411,未记录,True,2198
WS056,1,1,3,,水库,995656824,109.1771675,23.1808734,未记录,True,2199
WS056,1,1,4,,水库,995656824,109.1783032,23.1809146,未记录,True,2200
WS056,1,1,5,,水库,995656824,109.1787366,23.1814229,未记录,True,2201
WS056,1,1,6,,水库,995656824,109.1797827,23.181313,未记录,True,2202
WS056,1,1,7,,水库,995656824,109.1804701,23.1806948,未记录,True,2203
WS056,1,1,8,,水库,995656824,109.1801413,23.1803788,未记录,True,2204
WS056,1,1,9,,水库,995656824,109.1803057,23.1799805,未记录,True,2205
WS056,1,1,10,,水库,995656824,109.180754,23.1796645,未记录,True,2206
WS056,1,1,11,,水库,995656824,109.1800965,23.1791287,未记录,True,2207
WS056,1,1,12,,水库,995656824,109.1812771,23.1789776,未记录,True,2208
WS056,1,1,13,,水库,995656824,109.1812771,23.1786891,未记录,True,2209
WS056,1,1,14,,水库,995656824,109.1812323,23.1776863,未记录,True,2210
WS056,1,1,15,,水库,995656824,109.1793643,23.1778649,未记录,True,2211
WS056,1,1,16,,水库,995656824,109.1785274,23.177123,未记录,True,2212
WS056,1,1,17,,水库,995656824,109.1779296,23.1774115,未记录,True,2213
WS056,1,1,18,,水库,995656824,109.1777503,23.1786616,未记录,True,2214
WS056,1,1,19,,水库,995656824,109.1773767,23.1797744,未记录,True,2215
WS056,1,1,20,,水库,995656824,109.1764502,23.1797881,未记录,True,2216
WS056,1,1,21,,水库,995656824,109.1763755,23.1786616,未记录,True,2217
WS056,1,1,22,,水库,995656824,109.1766743,23.1774802,未记录,True,2218
WS056,1,1,23,,水库,995656824,109.1756133,23.1773428,未记录,True,2219
WS056,1,1,24,,水库,995656824,109.1759421,23.1779748,未记录,True,2220
WS056,1,1,25,,水库,995656824,109.1761662,23.1787715,未记录,True,2221
WS056,1,1,26,,水库,995656824,109.1756133,23.1798568,未记录,True,2222
WS056,1,1,27,,水库,995656824,109.1745971,23.1797332,未记录,True,2223
WS056,1,1,28,,水库,995656824,109.1747167,23.1802689,未记录,True,2224
WS056,1,1,29,,水库,995656824,109.1748362,23.1809284,未记录,True,2225
WS056,1,1,30,,水库,995656824,109.1753443,23.1817663,未记录,True,2226
WS057,1,1,1,,池塘,995766686,109.0586477,23.1851859,未记录,True,2227
WS057,1,1,2,,池塘,995766686,109.0592097,23.1851316,未记录,True,2228
WS057,1,1,3,,池塘,995766686,109.0596534,23.184905,未记录,True,2229
WS057,1,1,4,,池塘,995766686,109.0602252,23.1849775,未记录,True,2230
WS057,1,1,5,,池塘,995766686,109.0606097,23.1851225,未记录,True,2231
WS057,1,1,6,,池塘,995766686,109.0612605,23.1855394,未记录,True,2232
WS057,1,1,7,,池塘,995766686,109.061714,23.185476,未记录,True,2233
WS057,1,1,8,,池塘,995766686,109.0617337,23.1850862,未记录,True,2234
WS057,1,1,9,,池塘,995766686,109.0630056,23.1849866,未记录,True,2235
WS057,1,1,10,,池塘,995766686,109.0629464,23.1857841,未记录,True,2236
WS057,1,1,11,,池塘,995766686,109.0634394,23.1857841,未记录,True,2237
WS057,1,1,12,,池塘,995766686,109.0641591,23.185766,未记录,True,2238
WS057,1,1,13,,池塘,995766686,109.0644647,23.1856572,未记录,True,2239
WS057,1,1,14,,池塘,995766686,109.0647309,23.1852222,未记录,True,2240
WS057,1,1,15,,池塘,995766686,109.0651155,23.1850409,未记录,True,2241
WS057,1,1,16,,池塘,995766686,109.0658451,23.1847509,未记录,True,2242
WS057,1,1,17,,池塘,995766686,109.0661408,23.1844246,未记录,True,2243
WS057,1,1,18,,池塘,995766686,109.0659042,23.1839896,未记录,True,2244
WS057,1,1,19,,池塘,995766686,109.0664761,23.1834821,未记录,True,2245
WS057,1,1,20,,池塘,995766686,109.0663084,23.1833824,未记录,True,2246
WS057,1,1,21,,池塘,995766686,109.0656774,23.1833733,未记录,True,2247
WS057,1,1,22,,池塘,995766686,109.0652535,23.183183,未记录,True,2248
WS057,1,1,23,,池塘,995766686,109.0637352,23.1822948,未记录,True,2249
WS057,1,1,24,,池塘,995766686,109.0640112,23.1814156,未记录,True,2250
WS057,1,1,25,,池塘,995766686,109.0631929,23.1810894,未记录,True,2251
WS057,1,1,26,,池塘,995766686,109.062345,23.1814428,未记录,True,2252
WS057,1,1,27,,池塘,995766686,109.0611126,23.1810894,未记录,True,2253
WS057,1,1,28,,池塘,995766686,109.0602844,23.1804277,未记录,True,2254
WS057,1,1,29,,池塘,995766686,109.0600478,23.1806543,未记录,True,2255
WS057,1,1,30,,池塘,995766686,109.059259,23.1800199,未记录,True,2256
WS057,1,1,31,,池塘,995766686,109.0594069,23.179893,未记录,True,2257
WS057,1,1,32,,池塘,995766686,109.0593576,23.1796936,未记录,True,2258
WS057,1,1,33,,池塘,995766686,109.0591013,23.1795214,未记录,True,2259
WS057,1,1,34,,池塘,995766686,109.0588548,23.1788869,未记录,True,2260
WS057,1,1,35,,池塘,995766686,109.0582829,23.1790863,未记录,True,2261
WS057,1,1,36,,池塘,995766686,109.0578787,23.179177,未记录,True,2262
WS057,1,1,37,,池塘,995766686,109.0574646,23.1791226,未记录,True,2263
WS057,1,1,38,,池塘,995766686,109.0570308,23.1786422,未记录,True,2264
WS057,1,1,39,,池塘,995766686,109.0566759,23.1784338,未记录,True,2265
WS057,1,1,40,,池塘,995766686,109.0563899,23.1782616,未记录,True,2266
WS057,1,1,41,,池塘,995766686,109.0559167,23.1781528,未记录,True,2267
WS057,1,1,42,,池塘,995766686,109.0558477,23.1777812,未记录,True,2268
WS057,1,1,43,,池塘,995766686,109.0560251,23.177464,未记录,True,2269
WS057,1,1,44,,池塘,995766686,109.0560843,23.1770017,未记录,True,2270
WS057,1,1,45,,池塘,995766686,109.0558477,23.177038,未记录,True,2271
WS057,1,1,46,,池塘,995766686,109.0555913,23.1772374,未记录,True,2272
WS057,1,1,47,,池塘,995766686,109.0554336,23.1775546,未记录,True,2273
WS057,1,1,48,,池塘,995766686,109.0552265,23.1779806,未记录,True,2274
WS057,1,1,49,,池塘,995766686,109.0548519,23.1781165,未记录,True,2275
WS057,1,1,50,,池塘,995766686,109.0543392,23.1781165,未记录,True,2276
WS057,1,1,51,,池塘,995766686,109.0541124,23.1786332,未记录,True,2277
WS057,1,1,52,,池塘,995766686,109.0537082,23.1788598,未记录,True,2278
WS057,1,1,53,,池塘,995766686,109.0538364,23.1793764,未记录,True,2279
WS057,1,1,54,,池塘,995766686,109.0541814,23.1799927,未记录,True,2280
WS057,1,1,55,,池塘,995766686,109.0550984,23.1804821,未记录,True,2281
WS057,1,1,56,,池塘,995766686,109.0554434,23.1803915,未记录,True,2282
WS057,1,1,57,,池塘,995766686,109.0558181,23.1804277,未记录,True,2283
WS057,1,1,58,,池塘,995766686,109.0562716,23.1807359,未记录,True,2284
WS057,1,1,59,,池塘,995766686,109.0569026,23.180745,未记录,True,2285
WS057,1,1,60,,池塘,995766686,109.0576618,23.1813069,未记录,True,2286
WS057,1,1,61,,池塘,995766686,109.0583618,23.1818416,未记录,True,2287
WS057,1,1,62,,池塘,995766686,109.0585886,23.1821588,未记录,True,2288
WS057,1,1,63,,池塘,995766686,109.0584801,23.1825395,未记录,True,2289
WS057,1,1,64,,池塘,995766686,109.0578787,23.1825486,未记录,True,2290
WS057,1,1,65,,池塘,995766686,109.0576914,23.1831377,未记录,True,2291
WS057,1,1,66,,池塘,995766686,109.0570899,23.1833642,未记录,True,2292
WS057,1,1,67,,池塘,995766686,109.0586477,23.1851859,未记录,True,2293
WS058,1,1,1,,池塘,995794777,109.0827689,23.1983989,未记录,True,2294
WS058,1,1,2,,池塘,995794777,109.0831929,23.1985212,未记录,True,2295
WS058,1,1,3,,池塘,995794777,109.0836267,23.19834,未记录,True,2296
WS058,1,1,4,,池塘,995794777,109.0839767,23.198263,未记录,True,2297
WS058,1,1,5,,池塘,995794777,109.0840703,23.1978869,未记录,True,2298
WS058,1,1,6,,池塘,995794777,109.0839964,23.1976286,未记录,True,2299
WS058,1,1,7,,池塘,995794777,109.0836957,23.1975108,未记录,True,2300
WS058,1,1,8,,池塘,995794777,109.0831731,23.1975017,未记录,True,2301
WS058,1,1,9,,池塘,995794777,109.0829168,23.1977328,未记录,True,2302
WS058,1,1,10,,池塘,995794777,109.0828429,23.1979956,未记录,True,2303
WS058,1,1,11,,池塘,995794777,109.0827689,23.1983989,未记录,True,2304
WS059,1,1,1,,池塘,995804872,109.1129523,23.1940801,未记录,True,2305
WS059,1,1,2,,池塘,995804872,109.1138017,23.1935023,未记录,True,2306
WS059,1,1,3,,池塘,995804872,109.1153318,23.193715,未记录,True,2307
WS059,1,1,4,,池塘,995804872,109.1154699,23.1935934,未记录,True,2308
WS059,1,1,5,,池塘,995804872,109.1154047,23.1934414,未记录,True,2309
WS059,1,1,6,,池塘,995804872,109.1151551,23.1930079,未记录,True,2310
WS059,1,1,7,,池塘,995804872,109.115254,23.192293,未记录,True,2311
WS059,1,1,8,,池塘,995804872,109.1154177,23.1920055,未记录,True,2312
WS059,1,1,9,,池塘,995804872,109.1156183,23.1920315,未记录,True,2313
WS059,1,1,10,,池塘,995804872,109.1157852,23.191835,未记录,True,2314
WS059,1,1,11,,池塘,995804872,109.1154441,23.1915587,未记录,True,2315
WS059,1,1,12,,池塘,995804872,109.1153016,23.1915153,未记录,True,2316
WS059,1,1,13,,池塘,995804872,109.1151949,23.1915629,未记录,True,2317
WS059,1,1,14,,池塘,995804872,109.1150858,23.1915366,未记录,True,2318
WS059,1,1,15,,池塘,995804872,109.1149988,23.1914673,未记录,True,2319
WS059,1,1,16,,池塘,995804872,109.1150157,23.1913233,未记录,True,2320
WS059,1,1,17,,池塘,995804872,109.1148205,23.1915051,未记录,True,2321
WS059,1,1,18,,池塘,995804872,109.114979,23.1918591,未记录,True,2322
WS059,1,1,19,,池塘,995804872,109.1146737,23.1923832,未记录,True,2323
WS059,1,1,20,,池塘,995804872,109.1142264,23.1925706,未记录,True,2324
WS059,1,1,21,,池塘,995804872,109.1140452,23.1919564,未记录,True,2325
WS059,1,1,22,,池塘,995804872,109.1143736,23.1915348,未记录,True,2326
WS059,1,1,23,,池塘,995804872,109.1143283,23.1912537,未记录,True,2327
WS059,1,1,24,,池塘,995804872,109.1139772,23.1910611,未记录,True,2328
WS059,1,1,25,,池塘,995804872,109.1137394,23.1910455,未记录,True,2329
WS059,1,1,26,,池塘,995804872,109.1132354,23.1910195,未记录,True,2330
WS059,1,1,27,,池塘,995804872,109.112907,23.1910768,未记录,True,2331
WS059,1,1,28,,池塘,995804872,109.1128107,23.1912329,未记录,True,2332
WS059,1,1,29,,池塘,995804872,109.1130032,23.19154,未记录,True,2333
WS059,1,1,30,,池塘,995804872,109.1131731,23.1920501,未记录,True,2334
WS059,1,1,31,,池塘,995804872,109.1134562,23.1924613,未记录,True,2335
WS059,1,1,32,,池塘,995804872,109.1139036,23.1924925,未记录,True,2336
WS059,1,1,33,,池塘,995804872,109.1139772,23.1926955,未记录,True,2337
WS059,1,1,34,,池塘,995804872,109.1138243,23.1928881,未记录,True,2338
WS059,1,1,35,,池塘,995804872,109.1133373,23.1929922,未记录,True,2339
WS059,1,1,36,,池塘,995804872,109.1130485,23.1930339,未记录,True,2340
WS059,1,1,37,,池塘,995804872,109.1131278,23.1932629,未记录,True,2341
WS059,1,1,38,,池塘,995804872,109.1124766,23.1934763,未记录,True,2342
WS059,1,1,39,,池塘,995804872,109.1129523,23.1940801,未记录,True,2343
WS060,1,1,1,,水库,995804873,109.2472917,23.1878974,未记录,True,2344
WS060,1,1,2,,水库,995804873,109.2479599,23.1877829,未记录,True,2345
WS060,1,1,3,,水库,995804873,109.2483677,23.1873353,未记录,True,2346
WS060,1,1,4,,水库,995804873,109.2487074,23.1863567,未记录,True,2347
WS060,1,1,5,,水库,995804873,109.2488094,23.1857008,未记录,True,2348
WS060,1,1,6,,水库,995804873,109.2486734,23.1852219,未记录,True,2349
WS060,1,1,7,,水库,995804873,109.2482771,23.1845244,未记录,True,2350
WS060,1,1,8,,水库,995804873,109.2475183,23.1840663,未记录,True,2351
WS060,1,1,9,,水库,995804873,109.2477221,23.1836082,未记录,True,2352
WS060,1,1,10,,水库,995804873,109.2482657,23.1835353,未记录,True,2353
WS060,1,1,11,,水库,995804873,109.2489679,23.1837644,未记录,True,2354
WS060,1,1,12,,水库,995804873,109.2496474,23.1837123,未记录,True,2355
WS060,1,1,13,,水库,995804873,109.2512783,23.1833584,未记录,True,2356
WS060,1,1,14,,水库,995804873,109.2503609,23.1833792,未记录,True,2357
WS060,1,1,15,,水库,995804873,109.2494436,23.1834833,未记录,True,2358
WS060,1,1,16,,水库,995804873,109.2485602,23.1834104,未记录,True,2359
WS060,1,1,17,,水库,995804873,109.2481978,23.1827337,未记录,True,2360
WS060,1,1,18,,水库,995804873,109.2478354,23.1827753,未记录,True,2361
WS060,1,1,19,,水库,995804873,109.2472238,23.1833479,未记录,True,2362
WS060,1,1,20,,水库,995804873,109.2469067,23.1835874,未记录,True,2363
WS060,1,1,21,,水库,995804873,109.2467708,23.1838997,未记录,True,2364
WS060,1,1,22,,水库,995804873,109.2467595,23.1842225,未记录,True,2365
WS060,1,1,23,,水库,995804873,109.2472011,23.1845348,未记录,True,2366
WS060,1,1,24,,水库,995804873,109.2472804,23.1848159,未记录,True,2367
WS060,1,1,25,,水库,995804873,109.2477901,23.1850761,未记录,True,2368
WS060,1,1,26,,水库,995804873,109.2477561,23.1853156,未记录,True,2369
WS060,1,1,27,,水库,995804873,109.2475183,23.1855342,未记录,True,2370
WS060,1,1,28,,水库,995804873,109.2472464,23.1852219,未记录,True,2371
WS060,1,1,29,,水库,995804873,109.246918,23.1847742,未记录,True,2372
WS060,1,1,30,,水库,995804873,109.2466462,23.1842953,未记录,True,2373
WS060,1,1,31,,水库,995804873,109.2465782,23.1844723,未记录,True,2374
WS060,1,1,32,,水库,995804873,109.2462158,23.1845556,未记录,True,2375
WS060,1,1,33,,水库,995804873,109.2457515,23.1845036,未记录,True,2376
WS060,1,1,34,,水库,995804873,109.2452192,23.1844203,未记录,True,2377
WS060,1,1,35,,水库,995804873,109.2449134,23.1845348,未记录,True,2378
WS060,1,1,36,,水库,995804873,109.2442792,23.1845348,未记录,True,2379
WS060,1,1,37,,水库,995804873,109.2440753,23.1840559,未记录,True,2380
WS060,1,1,38,,水库,995804873,109.2440527,23.1843994,未记录,True,2381
WS060,1,1,39,,水库,995804873,109.2440867,23.1848471,未记录,True,2382
WS060,1,1,40,,水库,995804873,109.2442452,23.1851282,未记录,True,2383
WS060,1,1,41,,水库,995804873,109.2446303,23.1853781,未记录,True,2384
WS060,1,1,42,,水库,995804873,109.2449247,23.185326,未记录,True,2385
WS060,1,1,43,,水库,995804873,109.2451626,23.1855342,未记录,True,2386
WS060,1,1,44,,水库,995804873,109.245072,23.185909,未记录,True,2387
WS060,1,1,45,,水库,995804873,109.2453438,23.1861901,未记录,True,2388
WS060,1,1,46,,水库,995804873,109.2454797,23.1865232,未记录,True,2389
WS060,1,1,47,,水库,995804873,109.2457855,23.1868251,未记录,True,2390
WS060,1,1,48,,水库,995804873,109.2458761,23.1865753,未记录,True,2391
WS060,1,1,49,,水库,995804873,109.2458647,23.1862213,未记录,True,2392
WS060,1,1,50,,水库,995804873,109.2461139,23.1864816,未记录,True,2393
WS060,1,1,51,,水库,995804873,109.2461139,23.1868147,未记录,True,2394
WS060,1,1,52,,水库,995804873,109.2460686,23.1870438,未记录,True,2395
WS060,1,1,53,,水库,995804873,109.2465103,23.1875747,未记录,True,2396
WS060,1,1,54,,水库,995804873,109.2472917,23.1878974,未记录,True,2397
WS061,1,1,1,,水库,995804875,109.2722042,23.1561017,未记录,True,2398
WS061,1,1,2,,水库,995804875,109.2725927,23.1554971,未记录,True,2399
WS061,1,1,3,,水库,995804875,109.2729962,23.1552773,未记录,True,2400
WS061,1,1,4,,水库,995804875,109.2735641,23.1553735,未记录,True,2401
WS061,1,1,5,,水库,995804875,109.2736837,23.1550712,未记录,True,2402
WS061,1,1,6,,水库,995804875,109.2732503,23.1547826,未记录,True,2403
WS061,1,1,7,,水库,995804875,109.272802,23.154343,未记录,True,2404
WS061,1,1,8,,水库,995804875,109.2729813,23.1539994,未记录,True,2405
WS061,1,1,9,,水库,995804875,109.2738331,23.1540407,未记录,True,2406
WS061,1,1,10,,水库,995804875,109.2743561,23.1543155,未记录,True,2407
WS061,1,1,11,,水库,995804875,109.2748642,23.1539307,未记录,True,2408
WS061,1,1,12,,水库,995804875,109.2752378,23.1538483,未记录,True,2409
WS061,1,1,13,,水库,995804875,109.2757908,23.1539445,未记录,True,2410
WS061,1,1,14,,水库,995804875,109.2763287,23.1544254,未记录,True,2411
WS061,1,1,15,,水库,995804875,109.2767472,23.1537659,未记录,True,2412
WS061,1,1,16,,水库,995804875,109.275985,23.1535735,未记录,True,2413
WS061,1,1,17,,水库,995804875,109.2758954,23.1529689,未记录,True,2414
WS061,1,1,18,,水库,995804875,109.2761345,23.1523231,未记录,True,2415
WS061,1,1,19,,水库,995804875,109.2767472,23.1519521,未记录,True,2416
WS061,1,1,20,,水库,995804875,109.2768518,23.151485,未记录,True,2417
WS061,1,1,21,,水库,995804875,109.2763437,23.1512788,未记录,True,2418
WS061,1,1,22,,水库,995804875,109.2759103,23.1517048,未记录,True,2419
WS061,1,1,23,,水库,995804875,109.2751183,23.1522956,未记录,True,2420
WS061,1,1,24,,水库,995804875,109.2745355,23.1527766,未记录,True,2421
WS061,1,1,25,,水库,995804875,109.2733549,23.152488,未记录,True,2422
WS061,1,1,26,,水库,995804875,109.2725778,23.1525979,未记录,True,2423
WS061,1,1,27,,水库,995804875,109.271457,23.152804,未记录,True,2424
WS061,1,1,28,,水库,995804875,109.2712777,23.1512788,未记录,True,2425
WS061,1,1,29,,水库,995804875,109.2708443,23.1522269,未记录,True,2426
WS061,1,1,30,,水库,995804875,109.2708742,23.1529414,未记录,True,2427
WS061,1,1,31,,水库,995804875,109.2703063,23.1529277,未记录,True,2428
WS061,1,1,32,,水库,995804875,109.270396,23.1532575,未记录,True,2429
WS061,1,1,33,,水库,995804875,109.2709937,23.1534636,未记录,True,2430
WS061,1,1,34,,水库,995804875,109.2716064,23.1555796,未记录,True,2431
WS061,1,1,35,,水库,995804875,109.2722042,23.1561017,未记录,True,2432
WS062,1,1,1,,蓄水池,1028567646,109.1819768,23.2049625,未记录,True,2433
WS062,1,1,2,,蓄水池,1028567646,109.182257,23.2049797,未记录,True,2434
WS062,1,1,3,,蓄水池,1028567646,109.182299,23.2049153,未记录,True,2435
WS062,1,1,4,,蓄水池,1028567646,109.1822756,23.2046535,未记录,True,2436
WS062,1,1,5,,蓄水池,1028567646,109.1821495,23.204529,未记录,True,2437
WS062,1,1,6,,蓄水池,1028567646,109.1821495,23.2043273,未记录,True,2438
WS062,1,1,7,,蓄水池,1028567646,109.1822149,23.2041813,未记录,True,2439
WS062,1,1,8,,蓄水池,1028567646,109.1823924,23.204044,未记录,True,2440
WS062,1,1,9,,蓄水池,1028567646,109.1823177,23.2039753,未记录,True,2441
WS062,1,1,10,,蓄水池,1028567646,109.182369,23.2038723,未记录,True,2442
WS062,1,1,11,,蓄水池,1028567646,109.1821589,23.2037306,未记录,True,2443
WS062,1,1,12,,蓄水池,1028567646,109.1818974,23.2037221,未记录,True,2444
WS062,1,1,13,,蓄水池,1028567646,109.1816499,23.2038251,未记录,True,2445
WS062,1,1,14,,蓄水池,1028567646,109.1814817,23.2038208,未记录,True,2446
WS062,1,1,15,,蓄水池,1028567646,109.1813743,23.2039238,未记录,True,2447
WS062,1,1,16,,蓄水池,1028567646,109.1812856,23.2041599,未记录,True,2448
WS062,1,1,17,,蓄水池,1028567646,109.1813697,23.2044174,未记录,True,2449
WS062,1,1,18,,蓄水池,1028567646,109.1814257,23.2046363,未记录,True,2450
WS062,1,1,19,,蓄水池,1028567646,109.1815565,23.204735,未记录,True,2451
WS062,1,1,20,,蓄水池,1028567646,109.1817012,23.204705,未记录,True,2452
WS062,1,1,21,,蓄水池,1028567646,109.1819768,23.2049625,未记录,True,2453
WS063,1,1,1,酒饼塘,池塘,1028567651,109.1890829,23.2081737,酒饼塘,False,2454
WS063,1,1,2,酒饼塘,池塘,1028567651,109.1893837,23.2080542,酒饼塘,False,2455
WS063,1,1,3,酒饼塘,池塘,1028567651,109.1893594,23.2075909,酒饼塘,False,2456
WS063,1,1,4,酒饼塘,池塘,1028567651,109.1895057,23.2072919,酒饼塘,False,2457
WS063,1,1,5,酒饼塘,池塘,1028567651,109.1897578,23.2070827,酒饼塘,False,2458
WS063,1,1,6,酒饼塘,池塘,1028567651,109.1897171,23.2069332,酒饼塘,False,2459
WS063,1,1,7,酒饼塘,池塘,1028567651,109.1893756,23.2070154,酒饼塘,False,2460
WS063,1,1,8,酒饼塘,池塘,1028567651,109.1891561,23.2072172,酒饼塘,False,2461
WS063,1,1,9,酒饼塘,池塘,1028567651,109.1890097,23.2075909,酒饼塘,False,2462
WS063,1,1,10,酒饼塘,池塘,1028567651,109.1890829,23.2081737,酒饼塘,False,2463
WS064,1,1,1,,蓄水池,1028567658,109.1588745,23.1999163,未记录,True,2464
WS064,1,1,2,,蓄水池,1028567658,109.15922,23.1994785,未记录,True,2465
WS064,1,1,3,,蓄水池,1028567658,109.1598738,23.1993583,未记录,True,2466
WS064,1,1,4,,蓄水池,1028567658,109.1599019,23.1991093,未记录,True,2467
WS064,1,1,5,,蓄水池,1028567658,109.1589212,23.1989204,未记录,True,2468
WS064,1,1,6,,蓄水池,1028567658,109.158697,23.1991866,未记录,True,2469
WS064,1,1,7,,蓄水池,1028567658,109.1585662,23.1996587,未记录,True,2470
WS064,1,1,8,,蓄水池,1028567658,109.1588745,23.1999163,未记录,True,2471
WS065,1,1,1,,蓄水池,1028567659,109.157268,23.1988003,未记录,True,2472
WS065,1,1,2,,蓄水池,1028567659,109.1580619,23.1988861,未记录,True,2473
WS065,1,1,3,,蓄水池,1028567659,109.1581366,23.1984655,未记录,True,2474
WS065,1,1,4,,蓄水池,1028567659,109.1578564,23.1983281,未记录,True,2475
WS065,1,1,5,,蓄水池,1028567659,109.157735,23.1984054,未记录,True,2476
WS065,1,1,6,,蓄水池,1028567659,109.1571933,23.1982079,未记录,True,2477
WS065,1,1,7,,蓄水池,1028567659,109.1570905,23.1983281,未记录,True,2478
WS065,1,1,8,,蓄水池,1028567659,109.157268,23.1988003,未记录,True,2479
WS066,1,1,1,,蓄水池,1028567660,109.1585195,23.1979504,未记录,True,2480
WS066,1,1,2,,蓄水池,1028567660,109.1595469,23.1984311,未记录,True,2481
WS066,1,1,3,,蓄水池,1028567660,109.160154,23.1986887,未记录,True,2482
WS066,1,1,4,,蓄水池,1028567660,109.1608078,23.1986028,未记录,True,2483
WS066,1,1,5,,蓄水池,1028567660,109.1611908,23.198517,未记录,True,2484
WS066,1,1,6,,蓄水池,1028567660,109.1619193,23.1980706,未记录,True,2485
WS066,1,1,7,,蓄水池,1028567660,109.162433,23.198019,未记录,True,2486
WS066,1,1,8,,蓄水池,1028567660,109.1632456,23.1975383,未记录,True,2487
WS066,1,1,9,,蓄水池,1028567660,109.1627412,23.1974439,未记录,True,2488
WS066,1,1,10,,蓄水池,1028567660,109.162377,23.1974267,未记录,True,2489
WS066,1,1,11,,蓄水池,1028567660,109.1620034,23.1970404,未记录,True,2490
WS066,1,1,12,,蓄水池,1028567660,109.1615177,23.1969803,未记录,True,2491
WS066,1,1,13,,蓄水池,1028567660,109.1613122,23.1968172,未记录,True,2492
WS066,1,1,14,,蓄水池,1028567660,109.1612095,23.1964738,未记录,True,2493
WS066,1,1,15,,蓄水池,1028567660,109.1614336,23.1962677,未记录,True,2494
WS066,1,1,16,,蓄水池,1028567660,109.1612935,23.1955895,未记录,True,2495
WS066,1,1,17,,蓄水池,1028567660,109.1608359,23.1956668,未记录,True,2496
WS066,1,1,18,,蓄水池,1028567660,109.1611067,23.1960359,未记录,True,2497
WS066,1,1,19,,蓄水池,1028567660,109.16106,23.1963793,未记录,True,2498
WS066,1,1,20,,蓄水池,1028567660,109.1608452,23.1965768,未记录,True,2499
WS066,1,1,21,,蓄水池,1028567660,109.1607238,23.1964909,未记录,True,2500
WS066,1,1,22,,蓄水池,1028567660,109.1606864,23.1963192,未记录,True,2501
WS066,1,1,23,,蓄水池,1028567660,109.1604996,23.1962763,未记录,True,2502
WS066,1,1,24,,蓄水池,1028567660,109.1604062,23.1964995,未记录,True,2503
WS066,1,1,25,,蓄水池,1028567660,109.1599953,23.1958986,未记录,True,2504
WS066,1,1,26,,蓄水池,1028567660,109.1597991,23.1958127,未记录,True,2505
WS066,1,1,27,,蓄水池,1028567660,109.1597151,23.1959415,未记录,True,2506
WS066,1,1,28,,蓄水池,1028567660,109.1598458,23.1964995,未记录,True,2507
WS066,1,1,29,,蓄水池,1028567660,109.1600233,23.196551,未记录,True,2508
WS066,1,1,30,,蓄水池,1028567660,109.1602194,23.1967914,未记录,True,2509
WS066,1,1,31,,蓄水池,1028567660,109.160098,23.1970833,未记录,True,2510
WS066,1,1,32,,蓄水池,1028567660,109.1598178,23.1968086,未记录,True,2511
WS066,1,1,33,,蓄水池,1028567660,109.159575,23.19771,未记录,True,2512
WS066,1,1,34,,蓄水池,1028567660,109.1590239,23.1975726,未记录,True,2513
WS066,1,1,35,,蓄水池,1028567660,109.1586316,23.1975984,未记录,True,2514
WS066,1,1,36,,蓄水池,1028567660,109.1585195,23.1979504,未记录,True,2515
WS067,1,1,1,,蓄水池,1028567684,109.1785832,23.2231813,未记录,True,2516
WS067,1,1,2,,蓄水池,1028567684,109.1800549,23.2220829,未记录,True,2517
WS067,1,1,3,,蓄水池,1028567684,109.1799817,23.2217317,未记录,True,2518
WS067,1,1,4,,蓄水池,1028567684,109.1798435,23.221246,未记录,True,2519
WS067,1,1,5,,蓄水池,1028567684,109.1795914,23.2209023,未记录,True,2520
WS067,1,1,6,,蓄水池,1028567684,109.1792337,23.2210219,未记录,True,2521
WS067,1,1,7,,蓄水池,1028567684,109.1791036,23.2208724,未记录,True,2522
WS067,1,1,8,,蓄水池,1028567684,109.1788271,23.2205287,未记录,True,2523
WS067,1,1,9,,蓄水池,1028567684,109.1787133,23.2204839,未记录,True,2524
WS067,1,1,10,,蓄水池,1028567684,109.1783474,23.2206184,未记录,True,2525
WS067,1,1,11,,蓄水池,1028567684,109.1780059,23.2206258,未记录,True,2526
WS067,1,1,12,,蓄水池,1028567684,109.1781767,23.2208201,未记录,True,2527
WS067,1,1,13,,蓄水池,1028567684,109.1785426,23.2209621,未记录,True,2528
WS067,1,1,14,,蓄水池,1028567684,109.1786076,23.2211713,未记录,True,2529
WS067,1,1,15,,蓄水池,1028567684,109.1783799,23.2219111,未记录,True,2530
WS067,1,1,16,,蓄水池,1028567684,109.1785832,23.2231813,未记录,True,2531
WS068,1,1,1,,池塘,1198634019,109.1302038,23.2199341,未记录,True,2532
WS068,1,1,2,,池塘,1198634019,109.1313089,23.2201241,未记录,True,2533
WS068,1,1,3,,池塘,1198634019,109.1322517,23.2204129,未记录,True,2534
WS068,1,1,4,,池塘,1198634019,109.1334471,23.2209905,未记录,True,2535
WS068,1,1,5,,池塘,1198634019,109.1342051,23.2216927,未记录,True,2536
WS068,1,1,6,,池塘,1198634019,109.1353143,23.2215851,未记录,True,2537
WS068,1,1,7,,池塘,1198634019,109.1354313,23.2206961,未记录,True,2538
WS068,1,1,8,,池塘,1198634019,109.1342421,23.220798,未记录,True,2539
WS068,1,1,9,,池塘,1198634019,109.1332808,23.2200675,未记录,True,2540
WS068,1,1,10,,池塘,1198634019,109.1328186,23.2201241,未记录,True,2541
WS068,1,1,11,,池塘,1198634019,109.1320483,23.2196541,未记录,True,2542
WS068,1,1,12,,池塘,1198634019,109.13044,23.2196767,未记录,True,2543
WS068,1,1,13,,池塘,1198634019,109.1302038,23.2199341,未记录,True,2544
WS069,1,1,1,,水库,1233682845,109.3697762,23.0521321,未记录,True,2545
WS069,1,1,2,,水库,1233682845,109.3695724,23.0520976,未记录,True,2546
WS069,1,1,3,,水库,1233682845,109.3694866,23.0519495,未记录,True,2547
WS069,1,1,4,,水库,1233682845,109.3692774,23.0519396,未记录,True,2548
WS069,1,1,5,,水库,1233682845,109.369272,23.0521272,未记录,True,2549
WS069,1,1,6,,水库,1233682845,109.369272,23.052221,未记录,True,2550
WS069,1,1,7,,水库,1233682845,109.3689072,23.0522259,未记录,True,2551
WS069,1,1,8,,水库,1233682845,109.368521,23.0522654,未记录,True,2552
WS069,1,1,9,,水库,1233682845,109.3684244,23.0524382,未记录,True,2553
WS069,1,1,10,,水库,1233682845,109.368183,23.0524826,未记录,True,2554
WS069,1,1,11,,水库,1233682845,109.3678343,23.0523444,未记录,True,2555
WS069,1,1,12,,水库,1233682845,109.3676197,23.0521568,未记录,True,2556
WS069,1,1,13,,水库,1233682845,109.3674695,23.0519989,未记录,True,2557
WS069,1,1,14,,水库,1233682845,109.3674105,23.0521025,未记录,True,2558
WS069,1,1,15,,水库,1233682845,109.3674052,23.0522457,未记录,True,2559
WS069,1,1,16,,水库,1233682845,109.3674695,23.0524135,未记录,True,2560
WS069,1,1,17,,水库,1233682845,109.3678182,23.0525616,未记录,True,2561
WS069,1,1,18,,水库,1233682845,109.3677646,23.0527245,未记录,True,2562
WS069,1,1,19,,水库,1233682845,109.3674749,23.0527985,未记录,True,2563
WS069,1,1,20,,水库,1233682845,109.3671477,23.0527886,未记录,True,2564
WS069,1,1,21,,水库,1233682845,109.3668044,23.0526554,未记录,True,2565
WS069,1,1,22,,水库,1233682845,109.3665791,23.0525023,未记录,True,2566
WS069,1,1,23,,水库,1233682845,109.3662947,23.0523839,未记录,True,2567
WS069,1,1,24,,水库,1233682845,109.3660319,23.0524332,未记录,True,2568
WS069,1,1,25,,水库,1233682845,109.3657744,23.0526405,未记录,True,2569
WS069,1,1,26,,水库,1233682845,109.3657744,23.052838,未记录,True,2570
WS069,1,1,27,,水库,1233682845,109.3659246,23.0530552,未记录,True,2571
WS069,1,1,28,,水库,1233682845,109.3662947,23.0532181,未记录,True,2572
WS069,1,1,29,,水库,1233682845,109.3667829,23.053302,未记录,True,2573
WS069,1,1,30,,水库,1233682845,109.3674856,23.0533711,未记录,True,2574
WS069,1,1,31,,水库,1233682845,109.3678021,23.0535735,未记录,True,2575
WS069,1,1,32,,水库,1233682845,109.3679845,23.0535093,未记录,True,2576
WS069,1,1,33,,水库,1233682845,109.3683654,23.0533809,未记录,True,2577
WS069,1,1,34,,水库,1233682845,109.3686712,23.0532575,未记录,True,2578
WS069,1,1,35,,水库,1233682845,109.3687999,23.0533316,未记录,True,2579
WS069,1,1,36,,水库,1233682845,109.3688375,23.0535093,未记录,True,2580
WS069,1,1,37,,水库,1233682845,109.3686712,23.0536228,未记录,True,2581
WS069,1,1,38,,水库,1233682845,109.3684244,23.0537314,未记录,True,2582
WS069,1,1,39,,水库,1233682845,109.3683118,23.0538894,未记录,True,2583
WS069,1,1,40,,水库,1233682845,109.3680918,23.0539042,未记录,True,2584
WS069,1,1,41,,水库,1233682845,109.3678129,23.053761,未记录,True,2585
WS069,1,1,42,,水库,1233682845,109.3675232,23.0538745,未记录,True,2586
WS069,1,1,43,,水库,1233682845,109.3671906,23.0540325,未记录,True,2587
WS069,1,1,44,,水库,1233682845,109.3669277,23.0542003,未记录,True,2588
WS069,1,1,45,,水库,1233682845,109.3669975,23.0543731,未记录,True,2589
WS069,1,1,46,,水库,1233682845,109.3673032,23.0544718,未记录,True,2590
WS069,1,1,47,,水库,1233682845,109.3676358,23.0544767,未记录,True,2591
WS069,1,1,48,,水库,1233682845,109.368006,23.0543928,未记录,True,2592
WS069,1,1,49,,水库,1233682845,109.3682849,23.0543978,未记录,True,2593
WS069,1,1,50,,水库,1233682845,109.3685424,23.0543928,未记录,True,2594
WS069,1,1,51,,水库,1233682845,109.3688697,23.0542596,未记录,True,2595
WS069,1,1,52,,水库,1233682845,109.369154,23.054304,未记录,True,2596
WS069,1,1,53,,水库,1233682845,109.3694383,23.0544373,未记录,True,2597
WS069,1,1,54,,水库,1233682845,109.3696475,23.0545804,未记录,True,2598
WS069,1,1,55,,水库,1233682845,109.3697226,23.0544175,未记录,True,2599
WS069,1,1,56,,水库,1233682845,109.3699157,23.0543385,未记录,True,2600
WS069,1,1,57,,水库,1233682845,109.3700015,23.0541756,未记录,True,2601
WS069,1,1,58,,水库,1233682845,109.3701518,23.0540621,未记录,True,2602
WS069,1,1,59,,水库,1233682845,109.3704307,23.054072,未记录,True,2603
WS069,1,1,60,,水库,1233682845,109.3706238,23.0539733,未记录,True,2604
WS069,1,1,61,,水库,1233682845,109.3704683,23.0528405,未记录,True,2605
WS069,1,1,62,,水库,1233682845,109.3703583,23.0525418,未记录,True,2606
WS069,1,1,63,,水库,1233682845,109.3702027,23.0523493,未记录,True,2607
WS069,1,1,64,,水库,1233682845,109.3699788,23.0522,未记录,True,2608
WS069,1,1,65,,水库,1233682845,109.3697762,23.0521321,未记录,True,2609
WS070,1,1,1,六旺水库,水库,1251915953,109.0955361,23.1075975,六旺水库,False,2610
WS070,1,1,2,六旺水库,水库,1251915953,109.0953816,23.1063975,六旺水库,False,2611
WS070,1,1,3,六旺水库,水库,1251915953,109.0954846,23.1054975,六旺水库,False,2612
WS070,1,1,4,六旺水库,水库,1251915953,109.0964974,23.1053554,六旺水库,False,2613
WS070,1,1,5,六旺水库,水库,1251915953,109.0964803,23.1047396,六旺水库,False,2614
WS070,1,1,6,六旺水库,水库,1251915953,109.0978192,23.1047396,六旺水库,False,2615
WS070,1,1,7,六旺水库,水库,1251915953,109.0972528,23.1033818,六旺水库,False,2616
WS070,1,1,8,六旺水库,水库,1251915953,109.0981282,23.1032712,六旺水库,False,2617
WS070,1,1,9,六旺水库,水库,1251915953,109.0989522,23.1034607,六旺水库,False,2618
WS070,1,1,10,六旺水库,水库,1251915953,109.0995702,23.1033186,六旺水库,False,2619
WS070,1,1,11,六旺水库,水库,1251915953,109.0995702,23.1040133,六旺水库,False,2620
WS070,1,1,12,六旺水库,水库,1251915953,109.100274,23.1040133,六旺水库,False,2621
WS070,1,1,13,六旺水库,水库,1251915953,109.1003255,23.1034765,六旺水库,False,2622
WS070,1,1,14,六旺水库,水库,1251915953,109.1010121,23.1027818,六旺水库,False,2623
WS070,1,1,15,六旺水库,水库,1251915953,109.099965,23.1032712,六旺水库,False,2624
WS070,1,1,16,六旺水库,水库,1251915953,109.0996903,23.1028133,六旺水库,False,2625
WS070,1,1,17,六旺水库,水库,1251915953,109.100377,23.1017239,六旺水库,False,2626
WS070,1,1,18,六旺水库,水库,1251915953,109.101304,23.1012028,六旺水库,False,2627
WS070,1,1,19,六旺水库,水库,1251915953,109.1027459,23.1015344,六旺水库,False,2628
WS070,1,1,20,六旺水库,水库,1251915953,109.1032437,23.1024186,六旺水库,False,2629
WS070,1,1,21,六旺水库,水库,1251915953,109.1038274,23.1018975,六旺水库,False,2630
WS070,1,1,22,六旺水库,水库,1251915953,109.1045484,23.1008081,六旺水库,False,2631
WS070,1,1,23,六旺水库,水库,1251915953,109.1049604,23.1003344,六旺水库,False,2632
WS070,1,1,24,六旺水库,水库,1251915953,109.1045827,23.0995765,六旺水库,False,2633
WS070,1,1,25,六旺水库,水库,1251915953,109.1041535,23.0995765,六旺水库,False,2634
WS070,1,1,26,六旺水库,水库,1251915953,109.1034326,23.1011239,六旺水库,False,2635
WS070,1,1,27,六旺水库,水库,1251915953,109.1030377,23.1011396,六旺水库,False,2636
WS070,1,1,28,六旺水库,水库,1251915953,109.1030034,23.1007923,六旺水库,False,2637
WS070,1,1,29,六旺水库,水库,1251915953,109.1027288,23.1007291,六旺水库,False,2638
WS070,1,1,30,六旺水库,水库,1251915953,109.1014241,23.1003186,六旺水库,False,2639
WS070,1,1,31,六旺水库,水库,1251915953,109.10048,23.1007923,六旺水库,False,2640
WS070,1,1,32,六旺水库,水库,1251915953,109.0992097,23.1015817,六旺水库,False,2641
WS070,1,1,33,六旺水库,水库,1251915953,109.0982999,23.1018028,六旺水库,False,2642
WS070,1,1,34,六旺水库,水库,1251915953,109.0977162,23.1014712,六旺水库,False,2643
WS070,1,1,35,六旺水库,水库,1251915953,109.0977162,23.1010291,六旺水库,False,2644
WS070,1,1,36,六旺水库,水库,1251915953,109.0984029,23.1002712,六旺水库,False,2645
WS070,1,1,37,六旺水库,水库,1251915953,109.0982141,23.1001133,六旺水库,False,2646
WS070,1,1,38,六旺水库,水库,1251915953,109.0976476,23.1001133,六旺水库,False,2647
WS070,1,1,39,六旺水库,水库,1251915953,109.0971154,23.0996238,六旺水库,False,2648
WS070,1,1,40,六旺水库,水库,1251915953,109.0962571,23.0996712,六旺水库,False,2649
WS070,1,1,41,六旺水库,水库,1251915953,109.0954331,23.1008396,六旺水库,False,2650
WS070,1,1,42,六旺水库,水库,1251915953,109.0940084,23.1013923,六旺水库,False,2651
WS070,1,1,43,六旺水库,水库,1251915953,109.0933732,23.102387,六旺水库,False,2652
WS070,1,1,44,六旺水库,水库,1251915953,109.0916909,23.1030502,六旺水库,False,2653
WS070,1,1,45,六旺水库,水库,1251915953,109.0910386,23.1027344,六旺水库,False,2654
WS070,1,1,46,六旺水库,水库,1251915953,109.0907983,23.1017396,六旺水库,False,2655
WS070,1,1,47,六旺水库,水库,1251915953,109.0908841,23.1014239,六旺水库,False,2656
WS070,1,1,48,六旺水库,水库,1251915953,109.090661,23.1003344,六旺水库,False,2657
WS070,1,1,49,六旺水库,水库,1251915953,109.0906953,23.0997817,六旺水库,False,2658
WS070,1,1,50,六旺水库,水库,1251915953,109.0911073,23.0991975,六旺水库,False,2659
WS070,1,1,51,六旺水库,水库,1251915953,109.0919656,23.099008,六旺水库,False,2660
WS070,1,1,52,六旺水库,水库,1251915953,109.0923776,23.0983764,六旺水库,False,2661
WS070,1,1,53,六旺水库,水库,1251915953,109.0922917,23.0976817,六旺水库,False,2662
WS070,1,1,54,六旺水库,水库,1251915953,109.0932016,23.0978554,六旺水库,False,2663
WS070,1,1,55,六旺水库,水库,1251915953,109.0937165,23.0983448,六旺水库,False,2664
WS070,1,1,56,六旺水库,水库,1251915953,109.0939912,23.0980606,六旺水库,False,2665
WS070,1,1,57,六旺水库,水库,1251915953,109.0933045,23.0975869,六旺水库,False,2666
WS070,1,1,58,六旺水库,水库,1251915953,109.0922746,23.0973027,六旺水库,False,2667
WS070,1,1,59,六旺水库,水库,1251915953,109.0922746,23.0970185,六旺水库,False,2668
WS070,1,1,60,六旺水库,水库,1251915953,109.0930986,23.0967185,六旺水库,False,2669
WS070,1,1,61,六旺水库,水库,1251915953,109.0927896,23.0959763,六旺水库,False,2670
WS070,1,1,62,六旺水库,水库,1251915953,109.0931329,23.095471,六旺水库,False,2671
WS070,1,1,63,六旺水库,水库,1251915953,109.093253,23.0950289,六旺水库,False,2672
WS070,1,1,64,六旺水库,水库,1251915953,109.0937852,23.0949657,六旺水库,False,2673
WS070,1,1,65,六旺水库,水库,1251915953,109.0945233,23.09495,六旺水库,False,2674
WS070,1,1,66,六旺水库,水库,1251915953,109.0947293,23.0946815,六旺水库,False,2675
WS070,1,1,67,六旺水库,水库,1251915953,109.0960855,23.0946499,六旺水库,False,2676
WS070,1,1,68,六旺水库,水库,1251915953,109.0972699,23.0946815,六旺水库,False,2677
WS070,1,1,69,六旺水库,水库,1251915953,109.0975274,23.0940815,六旺水库,False,2678
WS070,1,1,70,六旺水库,水库,1251915953,109.0970296,23.0937657,六旺水库,False,2679
WS070,1,1,71,六旺水库,水库,1251915953,109.0966691,23.0941289,六旺水库,False,2680
WS070,1,1,72,六旺水库,水库,1251915953,109.0958623,23.0937973,六旺水库,False,2681
WS070,1,1,73,六旺水库,水库,1251915953,109.0946607,23.0936867,六旺水库,False,2682
WS070,1,1,74,六旺水库,水库,1251915953,109.093665,23.0937973,六旺水库,False,2683
WS070,1,1,75,六旺水库,水库,1251915953,109.0934247,23.094271,六旺水库,False,2684
WS070,1,1,76,六旺水库,水库,1251915953,109.0926351,23.0939709,六旺水库,False,2685
WS070,1,1,77,六旺水库,水库,1251915953,109.0926351,23.0934499,六旺水库,False,2686
WS070,1,1,78,六旺水库,水库,1251915953,109.0921716,23.0931656,六旺水库,False,2687
WS070,1,1,79,六旺水库,水库,1251915953,109.0924806,23.0945236,六旺水库,False,2688
WS070,1,1,80,六旺水库,水库,1251915953,109.0918798,23.0957868,六旺水库,False,2689
WS070,1,1,81,六旺水库,水库,1251915953,109.0912446,23.0955184,六旺水库,False,2690
WS070,1,1,82,六旺水库,水库,1251915953,109.0907125,23.0946657,六旺水库,False,2691
WS070,1,1,83,六旺水库,水库,1251915953,109.0907983,23.094192,六旺水库,False,2692
WS070,1,1,84,六旺水库,水库,1251915953,109.0905236,23.094192,六旺水库,False,2693
WS070,1,1,85,六旺水库,水库,1251915953,109.0898027,23.0930393,六旺水库,False,2694
WS070,1,1,86,六旺水库,水库,1251915953,109.0892533,23.0924708,六旺水库,False,2695
WS070,1,1,87,六旺水库,水库,1251915953,109.089322,23.093213,六旺水库,False,2696
WS070,1,1,88,六旺水库,水库,1251915953,109.0878629,23.0928498,六旺水库,False,2697
WS070,1,1,89,六旺水库,水库,1251915953,109.0877771,23.0936393,六旺水库,False,2698
WS070,1,1,90,六旺水库,水库,1251915953,109.0890645,23.0940499,六旺水库,False,2699
WS070,1,1,91,六旺水库,水库,1251915953,109.0899743,23.0945868,六旺水库,False,2700
WS070,1,1,92,六旺水库,水库,1251915953,109.0906266,23.0951236,六旺水库,False,2701
WS070,1,1,93,六旺水库,水库,1251915953,109.090764,23.0962448,六旺水库,False,2702
WS070,1,1,94,六旺水库,水库,1251915953,109.0904893,23.0975396,六旺水库,False,2703
WS070,1,1,95,六旺水库,水库,1251915953,109.0900601,23.0970501,六旺水库,False,2704
WS070,1,1,96,六旺水库,水库,1251915953,109.0900601,23.0975869,六旺水库,False,2705
WS070,1,1,97,六旺水库,水库,1251915953,109.0894593,23.0975553,六旺水库,False,2706
WS070,1,1,98,六旺水库,水库,1251915953,109.0899057,23.098408,六旺水库,False,2707
WS070,1,1,99,六旺水库,水库,1251915953,109.089219,23.0992133,六旺水库,False,2708
WS070,1,1,100,六旺水库,水库,1251915953,109.0885667,23.0994659,六旺水库,False,2709
WS070,1,1,101,六旺水库,水库,1251915953,109.0881719,23.099308,六旺水库,False,2710
WS070,1,1,102,六旺水库,水库,1251915953,109.0877771,23.0983606,六旺水库,False,2711
WS070,1,1,103,六旺水库,水库,1251915953,109.0873479,23.097429,六旺水库,False,2712
WS070,1,1,104,六旺水库,水库,1251915953,109.0866098,23.0966553,六旺水库,False,2713
WS070,1,1,105,六旺水库,水库,1251915953,109.0859059,23.09675,六旺水库,False,2714
WS070,1,1,106,六旺水库,水库,1251915953,109.0858201,23.097208,六旺水库,False,2715
WS070,1,1,107,六旺水库,水库,1251915953,109.0870732,23.0978869,六旺水库,False,2716
WS070,1,1,108,六旺水库,水库,1251915953,109.0877771,23.0990238,六旺水库,False,2717
WS070,1,1,109,六旺水库,水库,1251915953,109.0873822,23.0995291,六旺水库,False,2718
WS070,1,1,110,六旺水库,水库,1251915953,109.0865754,23.0991975,六旺水库,False,2719
WS070,1,1,111,六旺水库,水库,1251915953,109.0851163,23.0993554,六旺水库,False,2720
WS070,1,1,112,六旺水库,水库,1251915953,109.0841722,23.0988185,六旺水库,False,2721
WS070,1,1,113,六旺水库,水库,1251915953,109.0835027,23.0988185,六旺水库,False,2722
WS070,1,1,114,六旺水库,水库,1251915953,109.083537,23.0994186,六旺水库,False,2723
WS070,1,1,115,六旺水库,水库,1251915953,109.0853738,23.0998133,六旺水库,False,2724
WS070,1,1,116,六旺水库,水库,1251915953,109.0854596,23.100287,六旺水库,False,2725
WS070,1,1,117,六旺水库,水库,1251915953,109.0858888,23.0997344,六旺水库,False,2726
WS070,1,1,118,六旺水库,水库,1251915953,109.0865583,23.0996238,六旺水库,False,2727
WS070,1,1,119,六旺水库,水库,1251915953,109.0870046,23.0999712,六旺水库,False,2728
WS070,1,1,120,六旺水库,水库,1251915953,109.0866784,23.1003186,六旺水库,False,2729
WS070,1,1,121,六旺水库,水库,1251915953,109.0862493,23.1010765,六旺水库,False,2730
WS070,1,1,122,六旺水库,水库,1251915953,109.0871247,23.1004607,六旺水库,False,2731
WS070,1,1,123,六旺水库,水库,1251915953,109.0875882,23.1008081,六旺水库,False,2732
WS070,1,1,124,六旺水库,水库,1251915953,109.0873479,23.1012344,六旺水库,False,2733
WS070,1,1,125,六旺水库,水库,1251915953,109.0881375,23.1012344,六旺水库,False,2734
WS070,1,1,126,六旺水库,水库,1251915953,109.0887555,23.1015186,六旺水库,False,2735
WS070,1,1,127,六旺水库,水库,1251915953,109.0898198,23.1017554,六旺水库,False,2736
WS070,1,1,128,六旺水库,水库,1251915953,109.090043,23.1023081,六旺水库,False,2737
WS070,1,1,129,六旺水库,水库,1251915953,109.0901631,23.1027344,六旺水库,False,2738
WS070,1,1,130,六旺水库,水库,1251915953,109.0899743,23.1032396,六旺水库,False,2739
WS070,1,1,131,六旺水库,水库,1251915953,109.090249,23.1036502,六旺水库,False,2740
WS070,1,1,132,六旺水库,水库,1251915953,109.0901288,23.1042817,六旺水库,False,2741
WS070,1,1,133,六旺水库,水库,1251915953,109.0911416,23.1051817,六旺水库,False,2742
WS070,1,1,134,六旺水库,水库,1251915953,109.0919656,23.1051186,六旺水库,False,2743
WS070,1,1,135,六旺水库,水库,1251915953,109.0930471,23.1048344,六旺水库,False,2744
WS070,1,1,136,六旺水库,水库,1251915953,109.0930642,23.1054344,六旺水库,False,2745
WS070,1,1,137,六旺水库,水库,1251915953,109.0930642,23.1058765,六旺水库,False,2746
WS070,1,1,138,六旺水库,水库,1251915953,109.0933389,23.1059396,六旺水库,False,2747
WS070,1,1,139,六旺水库,水库,1251915953,109.093768,23.1052449,六旺水库,False,2748
WS070,1,1,140,六旺水库,水库,1251915953,109.0937852,23.1047396,六旺水库,False,2749
WS070,1,1,141,六旺水库,水库,1251915953,109.0940084,23.1039817,六旺水库,False,2750
WS070,1,1,142,六旺水库,水库,1251915953,109.094489,23.103887,六旺水库,False,2751
WS070,1,1,143,六旺水库,水库,1251915953,109.0948323,23.1046133,六旺水库,False,2752
WS070,1,1,144,六旺水库,水库,1251915953,109.0950212,23.104787,六旺水库,False,2753
WS070,1,1,145,六旺水库,水库,1251915953,109.095107,23.1052923,六旺水库,False,2754
WS070,1,1,146,六旺水库,水库,1251915953,109.0948152,23.1059554,六旺水库,False,2755
WS070,1,1,147,六旺水库,水库,1251915953,109.095004,23.1066501,六旺水库,False,2756
WS070,1,1,148,六旺水库,水库,1251915953,109.0955361,23.1075975,六旺水库,False,2757
WS071,1,1,1,,池塘,1251915954,109.1387279,23.1141543,未记录,True,2758
WS071,1,1,2,,池塘,1251915954,109.1399682,23.113797,未记录,True,2759
WS071,1,1,3,,池塘,1251915954,109.140028,23.1135221,未记录,True,2760
WS071,1,1,4,,池塘,1251915954,109.1401027,23.1129861,未记录,True,2761
WS071,1,1,5,,池塘,1251915954,109.1412683,23.1132197,未记录,True,2762
WS071,1,1,6,,池塘,1251915954,109.1403866,23.1128211,未记录,True,2763
WS071,1,1,7,,池塘,1251915954,109.1401326,23.111804,未记录,True,2764
WS071,1,1,8,,池塘,1251915954,109.1395348,23.1110756,未记录,True,2765
WS071,1,1,9,,池塘,1251915954,109.1394003,23.1101134,未记录,True,2766
WS071,1,1,10,,池塘,1251915954,109.1398038,23.1088214,未记录,True,2767
WS071,1,1,11,,池塘,1251915954,109.1400429,23.1081617,未记录,True,2768
WS071,1,1,12,,池塘,1251915954,109.1400728,23.1072682,未记录,True,2769
WS071,1,1,13,,池塘,1251915954,109.1407303,23.1068009,未记录,True,2770
WS071,1,1,14,,池塘,1251915954,109.1409993,23.1062786,未记录,True,2771
WS071,1,1,15,,池塘,1251915954,109.1420006,23.10588,未记录,True,2772
WS071,1,1,16,,池塘,1251915954,109.1414477,23.1056601,未记录,True,2773
WS071,1,1,17,,池塘,1251915954,109.1405809,23.1060449,未记录,True,2774
WS071,1,1,18,,池塘,1251915954,109.1396544,23.1067734,未记录,True,2775
WS071,1,1,19,,池塘,1251915954,109.1383094,23.107282,未记录,True,2776
WS071,1,1,20,,池塘,1251915954,109.1380853,23.1077631,未记录,True,2777
WS071,1,1,21,,池塘,1251915954,109.1380404,23.1083129,未记录,True,2778
WS071,1,1,22,,池塘,1251915954,109.1378312,23.1091238,未记录,True,2779
WS071,1,1,23,,池塘,1251915954,109.1368748,23.10922,未记录,True,2780
WS071,1,1,24,,池塘,1251915954,109.1359483,23.1097286,未记录,True,2781
WS071,1,1,25,,池塘,1251915954,109.1354103,23.1092475,未记录,True,2782
WS071,1,1,26,,池塘,1251915954,109.135485,23.1083266,未记录,True,2783
WS071,1,1,27,,池塘,1251915954,109.1352608,23.1080242,未记录,True,2784
WS071,1,1,28,,池塘,1251915954,109.1347826,23.1089589,未记录,True,2785
WS071,1,1,29,,池塘,1251915954,109.134678,23.1097973,未记录,True,2786
WS071,1,1,30,,池塘,1251915954,109.1342148,23.1100585,未记录,True,2787
WS071,1,1,31,,池塘,1251915954,109.134424,23.1104021,未记录,True,2788
WS071,1,1,32,,池塘,1251915954,109.1349769,23.110622,未记录,True,2789
WS071,1,1,33,,池塘,1251915954,109.1359184,23.1103196,未记录,True,2790
WS071,1,1,34,,池塘,1251915954,109.1360977,23.1113917,未记录,True,2791
WS071,1,1,35,,池塘,1251915954,109.1366805,23.1122439,未记录,True,2792
WS071,1,1,36,,池塘,1251915954,109.1373829,23.1128761,未记录,True,2793
WS071,1,1,37,,池塘,1251915954,109.1381301,23.1126424,未记录,True,2794
WS071,1,1,38,,池塘,1251915954,109.1385635,23.1128761,未记录,True,2795
WS071,1,1,39,,池塘,1251915954,109.1383543,23.1131373,未记录,True,2796
WS071,1,1,40,,池塘,1251915954,109.1387279,23.1141543,未记录,True,2797
WS072,1,1,1,,池塘,1251915959,109.116898,23.1184042,未记录,True,2798
WS072,1,1,2,,池塘,1251915959,109.1177453,23.118439,未记录,True,2799
WS072,1,1,3,,池塘,1251915959,109.1169526,23.1180432,未记录,True,2800
WS072,1,1,4,,池塘,1251915959,109.1160692,23.1180328,未记录,True,2801
WS072,1,1,5,,池塘,1251915959,109.115435,23.1174078,未记录,True,2802
WS072,1,1,6,,池塘,1251915959,109.1156615,23.1168453,未记录,True,2803
WS072,1,1,7,,池塘,1251915959,109.1164203,23.1174599,未记录,True,2804
WS072,1,1,8,,池塘,1251915959,109.1166128,23.1165849,未记录,True,2805
WS072,1,1,9,,池塘,1251915959,109.118674,23.1174078,未记录,True,2806
WS072,1,1,10,,池塘,1251915959,109.1180851,23.1169807,未记录,True,2807
WS072,1,1,11,,池塘,1251915959,109.1171224,23.1161475,未记录,True,2808
WS072,1,1,12,,池塘,1251915959,109.1171564,23.1156787,未记录,True,2809
WS072,1,1,13,,池塘,1251915959,109.1181757,23.1160641,未记录,True,2810
WS072,1,1,14,,池塘,1251915959,109.1180511,23.1152308,未记录,True,2811
WS072,1,1,15,,池塘,1251915959,109.1188439,23.1151788,未记录,True,2812
WS072,1,1,16,,池塘,1251915959,109.1183229,23.1146163,未记录,True,2813
WS072,1,1,17,,池塘,1251915959,109.1189119,23.1141996,未记录,True,2814
WS072,1,1,18,,池塘,1251915959,109.1191497,23.1144809,未记录,True,2815
WS072,1,1,19,,池塘,1251915959,109.1192403,23.1152621,未记录,True,2816
WS072,1,1,20,,池塘,1251915959,109.1192516,23.1163037,未记录,True,2817
WS072,1,1,21,,池塘,1251915959,109.1199991,23.1169078,未记录,True,2818
WS072,1,1,22,,池塘,1251915959,109.121143,23.1172307,未记录,True,2819
WS072,1,1,23,,池塘,1251915959,109.1203275,23.1165329,未记录,True,2820
WS072,1,1,24,,池塘,1251915959,109.1196254,23.115585,未记录,True,2821
WS072,1,1,25,,池塘,1251915959,109.1201803,23.114835,未记录,True,2822
WS072,1,1,26,,池塘,1251915959,109.1207013,23.1148142,未记录,True,2823
WS072,1,1,27,,池塘,1251915959,109.1210297,23.1156371,未记录,True,2824
WS072,1,1,28,,池塘,1251915959,109.1220717,23.1162725,未记录,True,2825
WS072,1,1,29,,池塘,1251915959,109.1229211,23.1163037,未记录,True,2826
WS072,1,1,30,,池塘,1251915959,109.1223208,23.1159704,未记录,True,2827
WS072,1,1,31,,池塘,1251915959,109.1211996,23.1151892,未记录,True,2828
WS072,1,1,32,,池塘,1251915959,109.121143,23.1143455,未记录,True,2829
WS072,1,1,33,,池塘,1251915959,109.1212675,23.1133663,未记录,True,2830
WS072,1,1,34,,池塘,1251915959,109.122083,23.1143142,未记录,True,2831
WS072,1,1,35,,池塘,1251915959,109.1225247,23.1145121,未记录,True,2832
WS072,1,1,36,,池塘,1251915959,109.1235666,23.1141371,未记录,True,2833
WS072,1,1,37,,池塘,1251915959,109.122604,23.1137726,未记录,True,2834
WS072,1,1,38,,池塘,1251915959,109.1227738,23.1129393,未记录,True,2835
WS072,1,1,39,,池塘,1251915959,109.1225473,23.112658,未记录,True,2836
WS072,1,1,40,,池塘,1251915959,109.1232155,23.111731,未记录,True,2837
WS072,1,1,41,,池塘,1251915959,109.1242914,23.1115226,未记录,True,2838
WS072,1,1,42,,池塘,1251915959,109.123544,23.1111268,未记录,True,2839
WS072,1,1,43,,池塘,1251915959,109.1242461,23.1105851,未记录,True,2840
WS072,1,1,44,,池塘,1251915959,109.124484,23.109481,未记录,True,2841
WS072,1,1,45,,池塘,1251915959,109.12539,23.1091476,未记录,True,2842
WS072,1,1,46,,池塘,1251915959,109.1267604,23.1084393,未记录,True,2843
WS072,1,1,47,,池塘,1251915959,109.1256165,23.1081581,未记录,True,2844
WS072,1,1,48,,池塘,1251915959,109.1255712,23.1062935,未记录,True,2845
WS072,1,1,49,,池塘,1251915959,109.1244726,23.1075643,未记录,True,2846
WS072,1,1,50,,池塘,1251915959,109.1241102,23.1086893,未记录,True,2847
WS072,1,1,51,,池塘,1251915959,109.1233288,23.1086476,未记录,True,2848
WS072,1,1,52,,池塘,1251915959,109.1221736,23.1073768,未记录,True,2849
WS072,1,1,53,,池塘,1251915959,109.1233967,23.1097831,未记录,True,2850
WS072,1,1,54,,池塘,1251915959,109.1229664,23.1103143,未记录,True,2851
WS072,1,1,55,,池塘,1251915959,109.1218112,23.110231,未记录,True,2852
WS072,1,1,56,,池塘,1251915959,109.12257,23.1110747,未记录,True,2853
WS072,1,1,57,,池塘,1251915959,109.1216639,23.1117726,未记录,True,2854
WS072,1,1,58,,池塘,1251915959,109.1218225,23.1126059,未记录,True,2855
WS072,1,1,59,,池塘,1251915959,109.12069,23.1125018,未记录,True,2856
WS072,1,1,60,,池塘,1251915959,109.1203313,23.1131784,未记录,True,2857
WS072,1,1,61,,池塘,1251915959,109.1187691,23.1132415,未记录,True,2858
WS072,1,1,62,,池塘,1251915959,109.1185288,23.1127047,未记录,True,2859
WS072,1,1,63,,池塘,1251915959,109.1178937,23.1127521,未记录,True,2860
WS072,1,1,64,,池塘,1251915959,109.1165204,23.1128152,未记录,True,2861
WS072,1,1,65,,池塘,1251915959,109.1157479,23.1124837,未记录,True,2862
WS072,1,1,66,,池塘,1251915959,109.1167264,23.1116469,未记录,True,2863
WS072,1,1,67,,池塘,1251915959,109.1159024,23.1116785,未记录,True,2864
WS072,1,1,68,,池塘,1251915959,109.1157651,23.1107627,未记录,True,2865
WS072,1,1,69,,池塘,1251915959,109.1162457,23.1097523,未记录,True,2866
WS072,1,1,70,,池塘,1251915959,109.1171384,23.109326,未记录,True,2867
WS072,1,1,71,,池塘,1251915959,109.1164517,23.108805,未记录,True,2868
WS072,1,1,72,,池塘,1251915959,109.1163315,23.1080945,未记录,True,2869
WS072,1,1,73,,池塘,1251915959,109.1155076,23.107826,未记录,True,2870
WS072,1,1,74,,池塘,1251915959,109.1160054,23.1071313,未记录,True,2871
WS072,1,1,75,,池塘,1251915959,109.1165547,23.1059945,未记录,True,2872
WS072,1,1,76,,池塘,1251915959,109.1156449,23.1067682,未记录,True,2873
WS072,1,1,77,,池塘,1251915959,109.1152329,23.1071945,未记录,True,2874
WS072,1,1,78,,池塘,1251915959,109.1146321,23.1076839,未记录,True,2875
WS072,1,1,79,,池塘,1251915959,109.1156277,23.1081734,未记录,True,2876
WS072,1,1,80,,池塘,1251915959,109.1161084,23.1088997,未记录,True,2877
WS072,1,1,81,,池塘,1251915959,109.1154561,23.1096733,未记录,True,2878
WS072,1,1,82,,池塘,1251915959,109.1154217,23.1102891,未记录,True,2879
WS072,1,1,83,,池塘,1251915959,109.1149926,23.1120732,未记录,True,2880
WS072,1,1,84,,池塘,1251915959,109.1140999,23.1121205,未记录,True,2881
WS072,1,1,85,,池塘,1251915959,109.113482,23.1115206,未记录,True,2882
WS072,1,1,86,,池塘,1251915959,109.1137051,23.1128942,未记录,True,2883
WS072,1,1,87,,池塘,1251915959,109.1134133,23.1125468,未记录,True,2884
WS072,1,1,88,,池塘,1251915959,109.1126065,23.1122153,未记录,True,2885
WS072,1,1,89,,池塘,1251915959,109.112143,23.111268,未记录,True,2886
WS072,1,1,90,,池塘,1251915959,109.1115594,23.111789,未记录,True,2887
WS072,1,1,91,,池塘,1251915959,109.112246,23.1123732,未记录,True,2888
WS072,1,1,92,,池塘,1251915959,109.1116795,23.1125784,未记录,True,2889
WS072,1,1,93,,池塘,1251915959,109.110804,23.1129258,未记录,True,2890
WS072,1,1,94,,池塘,1251915959,109.1106324,23.1122153,未记录,True,2891
WS072,1,1,95,,池塘,1251915959,109.1102204,23.1121995,未记录,True,2892
WS072,1,1,96,,池塘,1251915959,109.1101346,23.1132257,未记录,True,2893
WS072,1,1,97,,池塘,1251915959,109.1097397,23.113873,未记录,True,2894
WS072,1,1,98,,池塘,1251915959,109.1107354,23.1145204,未记录,True,2895
WS072,1,1,99,,池塘,1251915959,109.1115594,23.1137625,未记录,True,2896
WS072,1,1,100,,池塘,1251915959,109.1119198,23.113952,未记录,True,2897
WS072,1,1,101,,池塘,1251915959,109.1125722,23.1149308,未记录,True,2898
WS072,1,1,102,,池塘,1251915959,109.1127438,23.1141572,未记录,True,2899
WS072,1,1,103,,池塘,1251915959,109.1123833,23.113352,未记录,True,2900
WS072,1,1,104,,池塘,1251915959,109.1132588,23.1135889,未记录,True,2901
WS072,1,1,105,,池塘,1251915959,109.1137051,23.1143783,未记录,True,2902
WS072,1,1,106,,池塘,1251915959,109.1148553,23.1154045,未记录,True,2903
WS072,1,1,107,,池塘,1251915959,109.1149068,23.1159571,未记录,True,2904
WS072,1,1,108,,池塘,1251915959,109.1143746,23.1169991,未记录,True,2905
WS072,1,1,109,,池塘,1251915959,109.1155591,23.1185463,未记录,True,2906
WS072,1,1,110,,池塘,1251915959,109.116898,23.1184042,未记录,True,2907
WS073,1,1,1,,池塘,1344764504,109.1209151,23.1898376,未记录,True,2908
WS073,1,1,2,,池塘,1344764504,109.1211282,23.1889412,未记录,True,2909
WS073,1,1,3,,池塘,1344764504,109.1207879,23.1882652,未记录,True,2910
WS073,1,1,4,,池塘,1344764504,109.1209898,23.1878997,未记录,True,2911
WS073,1,1,5,,池塘,1344764504,109.1216904,23.1876694,未记录,True,2912
WS073,1,1,6,,池塘,1344764504,109.1222582,23.1878836,未记录,True,2913
WS073,1,1,7,,池塘,1344764504,109.1226952,23.1880677,未记录,True,2914
WS073,1,1,8,,池塘,1344764504,109.123206,23.188191,未记录,True,2915
WS073,1,1,9,,池塘,1344764504,109.1234662,23.1881009,未记录,True,2916
WS073,1,1,10,,池塘,1344764504,109.1234965,23.1878069,未记录,True,2917
WS073,1,1,11,,池塘,1344764504,109.1231531,23.1877172,未记录,True,2918
WS073,1,1,12,,池塘,1344764504,109.122611,23.1874139,未记录,True,2919
WS073,1,1,13,,池塘,1344764504,109.1221262,23.1870518,未记录,True,2920
WS073,1,1,14,,池塘,1344764504,109.1219175,23.1869713,未记录,True,2921
WS073,1,1,15,,池塘,1344764504,109.1215067,23.1869682,未记录,True,2922
WS073,1,1,16,,池塘,1344764504,109.1211868,23.1867825,未记录,True,2923
WS073,1,1,17,,池塘,1344764504,109.1210454,23.1869651,未记录,True,2924
WS073,1,1,18,,池塘,1344764504,109.1200286,23.1881102,未记录,True,2925
WS073,1,1,19,,池塘,1344764504,109.1197626,23.1888654,未记录,True,2926
WS073,1,1,20,,池塘,1344764504,109.1204562,23.1894937,未记录,True,2927
WS073,1,1,21,,池塘,1344764504,109.1209151,23.1898376,未记录,True,2928
WS074,1,1,1,,池塘,1344764516,109.1610526,23.1917421,未记录,True,2929
WS074,1,1,2,,池塘,1344764516,109.161488,23.1916415,未记录,True,2930
WS074,1,1,3,,池塘,1344764516,109.1614554,23.1911299,未记录,True,2931
WS074,1,1,4,,池塘,1344764516,109.1611224,23.1911492,未记录,True,2932
WS074,1,1,5,,池塘,1344764516,109.1609571,23.1912369,未记录,True,2933
WS074,1,1,6,,池塘,1344764516,109.1610153,23.1913097,未记录,True,2934
WS074,1,1,7,,池塘,1344764516,109.160836,23.1914531,未记录,True,2935
WS074,1,1,8,,池塘,1344764516,109.1609478,23.1916907,未记录,True,2936
WS074,1,1,9,,池塘,1344764516,109.1610526,23.1917421,未记录,True,2937
WS075,1,1,1,,池塘,1344764518,109.1286431,23.1939356,未记录,True,2938
WS075,1,1,2,,池塘,1344764518,109.1290786,23.1935161,未记录,True,2939
WS075,1,1,3,,池塘,1344764518,109.1287409,23.1929489,未记录,True,2940
WS075,1,1,4,,池塘,1344764518,109.1285174,23.1931458,未记录,True,2941
WS075,1,1,5,,池塘,1344764518,109.1283451,23.1936017,未记录,True,2942
WS075,1,1,6,,池塘,1344764518,109.1283521,23.193805,未记录,True,2943
WS075,1,1,7,,池塘,1344764518,109.1286431,23.1939356,未记录,True,2944
WS076,1,1,1,,池塘,1344764519,109.1272902,23.194308,未记录,True,2945
WS076,1,1,2,,池塘,1344764519,109.1275883,23.1942738,未记录,True,2946
WS076,1,1,3,,池塘,1344764519,109.1276046,23.1941197,未记录,True,2947
WS076,1,1,4,,池塘,1344764519,109.1274928,23.1939463,未记录,True,2948
WS076,1,1,5,,池塘,1344764519,109.1275953,23.1939313,未记录,True,2949
WS076,1,1,6,,池塘,1344764519,109.1276512,23.1937687,未记录,True,2950
WS076,1,1,7,,池塘,1344764519,109.1275254,23.1935739,未记录,True,2951
WS076,1,1,8,,池塘,1344764519,109.1273787,23.1934968,未记录,True,2952
WS076,1,1,9,,池塘,1344764519,109.1265754,23.1938885,未记录,True,2953
WS076,1,1,10,,池塘,1344764519,109.1272902,23.194308,未记录,True,2954
WS077,1,1,1,,池塘,1344764520,109.1284848,23.1930645,未记录,True,2955
WS077,1,1,2,,池塘,1344764520,109.1287153,23.1928312,未记录,True,2956
WS077,1,1,3,,池塘,1344764520,109.128692,23.1927113,未记录,True,2957
WS077,1,1,4,,池塘,1344764520,109.1287246,23.1926749,未记录,True,2958
WS077,1,1,5,,池塘,1344764520,109.1287922,23.1927113,未记录,True,2959
WS077,1,1,6,,池塘,1344764520,109.1289156,23.1926878,未记录,True,2960
WS077,1,1,7,,池塘,1344764520,109.1291438,23.1925337,未记录,True,2961
WS077,1,1,8,,池塘,1344764520,109.1291764,23.1922126,未记录,True,2962
WS077,1,1,9,,池塘,1344764520,109.129011,23.192112,未记录,True,2963
WS077,1,1,10,,池塘,1344764520,109.1283055,23.1929211,未记录,True,2964
WS077,1,1,11,,池塘,1344764520,109.1284848,23.1930645,未记录,True,2965
WS078,1,1,1,,池塘,1344764521,109.1288899,23.1919365,未记录,True,2966
WS078,1,1,2,,池塘,1344764521,109.1296025,23.1910376,未记录,True,2967
WS078,1,1,3,,池塘,1344764521,109.1295117,23.1909819,未记录,True,2968
WS078,1,1,4,,池塘,1344764521,109.1291833,23.1913822,未记录,True,2969
WS078,1,1,5,,池塘,1344764521,109.1285896,23.1912152,未记录,True,2970
WS078,1,1,6,,池塘,1344764521,109.1286571,23.1919087,未记录,True,2971
WS078,1,1,7,,池塘,1344764521,109.1288899,23.1919365,未记录,True,2972
WS079,1,1,1,,池塘,1344764524,109.1259833,23.1858624,未记录,True,2973
WS079,1,1,2,,池塘,1344764524,109.1260346,23.1856163,未记录,True,2974
WS079,1,1,3,,池塘,1344764524,109.1260159,23.1854129,未记录,True,2975
WS079,1,1,4,,池塘,1344764524,109.1258855,23.1853337,未记录,True,2976
WS079,1,1,5,,池塘,1344764524,109.1257831,23.1853787,未记录,True,2977
WS079,1,1,6,,池塘,1344764524,109.1256736,23.1857126,未记录,True,2978
WS079,1,1,7,,池塘,1344764524,109.1256015,23.1857425,未记录,True,2979
WS079,1,1,8,,池塘,1344764524,109.1255828,23.1858945,未记录,True,2980
WS079,1,1,9,,池塘,1344764524,109.1257412,23.1859459,未记录,True,2981
WS079,1,1,10,,池塘,1344764524,109.1259833,23.1858624,未记录,True,2982
WS080,1,1,1,,一般水体,1367635403,109.0749145,23.0788282,未记录,True,2983
WS080,1,1,2,,一般水体,1367635403,109.0750347,23.0788227,未记录,True,2984
WS080,1,1,3,,一般水体,1367635403,109.0752992,23.0782476,未记录,True,2985
WS080,1,1,4,,一般水体,1367635403,109.0753533,23.077562,未记录,True,2986
WS080,1,1,5,,一般水体,1367635403,109.0750648,23.0773408,未记录,True,2987
WS080,1,1,6,,一般水体,1367635403,109.0748664,23.0774016,未记录,True,2988
WS080,1,1,7,,一般水体,1367635403,109.074644,23.0773353,未记录,True,2989
WS080,1,1,8,,一般水体,1367635403,109.0743976,23.0771196,未记录,True,2990
WS080,1,1,9,,一般水体,1367635403,109.0741692,23.077092,未记录,True,2991
WS080,1,1,10,,一般水体,1367635403,109.0738206,23.0775399,未记录,True,2992
WS080,1,1,11,,一般水体,1367635403,109.0739048,23.0776892,未记录,True,2993
WS080,1,1,12,,一般水体,1367635403,109.0739228,23.0779214,未记录,True,2994
WS080,1,1,13,,一般水体,1367635403,109.0741091,23.0782034,未记录,True,2995
WS080,1,1,14,,一般水体,1367635403,109.0743616,23.0783306,未记录,True,2996
WS080,1,1,15,,一般水体,1367635403,109.0744217,23.0786512,未记录,True,2997
WS080,1,1,16,,一般水体,1367635403,109.0747102,23.0784909,未记录,True,2998
WS080,1,1,17,,一般水体,1367635403,109.0748544,23.0785628,未记录,True,2999
WS080,1,1,18,,一般水体,1367635403,109.0749145,23.0788282,未记录,True,3000
WS081,1,1,1,,一般水体,1369893922,109.0857068,23.2149545,未记录,True,3001
WS081,1,1,2,,一般水体,1369893922,109.0860802,23.2146676,未记录,True,3002
WS081,1,1,3,,一般水体,1369893922,109.0862218,23.2138896,未记录,True,3003
WS081,1,1,4,,一般水体,1369893922,109.0859096,23.2133986,未记录,True,3004
WS081,1,1,5,,一般水体,1369893922,109.0856264,23.2133808,未记录,True,3005
WS081,1,1,6,,一般水体,1369893922,109.085179,23.2135494,未记录,True,3006
WS081,1,1,7,,一般水体,1369893922,109.0852498,23.2137713,未记录,True,3007
WS081,1,1,8,,一般水体,1369893922,109.0852498,23.2141529,未记录,True,3008
WS081,1,1,9,,一般水体,1369893922,109.0850245,23.2144102,未记录,True,3009
WS081,1,1,10,,一般水体,1369893922,109.0857068,23.2149545,未记录,True,3010
WS082,1,1,1,,一般水体,1369893929,109.1059538,23.1920276,未记录,True,3011
WS082,1,1,2,,一般水体,1369893929,109.1060337,23.1920236,未记录,True,3012
WS082,1,1,3,,一般水体,1369893929,109.1060769,23.1919601,未记录,True,3013
WS082,1,1,4,,一般水体,1369893929,109.1060812,23.1917378,未记录,True,3014
WS082,1,1,5,,一般水体,1369893929,109.1060164,23.1916723,未记录,True,3015
WS082,1,1,6,,一般水体,1369893929,109.1059192,23.1916088,未记录,True,3016
WS082,1,1,7,,一般水体,1369893929,109.1051333,23.1913092,未记录,True,3017
WS082,1,1,8,,一般水体,1369893929,109.1047943,23.1911405,未记录,True,3018
WS082,1,1,9,,一般水体,1369893929,109.1047144,23.1911206,未记录,True,3019
WS082,1,1,10,,一般水体,1369893929,109.1045892,23.1915374,未记录,True,3020
WS082,1,1,11,,一般水体,1369893929,109.1046151,23.1916465,未记录,True,3021
WS082,1,1,12,,一般水体,1369893929,109.1059538,23.1920276,未记录,True,3022
WS083,1,1,1,,一般水体,1369893930,109.1084637,23.1906008,未记录,True,3023
WS083,1,1,2,,一般水体,1369893930,109.1110616,23.188501,未记录,True,3024
WS083,1,1,3,,一般水体,1369893930,109.1106945,23.1882201,未记录,True,3025
WS083,1,1,4,,一般水体,1369893930,109.1097624,23.1882922,未记录,True,3026
WS083,1,1,5,,一般水体,1369893930,109.1091998,23.188032,未记录,True,3027
WS083,1,1,6,,一般水体,1369893930,109.1082843,23.1882111,未记录,True,3028
WS083,1,1,7,,一般水体,1369893930,109.1078761,23.1884105,未记录,True,3029
WS083,1,1,8,,一般水体,1369893930,109.1073719,23.188478,未记录,True,3030
WS083,1,1,9,,一般水体,1369893930,109.107259,23.1886953,未记录,True,3031
WS083,1,1,10,,一般水体,1369893930,109.1080012,23.1893366,未记录,True,3032
WS083,1,1,11,,一般水体,1369893930,109.1084637,23.1906008,未记录,True,3033
WS084,1,1,1,,一般水体,1434596088,109.1505233,23.1963706,未记录,True,3034
WS084,1,1,2,,一般水体,1434596088,109.1506432,23.1963624,未记录,True,3035
WS084,1,1,3,,一般水体,1434596088,109.1507275,23.1962747,未记录,True,3036
WS084,1,1,4,,一般水体,1434596088,109.150752,23.1960074,未记录,True,3037
WS084,1,1,5,,一般水体,1434596088,109.1498396,23.1961319,未记录,True,3038
WS084,1,1,6,,一般水体,1434596088,109.1500949,23.1961829,未记录,True,3039
WS084,1,1,7,,一般水体,1434596088,109.1503746,23.1962971,未记录,True,3040
WS084,1,1,8,,一般水体,1434596088,109.1505233,23.1963706,未记录,True,3041
WS085,1,1,1,,水库,1435033890,109.4400753,23.1459954,未记录,True,3042
WS085,1,1,2,,水库,1435033890,109.4401131,23.1464633,未记录,True,3043
WS085,1,1,3,,水库,1435033890,109.4395947,23.1473154,未记录,True,3044
WS085,1,1,4,,水库,1435033890,109.4396429,23.1479585,未记录,True,3045
WS085,1,1,5,,水库,1435033890,109.4398953,23.148443,未记录,True,3046
WS085,1,1,6,,水库,1435033890,109.4400735,23.148492,未记录,True,3047
WS085,1,1,7,,水库,1435033890,109.4400827,23.1486998,未记录,True,3048
WS085,1,1,8,,水库,1435033890,109.4398601,23.148801,未记录,True,3049
WS085,1,1,9,,水库,1435033890,109.4399525,23.1496607,未记录,True,3050
WS085,1,1,10,,水库,1435033890,109.4401818,23.150069,未记录,True,3051
WS085,1,1,11,,水库,1435033890,109.4402855,23.1495175,未记录,True,3052
WS085,1,1,12,,水库,1435033890,109.4409738,23.1490816,未记录,True,3053
WS085,1,1,13,,水库,1435033890,109.4415618,23.1484777,未记录,True,3054
WS085,1,1,14,,水库,1435033890,109.441543,23.1480877,未记录,True,3055
WS085,1,1,15,,水库,1435033890,109.4410213,23.1478274,未记录,True,3056
WS085,1,1,16,,水库,1435033890,109.4409864,23.1476166,未记录,True,3057
WS085,1,1,17,,水库,1435033890,109.4413495,23.1472574,未记录,True,3058
WS085,1,1,18,,水库,1435033890,109.4409086,23.1469626,未记录,True,3059
WS085,1,1,19,,水库,1435033890,109.4408846,23.1466546,未记录,True,3060
WS085,1,1,20,,水库,1435033890,109.4413792,23.1456915,未记录,True,3061
WS085,1,1,21,,水库,1435033890,109.440948,23.1451664,未记录,True,3062
WS085,1,1,22,,水库,1435033890,109.4404286,23.1450666,未记录,True,3063
WS085,1,1,23,,水库,1435033890,109.4400753,23.1459954,未记录,True,3064
WS086,1,1,1,,池塘,1435033891,109.4398535,23.1495947,未记录,True,3065
WS086,1,1,2,,池塘,1435033891,109.4397749,23.148872,未记录,True,3066
WS086,1,1,3,,池塘,1435033891,109.4392673,23.1492014,未记录,True,3067
WS086,1,1,4,,池塘,1435033891,109.4392837,23.149541,未记录,True,3068
WS086,1,1,5,,池塘,1435033891,109.4398535,23.1495947,未记录,True,3069
WS087,1,1,1,,一般水体,1435268277,109.3929806,22.8702732,未记录,True,3070
WS087,1,1,2,,一般水体,1435268277,109.3936422,22.8697368,未记录,True,3071
WS087,1,1,3,,一般水体,1435268277,109.3938799,22.8693242,未记录,True,3072
WS087,1,1,4,,一般水体,1435268277,109.3935498,22.8680765,未记录,True,3073
WS087,1,1,5,,一般水体,1435268277,109.3942508,22.867602,未记录,True,3074
WS087,1,1,6,,一般水体,1435268277,109.3944225,22.8670748,未记录,True,3075
WS087,1,1,7,,一般水体,1435268277,109.3942794,22.8666661,未记录,True,3076
WS087,1,1,8,,一般水体,1435268277,109.3940076,22.8666134,未记录,True,3077
WS087,1,1,9,,一般水体,1435268277,109.3940243,22.8663078,未记录,True,3078
WS087,1,1,10,,一般水体,1435268277,109.3946451,22.8659489,未记录,True,3079
WS087,1,1,11,,一般水体,1435268277,109.3948799,22.8653176,未记录,True,3080
WS087,1,1,12,,一般水体,1435268277,109.3954381,22.8649922,未记录,True,3081
WS087,1,1,13,,一般水体,1435268277,109.3952378,22.8646626,未记录,True,3082
WS087,1,1,14,,一般水体,1435268277,109.3946943,22.8645835,未记录,True,3083
WS087,1,1,15,,一般水体,1435268277,109.3942079,22.8648867,未记录,True,3084
WS087,1,1,16,,一般水体,1435268277,109.3945655,22.8639245,未记录,True,3085
WS087,1,1,17,,一般水体,1435268277,109.3950662,22.8637795,未记录,True,3086
WS087,1,1,18,,一般水体,1435268277,109.3955096,22.8639509,未记录,True,3087
WS087,1,1,19,,一般水体,1435268277,109.3964109,22.8637136,未记录,True,3088
WS087,1,1,20,,一般水体,1435268277,109.3964252,22.8631204,未记录,True,3089
WS087,1,1,21,,一般水体,1435268277,109.3961248,22.8625405,未记录,True,3090
WS087,1,1,22,,一般水体,1435268277,109.395338,22.8620396,未记录,True,3091
WS087,1,1,23,,一般水体,1435268277,109.39502743434922,22.8615453,未记录,True,3092
WS087,1,1,24,,一般水体,1435268277,109.3932227638088,22.8615453,未记录,True,3093
WS087,1,1,25,,一般水体,1435268277,109.3931922,22.8619209,未记录,True,3094
WS087,1,1,26,,一般水体,1435268277,109.393464,22.8623032,未记录,True,3095
WS087,1,1,27,,一般水体,1435268277,109.3925628,22.8620923,未记录,True,3096
WS087,1,1,28,,一般水体,1435268277,109.392105,22.8622109,未记录,True,3097
WS087,1,1,29,,一般水体,1435268277,109.3909177,22.8628832,未记录,True,3098
WS087,1,1,30,,一般水体,1435268277,109.3906316,22.8633445,未记录,True,3099
WS087,1,1,31,,一般水体,1435268277,109.3900308,22.8634895,未记录,True,3100
WS087,1,1,32,,一般水体,1435268277,109.3901196,22.8641933,未记录,True,3101
WS087,1,1,33,,一般水体,1435268277,109.3908141,22.8641241,未记录,True,3102
WS087,1,1,34,,一般水体,1435268277,109.3910699,22.8641767,未记录,True,3103
WS087,1,1,35,,一般水体,1435268277,109.3911609,22.8645308,未记录,True,3104
WS087,1,1,36,,一般水体,1435268277,109.3909892,22.864979,未记录,True,3105
WS087,1,1,37,,一般水体,1435268277,109.3904599,22.8650317,未记录,True,3106
WS087,1,1,38,,一般水体,1435268277,109.3901166,22.8653085,未记录,True,3107
WS087,1,1,39,,一般水体,1435268277,109.389573,22.8654535,未记录,True,3108
WS087,1,1,40,,一般水体,1435268277,109.3893441,22.8652031,未记录,True,3109
WS087,1,1,41,,一般水体,1435268277,109.3881282,22.8653744,未记录,True,3110
WS087,1,1,42,,一般水体,1435268277,109.3875417,22.8645967,未记录,True,3111
WS087,1,1,43,,一般水体,1435268277,109.3872556,22.8646231,未记录,True,3112
WS087,1,1,44,,一般水体,1435268277,109.3870305,22.8644661,未记录,True,3113
WS087,1,1,45,,一般水体,1435268277,109.3865833,22.8639113,未记录,True,3114
WS087,1,1,46,,一般水体,1435268277,109.3851098,22.8644913,未记录,True,3115
WS087,1,1,47,,一般水体,1435268277,109.3850097,22.8649394,未记录,True,3116
WS087,1,1,48,,一般水体,1435268277,109.3853816,22.8652294,未记录,True,3117
WS087,1,1,49,,一般水体,1435268277,109.3854531,22.8656776,未记录,True,3118
WS087,1,1,50,,一般水体,1435268277,109.3862542,22.8658226,未记录,True,3119
WS087,1,1,51,,一般水体,1435268277,109.3866405,22.8656908,未记录,True,3120
WS087,1,1,52,,一般水体,1435268277,109.3869123,22.8659412,未记录,True,3121
WS087,1,1,53,,一般水体,1435268277,109.3870664,22.8665445,未记录,True,3122
WS087,1,1,54,,一般水体,1435268277,109.3874702,22.8666266,未记录,True,3123
WS087,1,1,55,,一般水体,1435268277,109.3878564,22.8664289,未记录,True,3124
WS087,1,1,56,,一般水体,1435268277,109.3881997,22.8667057,未记录,True,3125
WS087,1,1,57,,一般水体,1435268277,109.3881997,22.8670352,未记录,True,3126
WS087,1,1,58,,一般水体,1435268277,109.3884708,22.8672744,未记录,True,3127
WS087,1,1,59,,一般水体,1435268277,109.3889293,22.8674043,未记录,True,3128
WS087,1,1,60,,一般水体,1435268277,109.3893215,22.8673483,未记录,True,3129
WS087,1,1,61,,一般水体,1435268277,109.3895873,22.8675493,未记录,True,3130
WS087,1,1,62,,一般水体,1435268277,109.3910608,22.868261,未记录,True,3131
WS087,1,1,63,,一般水体,1435268277,109.3913898,22.8692628,未记录,True,3132
WS087,1,1,64,,一般水体,1435268277,109.3929806,22.8702732,未记录,True,3133
WS088,1,1,1,,一般水体,1446673885,109.3982278,23.0801997,未记录,True,3134
WS088,1,1,2,,一般水体,1446673885,109.3983188,23.0803467,未记录,True,3135
WS088,1,1,3,,一般水体,1446673885,109.3982589,23.0804529,未记录,True,3136
WS088,1,1,4,,一般水体,1446673885,109.3981257,23.0808531,未记录,True,3137
WS088,1,1,5,,一般水体,1446673885,109.3979792,23.0810288,未记录,True,3138
WS088,1,1,6,,一般水体,1446673885,109.3976862,23.08109,未记录,True,3139
WS088,1,1,7,,一般水体,1446673885,109.3974842,23.0812943,未记录,True,3140
WS088,1,1,8,,一般水体,1446673885,109.3974642,23.0813964,未记录,True,3141
WS088,1,1,9,,一般水体,1446673885,109.3975019,23.0814923,未记录,True,3142
WS088,1,1,10,,一般水体,1446673885,109.3978083,23.0815781,未记录,True,3143
WS088,1,1,11,,一般水体,1446673885,109.3978527,23.08167,未记录,True,3144
WS088,1,1,12,,一般水体,1446673885,109.3980258,23.0816782,未记录,True,3145
WS088,1,1,13,,一般水体,1446673885,109.3981079,23.0818456,未记录,True,3146
WS088,1,1,14,,一般水体,1446673885,109.3981435,23.0820948,未记录,True,3147
WS088,1,1,15,,一般水体,1446673885,109.3983299,23.0821315,未记录,True,3148
WS088,1,1,16,,一般水体,1446673885,109.3983921,23.0819927,未记录,True,3149
WS088,1,1,17,,一般水体,1446673885,109.3983788,23.0816904,未记录,True,3150
WS088,1,1,18,,一般水体,1446673885,109.3984742,23.0815985,未记录,True,3151
WS088,1,1,19,,一般水体,1446673885,109.3986252,23.081572,未记录,True,3152
WS088,1,1,20,,一般水体,1446673885,109.3988582,23.0816067,未记录,True,3153
WS088,1,1,21,,一般水体,1446673885,109.3988405,23.0813759,未记录,True,3154
WS088,1,1,22,,一般水体,1446673885,109.3986385,23.081135,未记录,True,3155
WS088,1,1,23,,一般水体,1446673885,109.3987561,23.0808879,未记录,True,3156
WS088,1,1,24,,一般水体,1446673885,109.398876,23.0808123,未记录,True,3157
WS088,1,1,25,,一般水体,1446673885,109.3989315,23.0807061,未记录,True,3158
WS088,1,1,26,,一般水体,1446673885,109.3991024,23.0805958,未记录,True,3159
WS088,1,1,27,,一般水体,1446673885,109.3993599,23.0806591,未记录,True,3160
WS088,1,1,28,,一般水体,1446673885,109.4001014,23.0807429,未记录,True,3161
WS088,1,1,29,,一般水体,1446673885,109.4002301,23.0802956,未记录,True,3162
WS088,1,1,30,,一般水体,1446673885,109.3999859,23.0798668,未记录,True,3163
WS088,1,1,31,,一般水体,1446673885,109.3997107,23.0793644,未记录,True,3164
WS088,1,1,32,,一般水体,1446673885,109.3996041,23.0789539,未记录,True,3165
WS088,1,1,33,,一般水体,1446673885,109.3996996,23.0786251,未记录,True,3166
WS088,1,1,34,,一般水体,1446673885,109.3996419,23.0784781,未记录,True,3167
WS088,1,1,35,,一般水体,1446673885,109.3990336,23.0780227,未记录,True,3168
WS088,1,1,36,,一般水体,1446673885,109.398856,23.0779594,未记录,True,3169
WS088,1,1,37,,一般水体,1446673885,109.398654,23.0787334,未记录,True,3170
WS088,1,1,38,,一般水体,1446673885,109.3986651,23.0788661,未记录,True,3171
WS088,1,1,39,,一般水体,1446673885,109.3984076,23.0796095,未记录,True,3172
WS088,1,1,40,,一般水体,1446673885,109.3983499,23.0796646,未记录,True,3173
WS088,1,1,41,,一般水体,1446673885,109.3982278,23.0801997,未记录,True,3174
WS089,1,1,1,,一般水体,1446673886,109.4017409,23.0799875,未记录,True,3175
WS089,1,1,2,,一般水体,1446673886,109.4018068,23.0799105,未记录,True,3176
WS089,1,1,3,,一般水体,1446673886,109.4019488,23.0793389,未记录,True,3177
WS089,1,1,4,,一般水体,1446673886,109.4019818,23.0789703,未记录,True,3178
WS089,1,1,5,,一般水体,1446673886,109.401642,23.0789633,未记录,True,3179
WS089,1,1,6,,一般水体,1446673886,109.4008711,23.078912,未记录,True,3180
WS089,1,1,7,,一般水体,1446673886,109.4008077,23.0788327,未记录,True,3181
WS089,1,1,8,,一般水体,1446673886,109.4007722,23.0786811,未记录,True,3182
WS089,1,1,9,,一般水体,1446673886,109.4006125,23.0785854,未记录,True,3183
WS089,1,1,10,,一般水体,1446673886,109.3998492,23.0785317,未记录,True,3184
WS089,1,1,11,,一般水体,1446673886,109.3998416,23.0789633,未记录,True,3185
WS089,1,1,12,,一般水体,1446673886,109.3999709,23.0793249,未记录,True,3186
WS089,1,1,13,,一般水体,1446673886,109.40044,23.0794532,未记录,True,3187
WS089,1,1,14,,一般水体,1446673886,109.4017409,23.0799875,未记录,True,3188
WS090,1,1,1,,一般水体,1446673887,109.4018195,23.0800225,未记录,True,3189
WS090,1,1,2,,一般水体,1446673887,109.4020604,23.0801671,未记录,True,3190
WS090,1,1,3,,一般水体,1446673887,109.4031483,23.0804774,未记录,True,3191
WS090,1,1,4,,一般水体,1446673887,109.4044187,23.0799175,未记录,True,3192
WS090,1,1,5,,一般水体,1446673887,109.4043655,23.0795815,未记录,True,3193
WS090,1,1,6,,一般水体,1446673887,109.4039648,23.0793039,未记录,True,3194
WS090,1,1,7,,一般水体,1446673887,109.4038355,23.0790613,未记录,True,3195
WS090,1,1,8,,一般水体,1446673887,109.4037113,23.079017,未记录,True,3196
WS090,1,1,9,,一般水体,1446673887,109.4031204,23.079045,未记录,True,3197
WS090,1,1,10,,一般水体,1446673887,109.4022861,23.0788537,未记录,True,3198
WS090,1,1,11,,一般水体,1446673887,109.4021061,23.078933,未记录,True,3199
WS090,1,1,12,,一般水体,1446673887,109.4020604,23.0790053,未记录,True,3200
WS090,1,1,13,,一般水体,1446673887,109.4019869,23.0795955,未记录,True,3201
WS090,1,1,14,,一般水体,1446673887,109.4019488,23.0797402,未记录,True,3202
WS090,1,1,15,,一般水体,1446673887,109.4018195,23.0800225,未记录,True,3203
WS091,1,1,1,,一般水体,1446676786,109.3399095,23.1407725,未记录,True,3204
WS091,1,1,2,,一般水体,1446676786,109.3401702,23.1405062,未记录,True,3205
WS091,1,1,3,,一般水体,1446676786,109.3403006,23.1405541,未记录,True,3206
WS091,1,1,4,,一般水体,1446676786,109.340512,23.1403091,未记录,True,3207
WS091,1,1,5,,一般水体,1446676786,109.340063,23.1399441,未记录,True,3208
WS091,1,1,6,,一般水体,1446676786,109.3395474,23.1405115,未记录,True,3209
WS091,1,1,7,,一般水体,1446676786,109.3399095,23.1407725,未记录,True,3210
WS092,1,1,1,,一般水体,1461438100,109.2612216,23.1942312,未记录,True,3211
WS092,1,1,2,,一般水体,1461438100,109.261519,23.1941618,未记录,True,3212
WS092,1,1,3,,一般水体,1461438100,109.2617787,23.1938843,未记录,True,3213
WS092,1,1,4,,一般水体,1461438100,109.261721,23.193766,未记录,True,3214
WS092,1,1,5,,一般水体,1461438100,109.2609752,23.194072,未记录,True,3215
WS092,1,1,6,,一般水体,1461438100,109.2609951,23.1941333,未记录,True,3216
WS092,1,1,7,,一般水体,1461438100,109.2612216,23.1942312,未记录,True,3217
WS093,1,1,1,,一般水体,1461438102,109.2728833,23.1939808,未记录,True,3218
WS093,1,1,2,,一般水体,1461438102,109.2733657,23.1938535,未记录,True,3219
WS093,1,1,3,,一般水体,1461438102,109.2735563,23.1938548,未记录,True,3220
WS093,1,1,4,,一般水体,1461438102,109.2736948,23.193744,未记录,True,3221
WS093,1,1,5,,一般水体,1461438102,109.2739093,23.1936933,未记录,True,3222
WS093,1,1,6,,一般水体,1461438102,109.2741356,23.1935359,未记录,True,3223
WS093,1,1,7,,一般水体,1461438102,109.2741773,23.1933977,未记录,True,3224
WS093,1,1,8,,一般水体,1461438102,109.2743247,23.193347,未记录,True,3225
WS093,1,1,9,,一般水体,1461438102,109.2744096,23.1932799,未记录,True,3226
WS093,1,1,10,,一般水体,1461438102,109.2744647,23.1931527,未记录,True,3227
WS093,1,1,11,,一般水体,1461438102,109.2745719,23.1931034,未记录,True,3228
WS093,1,1,12,,一般水体,1461438102,109.2746136,23.1930158,未记录,True,3229
WS093,1,1,13,,一般水体,1461438102,109.2746434,23.1928378,未记录,True,3230
WS093,1,1,14,,一般水体,1461438102,109.2745064,23.1929186,未记录,True,3231
WS093,1,1,15,,一般水体,1461438102,109.2744483,23.1930692,未记录,True,3232
WS093,1,1,16,,一般水体,1461438102,109.2742339,23.1932444,未记录,True,3233
WS093,1,1,17,,一般水体,1461438102,109.2741341,23.1932827,未记录,True,3234
WS093,1,1,18,,一般水体,1461438102,109.274012,23.1934976,未记录,True,3235
WS093,1,1,19,,一般水体,1461438102,109.2739227,23.1935811,未记录,True,3236
WS093,1,1,20,,一般水体,1461438102,109.2737723,23.1936208,未记录,True,3237
WS093,1,1,21,,一般水体,1461438102,109.2733494,23.1938138,未记录,True,3238
WS093,1,1,22,,一般水体,1461438102,109.2729756,23.1938918,未记录,True,3239
WS093,1,1,23,,一般水体,1461438102,109.2728833,23.1939808,未记录,True,3240
WS094,1,1,1,,水库,1536111712,109.3111278,22.9445512,未记录,True,3241
WS094,1,1,2,,水库,1536111712,109.31113,22.9447392,未记录,True,3242
WS094,1,1,3,,水库,1536111712,109.310948,22.944858,未记录,True,3243
WS094,1,1,4,,水库,1536111712,109.3107583,22.9449837,未记录,True,3244
WS094,1,1,5,,水库,1536111712,109.3108797,22.9450466,未记录,True,3245
WS094,1,1,6,,水库,1536111712,109.3109555,22.9450955,未记录,True,3246
WS094,1,1,7,,水库,1536111712,109.3110162,22.9451793,未记录,True,3247
WS094,1,1,8,,水库,1536111712,109.3110769,22.9452702,未记录,True,3248
WS094,1,1,9,,水库,1536111712,109.3110845,22.945361,未记录,True,3249
WS094,1,1,10,,水库,1536111712,109.3110845,22.9454518,未记录,True,3250
WS094,1,1,11,,水库,1536111712,109.3110542,22.9455356,未记录,True,3251
WS094,1,1,12,,水库,1536111712,109.3110011,22.9456125,未记录,True,3252
WS094,1,1,13,,水库,1536111712,109.3108493,22.9456893,未记录,True,3253
WS094,1,1,14,,水库,1536111712,109.3107128,22.9457522,未记录,True,3254
WS094,1,1,15,,水库,1536111712,109.3105231,22.9458221,未记录,True,3255
WS094,1,1,16,,水库,1536111712,109.3104245,22.945864,未记录,True,3256
WS094,1,1,17,,水库,1536111712,109.3100983,22.9459269,未记录,True,3257
WS094,1,1,18,,水库,1536111712,109.3099541,22.9459269,未记录,True,3258
WS094,1,1,19,,水库,1536111712,109.3097645,22.9459269,未记录,True,3259
WS094,1,1,20,,水库,1536111712,109.3096203,22.9458989,未记录,True,3260
WS094,1,1,21,,水库,1536111712,109.3094534,22.94585,未记录,True,3261
WS094,1,1,22,,水库,1536111712,109.3090893,22.9458011,未记录,True,3262
WS094,1,1,23,,水库,1536111712,109.3089907,22.9457592,未记录,True,3263
WS094,1,1,24,,水库,1536111712,109.308892,22.9456684,未记录,True,3264
WS094,1,1,25,,水库,1536111712,109.3088086,22.9455636,未记录,True,3265
WS094,1,1,26,,水库,1536111712,109.3087403,22.9454658,未记录,True,3266
WS094,1,1,27,,水库,1536111712,109.3087024,22.945354,未记录,True,3267
WS094,1,1,28,,水库,1536111712,109.3086417,22.9452492,未记录,True,3268
WS094,1,1,29,,水库,1536111712,109.3086189,22.9451374,未记录,True,3269
WS094,1,1,30,,水库,1536111712,109.3085886,22.9450326,未记录,True,3270
WS094,1,1,31,,水库,1536111712,109.3085355,22.9449278,未记录,True,3271
WS094,1,1,32,,水库,1536111712,109.3084596,22.944844,未记录,True,3272
WS094,1,1,33,,水库,1536111712,109.3084748,22.9449418,未记录,True,3273
WS094,1,1,34,,水库,1536111712,109.3084672,22.9450326,未记录,True,3274
WS094,1,1,35,,水库,1536111712,109.3084217,22.9452073,未记录,True,3275
WS094,1,1,36,,水库,1536111712,109.3084065,22.9453191,未记录,True,3276
WS094,1,1,37,,水库,1536111712,109.3083686,22.9454308,未记录,True,3277
WS094,1,1,38,,水库,1536111712,109.3083382,22.9455496,未记录,True,3278
WS094,1,1,39,,水库,1536111712,109.3083079,22.9456544,未记录,True,3279
WS094,1,1,40,,水库,1536111712,109.3082775,22.9457522,未记录,True,3280
WS094,1,1,41,,水库,1536111712,109.3082093,22.945843,未记录,True,3281
WS094,1,1,42,,水库,1536111712,109.3080727,22.9460177,未记录,True,3282
WS094,1,1,43,,水库,1536111712,109.3079817,22.9461225,未记录,True,3283
WS094,1,1,44,,水库,1536111712,109.3079058,22.9461784,未记录,True,3284
WS094,1,1,45,,水库,1536111712,109.3077844,22.9462412,未记录,True,3285
WS094,1,1,46,,水库,1536111712,109.3076706,22.9463111,未记录,True,3286
WS094,1,1,47,,水库,1536111712,109.3075872,22.94636,未记录,True,3287
WS094,1,1,48,,水库,1536111712,109.3074961,22.9464089,未记录,True,3288
WS094,1,1,49,,水库,1536111712,109.3073899,22.9464788,未记录,True,3289
WS094,1,1,50,,水库,1536111712,109.3072989,22.9465067,未记录,True,3290
WS094,1,1,51,,水库,1536111712,109.3071927,22.9465067,未记录,True,3291
WS094,1,1,52,,水库,1536111712,109.3071016,22.9465347,未记录,True,3292
WS094,1,1,53,,水库,1536111712,109.3071016,22.9466255,未记录,True,3293
WS094,1,1,54,,水库,1536111712,109.3071016,22.9467233,未记录,True,3294
WS094,1,1,55,,水库,1536111712,109.3070865,22.9468141,未记录,True,3295
WS094,1,1,56,,水库,1536111712,109.3070485,22.9469189,未记录,True,3296
WS094,1,1,57,,水库,1536111712,109.3069954,22.9470097,未记录,True,3297
WS094,1,1,58,,水库,1536111712,109.3069347,22.9470796,未记录,True,3298
WS094,1,1,59,,水库,1536111712,109.3068665,22.9471494,未记录,True,3299
WS094,1,1,60,,水库,1536111712,109.3067982,22.9472193,未记录,True,3300
WS094,1,1,61,,水库,1536111712,109.3068892,22.9471983,未记录,True,3301
WS094,1,1,62,,水库,1536111712,109.3069803,22.9471704,未记录,True,3302
WS094,1,1,63,,水库,1536111712,109.307094,22.9471145,未记录,True,3303
WS094,1,1,64,,水库,1536111712,109.3071775,22.9470446,未记录,True,3304
WS094,1,1,65,,水库,1536111712,109.3072154,22.9469678,未记录,True,3305
WS094,1,1,66,,水库,1536111712,109.3072913,22.9468909,未记录,True,3306
WS094,1,1,67,,水库,1536111712,109.307352,22.9468211,未记录,True,3307
WS094,1,1,68,,水库,1536111712,109.3074354,22.9467372,未记录,True,3308
WS094,1,1,69,,水库,1536111712,109.3075265,22.9466674,未记录,True,3309
WS094,1,1,70,,水库,1536111712,109.3076403,22.9466325,未记录,True,3310
WS094,1,1,71,,水库,1536111712,109.3077465,22.9465836,未记录,True,3311
WS094,1,1,72,,水库,1536111712,109.3078603,22.9465277,未记录,True,3312
WS094,1,1,73,,水库,1536111712,109.3079589,22.9465277,未记录,True,3313
WS094,1,1,74,,水库,1536111712,109.3080803,22.9464857,未记录,True,3314
WS094,1,1,75,,水库,1536111712,109.3082775,22.9463879,未记录,True,3315
WS094,1,1,76,,水库,1536111712,109.308581,22.94636,未记录,True,3316
WS094,1,1,77,,水库,1536111712,109.3086796,22.94636,未记录,True,3317
WS094,1,1,78,,水库,1536111712,109.3088086,22.946381,未记录,True,3318
WS094,1,1,79,,水库,1536111712,109.3088996,22.9463949,未记录,True,3319
WS094,1,1,80,,水库,1536111712,109.3089982,22.9464159,未记录,True,3320
WS094,1,1,81,,水库,1536111712,109.3091348,22.9464718,未记录,True,3321
WS094,1,1,82,,水库,1536111712,109.3092183,22.9465486,未记录,True,3322
WS094,1,1,83,,水库,1536111712,109.3093093,22.9465905,未记录,True,3323
WS094,1,1,84,,水库,1536111712,109.3093852,22.9466953,未记录,True,3324
WS094,1,1,85,,水库,1536111712,109.3094231,22.946849,未记录,True,3325
WS094,1,1,86,,水库,1536111712,109.3094155,22.9469329,未记录,True,3326
WS094,1,1,87,,水库,1536111712,109.3093624,22.9470307,未记录,True,3327
WS094,1,1,88,,水库,1536111712,109.3092334,22.9471774,未记录,True,3328
WS094,1,1,89,,水库,1536111712,109.3091576,22.9472612,未记录,True,3329
WS094,1,1,90,,水库,1536111712,109.3090665,22.947359,未记录,True,3330
WS094,1,1,91,,水库,1536111712,109.3089831,22.9474778,未记录,True,3331
WS094,1,1,92,,水库,1536111712,109.3090286,22.9475616,未记录,True,3332
WS094,1,1,93,,水库,1536111712,109.3091045,22.9476245,未记录,True,3333
WS094,1,1,94,,水库,1536111712,109.3091348,22.9477153,未记录,True,3334
WS094,1,1,95,,水库,1536111712,109.3091879,22.9477852,未记录,True,3335
WS094,1,1,96,,水库,1536111712,109.3092941,22.947848,未记录,True,3336
WS094,1,1,97,,水库,1536111712,109.3093169,22.9479528,未记录,True,3337
WS094,1,1,98,,水库,1536111712,109.3093017,22.9480436,未记录,True,3338
WS094,1,1,99,,水库,1536111712,109.3092714,22.9481554,未记录,True,3339
WS094,1,1,100,,水库,1536111712,109.3092638,22.9482602,未记录,True,3340
WS094,1,1,101,,水库,1536111712,109.3092638,22.948351,未记录,True,3341
WS094,1,1,102,,水库,1536111712,109.3092334,22.9484418,未记录,True,3342
WS094,1,1,103,,水库,1536111712,109.3092258,22.9485536,未记录,True,3343
WS094,1,1,104,,水库,1536111712,109.3092031,22.9486514,未记录,True,3344
WS094,1,1,105,,水库,1536111712,109.3091424,22.9487632,未记录,True,3345
WS094,1,1,106,,水库,1536111712,109.3090513,22.9488191,未记录,True,3346
WS094,1,1,107,,水库,1536111712,109.3089603,22.948882,未记录,True,3347
WS094,1,1,108,,水库,1536111712,109.3089982,22.9489658,未记录,True,3348
WS094,1,1,109,,水库,1536111712,109.3090513,22.9490496,未记录,True,3349
WS094,1,1,110,,水库,1536111712,109.3090665,22.9491754,未记录,True,3350
WS094,1,1,111,,水库,1536111712,109.3090438,22.9492662,未记录,True,3351
WS094,1,1,112,,水库,1536111712,109.3090286,22.949364,未记录,True,3352
WS094,1,1,113,,水库,1536111712,109.3090286,22.9495037,未记录,True,3353
WS094,1,1,114,,水库,1536111712,109.3090286,22.9496085,未记录,True,3354
WS094,1,1,115,,水库,1536111712,109.3090286,22.9497133,未记录,True,3355
WS094,1,1,116,,水库,1536111712,109.3090286,22.9498251,未记录,True,3356
WS094,1,1,117,,水库,1536111712,109.3090741,22.9500207,未记录,True,3357
WS094,1,1,118,,水库,1536111712,109.3090817,22.9504468,未记录,True,3358
WS094,1,1,119,,水库,1536111712,109.3090969,22.9506005,未记录,True,3359
WS094,1,1,120,,水库,1536111712,109.309112,22.9507402,未记录,True,3360
WS094,1,1,121,,水库,1536111712,109.309112,22.9508939,未记录,True,3361
WS094,1,1,122,,水库,1536111712,109.3090969,22.9510197,未记录,True,3362
WS094,1,1,123,,水库,1536111712,109.3090362,22.9511175,未记录,True,3363
WS094,1,1,124,,水库,1536111712,109.3090058,22.9512083,未记录,True,3364
WS094,1,1,125,,水库,1536111712,109.3089527,22.9512991,未记录,True,3365
WS094,1,1,126,,水库,1536111712,109.3088996,22.9514039,未记录,True,3366
WS094,1,1,127,,水库,1536111712,109.308892,22.9514947,未记录,True,3367
WS094,1,1,128,,水库,1536111712,109.308892,22.9515855,未记录,True,3368
WS094,1,1,129,,水库,1536111712,109.3089072,22.9516973,未记录,True,3369
WS094,1,1,130,,水库,1536111712,109.3089376,22.95183,未记录,True,3370
WS094,1,1,131,,水库,1536111712,109.3089679,22.9519697,未记录,True,3371
WS094,1,1,132,,水库,1536111712,109.3089831,22.9521025,未记录,True,3372
WS094,1,1,133,,水库,1536111712,109.3089907,22.9522003,未记录,True,3373
WS094,1,1,134,,水库,1536111712,109.3090058,22.952312,未记录,True,3374
WS094,1,1,135,,水库,1536111712,109.3090134,22.9523959,未记录,True,3375
WS094,1,1,136,,水库,1536111712,109.309021,22.9525076,未记录,True,3376
WS094,1,1,137,,水库,1536111712,109.3090058,22.9525915,未记录,True,3377
WS094,1,1,138,,水库,1536111712,109.3088769,22.9529687,未记录,True,3378
WS094,1,1,139,,水库,1536111712,109.3086569,22.9532481,未记录,True,3379
WS094,1,1,140,,水库,1536111712,109.3086038,22.9533529,未记录,True,3380
WS094,1,1,141,,水库,1536111712,109.308581,22.9534647,未记录,True,3381
WS094,1,1,142,,水库,1536111712,109.3085051,22.9535206,未记录,True,3382
WS094,1,1,143,,水库,1536111712,109.3084293,22.9535835,未记录,True,3383
WS094,1,1,144,,水库,1536111712,109.3083382,22.9536184,未记录,True,3384
WS094,1,1,145,,水库,1536111712,109.3081865,22.9536463,未记录,True,3385
WS094,1,1,146,,水库,1536111712,109.3080499,22.9536673,未记录,True,3386
WS094,1,1,147,,水库,1536111712,109.3079134,22.9536952,未记录,True,3387
WS094,1,1,148,,水库,1536111712,109.3077844,22.9537022,未记录,True,3388
WS094,1,1,149,,水库,1536111712,109.307663,22.9536673,未记录,True,3389
WS094,1,1,150,,水库,1536111712,109.3075265,22.9536114,未记录,True,3390
WS094,1,1,151,,水库,1536111712,109.307443,22.9535415,未记录,True,3391
WS094,1,1,152,,水库,1536111712,109.3073368,22.9534577,未记录,True,3392
WS094,1,1,153,,水库,1536111712,109.3072534,22.9533879,未记录,True,3393
WS094,1,1,154,,水库,1536111712,109.3071472,22.9533529,未记录,True,3394
WS094,1,1,155,,水库,1536111712,109.3070485,22.9533739,未记录,True,3395
WS094,1,1,156,,水库,1536111712,109.307003,22.9534507,未记录,True,3396
WS094,1,1,157,,水库,1536111712,109.3070106,22.9535415,未记录,True,3397
WS094,1,1,158,,水库,1536111712,109.3070789,22.9536254,未记录,True,3398
WS094,1,1,159,,水库,1536111712,109.3071851,22.9536813,未记录,True,3399
WS094,1,1,160,,水库,1536111712,109.3072685,22.9537162,未记录,True,3400
WS094,1,1,161,,水库,1536111712,109.307352,22.9537791,未记录,True,3401
WS094,1,1,162,,水库,1536111712,109.307443,22.9538559,未记录,True,3402
WS094,1,1,163,,水库,1536111712,109.3075568,22.9538769,未记录,True,3403
WS094,1,1,164,,水库,1536111712,109.3076554,22.9538838,未记录,True,3404
WS094,1,1,165,,水库,1536111712,109.3077541,22.9539048,未记录,True,3405
WS094,1,1,166,,水库,1536111712,109.3078527,22.9538978,未记录,True,3406
WS094,1,1,167,,水库,1536111712,109.3079817,22.9538769,未记录,True,3407
WS094,1,1,168,,水库,1536111712,109.3080727,22.9538629,未记录,True,3408
WS094,1,1,169,,水库,1536111712,109.3082168,22.953828,未记录,True,3409
WS094,1,1,170,,水库,1536111712,109.3083079,22.953814,未记录,True,3410
WS094,1,1,171,,水库,1536111712,109.3084065,22.9537791,未记录,True,3411
WS094,1,1,172,,水库,1536111712,109.3085127,22.9537581,未记录,True,3412
WS094,1,1,173,,水库,1536111712,109.3086113,22.9537511,未记录,True,3413
WS094,1,1,174,,水库,1536111712,109.3087251,22.9537511,未记录,True,3414
WS094,1,1,175,,水库,1536111712,109.3088313,22.9537651,未记录,True,3415
WS094,1,1,176,,水库,1536111712,109.3089224,22.953814,未记录,True,3416
WS094,1,1,177,,水库,1536111712,109.3089603,22.9538908,未记录,True,3417
WS094,1,1,178,,水库,1536111712,109.309021,22.9539816,未记录,True,3418
WS094,1,1,179,,水库,1536111712,109.3090741,22.9540655,未记录,True,3419
WS094,1,1,180,,水库,1536111712,109.3091045,22.9541633,未记录,True,3420
WS094,1,1,181,,水库,1536111712,109.3091651,22.9542541,未记录,True,3421
WS094,1,1,182,,水库,1536111712,109.3092334,22.95431,未记录,True,3422
WS094,1,1,183,,水库,1536111712,109.3093017,22.9543868,未记录,True,3423
WS094,1,1,184,,水库,1536111712,109.3093852,22.9544497,未记录,True,3424
WS094,1,1,185,,水库,1536111712,109.3094534,22.9545195,未记录,True,3425
WS094,1,1,186,,水库,1536111712,109.3095293,22.9545684,未记录,True,3426
WS094,1,1,187,,水库,1536111712,109.30959,22.9546453,未记录,True,3427
WS094,1,1,188,,水库,1536111712,109.3096431,22.9547221,未记录,True,3428
WS094,1,1,189,,水库,1536111712,109.3097114,22.954778,未记录,True,3429
WS094,1,1,190,,水库,1536111712,109.3097872,22.9548688,未记录,True,3430
WS094,1,1,191,,水库,1536111712,109.3098403,22.9549736,未记录,True,3431
WS094,1,1,192,,水库,1536111712,109.3098859,22.9550644,未记录,True,3432
WS094,1,1,193,,水库,1536111712,109.3099465,22.9551762,未记录,True,3433
WS094,1,1,194,,水库,1536111712,109.3100603,22.9551622,未记录,True,3434
WS094,1,1,195,,水库,1536111712,109.3101741,22.9550994,未记录,True,3435
WS094,1,1,196,,水库,1536111712,109.3101817,22.9549806,未记录,True,3436
WS094,1,1,197,,水库,1536111712,109.3100679,22.9549038,未记录,True,3437
WS094,1,1,198,,水库,1536111712,109.3099693,22.9548269,未记录,True,3438
WS094,1,1,199,,水库,1536111712,109.3099162,22.9547501,未记录,True,3439
WS094,1,1,200,,水库,1536111712,109.309901,22.9546662,未记录,True,3440
WS094,1,1,201,,水库,1536111712,109.3098783,22.9545545,未记录,True,3441
WS094,1,1,202,,水库,1536111712,109.30981,22.9544776,未记录,True,3442
WS094,1,1,203,,水库,1536111712,109.3097114,22.9544078,未记录,True,3443
WS094,1,1,204,,水库,1536111712,109.30959,22.9543239,未记录,True,3444
WS094,1,1,205,,水库,1536111712,109.3095369,22.9542471,未记录,True,3445
WS094,1,1,206,,水库,1536111712,109.3094458,22.9541423,未记录,True,3446
WS094,1,1,207,,水库,1536111712,109.3093169,22.9540445,未记录,True,3447
WS094,1,1,208,,水库,1536111712,109.3092486,22.9539607,未记录,True,3448
WS094,1,1,209,,水库,1536111712,109.3091651,22.9538838,未记录,True,3449
WS094,1,1,210,,水库,1536111712,109.3089148,22.9535625,未记录,True,3450
WS094,1,1,211,,水库,1536111712,109.3088693,22.953297,未记录,True,3451
WS094,1,1,212,,水库,1536111712,109.30893,22.9532272,未记录,True,3452
WS094,1,1,213,,水库,1536111712,109.3090134,22.9531573,未记录,True,3453
WS094,1,1,214,,水库,1536111712,109.3090893,22.9530875,未记录,True,3454
WS094,1,1,215,,水库,1536111712,109.3091424,22.9530036,未记录,True,3455
WS094,1,1,216,,水库,1536111712,109.3091955,22.9529058,未记录,True,3456
WS094,1,1,217,,水库,1536111712,109.3092258,22.952815,未记录,True,3457
WS094,1,1,218,,水库,1536111712,109.3092562,22.9527102,未记录,True,3458
WS094,1,1,219,,水库,1536111712,109.309332,22.9526404,未记录,True,3459
WS094,1,1,220,,水库,1536111712,109.3094231,22.9525286,未记录,True,3460
WS094,1,1,221,,水库,1536111712,109.3095293,22.9524867,未记录,True,3461
WS094,1,1,222,,水库,1536111712,109.3096659,22.9524727,未记录,True,3462
WS094,1,1,223,,水库,1536111712,109.3097645,22.9524797,未记录,True,3463
WS094,1,1,224,,水库,1536111712,109.3098859,22.9525076,未记录,True,3464
WS094,1,1,225,,水库,1536111712,109.3099997,22.9525356,未记录,True,3465
WS094,1,1,226,,水库,1536111712,109.3100755,22.9525845,未记录,True,3466
WS094,1,1,227,,水库,1536111712,109.3101666,22.9526753,未记录,True,3467
WS094,1,1,228,,水库,1536111712,109.3102804,22.9527242,未记录,True,3468
WS094,1,1,229,,水库,1536111712,109.3103183,22.9526474,未记录,True,3469
WS094,1,1,230,,水库,1536111712,109.3103031,22.9525565,未记录,True,3470
WS094,1,1,231,,水库,1536111712,109.3103031,22.9524518,未记录,True,3471
WS094,1,1,232,,水库,1536111712,109.310379,22.9523959,未记录,True,3472
WS094,1,1,233,,水库,1536111712,109.310341,22.952312,未记录,True,3473
WS094,1,1,234,,水库,1536111712,109.3102272,22.952312,未记录,True,3474
WS094,1,1,235,,水库,1536111712,109.3101286,22.9523051,未记录,True,3475
WS094,1,1,236,,水库,1536111712,109.3100148,22.9522911,未记录,True,3476
WS094,1,1,237,,水库,1536111712,109.309939,22.9522422,未记录,True,3477
WS094,1,1,238,,水库,1536111712,109.3098328,22.9522073,未记录,True,3478
WS094,1,1,239,,水库,1536111712,109.309719,22.9521723,未记录,True,3479
WS094,1,1,240,,水库,1536111712,109.3096203,22.9521374,未记录,True,3480
WS094,1,1,241,,水库,1536111712,109.3095065,22.9521095,未记录,True,3481
WS094,1,1,242,,水库,1536111712,109.3094307,22.9520606,未记录,True,3482
WS094,1,1,243,,水库,1536111712,109.3093624,22.9519907,未记录,True,3483
WS094,1,1,244,,水库,1536111712,109.3093017,22.9519069,未记录,True,3484
WS094,1,1,245,,水库,1536111712,109.3092486,22.9517392,未记录,True,3485
WS094,1,1,246,,水库,1536111712,109.309332,22.9513899,未记录,True,3486
WS094,1,1,247,,水库,1536111712,109.3093776,22.9512991,未记录,True,3487
WS094,1,1,248,,水库,1536111712,109.3094458,22.9512013,未记录,True,3488
WS094,1,1,249,,水库,1536111712,109.3094458,22.9511175,未记录,True,3489
WS094,1,1,250,,水库,1536111712,109.3094458,22.9509638,未记录,True,3490
WS094,1,1,251,,水库,1536111712,109.3094155,22.950873,未记录,True,3491
WS094,1,1,252,,水库,1536111712,109.3093852,22.9507821,未记录,True,3492
WS094,1,1,253,,水库,1536111712,109.30937,22.9506983,未记录,True,3493
WS094,1,1,254,,水库,1536111712,109.3093624,22.9506075,未记录,True,3494
WS094,1,1,255,,水库,1536111712,109.3093624,22.9504748,未记录,True,3495
WS094,1,1,256,,水库,1536111712,109.3093624,22.950356,未记录,True,3496
WS094,1,1,257,,水库,1536111712,109.3093624,22.9502233,未记录,True,3497
WS094,1,1,258,,水库,1536111712,109.30937,22.9501394,未记录,True,3498
WS094,1,1,259,,水库,1536111712,109.3093852,22.9500486,未记录,True,3499
WS094,1,1,260,,水库,1536111712,109.3093852,22.9499578,未记录,True,3500
WS094,1,1,261,,水库,1536111712,109.3093852,22.949867,未记录,True,3501
WS094,1,1,262,,水库,1536111712,109.3093776,22.9497412,未记录,True,3502
WS094,1,1,263,,水库,1536111712,109.3094231,22.9496225,未记录,True,3503
WS094,1,1,264,,水库,1536111712,109.3094383,22.9495177,未记录,True,3504
WS094,1,1,265,,水库,1536111712,109.3094383,22.9493989,未记录,True,3505
WS094,1,1,266,,水库,1536111712,109.3094989,22.9492732,未记录,True,3506
WS094,1,1,267,,水库,1536111712,109.3096203,22.9492243,未记录,True,3507
WS094,1,1,268,,水库,1536111712,109.309719,22.9491893,未记录,True,3508
WS094,1,1,269,,水库,1536111712,109.3098555,22.9491265,未记录,True,3509
WS094,1,1,270,,水库,1536111712,109.3099997,22.9491265,未记录,True,3510
WS094,1,1,271,,水库,1536111712,109.3101059,22.9491404,未记录,True,3511
WS094,1,1,272,,水库,1536111712,109.310159,22.9492173,未记录,True,3512
WS094,1,1,273,,水库,1536111712,109.3102121,22.9493221,未记录,True,3513
WS094,1,1,274,,水库,1536111712,109.3103031,22.9493919,未记录,True,3514
WS094,1,1,275,,水库,1536111712,109.3104321,22.9494897,未记录,True,3515
WS094,1,1,276,,水库,1536111712,109.3104928,22.9495875,未记录,True,3516
WS094,1,1,277,,水库,1536111712,109.3105155,22.9496993,未记录,True,3517
WS094,1,1,278,,水库,1536111712,109.3105459,22.9497832,未记录,True,3518
WS094,1,1,279,,水库,1536111712,109.3106217,22.9499159,未记录,True,3519
WS094,1,1,280,,水库,1536111712,109.3106521,22.9499997,未记录,True,3520
WS094,1,1,281,,水库,1536111712,109.31069,22.9500766,未记录,True,3521
WS094,1,1,282,,水库,1536111712,109.3107431,22.9501464,未记录,True,3522
WS094,1,1,283,,水库,1536111712,109.3108038,22.9502512,未记录,True,3523
WS094,1,1,284,,水库,1536111712,109.3108721,22.9503211,未记录,True,3524
WS094,1,1,285,,水库,1536111712,109.3109555,22.9503909,未记录,True,3525
WS094,1,1,286,,水库,1536111712,109.3110618,22.9504468,未记录,True,3526
WS094,1,1,287,,水库,1536111712,109.3111452,22.9504887,未记录,True,3527
WS094,1,1,288,,水库,1536111712,109.3112514,22.9505306,未记录,True,3528
WS094,1,1,289,,水库,1536111712,109.3113728,22.9505795,未记录,True,3529
WS094,1,1,290,,水库,1536111712,109.3114562,22.9506215,未记录,True,3530
WS094,1,1,291,,水库,1536111712,109.3115473,22.9506843,未记录,True,3531
WS094,1,1,292,,水库,1536111712,109.3116156,22.9507821,未记录,True,3532
WS094,1,1,293,,水库,1536111712,109.3116838,22.950845,未记录,True,3533
WS094,1,1,294,,水库,1536111712,109.3117976,22.9508171,未记录,True,3534
WS094,1,1,295,,水库,1536111712,109.3117976,22.9507332,未记录,True,3535
WS094,1,1,296,,水库,1536111712,109.3118963,22.9506215,未记录,True,3536
WS094,1,1,297,,水库,1536111712,109.3119873,22.9506494,未记录,True,3537
WS094,1,1,298,,水库,1536111712,109.3121163,22.9507123,未记录,True,3538
WS094,1,1,299,,水库,1536111712,109.3122301,22.9507752,未记录,True,3539
WS094,1,1,300,,水库,1536111712,109.3123135,22.9508171,未记录,True,3540
WS094,1,1,301,,水库,1536111712,109.3124577,22.950866,未记录,True,3541
WS094,1,1,302,,水库,1536111712,109.3125563,22.9508939,未记录,True,3542
WS094,1,1,303,,水库,1536111712,109.3126853,22.950859,未记录,True,3543
WS094,1,1,304,,水库,1536111712,109.3126321,22.9507752,未记录,True,3544
WS094,1,1,305,,水库,1536111712,109.3125411,22.9507123,未记录,True,3545
WS094,1,1,306,,水库,1536111712,109.312397,22.9506913,未记录,True,3546
WS094,1,1,307,,水库,1536111712,109.3122377,22.9506494,未记录,True,3547
WS094,1,1,308,,水库,1536111712,109.3121163,22.9505935,未记录,True,3548
WS094,1,1,309,,水库,1536111712,109.3120328,22.9505376,未记录,True,3549
WS094,1,1,310,,水库,1536111712,109.3119342,22.9504748,未记录,True,3550
WS094,1,1,311,,水库,1536111712,109.3118204,22.9504259,未记录,True,3551
WS094,1,1,312,,水库,1536111712,109.3117218,22.9503839,未记录,True,3552
WS094,1,1,313,,水库,1536111712,109.3116307,22.950349,未记录,True,3553
WS094,1,1,314,,水库,1536111712,109.3115018,22.9503071,未记录,True,3554
WS094,1,1,315,,水库,1536111712,109.3114031,22.9502652,未记录,True,3555
WS094,1,1,316,,水库,1536111712,109.3112666,22.9502233,未记录,True,3556
WS094,1,1,317,,水库,1536111712,109.311168,22.9501953,未记录,True,3557
WS094,1,1,318,,水库,1536111712,109.3110845,22.9501534,未记录,True,3558
WS094,1,1,319,,水库,1536111712,109.3109859,22.9501045,未记录,True,3559
WS094,1,1,320,,水库,1536111712,109.31091,22.9500416,未记录,True,3560
WS094,1,1,321,,水库,1536111712,109.3108342,22.9499648,未记录,True,3561
WS094,1,1,322,,水库,1536111712,109.3107735,22.9498879,未记录,True,3562
WS094,1,1,323,,水库,1536111712,109.3107659,22.9498041,未记录,True,3563
WS094,1,1,324,,水库,1536111712,109.3107659,22.9497063,未记录,True,3564
WS094,1,1,325,,水库,1536111712,109.3107659,22.9496085,未记录,True,3565
WS094,1,1,326,,水库,1536111712,109.3107355,22.9495247,未记录,True,3566
WS094,1,1,327,,水库,1536111712,109.31069,22.9494269,未记录,True,3567
WS094,1,1,328,,水库,1536111712,109.3106369,22.94935,未记录,True,3568
WS094,1,1,329,,水库,1536111712,109.3105686,22.9492662,未记录,True,3569
WS094,1,1,330,,水库,1536111712,109.3105155,22.9491893,未记录,True,3570
WS094,1,1,331,,水库,1536111712,109.3105004,22.9490985,未记录,True,3571
WS094,1,1,332,,水库,1536111712,109.3105004,22.9490147,未记录,True,3572
WS094,1,1,333,,水库,1536111712,109.3105079,22.9489309,未记录,True,3573
WS094,1,1,334,,水库,1536111712,109.3105004,22.94884,未记录,True,3574
WS094,1,1,335,,水库,1536111712,109.3104169,22.9487911,未记录,True,3575
WS094,1,1,336,,水库,1536111712,109.3103031,22.9487492,未记录,True,3576
WS094,1,1,337,,水库,1536111712,109.3101969,22.9487283,未记录,True,3577
WS094,1,1,338,,水库,1536111712,109.31003,22.9487283,未记录,True,3578
WS094,1,1,339,,水库,1536111712,109.309939,22.9487213,未记录,True,3579
WS094,1,1,340,,水库,1536111712,109.3098479,22.9486724,未记录,True,3580
WS094,1,1,341,,水库,1536111712,109.3096583,22.9484768,未记录,True,3581
WS094,1,1,342,,水库,1536111712,109.3095748,22.948344,未记录,True,3582
WS094,1,1,343,,水库,1536111712,109.3096052,22.9482393,未记录,True,3583
WS094,1,1,344,,水库,1536111712,109.309681,22.9481834,未记录,True,3584
WS094,1,1,345,,水库,1536111712,109.3097493,22.9480856,未记录,True,3585
WS094,1,1,346,,水库,1536111712,109.3097948,22.9480087,未记录,True,3586
WS094,1,1,347,,水库,1536111712,109.3097948,22.9479179,未记录,True,3587
WS094,1,1,348,,水库,1536111712,109.3097948,22.9478201,未记录,True,3588
WS094,1,1,349,,水库,1536111712,109.3097569,22.9477432,未记录,True,3589
WS094,1,1,350,,水库,1536111712,109.3097645,22.9476454,未记录,True,3590
WS094,1,1,351,,水库,1536111712,109.3098403,22.9475965,未记录,True,3591
WS094,1,1,352,,水库,1536111712,109.3099541,22.9475686,未记录,True,3592
WS094,1,1,353,,水库,1536111712,109.3100755,22.9475616,未记录,True,3593
WS094,1,1,354,,水库,1536111712,109.3101817,22.9475686,未记录,True,3594
WS094,1,1,355,,水库,1536111712,109.3103107,22.9475686,未记录,True,3595
WS094,1,1,356,,水库,1536111712,109.3104093,22.9475337,未记录,True,3596
WS094,1,1,357,,水库,1536111712,109.3104245,22.9474359,未记录,True,3597
WS094,1,1,358,,水库,1536111712,109.3103714,22.9473311,未记录,True,3598
WS094,1,1,359,,水库,1536111712,109.3103107,22.9472542,未记录,True,3599
WS094,1,1,360,,水库,1536111712,109.3102576,22.9471634,未记录,True,3600
WS094,1,1,361,,水库,1536111712,109.3102272,22.9470796,未记录,True,3601
WS094,1,1,362,,水库,1536111712,109.3102197,22.9469748,未记录,True,3602
WS094,1,1,363,,水库,1536111712,109.3102576,22.946863,未记录,True,3603
WS094,1,1,364,,水库,1536111712,109.3103562,22.9468001,未记录,True,3604
WS094,1,1,365,,水库,1536111712,109.3104624,22.9467652,未记录,True,3605
WS094,1,1,366,,水库,1536111712,109.3105535,22.9467163,未记录,True,3606
WS094,1,1,367,,水库,1536111712,109.3106369,22.9466744,未记录,True,3607
WS094,1,1,368,,水库,1536111712,109.3106976,22.9466115,未记录,True,3608
WS094,1,1,369,,水库,1536111712,109.3107659,22.9465416,未记录,True,3609
WS094,1,1,370,,水库,1536111712,109.3108493,22.9464299,未记录,True,3610
WS094,1,1,371,,水库,1536111712,109.3109631,22.9464089,未记录,True,3611
WS094,1,1,372,,水库,1536111712,109.3110693,22.9464089,未记录,True,3612
WS094,1,1,373,,水库,1536111712,109.3111907,22.9464299,未记录,True,3613
WS094,1,1,374,,水库,1536111712,109.3112969,22.9464508,未记录,True,3614
WS094,1,1,375,,水库,1536111712,109.3114183,22.9464857,未记录,True,3615
WS094,1,1,376,,水库,1536111712,109.3114562,22.9465766,未记录,True,3616
WS094,1,1,377,,水库,1536111712,109.3115321,22.9466674,未记录,True,3617
WS094,1,1,378,,水库,1536111712,109.3115625,22.9467512,未记录,True,3618
WS094,1,1,379,,水库,1536111712,109.3115928,22.9468351,未记录,True,3619
WS094,1,1,380,,水库,1536111712,109.3116535,22.9469398,未记录,True,3620
WS094,1,1,381,,水库,1536111712,109.3117218,22.9470097,未记录,True,3621
WS094,1,1,382,,水库,1536111712,109.3117825,22.9470866,未记录,True,3622
WS094,1,1,383,,水库,1536111712,109.3118507,22.9471634,未记录,True,3623
WS094,1,1,384,,水库,1536111712,109.3119038,22.9472682,未记录,True,3624
WS094,1,1,385,,水库,1536111712,109.3119494,22.947373,未记录,True,3625
WS094,1,1,386,,水库,1536111712,109.3120404,22.9475197,未记录,True,3626
WS094,1,1,387,,水库,1536111712,109.3121845,22.9475406,未记录,True,3627
WS094,1,1,388,,水库,1536111712,109.3121845,22.9474428,未记录,True,3628
WS094,1,1,389,,水库,1536111712,109.312177,22.947359,未记录,True,3629
WS094,1,1,390,,水库,1536111712,109.3121542,22.9472682,未记录,True,3630
WS094,1,1,391,,水库,1536111712,109.3121239,22.9471564,未记录,True,3631
WS094,1,1,392,,水库,1536111712,109.3120935,22.9470726,未记录,True,3632
WS094,1,1,393,,水库,1536111712,109.3120328,22.9469608,未记录,True,3633
WS094,1,1,394,,水库,1536111712,109.3120328,22.9468141,未记录,True,3634
WS094,1,1,395,,水库,1536111712,109.3120556,22.9467233,未记录,True,3635
WS094,1,1,396,,水库,1536111712,109.3120707,22.9466325,未记录,True,3636
WS094,1,1,397,,水库,1536111712,109.3120252,22.9465137,未记录,True,3637
WS094,1,1,398,,水库,1536111712,109.3119494,22.9464508,未记录,True,3638
WS094,1,1,399,,水库,1536111712,109.3118811,22.9463949,未记录,True,3639
WS094,1,1,400,,水库,1536111712,109.3118507,22.9463111,未记录,True,3640
WS094,1,1,401,,水库,1536111712,109.3118963,22.9462063,未记录,True,3641
WS094,1,1,402,,水库,1536111712,109.3119645,22.9461295,未记录,True,3642
WS094,1,1,403,,水库,1536111712,109.3120859,22.9460596,未记录,True,3643
WS094,1,1,404,,水库,1536111712,109.312177,22.9460316,未记录,True,3644
WS094,1,1,405,,水库,1536111712,109.3123059,22.9460177,未记录,True,3645
WS094,1,1,406,,水库,1536111712,109.3124121,22.9460037,未记录,True,3646
WS094,1,1,407,,水库,1536111712,109.3125183,22.9459758,未记录,True,3647
WS094,1,1,408,,水库,1536111712,109.3126094,22.9459548,未记录,True,3648
WS094,1,1,409,,水库,1536111712,109.3126928,22.9459129,未记录,True,3649
WS094,1,1,410,,水库,1536111712,109.3127839,22.945871,未记录,True,3650
WS094,1,1,411,,水库,1536111712,109.3129053,22.9458291,未记录,True,3651
WS094,1,1,412,,水库,1536111712,109.3130039,22.9458081,未记录,True,3652
WS094,1,1,413,,水库,1536111712,109.3130494,22.9457243,未记录,True,3653
WS094,1,1,414,,水库,1536111712,109.3129508,22.9457382,未记录,True,3654
WS094,1,1,415,,水库,1536111712,109.3128218,22.9457592,未记录,True,3655
WS094,1,1,416,,水库,1536111712,109.3126701,22.9457871,未记录,True,3656
WS094,1,1,417,,水库,1536111712,109.3125032,22.9458011,未记录,True,3657
WS094,1,1,418,,水库,1536111712,109.3123666,22.9458011,未记录,True,3658
WS094,1,1,419,,水库,1536111712,109.3122377,22.9458011,未记录,True,3659
WS094,1,1,420,,水库,1536111712,109.3120935,22.9457941,未记录,True,3660
WS094,1,1,421,,水库,1536111712,109.3119494,22.9457592,未记录,True,3661
WS094,1,1,422,,水库,1536111712,109.3118432,22.9456893,未记录,True,3662
WS094,1,1,423,,水库,1536111712,109.3117901,22.9456195,未记录,True,3663
WS094,1,1,424,,水库,1536111712,109.3117218,22.9455286,未记录,True,3664
WS094,1,1,425,,水库,1536111712,109.3116687,22.9454099,未记录,True,3665
WS094,1,1,426,,水库,1536111712,109.3116611,22.9453191,未记录,True,3666
WS094,1,1,427,,水库,1536111712,109.3116687,22.9452003,未记录,True,3667
WS094,1,1,428,,水库,1536111712,109.3116687,22.9451025,未记录,True,3668
WS094,1,1,429,,水库,1536111712,109.3117749,22.9447182,未记录,True,3669
WS094,1,1,430,,水库,1536111712,109.3117339,22.9444866,未记录,True,3670
WS094,1,1,431,,水库,1536111712,109.3111278,22.9445512,未记录,True,3671
WS095,1,1,1,六蓝水库,水库,7169504,109.2454344,22.967778,六蓝水库,False,3672
WS095,1,1,2,六蓝水库,水库,7169504,109.2452842,22.9682818,六蓝水库,False,3673
WS095,1,1,3,六蓝水库,水库,7169504,109.2476231,22.9691313,六蓝水库,False,3674
WS095,1,1,4,六蓝水库,水库,7169504,109.2486101,22.9693289,六蓝水库,False,3675
WS095,1,1,5,六蓝水库,水库,7169504,109.2495972,22.9693486,六蓝水库,False,3676
WS095,1,1,6,六蓝水库,水库,7169504,109.2500263,22.9691708,六蓝水库,False,3677
WS095,1,1,7,六蓝水库,水库,7169504,109.251464,22.9683015,六蓝水库,False,3678
WS095,1,1,8,六蓝水库,水库,7169504,109.2517,22.9679459,六蓝水库,False,3679
WS095,1,1,9,六蓝水库,水库,7169504,109.2521721,22.9667013,六蓝水库,False,3680
WS095,1,1,10,六蓝水库,水库,7169504,109.2520863,22.965832,六蓝水库,False,3681
WS095,1,1,11,六蓝水库,水库,7169504,109.2512494,22.9642712,六蓝水库,False,3682
WS095,1,1,12,六蓝水库,水库,7169504,109.2512494,22.9634018,六蓝水库,False,3683
WS095,1,1,13,六蓝水库,水库,7169504,109.2516357,22.9631648,六蓝水库,False,3684
WS095,1,1,14,六蓝水库,水库,7169504,109.2521077,22.9632833,六蓝水库,False,3685
WS095,1,1,15,六蓝水库,水库,7169504,109.2533094,22.9641329,六蓝水库,False,3686
WS095,1,1,16,六蓝水库,水库,7169504,109.2536098,22.9644687,六蓝水库,False,3687
WS095,1,1,17,六蓝水库,水库,7169504,109.2539316,22.9651997,六蓝水库,False,3688
WS095,1,1,18,六蓝水库,水库,7169504,109.2543179,22.9655159,六蓝水库,False,3689
WS095,1,1,19,六蓝水库,水库,7169504,109.2552406,22.9653183,六蓝水库,False,3690
WS095,1,1,20,六蓝水库,水库,7169504,109.2556912,22.9651405,六蓝水库,False,3691
WS095,1,1,21,六蓝水库,水库,7169504,109.2556912,22.9647453,六蓝水库,False,3692
WS095,1,1,22,六蓝水库,水库,7169504,109.2554981,22.9643699,六蓝水库,False,3693
WS095,1,1,23,六蓝水库,水库,7169504,109.2542321,22.9642514,六蓝水库,False,3694
WS095,1,1,24,六蓝水库,水库,7169504,109.2538673,22.9640341,六蓝水库,False,3695
WS095,1,1,25,六蓝水库,水库,7169504,109.252966,22.9628882,六蓝水库,False,3696
WS095,1,1,26,六蓝水库,水库,7169504,109.2529446,22.962493,六蓝水库,False,3697
WS095,1,1,27,六蓝水库,水库,7169504,109.2533523,22.9615644,六蓝水库,False,3698
WS095,1,1,28,六蓝水库,水库,7169504,109.2539746,22.9604382,六蓝水库,False,3699
WS095,1,1,29,六蓝水库,水库,7169504,109.2543393,22.9601616,六蓝水库,False,3700
WS095,1,1,30,六蓝水库,水库,7169504,109.2550474,22.9607346,六蓝水库,False,3701
WS095,1,1,31,六蓝水库,水库,7169504,109.2554766,22.9608729,六蓝水库,False,3702
WS095,1,1,32,六蓝水库,水库,7169504,109.2563993,22.9608136,六蓝水库,False,3703
WS095,1,1,33,六蓝水库,水库,7169504,109.2557985,22.9597072,六蓝水库,False,3704
WS095,1,1,34,六蓝水库,水库,7169504,109.2554981,22.9594306,六蓝水库,False,3705
WS095,1,1,35,六蓝水库,水库,7169504,109.2550904,22.9592528,六蓝水库,False,3706
WS095,1,1,36,六蓝水库,水库,7169504,109.25376,22.9589761,六蓝水库,False,3707
WS095,1,1,37,六蓝水库,水库,7169504,109.2546827,22.957929,六蓝水库,False,3708
WS095,1,1,38,六蓝水库,水库,7169504,109.25479,22.9575141,六蓝水库,False,3709
WS095,1,1,39,六蓝水库,水库,7169504,109.254511,22.9572177,六蓝水库,False,3710
WS095,1,1,40,六蓝水库,水库,7169504,109.2536742,22.9570794,六蓝水库,False,3711
WS095,1,1,41,六蓝水库,水库,7169504,109.2530948,22.9567929,六蓝水库,False,3712
WS095,1,1,42,六蓝水库,水库,7169504,109.252891,22.9564372,六蓝水库,False,3713
WS095,1,1,43,六蓝水库,水库,7169504,109.2529016,22.9559038,六蓝水库,False,3714
WS095,1,1,44,六蓝水库,水库,7169504,109.2532772,22.955064,六蓝水库,False,3715
WS095,1,1,45,六蓝水库,水库,7169504,109.2535454,22.9546096,六蓝水库,False,3716
WS095,1,1,46,六蓝水库,水库,7169504,109.254055,22.9542737,六蓝水库,False,3717
WS095,1,1,47,六蓝水库,水库,7169504,109.2543125,22.9545997,六蓝水库,False,3718
WS095,1,1,48,六蓝水库,水库,7169504,109.2544091,22.9541058,六蓝水库,False,3719
WS095,1,1,49,六蓝水库,水库,7169504,109.2550474,22.9541453,六蓝水库,False,3720
WS095,1,1,50,六蓝水库,水库,7169504,109.2557019,22.9541255,六蓝水库,False,3721
WS095,1,1,51,六蓝水库,水库,7169504,109.2558414,22.954333,六蓝水库,False,3722
WS095,1,1,52,六蓝水库,水库,7169504,109.2554981,22.9546096,六蓝水库,False,3723
WS095,1,1,53,六蓝水库,水库,7169504,109.2553693,22.954985,六蓝水库,False,3724
WS095,1,1,54,六蓝水库,水库,7169504,109.2555195,22.9554394,六蓝水库,False,3725
WS095,1,1,55,六蓝水库,水库,7169504,109.2560989,22.9560717,六蓝水库,False,3726
WS095,1,1,56,六蓝水库,水库,7169504,109.2564851,22.9563286,六蓝水库,False,3727
WS095,1,1,57,六蓝水库,水库,7169504,109.257279,22.9556963,六蓝水库,False,3728
WS095,1,1,58,六蓝水库,水库,7169504,109.2581803,22.9558346,六蓝水库,False,3729
WS095,1,1,59,六蓝水库,水库,7169504,109.2591244,22.9557358,六蓝水库,False,3730
WS095,1,1,60,六蓝水库,水库,7169504,109.2600471,22.9554592,六蓝水库,False,3731
WS095,1,1,61,六蓝水库,水库,7169504,109.2608196,22.9549455,六蓝水库,False,3732
WS095,1,1,62,六蓝水库,水库,7169504,109.2612702,22.954906,六蓝水库,False,3733
WS095,1,1,63,六蓝水库,水库,7169504,109.2617208,22.9549455,六蓝水库,False,3734
WS095,1,1,64,六蓝水库,水库,7169504,109.2620641,22.9552616,六蓝水库,False,3735
WS095,1,1,65,六蓝水库,水库,7169504,109.2619568,22.9556568,六蓝水库,False,3736
WS095,1,1,66,六蓝水库,水库,7169504,109.2616779,22.9560124,六蓝水库,False,3737
WS095,1,1,67,六蓝水库,水库,7169504,109.2619139,22.9563878,六蓝水库,False,3738
WS095,1,1,68,六蓝水库,水库,7169504,109.2625147,22.9557753,六蓝水库,False,3739
WS095,1,1,69,六蓝水库,水库,7169504,109.2627722,22.9553802,六蓝水库,False,3740
WS095,1,1,70,六蓝水库,水库,7169504,109.2632657,22.9553011,六蓝水库,False,3741
WS095,1,1,71,六蓝水库,水库,7169504,109.2638665,22.9559729,六蓝水库,False,3742
WS095,1,1,72,六蓝水库,水库,7169504,109.2636412,22.9545503,六蓝水库,False,3743
WS095,1,1,73,六蓝水库,水库,7169504,109.2639899,22.9538292,六蓝水库,False,3744
WS095,1,1,74,六蓝水库,水库,7169504,109.2638504,22.9534043,六蓝水库,False,3745
WS095,1,1,75,六蓝水库,水库,7169504,109.2640811,22.9531277,六蓝水库,False,3746
WS095,1,1,76,六蓝水库,水库,7169504,109.2639524,22.9528313,六蓝水库,False,3747
WS095,1,1,77,六蓝水库,水库,7169504,109.2645103,22.9520706,六蓝水库,False,3748
WS095,1,1,78,六蓝水库,水库,7169504,109.2647678,22.9519422,六蓝水库,False,3749
WS095,1,1,79,六蓝水库,水库,7169504,109.2648965,22.9523966,六蓝水库,False,3750
WS095,1,1,80,六蓝水库,水库,7169504,109.2647034,22.9530684,六蓝水库,False,3751
WS095,1,1,81,六蓝水库,水库,7169504,109.2646819,22.9534636,六蓝水库,False,3752
WS095,1,1,82,六蓝水库,水库,7169504,109.2650574,22.9537105,六蓝水库,False,3753
WS095,1,1,83,六蓝水库,水库,7169504,109.2650521,22.9540761,六蓝水库,False,3754
WS095,1,1,84,六蓝水库,水库,7169504,109.2647463,22.9541947,六蓝水库,False,3755
WS095,1,1,85,六蓝水库,水库,7169504,109.2642635,22.954738,六蓝水库,False,3756
WS095,1,1,86,六蓝水库,水库,7169504,109.2651755,22.9545898,六蓝水库,False,3757
WS095,1,1,87,六蓝水库,水库,7169504,109.2655617,22.9547677,六蓝水库,False,3758
WS095,1,1,88,六蓝水库,水库,7169504,109.2657548,22.9551431,六蓝水库,False,3759
WS095,1,1,89,六蓝水库,水库,7169504,109.2659372,22.9556765,六蓝水库,False,3760
WS095,1,1,90,六蓝水库,水库,7169504,109.2661142,22.9557556,六蓝水库,False,3761
WS095,1,1,91,六蓝水库,水库,7169504,109.2664575,22.9556469,六蓝水库,False,3762
WS095,1,1,92,六蓝水库,水库,7169504,109.2667901,22.955726,六蓝水库,False,3763
WS095,1,1,93,六蓝水库,水库,7169504,109.2671978,22.9566349,六蓝水库,False,3764
WS095,1,1,94,六蓝水库,水库,7169504,109.2679167,22.957198,六蓝水库,False,3765
WS095,1,1,95,六蓝水库,水库,7169504,109.2678845,22.9574548,六蓝水库,False,3766
WS095,1,1,96,六蓝水库,水库,7169504,109.2680561,22.9578994,六蓝水库,False,3767
WS095,1,1,97,六蓝水库,水库,7169504,109.2683995,22.9575635,六蓝水库,False,3768
WS095,1,1,98,六蓝水库,水库,7169504,109.2685175,22.9573165,六蓝水库,False,3769
WS095,1,1,99,六蓝水库,水库,7169504,109.2688393,22.9568818,六蓝水库,False,3770
WS095,1,1,100,六蓝水库,水库,7169504,109.2682814,22.9570597,六蓝水库,False,3771
WS095,1,1,101,六蓝水库,水库,7169504,109.2675197,22.9566151,六蓝水库,False,3772
WS095,1,1,102,六蓝水库,水库,7169504,109.2671335,22.9559433,六蓝水库,False,3773
WS095,1,1,103,六蓝水库,水库,7169504,109.266876,22.9555185,六蓝水库,False,3774
WS095,1,1,104,六蓝水库,水库,7169504,109.2668223,22.9551431,六蓝水库,False,3775
WS095,1,1,105,六蓝水库,水库,7169504,109.2665058,22.954985,六蓝水库,False,3776
WS095,1,1,106,六蓝水库,水库,7169504,109.2662806,22.9547676,六蓝水库,False,3777
WS095,1,1,107,六蓝水库,水库,7169504,109.2661679,22.9541552,六蓝水库,False,3778
WS095,1,1,108,六蓝水库,水库,7169504,109.2657655,22.9541947,六蓝水库,False,3779
WS095,1,1,109,六蓝水库,水库,7169504,109.2656958,22.9536316,六蓝水库,False,3780
WS095,1,1,110,六蓝水库,水库,7169504,109.266066,22.9526041,六蓝水库,False,3781
WS095,1,1,111,六蓝水库,水库,7169504,109.2655939,22.9522978,六蓝水库,False,3782
WS095,1,1,112,六蓝水库,水库,7169504,109.2654115,22.9520014,六蓝水库,False,3783
WS095,1,1,113,六蓝水库,水库,7169504,109.2654973,22.9516063,六蓝水库,False,3784
WS095,1,1,114,六蓝水库,水库,7169504,109.2657548,22.9512704,六蓝水库,False,3785
WS095,1,1,115,六蓝水库,水库,7169504,109.2662269,22.9511123,六蓝水库,False,3786
WS095,1,1,116,六蓝水库,水库,7169504,109.2671496,22.9514087,六蓝水库,False,3787
WS095,1,1,117,六蓝水库,水库,7169504,109.2675144,22.9511518,六蓝水库,False,3788
WS095,1,1,118,六蓝水库,水库,7169504,109.2673856,22.9506381,六蓝水库,False,3789
WS095,1,1,119,六蓝水库,水库,7169504,109.2681152,22.9511716,六蓝水库,False,3790
WS095,1,1,120,六蓝水库,水库,7169504,109.2685443,22.9513691,六蓝水库,False,3791
WS095,1,1,121,六蓝水库,水库,7169504,109.2690378,22.9513889,六蓝水库,False,3792
WS095,1,1,122,六蓝水库,水库,7169504,109.2694885,22.9513099,六蓝水库,False,3793
WS095,1,1,123,六蓝水库,水库,7169504,109.2696816,22.9509344,六蓝水库,False,3794
WS095,1,1,124,六蓝水库,水库,7169504,109.2688233,22.9508357,六蓝水库,False,3795
WS095,1,1,125,六蓝水库,水库,7169504,109.2686516,22.9504602,六蓝水库,False,3796
WS095,1,1,126,六蓝水库,水库,7169504,109.2690593,22.9502034,六蓝水库,False,3797
WS095,1,1,127,六蓝水库,水库,7169504,109.2695314,22.9500453,六蓝水库,False,3798
WS095,1,1,128,六蓝水库,水库,7169504,109.2700034,22.9500255,六蓝水库,False,3799
WS095,1,1,129,六蓝水库,水库,7169504,109.270218,22.9496699,六蓝水库,False,3800
WS095,1,1,130,六蓝水库,水库,7169504,109.2698103,22.9494723,六蓝水库,False,3801
WS095,1,1,131,六蓝水库,水库,7169504,109.2693812,22.9495118,六蓝水库,False,3802
WS095,1,1,132,六蓝水库,水库,7169504,109.2686945,22.9499662,六蓝水库,False,3803
WS095,1,1,133,六蓝水库,水库,7169504,109.2682654,22.9498675,六蓝水库,False,3804
WS095,1,1,134,六蓝水库,水库,7169504,109.2683512,22.9494723,六蓝水库,False,3805
WS095,1,1,135,六蓝水库,水库,7169504,109.2686731,22.9491561,六蓝水库,False,3806
WS095,1,1,136,六蓝水库,水库,7169504,109.2688018,22.9483262,六蓝水库,False,3807
WS095,1,1,137,六蓝水库,水库,7169504,109.2689949,22.9478915,六蓝水库,False,3808
WS095,1,1,138,六蓝水库,水库,7169504,109.2692953,22.9475556,六蓝水库,False,3809
WS095,1,1,139,六蓝水库,水库,7169504,109.2696601,22.9473185,六蓝水库,False,3810
WS095,1,1,140,六蓝水库,水库,7169504,109.2701322,22.9473382,六蓝水库,False,3811
WS095,1,1,141,六蓝水库,水库,7169504,109.271248,22.9479706,六蓝水库,False,3812
WS095,1,1,142,六蓝水库,水库,7169504,109.2721707,22.9479706,六蓝水库,False,3813
WS095,1,1,143,六蓝水库,水库,7169504,109.2729861,22.9475161,六蓝水库,False,3814
WS095,1,1,144,六蓝水库,水库,7169504,109.2734367,22.9476742,六蓝水库,False,3815
WS095,1,1,145,六蓝水库,水库,7169504,109.2744023,22.9491364,六蓝水库,False,3816
WS095,1,1,146,六蓝水库,水库,7169504,109.2746598,22.9487609,六蓝水库,False,3817
WS095,1,1,147,六蓝水库,水库,7169504,109.2747241,22.9483262,六蓝水库,False,3818
WS095,1,1,148,六蓝水库,水库,7169504,109.2745739,22.9475161,六蓝水库,False,3819
WS095,1,1,149,六蓝水库,水库,7169504,109.2745954,22.9470814,六蓝水库,False,3820
WS095,1,1,150,六蓝水库,水库,7169504,109.2750031,22.9468047,六蓝水库,False,3821
WS095,1,1,151,六蓝水库,水库,7169504,109.2753464,22.9471011,六蓝水库,False,3822
WS095,1,1,152,六蓝水库,水库,7169504,109.2757756,22.9478915,六蓝水库,False,3823
WS095,1,1,153,六蓝水库,水库,7169504,109.276076,22.9487807,六蓝水库,False,3824
WS095,1,1,154,六蓝水库,水库,7169504,109.2761189,22.9496896,六蓝水库,False,3825
WS095,1,1,155,六蓝水库,水库,7169504,109.2762905,22.9501046,六蓝水库,False,3826
WS095,1,1,156,六蓝水库,水库,7169504,109.2764837,22.9497489,六蓝水库,False,3827
WS095,1,1,157,六蓝水库,水库,7169504,109.2766982,22.9488795,六蓝水库,False,3828
WS095,1,1,158,六蓝水库,水库,7169504,109.2767626,22.9480496,六蓝水库,False,3829
WS095,1,1,159,六蓝水库,水库,7169504,109.2764622,22.9472197,六蓝水库,False,3830
WS095,1,1,160,六蓝水库,水库,7169504,109.2761833,22.9469035,六蓝水库,False,3831
WS095,1,1,161,六蓝水库,水库,7169504,109.275797,22.9466862,六蓝水库,False,3832
WS095,1,1,162,六蓝水库,水库,7169504,109.2755824,22.9462712,六蓝水库,False,3833
WS095,1,1,163,六蓝水库,水库,7169504,109.2758185,22.9458958,六蓝水库,False,3834
WS095,1,1,164,六蓝水库,水库,7169504,109.2766982,22.9460144,六蓝水库,False,3835
WS095,1,1,165,六蓝水库,水库,7169504,109.2770845,22.9461922,六蓝水库,False,3836
WS095,1,1,166,六蓝水库,水库,7169504,109.2773634,22.9465479,六蓝水库,False,3837
WS095,1,1,167,六蓝水库,水库,7169504,109.2776424,22.9473975,六蓝水库,False,3838
WS095,1,1,168,六蓝水库,水库,7169504,109.2780715,22.9475754,六蓝水库,False,3839
WS095,1,1,169,六蓝水库,水库,7169504,109.2780286,22.9467455,六蓝水库,False,3840
WS095,1,1,170,六蓝水库,水库,7169504,109.2782432,22.9463898,六蓝水库,False,3841
WS095,1,1,171,六蓝水库,水库,7169504,109.2783934,22.9467652,六蓝水库,False,3842
WS095,1,1,172,六蓝水库,水库,7169504,109.2783719,22.9481089,六蓝水库,False,3843
WS095,1,1,173,六蓝水库,水库,7169504,109.2782432,22.9490968,六蓝水库,False,3844
WS095,1,1,174,六蓝水库,水库,7169504,109.2778784,22.9499662,六蓝水库,False,3845
WS095,1,1,175,六蓝水库,水库,7169504,109.2778569,22.950401,六蓝水库,False,3846
WS095,1,1,176,六蓝水库,水库,7169504,109.2780715,22.95212,六蓝水库,False,3847
WS095,1,1,177,六蓝水库,水库,7169504,109.2781574,22.9525152,六蓝水库,False,3848
WS095,1,1,178,六蓝水库,水库,7169504,109.2785651,22.953266,六蓝水库,False,3849
WS095,1,1,179,六蓝水库,水库,7169504,109.2789513,22.9534636,六蓝水库,False,3850
WS095,1,1,180,六蓝水库,水库,7169504,109.2794019,22.9534043,六蓝水库,False,3851
WS095,1,1,181,六蓝水库,水库,7169504,109.2790586,22.9531079,六蓝水库,False,3852
WS095,1,1,182,六蓝水库,水库,7169504,109.2788869,22.9527523,六蓝水库,False,3853
WS095,1,1,183,六蓝水库,水库,7169504,109.2788225,22.9514877,六蓝水库,False,3854
WS095,1,1,184,六蓝水库,水库,7169504,109.2791444,22.9498082,六蓝水库,False,3855
WS095,1,1,185,六蓝水库,水库,7169504,109.2795736,22.9490573,六蓝水库,False,3856
WS095,1,1,186,六蓝水库,水库,7169504,109.2803413,22.9482305,六蓝水库,False,3857
WS095,1,1,187,六蓝水库,水库,7169504,109.2808396,22.9476939,六蓝水库,False,3858
WS095,1,1,188,六蓝水库,水库,7169504,109.2812687,22.947437,六蓝水库,False,3859
WS095,1,1,189,六蓝水库,水库,7169504,109.2821485,22.9469431,六蓝水库,False,3860
WS095,1,1,190,六蓝水库,水库,7169504,109.283157,22.9468838,六蓝水库,False,3861
WS095,1,1,191,六蓝水库,水库,7169504,109.2836076,22.946785,六蓝水库,False,3862
WS095,1,1,192,六蓝水库,水库,7169504,109.2828566,22.9463503,六蓝水库,False,3863
WS095,1,1,193,六蓝水库,水库,7169504,109.2806035,22.9462317,六蓝水库,False,3864
WS095,1,1,194,六蓝水库,水库,7169504,109.2802388,22.9460341,六蓝水库,False,3865
WS095,1,1,195,六蓝水库,水库,7169504,109.2801315,22.945224,六蓝水库,False,3866
WS095,1,1,196,六蓝水库,水库,7169504,109.2794019,22.9445719,六蓝水库,False,3867
WS095,1,1,197,六蓝水库,水库,7169504,109.2789513,22.9444138,六蓝水库,False,3868
WS095,1,1,198,六蓝水库,水库,7169504,109.278093,22.944315,六蓝水库,False,3869
WS095,1,1,199,六蓝水库,水库,7169504,109.2776638,22.9441372,六蓝水库,False,3870
WS095,1,1,200,六蓝水库,水库,7169504,109.2773205,22.9438803,六蓝水库,False,3871
WS095,1,1,201,六蓝水库,水库,7169504,109.2768914,22.9438408,六蓝水库,False,3872
WS095,1,1,202,六蓝水库,水库,7169504,109.2761189,22.9441569,六蓝水库,False,3873
WS095,1,1,203,六蓝水库,水库,7169504,109.2756468,22.9440581,六蓝水库,False,3874
WS095,1,1,204,六蓝水库,水库,7169504,109.2754322,22.9437222,六蓝水库,False,3875
WS095,1,1,205,六蓝水库,水库,7169504,109.2750245,22.9436036,六蓝水库,False,3876
WS095,1,1,206,六蓝水库,水库,7169504,109.2746598,22.9438803,六蓝水库,False,3877
WS095,1,1,207,六蓝水库,水库,7169504,109.2745739,22.944315,六蓝水库,False,3878
WS095,1,1,208,六蓝水库,水库,7169504,109.2742306,22.9445719,六蓝水库,False,3879
WS095,1,1,209,六蓝水库,水库,7169504,109.2738444,22.9447892,六蓝水库,False,3880
WS095,1,1,210,六蓝水库,水库,7169504,109.2733938,22.944809,六蓝水库,False,3881
WS095,1,1,211,六蓝水库,水库,7169504,109.273029,22.9445521,六蓝水库,False,3882
WS095,1,1,212,六蓝水库,水库,7169504,109.2729646,22.9441569,六蓝水库,False,3883
WS095,1,1,213,六蓝水库,水库,7169504,109.2735654,22.9435048,六蓝水库,False,3884
WS095,1,1,214,六蓝水库,水库,7169504,109.2736083,22.9430899,六蓝水库,False,3885
WS095,1,1,215,六蓝水库,水库,7169504,109.2727715,22.943406,六蓝水库,False,3886
WS095,1,1,216,六蓝水库,水库,7169504,109.2723638,22.9433072,六蓝水库,False,3887
WS095,1,1,217,六蓝水库,水库,7169504,109.2721492,22.9436629,六蓝水库,False,3888
WS095,1,1,218,六蓝水库,水库,7169504,109.2722994,22.9440384,六蓝水库,False,3889
WS095,1,1,219,六蓝水库,水库,7169504,109.2719561,22.9443348,六蓝水库,False,3890
WS095,1,1,220,六蓝水库,水库,7169504,109.271012,22.9443348,六蓝水库,False,3891
WS095,1,1,221,六蓝水库,水库,7169504,109.2706043,22.9442755,六蓝水库,False,3892
WS095,1,1,222,六蓝水库,水库,7169504,109.2702609,22.9440581,六蓝水库,False,3893
WS095,1,1,223,六蓝水库,水库,7169504,109.2701107,22.943248,六蓝水库,False,3894
WS095,1,1,224,六蓝水库,水库,7169504,109.2697245,22.9430306,六蓝水库,False,3895
WS095,1,1,225,六蓝水库,水库,7169504,109.2687911,22.9428626,六蓝水库,False,3896
WS095,1,1,226,六蓝水库,水库,7169504,109.2677987,22.9428133,六蓝水库,False,3897
WS095,1,1,227,六蓝水库,水库,7169504,109.2669565,22.9424575,六蓝水库,False,3898
WS095,1,1,228,六蓝水库,水库,7169504,109.2667848,22.9420228,六蓝水库,False,3899
WS095,1,1,229,六蓝水库,水库,7169504,109.2674928,22.9418252,六蓝水库,False,3900
WS095,1,1,230,六蓝水库,水库,7169504,109.2682385,22.9422896,六蓝水库,False,3901
WS095,1,1,231,六蓝水库,水库,7169504,109.268716,22.9421019,六蓝水库,False,3902
WS095,1,1,232,六蓝水库,水库,7169504,109.269408,22.94226,六蓝水库,False,3903
WS095,1,1,233,六蓝水库,水库,7169504,109.2699498,22.9422204,六蓝水库,False,3904
WS095,1,1,234,六蓝水库,水库,7169504,109.2703253,22.9425168,六蓝水库,False,3905
WS095,1,1,235,六蓝水库,水库,7169504,109.2710764,22.9426551,六蓝水库,False,3906
WS095,1,1,236,六蓝水库,水库,7169504,109.2716128,22.9421809,六蓝水库,False,3907
WS095,1,1,237,六蓝水库,水库,7169504,109.2724925,22.9418055,六蓝水库,False,3908
WS095,1,1,238,六蓝水库,水库,7169504,109.2735869,22.9408965,六蓝水库,False,3909
WS095,1,1,239,六蓝水库,水库,7169504,109.2742092,22.9404914,六蓝水库,False,3910
WS095,1,1,240,六蓝水库,水库,7169504,109.2746704,22.940274,六蓝水库,False,3911
WS095,1,1,241,六蓝水库,水库,7169504,109.2759258,22.9405408,六蓝水库,False,3912
WS095,1,1,242,六蓝水库,水库,7169504,109.2762905,22.9403037,六蓝水库,False,3913
WS095,1,1,243,六蓝水库,水库,7169504,109.2748636,22.9400171,六蓝水库,False,3914
WS095,1,1,244,六蓝水库,水库,7169504,109.274134,22.9401159,六蓝水库,False,3915
WS095,1,1,245,六蓝水库,水库,7169504,109.2738354,22.9402458,六蓝水库,False,3916
WS095,1,1,246,六蓝水库,水库,7169504,109.2737478,22.9402839,六蓝水库,False,3917
WS095,1,1,247,六蓝水库,水库,7169504,109.2728573,22.9408174,六蓝水库,False,3918
WS095,1,1,248,六蓝水库,水库,7169504,109.2719346,22.9407384,六蓝水库,False,3919
WS095,1,1,249,六蓝水库,水库,7169504,109.2712266,22.9405605,六蓝水库,False,3920
WS095,1,1,250,六蓝水库,水库,7169504,109.2698747,22.9410348,六蓝水库,False,3921
WS095,1,1,251,六蓝水库,水库,7169504,109.2696387,22.9408174,六蓝水库,False,3922
WS095,1,1,252,六蓝水库,水库,7169504,109.2698962,22.9404815,六蓝水库,False,3923
WS095,1,1,253,六蓝水库,水库,7169504,109.2713338,22.9393551,六蓝水库,False,3924
WS095,1,1,254,六蓝水库,水库,7169504,109.2719775,22.9387228,六蓝水库,False,3925
WS095,1,1,255,六蓝水库,水库,7169504,109.2727715,22.9375964,六蓝水库,False,3926
WS095,1,1,256,六蓝水库,水库,7169504,109.2729431,22.937221,六蓝水库,False,3927
WS095,1,1,257,六蓝水库,水库,7169504,109.273029,22.9363712,六蓝水库,False,3928
WS095,1,1,258,六蓝水库,水库,7169504,109.2729646,22.9350275,六蓝水库,False,3929
WS095,1,1,259,六蓝水库,水库,7169504,109.2726642,22.9342568,六蓝水库,False,3930
WS095,1,1,260,六蓝水库,水库,7169504,109.2723638,22.9339406,六蓝水库,False,3931
WS095,1,1,261,六蓝水库,水库,7169504,109.2690808,22.9352251,六蓝水库,False,3932
WS095,1,1,262,六蓝水库,水库,7169504,109.2685658,22.9358574,六蓝水库,False,3933
WS095,1,1,263,六蓝水库,水库,7169504,109.2667794,22.9360156,六蓝水库,False,3934
WS095,1,1,264,六蓝水库,水库,7169504,109.2666078,22.9357488,六蓝水库,False,3935
WS095,1,1,265,六蓝水库,水库,7169504,109.2660231,22.9358476,六蓝水库,False,3936
WS095,1,1,266,六蓝水库,水库,7169504,109.265905,22.9361736,六蓝水库,False,3937
WS095,1,1,267,六蓝水库,水库,7169504,109.2658245,22.9368258,六蓝水库,False,3938
WS095,1,1,268,六蓝水库,水库,7169504,109.265551,22.9370827,六蓝水库,False,3939
WS095,1,1,269,六蓝水库,水库,7169504,109.2655081,22.9375865,六蓝水库,False,3940
WS095,1,1,270,六蓝水库,水库,7169504,109.2644942,22.9375471,六蓝水库,False,3941
WS095,1,1,271,六蓝水库,水库,7169504,109.2643654,22.9376656,六蓝水库,False,3942
WS095,1,1,272,六蓝水库,水库,7169504,109.2651325,22.9380114,六蓝水库,False,3943
WS095,1,1,273,六蓝水库,水库,7169504,109.2639094,22.9386537,六蓝水库,False,3944
WS095,1,1,274,六蓝水库,水库,7169504,109.263652,22.9388809,六蓝水库,False,3945
WS095,1,1,275,六蓝水库,水库,7169504,109.2624718,22.9394935,六蓝水库,False,3946
WS095,1,1,276,六蓝水库,水库,7169504,109.2619354,22.9401456,六蓝水库,False,3947
WS095,1,1,277,六蓝水库,水库,7169504,109.2616296,22.9404321,六蓝水库,False,3948
WS095,1,1,278,六蓝水库,水库,7169504,109.2616779,22.9409162,六蓝水库,False,3949
WS095,1,1,279,六蓝水库,水库,7169504,109.2604977,22.9414695,六蓝水库,False,3950
WS095,1,1,280,六蓝水库,水库,7169504,109.2608678,22.9417956,六蓝水库,False,3951
WS095,1,1,281,六蓝水库,水库,7169504,109.2605889,22.9420229,六蓝水库,False,3952
WS095,1,1,282,六蓝水库,水库,7169504,109.2608464,22.9422303,六蓝水库,False,3953
WS095,1,1,283,六蓝水库,水库,7169504,109.2602724,22.9427441,六蓝水库,False,3954
WS095,1,1,284,六蓝水库,水库,7169504,109.2597574,22.9432085,六蓝水库,False,3955
WS095,1,1,285,六蓝水库,水库,7169504,109.2587811,22.9434159,六蓝水库,False,3956
WS095,1,1,286,六蓝水库,水库,7169504,109.2586523,22.9436827,六蓝水库,False,3957
WS095,1,1,287,六蓝水库,水库,7169504,109.2591244,22.9437024,六蓝水库,False,3958
WS095,1,1,288,六蓝水库,水库,7169504,109.2597788,22.9435444,六蓝水库,False,3959
WS095,1,1,289,六蓝水库,水库,7169504,109.2602241,22.9431196,六蓝水库,False,3960
WS095,1,1,290,六蓝水库,水库,7169504,109.2610771,22.942833,六蓝水库,False,3961
WS095,1,1,291,六蓝水库,水库,7169504,109.2611736,22.9433566,六蓝水库,False,3962
WS095,1,1,292,六蓝水库,水库,7169504,109.2610717,22.9437618,六蓝水库,False,3963
WS095,1,1,293,六蓝水库,水库,7169504,109.2605835,22.9439791,六蓝水库,False,3964
WS095,1,1,294,六蓝水库,水库,7169504,109.2607981,22.9443545,六蓝水库,False,3965
WS095,1,1,295,六蓝水库,水库,7169504,109.2612273,22.9445126,六蓝水库,False,3966
WS095,1,1,296,六蓝水库,水库,7169504,109.2612273,22.9449276,六蓝水库,False,3967
WS095,1,1,297,六蓝水库,水库,7169504,109.2612004,22.9460045,六蓝水库,False,3968
WS095,1,1,298,六蓝水库,水库,7169504,109.2608196,22.9465676,六蓝水库,False,3969
WS095,1,1,299,六蓝水库,水库,7169504,109.2606908,22.9469628,六蓝水库,False,3970
WS095,1,1,300,六蓝水库,水库,7169504,109.2604119,22.9473185,六蓝水库,False,3971
WS095,1,1,301,六蓝水库,水库,7169504,109.2600471,22.9475556,六蓝水库,False,3972
WS095,1,1,302,六蓝水库,水库,7169504,109.259575,22.9476149,六蓝水库,False,3973
WS095,1,1,303,六蓝水库,水库,7169504,109.2587167,22.9475161,六蓝水库,False,3974
WS095,1,1,304,六蓝水库,水库,7169504,109.2577082,22.9475161,六蓝水库,False,3975
WS095,1,1,305,六蓝水库,水库,7169504,109.2573863,22.9478125,六蓝水库,False,3976
WS095,1,1,306,六蓝水库,水库,7169504,109.2578155,22.9479706,六蓝水库,False,3977
WS095,1,1,307,六蓝水库,水库,7169504,109.2588025,22.9479706,六蓝水库,False,3978
WS095,1,1,308,六蓝水库,水库,7169504,109.2597252,22.9480891,六蓝水库,False,3979
WS095,1,1,309,六蓝水库,水库,7169504,109.2601329,22.9483657,六蓝水库,False,3980
WS095,1,1,310,六蓝水库,水库,7169504,109.2581588,22.9493537,六蓝水库,False,3981
WS095,1,1,311,六蓝水库,水库,7169504,109.2577511,22.949413,六蓝水库,False,3982
WS095,1,1,312,六蓝水库,水库,7169504,109.256013,22.9493537,六蓝水库,False,3983
WS095,1,1,313,六蓝水库,水库,7169504,109.254747,22.9491956,六蓝水库,False,3984
WS095,1,1,314,六蓝水库,水库,7169504,109.2538244,22.9491956,六蓝水库,False,3985
WS095,1,1,315,六蓝水库,水库,7169504,109.2533523,22.9493142,六蓝水库,False,3986
WS095,1,1,316,六蓝水库,水库,7169504,109.2519361,22.9502429,六蓝水库,False,3987
WS095,1,1,317,六蓝水库,水库,7169504,109.2517859,22.9506776,六蓝水库,False,3988
WS095,1,1,318,六蓝水库,水库,7169504,109.2515498,22.9510332,六蓝水库,False,3989
WS095,1,1,319,六蓝水库,水库,7169504,109.2506915,22.9510332,六蓝水库,False,3990
WS095,1,1,320,六蓝水库,水库,7169504,109.2503193,22.9508633,六蓝水库,False,3991
WS095,1,1,321,六蓝水库,水库,7169504,109.2503268,22.9512506,六蓝水库,False,3992
WS095,1,1,322,六蓝水库,水库,7169504,109.2499083,22.9514087,六蓝水库,False,3993
WS095,1,1,323,六蓝水库,水库,7169504,109.2499191,22.9520311,六蓝水库,False,3994
WS095,1,1,324,六蓝水库,水库,7169504,109.2496133,22.9521793,六蓝水库,False,3995
WS095,1,1,325,六蓝水库,水库,7169504,109.2491305,22.9518829,六蓝水库,False,3996
WS095,1,1,326,六蓝水库,水库,7169504,109.2490017,22.9519718,六蓝水库,False,3997
WS095,1,1,327,六蓝水库,水库,7169504,109.2489856,22.9523077,六蓝水库,False,3998
WS095,1,1,328,六蓝水库,水库,7169504,109.2491627,22.9524954,六蓝水库,False,3999
WS095,1,1,329,六蓝水库,水库,7169504,109.2491895,22.9528708,六蓝水库,False,4000
WS095,1,1,330,六蓝水库,水库,7169504,109.2488891,22.953187,六蓝水库,False,4001
WS095,1,1,331,六蓝水库,水库,7169504,109.248299,22.9530881,六蓝水库,False,4002
WS095,1,1,332,六蓝水库,水库,7169504,109.2481381,22.9528115,六蓝水库,False,4003
WS095,1,1,333,六蓝水库,水库,7169504,109.247666,22.9528115,六蓝水库,False,4004
WS095,1,1,334,六蓝水库,水库,7169504,109.2472798,22.9525547,六蓝水库,False,4005
WS095,1,1,335,六蓝水库,水库,7169504,109.2471296,22.9521793,六蓝水库,False,4006
WS095,1,1,336,六蓝水库,水库,7169504,109.246679,22.9521793,六蓝水库,False,4007
WS095,1,1,337,六蓝水库,水库,7169504,109.2463142,22.9523769,六蓝水库,False,4008
WS095,1,1,338,六蓝水库,水库,7169504,109.2457563,22.9530091,六蓝水库,False,4009
WS095,1,1,339,六蓝水库,水库,7169504,109.2453915,22.953187,六蓝水库,False,4010
WS095,1,1,340,六蓝水库,水库,7169504,109.2445546,22.9534043,六蓝水库,False,4011
WS095,1,1,341,六蓝水库,水库,7169504,109.2443401,22.95376,六蓝水库,False,4012
WS095,1,1,342,六蓝水库,水库,7169504,109.2447478,22.953918,六蓝水库,False,4013
WS095,1,1,343,六蓝水库,水库,7169504,109.2452627,22.953918,六蓝水库,False,4014
WS095,1,1,344,六蓝水库,水库,7169504,109.2457563,22.95376,六蓝水库,False,4015
WS095,1,1,345,六蓝水库,水库,7169504,109.2460996,22.9534043,六蓝水库,False,4016
WS095,1,1,346,六蓝水库,水库,7169504,109.2465287,22.9532462,六蓝水库,False,4017
WS095,1,1,347,六蓝水库,水库,7169504,109.2474943,22.9532858,六蓝水库,False,4018
WS095,1,1,348,六蓝水库,水库,7169504,109.2480737,22.9539576,六蓝水库,False,4019
WS095,1,1,349,六蓝水库,水库,7169504,109.2485458,22.9540761,六蓝水库,False,4020
WS095,1,1,350,六蓝水库,水库,7169504,109.2486531,22.9544713,六蓝水库,False,4021
WS095,1,1,351,六蓝水库,水库,7169504,109.2474514,22.9549652,六蓝水库,False,4022
WS095,1,1,352,六蓝水库,水库,7169504,109.2465717,22.9551628,六蓝水库,False,4023
WS095,1,1,353,六蓝水库,水库,7169504,109.2456919,22.9551826,六蓝水库,False,4024
WS095,1,1,354,六蓝水库,水库,7169504,109.2451555,22.9558346,六蓝水库,False,4025
WS095,1,1,355,六蓝水库,水库,7169504,109.2447478,22.9565261,六蓝水库,False,4026
WS095,1,1,356,六蓝水库,水库,7169504,109.2434174,22.9567237,六蓝水库,False,4027
WS095,1,1,357,六蓝水库,水库,7169504,109.2437178,22.9570596,六蓝水库,False,4028
WS095,1,1,358,六蓝水库,水库,7169504,109.2447048,22.9572374,六蓝水库,False,4029
WS095,1,1,359,六蓝水库,水库,7169504,109.2451769,22.9572374,六蓝水库,False,4030
WS095,1,1,360,六蓝水库,水库,7169504,109.2451984,22.9576326,六蓝水库,False,4031
WS095,1,1,361,六蓝水库,水库,7169504,109.24537,22.958008,六蓝水库,False,4032
WS095,1,1,362,六蓝水库,水库,7169504,109.2458421,22.9586995,六蓝水库,False,4033
WS095,1,1,363,六蓝水库,水库,7169504,109.2462927,22.9587193,六蓝水库,False,4034
WS095,1,1,364,六蓝水库,水库,7169504,109.2468077,22.9586007,六蓝水库,False,4035
WS095,1,1,365,六蓝水库,水库,7169504,109.2472583,22.9587391,六蓝水库,False,4036
WS095,1,1,366,六蓝水库,水库,7169504,109.2482668,22.9597665,六蓝水库,False,4037
WS095,1,1,367,六蓝水库,水库,7169504,109.250434,22.9606753,六蓝水库,False,4038
WS095,1,1,368,六蓝水库,水库,7169504,109.2497259,22.9611297,六蓝水库,False,4039
WS095,1,1,369,六蓝水库,水库,7169504,109.249168,22.9617422,六蓝水库,False,4040
WS095,1,1,370,六蓝水库,水库,7169504,109.2486047,22.9620732,六蓝水库,False,4041
WS095,1,1,371,六蓝水库,水库,7169504,109.2482454,22.9624337,六蓝水库,False,4042
WS095,1,1,372,六蓝水库,水库,7169504,109.2481863,22.9627647,六蓝水库,False,4043
WS095,1,1,373,六蓝水库,水库,7169504,109.2477894,22.9631648,六蓝水库,False,4044
WS095,1,1,374,六蓝水库,水库,7169504,109.2473871,22.9630017,六蓝水库,False,4045
WS095,1,1,375,六蓝水库,水库,7169504,109.246974,22.9630364,六蓝水库,False,4046
WS095,1,1,376,六蓝水库,水库,7169504,109.2467701,22.9634858,六蓝水库,False,4047
WS095,1,1,377,六蓝水库,水库,7169504,109.2466038,22.9636241,六蓝水库,False,4048
WS095,1,1,378,六蓝水库,水库,7169504,109.2461693,22.9636686,六蓝水库,False,4049
WS095,1,1,379,六蓝水库,水库,7169504,109.2459923,22.9635006,六蓝水库,False,4050
WS095,1,1,380,六蓝水库,水库,7169504,109.2460996,22.9631055,六蓝水库,False,4051
WS095,1,1,381,六蓝水库,水库,7169504,109.2464429,22.9627351,六蓝水库,False,4052
WS095,1,1,382,六蓝水库,水库,7169504,109.2468667,22.9625374,六蓝水库,False,4053
WS095,1,1,383,六蓝水库,水库,7169504,109.2468721,22.9623794,六蓝水库,False,4054
WS095,1,1,384,六蓝水库,水库,7169504,109.2466843,22.9622164,六蓝水库,False,4055
WS095,1,1,385,六蓝水库,水库,7169504,109.2463571,22.9621522,六蓝水库,False,4056
WS095,1,1,386,六蓝水库,水库,7169504,109.2458475,22.9623399,六蓝水库,False,4057
WS095,1,1,387,六蓝水库,水库,7169504,109.2453808,22.9623893,六蓝水库,False,4058
WS095,1,1,388,六蓝水库,水库,7169504,109.2452842,22.9624338,六蓝水库,False,4059
WS095,1,1,389,六蓝水库,水库,7169504,109.246062,22.9624881,六蓝水库,False,4060
WS095,1,1,390,六蓝水库,水库,7169504,109.2460352,22.9626313,六蓝水库,False,4061
WS095,1,1,391,六蓝水库,水库,7169504,109.2457777,22.9629672,六蓝水库,False,4062
WS095,1,1,392,六蓝水库,水库,7169504,109.2458045,22.9634858,六蓝水库,False,4063
WS095,1,1,393,六蓝水库,水库,7169504,109.2455471,22.9638069,六蓝水库,False,4064
WS095,1,1,394,六蓝水库,水库,7169504,109.245252,22.9638415,六蓝水库,False,4065
WS095,1,1,395,六蓝水库,水库,7169504,109.2454559,22.9641971,六蓝水库,False,4066
WS095,1,1,396,六蓝水库,水库,7169504,109.2454452,22.9646614,六蓝水库,False,4067
WS095,1,1,397,六蓝水库,水库,7169504,109.2455632,22.9650319,六蓝水库,False,4068
WS095,1,1,398,六蓝水库,水库,7169504,109.2459065,22.9651997,六蓝水库,False,4069
WS095,1,1,399,六蓝水库,水库,7169504,109.2464215,22.9651207,六蓝水库,False,4070
WS095,1,1,400,六蓝水库,水库,7169504,109.2466897,22.9652294,六蓝水库,False,4071
WS095,1,1,401,六蓝水库,水库,7169504,109.2468077,22.9649528,六蓝水库,False,4072
WS095,1,1,402,六蓝水库,水库,7169504,109.2470491,22.9648194,六蓝水库,False,4073
WS095,1,1,403,六蓝水库,水库,7169504,109.2471939,22.96437,六蓝水库,False,4074
WS095,1,1,404,六蓝水库,水库,7169504,109.247151,22.9638958,六蓝水库,False,4075
WS095,1,1,405,六蓝水库,水库,7169504,109.2474407,22.9635352,六蓝水库,False,4076
WS095,1,1,406,六蓝水库,水库,7169504,109.2480093,22.963718,六蓝水库,False,4077
WS095,1,1,407,六蓝水库,水库,7169504,109.2484009,22.9635254,六蓝水库,False,4078
WS095,1,1,408,六蓝水库,水库,7169504,109.2488408,22.9640637,六蓝水库,False,4079
WS095,1,1,409,六蓝水库,水库,7169504,109.248932,22.9646465,六蓝水库,False,4080
WS095,1,1,410,六蓝水库,水库,7169504,109.2489964,22.9650614,六蓝水库,False,4081
WS095,1,1,411,六蓝水库,水库,7169504,109.2488033,22.9658715,六蓝水库,False,4082
WS095,1,1,412,六蓝水库,水库,7169504,109.2483312,22.9666222,六蓝水库,False,4083
WS095,1,1,413,六蓝水库,水库,7169504,109.2480093,22.9669186,六蓝水库,False,4084
WS095,1,1,414,六蓝水库,水库,7169504,109.2476714,22.9672495,六蓝水库,False,4085
WS095,1,1,415,六蓝水库,水库,7169504,109.2471939,22.9668593,六蓝水库,False,4086
WS095,1,1,416,六蓝水库,水库,7169504,109.2467594,22.9665334,六蓝水库,False,4087
WS095,1,1,417,六蓝水库,水库,7169504,109.246046,22.9662913,六蓝水库,False,4088
WS095,1,1,418,六蓝水库,水库,7169504,109.2451072,22.965748,六蓝水库,False,4089
WS095,1,1,419,六蓝水库,水库,7169504,109.2444634,22.9657875,六蓝水库,False,4090
WS095,1,1,420,六蓝水库,水库,7169504,109.2435944,22.9660789,六蓝水库,False,4091
WS095,1,1,421,六蓝水库,水库,7169504,109.2429131,22.9659603,六蓝水库,False,4092
WS095,1,1,422,六蓝水库,水库,7169504,109.2426449,22.9660888,六蓝水库,False,4093
WS095,1,1,423,六蓝水库,水库,7169504,109.2419583,22.9666025,六蓝水库,False,4094
WS095,1,1,424,六蓝水库,水库,7169504,109.2414647,22.9673137,六蓝水库,False,4095
WS095,1,1,425,六蓝水库,水库,7169504,109.2408425,22.9680447,六蓝水库,False,4096
WS095,1,1,426,六蓝水库,水库,7169504,109.2401558,22.9686572,六蓝水库,False,4097
WS095,1,1,427,六蓝水库,水库,7169504,109.2393619,22.9696845,六蓝水库,False,4098
WS095,1,1,428,六蓝水库,水库,7169504,109.2391902,22.9700401,六蓝水库,False,4099
WS095,1,1,429,六蓝水库,水库,7169504,109.2391688,22.971265,六蓝水库,False,4100
WS095,1,1,430,六蓝水库,水库,7169504,109.2388898,22.9715811,六蓝水库,False,4101
WS095,1,1,431,六蓝水库,水库,7169504,109.2381656,22.9718676,六蓝水库,False,4102
WS095,1,1,432,六蓝水库,水库,7169504,109.237833,22.9718133,六蓝水库,False,4103
WS095,1,1,433,六蓝水库,水库,7169504,109.2375594,22.9714675,六蓝水库,False,4104
WS095,1,1,434,六蓝水库,水库,7169504,109.2372644,22.9713292,六蓝水库,False,4105
WS095,1,1,435,六蓝水库,水库,7169504,109.237023,22.9708847,六蓝水库,False,4106
WS095,1,1,436,六蓝水库,水库,7169504,109.2365456,22.9707612,六蓝水库,False,4107
WS095,1,1,437,六蓝水库,水库,7169504,109.2359984,22.9706723,六蓝水库,False,4108
WS095,1,1,438,六蓝水库,水库,7169504,109.2356819,22.9703513,六蓝水库,False,4109
WS095,1,1,439,六蓝水库,水库,7169504,109.2355424,22.9700352,六蓝水库,False,4110
WS095,1,1,440,六蓝水库,水库,7169504,109.2350918,22.9697586,六蓝水库,False,4111
WS095,1,1,441,六蓝水库,水库,7169504,109.234727,22.9696549,六蓝水库,False,4112
WS095,1,1,442,六蓝水库,水库,7169504,109.2347109,22.9697734,六蓝水库,False,4113
WS095,1,1,443,六蓝水库,水库,7169504,109.2353064,22.9702624,六蓝水库,False,4114
WS095,1,1,444,六蓝水库,水库,7169504,109.2351615,22.9704007,六蓝水库,False,4115
WS095,1,1,445,六蓝水库,水库,7169504,109.2343247,22.9705291,六蓝水库,False,4116
WS095,1,1,446,六蓝水库,水库,7169504,109.2337829,22.9702575,六蓝水库,False,4117
WS095,1,1,447,六蓝水库,水库,7169504,109.2337561,22.9703711,六蓝水库,False,4118
WS095,1,1,448,六蓝水库,水库,7169504,109.233858,22.9705637,六蓝水库,False,4119
WS095,1,1,449,六蓝水库,水库,7169504,109.2337078,22.9709341,六蓝水库,False,4120
WS095,1,1,450,六蓝水库,水库,7169504,109.2340028,22.9711218,六蓝水库,False,4121
WS095,1,1,451,六蓝水库,水库,7169504,109.2342335,22.9718972,六蓝水库,False,4122
WS095,1,1,452,六蓝水库,水库,7169504,109.2344427,22.9721294,六蓝水库,False,4123
WS095,1,1,453,六蓝水库,水库,7169504,109.2342281,22.9725689,六蓝水库,False,4124
WS095,1,1,454,六蓝水库,水库,7169504,109.233638,22.9728109,六蓝水库,False,4125
WS095,1,1,455,六蓝水库,水库,7169504,109.2330426,22.9728011,六蓝水库,False,4126
WS095,1,1,456,六蓝水库,水库,7169504,109.2322326,22.9725936,六蓝水库,False,4127
WS095,1,1,457,六蓝水库,水库,7169504,109.231385,22.9725492,六蓝水库,False,4128
WS095,1,1,458,六蓝水库,水库,7169504,109.2307198,22.9723961,六蓝水库,False,4129
WS095,1,1,459,六蓝水库,水库,7169504,109.2301297,22.9721738,六蓝水库,False,4130
WS095,1,1,460,六蓝水库,水库,7169504,109.229899,22.9720405,六蓝水库,False,4131
WS095,1,1,461,六蓝水库,水库,7169504,109.2295933,22.9720898,六蓝水库,False,4132
WS095,1,1,462,六蓝水库,水库,7169504,109.2284238,22.9721689,六蓝水库,False,4133
WS095,1,1,463,六蓝水库,水库,7169504,109.2274153,22.9725195,六蓝水库,False,4134
WS095,1,1,464,六蓝水库,水库,7169504,109.2269325,22.9729443,六蓝水库,False,4135
WS095,1,1,465,六蓝水库,水库,7169504,109.2265838,22.973616,六蓝水库,False,4136
WS095,1,1,466,六蓝水库,水库,7169504,109.2268199,22.9741395,六蓝水库,False,4137
WS095,1,1,467,六蓝水库,水库,7169504,109.2274368,22.9746532,六蓝水库,False,4138
WS095,1,1,468,六蓝水库,水库,7169504,109.2274958,22.9749001,六蓝水库,False,4139
WS095,1,1,469,六蓝水库,水库,7169504,109.2267233,22.9758286,六蓝水库,False,4140
WS095,1,1,470,六蓝水库,水库,7169504,109.2259884,22.9763176,六蓝水库,False,4141
WS095,1,1,471,六蓝水库,水库,7169504,109.2274851,22.9756903,六蓝水库,False,4142
WS095,1,1,472,六蓝水库,水库,7169504,109.2278874,22.975152,六蓝水库,False,4143
WS095,1,1,473,六蓝水库,水库,7169504,109.2276192,22.9743766,六蓝水库,False,4144
WS095,1,1,474,六蓝水库,水库,7169504,109.2272061,22.974016,六蓝水库,False,4145
WS095,1,1,475,六蓝水库,水库,7169504,109.2270237,22.9735765,六蓝水库,False,4146
WS095,1,1,476,六蓝水库,水库,7169504,109.2270237,22.9733345,六蓝水库,False,4147
WS095,1,1,477,六蓝水库,水库,7169504,109.2276353,22.9727566,六蓝水库,False,4148
WS095,1,1,478,六蓝水库,水库,7169504,109.2286009,22.9725047,六蓝水库,False,4149
WS095,1,1,479,六蓝水库,水库,7169504,109.2299098,22.9724948,六蓝水库,False,4150
WS095,1,1,480,六蓝水库,水库,7169504,109.230575,22.9727319,六蓝水库,False,4151
WS095,1,1,481,六蓝水库,水库,7169504,109.2312294,22.9730529,六蓝水库,False,4152
WS095,1,1,482,六蓝水库,水库,7169504,109.2316639,22.9730678,六蓝水库,False,4153
WS095,1,1,483,六蓝水库,水库,7169504,109.2322648,22.9729887,六蓝水库,False,4154
WS095,1,1,484,六蓝水库,水库,7169504,109.2326403,22.9730875,六蓝水库,False,4155
WS095,1,1,485,六蓝水库,水库,7169504,109.2334449,22.9735271,六蓝水库,False,4156
WS095,1,1,486,六蓝水库,水库,7169504,109.2339599,22.9734678,六蓝水库,False,4157
WS095,1,1,487,六蓝水库,水库,7169504,109.2341798,22.9737691,六蓝水库,False,4158
WS095,1,1,488,六蓝水库,水库,7169504,109.2341638,22.9732604,六蓝水库,False,4159
WS095,1,1,489,六蓝水库,水库,7169504,109.2345768,22.9728455,六蓝水库,False,4160
WS095,1,1,490,六蓝水库,水库,7169504,109.2349201,22.972559,六蓝水库,False,4161
WS095,1,1,491,六蓝水库,水库,7169504,109.2349791,22.9720602,六蓝水库,False,4162
WS095,1,1,492,六蓝水库,水库,7169504,109.2346573,22.971507,六蓝水库,False,4163
WS095,1,1,493,六蓝水库,水库,7169504,109.2347056,22.9713243,六蓝水库,False,4164
WS095,1,1,494,六蓝水库,水库,7169504,109.2351776,22.9712305,六蓝水库,False,4165
WS095,1,1,495,六蓝水库,水库,7169504,109.2356658,22.9710675,六蓝水库,False,4166
WS095,1,1,496,六蓝水库,水库,7169504,109.2362183,22.97127,六蓝水库,False,4167
WS095,1,1,497,六蓝水库,水库,7169504,109.2375594,22.9723318,六蓝水库,False,4168
WS095,1,1,498,六蓝水库,水库,7169504,109.2383212,22.9726282,六蓝水库,False,4169
WS095,1,1,499,六蓝水库,水库,7169504,109.2392707,22.9724602,六蓝水库,False,4170
WS095,1,1,500,六蓝水库,水库,7169504,109.2405152,22.9718873,六蓝水库,False,4171
WS095,1,1,501,六蓝水库,水库,7169504,109.2410516,22.971176,六蓝水库,False,4172
WS095,1,1,502,六蓝水库,水库,7169504,109.2413574,22.9709834,六蓝水库,False,4173
WS095,1,1,503,六蓝水库,水库,7169504,109.2414433,22.9704995,六蓝水库,False,4174
WS095,1,1,504,六蓝水库,水库,7169504,109.2421621,22.9695265,六蓝水库,False,4175
WS095,1,1,505,六蓝水库,水库,7169504,109.2422051,22.9688202,六蓝水库,False,4176
WS095,1,1,506,六蓝水库,水库,7169504,109.2431062,22.9679509,六蓝水库,False,4177
WS095,1,1,507,六蓝水库,水库,7169504,109.2439485,22.9676595,六蓝水库,False,4178
WS095,1,1,508,六蓝水库,水库,7169504,109.2446834,22.9676298,六蓝水库,False,4179
WS095,1,1,509,六蓝水库,水库,7169504,109.2454344,22.967778,六蓝水库,False,4180
WS095,2,1,1,六蓝水库,水库,7169504,109.2473012,22.9568571,六蓝水库,False,4181
WS095,2,1,2,六蓝水库,水库,7169504,109.2481488,22.9585563,六蓝水库,False,4182
WS095,2,1,3,六蓝水库,水库,7169504,109.2491144,22.9590601,六蓝水库,False,4183
WS095,2,1,4,六蓝水库,水库,7169504,109.2503267,22.9593861,六蓝水库,False,4184
WS095,2,1,5,六蓝水库,水库,7169504,109.2524725,22.9596232,六蓝水库,False,4185
WS095,2,1,6,六蓝水库,水库,7169504,109.2529017,22.9593466,六蓝水库,False,4186
WS095,2,1,7,六蓝水库,水库,7169504,109.2536527,22.9583192,六蓝水库,False,4187
WS095,2,1,8,六蓝水库,水库,7169504,109.2536527,22.9578845,六蓝水库,False,4188
WS095,2,1,9,六蓝水库,水库,7169504,109.2534596,22.9573116,六蓝水库,False,4189
WS095,2,1,10,六蓝水库,水库,7169504,109.2529178,22.9571288,六蓝水库,False,4190
WS095,2,1,11,六蓝水库,水库,7169504,109.2521399,22.9572818,六蓝水库,False,4191
WS095,2,1,12,六蓝水库,水库,7169504,109.2519575,22.957272,六蓝水库,False,4192
WS095,2,1,13,六蓝水库,水库,7169504,109.251979,22.9556321,六蓝水库,False,4193
WS095,2,1,14,六蓝水库,水库,7169504,109.2502677,22.955726,六蓝水库,False,4194
WS095,2,1,15,六蓝水库,水库,7169504,109.249447,22.9557111,六蓝水库,False,4195
WS095,2,1,16,六蓝水库,水库,7169504,109.2490983,22.9562199,六蓝水库,False,4196
WS095,2,1,17,六蓝水库,水库,7169504,109.2482883,22.9565212,六蓝水库,False,4197
WS095,2,1,18,六蓝水库,水库,7169504,109.2473012,22.9568571,六蓝水库,False,4198
WS095,3,1,1,六蓝水库,水库,7169504,109.2499835,22.9532906,六蓝水库,False,4199
WS095,3,1,2,六蓝水库,水库,7169504,109.2503589,22.9533303,六蓝水库,False,4200
WS095,3,1,3,六蓝水库,水库,7169504,109.2508847,22.9530734,六蓝水库,False,4201
WS095,3,1,4,六蓝水库,水库,7169504,109.2510563,22.952767,六蓝水库,False,4202
WS095,3,1,5,六蓝水库,水库,7169504,109.2507559,22.9525596,六蓝水库,False,4203
WS095,3,1,6,六蓝水库,水库,7169504,109.250375,22.9527819,六蓝水库,False,4204
WS095,3,1,7,六蓝水库,水库,7169504,109.2500371,22.952935,六蓝水库,False,4205
WS095,3,1,8,六蓝水库,水库,7169504,109.2498761,22.9530832,六蓝水库,False,4206
WS095,3,1,9,六蓝水库,水库,7169504,109.2499835,22.9532906,六蓝水库,False,4207
WS095,4,1,1,六蓝水库,水库,7169504,109.2560989,22.9547232,六蓝水库,False,4208
WS095,4,1,2,六蓝水库,水库,7169504,109.2559701,22.9551776,六蓝水库,False,4209
WS095,4,1,3,六蓝水库,水库,7169504,109.256292,22.955474,六蓝水库,False,4210
WS095,4,1,4,六蓝水库,水库,7169504,109.2566568,22.9552369,六蓝水库,False,4211
WS095,4,1,5,六蓝水库,水库,7169504,109.2567426,22.954822,六蓝水库,False,4212
WS095,4,1,6,六蓝水库,水库,7169504,109.2560989,22.9547232,六蓝水库,False,4213
WS095,5,1,1,六蓝水库,水库,7169504,109.2605299,22.9513148,六蓝水库,False,4214
WS095,5,1,2,六蓝水库,水库,7169504,109.261018,22.9512012,六蓝水库,False,4215
WS095,5,1,3,六蓝水库,水库,7169504,109.2617905,22.9507962,六蓝水库,False,4216
WS095,5,1,4,六蓝水库,水库,7169504,109.2619139,22.9506331,六蓝水库,False,4217
WS095,5,1,5,六蓝水库,水库,7169504,109.2618012,22.9503417,六蓝水库,False,4218
WS095,5,1,6,六蓝水库,水库,7169504,109.2615491,22.9501589,六蓝水库,False,4219
WS095,5,1,7,六蓝水库,水库,7169504,109.2611092,22.9503565,六蓝水库,False,4220
WS095,5,1,8,六蓝水库,水库,7169504,109.2608249,22.9508061,六蓝水库,False,4221
WS095,5,1,9,六蓝水库,水库,7169504,109.2605835,22.9509789,六蓝水库,False,4222
WS095,5,1,10,六蓝水库,水库,7169504,109.2605299,22.9513148,六蓝水库,False,4223
WS095,6,1,1,六蓝水库,水库,7169504,109.2655832,22.9493686,六蓝水库,False,4224
WS095,6,1,2,六蓝水库,水库,7169504,109.2657655,22.9494476,六蓝水库,False,4225
WS095,6,1,3,六蓝水库,水库,7169504,109.2659909,22.9491611,六蓝水库,False,4226
WS095,6,1,4,六蓝水库,水库,7169504,109.2662269,22.9484497,六蓝水库,False,4227
WS095,6,1,5,六蓝水库,水库,7169504,109.2658192,22.9483015,六蓝水库,False,4228
WS095,6,1,6,六蓝水库,水库,7169504,109.2654544,22.9490326,六蓝水库,False,4229
WS095,6,1,7,六蓝水库,水库,7169504,109.2655832,22.9493686,六蓝水库,False,4230
