feature_id,vertex_index,name,category,osm_id,length_km,lon_deg,lat_deg,name_raw,name_missing,source_csv_row
WY001,1,镇龙江,河流,42367634,3.713,109.4093216,22.8741428,镇龙江,False,2
WY001,2,镇龙江,河流,42367634,3.713,109.4108236,22.8750918,镇龙江,False,3
WY001,3,镇龙江,河流,42367634,3.713,109.4135702,22.877306,镇龙江,False,4
WY001,4,镇龙江,河流,42367634,3.713,109.4147383,22.8780609,镇龙江,False,5
WY001,5,镇龙江,河流,42367634,3.713,109.4159735,22.8782549,镇龙江,False,6
WY001,6,镇龙江,河流,42367634,3.713,109.416437,22.8776697,镇龙江,False,7
WY001,7,镇龙江,河流,42367634,3.713,109.4163168,22.8771478,镇龙江,False,8
WY001,8,镇龙江,河流,42367634,3.713,109.4144285,22.8758826,镇龙江,False,9
WY001,9,镇龙江,河流,42367634,3.713,109.4137419,22.8746173,镇龙江,False,10
WY001,10,镇龙江,河流,42367634,3.713,109.4181708,22.869382,镇龙江,False,11
WY001,11,镇龙江,河流,42367634,3.713,109.4191149,22.8693425,镇龙江,False,12
WY001,12,镇龙江,河流,42367634,3.713,109.4209517,22.8703468,镇龙江,False,13
WY001,13,镇龙江,河流,42367634,3.713,109.4215268,22.8698011,镇龙江,False,14
WY001,14,镇龙江,河流,42367634,3.713,109.4215396,22.8690538,镇龙江,False,15
WY001,15,镇龙江,河流,42367634,3.713,109.4221705,22.8684962,镇龙江,False,16
WY001,16,镇龙江,河流,42367634,3.713,109.4247282,22.8657599,镇龙江,False,17
WY001,17,镇龙江,河流,42367634,3.713,109.4240416,22.8644946,镇龙江,False,18
WY001,18,镇龙江,河流,42367634,3.713,109.4219816,22.8632292,镇龙江,False,19
WY001,19,镇龙江,河流,42367634,3.713,109.4211473,22.8622239,镇龙江,False,20
WY001,20,镇龙江,河流,42367634,3.713,109.42098170831255,22.8615453,镇龙江,False,21
WY002,1,镇龙江,河流,42367634,0.645,109.42399683934514,22.8615453,镇龙江,False,22
WY002,2,镇龙江,河流,42367634,0.645,109.4241789,22.8625332,镇龙江,False,23
WY002,3,镇龙江,河流,42367634,0.645,109.4254149,22.8632608,镇龙江,False,24
WY002,4,镇龙江,河流,42367634,0.645,109.42865889497102,22.8615453,镇龙江,False,25
WY003,1,,河流,184470363,23.364,109.2578766,23.2069551,未记录,True,26
WY003,2,,河流,184470363,23.364,109.2593966,23.2059461,未记录,True,27
WY003,3,,河流,184470363,23.364,109.2610854,23.2058685,未记录,True,28
WY003,4,,河流,184470363,23.364,109.262141,23.204976,未记录,True,29
WY003,5,,河流,184470363,23.364,109.2624223,23.2044118,未记录,True,30
WY003,6,,河流,184470363,23.364,109.2626054,23.2040446,未记录,True,31
WY003,7,,河流,184470363,23.364,109.264801,23.2023759,未记录,True,32
WY003,8,,河流,184470363,23.364,109.2648432,23.2016386,未记录,True,33
WY003,9,,河流,184470363,23.364,109.2663632,23.1993877,未记录,True,34
WY003,10,,河流,184470363,23.364,109.2670388,23.198534,未记录,True,35
WY003,11,,河流,184470363,23.364,109.2690232,23.1983787,未记录,True,36
WY003,12,,河流,184470363,23.364,109.2700499,23.1963098,未记录,True,37
WY003,13,,河流,184470363,23.364,109.2706278,23.1950846,未记录,True,38
WY003,14,,河流,184470363,23.364,109.2711343,23.1928678,未记录,True,39
WY003,15,,河流,184470363,23.364,109.2715442,23.1925362,未记录,True,40
WY003,16,,河流,184470363,23.364,109.272399,23.192369,未记录,True,41
WY003,17,,河流,184470363,23.364,109.2740898,23.1920916,未记录,True,42
WY003,18,,河流,184470363,23.364,109.2755254,23.1894137,未记录,True,43
WY003,19,,河流,184470363,23.364,109.2754832,23.1869298,未记录,True,44
WY003,20,,河流,184470363,23.364,109.2764543,23.1862312,未记录,True,45
WY003,21,,河流,184470363,23.364,109.2775098,23.1859983,未记录,True,46
WY003,22,,河流,184470363,23.364,109.2787343,23.1865029,未记录,True,47
WY003,23,,河流,184470363,23.364,109.279452,23.1864252,未记录,True,48
WY003,24,,河流,184470363,23.364,109.2801276,23.1853773,未记录,True,49
WY003,25,,河流,184470363,23.364,109.2811832,23.1851056,未记录,True,50
WY003,26,,河流,184470363,23.364,109.2832098,23.1838636,未记录,True,51
WY003,27,,河流,184470363,23.364,109.2849409,23.1835919,未记录,True,52
WY003,28,,河流,184470363,23.364,109.2859965,23.1823888,未记录,True,53
WY003,29,,河流,184470363,23.364,109.2877074,23.1809584,未记录,True,54
WY003,30,,河流,184470363,23.364,109.2888309,23.1795942,未记录,True,55
WY003,31,,河流,184470363,23.364,109.2894116,23.1792754,未记录,True,56
WY003,32,,河流,184470363,23.364,109.2904194,23.1796515,未记录,True,57
WY003,33,,河流,184470363,23.364,109.2939764,23.1790508,未记录,True,58
WY003,34,,河流,184470363,23.364,109.2956231,23.1792837,未记录,True,59
WY003,35,,河流,184470363,23.364,109.297312,23.177964,未记录,True,60
WY003,36,,河流,184470363,23.364,109.2977342,23.1760621,未记录,True,61
WY003,37,,河流,184470363,23.364,109.2994231,23.1753246,未记录,True,62
WY003,38,,河流,184470363,23.364,109.3016609,23.1731898,未记录,True,63
WY003,39,,河流,184470363,23.364,109.3024209,23.1697351,未记录,True,64
WY003,40,,河流,184470363,23.364,109.3031809,23.1672897,未记录,True,65
WY003,41,,河流,184470363,23.364,109.3049964,23.1658534,未记录,True,66
WY003,42,,河流,184470363,23.364,109.3067275,23.1656593,未记录,True,67
WY003,43,,河流,184470363,23.364,109.3089231,23.1644172,未记录,True,68
WY003,44,,河流,184470363,23.364,109.3113704,23.1636476,未记录,True,69
WY003,45,,河流,184470363,23.364,109.312318,23.1626792,未记录,True,70
WY003,46,,河流,184470363,23.364,109.3129646,23.161613,未记录,True,71
WY003,47,,河流,184470363,23.364,109.3136376,23.1611848,未记录,True,72
WY003,48,,河流,184470363,23.364,109.3149863,23.1615958,未记录,True,73
WY003,49,,河流,184470363,23.364,109.3152201,23.1612637,未记录,True,74
WY003,50,,河流,184470363,23.364,109.3153971,23.1605485,未记录,True,75
WY003,51,,河流,184470363,23.364,109.3159609,23.1596493,未记录,True,76
WY003,52,,河流,184470363,23.364,109.3167114,23.1595374,未记录,True,77
WY003,53,,河流,184470363,23.364,109.3177897,23.1596065,未记录,True,78
WY003,54,,河流,184470363,23.364,109.3189974,23.1598867,未记录,True,79
WY003,55,,河流,184470363,23.364,109.319576,23.1597002,未记录,True,80
WY003,56,,河流,184470363,23.364,109.3200695,23.1590886,未记录,True,81
WY003,57,,河流,184470363,23.364,109.3199211,23.1588253,未记录,True,82
WY003,58,,河流,184470363,23.364,109.3198979,23.1578802,未记录,True,83
WY003,59,,河流,184470363,23.364,109.3200275,23.1569639,未记录,True,84
WY003,60,,河流,184470363,23.364,109.3206146,23.1561295,未记录,True,85
WY003,61,,河流,184470363,23.364,109.3213838,23.1552859,未记录,True,86
WY003,62,,河流,184470363,23.364,109.3227425,23.1532111,未记录,True,87
WY003,63,,河流,184470363,23.364,109.3231595,23.1529529,未记录,True,88
WY003,64,,河流,184470363,23.364,109.3237495,23.1532735,未记录,True,89
WY003,65,,河流,184470363,23.364,109.3245821,23.1531718,未记录,True,90
WY003,66,,河流,184470363,23.364,109.3247473,23.1529776,未记录,True,91
WY003,67,,河流,184470363,23.364,109.3248475,23.1524838,未记录,True,92
WY003,68,,河流,184470363,23.364,109.3238622,23.1508221,未记录,True,93
WY003,69,,河流,184470363,23.364,109.3239119,23.1505972,未记录,True,94
WY003,70,,河流,184470363,23.364,109.3245568,23.1501049,未记录,True,95
WY003,71,,河流,184470363,23.364,109.3251336,23.1497518,未记录,True,96
WY003,72,,河流,184470363,23.364,109.3261035,23.1496065,未记录,True,97
WY003,73,,河流,184470363,23.364,109.3284035,23.1494844,未记录,True,98
WY003,74,,河流,184470363,23.364,109.3289477,23.1489359,未记录,True,99
WY003,75,,河流,184470363,23.364,109.3287481,23.1478723,未记录,True,100
WY003,76,,河流,184470363,23.364,109.3282776,23.1468431,未记录,True,101
WY003,77,,河流,184470363,23.364,109.3287152,23.1453859,未记录,True,102
WY003,78,,河流,184470363,23.364,109.3297684,23.144977,未记录,True,103
WY003,79,,河流,184470363,23.364,109.3304141,23.1449679,未记录,True,104
WY003,80,,河流,184470363,23.364,109.3319402,23.1468309,未记录,True,105
WY003,81,,河流,184470363,23.364,109.3330941,23.1473936,未记录,True,106
WY003,82,,河流,184470363,23.364,109.3337595,23.1472855,未记录,True,107
WY003,83,,河流,184470363,23.364,109.3339419,23.1467774,未记录,True,108
WY003,84,,河流,184470363,23.364,109.3347273,23.1462505,未记录,True,109
WY003,85,,河流,184470363,23.364,109.335385,23.1458205,未记录,True,110
WY003,86,,河流,184470363,23.364,109.3361212,23.1444673,未记录,True,111
WY003,87,,河流,184470363,23.364,109.3365678,23.1440264,未记录,True,112
WY003,88,,河流,184470363,23.364,109.3364096,23.1425608,未记录,True,113
WY003,89,,河流,184470363,23.364,109.336431,23.1416179,未记录,True,114
WY003,90,,河流,184470363,23.364,109.3367145,23.1406996,未记录,True,115
WY003,91,,河流,184470363,23.364,109.3369031,23.1406313,未记录,True,116
WY003,92,,河流,184470363,23.364,109.3370801,23.1407793,未记录,True,117
WY003,93,,河流,184470363,23.364,109.3373913,23.1408089,未记录,True,118
WY003,94,,河流,184470363,23.364,109.3377307,23.1404181,未记录,True,119
WY003,95,,河流,184470363,23.364,109.3379492,23.1394967,未记录,True,120
WY003,96,,河流,184470363,23.364,109.3393549,23.1383734,未记录,True,121
WY003,97,,河流,184470363,23.364,109.340347,23.1378689,未记录,True,122
WY003,98,,河流,184470363,23.364,109.3411034,23.1372128,未记录,True,123
WY003,99,,河流,184470363,23.364,109.3424652,23.1365789,未记录,True,124
WY003,100,,河流,184470363,23.364,109.3432277,23.1364235,未记录,True,125
WY003,101,,河流,184470363,23.364,109.3436086,23.1364975,未记录,True,126
WY003,102,,河流,184470363,23.364,109.3442546,23.1366662,未记录,True,127
WY003,103,,河流,184470363,23.364,109.3446225,23.1366554,未记录,True,128
WY003,104,,河流,184470363,23.364,109.3448853,23.1365814,未记录,True,129
WY003,105,,河流,184470363,23.364,109.3451123,23.136038,未记录,True,130
WY003,106,,河流,184470363,23.364,109.3452448,23.135802,未记录,True,131
WY003,107,,河流,184470363,23.364,109.3453252,23.1354863,未记录,True,132
WY003,108,,河流,184470363,23.364,109.3452594,23.1348885,未记录,True,133
WY003,109,,河流,184470363,23.364,109.345057,23.134105,未记录,True,134
WY003,110,,河流,184470363,23.364,109.3445976,23.1334685,未记录,True,135
WY003,111,,河流,184470363,23.364,109.3444896,23.1328644,未记录,True,136
WY003,112,,河流,184470363,23.364,109.3446879,23.1325003,未记录,True,137
WY003,113,,河流,184470363,23.364,109.3452517,23.1323367,未记录,True,138
WY003,114,,河流,184470363,23.364,109.3453628,23.1323982,未记录,True,139
WY003,115,,河流,184470363,23.364,109.3454778,23.1325462,未记录,True,140
WY003,116,,河流,184470363,23.364,109.345713,23.1329369,未记录,True,141
WY003,117,,河流,184470363,23.364,109.3461969,23.1336802,未记录,True,142
WY003,118,,河流,184470363,23.364,109.3477765,23.1349657,未记录,True,143
WY003,119,,河流,184470363,23.364,109.3488037,23.1351239,未记录,True,144
WY003,120,,河流,184470363,23.364,109.3504011,23.1350612,未记录,True,145
WY003,121,,河流,184470363,23.364,109.3521756,23.1352298,未记录,True,146
WY003,122,,河流,184470363,23.364,109.3526558,23.1355071,未记录,True,147
WY003,123,,河流,184470363,23.364,109.3542593,23.135586,未记录,True,148
WY003,124,,河流,184470363,23.364,109.3555429,23.134997,未记录,True,149
WY003,125,,河流,184470363,23.364,109.3560866,23.1340433,未记录,True,150
WY003,126,,河流,184470363,23.364,109.3560381,23.1330463,未记录,True,151
WY003,127,,河流,184470363,23.364,109.3558928,23.131946,未记录,True,152
WY003,128,,河流,184470363,23.364,109.3554929,23.1312228,未记录,True,153
WY003,129,,河流,184470363,23.364,109.3557005,23.1304427,未记录,True,154
WY003,130,,河流,184470363,23.364,109.3559395,23.1298172,未记录,True,155
WY003,131,,河流,184470363,23.364,109.3559211,23.128955,未记录,True,156
WY003,132,,河流,184470363,23.364,109.3554064,23.1279238,未记录,True,157
WY003,133,,河流,184470363,23.364,109.3549836,23.1269772,未记录,True,158
WY003,134,,河流,184470363,23.364,109.355002,23.1261826,未记录,True,159
WY003,135,,河流,184470363,23.364,109.3555719,23.1255064,未记录,True,160
WY003,136,,河流,184470363,23.364,109.3570679,23.1245888,未记录,True,161
WY003,137,,河流,184470363,23.364,109.3577278,23.1242879,未记录,True,162
WY003,138,,河流,184470363,23.364,109.3580389,23.1240807,未记录,True,163
WY003,139,,河流,184470363,23.364,109.3583951,23.1235832,未记录,True,164
WY003,140,,河流,184470363,23.364,109.3586504,23.1233505,未记录,True,165
WY003,141,,河流,184470363,23.364,109.3588221,23.1231532,未记录,True,166
WY003,142,,河流,184470363,23.364,109.3588436,23.1228079,未记录,True,167
WY003,143,,河流,184470363,23.364,109.3587691,23.1222948,未记录,True,168
WY003,144,,河流,184470363,23.364,109.3590689,23.1217274,未记录,True,169
WY003,145,,河流,184470363,23.364,109.3594141,23.1214252,未记录,True,170
WY003,146,,河流,184470363,23.364,109.3597934,23.1211008,未记录,True,171
WY003,147,,河流,184470363,23.364,109.3603059,23.1207558,未记录,True,172
WY003,148,,河流,184470363,23.364,109.3604153,23.1206371,未记录,True,173
WY003,149,,河流,184470363,23.364,109.3604079,23.1203333,未记录,True,174
WY003,150,,河流,184470363,23.364,109.3602415,23.1198507,未记录,True,175
WY003,151,,河流,184470363,23.364,109.3600248,23.1194716,未记录,True,176
WY003,152,,河流,184470363,23.364,109.359873,23.1191856,未记录,True,177
WY003,153,,河流,184470363,23.364,109.3597744,23.1190007,未记录,True,178
WY003,154,,河流,184470363,23.364,109.3598952,23.1186975,未记录,True,179
WY003,155,,河流,184470363,23.364,109.3602169,23.1183578,未记录,True,180
WY003,156,,河流,184470363,23.364,109.3605724,23.1178688,未记录,True,181
WY003,157,,河流,184470363,23.364,109.3608327,23.1174448,未记录,True,182
WY003,158,,河流,184470363,23.364,109.3608451,23.1169905,未记录,True,183
WY003,159,,河流,184470363,23.364,109.3605065,23.1163843,未记录,True,184
WY003,160,,河流,184470363,23.364,109.360027,23.1156784,未记录,True,185
WY003,161,,河流,184470363,23.364,109.3599889,23.1153976,未记录,True,186
WY003,162,,河流,184470363,23.364,109.359944,23.1151641,未记录,True,187
WY003,163,,河流,184470363,23.364,109.3600371,23.1149733,未记录,True,188
WY003,164,,河流,184470363,23.364,109.3601847,23.1148697,未记录,True,189
WY003,165,,河流,184470363,23.364,109.3606252,23.1146719,未记录,True,190
WY003,166,,河流,184470363,23.364,109.3611665,23.1144724,未记录,True,191
WY003,167,,河流,184470363,23.364,109.3615345,23.1145178,未记录,True,192
WY003,168,,河流,184470363,23.364,109.3615952,23.1144864,未记录,True,193
WY003,169,,河流,184470363,23.364,109.3620579,23.1143329,未记录,True,194
WY003,170,,河流,184470363,23.364,109.3623652,23.1140642,未记录,True,195
WY003,171,,河流,184470363,23.364,109.3625914,23.113861,未记录,True,196
WY003,172,,河流,184470363,23.364,109.3627407,23.1138689,未记录,True,197
WY003,173,,河流,184470363,23.364,109.3628621,23.1139212,未记录,True,198
WY003,174,,河流,184470363,23.364,109.3632853,23.1141148,未记录,True,199
WY003,175,,河流,184470363,23.364,109.3640846,23.1144503,未记录,True,200
WY003,176,,河流,184470363,23.364,109.3643187,23.1145492,未记录,True,201
WY003,177,,河流,184470363,23.364,109.3645524,23.1145523,未记录,True,202
WY003,178,,河流,184470363,23.364,109.3647056,23.1145352,未记录,True,203
WY003,179,,河流,184470363,23.364,109.3648303,23.1144503,未记录,True,204
WY003,180,,河流,184470363,23.364,109.3649218,23.1143468,未记录,True,205
WY003,181,,河流,184470363,23.364,109.3649843,23.1141768,未记录,True,206
WY003,182,,河流,184470363,23.364,109.3648893,23.1137448,未记录,True,207
WY003,183,,河流,184470363,23.364,109.3647874,23.1134894,未记录,True,208
WY003,184,,河流,184470363,23.364,109.3644279,23.1131724,未记录,True,209
WY003,185,,河流,184470363,23.364,109.3640151,23.1127961,未记录,True,210
WY003,186,,河流,184470363,23.364,109.363988,23.1124866,未记录,True,211
WY003,187,,河流,184470363,23.364,109.3641397,23.1119556,未记录,True,212
WY003,188,,河流,184470363,23.364,109.3643904,23.1117614,未记录,True,213
WY003,189,,河流,184470363,23.364,109.3647725,23.1114674,未记录,True,214
WY003,190,,河流,184470363,23.364,109.365415,23.1113765,未记录,True,215
WY003,191,,河流,184470363,23.364,109.3659997,23.1113765,未记录,True,216
WY003,192,,河流,184470363,23.364,109.3664396,23.1114357,未记录,True,217
WY003,193,,河流,184470363,23.364,109.3667132,23.1113864,未记录,True,218
WY003,194,,河流,184470363,23.364,109.367004,23.1112066,未记录,True,219
WY003,195,,河流,184470363,23.364,109.3672281,23.110671,未记录,True,220
WY003,196,,河流,184470363,23.364,109.3673676,23.1103157,未记录,True,221
WY003,197,,河流,184470363,23.364,109.3673998,23.1100542,未记录,True,222
WY003,198,,河流,184470363,23.364,109.3673412,23.1094446,未记录,True,223
WY003,199,,河流,184470363,23.364,109.367035,23.1087961,未记录,True,224
WY003,200,,河流,184470363,23.364,109.366716,23.1086427,未记录,True,225
WY003,201,,河流,184470363,23.364,109.3665529,23.108388,未记录,True,226
WY003,202,,河流,184470363,23.364,109.3665301,23.1082205,未记录,True,227
WY003,203,,河流,184470363,23.364,109.36656,23.1080255,未记录,True,228
WY003,204,,河流,184470363,23.364,109.366807,23.1078123,未记录,True,229
WY003,205,,河流,184470363,23.364,109.3670277,23.1077807,未记录,True,230
WY003,206,,河流,184470363,23.364,109.3673267,23.1077495,未记录,True,231
WY003,207,,河流,184470363,23.364,109.3676567,23.1078158,未记录,True,232
WY003,208,,河流,184470363,23.364,109.3681861,23.1079389,未记录,True,233
WY003,209,,河流,184470363,23.364,109.3683111,23.1079519,未记录,True,234
WY003,210,,河流,184470363,23.364,109.3684267,23.1079205,未记录,True,235
WY003,211,,河流,184470363,23.364,109.3685595,23.1078019,未记录,True,236
WY003,212,,河流,184470363,23.364,109.3687226,23.107589,未记录,True,237
WY003,213,,河流,184470363,23.364,109.3687046,23.1071941,未记录,True,238
WY003,214,,河流,184470363,23.364,109.3686082,23.1065596,未记录,True,239
WY003,215,,河流,184470363,23.364,109.3683698,23.1062318,未记录,True,240
WY003,216,,河流,184470363,23.364,109.3681043,23.1059562,未记录,True,241
WY003,217,,河流,184470363,23.364,109.3679981,23.1056038,未记录,True,242
WY003,218,,河流,184470363,23.364,109.368034,23.1053532,未记录,True,243
WY003,219,,河流,184470363,23.364,109.3682259,23.1051547,未记录,True,244
WY003,220,,河流,184470363,23.364,109.3686014,23.104839,未记录,True,245
WY003,221,,河流,184470363,23.364,109.3689662,23.1047304,未记录,True,246
WY003,222,,河流,184470363,23.364,109.3691701,23.1045676,未记录,True,247
WY003,223,,河流,184470363,23.364,109.3692786,23.1042756,未记录,True,248
WY003,224,,河流,184470363,23.364,109.3696314,23.1038028,未记录,True,249
WY003,225,,河流,184470363,23.364,109.3703497,23.1031876,未记录,True,250
WY003,226,,河流,184470363,23.364,109.3708089,23.1026312,未记录,True,251
WY003,227,,河流,184470363,23.364,109.3710365,23.1025998,未记录,True,252
WY003,228,,河流,184470363,23.364,109.3713003,23.1026773,未记录,True,253
WY003,229,,河流,184470363,23.364,109.3716927,23.1030325,未记录,True,254
WY003,230,,河流,184470363,23.364,109.3720821,23.1033367,未记录,True,255
WY003,231,,河流,184470363,23.364,109.3724551,23.1036012,未记录,True,256
WY003,232,,河流,184470363,23.364,109.3728231,23.1037547,未记录,True,257
WY003,233,,河流,184470363,23.364,109.3729786,23.1038035,未记录,True,258
WY003,234,,河流,184470363,23.364,109.3731559,23.103789,未记录,True,259
WY003,235,,河流,184470363,23.364,109.3736064,23.103714,未记录,True,260
WY003,236,,河流,184470363,23.364,109.3739712,23.1034377,未记录,True,261
WY003,237,,河流,184470363,23.364,109.374313,23.1030446,未记录,True,262
WY003,238,,河流,184470363,23.364,109.3743859,23.1026208,未记录,True,263
WY003,239,,河流,184470363,23.364,109.3744203,23.1022152,未记录,True,264
WY003,240,,河流,184470363,23.364,109.3742797,23.1019574,未记录,True,265
WY003,241,,河流,184470363,23.364,109.3740866,23.101612,未记录,True,266
WY003,242,,河流,184470363,23.364,109.3737393,23.1011235,未记录,True,267
WY003,243,,河流,184470363,23.364,109.3736381,23.1006386,未记录,True,268
WY003,244,,河流,184470363,23.364,109.3734884,23.1003143,未记录,True,269
WY003,245,,河流,184470363,23.364,109.3732095,23.0999047,未记录,True,270
WY003,246,,河流,184470363,23.364,109.3731532,23.0997029,未记录,True,271
WY003,247,,河流,184470363,23.364,109.3732972,23.0995364,未记录,True,272
WY003,248,,河流,184470363,23.364,109.3734717,23.0994213,未记录,True,273
WY003,249,,河流,184470363,23.364,109.3736763,23.0992726,未记录,True,274
WY003,250,,河流,184470363,23.364,109.373851,23.0992503,未记录,True,275
WY003,251,,河流,184470363,23.364,109.3740786,23.099348,未记录,True,276
WY003,252,,河流,184470363,23.364,109.3744959,23.0994736,未记录,True,277
WY003,253,,河流,184470363,23.364,109.3749662,23.0995364,未记录,True,278
WY003,254,,河流,184470363,23.364,109.3753395,23.0994785,未记录,True,279
WY003,255,,河流,184470363,23.364,109.375687,23.0993794,未记录,True,280
WY003,256,,河流,184470363,23.364,109.3758083,23.0991108,未记录,True,281
WY003,257,,河流,184470363,23.364,109.3759548,23.0988171,未记录,True,282
WY003,258,,河流,184470363,23.364,109.3758541,23.0983307,未记录,True,283
WY003,259,,河流,184470363,23.364,109.3758349,23.0978617,未记录,True,284
WY003,260,,河流,184470363,23.364,109.3757628,23.0974709,未记录,True,285
WY003,261,,河流,184470363,23.364,109.3756341,23.0972293,未记录,True,286
WY003,262,,河流,184470363,23.364,109.3757666,23.0970103,未记录,True,287
WY003,263,,河流,184470363,23.364,109.3760354,23.096809,未记录,True,288
WY003,264,,河流,184470363,23.364,109.3763318,23.0965393,未记录,True,289
WY003,265,,河流,184470363,23.364,109.3767073,23.0963962,未记录,True,290
WY003,266,,河流,184470363,23.364,109.3771786,23.0961564,未记录,True,291
WY003,267,,河流,184470363,23.364,109.3775164,23.0951078,未记录,True,292
WY003,268,,河流,184470363,23.364,109.377447,23.0941806,未记录,True,293
WY003,269,,河流,184470363,23.364,109.3774849,23.0939817,未记录,True,294
WY003,270,,河流,184470363,23.364,109.3774508,23.0937095,未记录,True,295
WY003,271,,河流,184470363,23.364,109.377428,23.0935386,未记录,True,296
WY003,272,,河流,184470363,23.364,109.3773239,23.0933157,未记录,True,297
WY003,273,,河流,184470363,23.364,109.3770373,23.0929803,未记录,True,298
WY003,274,,河流,184470363,23.364,109.3768818,23.0927814,未记录,True,299
WY003,275,,河流,184470363,23.364,109.3768135,23.0926732,未记录,True,300
WY003,276,,河流,184470363,23.364,109.3768224,23.0925438,未记录,True,301
WY003,277,,河流,184470363,23.364,109.3768249,23.0922964,未记录,True,302
WY003,278,,河流,184470363,23.364,109.3769253,23.0920787,未记录,True,303
WY003,279,,河流,184470363,23.364,109.3773454,23.0920042,未记录,True,304
WY003,280,,河流,184470363,23.364,109.3776727,23.0922465,未记录,True,305
WY003,281,,河流,184470363,23.364,109.377898,23.0923846,未记录,True,306
WY003,282,,河流,184470363,23.364,109.378225,23.0925766,未记录,True,307
WY004,1,蒙公河,河流,206615956,11.611,109.378225,23.0925766,蒙公河,False,308
WY004,2,蒙公河,河流,206615956,11.611,109.3800783,23.0895105,蒙公河,False,309
WY004,3,蒙公河,河流,206615956,11.611,109.3810009,23.0884544,蒙公河,False,310
WY004,4,蒙公河,河流,206615956,11.611,109.3812132,23.0875585,蒙公河,False,311
WY004,5,蒙公河,河流,206615956,11.611,109.3816209,23.0866505,蒙公河,False,312
WY004,6,蒙公河,河流,206615956,11.611,109.3824685,23.0859991,蒙公河,False,313
WY004,7,蒙公河,河流,206615956,11.611,109.3831682,23.0855626,蒙公河,False,314
WY004,8,蒙公河,河流,206615956,11.611,109.3849468,23.0855155,蒙公河,False,315
WY004,9,蒙公河,河流,206615956,11.611,109.3855929,23.0852074,蒙公河,False,316
WY004,10,蒙公河,河流,206615956,11.611,109.3864167,23.0845582,蒙公河,False,317
WY004,11,蒙公河,河流,206615956,11.611,109.3870604,23.0842325,蒙公河,False,318
WY004,12,蒙公河,河流,206615956,11.611,109.3877792,23.0840943,蒙公河,False,319
WY004,13,蒙公河,河流,206615956,11.611,109.3891602,23.0829085,蒙公河,False,320
WY004,14,蒙公河,河流,206615956,11.611,109.3898053,23.0817339,蒙公河,False,321
WY004,15,蒙公河,河流,206615956,11.611,109.3902006,23.0808748,蒙公河,False,322
WY004,16,蒙公河,河流,206615956,11.611,109.3901012,23.0802264,蒙公河,False,323
WY004,17,蒙公河,河流,206615956,11.611,109.3898023,23.0795398,蒙公河,False,324
WY004,18,蒙公河,河流,206615956,11.611,109.3894487,23.0788864,蒙公河,False,325
WY004,19,蒙公河,河流,206615956,11.611,109.3890694,23.0785514,蒙公河,False,326
WY004,20,蒙公河,河流,206615956,11.611,109.3886901,23.0780977,蒙公河,False,327
WY004,21,蒙公河,河流,206615956,11.611,109.3880927,23.0778049,蒙公河,False,328
WY004,22,蒙公河,河流,206615956,11.611,109.3877041,23.0775998,蒙公河,False,329
WY004,23,蒙公河,河流,206615956,11.611,109.3872106,23.0774419,蒙公河,False,330
WY004,24,蒙公河,河流,206615956,11.611,109.3868887,23.0769089,蒙公河,False,331
WY004,25,蒙公河,河流,206615956,11.611,109.3866312,23.0760304,蒙公河,False,332
WY004,26,蒙公河,河流,206615956,11.611,109.386245,23.0756652,蒙公河,False,333
WY004,27,蒙公河,河流,206615956,11.611,109.3860733,23.0753691,蒙公河,False,334
WY004,28,蒙公河,河流,206615956,11.611,109.3862688,23.074676,蒙公河,False,335
WY004,29,蒙公河,河流,206615956,11.611,109.3861753,23.0739576,蒙公河,False,336
WY004,30,蒙公河,河流,206615956,11.611,109.3859607,23.0737405,蒙公河,False,337
WY004,31,蒙公河,河流,206615956,11.611,109.385921,23.0735193,蒙公河,False,338
WY004,32,蒙公河,河流,206615956,11.611,109.386068,23.0731532,蒙公河,False,339
WY004,33,蒙公河,河流,206615956,11.611,109.3863611,23.0727934,蒙公河,False,340
WY004,34,蒙公河,河流,206615956,11.611,109.3865583,23.0724898,蒙公河,False,341
WY004,35,蒙公河,河流,206615956,11.611,109.3868087,23.0722315,蒙公河,False,342
WY004,36,蒙公河,河流,206615956,11.611,109.3871107,23.0721392,蒙公河,False,343
WY004,37,蒙公河,河流,206615956,11.611,109.3874346,23.0720151,蒙公河,False,344
WY004,38,蒙公河,河流,206615956,11.611,109.3876508,23.0718721,蒙公河,False,345
WY004,39,蒙公河,河流,206615956,11.611,109.3882461,23.0715773,蒙公河,False,346
WY004,40,蒙公河,河流,206615956,11.611,109.3884122,23.0715591,蒙公河,False,347
WY004,41,蒙公河,河流,206615956,11.611,109.3886483,23.0715862,蒙公河,False,348
WY004,42,蒙公河,河流,206615956,11.611,109.3888977,23.0716504,蒙公河,False,349
WY004,43,蒙公河,河流,206615956,11.611,109.3892223,23.071828,蒙公河,False,350
WY004,44,蒙公河,河流,206615956,11.611,109.389689,23.0720699,蒙公河,False,351
WY004,45,蒙公河,河流,206615956,11.611,109.3903995,23.0721985,蒙公河,False,352
WY004,46,蒙公河,河流,206615956,11.611,109.3913305,23.072329,蒙公河,False,353
WY004,47,蒙公河,河流,206615956,11.611,109.3920761,23.072097,蒙公河,False,354
WY004,48,蒙公河,河流,206615956,11.611,109.3925482,23.0721859,蒙公河,False,355
WY004,49,蒙公河,河流,206615956,11.611,109.3928862,23.072176,蒙公河,False,356
WY004,50,蒙公河,河流,206615956,11.611,109.393149,23.0721168,蒙公河,False,357
WY004,51,蒙公河,河流,206615956,11.611,109.3934035,23.071927,蒙公河,False,358
WY004,52,蒙公河,河流,206615956,11.611,109.3935884,23.0712108,蒙公河,False,359
WY004,53,蒙公河,河流,206615956,11.611,109.3940385,23.0704552,蒙公河,False,360
WY004,54,蒙公河,河流,206615956,11.611,109.394275,23.0699884,蒙公河,False,361
WY004,55,蒙公河,河流,206615956,11.611,109.3943496,23.0695339,蒙公河,False,362
WY004,56,蒙公河,河流,206615956,11.611,109.3941599,23.068459,蒙公河,False,363
WY004,57,蒙公河,河流,206615956,11.611,109.3943309,23.0675235,蒙公河,False,364
WY004,58,蒙公河,河流,206615956,11.611,109.3942882,23.0656565,蒙公河,False,365
WY004,59,蒙公河,河流,206615956,11.611,109.3941294,23.0642026,蒙公河,False,366
WY004,60,蒙公河,河流,206615956,11.611,109.3934587,23.0638169,蒙公河,False,367
WY004,61,蒙公河,河流,206615956,11.611,109.3933749,23.0631998,蒙公河,False,368
WY004,62,蒙公河,河流,206615956,11.611,109.3938416,23.0618168,蒙公河,False,369
WY004,63,蒙公河,河流,206615956,11.611,109.3942058,23.0612932,蒙公河,False,370
WY004,64,蒙公河,河流,206615956,11.611,109.3945733,23.060934,蒙公河,False,371
WY004,65,蒙公河,河流,206615956,11.611,109.3949253,23.0604717,蒙公河,False,372
WY004,66,蒙公河,河流,206615956,11.611,109.3955278,23.060136,蒙公河,False,373
WY004,67,蒙公河,河流,206615956,11.611,109.3967339,23.0595622,蒙公河,False,374
WY004,68,蒙公河,河流,206615956,11.611,109.3972779,23.0594512,蒙公河,False,375
WY004,69,蒙公河,河流,206615956,11.611,109.3976573,23.059371,蒙公河,False,376
WY004,70,蒙公河,河流,206615956,11.611,109.3979987,23.0593884,蒙公河,False,377
WY004,71,蒙公河,河流,206615956,11.611,109.3983303,23.0594649,蒙公河,False,378
WY004,72,蒙公河,河流,206615956,11.611,109.3988066,23.0596083,蒙公河,False,379
WY004,73,蒙公河,河流,206615956,11.611,109.3992551,23.0598435,蒙公河,False,380
WY004,74,蒙公河,河流,206615956,11.611,109.4010516,23.0609508,蒙公河,False,381
WY004,75,蒙公河,河流,206615956,11.611,109.4030057,23.0615348,蒙公河,False,382
WY004,76,蒙公河,河流,206615956,11.611,109.4041057,23.0618071,蒙公河,False,383
WY004,77,蒙公河,河流,206615956,11.611,109.4050848,23.0619359,蒙公河,False,384
WY004,78,蒙公河,河流,206615956,11.611,109.4079374,23.0616372,蒙公河,False,385
WY004,79,蒙公河,河流,206615956,11.611,109.4108489,23.0621904,蒙公河,False,386
WY004,80,蒙公河,河流,206615956,11.611,109.4110625,23.062177,蒙公河,False,387
WY004,81,蒙公河,河流,206615956,11.611,109.4113207,23.0620313,蒙公河,False,388
WY004,82,蒙公河,河流,206615956,11.611,109.4120043,23.060735,蒙公河,False,389
WY004,83,蒙公河,河流,206615956,11.611,109.4126911,23.060012,蒙公河,False,390
WY004,84,蒙公河,河流,206615956,11.611,109.4134924,23.0595164,蒙公河,False,391
WY004,85,蒙公河,河流,206615956,11.611,109.4138126,23.0594094,蒙公河,False,392
WY004,86,蒙公河,河流,206615956,11.611,109.4141274,23.0593326,蒙公河,False,393
WY004,87,蒙公河,河流,206615956,11.611,109.4144258,23.0593377,蒙公河,False,394
WY004,88,蒙公河,河流,206615956,11.611,109.4146711,23.0594274,蒙公河,False,395
WY004,89,蒙公河,河流,206615956,11.611,109.4148761,23.0596293,蒙公河,False,396
WY004,90,蒙公河,河流,206615956,11.611,109.4161454,23.0611021,蒙公河,False,397
WY004,91,蒙公河,河流,206615956,11.611,109.4163351,23.0612696,蒙公河,False,398
WY004,92,蒙公河,河流,206615956,11.611,109.4164906,23.0613083,蒙公河,False,399
WY004,93,蒙公河,河流,206615956,11.611,109.4167865,23.0613219,蒙公河,False,400
WY004,94,蒙公河,河流,206615956,11.611,109.4170904,23.0612389,蒙公河,False,401
WY004,95,蒙公河,河流,206615956,11.611,109.4180509,23.060965,蒙公河,False,402
WY004,96,蒙公河,河流,206615956,11.611,109.4184798,23.060844,蒙公河,False,403
WY004,97,蒙公河,河流,206615956,11.611,109.4189334,23.0605367,蒙公河,False,404
WY004,98,蒙公河,河流,206615956,11.611,109.4191989,23.0603587,蒙公河,False,405
WY004,99,蒙公河,河流,206615956,11.611,109.4194152,23.0602575,蒙公河,False,406
WY004,100,蒙公河,河流,206615956,11.611,109.4197283,23.0602198,蒙公河,False,407
WY004,101,蒙公河,河流,206615956,11.611,109.4199993,23.0602679,蒙公河,False,408
WY004,102,蒙公河,河流,206615956,11.611,109.4202125,23.0603751,蒙公河,False,409
WY004,103,蒙公河,河流,206615956,11.611,109.4204163,23.0605725,蒙公河,False,410
WY004,104,蒙公河,河流,206615956,11.611,109.4206416,23.0608687,蒙公河,False,411
WY004,105,蒙公河,河流,206615956,11.611,109.4208371,23.0612514,蒙公河,False,412
WY004,106,蒙公河,河流,206615956,11.611,109.420985,23.061609,蒙公河,False,413
WY004,107,蒙公河,河流,206615956,11.611,109.4210815,23.0618854,蒙公河,False,414
WY004,108,蒙公河,河流,206615956,11.611,109.4210708,23.0621618,蒙公河,False,415
WY004,109,蒙公河,河流,206615956,11.611,109.4208348,23.0629614,蒙公河,False,416
WY004,110,蒙公河,河流,206615956,11.611,109.4206953,23.0636623,蒙公河,False,417
WY004,111,蒙公河,河流,206615956,11.611,109.4207597,23.0640473,蒙公河,False,418
WY004,112,蒙公河,河流,206615956,11.611,109.420824,23.0645606,蒙公河,False,419
WY004,113,蒙公河,河流,206615956,11.611,109.420948,23.0648864,蒙公河,False,420
WY004,114,蒙公河,河流,206615956,11.611,109.42138,23.065667,蒙公河,False,421
WY004,115,蒙公河,河流,206615956,11.611,109.4217882,23.0662329,蒙公河,False,422
WY004,116,蒙公河,河流,206615956,11.611,109.4222297,23.0670072,蒙公河,False,423
WY004,117,蒙公河,河流,206615956,11.611,109.4224725,23.0673143,蒙公河,False,424
WY004,118,蒙公河,河流,206615956,11.611,109.4227077,23.0674469,蒙公河,False,425
WY004,119,蒙公河,河流,206615956,11.611,109.4231856,23.0673771,蒙公河,False,426
WY004,120,蒙公河,河流,206615956,11.611,109.4240236,23.0674012,蒙公河,False,427
WY004,121,蒙公河,河流,206615956,11.611,109.4251884,23.0675167,蒙公河,False,428
WY004,122,蒙公河,河流,206615956,11.611,109.4260835,23.0675591,蒙公河,False,429
WY004,123,蒙公河,河流,206615956,11.611,109.4277718,23.0671019,蒙公河,False,430
WY004,124,蒙公河,河流,206615956,11.611,109.4283986,23.0671567,蒙公河,False,431
WY004,125,蒙公河,河流,206615956,11.611,109.4289994,23.0673837,蒙公河,False,432
WY004,126,蒙公河,河流,206615956,11.611,109.4297742,23.0676381,蒙公河,False,433
WY004,127,蒙公河,河流,206615956,11.611,109.4305015,23.0677489,蒙公河,False,434
WY004,128,蒙公河,河流,206615956,11.611,109.4312441,23.0681021,蒙公河,False,435
WY004,129,蒙公河,河流,206615956,11.611,109.4317245,23.0684794,蒙公河,False,436
WY004,130,蒙公河,河流,206615956,11.611,109.4321322,23.0690519,蒙公河,False,437
WY004,131,蒙公河,河流,206615956,11.611,109.4323683,23.0694369,蒙公河,False,438
WY004,132,蒙公河,河流,206615956,11.611,109.4326603,23.0695729,蒙公河,False,439
WY004,133,蒙公河,河流,206615956,11.611,109.435506,23.0706716,蒙公河,False,440
WY004,134,蒙公河,河流,206615956,11.611,109.4367957,23.0713137,蒙公河,False,441
WY004,135,蒙公河,河流,206615956,11.611,109.437378,23.0717553,蒙公河,False,442
WY004,136,蒙公河,河流,206615956,11.611,109.4380331,23.0723981,蒙公河,False,443
WY004,137,蒙公河,河流,206615956,11.611,109.4386661,23.0732864,蒙公河,False,444
WY004,138,蒙公河,河流,206615956,11.611,109.4388163,23.0734616,蒙公河,False,445
WY004,139,蒙公河,河流,206615956,11.611,109.4389987,23.0735826,蒙公河,False,446
WY004,140,蒙公河,河流,206615956,11.611,109.4391033,23.0736196,蒙公河,False,447
WY004,141,蒙公河,河流,206615956,11.611,109.4392106,23.0736245,蒙公河,False,448
WY004,142,蒙公河,河流,206615956,11.611,109.4394547,23.0736344,蒙公河,False,449
WY004,143,蒙公河,河流,206615956,11.611,109.4397041,23.073585,蒙公河,False,450
WY004,144,蒙公河,河流,206615956,11.611,109.4398996,23.0735186,蒙公河,False,451
WY004,145,蒙公河,河流,206615956,11.611,109.4404364,23.0732272,蒙公河,False,452
WY004,146,蒙公河,河流,206615956,11.611,109.4408696,23.0730307,蒙公河,False,453
WY004,147,蒙公河,河流,206615956,11.611,109.4413268,23.0729114,蒙公河,False,454
WY004,148,蒙公河,河流,206615956,11.611,109.4418027,23.0727724,蒙公河,False,455
WY004,149,蒙公河,河流,206615956,11.611,109.4422519,23.0727018,蒙公河,False,456
WY004,150,蒙公河,河流,206615956,11.611,109.4432902,23.0726449,蒙公河,False,457
WY004,151,蒙公河,河流,206615956,11.611,109.4445133,23.0726942,蒙公河,False,458
WY004,152,蒙公河,河流,206615956,11.611,109.4450943,23.07268965663507,蒙公河,False,459
WY005,1,,溪流,206615957,4.276,109.40243345285155,23.2247021,未记录,True,460
WY005,2,,溪流,206615957,4.276,109.4024067,23.2244355,未记录,True,461
WY005,3,,溪流,206615957,4.276,109.4020682,23.2240326,未记录,True,462
WY005,4,,溪流,206615957,4.276,109.4023605,23.2229018,未记录,True,463
WY005,5,,溪流,206615957,4.276,109.4020298,23.2226403,未记录,True,464
WY005,6,,溪流,206615957,4.276,109.4018375,23.2226756,未记录,True,465
WY005,7,,溪流,206615957,4.276,109.4018375,23.222923,未记录,True,466
WY005,8,,溪流,206615957,4.276,109.4015453,23.2228452,未记录,True,467
WY005,9,,溪流,206615957,4.276,109.4013991,23.2227887,未记录,True,468
WY005,10,,溪流,206615957,4.276,109.4011069,23.2228806,未记录,True,469
WY005,11,,溪流,206615957,4.276,109.4006992,23.2227039,未记录,True,470
WY005,12,,溪流,206615957,4.276,109.4005531,23.2225696,未记录,True,471
WY005,13,,溪流,206615957,4.276,109.400607,23.2223293,未记录,True,472
WY005,14,,溪流,206615957,4.276,109.400207,23.2222727,未记录,True,473
WY005,15,,溪流,206615957,4.276,109.3996917,23.2222869,未记录,True,474
WY005,16,,溪流,206615957,4.276,109.3994764,23.2222021,未记录,True,475
WY005,17,,溪流,206615957,4.276,109.3993918,23.2219264,未记录,True,476
WY005,18,,溪流,206615957,4.276,109.3995533,23.2213327,未记录,True,477
WY005,19,,溪流,206615957,4.276,109.3994918,23.2211348,未记录,True,478
WY005,20,,溪流,206615957,4.276,109.3988919,23.2206259,未记录,True,479
WY005,21,,溪流,206615957,4.276,109.3979689,23.2202584,未记录,True,480
WY005,22,,溪流,206615957,4.276,109.3976998,23.2197495,未记录,True,481
WY005,23,,溪流,206615957,4.276,109.3973537,23.2194314,未记录,True,482
WY005,24,,溪流,206615957,4.276,109.3973075,23.2192264,未记录,True,483
WY005,25,,溪流,206615957,4.276,109.3974613,23.2190568,未记录,True,484
WY005,26,,溪流,206615957,4.276,109.3983689,23.2189296,未记录,True,485
WY005,27,,溪流,206615957,4.276,109.3988073,23.2184984,未记录,True,486
WY005,28,,溪流,206615957,4.276,109.3984535,23.217827,未记录,True,487
WY005,29,,溪流,206615957,4.276,109.3987227,23.2171272,未记录,True,488
WY005,30,,溪流,206615957,4.276,109.3994379,23.214314,未记录,True,489
WY005,31,,溪流,206615957,4.276,109.3997994,23.2139748,未记录,True,490
WY005,32,,溪流,206615957,4.276,109.4001532,23.2138193,未记录,True,491
WY005,33,,溪流,206615957,4.276,109.4004993,23.2134093,未记录,True,492
WY005,34,,溪流,206615957,4.276,109.4005839,23.2125257,未记录,True,493
WY005,35,,溪流,206615957,4.276,109.4009146,23.2123278,未记录,True,494
WY005,36,,溪流,206615957,4.276,109.4013837,23.2112676,未记录,True,495
WY005,37,,溪流,206615957,4.276,109.4024528,23.2099387,未记录,True,496
WY005,38,,溪流,206615957,4.276,109.4036449,23.208631,未记录,True,497
WY005,39,,溪流,206615957,4.276,109.4037757,23.2079241,未记录,True,498
WY005,40,,溪流,206615957,4.276,109.4040448,23.2050896,未记录,True,499
WY005,41,,溪流,206615957,4.276,109.4041756,23.2035627,未记录,True,500
WY005,42,,溪流,206615957,4.276,109.4044932,23.2014067,未记录,True,501
WY005,43,,溪流,206615957,4.276,109.4048266,23.2009355,未记录,True,502
WY005,44,,溪流,206615957,4.276,109.4044902,23.2005743,未记录,True,503
WY005,45,,溪流,206615957,4.276,109.403791,23.2000211,未记录,True,504
WY005,46,,溪流,206615957,4.276,109.4035372,23.1998939,未记录,True,505
WY005,47,,溪流,206615957,4.276,109.4031681,23.1999787,未记录,True,506
WY005,48,,溪流,206615957,4.276,109.4027527,23.1996818,未记录,True,507
WY005,49,,溪流,206615957,4.276,109.4025528,23.1994132,未记录,True,508
WY005,50,,溪流,206615957,4.276,109.4022374,23.1991163,未记录,True,509
WY005,51,,溪流,206615957,4.276,109.4028989,23.1971581,未记录,True,510
WY005,52,,溪流,206615957,4.276,109.4030527,23.1968612,未记录,True,511
WY005,53,,溪流,206615957,4.276,109.4034449,23.1966774,未记录,True,512
WY005,54,,溪流,206615957,4.276,109.4036603,23.1963452,未记录,True,513
WY005,55,,溪流,206615957,4.276,109.4042063,23.1958786,未记录,True,514
WY005,56,,溪流,206615957,4.276,109.4043679,23.1953484,未记录,True,515
WY005,57,,溪流,206615957,4.276,109.4042525,23.1948323,未记录,True,516
WY006,1,蒙公河,河流,377647689,12.906,109.3917181,23.1752573,蒙公河,False,517
WY006,2,蒙公河,河流,377647689,12.906,109.3920761,23.1735636,蒙公河,False,518
WY006,3,蒙公河,河流,377647689,12.906,109.3924516,23.1731099,蒙公河,False,519
WY006,4,蒙公河,河流,377647689,12.906,109.3921183,23.1722035,蒙公河,False,520
WY006,5,蒙公河,河流,377647689,12.906,109.3934937,23.1700569,蒙公河,False,521
WY006,6,蒙公河,河流,377647689,12.906,109.3941662,23.1688845,蒙公河,False,522
WY006,7,蒙公河,河流,377647689,12.906,109.3944526,23.1683854,蒙公河,False,523
WY006,8,蒙公河,河流,377647689,12.906,109.3951933,23.166843,蒙公河,False,524
WY006,9,蒙公河,河流,377647689,12.906,109.3955201,23.1666395,蒙公河,False,525
WY006,10,蒙公河,河流,377647689,12.906,109.3955952,23.1664866,蒙公河,False,526
WY006,11,蒙公河,河流,377647689,12.906,109.3951875,23.1657814,蒙公河,False,527
WY006,12,蒙公河,河流,377647689,12.906,109.3951765,23.1650917,蒙公河,False,528
WY006,13,蒙公河,河流,377647689,12.906,109.3951707,23.1647245,蒙公河,False,529
WY006,14,蒙公河,河流,377647689,12.906,109.3957033,23.1621724,蒙公河,False,530
WY006,15,蒙公河,河流,377647689,12.906,109.3956651,23.1614422,蒙公河,False,531
WY006,16,蒙公河,河流,377647689,12.906,109.3954921,23.1581352,蒙公河,False,532
WY006,17,蒙公河,河流,377647689,12.906,109.3951121,23.1565436,蒙公河,False,533
WY006,18,蒙公河,河流,377647689,12.906,109.3949032,23.1560455,蒙公河,False,534
WY006,19,蒙公河,河流,377647689,12.906,109.3942115,23.1555848,蒙公河,False,535
WY006,20,蒙公河,河流,377647689,12.906,109.392854,23.1555868,蒙公河,False,536
WY006,21,蒙公河,河流,377647689,12.906,109.3918739,23.1555621,蒙公河,False,537
WY006,22,蒙公河,河流,377647689,12.906,109.389623,23.1536858,蒙公河,False,538
WY006,23,蒙公河,河流,377647689,12.906,109.3885413,23.1536596,蒙公河,False,539
WY006,24,蒙公河,河流,377647689,12.906,109.3865851,23.1545621,蒙公河,False,540
WY006,25,蒙公河,河流,377647689,12.906,109.3852434,23.1545017,蒙公河,False,541
WY006,26,蒙公河,河流,377647689,12.906,109.3841344,23.1537097,蒙公河,False,542
WY006,27,蒙公河,河流,377647689,12.906,109.3833744,23.1523121,蒙公河,False,543
WY006,28,蒙公河,河流,377647689,12.906,109.3825722,23.1494004,蒙公河,False,544
WY006,29,蒙公河,河流,377647689,12.906,109.3816433,23.1474981,蒙公河,False,545
WY006,30,蒙公河,河流,377647689,12.906,109.3813477,23.1455181,蒙公河,False,546
WY006,31,蒙公河,河流,377647689,12.906,109.3826566,23.1421404,蒙公河,False,547
WY006,32,蒙公河,河流,377647689,12.906,109.3838811,23.1414416,蒙公河,False,548
WY006,33,蒙公河,河流,377647689,12.906,109.3843877,23.140471,蒙公河,False,549
WY006,34,蒙公河,河流,377647689,12.906,109.3844321,23.139537,蒙公河,False,550
WY006,35,蒙公河,河流,377647689,12.906,109.3839358,23.13832,蒙公河,False,551
WY006,36,蒙公河,河流,377647689,12.906,109.3832189,23.1375762,蒙公河,False,552
WY006,37,蒙公河,河流,377647689,12.906,109.3828145,23.1367479,蒙公河,False,553
WY006,38,蒙公河,河流,377647689,12.906,109.383052,23.1356323,蒙公河,False,554
WY006,39,蒙公河,河流,377647689,12.906,109.3833507,23.1346518,蒙公河,False,555
WY006,40,蒙公河,河流,377647689,12.906,109.384106,23.1335757,蒙公河,False,556
WY006,41,蒙公河,河流,377647689,12.906,109.3848182,23.1324543,蒙公河,False,557
WY006,42,蒙公河,河流,377647689,12.906,109.3859946,23.1320305,蒙公河,False,558
WY006,43,蒙公河,河流,377647689,12.906,109.3862704,23.1310174,蒙公河,False,559
WY006,44,蒙公河,河流,377647689,12.906,109.3861233,23.1303288,蒙公河,False,560
WY006,45,蒙公河,河流,377647689,12.906,109.3853835,23.129599,蒙公河,False,561
WY006,46,蒙公河,河流,377647689,12.906,109.3844244,23.1290945,蒙公河,False,562
WY006,47,蒙公河,河流,377647689,12.906,109.3843586,23.1283972,蒙公河,False,563
WY006,48,蒙公河,河流,377647689,12.906,109.3847171,23.1280859,蒙公河,False,564
WY006,49,蒙公河,河流,377647689,12.906,109.3853161,23.1279917,蒙公河,False,565
WY006,50,蒙公河,河流,377647689,12.906,109.3870798,23.1282636,蒙公河,False,566
WY006,51,蒙公河,河流,377647689,12.906,109.3878381,23.1279464,蒙公河,False,567
WY006,52,蒙公河,河流,377647689,12.906,109.3886199,23.1275519,蒙公河,False,568
WY006,53,蒙公河,河流,377647689,12.906,109.3894529,23.1274896,蒙公河,False,569
WY006,54,蒙公河,河流,377647689,12.906,109.3902986,23.1274069,蒙公河,False,570
WY006,55,蒙公河,河流,377647689,12.906,109.3906688,23.1275159,蒙公河,False,571
WY006,56,蒙公河,河流,377647689,12.906,109.390981,23.1276786,蒙公河,False,572
WY006,57,蒙公河,河流,377647689,12.906,109.391427,23.1277067,蒙公河,False,573
WY006,58,蒙公河,河流,377647689,12.906,109.3918669,23.1278498,蒙公河,False,574
WY006,59,蒙公河,河流,377647689,12.906,109.3921208,23.1278591,蒙公河,False,575
WY006,60,蒙公河,河流,377647689,12.906,109.3922639,23.1278103,蒙公河,False,576
WY006,61,蒙公河,河流,377647689,12.906,109.3924195,23.1276623,蒙公河,False,577
WY006,62,蒙公河,河流,377647689,12.906,109.3925978,23.1272619,蒙公河,False,578
WY006,63,蒙公河,河流,377647689,12.906,109.3926616,23.1270626,蒙公河,False,579
WY006,64,蒙公河,河流,377647689,12.906,109.3926899,23.1267612,蒙公河,False,580
WY006,65,蒙公河,河流,377647689,12.906,109.392696,23.1260189,蒙公河,False,581
WY006,66,蒙公河,河流,377647689,12.906,109.3926161,23.1256568,蒙公河,False,582
WY006,67,蒙公河,河流,377647689,12.906,109.3925706,23.1253533,蒙公河,False,583
WY006,68,蒙公河,河流,377647689,12.906,109.3927777,23.1247304,蒙公河,False,584
WY006,69,蒙公河,河流,377647689,12.906,109.3929613,23.1244803,蒙公河,False,585
WY006,70,蒙公河,河流,377647689,12.906,109.3933207,23.1241843,蒙公河,False,586
WY006,71,蒙公河,河流,377647689,12.906,109.3935192,23.1240462,蒙公河,False,587
WY006,72,蒙公河,河流,377647689,12.906,109.3936639,23.1238343,蒙公河,False,588
WY006,73,蒙公河,河流,377647689,12.906,109.3937284,23.123538,蒙公河,False,589
WY006,74,蒙公河,河流,377647689,12.906,109.3938316,23.1231884,蒙公河,False,590
WY006,75,蒙公河,河流,377647689,12.906,109.3936586,23.1225513,蒙公河,False,591
WY006,76,蒙公河,河流,377647689,12.906,109.3934938,23.1220374,蒙公河,False,592
WY006,77,蒙公河,河流,377647689,12.906,109.3930954,23.1214166,蒙公河,False,593
WY006,78,蒙公河,河流,377647689,12.906,109.3928527,23.1208948,蒙公河,False,594
WY006,79,蒙公河,河流,377647689,12.906,109.3923071,23.1201597,蒙公河,False,595
WY006,80,蒙公河,河流,377647689,12.906,109.3919826,23.1198414,蒙公河,False,596
WY006,81,蒙公河,河流,377647689,12.906,109.3914522,23.1192838,蒙公河,False,597
WY006,82,蒙公河,河流,377647689,12.906,109.3910343,23.119046,蒙公河,False,598
WY006,83,蒙公河,河流,377647689,12.906,109.3908869,23.1184763,蒙公河,False,599
WY006,84,蒙公河,河流,377647689,12.906,109.3907833,23.1176572,蒙公河,False,600
WY006,85,蒙公河,河流,377647689,12.906,109.3906156,23.1171823,蒙公河,False,601
WY006,86,蒙公河,河流,377647689,12.906,109.3905258,23.1167593,蒙公河,False,602
WY006,87,蒙公河,河流,377647689,12.906,109.3907005,23.1160729,蒙公河,False,603
WY006,88,蒙公河,河流,377647689,12.906,109.3909228,23.1154025,蒙公河,False,604
WY006,89,蒙公河,河流,377647689,12.906,109.3910086,23.1150868,蒙公河,False,605
WY006,90,蒙公河,河流,377647689,12.906,109.3912374,23.1148,蒙公河,False,606
WY006,91,蒙公河,河流,377647689,12.906,109.3918586,23.1137736,蒙公河,False,607
WY006,92,蒙公河,河流,377647689,12.906,109.3920501,23.1120308,蒙公河,False,608
WY006,93,蒙公河,河流,377647689,12.906,109.3920956,23.1102596,蒙公河,False,609
WY006,94,蒙公河,河流,377647689,12.906,109.391824,23.109773,蒙公河,False,610
WY006,95,蒙公河,河流,377647689,12.906,109.3917113,23.1095559,蒙公河,False,611
WY006,96,蒙公河,河流,377647689,12.906,109.3916416,23.1090033,蒙公河,False,612
WY006,97,蒙公河,河流,377647689,12.906,109.3912019,23.1076921,蒙公河,False,613
WY006,98,蒙公河,河流,377647689,12.906,109.3912983,23.1072369,蒙公河,False,614
WY006,99,蒙公河,河流,377647689,12.906,109.3915107,23.1069715,蒙公河,False,615
WY006,100,蒙公河,河流,377647689,12.906,109.3916684,23.1067978,蒙公河,False,616
WY006,101,蒙公河,河流,377647689,12.906,109.392162,23.1065511,蒙公河,False,617
WY006,102,蒙公河,河流,377647689,12.906,109.3926233,23.1064228,蒙公河,False,618
WY006,103,蒙公河,河流,377647689,12.906,109.3934601,23.1060922,蒙公河,False,619
WY006,104,蒙公河,河流,377647689,12.906,109.3937766,23.1059146,蒙公河,False,620
WY006,105,蒙公河,河流,377647689,12.906,109.3939348,23.1055156,蒙公河,False,621
WY006,106,蒙公河,河流,377647689,12.906,109.3937659,23.1051942,蒙公河,False,622
WY006,107,蒙公河,河流,377647689,12.906,109.3937981,23.104686,蒙公河,False,623
WY006,108,蒙公河,河流,377647689,12.906,109.3941263,23.1040781,蒙公河,False,624
WY006,109,蒙公河,河流,377647689,12.906,109.3940765,23.1039047,蒙公河,False,625
WY006,110,蒙公河,河流,377647689,12.906,109.3938489,23.1036465,蒙公河,False,626
WY006,111,蒙公河,河流,377647689,12.906,109.3932495,23.1033674,蒙公河,False,627
WY006,112,蒙公河,河流,377647689,12.906,109.3922341,23.1029756,蒙公河,False,628
WY006,113,蒙公河,河流,377647689,12.906,109.3911709,23.1027673,蒙公河,False,629
WY006,114,蒙公河,河流,377647689,12.906,109.3902176,23.1025925,蒙公河,False,630
WY006,115,蒙公河,河流,377647689,12.906,109.3896839,23.1021323,蒙公河,False,631
WY006,116,蒙公河,河流,377647689,12.906,109.389168,23.1015741,蒙公河,False,632
WY006,117,蒙公河,河流,377647689,12.906,109.3879563,23.1009113,蒙公河,False,633
WY006,118,蒙公河,河流,377647689,12.906,109.3866152,23.0997468,蒙公河,False,634
WY006,119,蒙公河,河流,377647689,12.906,109.3860603,23.0994272,蒙公河,False,635
WY006,120,蒙公河,河流,377647689,12.906,109.3856281,23.0993817,蒙公河,False,636
WY006,121,蒙公河,河流,377647689,12.906,109.3848556,23.0994064,蒙公河,False,637
WY006,122,蒙公河,河流,377647689,12.906,109.3838907,23.0992419,蒙公河,False,638
WY006,123,蒙公河,河流,377647689,12.906,109.3833375,23.0989228,蒙公河,False,639
WY006,124,蒙公河,河流,377647689,12.906,109.3829196,23.0987808,蒙公河,False,640
WY006,125,蒙公河,河流,377647689,12.906,109.3824363,23.098755,蒙公河,False,641
WY006,126,蒙公河,河流,377647689,12.906,109.381814,23.0987353,蒙公河,False,642
WY006,127,蒙公河,河流,377647689,12.906,109.3813741,23.0985527,蒙公河,False,643
WY006,128,蒙公河,河流,377647689,12.906,109.3811971,23.0982616,蒙公河,False,644
WY006,129,蒙公河,河流,377647689,12.906,109.3811894,23.0977874,蒙公河,False,645
WY006,130,蒙公河,河流,377647689,12.906,109.3809404,23.097329,蒙公河,False,646
WY006,131,蒙公河,河流,377647689,12.906,109.3806181,23.096801,蒙公河,False,647
WY006,132,蒙公河,河流,377647689,12.906,109.3803881,23.0962532,蒙公河,False,648
WY006,133,蒙公河,河流,377647689,12.906,109.3800044,23.0946944,蒙公河,False,649
WY006,134,蒙公河,河流,377647689,12.906,109.3793284,23.0942329,蒙公河,False,650
WY006,135,蒙公河,河流,377647689,12.906,109.3786839,23.0936406,蒙公河,False,651
WY006,136,蒙公河,河流,377647689,12.906,109.378365,23.0930187,蒙公河,False,652
WY006,137,蒙公河,河流,377647689,12.906,109.378225,23.0925766,蒙公河,False,653
WY007,1,,溪流,387639422,4.338,109.41414090709124,23.2247021,未记录,True,654
WY007,2,,溪流,387639422,4.338,109.4120741,23.2146962,未记录,True,655
WY007,3,,溪流,387639422,4.338,109.41414,23.2064041,未记录,True,656
WY007,4,,溪流,387639422,4.338,109.4141401,23.2030342,未记录,True,657
WY007,5,,溪流,387639422,4.338,109.4141399,23.2028686,未记录,True,658
WY007,6,,溪流,387639422,4.338,109.4139898,23.2000437,未记录,True,659
WY007,7,,溪流,387639422,4.338,109.4137645,23.1993879,未记录,True,660
WY007,8,,溪流,387639422,4.338,109.4132817,23.1985842,未记录,True,661
WY007,9,,溪流,387639422,4.338,109.4131422,23.198106,未记录,True,662
WY007,10,,溪流,387639422,4.338,109.4127881,23.1976573,未记录,True,663
WY007,11,,溪流,387639422,4.338,109.4125521,23.1970212,未记录,True,664
WY007,12,,溪流,387639422,4.338,109.4123644,23.19604,未记录,True,665
WY007,13,,溪流,387639422,4.338,109.4118977,23.1957096,未记录,True,666
WY007,14,,溪流,387639422,4.338,109.4099986,23.1948172,未记录,True,667
WY007,15,,溪流,387639422,4.338,109.4098109,23.1945509,未记录,True,668
WY007,16,,溪流,387639422,4.338,109.4096875,23.1938261,未记录,True,669
WY007,17,,溪流,387639422,4.338,109.4094408,23.1934168,未记录,True,670
WY007,18,,溪流,387639422,4.338,109.4090009,23.193402,未记录,True,671
WY007,19,,溪流,387639422,4.338,109.4086736,23.1935746,未记录,True,672
WY007,20,,溪流,387639422,4.338,109.4082498,23.1939986,未记录,True,673
WY007,21,,溪流,387639422,4.338,109.4075417,23.1946643,未记录,True,674
WY007,22,,溪流,387639422,4.338,109.4069087,23.194615,未记录,True,675
WY007,23,,溪流,387639422,4.338,109.4061631,23.194186,未记录,True,676
WY007,24,,溪流,387639422,4.338,109.4059431,23.1943389,未记录,True,677
WY007,25,,溪流,387639422,4.338,109.4058144,23.1945016,未记录,True,678
WY007,26,,溪流,387639422,4.338,109.4054335,23.1944523,未记录,True,679
WY007,27,,溪流,387639422,4.338,109.4048274,23.1945953,未记录,True,680
WY007,28,,溪流,387639422,4.338,109.4042525,23.1948323,未记录,True,681
WY008,1,,河流,387692469,4.503,109.4099929,23.0178938,未记录,True,682
WY008,2,,河流,387692469,4.503,109.4095754,23.021658,未记录,True,683
WY008,3,,河流,387692469,4.503,109.4090497,23.0260481,未记录,True,684
WY008,4,,河流,387692469,4.503,109.4082147,23.032843,未记录,True,685
WY008,5,,河流,387692469,4.503,109.4083539,23.033085,未记录,True,686
WY008,6,,河流,387692469,4.503,109.4080601,23.0347854,未记录,True,687
WY008,7,,河流,387692469,4.503,109.4069546,23.045322,未记录,True,688
WY008,8,,河流,387692469,4.503,109.4068154,23.0466808,未记录,True,689
WY008,9,,河流,387692469,4.503,109.4066994,23.04725,未记录,True,690
WY008,10,,河流,387692469,4.503,109.4070473,23.0479045,未记录,True,691
WY008,11,,河流,387692469,4.503,109.4070473,23.0482388,未记录,True,692
WY008,12,,河流,387692469,4.503,109.4080601,23.0510702,未记录,True,693
WY008,13,,河流,387692469,4.503,109.4091657,23.0538873,未记录,True,694
WY008,14,,河流,387692469,4.503,109.4104104,23.057373,未记录,True,695
WY008,15,,河流,387692469,4.503,109.410596,23.0575224,未记录,True,696
WY009,1,,溪流,387692470,0.89,109.4006304,23.0294421,未记录,True,697
WY009,2,,溪流,387692470,0.89,109.4011716,23.0299117,未记录,True,698
WY009,3,,溪流,387692470,0.89,109.4016819,23.0300184,未记录,True,699
WY009,4,,溪流,387692470,0.89,109.4020916,23.0303172,未记录,True,700
WY009,5,,溪流,387692470,0.89,109.4024472,23.0304097,未记录,True,701
WY009,6,,溪流,387692470,0.89,109.4026637,23.0305663,未记录,True,702
WY009,7,,溪流,387692470,0.89,109.4028183,23.0305307,未记录,True,703
WY009,8,,溪流,387692470,0.89,109.4030194,23.030737,未记录,True,704
WY009,9,,溪流,387692470,0.89,109.4034368,23.0308366,未记录,True,705
WY009,10,,溪流,387692470,0.89,109.4039162,23.0311355,未记录,True,706
WY009,11,,溪流,387692470,0.89,109.4043414,23.0313347,未记录,True,707
WY009,12,,溪流,387692470,0.89,109.4045115,23.0312208,未记录,True,708
WY009,13,,溪流,387692470,0.89,109.4060191,23.031911,未记录,True,709
WY009,14,,溪流,387692470,0.89,109.4071169,23.0323592,未记录,True,710
WY009,15,,溪流,387692470,0.89,109.4078205,23.0326936,未记录,True,711
WY009,16,,溪流,387692470,0.89,109.4082147,23.032843,未记录,True,712
WY010,1,,河流,387692471,3.112,109.4070473,23.0482388,未记录,True,713
WY010,2,,河流,387692471,3.112,109.406854,23.0483171,未记录,True,714
WY010,3,,河流,387692471,3.112,109.4062974,23.0481819,未记录,True,715
WY010,4,,河流,387692471,3.112,109.4059495,23.0481321,未记录,True,716
WY010,5,,河流,387692471,3.112,109.4058876,23.0483526,未记录,True,717
WY010,6,,河流,387692471,3.112,109.405965,23.0485447,未记录,True,718
WY010,7,,河流,387692471,3.112,109.4059418,23.0488506,未记录,True,719
WY010,8,,河流,387692471,3.112,109.405849,23.0492561,未记录,True,720
WY010,9,,河流,387692471,3.112,109.4056712,23.0493842,未记录,True,721
WY010,10,,河流,387692471,3.112,109.4056634,23.0495122,未记录,True,722
WY010,11,,河流,387692471,3.112,109.4057639,23.0496759,未记录,True,723
WY010,12,,河流,387692471,3.112,109.4064598,23.049747,未记录,True,724
WY010,13,,河流,387692471,3.112,109.4066066,23.0498181,未记录,True,725
WY010,14,,河流,387692471,3.112,109.4065912,23.049932,未记录,True,726
WY010,15,,河流,387692471,3.112,109.4064366,23.0500316,未记录,True,727
WY010,16,,河流,387692471,3.112,109.405965,23.0500244,未记录,True,728
WY010,17,,河流,387692471,3.112,109.405849,23.0501454,未记录,True,729
WY010,18,,河流,387692471,3.112,109.4060036,23.0502805,未记录,True,730
WY010,19,,河流,387692471,3.112,109.4067845,23.0505295,未记录,True,731
WY010,20,,河流,387692471,3.112,109.4067535,23.0507358,未记录,True,732
WY010,21,,河流,387692471,3.112,109.4066221,23.050935,未记录,True,733
WY010,22,,河流,387692471,3.112,109.4062587,23.0507358,未记录,True,734
WY010,23,,河流,387692471,3.112,109.4055939,23.0506078,未记录,True,735
WY010,24,,河流,387692471,3.112,109.4052923,23.0507003,未记录,True,736
WY010,25,,河流,387692471,3.112,109.4053233,23.0508568,未记录,True,737
WY010,26,,河流,387692471,3.112,109.4054779,23.0509848,未记录,True,738
WY010,27,,河流,387692471,3.112,109.406251,23.0511342,未记录,True,739
WY010,28,,河流,387692471,3.112,109.406251,23.0512552,未记录,True,740
WY010,29,,河流,387692471,3.112,109.4061892,23.0513547,未记录,True,741
WY010,30,,河流,387692471,3.112,109.4053851,23.0513476,未记录,True,742
WY010,31,,河流,387692471,3.112,109.4053001,23.0514686,未记录,True,743
WY010,32,,河流,387692471,3.112,109.4054392,23.0516606,未记录,True,744
WY010,33,,河流,387692471,3.112,109.4058876,23.0518243,未记录,True,745
WY010,34,,河流,387692471,3.112,109.4058799,23.0519594,未记录,True,746
WY010,35,,河流,387692471,3.112,109.405733,23.0521515,未记录,True,747
WY010,36,,河流,387692471,3.112,109.4051841,23.0527918,未记录,True,748
WY010,37,,河流,387692471,3.112,109.4051841,23.0529909,未记录,True,749
WY010,38,,河流,387692471,3.112,109.4053619,23.0531048,未记录,True,750
WY010,39,,河流,387692471,3.112,109.4054624,23.0529127,未记录,True,751
WY010,40,,河流,387692471,3.112,109.4056557,23.0527491,未记录,True,752
WY010,41,,河流,387692471,3.112,109.4058876,23.0528558,未记录,True,753
WY010,42,,河流,387692471,3.112,109.4059186,23.0529981,未记录,True,754
WY010,43,,河流,387692471,3.112,109.4058413,23.0531688,未记录,True,755
WY010,44,,河流,387692471,3.112,109.4055861,23.0532257,未记录,True,756
WY010,45,,河流,387692471,3.112,109.4054856,23.0532968,未记录,True,757
WY010,46,,河流,387692471,3.112,109.4055629,23.0534818,未记录,True,758
WY010,47,,河流,387692471,3.112,109.4061428,23.0535387,未记录,True,759
WY010,48,,河流,387692471,3.112,109.4063283,23.0537521,未记录,True,760
WY010,49,,河流,387692471,3.112,109.4066453,23.0539228,未记录,True,761
WY010,50,,河流,387692471,3.112,109.406568,23.0541789,未记录,True,762
WY010,51,,河流,387692471,3.112,109.4066144,23.0543354,未记录,True,763
WY010,52,,河流,387692471,3.112,109.4070628,23.054307,未记录,True,764
WY010,53,,河流,387692471,3.112,109.4070551,23.0544848,未记录,True,765
WY010,54,,河流,387692471,3.112,109.4067226,23.0547623,未记录,True,766
WY010,55,,河流,387692471,3.112,109.4068927,23.0548903,未记录,True,767
WY010,56,,河流,387692471,3.112,109.4073025,23.0548903,未记录,True,768
WY010,57,,河流,387692471,3.112,109.4077045,23.054684,未记录,True,769
WY010,58,,河流,387692471,3.112,109.4077663,23.0548192,未记录,True,770
WY010,59,,河流,387692471,3.112,109.4076813,23.0550255,未记录,True,771
WY010,60,,河流,387692471,3.112,109.4073643,23.0552673,未记录,True,772
WY010,61,,河流,387692471,3.112,109.4073566,23.0555306,未记录,True,773
WY010,62,,河流,387692471,3.112,109.4075344,23.0556444,未记录,True,774
WY010,63,,河流,387692471,3.112,109.4079828,23.0555234,未记录,True,775
WY010,64,,河流,387692471,3.112,109.4081065,23.0557511,未记录,True,776
WY010,65,,河流,387692471,3.112,109.4078746,23.0560214,未记录,True,777
WY010,66,,河流,387692471,3.112,109.4079132,23.056185,未记录,True,778
WY010,67,,河流,387692471,3.112,109.4082689,23.0563557,未记录,True,779
WY010,68,,河流,387692471,3.112,109.4089801,23.056121,未记录,True,780
WY010,69,,河流,387692471,3.112,109.4090497,23.0563984,未记录,True,781
WY010,70,,河流,387692471,3.112,109.40881,23.0567897,未记录,True,782
WY010,71,,河流,387692471,3.112,109.4087559,23.0569817,未记录,True,783
WY010,72,,河流,387692471,3.112,109.409042,23.0570529,未记录,True,784
WY010,73,,河流,387692471,3.112,109.409328,23.0569391,未记录,True,785
WY010,74,,河流,387692471,3.112,109.4094672,23.0570102,未记录,True,786
WY010,75,,河流,387692471,3.112,109.4095059,23.0573801,未记录,True,787
WY010,76,,河流,387692471,3.112,109.4093667,23.0575864,未记录,True,788
WY010,77,,河流,387692471,3.112,109.4094208,23.0577856,未记录,True,789
WY010,78,,河流,387692471,3.112,109.409877,23.0579065,未记录,True,790
WY010,79,,河流,387692471,3.112,109.4101862,23.0574655,未记录,True,791
WY010,80,,河流,387692471,3.112,109.410596,23.0575224,未记录,True,792
WY010,81,,河流,387692471,3.112,109.4111526,23.0581057,未记录,True,793
WY010,82,,河流,387692471,3.112,109.4116551,23.0591443,未记录,True,794
WY010,83,,河流,387692471,3.112,109.4119412,23.0593292,未记录,True,795
WY010,84,,河流,387692471,3.112,109.4118948,23.0594928,未记录,True,796
WY010,85,,河流,387692471,3.112,109.4116242,23.0597418,未记录,True,797
WY010,86,,河流,387692471,3.112,109.4116629,23.0600192,未记录,True,798
WY010,87,,河流,387692471,3.112,109.4119799,23.0600761,未记录,True,799
WY010,88,,河流,387692471,3.112,109.4123741,23.0600548,未记录,True,800
WY010,89,,河流,387692471,3.112,109.4126911,23.060012,未记录,True,801
WY011,1,,河流,387707407,1.249,109.0348482,22.9758335,未记录,True,802
WY011,2,,河流,387707407,1.249,109.0336292,22.9757919,未记录,True,803
WY011,3,,河流,387707407,1.249,109.0331326,22.9765817,未记录,True,804
WY011,4,,河流,387707407,1.249,109.0337195,22.9774129,未记录,True,805
WY011,5,,河流,387707407,1.249,109.0345773,22.9777455,未记录,True,806
WY011,6,,河流,387707407,1.249,109.035119,22.9782858,未记录,True,807
WY011,7,,河流,387707407,1.249,109.0346676,22.979034,未记录,True,808
WY011,8,,河流,387707407,1.249,109.034487,22.9796574,未记录,True,809
WY011,9,,河流,387707407,1.249,109.0346224,22.9811953,未记录,True,810
WY011,10,,河流,387707407,1.249,109.0333132,22.9814031,未记录,True,811
WY011,11,,河流,387707407,1.249,109.0330423,22.9833981,未记录,True,812
WY011,12,,河流,387707407,1.249,109.0328115,22.983657813905985,未记录,True,813
WY012,1,,溪流,387707409,0.758,109.1373318,23.0673919,未记录,True,814
WY012,2,,溪流,387707409,0.758,109.1363575,23.0671501,未记录,True,815
WY012,3,,溪流,387707409,0.758,109.1361024,23.0669011,未记录,True,816
WY012,4,,溪流,387707409,0.758,109.1359787,23.0664885,未记录,True,817
WY012,5,,溪流,387707409,0.758,109.1359941,23.0659336,未记录,True,818
WY012,6,,溪流,387707409,0.758,109.1358627,23.0655637,未记录,True,819
WY012,7,,溪流,387707409,0.758,109.1355998,23.0652364,未记录,True,820
WY012,8,,溪流,387707409,0.758,109.1352132,23.0648309,未记录,True,821
WY012,9,,溪流,387707409,0.758,109.1348266,23.0648665,未记录,True,822
WY012,10,,溪流,387707409,0.758,109.134324,23.0652507,未记录,True,823
WY012,11,,溪流,387707409,0.758,109.1341926,23.0657344,未记录,True,824
WY012,12,,溪流,387707409,0.758,109.1339452,23.0661257,未记录,True,825
WY012,13,,溪流,387707409,0.758,109.1334503,23.0661612,未记录,True,826
WY012,14,,溪流,387707409,0.758,109.1326462,23.0657273,未记录,True,827
WY013,1,,溪流,387707410,0.653,109.1509426,22.9509246,未记录,True,828
WY013,2,,溪流,387707410,0.653,109.1507101,22.9510735,未记录,True,829
WY013,3,,溪流,387707410,0.653,109.1504927,22.9510921,未记录,True,830
WY013,4,,溪流,387707410,0.653,109.1503563,22.9512084,未记录,True,831
WY013,5,,溪流,387707410,0.653,109.1501693,22.9513015,未记录,True,832
WY013,6,,溪流,387707410,0.653,109.1498761,22.9512457,未记录,True,833
WY013,7,,溪流,387707410,0.653,109.1496992,22.9513527,未记录,True,834
WY013,8,,溪流,387707410,0.653,109.1495375,22.9513341,未记录,True,835
WY013,9,,溪流,387707410,0.653,109.1492545,22.9511712,未记录,True,836
WY013,10,,溪流,387707410,0.653,109.1490422,22.951013,未记录,True,837
WY013,11,,溪流,387707410,0.653,109.1488148,22.9510269,未记录,True,838
WY013,12,,溪流,387707410,0.653,109.1487188,22.9513713,未记录,True,839
WY013,13,,溪流,387707410,0.653,109.1488299,22.9518135,未记录,True,840
WY013,14,,溪流,387707410,0.653,109.1487491,22.9521067,未记录,True,841
WY013,15,,溪流,387707410,0.653,109.1486733,22.9522556,未记录,True,842
WY013,16,,溪流,387707410,0.653,109.1482791,22.9522602,未记录,True,843
WY013,17,,溪流,387707410,0.653,109.1481022,22.9523487,未记录,True,844
WY013,18,,溪流,387707410,0.653,109.1481072,22.9525441,未记录,True,845
WY013,19,,溪流,387707410,0.653,109.1484762,22.9529769,未记录,True,846
WY013,20,,溪流,387707410,0.653,109.1483953,22.9531445,未记录,True,847
WY013,21,,溪流,387707410,0.653,109.1480061,22.9534098,未记录,True,848
WY013,22,,溪流,387707410,0.653,109.1477534,22.9538007,未记录,True,849
WY014,1,,溪流,387707414,2.578,109.0967149,22.9985738,未记录,True,850
WY014,2,,溪流,387707414,2.578,109.0964907,22.9982893,未记录,True,851
WY014,3,,溪流,387707414,2.578,109.0962047,22.9982821,未记录,True,852
WY014,4,,溪流,387707414,2.578,109.0963207,22.9984458,未记录,True,853
WY014,5,,溪流,387707414,2.578,109.0962511,22.9985454,未记录,True,854
WY014,6,,溪流,387707414,2.578,109.0961893,22.9986663,未记录,True,855
WY014,7,,溪流,387707414,2.578,109.0960502,22.9986308,未记录,True,856
WY014,8,,溪流,387707414,2.578,109.0960192,22.9983604,未记录,True,857
WY014,9,,溪流,387707414,2.578,109.095741,22.9983319,未记录,True,858
WY014,10,,溪流,387707414,2.578,109.0957565,22.9984956,未记录,True,859
WY014,11,,溪流,387707414,2.578,109.0956637,22.9985454,未记录,True,860
WY014,12,,溪流,387707414,2.578,109.0955014,22.9984956,未记录,True,861
WY014,13,,溪流,387707414,2.578,109.0954396,22.9987517,未记录,True,862
WY014,14,,溪流,387707414,2.578,109.0953236,22.9987304,未记录,True,863
WY014,15,,溪流,387707414,2.578,109.095084,22.9982893,未记录,True,864
WY014,16,,溪流,387707414,2.578,109.0948676,22.9982466,未记录,True,865
WY014,17,,溪流,387707414,2.578,109.0947285,22.9981612,未记录,True,866
WY014,18,,溪流,387707414,2.578,109.0947362,22.9979264,未记录,True,867
WY014,19,,溪流,387707414,2.578,109.094628,22.9978624,未记录,True,868
WY014,20,,溪流,387707414,2.578,109.0945585,22.9976845,未记录,True,869
WY014,21,,溪流,387707414,2.578,109.0947285,22.9974497,未记录,True,870
WY014,22,,溪流,387707414,2.578,109.0951227,22.9972007,未记录,True,871
WY014,23,,溪流,387707414,2.578,109.0950299,22.9969588,未记录,True,872
WY014,24,,溪流,387707414,2.578,109.0945739,22.9966458,未记录,True,873
WY014,25,,溪流,387707414,2.578,109.0943266,22.9963683,未记录,True,874
WY014,26,,溪流,387707414,2.578,109.0943111,22.9961264,未记录,True,875
WY014,27,,溪流,387707414,2.578,109.0945662,22.9960908,未记录,True,876
WY014,28,,溪流,387707414,2.578,109.094744,22.995792,未记录,True,877
WY014,29,,溪流,387707414,2.578,109.0947362,22.9955145,未记录,True,878
WY014,30,,溪流,387707414,2.578,109.0943189,22.995173,未记录,True,879
WY014,31,,溪流,387707414,2.578,109.0945971,22.9944971,未记录,True,880
WY014,32,,溪流,387707414,2.578,109.0947053,22.9944046,未记录,True,881
WY014,33,,溪流,387707414,2.578,109.0948754,22.9941414,未记录,True,882
WY014,34,,溪流,387707414,2.578,109.095455,22.9939279,未记录,True,883
WY014,35,,溪流,387707414,2.578,109.0957874,22.9936575,未记录,True,884
WY014,36,,溪流,387707414,2.578,109.0961506,22.9930172,未记录,True,885
WY014,37,,溪流,387707414,2.578,109.0966994,22.9930528,未记录,True,886
WY014,38,,溪流,387707414,2.578,109.0970163,22.9928251,未记录,True,887
WY014,39,,溪流,387707414,2.578,109.0969854,22.9924978,未记录,True,888
WY014,40,,溪流,387707414,2.578,109.0968617,22.9923911,未记录,True,889
WY014,41,,溪流,387707414,2.578,109.0965989,22.9924338,未记录,True,890
WY014,42,,溪流,387707414,2.578,109.0963902,22.9924053,未记录,True,891
WY014,43,,溪流,387707414,2.578,109.0962511,22.9922274,未记录,True,892
WY014,44,,溪流,387707414,2.578,109.0964907,22.99158,未记录,True,893
WY014,45,,溪流,387707414,2.578,109.0966685,22.991395,未记录,True,894
WY014,46,,溪流,387707414,2.578,109.0967921,22.9910392,未记录,True,895
WY014,47,,溪流,387707414,2.578,109.0969854,22.9907689,未记录,True,896
WY014,48,,溪流,387707414,2.578,109.0972404,22.9905554,未记录,True,897
WY014,49,,溪流,387707414,2.578,109.0972636,22.9902637,未记录,True,898
WY014,50,,溪流,387707414,2.578,109.0969854,22.9898653,未记录,True,899
WY014,51,,溪流,387707414,2.578,109.0969699,22.9897514,未记录,True,900
WY014,52,,溪流,387707414,2.578,109.0972482,22.9896305,未记录,True,901
WY014,53,,溪流,387707414,2.578,109.0973023,22.9894312,未记录,True,902
WY014,54,,溪流,387707414,2.578,109.0970936,22.9891039,未记录,True,903
WY014,55,,溪流,387707414,2.578,109.097109,22.9887838,未记录,True,904
WY014,56,,溪流,387707414,2.578,109.0972482,22.9884422,未记录,True,905
WY014,57,,溪流,387707414,2.578,109.0972791,22.9881292,未记录,True,906
WY014,58,,溪流,387707414,2.578,109.0971477,22.987873,未记录,True,907
WY014,59,,溪流,387707414,2.578,109.0970858,22.9875386,未记录,True,908
WY014,60,,溪流,387707414,2.578,109.0969776,22.9874034,未记录,True,909
WY014,61,,溪流,387707414,2.578,109.0965525,22.9872682,未记录,True,910
WY014,62,,溪流,387707414,2.578,109.0965062,22.9871686,未记录,True,911
WY014,63,,溪流,387707414,2.578,109.096769,22.986578,未记录,True,912
WY014,64,,溪流,387707414,2.578,109.0971168,22.986393,未记录,True,913
WY014,65,,溪流,387707414,2.578,109.0972713,22.9858665,未记录,True,914
WY014,66,,溪流,387707414,2.578,109.0972172,22.9855748,未记录,True,915
WY014,67,,溪流,387707414,2.578,109.0972404,22.98534,未记录,True,916
WY014,68,,溪流,387707414,2.578,109.0965216,22.9849558,未记录,True,917
WY014,69,,溪流,387707414,2.578,109.0963284,22.9847921,未记录,True,918
WY014,70,,溪流,387707414,2.578,109.0964289,22.9844648,未记录,True,919
WY014,71,,溪流,387707414,2.578,109.0963902,22.9842442,未记录,True,920
WY014,72,,溪流,387707414,2.578,109.0960115,22.9841802,未记录,True,921
WY014,73,,溪流,387707414,2.578,109.0952464,22.9839525,未记录,True,922
WY014,74,,溪流,387707414,2.578,109.0951536,22.9838244,未记录,True,923
WY015,1,,河流,387707415,0.494,109.035119,22.9335553,未记录,True,924
WY015,2,,河流,387707415,0.494,109.035119,22.9323911,未记录,True,925
WY015,3,,河流,387707415,0.494,109.034171,22.9315179,未记录,True,926
WY015,4,,河流,387707415,0.494,109.033268,22.9322663,未记录,True,927
WY015,5,,河流,387707415,0.494,109.032952,22.9317258,未记录,True,928
WY015,6,,河流,387707415,0.494,109.0328115,22.93201337026828,未记录,True,929
WY016,1,,河流,387841543,4.64,109.0536565,22.9641129,未记录,True,930
WY016,2,,河流,387841543,4.64,109.0534864,22.9640773,未记录,True,931
WY016,3,,河流,387841543,4.64,109.0533705,22.9638639,未记录,True,932
WY016,4,,河流,387841543,4.64,109.0529918,22.9632732,未记录,True,933
WY016,5,,河流,387841543,4.64,109.0523039,22.963444,未记录,True,934
WY016,6,,河流,387841543,4.64,109.0521493,22.9633301,未记录,True,935
WY016,7,,河流,387841543,4.64,109.0520566,22.9626114,未记录,True,936
WY016,8,,河流,387841543,4.64,109.0518943,22.9625188,未记录,True,937
WY016,9,,河流,387841543,4.64,109.0515696,22.962526,未记录,True,938
WY016,10,,河流,387841543,4.64,109.0503253,22.9632661,未记录,True,939
WY016,11,,河流,387841543,4.64,109.0497765,22.963444,未记录,True,940
WY016,12,,河流,387841543,4.64,109.0493051,22.9634867,未记录,True,941
WY016,13,,河流,387841543,4.64,109.0482539,22.9630526,未记录,True,942
WY016,14,,河流,387841543,4.64,109.047968,22.963259,未记录,True,943
WY016,15,,河流,387841543,4.64,109.0477979,22.9633586,未记录,True,944
WY016,16,,河流,387841543,4.64,109.0472182,22.9633586,未记录,True,945
WY016,17,,河流,387841543,4.64,109.0470328,22.9634653,未记录,True,946
WY016,18,,河流,387841543,4.64,109.0471487,22.9636575,未记录,True,947
WY016,19,,河流,387841543,4.64,109.0470946,22.963871,未记录,True,948
WY016,20,,河流,387841543,4.64,109.04694,22.9641129,未记录,True,949
WY016,21,,河流,387841543,4.64,109.0470018,22.9643407,未记录,True,950
WY016,22,,河流,387841543,4.64,109.0475583,22.9649598,未记录,True,951
WY016,23,,河流,387841543,4.64,109.0479216,22.9652373,未记录,True,952
WY016,24,,河流,387841543,4.64,109.0483776,22.9657639,未记录,True,953
WY016,25,,河流,387841543,4.64,109.0484626,22.9660343,未记录,True,954
WY016,26,,河流,387841543,4.64,109.0481225,22.9660984,未记录,True,955
WY016,27,,河流,387841543,4.64,109.0479061,22.9659134,未记录,True,956
WY016,28,,河流,387841543,4.64,109.0467854,22.9652302,未记录,True,957
WY016,29,,河流,387841543,4.64,109.046314,22.9650452,未记录,True,958
WY016,30,,河流,387841543,4.64,109.0459893,22.9650238,未记录,True,959
WY016,31,,河流,387841543,4.64,109.0457343,22.965465,未记录,True,960
WY016,32,,河流,387841543,4.64,109.0456879,22.965949,未记录,True,961
WY016,33,,河流,387841543,4.64,109.0457034,22.9667175,未记录,True,962
WY016,34,,河流,387841543,4.64,109.045827,22.9671089,未记录,True,963
WY016,35,,河流,387841543,4.64,109.045858,22.967664,未记录,True,964
WY016,36,,河流,387841543,4.64,109.045742,22.9677921,未记录,True,965
WY016,37,,河流,387841543,4.64,109.045487,22.9676497,未记录,True,966
WY016,38,,河流,387841543,4.64,109.0449769,22.9671231,未记录,True,967
WY016,39,,河流,387841543,4.64,109.0447373,22.9671658,未记录,True,968
WY016,40,,河流,387841543,4.64,109.0446213,22.9674434,未记录,True,969
WY016,41,,河流,387841543,4.64,109.0441962,22.9677209,未记录,True,970
WY016,42,,河流,387841543,4.64,109.0441421,22.9681052,未记录,True,971
WY016,43,,河流,387841543,4.64,109.0438793,22.968831,未记录,True,972
WY016,44,,河流,387841543,4.64,109.0438948,22.9691513,未记录,True,973
WY016,45,,河流,387841543,4.64,109.0438021,22.9698202,未记录,True,974
WY016,46,,河流,387841543,4.64,109.0436861,22.9701404,未记录,True,975
WY016,47,,河流,387841543,4.64,109.0436011,22.9705816,未记录,True,976
WY016,48,,河流,387841543,4.64,109.0433538,22.9708662,未记录,True,977
WY016,49,,河流,387841543,4.64,109.0432069,22.9712149,未记录,True,978
WY016,50,,河流,387841543,4.64,109.0429751,22.9717415,未记录,True,979
WY016,51,,河流,387841543,4.64,109.0429828,22.9720831,未记录,True,980
WY016,52,,河流,387841543,4.64,109.04289,22.9723037,未记录,True,981
WY016,53,,河流,387841543,4.64,109.04272,22.9723962,未记录,True,982
WY016,54,,河流,387841543,4.64,109.0425191,22.9722681,未记录,True,983
WY016,55,,河流,387841543,4.64,109.0422949,22.971528,未记录,True,984
WY016,56,,河流,387841543,4.64,109.0421172,22.9714284,未记录,True,985
WY016,57,,河流,387841543,4.64,109.0420167,22.9714924,未记录,True,986
WY016,58,,河流,387841543,4.64,109.041808,22.9719194,未记录,True,987
WY016,59,,河流,387841543,4.64,109.0414988,22.9722396,未记录,True,988
WY016,60,,河流,387841543,4.64,109.0413288,22.9729583,未记录,True,989
WY016,61,,河流,387841543,4.64,109.0414061,22.973307,未记录,True,990
WY016,62,,河流,387841543,4.64,109.0413906,22.9735561,未记录,True,991
WY016,63,,河流,387841543,4.64,109.0411356,22.973734,未记录,True,992
WY016,64,,河流,387841543,4.64,109.0410892,22.9740044,未记录,True,993
WY016,65,,河流,387841543,4.64,109.041182,22.9743815,未记录,True,994
WY016,66,,河流,387841543,4.64,109.0410969,22.974965,未记录,True,995
WY016,67,,河流,387841543,4.64,109.0412515,22.9755129,未记录,True,996
WY016,68,,河流,387841543,4.64,109.0410737,22.9757833,未记录,True,997
WY016,69,,河流,387841543,4.64,109.0410042,22.9761818,未记录,True,998
WY016,70,,河流,387841543,4.64,109.0408032,22.976253,未记录,True,999
WY016,71,,河流,387841543,4.64,109.0406409,22.9761961,未记录,True,1000
WY016,72,,河流,387841543,4.64,109.0397135,22.9751429,未记录,True,1001
WY016,73,,河流,387841543,4.64,109.0394043,22.9751145,未记录,True,1002
WY016,74,,河流,387841543,4.64,109.0392033,22.9750362,未记录,True,1003
WY016,75,,河流,387841543,4.64,109.0391338,22.974901,未记录,True,1004
WY016,76,,河流,387841543,4.64,109.0392652,22.9746163,未记录,True,1005
WY016,77,,河流,387841543,4.64,109.0392111,22.9744456,未记录,True,1006
WY016,78,,河流,387841543,4.64,109.0387937,22.9742179,未记录,True,1007
WY016,79,,河流,387841543,4.64,109.03833,22.9742819,未记录,True,1008
WY016,80,,河流,387841543,4.64,109.0379203,22.974595,未记录,True,1009
WY016,81,,河流,387841543,4.64,109.0376653,22.9746662,未记录,True,1010
WY016,82,,河流,387841543,4.64,109.0369233,22.9744811,未记录,True,1011
WY016,83,,河流,387841543,4.64,109.0364828,22.9745523,未记录,True,1012
WY016,84,,河流,387841543,4.64,109.0359031,22.9747515,未记录,True,1013
WY016,85,,河流,387841543,4.64,109.0358181,22.9749864,未记录,True,1014
WY016,86,,河流,387841543,4.64,109.0360036,22.9752283,未记录,True,1015
WY016,87,,河流,387841543,4.64,109.0367224,22.9752425,未记录,True,1016
WY016,88,,河流,387841543,4.64,109.0371397,22.9753066,未记录,True,1017
WY016,89,,河流,387841543,4.64,109.037418,22.9756268,未记录,True,1018
WY016,90,,河流,387841543,4.64,109.0374102,22.9759968,未记录,True,1019
WY016,91,,河流,387841543,4.64,109.0371629,22.9761961,未记录,True,1020
WY016,92,,河流,387841543,4.64,109.0370161,22.9761676,未记录,True,1021
WY016,93,,河流,387841543,4.64,109.0369156,22.9759043,未记录,True,1022
WY016,94,,河流,387841543,4.64,109.0367842,22.9757478,未记录,True,1023
WY016,95,,河流,387841543,4.64,109.03622,22.9757051,未记录,True,1024
WY016,96,,河流,387841543,4.64,109.0358258,22.9755058,未记录,True,1025
WY016,97,,河流,387841543,4.64,109.0356326,22.9755414,未记录,True,1026
WY016,98,,河流,387841543,4.64,109.0355205,22.9758901,未记录,True,1027
WY016,99,,河流,387841543,4.64,109.0353448,22.9762491,未记录,True,1028
WY016,100,,河流,387841543,4.64,109.0350143,22.9761391,未记录,True,1029
WY016,101,,河流,387841543,4.64,109.0348482,22.9758335,未记录,True,1030
WY017,1,,河流,387841547,4.314,109.0752829,22.9671662,未记录,True,1031
WY017,2,,河流,387841547,4.314,109.0750791,22.9672601,未记录,True,1032
WY017,3,,河流,387841547,4.314,109.074826,22.9674363,未记录,True,1033
WY017,4,,河流,387841547,4.314,109.0739449,22.9677921,未记录,True,1034
WY017,5,,河流,387841547,4.314,109.0737285,22.9677351,未记录,True,1035
WY017,6,,河流,387841547,4.314,109.0735585,22.9675003,未记录,True,1036
WY017,7,,河流,387841547,4.314,109.073373,22.9675501,未记录,True,1037
WY017,8,,河流,387841547,4.314,109.0730793,22.9672512,未记录,True,1038
WY017,9,,河流,387841547,4.314,109.0728242,22.9667958,未记录,True,1039
WY017,10,,河流,387841547,4.314,109.0729865,22.966625,未记录,True,1040
WY017,11,,河流,387841547,4.314,109.0735121,22.9666179,未记录,True,1041
WY017,12,,河流,387841547,4.314,109.0738599,22.9664969,未记录,True,1042
WY017,13,,河流,387841547,4.314,109.0738831,22.9661624,未记录,True,1043
WY017,14,,河流,387841547,4.314,109.0734966,22.9657426,未记录,True,1044
WY017,15,,河流,387841547,4.314,109.0722755,22.9650309,未记录,True,1045
WY017,16,,河流,387841547,4.314,109.0718426,22.9649669,未记录,True,1046
WY017,17,,河流,387841547,4.314,109.0711316,22.965522,未记录,True,1047
WY017,18,,河流,387841547,4.314,109.0707915,22.965771,未记录,True,1048
WY017,19,,河流,387841547,4.314,109.0705596,22.9656856,未记录,True,1049
WY017,20,,河流,387841547,4.314,109.0705287,22.9653583,未记录,True,1050
WY017,21,,河流,387841547,4.314,109.0709306,22.9647819,未记录,True,1051
WY017,22,,河流,387841547,4.314,109.0711393,22.9642126,未记录,True,1052
WY017,23,,河流,387841547,4.314,109.0710697,22.9636717,未记录,True,1053
WY017,24,,河流,387841547,4.314,109.0712089,22.9632803,未记录,True,1054
WY017,25,,河流,387841547,4.314,109.0712011,22.962775,未记录,True,1055
WY017,26,,河流,387841547,4.314,109.0709074,22.9620776,未记录,True,1056
WY017,27,,河流,387841547,4.314,109.0704823,22.9619638,未记录,True,1057
WY017,28,,河流,387841547,4.314,109.0695008,22.9615296,未记录,True,1058
WY017,29,,河流,387841547,4.314,109.0691298,22.9616293,未记录,True,1059
WY017,30,,河流,387841547,4.314,109.0688129,22.9619851,未记录,True,1060
WY017,31,,河流,387841547,4.314,109.0685965,22.9619709,未记录,True,1061
WY017,32,,河流,387841547,4.314,109.0684805,22.9616649,未记录,True,1062
WY017,33,,河流,387841547,4.314,109.0685115,22.9612521,未记录,True,1063
WY017,34,,河流,387841547,4.314,109.0683414,22.960455,未记录,True,1064
WY017,35,,河流,387841547,4.314,109.0681096,22.9604195,未记录,True,1065
WY017,36,,河流,387841547,4.314,109.0676226,22.9607468,未记录,True,1066
WY017,37,,河流,387841547,4.314,109.067383,22.96106,未记录,True,1067
WY017,38,,河流,387841547,4.314,109.0663242,22.9616008,未记录,True,1068
WY017,39,,河流,387841547,4.314,109.0661851,22.9618143,未记录,True,1069
WY017,40,,河流,387841547,4.314,109.0662546,22.9624263,未记录,True,1070
WY017,41,,河流,387841547,4.314,109.0662546,22.962832,未记录,True,1071
WY017,42,,河流,387841547,4.314,109.0659764,22.9631024,未记录,True,1072
WY017,43,,河流,387841547,4.314,109.0655667,22.9632234,未记录,True,1073
WY017,44,,河流,387841547,4.314,109.0650953,22.9630312,未记录,True,1074
WY017,45,,河流,387841547,4.314,109.0646702,22.9629672,未记录,True,1075
WY017,46,,河流,387841547,4.314,109.0642992,22.9627608,未记录,True,1076
WY017,47,,河流,387841547,4.314,109.0639359,22.9626327,未记录,True,1077
WY017,48,,河流,387841547,4.314,109.0632635,22.962711,未记录,True,1078
WY017,49,,河流,387841547,4.314,109.0623747,22.9622698,未记录,True,1079
WY017,50,,河流,387841547,4.314,109.0615554,22.9622769,未记录,True,1080
WY017,51,,河流,387841547,4.314,109.0612076,22.9619993,未记录,True,1081
WY017,52,,河流,387841547,4.314,109.0606511,22.9620278,未记录,True,1082
WY017,53,,河流,387841547,4.314,109.0603033,22.9617858,未记录,True,1083
WY017,54,,河流,387841547,4.314,109.0599787,22.9618285,未记录,True,1084
WY017,55,,河流,387841547,4.314,109.0598628,22.9620136,未记录,True,1085
WY017,56,,河流,387841547,4.314,109.0599014,22.962405,未记录,True,1086
WY017,57,,河流,387841547,4.314,109.0598551,22.9626185,未记录,True,1087
WY017,58,,河流,387841547,4.314,109.0596541,22.9628462,未记录,True,1088
WY017,59,,河流,387841547,4.314,109.0594222,22.9628177,未记录,True,1089
WY017,60,,河流,387841547,4.314,109.0591749,22.9623836,未记录,True,1090
WY017,61,,河流,387841547,4.314,109.0586107,22.9622911,未记录,True,1091
WY017,62,,河流,387841547,4.314,109.058317,22.9624904,未记录,True,1092
WY017,63,,河流,387841547,4.314,109.0581624,22.9629672,未记录,True,1093
WY017,64,,河流,387841547,4.314,109.0581392,22.9635436,未记录,True,1094
WY017,65,,河流,387841547,4.314,109.0580078,22.9636361,未记录,True,1095
WY017,66,,河流,387841547,4.314,109.0578069,22.963508,未记录,True,1096
WY017,67,,河流,387841547,4.314,109.0577992,22.9632945,未记录,True,1097
WY017,68,,河流,387841547,4.314,109.0576987,22.9629814,未记录,True,1098
WY017,69,,河流,387841547,4.314,109.0576832,22.9624477,未记录,True,1099
WY017,70,,河流,387841547,4.314,109.0574514,22.9622057,未记录,True,1100
WY017,71,,河流,387841547,4.314,109.0571422,22.9618926,未记录,True,1101
WY017,72,,河流,387841547,4.314,109.0569026,22.9618926,未记录,True,1102
WY017,73,,河流,387841547,4.314,109.0568485,22.9620634,未记录,True,1103
WY017,74,,河流,387841547,4.314,109.0569567,22.9626541,未记录,True,1104
WY017,75,,河流,387841547,4.314,109.0567635,22.9631166,未记录,True,1105
WY017,76,,河流,387841547,4.314,109.0562534,22.9630739,未记录,True,1106
WY017,77,,河流,387841547,4.314,109.0559519,22.9630953,未记录,True,1107
WY017,78,,河流,387841547,4.314,109.0553491,22.9626683,未记录,True,1108
WY017,79,,河流,387841547,4.314,109.0553877,22.9620919,未记录,True,1109
WY017,80,,河流,387841547,4.314,109.0551868,22.9617431,未记录,True,1110
WY017,81,,河流,387841547,4.314,109.0547308,22.9616862,未记录,True,1111
WY017,82,,河流,387841547,4.314,109.0545839,22.9618997,未记录,True,1112
WY017,83,,河流,387841547,4.314,109.0545685,22.9621488,未记录,True,1113
WY017,84,,河流,387841547,4.314,109.0544834,22.9627964,未记录,True,1114
WY017,85,,河流,387841547,4.314,109.0539424,22.9637998,未记录,True,1115
WY017,86,,河流,387841547,4.314,109.0536565,22.9641129,未记录,True,1116
WY018,1,,河流,387841550,4.663,109.0951536,22.9838244,未记录,True,1117
WY018,2,,河流,387841550,4.663,109.0953855,22.9833548,未记录,True,1118
WY018,3,,河流,387841550,4.663,109.095826,22.9834402,未记录,True,1119
WY018,4,,河流,387841550,4.663,109.0963902,22.9831556,未记录,True,1120
WY018,5,,河流,387841550,4.663,109.0964984,22.9828709,未记录,True,1121
WY018,6,,河流,387841550,4.663,109.0963361,22.9826788,未记录,True,1122
WY018,7,,河流,387841550,4.663,109.0959767,22.9823017,未记录,True,1123
WY018,8,,河流,387841550,4.663,109.0957372,22.9819602,未记录,True,1124
WY018,9,,河流,387841550,4.663,109.0957681,22.9817824,未记录,True,1125
WY018,10,,河流,387841550,4.663,109.096479,22.9814694,未记录,True,1126
WY018,11,,河流,387841550,4.663,109.0967726,22.9810924,未记录,True,1127
WY018,12,,河流,387841550,4.663,109.096904,22.9807865,未记录,True,1128
WY018,13,,河流,387841550,4.663,109.0972749,22.9804592,未记录,True,1129
WY018,14,,河流,387841550,4.663,109.0972594,22.980132,未记录,True,1130
WY018,15,,河流,387841550,4.663,109.0972208,22.9798759,未记录,True,1131
WY018,16,,河流,387841550,4.663,109.0972749,22.9796269,未记录,True,1132
WY018,17,,河流,387841550,4.663,109.0970817,22.9794917,未记录,True,1133
WY018,18,,河流,387841550,4.663,109.0965176,22.9796198,未记录,True,1134
WY018,19,,河流,387841550,4.663,109.0964404,22.9794562,未记录,True,1135
WY018,20,,河流,387841550,4.663,109.0965176,22.9792712,未记录,True,1136
WY018,21,,河流,387841550,4.663,109.0966722,22.9790222,未记录,True,1137
WY018,22,,河流,387841550,4.663,109.0966413,22.9787661,未记录,True,1138
WY018,23,,河流,387841550,4.663,109.096054,22.978574,未记录,True,1139
WY018,24,,河流,387841550,4.663,109.0959072,22.9782041,未记录,True,1140
WY018,25,,河流,387841550,4.663,109.0958917,22.9778057,未记录,True,1141
WY018,26,,河流,387841550,4.663,109.0955363,22.9775709,未记录,True,1142
WY018,27,,河流,387841550,4.663,109.0952968,22.9776421,未记录,True,1143
WY018,28,,河流,387841550,4.663,109.095204,22.9777986,未记录,True,1144
WY018,29,,河流,387841550,4.663,109.0951731,22.9782752,未记录,True,1145
WY018,30,,河流,387841550,4.663,109.0949722,22.9784531,未记录,True,1146
WY018,31,,河流,387841550,4.663,109.0946322,22.9784673,未记录,True,1147
WY018,32,,河流,387841550,4.663,109.0942768,22.9781828,未记录,True,1148
WY018,33,,河流,387841550,4.663,109.0940604,22.9777061,未记录,True,1149
WY018,34,,河流,387841550,4.663,109.0935813,22.9773789,未记录,True,1150
WY018,35,,河流,387841550,4.663,109.0932568,22.9773077,未记录,True,1151
WY018,36,,河流,387841550,4.663,109.0925382,22.9775709,未记录,True,1152
WY018,37,,河流,387841550,4.663,109.0921827,22.9774642,未记录,True,1153
WY018,38,,河流,387841550,4.663,109.0917732,22.9767386,未记录,True,1154
WY018,39,,河流,387841550,4.663,109.0915336,22.9765963,未记录,True,1155
WY018,40,,河流,387841550,4.663,109.0909927,22.9763544,未记录,True,1156
WY018,41,,河流,387841550,4.663,109.0908073,22.9760983,未记录,True,1157
WY018,42,,河流,387841550,4.663,109.0903128,22.9758778,未记录,True,1158
WY018,43,,河流,387841550,4.663,109.0898182,22.975892,未记录,True,1159
WY018,44,,河流,387841550,4.663,109.0894241,22.975828,未记录,True,1160
WY018,45,,河流,387841550,4.663,109.088976,22.9754367,未记录,True,1161
WY018,46,,河流,387841550,4.663,109.0888291,22.9751593,未记录,True,1162
WY018,47,,河流,387841550,4.663,109.0889141,22.9749672,未记录,True,1163
WY018,48,,河流,387841550,4.663,109.0890378,22.9748107,未记录,True,1164
WY018,49,,河流,387841550,4.663,109.0889837,22.9745546,未记录,True,1165
WY018,50,,河流,387841550,4.663,109.0888291,22.9743909,未记录,True,1166
WY018,51,,河流,387841550,4.663,109.0885046,22.9743127,未记录,True,1167
WY018,52,,河流,387841550,4.663,109.0883037,22.9744478,未记录,True,1168
WY018,53,,河流,387841550,4.663,109.088126,22.9747609,未记录,True,1169
WY018,54,,河流,387841550,4.663,109.0879096,22.974832,未记录,True,1170
WY018,55,,河流,387841550,4.663,109.0872837,22.9745617,未记录,True,1171
WY018,56,,河流,387841550,4.663,109.0871137,22.9745972,未记录,True,1172
WY018,57,,河流,387841550,4.663,109.086851,22.9748605,未记录,True,1173
WY018,58,,河流,387841550,4.663,109.0864956,22.975145,未记录,True,1174
WY018,59,,河流,387841550,4.663,109.0864878,22.975643,未记录,True,1175
WY018,60,,河流,387841550,4.663,109.0861401,22.9759134,未记录,True,1176
WY018,61,,河流,387841550,4.663,109.0858928,22.9763331,未记录,True,1177
WY018,62,,河流,387841550,4.663,109.0855451,22.9765679,未记录,True,1178
WY018,63,,河流,387841550,4.663,109.0853365,22.9771797,未记录,True,1179
WY018,64,,河流,387841550,4.663,109.0851433,22.9772224,未记录,True,1180
WY018,65,,河流,387841550,4.663,109.0845638,22.9766532,未记录,True,1181
WY018,66,,河流,387841550,4.663,109.0841542,22.9765608,未记录,True,1182
WY018,67,,河流,387841550,4.663,109.0836597,22.9769093,未记录,True,1183
WY018,68,,河流,387841550,4.663,109.0831883,22.9773931,未记录,True,1184
WY018,69,,河流,387841550,4.663,109.0830183,22.9774358,未记录,True,1185
WY018,70,,河流,387841550,4.663,109.0825702,22.9772152,未记录,True,1186
WY018,71,,河流,387841550,4.663,109.0824929,22.9770303,未记录,True,1187
WY018,72,,河流,387841550,4.663,109.0825238,22.9764754,未记录,True,1188
WY018,73,,河流,387841550,4.663,109.0826088,22.9759774,未记录,True,1189
WY018,74,,河流,387841550,4.663,109.0828174,22.9758422,未记录,True,1190
WY018,75,,河流,387841550,4.663,109.0830183,22.9757924,未记录,True,1191
WY018,76,,河流,387841550,4.663,109.0831033,22.975579,未记录,True,1192
WY018,77,,河流,387841550,4.663,109.0830338,22.9754367,未记录,True,1193
WY018,78,,河流,387841550,4.663,109.0822997,22.9748107,未记录,True,1194
WY018,79,,河流,387841550,4.663,109.0818206,22.9739001,未记录,True,1195
WY018,80,,河流,387841550,4.663,109.0816738,22.9733736,未记录,True,1196
WY018,81,,河流,387841550,4.663,109.0813647,22.9730037,未记录,True,1197
WY018,82,,河流,387841550,4.663,109.0808934,22.9727191,未记录,True,1198
WY018,83,,河流,387841550,4.663,109.0804375,22.9726266,未记录,True,1199
WY018,84,,河流,387841550,4.663,109.0792707,22.9718938,未记录,True,1200
WY018,85,,河流,387841550,4.663,109.0783898,22.9711966,未记录,True,1201
WY018,86,,河流,387841550,4.663,109.0785907,22.970535,未记录,True,1202
WY018,87,,河流,387841550,4.663,109.0783125,22.970165,未记录,True,1203
WY018,88,,河流,387841550,4.663,109.0767575,22.9688508,未记录,True,1204
WY018,89,,河流,387841550,4.663,109.0769585,22.968189,未记录,True,1205
WY018,90,,河流,387841550,4.663,109.0769662,22.9678759,未记录,True,1206
WY018,91,,河流,387841550,4.663,109.0767266,22.967755,未记录,True,1207
WY018,92,,河流,387841550,4.663,109.0761393,22.9678902,未记录,True,1208
WY018,93,,河流,387841550,4.663,109.0757297,22.9679186,未记录,True,1209
WY018,94,,河流,387841550,4.663,109.0755983,22.9677052,未记录,True,1210
WY018,95,,河流,387841550,4.663,109.0757838,22.9672711,未记录,True,1211
WY018,96,,河流,387841550,4.663,109.0756447,22.967143,未记录,True,1212
WY018,97,,河流,387841550,4.663,109.0752829,22.9671662,未记录,True,1213
WY019,1,,河流,387844267,9.632,109.1003975,23.0493312,未记录,True,1214
WY019,2,,河流,387844267,9.632,109.1005753,23.0486766,未记录,True,1215
WY019,3,,河流,387844267,9.632,109.1004129,23.0483991,未记录,True,1216
WY019,4,,河流,387844267,9.632,109.099864,23.0483636,未记录,True,1217
WY019,5,,河流,387844267,9.632,109.0996011,23.0482426,未记录,True,1218
WY019,6,,河流,387844267,9.632,109.0990444,23.0484205,未记录,True,1219
WY019,7,,河流,387844267,9.632,109.098132,23.0486197,未记录,True,1220
WY019,8,,河流,387844267,9.632,109.0971655,23.0484774,未记录,True,1221
WY019,9,,河流,387844267,9.632,109.0966475,23.048022,未记录,True,1222
WY019,10,,河流,387844267,9.632,109.0960676,23.0476023,未记录,True,1223
WY019,11,,河流,387844267,9.632,109.0954954,23.0477303,未记录,True,1224
WY019,12,,河流,387844267,9.632,109.095016,23.0486979,未记录,True,1225
WY019,13,,河流,387844267,9.632,109.0947609,23.0491746,未记录,True,1226
WY019,14,,河流,387844267,9.632,109.0941655,23.0493098,未记录,True,1227
WY019,15,,河流,387844267,9.632,109.0935933,23.0489398,未记录,True,1228
WY019,16,,河流,387844267,9.632,109.0930212,23.0477873,未记录,True,1229
WY019,17,,河流,387844267,9.632,109.0926732,23.0462647,未记录,True,1230
WY019,18,,河流,387844267,9.632,109.0923562,23.046101,未记录,True,1231
WY019,19,,河流,387844267,9.632,109.0919619,23.0460939,未记录,True,1232
WY019,20,,河流,387844267,9.632,109.0902686,23.0454322,未记录,True,1233
WY019,21,,河流,387844267,9.632,109.0897583,23.0454749,未记录,True,1234
WY019,22,,河流,387844267,9.632,109.0895031,23.0458236,未记录,True,1235
WY019,23,,河流,387844267,9.632,109.0888536,23.0473177,未记录,True,1236
WY019,24,,河流,387844267,9.632,109.088699,23.0484774,未记录,True,1237
WY019,25,,河流,387844267,9.632,109.0885134,23.0488474,未记录,True,1238
WY019,26,,河流,387844267,9.632,109.087833,23.0488402,未记录,True,1239
WY019,27,,河流,387844267,9.632,109.0872222,23.0483849,未记录,True,1240
WY019,28,,河流,387844267,9.632,109.0866655,23.0477873,未记录,True,1241
WY019,29,,河流,387844267,9.632,109.0862093,23.0474884,未记录,True,1242
WY019,30,,河流,387844267,9.632,109.0857454,23.0471042,未记录,True,1243
WY019,31,,河流,387844267,9.632,109.08515,23.0465279,未记录,True,1244
WY019,32,,河流,387844267,9.632,109.0842918,23.0458591,未记录,True,1245
WY019,33,,河流,387844267,9.632,109.0831784,23.0452971,未记录,True,1246
WY019,34,,河流,387844267,9.632,109.0827531,23.044863,未记录,True,1247
WY019,35,,河流,387844267,9.632,109.0820186,23.0443081,未记录,True,1248
WY019,36,,河流,387844267,9.632,109.0815005,23.0435254,未记录,True,1249
WY019,37,,河流,387844267,9.632,109.0808936,23.0429349,未记录,True,1250
WY019,38,,河流,387844267,9.632,109.0803678,23.0424297,未记录,True,1251
WY019,39,,河流,387844267,9.632,109.0790998,23.0420171,未记录,True,1252
WY019,40,,河流,387844267,9.632,109.0786359,23.0419673,未记录,True,1253
WY019,41,,河流,387844267,9.632,109.0782571,23.0423515,未记录,True,1254
WY019,42,,河流,387844267,9.632,109.0770046,23.0427997,未记录,True,1255
WY019,43,,河流,387844267,9.632,109.0759453,23.0427855,未记录,True,1256
WY019,44,,河流,387844267,9.632,109.0754582,23.0426787,未记录,True,1257
WY019,45,,河流,387844267,9.632,109.0754273,23.0424582,未记录,True,1258
WY019,46,,河流,387844267,9.632,109.0753113,23.0420455,未记录,True,1259
WY019,47,,河流,387844267,9.632,109.0754582,23.0414194,未记录,True,1260
WY019,48,,河流,387844267,9.632,109.0753113,23.0404091,未记录,True,1261
WY019,49,,河流,387844267,9.632,109.0752263,23.040153,未记录,True,1262
WY019,50,,河流,387844267,9.632,109.0737418,23.0399467,未记录,True,1263
WY019,51,,河流,387844267,9.632,109.073046,23.0400676,未记录,True,1264
WY019,52,,河流,387844267,9.632,109.0723115,23.0406439,未记录,True,1265
WY019,53,,河流,387844267,9.632,109.07126,23.0407222,未记录,True,1266
WY019,54,,河流,387844267,9.632,109.0707188,23.0406439,未记录,True,1267
WY019,55,,河流,387844267,9.632,109.0698296,23.040089,未记录,True,1268
WY019,56,,河流,387844267,9.632,109.0685385,23.0393988,未记录,True,1269
WY019,57,,河流,387844267,9.632,109.0682988,23.039164,未记录,True,1270
WY019,58,,河流,387844267,9.632,109.06809,23.0384454,未记录,True,1271
WY019,59,,河流,387844267,9.632,109.0683993,23.037862,未记录,True,1272
WY019,60,,河流,387844267,9.632,109.0685385,23.0374493,未记录,True,1273
WY019,61,,河流,387844267,9.632,109.0684766,23.0370367,未记录,True,1274
WY019,62,,河流,387844267,9.632,109.068523,23.036005,未记录,True,1275
WY019,63,,河流,387844267,9.632,109.0687704,23.0353931,未记录,True,1276
WY019,64,,河流,387844267,9.632,109.0692807,23.0350587,未记录,True,1277
WY019,65,,河流,387844267,9.632,109.07126,23.034397,未记录,True,1278
WY019,66,,河流,387844267,9.632,109.0726207,23.0340127,未记录,True,1279
WY019,67,,河流,387844267,9.632,109.0727135,23.0337779,未记录,True,1280
WY019,68,,河流,387844267,9.632,109.0725125,23.0323122,未记录,True,1281
WY019,69,,河流,387844267,9.632,109.0717935,23.0312591,未记录,True,1282
WY019,70,,河流,387844267,9.632,109.0702162,23.0296866,未记录,True,1283
WY019,71,,河流,387844267,9.632,109.0690024,23.0287189,未记录,True,1284
WY019,72,,河流,387844267,9.632,109.0681905,23.028292,未记录,True,1285
WY019,73,,河流,387844267,9.632,109.0679277,23.0277583,未记录,True,1286
WY019,74,,河流,387844267,9.632,109.0674096,23.0274239,未记录,True,1287
WY019,75,,河流,387844267,9.632,109.0673401,23.0269329,未记录,True,1288
WY019,76,,河流,387844267,9.632,109.0670308,23.0261716,未记录,True,1289
WY019,77,,河流,387844267,9.632,109.0668839,23.0255667,未记录,True,1290
WY019,78,,河流,387844267,9.632,109.0667254,23.0243784,未记录,True,1291
WY019,79,,河流,387844267,9.632,109.0665167,23.0235602,未记录,True,1292
WY019,80,,河流,387844267,9.632,109.0660374,23.0227989,未记录,True,1293
WY019,81,,河流,387844267,9.632,109.0653493,23.0222155,未记录,True,1294
WY019,82,,河流,387844267,9.632,109.0651329,23.0219166,未记录,True,1295
WY019,83,,河流,387844267,9.632,109.0648855,23.0218384,未记录,True,1296
WY019,84,,河流,387844267,9.632,109.0638264,23.0206288,未记录,True,1297
WY019,85,,河流,387844267,9.632,109.0629064,23.0196327,未记录,True,1298
WY019,86,,河流,387844267,9.632,109.0623343,23.0192129,未记录,True,1299
WY019,87,,河流,387844267,9.632,109.0617545,23.0191418,未记录,True,1300
WY019,88,,河流,387844267,9.632,109.0611206,23.0197039,未记录,True,1301
WY019,89,,河流,387844267,9.632,109.05976,23.0204794,未记录,True,1302
WY019,90,,河流,387844267,9.632,109.0590333,23.0207996,未记录,True,1303
WY019,91,,河流,387844267,9.632,109.0580375,23.021095,未记录,True,1304
WY019,92,,河流,387844267,9.632,109.0569165,23.0213724,未记录,True,1305
WY019,93,,河流,387844267,9.632,109.0559889,23.0214222,未记录,True,1306
WY019,94,,河流,387844267,9.632,109.0550844,23.0212301,未记录,True,1307
WY019,95,,河流,387844267,9.632,109.0539635,23.0208388,未记录,True,1308
WY019,96,,河流,387844267,9.632,109.0538166,23.020476,未记录,True,1309
WY019,97,,河流,387844267,9.632,109.0541104,23.0192949,未记录,True,1310
WY019,98,,河流,387844267,9.632,109.0539248,23.0190032,未记录,True,1311
WY019,99,,河流,387844267,9.632,109.0532909,23.018932,未记录,True,1312
WY019,100,,河流,387844267,9.632,109.0522937,23.0190886,未记录,True,1313
WY019,101,,河流,387844267,9.632,109.0510413,23.0192309,未记录,True,1314
WY019,102,,河流,387844267,9.632,109.0492633,23.0191739,未记录,True,1315
WY019,103,,河流,387844267,9.632,109.047323,23.0186759,未记录,True,1316
WY019,104,,河流,387844267,9.632,109.0460629,23.0182774,未记录,True,1317
WY020,1,,河流,387844268,0.206,109.1007635,23.0511547,未记录,True,1318
WY020,2,,河流,387844268,0.206,109.1003975,23.0493312,未记录,True,1319
WY021,1,,河流,387844269,2.337,109.0460629,23.0182774,未记录,True,1320
WY021,2,,河流,387844269,2.337,109.0448492,23.0178648,未记录,True,1321
WY021,3,,河流,387844269,2.337,109.0434809,23.0177438,未记录,True,1322
WY021,4,,河流,387844269,2.337,109.04236,23.0172884,未记录,True,1323
WY021,5,,河流,387844269,2.337,109.0419657,23.0169256,未记录,True,1324
WY021,6,,河流,387844269,2.337,109.0419889,23.0163137,未记录,True,1325
WY021,7,,河流,387844269,2.337,109.0426305,23.0154599,未记录,True,1326
WY021,8,,河流,387844269,2.337,109.0432799,23.0151468,未记录,True,1327
WY021,9,,河流,387844269,2.337,109.0441225,23.0143784,未记录,True,1328
WY021,10,,河流,387844269,2.337,109.0440993,23.0140511,未记录,True,1329
WY021,11,,河流,387844269,2.337,109.0431717,23.0126209,未记录,True,1330
WY021,12,,河流,387844269,2.337,109.043133,23.0121655,未记录,True,1331
WY021,13,,河流,387844269,2.337,109.0427465,23.0114468,未记录,True,1332
WY021,14,,河流,387844269,2.337,109.0421667,23.010657,未记录,True,1333
WY021,15,,河流,387844269,2.337,109.041757,23.0104792,未记录,True,1334
WY021,16,,河流,387844269,2.337,109.0410999,23.0107353,未记录,True,1335
WY021,17,,河流,387844269,2.337,109.0406592,23.0108776,未记录,True,1336
WY021,18,,河流,387844269,2.337,109.0404351,23.0110697,未记录,True,1337
WY021,19,,河流,387844269,2.337,109.0402031,23.0111409,未记录,True,1338
WY021,20,,河流,387844269,2.337,109.03926,23.0112832,未记录,True,1339
WY021,21,,河流,387844269,2.337,109.0380463,23.0117599,未记录,True,1340
WY021,22,,河流,387844269,2.337,109.0374975,23.0121868,未记录,True,1341
WY021,23,,河流,387844269,2.337,109.0367476,23.0126422,未记录,True,1342
WY021,24,,河流,387844269,2.337,109.0362026,23.0128628,未记录,True,1343
WY021,25,,河流,387844269,2.337,109.0352093,23.0127797,未记录,True,1344
WY021,26,,河流,387844269,2.337,109.0335834,23.0125005,未记录,True,1345
WY021,27,,河流,387844269,2.337,109.0328115,23.012583313703743,未记录,True,1346
WY022,1,,河流,387844269,0.23,109.0328115,22.99022552361553,未记录,True,1347
WY022,2,,河流,387844269,0.23,109.0334486,22.9897155,未记录,True,1348
WY022,3,,河流,387844269,0.23,109.0334486,22.9890505,未记录,True,1349
WY022,4,,河流,387844269,0.23,109.0328115,22.988837235286613,未记录,True,1350
WY023,1,,溪流,387844270,1.37,109.0773796,23.0500321,未记录,True,1351
WY023,2,,溪流,387844270,1.37,109.0783918,23.0489999,未记录,True,1352
WY023,3,,溪流,387844270,1.37,109.0793519,23.0484141,未记录,True,1353
WY023,4,,溪流,387844270,1.37,109.0794941,23.047723,未记录,True,1354
WY023,5,,溪流,387844270,1.37,109.0795096,23.0473886,未记录,True,1355
WY023,6,,溪流,387844270,1.37,109.0794091,23.0469617,未记录,True,1356
WY023,7,,溪流,387844270,1.37,109.0794709,23.0467554,未记录,True,1357
WY023,8,,溪流,387844270,1.37,109.0793704,23.0462432,未记录,True,1358
WY023,9,,溪流,387844270,1.37,109.0788988,23.0460155,未记录,True,1359
WY023,10,,溪流,387844270,1.37,109.0784813,23.046108,未记录,True,1360
WY023,11,,溪流,387844270,1.37,109.0779633,23.0461934,未记录,True,1361
WY023,12,,溪流,387844270,1.37,109.0776927,23.0462788,未记录,True,1362
WY023,13,,溪流,387844270,1.37,109.077569,23.0462574,未记录,True,1363
WY023,14,,溪流,387844270,1.37,109.0774762,23.046108,未记录,True,1364
WY023,15,,溪流,387844270,1.37,109.0775844,23.0458875,未记录,True,1365
WY023,16,,溪流,387844270,1.37,109.0773448,23.0457452,未记录,True,1366
WY023,17,,溪流,387844270,1.37,109.0773061,23.0454677,未记录,True,1367
WY023,18,,溪流,387844270,1.37,109.0771901,23.045489,未记录,True,1368
WY023,19,,溪流,387844270,1.37,109.077051,23.0451973,未记录,True,1369
WY023,20,,溪流,387844270,1.37,109.0769118,23.045055,未记录,True,1370
WY023,21,,溪流,387844270,1.37,109.0769659,23.0445428,未记录,True,1371
WY023,22,,溪流,387844270,1.37,109.077221,23.0445286,未记录,True,1372
WY023,23,,溪流,387844270,1.37,109.0773448,23.0443436,未记录,True,1373
WY023,24,,溪流,387844270,1.37,109.0774375,23.0441017,未记录,True,1374
WY023,25,,溪流,387844270,1.37,109.0777623,23.04381,未记录,True,1375
WY023,26,,溪流,387844270,1.37,109.0776231,23.0437175,未记录,True,1376
WY023,27,,溪流,387844270,1.37,109.0774762,23.0435183,未记录,True,1377
WY023,28,,溪流,387844270,1.37,109.0772829,23.0435467,未记录,True,1378
WY023,29,,溪流,387844270,1.37,109.0768963,23.0435112,未记录,True,1379
WY023,30,,溪流,387844270,1.37,109.0766876,23.0433831,未记录,True,1380
WY023,31,,溪流,387844270,1.37,109.0764865,23.0434329,未记录,True,1381
WY023,32,,溪流,387844270,1.37,109.0760922,23.0432835,未记录,True,1382
WY023,33,,溪流,387844270,1.37,109.0755046,23.0429847,未记录,True,1383
WY023,34,,溪流,387844270,1.37,109.0754196,23.042757,未记录,True,1384
WY023,35,,溪流,387844270,1.37,109.0754582,23.0426787,未记录,True,1385
WY024,1,,溪流,387844271,1.011,109.0416719,23.0253994,未记录,True,1386
WY024,2,,溪流,387844271,1.011,109.0422285,23.0254634,未记录,True,1387
WY024,3,,溪流,387844271,1.011,109.042445,23.0253994,未记录,True,1388
WY024,4,,溪流,387844271,1.011,109.0428856,23.0254634,未记录,True,1389
WY024,5,,溪流,387844271,1.011,109.0432644,23.0253282,未记录,True,1390
WY024,6,,溪流,387844271,1.011,109.0435041,23.0253211,未记录,True,1391
WY024,7,,溪流,387844271,1.011,109.0435118,23.0251788,未记录,True,1392
WY024,8,,溪流,387844271,1.011,109.0433727,23.0249796,未记录,True,1393
WY024,9,,溪流,387844271,1.011,109.0434036,23.0248231,未记录,True,1394
WY024,10,,溪流,387844271,1.011,109.0434964,23.0247591,未记录,True,1395
WY024,11,,溪流,387844271,1.011,109.0437283,23.0246808,未记录,True,1396
WY024,12,,溪流,387844271,1.011,109.0439061,23.0244603,未记录,True,1397
WY024,13,,溪流,387844271,1.011,109.0440143,23.0239338,未记录,True,1398
WY024,14,,溪流,387844271,1.011,109.0439061,23.0236136,未记录,True,1399
WY024,15,,溪流,387844271,1.011,109.0439756,23.0232009,未记录,True,1400
WY024,16,,溪流,387844271,1.011,109.0437978,23.0226318,未记录,True,1401
WY024,17,,溪流,387844271,1.011,109.0432103,23.0223401,未记录,True,1402
WY024,18,,溪流,387844271,1.011,109.0429784,23.0220768,未记录,True,1403
WY024,19,,溪流,387844271,1.011,109.0430093,23.0219559,未记录,True,1404
WY024,20,,溪流,387844271,1.011,109.0432026,23.0218349,未记录,True,1405
WY024,21,,溪流,387844271,1.011,109.0430712,23.0216926,未记录,True,1406
WY024,22,,溪流,387844271,1.011,109.043133,23.0214863,未记录,True,1407
WY024,23,,溪流,387844271,1.011,109.0430944,23.0214009,未记录,True,1408
WY024,24,,溪流,387844271,1.011,109.0427388,23.0213226,未记录,True,1409
WY024,25,,溪流,387844271,1.011,109.0425532,23.0213867,未记录,True,1410
WY024,26,,溪流,387844271,1.011,109.0424218,23.0211803,未记录,True,1411
WY024,27,,溪流,387844271,1.011,109.0423445,23.0210665,未记录,True,1412
WY024,28,,溪流,387844271,1.011,109.0418497,23.0209242,未记录,True,1413
WY024,29,,溪流,387844271,1.011,109.0417183,23.0210452,未记录,True,1414
WY024,30,,溪流,387844271,1.011,109.0415328,23.020974,未记录,True,1415
WY024,31,,溪流,387844271,1.011,109.0413936,23.0206681,未记录,True,1416
WY024,32,,溪流,387844271,1.011,109.0413009,23.0207321,未记录,True,1417
WY024,33,,溪流,387844271,1.011,109.0411849,23.0208317,未记录,True,1418
WY024,34,,溪流,387844271,1.011,109.0410303,23.0206396,未记录,True,1419
WY025,1,,溪流,387844272,1.696,109.0495107,23.0275978,未记录,True,1420
WY025,2,,溪流,387844272,1.696,109.0494411,23.0275267,未记录,True,1421
WY025,3,,溪流,387844272,1.696,109.0491937,23.027484,未记录,True,1422
WY025,4,,溪流,387844272,1.696,109.0487531,23.0274769,未记录,True,1423
WY025,5,,溪流,387844272,1.696,109.0484207,23.0273915,未记录,True,1424
WY025,6,,溪流,387844272,1.696,109.0483279,23.0267654,未记录,True,1425
WY025,7,,溪流,387844272,1.696,109.0481579,23.0266516,未记录,True,1426
WY025,8,,溪流,387844272,1.696,109.0474467,23.0271567,未记录,True,1427
WY025,9,,溪流,387844272,1.696,109.0471297,23.0270927,未记录,True,1428
WY025,10,,溪流,387844272,1.696,109.0471142,23.0268437,未记录,True,1429
WY025,11,,溪流,387844272,1.696,109.0472611,23.0263029,未记录,True,1430
WY025,12,,溪流,387844272,1.696,109.0472225,23.0261251,未记录,True,1431
WY025,13,,溪流,387844272,1.696,109.0469596,23.025997,未记录,True,1432
WY025,14,,溪流,387844272,1.696,109.0468901,23.0258263,未记录,True,1433
WY025,15,,溪流,387844272,1.696,109.0470524,23.0256982,未记录,True,1434
WY025,16,,溪流,387844272,1.696,109.0474853,23.0256982,未记录,True,1435
WY025,17,,溪流,387844272,1.696,109.048011,23.0259614,未记录,True,1436
WY025,18,,溪流,387844272,1.696,109.0483202,23.025933,未记录,True,1437
WY025,19,,溪流,387844272,1.696,109.048413,23.0256911,未记录,True,1438
WY025,20,,溪流,387844272,1.696,109.048413,23.0251433,未记录,True,1439
WY025,21,,溪流,387844272,1.696,109.0487686,23.024446,未记录,True,1440
WY025,22,,溪流,387844272,1.696,109.0490469,23.0240689,未记录,True,1441
WY025,23,,溪流,387844272,1.696,109.0493484,23.0239409,未记录,True,1442
WY025,24,,溪流,387844272,1.696,109.0494179,23.0236136,未记录,True,1443
WY025,25,,溪流,387844272,1.696,109.0489232,23.0231796,未记录,True,1444
WY025,26,,溪流,387844272,1.696,109.0487145,23.0231654,未记录,True,1445
WY025,27,,溪流,387844272,1.696,109.048614,23.0230587,未记录,True,1446
WY025,28,,溪流,387844272,1.696,109.0486835,23.0228381,未记录,True,1447
WY025,29,,溪流,387844272,1.696,109.048614,23.0226531,未记录,True,1448
WY025,30,,溪流,387844272,1.696,109.0482429,23.0223899,未记录,True,1449
WY025,31,,溪流,387844272,1.696,109.0480883,23.0219701,未记录,True,1450
WY025,32,,溪流,387844272,1.696,109.0481501,23.0213796,未记录,True,1451
WY025,33,,溪流,387844272,1.696,109.048096,23.0208673,未记录,True,1452
WY025,34,,溪流,387844272,1.696,109.0478641,23.0202625,未记录,True,1453
WY025,35,,溪流,387844272,1.696,109.0475162,23.0200348,未记录,True,1454
WY025,36,,溪流,387844272,1.696,109.0470137,23.0194301,未记录,True,1455
WY025,37,,溪流,387844272,1.696,109.046604,23.0189961,未记录,True,1456
WY025,38,,溪流,387844272,1.696,109.046233,23.0188538,未记录,True,1457
WY025,39,,溪流,387844272,1.696,109.0460629,23.0182774,未记录,True,1458
WY026,1,,溪流,387844273,2.61,109.1713092,23.0338751,未记录,True,1459
WY026,2,,溪流,387844273,2.61,109.1705824,23.0339676,未记录,True,1460
WY026,3,,溪流,387844273,2.61,109.1704355,23.0338609,未记录,True,1461
WY026,4,,溪流,387844273,2.61,109.1703659,23.0335834,未记录,True,1462
WY026,5,,溪流,387844273,2.61,109.1700411,23.0335834,未记录,True,1463
WY026,6,,溪流,387844273,2.61,109.1698324,23.0337755,未记录,True,1464
WY026,7,,溪流,387844273,2.61,109.1698324,23.0341313,未记录,True,1465
WY026,8,,溪流,387844273,2.61,109.1698788,23.0344942,未记录,True,1466
WY026,9,,溪流,387844273,2.61,109.1697009,23.0346721,未记录,True,1467
WY026,10,,溪流,387844273,2.61,109.1694071,23.0347077,未记录,True,1468
WY026,11,,溪流,387844273,2.61,109.1688504,23.0347077,未记录,True,1469
WY026,12,,溪流,387844273,2.61,109.1683633,23.0344515,未记录,True,1470
WY026,13,,溪流,387844273,2.61,109.1682009,23.0340673,未记录,True,1471
WY026,14,,溪流,387844273,2.61,109.1690746,23.0332419,未记录,True,1472
WY026,15,,溪流,387844273,2.61,109.1692757,23.033007,未记录,True,1473
WY026,16,,溪流,387844273,2.61,109.1690669,23.0328078,未记录,True,1474
WY026,17,,溪流,387844273,2.61,109.1679226,23.0332988,未记录,True,1475
WY026,18,,溪流,387844273,2.61,109.1674045,23.0332774,未记录,True,1476
WY026,19,,溪流,387844273,2.61,109.1673427,23.0333699,未记录,True,1477
WY026,20,,溪流,387844273,2.61,109.1673659,23.033498,未记录,True,1478
WY026,21,,溪流,387844273,2.61,109.1671184,23.0334909,未记录,True,1479
WY026,22,,溪流,387844273,2.61,109.1665463,23.0335834,未记录,True,1480
WY026,23,,溪流,387844273,2.61,109.1664303,23.0332561,未记录,True,1481
WY026,24,,溪流,387844273,2.61,109.1665076,23.0327509,未记录,True,1482
WY026,25,,溪流,387844273,2.61,109.1663762,23.032388,未记录,True,1483
WY026,26,,溪流,387844273,2.61,109.1657267,23.0324236,未记录,True,1484
WY026,27,,溪流,387844273,2.61,109.164853,23.0331849,未记录,True,1485
WY026,28,,溪流,387844273,2.61,109.1645901,23.0338396,未记录,True,1486
WY026,29,,溪流,387844273,2.61,109.1642731,23.0343234,未记录,True,1487
WY026,30,,溪流,387844273,2.61,109.1640102,23.0344373,未记录,True,1488
WY026,31,,溪流,387844273,2.61,109.1638555,23.0343234,未记录,True,1489
WY026,32,,溪流,387844273,2.61,109.1636622,23.0340175,未记录,True,1490
WY026,33,,溪流,387844273,2.61,109.1636854,23.0336261,未记录,True,1491
WY026,34,,溪流,387844273,2.61,109.1635617,23.0332205,未记录,True,1492
WY026,35,,溪流,387844273,2.61,109.1630514,23.0331849,未记录,True,1493
WY026,36,,溪流,387844273,2.61,109.1626571,23.0334269,未记录,True,1494
WY026,37,,溪流,387844273,2.61,109.162054,23.0340032,未记录,True,1495
WY026,38,,溪流,387844273,2.61,109.1620849,23.034423,未记录,True,1496
WY026,39,,溪流,387844273,2.61,109.1620153,23.0352769,未记录,True,1497
WY026,40,,溪流,387844273,2.61,109.161822,23.0365079,未记录,True,1498
WY026,41,,溪流,387844273,2.61,109.161938,23.0368281,未记录,True,1499
WY026,42,,溪流,387844273,2.61,109.1620927,23.0370059,未记录,True,1500
WY026,43,,溪流,387844273,2.61,109.1623246,23.0369277,未记录,True,1501
WY026,44,,溪流,387844273,2.61,109.1624793,23.0369633,未记录,True,1502
WY026,45,,溪流,387844273,2.61,109.162603,23.0371554,未记录,True,1503
WY026,46,,溪流,387844273,2.61,109.1629586,23.0373759,未记录,True,1504
WY026,47,,溪流,387844273,2.61,109.1628736,23.0379238,未记录,True,1505
WY026,48,,溪流,387844273,2.61,109.1627344,23.0381657,未记录,True,1506
WY026,49,,溪流,387844273,2.61,109.1622396,23.0385713,未记录,True,1507
WY026,50,,溪流,387844273,2.61,109.1619071,23.0385073,未记录,True,1508
WY026,51,,溪流,387844273,2.61,109.1613427,23.0382867,未记录,True,1509
WY026,52,,溪流,387844273,2.61,109.1610256,23.0383152,未记录,True,1510
WY026,53,,溪流,387844273,2.61,109.160987,23.0385286,未记录,True,1511
WY026,54,,溪流,387844273,2.61,109.1612612,23.0386769,未记录,True,1512
WY027,1,,河流,387844275,6.078,109.1583813,23.0459995,未记录,True,1513
WY027,2,,河流,387844275,6.078,109.1582267,23.0460706,未记录,True,1514
WY027,3,,河流,387844275,6.078,109.1579483,23.0459283,未记录,True,1515
WY027,4,,河流,387844275,6.078,109.1574612,23.044669,未记录,True,1516
WY027,5,,河流,387844275,6.078,109.1571751,23.0443132,未记录,True,1517
WY027,6,,河流,387844275,6.078,109.1568272,23.0445196,未记录,True,1518
WY027,7,,河流,387844275,6.078,109.1564097,23.0450461,未记录,True,1519
WY027,8,,河流,387844275,6.078,109.1559921,23.0456224,未记录,True,1520
WY027,9,,河流,387844275,6.078,109.155737,23.0457006,未记录,True,1521
WY027,10,,河流,387844275,6.078,109.155389,23.0456793,未记录,True,1522
WY027,11,,河流,387844275,6.078,109.1545076,23.0448184,未记录,True,1523
WY027,12,,河流,387844275,6.078,109.1542524,23.0446903,未记录,True,1524
WY027,13,,河流,387844275,6.078,109.1537653,23.0448753,未记录,True,1525
WY027,14,,河流,387844275,6.078,109.1534483,23.0452382,未记录,True,1526
WY027,15,,河流,387844275,6.078,109.1531854,23.0454089,未记录,True,1527
WY027,16,,河流,387844275,6.078,109.1524432,23.045601,未记录,True,1528
WY027,17,,河流,387844275,6.078,109.1520411,23.0457789,未记录,True,1529
WY027,18,,河流,387844275,6.078,109.1518246,23.0459995,未记录,True,1530
WY027,19,,河流,387844275,6.078,109.1518633,23.0461773,未记录,True,1531
WY027,20,,河流,387844275,6.078,109.1524432,23.0466113,未记录,True,1532
WY027,21,,河流,387844275,6.078,109.1525205,23.0469529,未记录,True,1533
WY027,22,,河流,387844275,6.078,109.1524045,23.0474082,未记录,True,1534
WY027,23,,河流,387844275,6.078,109.1520024,23.0478493,未记录,True,1535
WY027,24,,河流,387844275,6.078,109.151554,23.0479845,未记录,True,1536
WY027,25,,河流,387844275,6.078,109.1506339,23.047956,未记录,True,1537
WY027,26,,河流,387844275,6.078,109.1494122,23.0474011,未记录,True,1538
WY027,27,,河流,387844275,6.078,109.1488555,23.0473584,未记录,True,1539
WY027,28,,河流,387844275,6.078,109.1487318,23.0475078,未记录,True,1540
WY027,29,,河流,387844275,6.078,109.1487937,23.0478351,未记录,True,1541
WY027,30,,河流,387844275,6.078,109.1491493,23.0482406,未记录,True,1542
WY027,31,,河流,387844275,6.078,109.149188,23.0487316,未记录,True,1543
WY027,32,,河流,387844275,6.078,109.1489483,23.0488454,未记录,True,1544
WY027,33,,河流,387844275,6.078,109.1487473,23.0491798,未记录,True,1545
WY027,34,,河流,387844275,6.078,109.1492344,23.0496636,未记录,True,1546
WY027,35,,河流,387844275,6.078,109.1493117,23.0498059,未记录,True,1547
WY027,36,,河流,387844275,6.078,109.1489483,23.0502968,未记录,True,1548
WY027,37,,河流,387844275,6.078,109.1478426,23.0505814,未记录,True,1549
WY027,38,,河流,387844275,6.078,109.1469148,23.0504177,未记录,True,1550
WY027,39,,河流,387844275,6.078,109.1464586,23.050183,未记录,True,1551
WY027,40,,河流,387844275,6.078,109.1463349,23.0497845,未记录,True,1552
WY027,41,,河流,387844275,6.078,109.1448736,23.048881,未记录,True,1553
WY027,42,,河流,387844275,6.078,109.1439225,23.0484825,未记录,True,1554
WY027,43,,河流,387844275,6.078,109.1432962,23.0486604,未记录,True,1555
WY027,44,,河流,387844275,6.078,109.1429483,23.0492296,未记录,True,1556
WY027,45,,河流,387844275,6.078,109.1430101,23.0495782,未记录,True,1557
WY027,46,,河流,387844275,6.078,109.1440153,23.0506312,未记录,True,1558
WY027,47,,河流,387844275,6.078,109.1442782,23.0510225,未记录,True,1559
WY027,48,,河流,387844275,6.078,109.1442163,23.0512146,未记录,True,1560
WY027,49,,河流,387844275,6.078,109.1439225,23.0513071,未记录,True,1561
WY027,50,,河流,387844275,6.078,109.1435591,23.0512857,未记录,True,1562
WY027,51,,河流,387844275,6.078,109.1406751,23.0501545,未记录,True,1563
WY027,52,,河流,387844275,6.078,109.1397705,23.050183,未记录,True,1564
WY027,53,,河流,387844275,6.078,109.1393607,23.0505529,未记录,True,1565
WY027,54,,河流,387844275,6.078,109.1390514,23.050809,未记录,True,1566
WY027,55,,河流,387844275,6.078,109.1381235,23.0511079,未记录,True,1567
WY027,56,,河流,387844275,6.078,109.137505,23.051243,未记录,True,1568
WY027,57,,河流,387844275,6.078,109.1362988,23.0519189,未记录,True,1569
WY027,58,,河流,387844275,6.078,109.1360746,23.0520185,未记录,True,1570
WY027,59,,河流,387844275,6.078,109.1349302,23.0525735,未记录,True,1571
WY027,60,,河流,387844275,6.078,109.1322704,23.0529576,未记录,True,1572
WY027,61,,河流,387844275,6.078,109.131822,23.0532707,未记录,True,1573
WY027,62,,河流,387844275,6.078,109.1317292,23.0538398,未记录,True,1574
WY027,63,,河流,387844275,6.078,109.1317833,23.0544232,未记录,True,1575
WY027,64,,河流,387844275,6.078,109.1315668,23.0547292,未记录,True,1576
WY027,65,,河流,387844275,6.078,109.1316364,23.0549212,未记录,True,1577
WY027,66,,河流,387844275,6.078,109.1319921,23.0550706,未记录,True,1578
WY027,67,,河流,387844275,6.078,109.1320462,23.0552627,未记录,True,1579
WY027,68,,河流,387844275,6.078,109.1318606,23.0557038,未记录,True,1580
WY027,69,,河流,387844275,6.078,109.131822,23.0559742,未记录,True,1581
WY027,70,,河流,387844275,6.078,109.1327962,23.0571836,未记录,True,1582
WY027,71,,河流,387844275,6.078,109.132974,23.05808,未记录,True,1583
WY027,72,,河流,387844275,6.078,109.1328658,23.0584286,未记录,True,1584
WY027,73,,河流,387844275,6.078,109.1325101,23.058514,未记录,True,1585
WY027,74,,河流,387844275,6.078,109.1319998,23.0584499,未记录,True,1586
WY027,75,,河流,387844275,6.078,109.1313349,23.0584428,未记录,True,1587
WY027,76,,河流,387844275,6.078,109.1311106,23.059012,未记录,True,1588
WY027,77,,河流,387844275,6.078,109.1304844,23.0595313,未记录,True,1589
WY027,78,,河流,387844275,6.078,109.130407,23.0601147,未记录,True,1590
WY027,79,,河流,387844275,6.078,109.1305462,23.0604135,未记录,True,1591
WY027,80,,河流,387844275,6.078,109.1314895,23.0614948,未记录,True,1592
WY027,81,,河流,387844275,6.078,109.1319998,23.0617438,未记录,True,1593
WY027,82,,河流,387844275,6.078,109.132224,23.0620141,未记录,True,1594
WY027,83,,河流,387844275,6.078,109.1325565,23.0628322,未记录,True,1595
WY027,84,,河流,387844275,6.078,109.1327885,23.0637997,未记录,True,1596
WY027,85,,河流,387844275,6.078,109.1328117,23.0653363,未记录,True,1597
WY027,86,,河流,387844275,6.078,109.1326462,23.0657273,未记录,True,1598
WY028,1,,河流,387844276,8.077,109.1326462,23.0657273,未记录,True,1599
WY028,2,,河流,387844276,8.077,109.1325302,23.0658411,未记录,True,1600
WY028,3,,河流,387844276,8.077,109.1321514,23.0658767,未记录,True,1601
WY028,4,,河流,387844276,8.077,109.1315019,23.0650657,未记录,True,1602
WY028,5,,河流,387844276,8.077,109.1312699,23.0644254,未记录,True,1603
WY028,6,,河流,387844276,8.077,109.1308988,23.0638137,未记录,True,1604
WY028,7,,河流,387844276,8.077,109.1307132,23.0631165,未记录,True,1605
WY028,8,,河流,387844276,8.077,109.1306436,23.0627323,未记录,True,1606
WY028,9,,河流,387844276,8.077,109.1305199,23.0625972,未记录,True,1607
WY028,10,,河流,387844276,8.077,109.1300637,23.0627039,未记录,True,1608
WY028,11,,河流,387844276,8.077,109.1297235,23.0630453,未记录,True,1609
WY028,12,,河流,387844276,8.077,109.1294529,23.0642405,未记录,True,1610
WY028,13,,河流,387844276,8.077,109.1292209,23.065144,未记录,True,1611
WY028,14,,河流,387844276,8.077,109.1290508,23.0652293,未记录,True,1612
WY028,15,,河流,387844276,8.077,109.128641,23.0652364,未记录,True,1613
WY028,16,,河流,387844276,8.077,109.1281153,23.064895,未记录,True,1614
WY028,17,,河流,387844276,8.077,109.1279297,23.0642974,未记录,True,1615
WY028,18,,河流,387844276,8.077,109.1275586,23.0640413,未记录,True,1616
WY028,19,,河流,387844276,8.077,109.1270714,23.0640413,未记录,True,1617
WY028,20,,河流,387844276,8.077,109.1259503,23.0637354,未记录,True,1618
WY028,21,,河流,387844276,8.077,109.125672,23.0633086,未记录,True,1619
WY028,22,,河流,387844276,8.077,109.1257493,23.0626114,未记录,True,1620
WY028,23,,河流,387844276,8.077,109.1259812,23.0621988,未记录,True,1621
WY028,24,,河流,387844276,8.077,109.1261281,23.0617577,未记录,True,1622
WY028,25,,河流,387844276,8.077,109.126391,23.0613949,未记录,True,1623
WY028,26,,河流,387844276,8.077,109.1270251,23.0610178,未记录,True,1624
WY028,27,,河流,387844276,8.077,109.1280998,23.0609894,未记录,True,1625
WY028,28,,河流,387844276,8.077,109.1285946,23.0608827,未记录,True,1626
WY028,29,,河流,387844276,8.077,109.1284787,23.0604131,未记录,True,1627
WY028,30,,河流,387844276,8.077,109.1280534,23.0601997,未记录,True,1628
WY028,31,,河流,387844276,8.077,109.1278756,23.0600076,未记录,True,1629
WY028,32,,河流,387844276,8.077,109.1277055,23.0586702,未记录,True,1630
WY028,33,,河流,387844276,8.077,109.1274503,23.0578093,未记录,True,1631
WY028,34,,河流,387844276,8.077,109.1270251,23.0577382,未记录,True,1632
WY028,35,,河流,387844276,8.077,109.1266771,23.0579232,未记录,True,1633
WY028,36,,河流,387844276,8.077,109.1255637,23.0594527,未记录,True,1634
WY028,37,,河流,387844276,8.077,109.1247441,23.0599863,未记录,True,1635
WY028,38,,河流,387844276,8.077,109.1241256,23.0600147,未记录,True,1636
WY028,39,,河流,387844276,8.077,109.1229735,23.0593104,未记录,True,1637
WY028,40,,河流,387844276,8.077,109.1221926,23.0585137,未记录,True,1638
WY028,41,,河流,387844276,8.077,109.1219993,23.0584994,未记录,True,1639
WY028,42,,河流,387844276,8.077,109.1217441,23.0588125,未记录,True,1640
WY028,43,,河流,387844276,8.077,109.1214426,23.0593958,未记录,True,1641
WY028,44,,河流,387844276,8.077,109.1207158,23.0599151,未记录,True,1642
WY028,45,,河流,387844276,8.077,109.1204142,23.0597017,未记录,True,1643
WY028,46,,河流,387844276,8.077,109.119873,23.0592749,未记录,True,1644
WY028,47,,河流,387844276,8.077,109.119324,23.0581935,未记录,True,1645
WY028,48,,河流,387844276,8.077,109.1193008,23.0575319,未记录,True,1646
WY028,49,,河流,387844276,8.077,109.1187364,23.0566497,未记录,True,1647
WY028,50,,河流,387844276,8.077,109.1179786,23.0564861,未记录,True,1648
WY028,51,,河流,387844276,8.077,109.1173601,23.0567778,未记录,True,1649
WY028,52,,河流,387844276,8.077,109.117391,23.0581081,未记录,True,1650
WY028,53,,河流,387844276,8.077,109.117708,23.0593033,未记录,True,1651
WY028,54,,河流,387844276,8.077,109.1175379,23.0601215,未记录,True,1652
WY028,55,,河流,387844276,8.077,109.1172054,23.0603633,未记录,True,1653
WY028,56,,河流,387844276,8.077,109.1166333,23.0601428,未记录,True,1654
WY028,57,,河流,387844276,8.077,109.1160457,23.059097,未记录,True,1655
WY028,58,,河流,387844276,8.077,109.1156201,23.0584962,未记录,True,1656
WY028,59,,河流,387844276,8.077,109.1151608,23.0585566,未记录,True,1657
WY028,60,,河流,387844276,8.077,109.1149203,23.0592407,未记录,True,1658
WY028,61,,河流,387844276,8.077,109.1149312,23.0606794,未记录,True,1659
WY028,62,,河流,387844276,8.077,109.1147562,23.0614139,未记录,True,1660
WY028,63,,河流,387844276,8.077,109.1138815,23.0617962,未记录,True,1661
WY028,64,,河流,387844276,8.077,109.1123615,23.0613636,未记录,True,1662
WY028,65,,河流,387844276,8.077,109.1095623,23.0589389,未记录,True,1663
WY028,66,,河流,387844276,8.077,109.1095335,23.0579657,未记录,True,1664
WY028,67,,河流,387844276,8.077,109.109286,23.0576669,未记录,True,1665
WY028,68,,河流,387844276,8.077,109.1087525,23.0576954,未记录,True,1666
WY028,69,,河流,387844276,8.077,109.1079948,23.0581151,未记录,True,1667
WY028,70,,河流,387844276,8.077,109.1063943,23.0584637,未记录,True,1668
WY028,71,,河流,387844276,8.077,109.1043298,23.0586344,未记录,True,1669
WY028,72,,河流,387844276,8.077,109.1034484,23.0583356,未记录,True,1670
WY028,73,,河流,387844276,8.077,109.1032164,23.0575815,未记录,True,1671
WY028,74,,河流,387844276,8.077,109.1035876,23.0558741,未记录,True,1672
WY028,75,,河流,387844276,8.077,109.1047783,23.0555611,未记录,True,1673
WY028,76,,河流,387844276,8.077,109.1062319,23.056927,未记录,True,1674
WY028,77,,河流,387844276,8.077,109.1070515,23.0561018,未记录,True,1675
WY028,78,,河流,387844276,8.077,109.1070515,23.0551484,未记录,True,1676
WY028,79,,河流,387844276,8.077,109.1054232,23.0539912,未记录,True,1677
WY028,80,,河流,387844276,8.077,109.1046191,23.053913,未记录,True,1678
WY028,81,,河流,387844276,8.077,109.1034748,23.0542545,未记录,True,1679
WY028,82,,河流,387844276,8.077,109.1028408,23.0540197,未记录,True,1680
WY028,83,,河流,387844276,8.077,109.1027325,23.0534932,未记录,True,1681
WY028,84,,河流,387844276,8.077,109.1034671,23.0523762,未记录,True,1682
WY028,85,,河流,387844276,8.077,109.1036062,23.0517857,未记录,True,1683
WY028,86,,河流,387844276,8.077,109.1031732,23.0515082,未记录,True,1684
WY028,87,,河流,387844276,8.077,109.1017506,23.0517146,未记录,True,1685
WY028,88,,河流,387844276,8.077,109.1011243,23.0515723,未记录,True,1686
WY028,89,,河流,387844276,8.077,109.1007635,23.0511547,未记录,True,1687
WY029,1,南河,河流,445075493,7.704,109.0730372,23.195715,南河,False,1688
WY029,2,南河,河流,445075493,7.704,109.0729943,23.196642,南河,False,1689
WY029,3,南河,河流,445075493,7.704,109.0725222,23.1969773,南河,False,1690
WY029,4,南河,河流,445075493,7.704,109.0716693,23.1967939,南河,False,1691
WY029,5,南河,河流,445075493,7.704,109.0702048,23.1953995,南河,False,1692
WY029,6,南河,河流,445075493,7.704,109.0694752,23.1954586,南河,False,1693
WY029,7,南河,河流,445075493,7.704,109.0689602,23.196859,南河,False,1694
WY029,8,南河,河流,445075493,7.704,109.068574,23.1982198,南河,False,1695
WY029,9,南河,河流,445075493,7.704,109.0672007,23.1974506,南河,False,1696
WY029,10,南河,河流,445075493,7.704,109.0666857,23.1973915,南河,False,1697
WY029,11,南河,河流,445075493,7.704,109.0665141,23.1980226,南河,False,1698
WY029,12,南河,河流,445075493,7.704,109.0664926,23.1990285,南河,False,1699
WY029,13,南河,河流,445075493,7.704,109.0671793,23.1999357,南河,False,1700
WY029,14,南河,河流,445075493,7.704,109.0681878,23.200409,南河,False,1701
WY029,15,南河,河流,445075493,7.704,109.0686384,23.2012966,南河,False,1702
WY029,16,南河,河流,445075493,7.704,109.0684882,23.2016516,南河,False,1703
WY029,17,南河,河流,445075493,7.704,109.0679947,23.2015727,南河,False,1704
WY029,18,南河,河流,445075493,7.704,109.0672865,23.2013163,南河,False,1705
WY029,19,南河,河流,445075493,7.704,109.065806,23.2015924,南河,False,1706
WY029,20,南河,河流,445075493,7.704,109.0655699,23.2019079,南河,False,1707
WY029,21,南河,河流,445075493,7.704,109.0663049,23.2035784,南河,False,1708
WY029,22,南河,河流,445075493,7.704,109.0662351,23.2039985,南河,False,1709
WY029,23,南河,河流,445075493,7.704,109.0656772,23.2040182,南河,False,1710
WY029,24,南河,河流,445075493,7.704,109.0645185,23.2030124,南河,False,1711
WY029,25,南河,河流,445075493,7.704,109.0637889,23.202756,南河,False,1712
WY029,26,南河,河流,445075493,7.704,109.0632579,23.2030854,南河,False,1713
WY029,27,南河,河流,445075493,7.704,109.0630165,23.203466,南河,False,1714
WY029,28,南河,河流,445075493,7.704,109.0626302,23.2049649,南河,False,1715
WY029,29,南河,河流,445075493,7.704,109.0621785,23.2058129,南河,False,1716
WY029,30,南河,河流,445075493,7.704,109.0617494,23.2056946,南河,False,1717
WY029,31,南河,河流,445075493,7.704,109.0607194,23.2045901,南河,False,1718
WY029,32,南河,河流,445075493,7.704,109.0597324,23.2045507,南河,False,1719
WY029,33,南河,河流,445075493,7.704,109.0597753,23.2056551,南河,False,1720
WY029,34,南河,河流,445075493,7.704,109.0609342,23.2096366,南河,False,1721
WY029,35,南河,河流,445075493,7.704,109.0608975,23.2099879,南河,False,1722
WY029,36,南河,河流,445075493,7.704,109.0603579,23.2103053,南河,False,1723
WY029,37,南河,河流,445075493,7.704,109.0596836,23.2103944,南河,False,1724
WY029,38,南河,河流,445075493,7.704,109.0575139,23.2101151,南河,False,1725
WY029,39,南河,河流,445075493,7.704,109.0561415,23.2095546,南河,False,1726
WY029,40,南河,河流,445075493,7.704,109.0557052,23.2092825,南河,False,1727
WY029,41,南河,河流,445075493,7.704,109.0551273,23.208703,南河,False,1728
WY029,42,南河,河流,445075493,7.704,109.0548237,23.2083852,南河,False,1729
WY029,43,南河,河流,445075493,7.704,109.0545167,23.2084155,南河,False,1730
WY029,44,南河,河流,445075493,7.704,109.0542995,23.2086165,南河,False,1731
WY029,45,南河,河流,445075493,7.704,109.0540667,23.2088889,南河,False,1732
WY029,46,南河,河流,445075493,7.704,109.0536427,23.2116473,南河,False,1733
WY029,47,南河,河流,445075493,7.704,109.0535156,23.2120665,南河,False,1734
WY029,48,南河,河流,445075493,7.704,109.0532964,23.2122683,南河,False,1735
WY029,49,南河,河流,445075493,7.704,109.0528908,23.2122037,南河,False,1736
WY029,50,南河,河流,445075493,7.704,109.0518789,23.2115715,南河,False,1737
WY029,51,南河,河流,445075493,7.704,109.0512687,23.2116334,南河,False,1738
WY029,52,南河,河流,445075493,7.704,109.0505033,23.2119331,南河,False,1739
WY029,53,南河,河流,445075493,7.704,109.0498935,23.2118724,南河,False,1740
WY029,54,南河,河流,445075493,7.704,109.0493679,23.2117519,南河,False,1741
WY029,55,南河,河流,445075493,7.704,109.0488941,23.211817,南河,False,1742
WY029,56,南河,河流,445075493,7.704,109.0487022,23.2120898,南河,False,1743
WY029,57,南河,河流,445075493,7.704,109.0482622,23.2141727,南河,False,1744
WY029,58,南河,河流,445075493,7.704,109.0474081,23.21627,南河,False,1745
WY029,59,南河,河流,445075493,7.704,109.0473027,23.2168101,南河,False,1746
WY029,60,南河,河流,445075493,7.704,109.0471715,23.217355,南河,False,1747
WY029,61,南河,河流,445075493,7.704,109.0469544,23.2179464,南河,False,1748
WY029,62,南河,河流,445075493,7.704,109.0464542,23.2180333,南河,False,1749
WY029,63,南河,河流,445075493,7.704,109.0459191,23.2175207,南河,False,1750
WY029,64,南河,河流,445075493,7.704,109.0455993,23.21759,南河,False,1751
WY029,65,南河,河流,445075493,7.704,109.0454762,23.2178304,南河,False,1752
WY029,66,南河,河流,445075493,7.704,109.0453631,23.2189074,南河,False,1753
WY029,67,南河,河流,445075493,7.704,109.0454285,23.220294,南河,False,1754
WY029,68,南河,河流,445075493,7.704,109.0456181,23.2210623,南河,False,1755
WY029,69,南河,河流,445075493,7.704,109.0464337,23.2228291,南河,False,1756
WY029,70,南河,河流,445075493,7.704,109.0465095,23.2232736,南河,False,1757
WY029,71,南河,河流,445075493,7.704,109.0461711,23.2235218,南河,False,1758
WY029,72,南河,河流,445075493,7.704,109.0456921,23.2234907,南河,False,1759
WY029,73,南河,河流,445075493,7.704,109.0451943,23.2235897,南河,False,1760
WY029,74,南河,河流,445075493,7.704,109.0445567,23.2238869,南河,False,1761
WY029,75,南河,河流,445075493,7.704,109.0442898,23.2239181,南河,False,1762
WY029,76,南河,河流,445075493,7.704,109.0440228,23.223798,南河,False,1763
WY029,77,南河,河流,445075493,7.704,109.0433674,23.2231342,南河,False,1764
WY029,78,南河,河流,445075493,7.704,109.0429786,23.223028,南河,False,1765
WY029,79,南河,河流,445075493,7.704,109.0426261,23.2231374,南河,False,1766
WY029,80,南河,河流,445075493,7.704,109.0425959,23.2234016,南河,False,1767
WY029,81,南河,河流,445075493,7.704,109.0428878,23.2243955,南河,False,1768
WY029,82,南河,河流,445075493,7.704,109.04321338505515,23.2247021,南河,False,1769
WY030,1,,溪流,488119419,8.689,109.2048848,22.9053476,未记录,True,1770
WY030,2,,溪流,488119419,8.689,109.2051905,22.9051549,未记录,True,1771
WY030,3,,溪流,488119419,8.689,109.2055392,22.9048683,未记录,True,1772
WY030,4,,溪流,488119419,8.689,109.2061722,22.9047645,未记录,True,1773
WY030,5,,溪流,488119419,8.689,109.2066872,22.9045026,未记录,True,1774
WY030,6,,溪流,488119419,8.689,109.2069071,22.904473,未记录,True,1775
WY030,7,,溪流,488119419,8.689,109.2076045,22.9048732,未记录,True,1776
WY030,8,,溪流,488119419,8.689,109.2078674,22.904972,未记录,True,1777
WY030,9,,溪流,488119419,8.689,109.2081571,22.9048683,未记录,True,1778
WY030,10,,溪流,488119419,8.689,109.2085272,22.9047101,未记录,True,1779
WY030,11,,溪流,488119419,8.689,109.2089403,22.9047052,未记录,True,1780
WY030,12,,溪流,488119419,8.689,109.2090583,22.9046311,未记录,True,1781
WY030,13,,溪流,488119419,8.689,109.209246,22.9045471,未记录,True,1782
WY030,14,,溪流,488119419,8.689,109.2099166,22.9046558,未记录,True,1783
WY030,15,,溪流,488119419,8.689,109.2102063,22.9045866,未记录,True,1784
WY030,16,,溪流,488119419,8.689,109.2106461,22.9046756,未记录,True,1785
WY030,17,,溪流,488119419,8.689,109.2109251,22.9048782,未记录,True,1786
WY030,18,,溪流,488119419,8.689,109.2116547,22.9050116,未记录,True,1787
WY030,19,,溪流,488119419,8.689,109.2117888,22.9051944,未记录,True,1788
WY030,20,,溪流,488119419,8.689,109.2119336,22.9054563,未记录,True,1789
WY030,21,,溪流,488119419,8.689,109.2119497,22.905733,未记录,True,1790
WY030,22,,溪流,488119419,8.689,109.2122716,22.9057973,未记录,True,1791
WY030,23,,溪流,488119419,8.689,109.2128509,22.9059504,未记录,True,1792
WY030,24,,溪流,488119419,8.689,109.213264,22.9060196,未记录,True,1793
WY030,25,,溪流,488119419,8.689,109.2134786,22.9059653,未记录,True,1794
WY030,26,,溪流,488119419,8.689,109.2136234,22.9059356,未记录,True,1795
WY030,27,,溪流,488119419,8.689,109.2137521,22.9061975,未记录,True,1796
WY030,28,,溪流,488119419,8.689,109.213779,22.9064545,未记录,True,1797
WY030,29,,溪流,488119419,8.689,109.213897,22.9066373,未记录,True,1798
WY030,30,,溪流,488119419,8.689,109.2141545,22.9066669,未记录,True,1799
WY030,31,,溪流,488119419,8.689,109.2143798,22.9065236,未记录,True,1800
WY030,32,,溪流,488119419,8.689,109.2153507,22.9067015,未记录,True,1801
WY030,33,,溪流,488119419,8.689,109.215517,22.9065731,未记录,True,1802
WY030,34,,溪流,488119419,8.689,109.2156351,22.9063655,未记录,True,1803
WY030,35,,溪流,488119419,8.689,109.2158711,22.9062025,未记录,True,1804
WY030,36,,溪流,488119419,8.689,109.2161608,22.9061679,未记录,True,1805
WY030,37,,溪流,488119419,8.689,109.2163432,22.9063705,未记录,True,1806
WY030,38,,溪流,488119419,8.689,109.2168796,22.90641,未记录,True,1807
WY030,39,,溪流,488119419,8.689,109.2170566,22.9063013,未记录,True,1808
WY030,40,,溪流,488119419,8.689,109.2170459,22.9059751,未记录,True,1809
WY030,41,,溪流,488119419,8.689,109.21718,22.9058664,未记录,True,1810
WY030,42,,溪流,488119419,8.689,109.2176789,22.906153,未记录,True,1811
WY030,43,,溪流,488119419,8.689,109.2181617,22.906237,未记录,True,1812
WY030,44,,溪流,488119419,8.689,109.2191059,22.9060591,未记录,True,1813
WY030,45,,溪流,488119419,8.689,109.2199642,22.9056638,未记录,True,1814
WY030,46,,溪流,488119419,8.689,109.2205006,22.9049918,未记录,True,1815
WY030,47,,溪流,488119419,8.689,109.220565,22.9041418,未记录,True,1816
WY030,48,,溪流,488119419,8.689,109.2206937,22.9037267,未记录,True,1817
WY030,49,,溪流,488119419,8.689,109.2211872,22.9035884,未记录,True,1818
WY030,50,,溪流,488119419,8.689,109.2216593,22.9035884,未记录,True,1819
WY030,51,,溪流,488119419,8.689,109.2220885,22.90345,未记录,True,1820
WY030,52,,溪流,488119419,8.689,109.2222172,22.9026198,未记录,True,1821
WY030,53,,溪流,488119419,8.689,109.2226678,22.9026594,未记录,True,1822
WY030,54,,溪流,488119419,8.689,109.2229039,22.9030349,未记录,True,1823
WY030,55,,溪流,488119419,8.689,109.2233545,22.9032524,未记录,True,1824
WY030,56,,溪流,488119419,8.689,109.2237836,22.9030152,未记录,True,1825
WY030,57,,溪流,488119419,8.689,109.2239338,22.9026198,未记录,True,1826
WY030,58,,溪流,488119419,8.689,109.2243201,22.9023826,未记录,True,1827
WY030,59,,溪流,488119419,8.689,109.2252212,22.9023134,未记录,True,1828
WY030,60,,溪流,488119419,8.689,109.2259616,22.9026297,未记录,True,1829
WY030,61,,溪流,488119419,8.689,109.2268735,22.9029657,未记录,True,1830
WY030,62,,溪流,488119419,8.689,109.2273348,22.90261,未记录,True,1831
WY030,63,,溪流,488119419,8.689,109.2274314,22.9028867,未记录,True,1832
WY030,64,,溪流,488119419,8.689,109.227292,22.9034105,未记录,True,1833
WY030,65,,溪流,488119419,8.689,109.2278392,22.9036575,未记录,True,1834
WY030,66,,溪流,488119419,8.689,109.2285258,22.9035488,未记录,True,1835
WY030,67,,溪流,488119419,8.689,109.2373234,22.9031338,未记录,True,1836
WY030,68,,溪流,488119419,8.689,109.2504984,22.9023826,未记录,True,1837
WY030,69,,溪流,488119419,8.689,109.2517001,22.9023826,未记录,True,1838
WY030,70,,溪流,488119419,8.689,109.2590815,22.9019083,未记录,True,1839
WY030,71,,溪流,488119419,8.689,109.2661196,22.9017106,未记录,True,1840
WY030,72,,溪流,488119419,8.689,109.2750675,22.9052882,未记录,True,1841
WY030,73,,溪流,488119419,8.689,109.2755395,22.9054068,未记录,True,1842
WY030,74,,溪流,488119419,8.689,109.2768485,22.90598,未记录,True,1843
WY030,75,,溪流,488119419,8.689,109.2782861,22.9064149,未记录,True,1844
WY030,76,,溪流,488119419,8.689,109.2786938,22.9066718,未记录,True,1845
WY030,77,,溪流,488119419,8.689,109.2788869,22.9070671,未记录,True,1846
WY030,78,,溪流,488119419,8.689,109.2789513,22.9074625,未记录,True,1847
WY030,79,,溪流,488119419,8.689,109.2792732,22.9077589,未记录,True,1848
WY030,80,,溪流,488119419,8.689,109.2797023,22.907838,未记录,True,1849
WY030,81,,溪流,488119419,8.689,109.2801529,22.9077787,未记录,True,1850
WY030,82,,溪流,488119419,8.689,109.2802982,22.9076038,未记录,True,1851
WY031,1,,溪流,488313197,5.219,109.3310492,22.9454607,未记录,True,1852
WY031,2,,溪流,488313197,5.219,109.331941,22.944157,未记录,True,1853
WY031,3,,溪流,488313197,5.219,109.3320858,22.9439445,未记录,True,1854
WY031,4,,溪流,488313197,5.219,109.3326223,22.9434999,未记录,True,1855
WY031,5,,溪流,488313197,5.219,109.3331426,22.9429516,未记录,True,1856
WY031,6,,溪流,488313197,5.219,109.3338776,22.9425712,未记录,True,1857
WY031,7,,溪流,488313197,5.219,109.3341351,22.9424329,未记录,True,1858
WY031,8,,溪流,488313197,5.219,109.3345159,22.9418401,未记录,True,1859
WY031,9,,溪流,488313197,5.219,109.3351811,22.9411188,未记录,True,1860
WY031,10,,溪流,488313197,5.219,109.3351382,22.9405828,未记录,True,1861
WY031,11,,溪流,488313197,5.219,109.3347251,22.9396047,未记录,True,1862
WY031,12,,溪流,488313197,5.219,109.3338883,22.9383326,未记录,True,1863
WY031,13,,溪流,488313197,5.219,109.3328637,22.9365961,未记录,True,1864
WY031,14,,溪流,488313197,5.219,109.3327618,22.936191,未记录,True,1865
WY031,15,,溪流,488313197,5.219,109.3330086,22.9360724,未记录,True,1866
WY031,16,,溪流,488313197,5.219,109.3346286,22.9352078,未记录,True,1867
WY031,17,,溪流,488313197,5.219,109.3352509,22.9344569,未记录,True,1868
WY031,18,,溪流,488313197,5.219,109.3354011,22.9340222,未记录,True,1869
WY031,19,,溪流,488313197,5.219,109.3353796,22.9331922,未记录,True,1870
WY031,20,,溪流,488313197,5.219,109.335208,22.9322436,未记录,True,1871
WY031,21,,溪流,488313197,5.219,109.3355942,22.9309591,未记录,True,1872
WY031,22,,溪流,488313197,5.219,109.3355942,22.9301291,未记录,True,1873
WY031,23,,溪流,488313197,5.219,109.3357873,22.9292595,未记录,True,1874
WY031,24,,溪流,488313197,5.219,109.3360663,22.9284493,未记录,True,1875
WY031,25,,溪流,488313197,5.219,109.3359804,22.9255244,未记录,True,1876
WY031,26,,溪流,488313197,5.219,109.3361092,22.9242201,未记录,True,1877
WY031,27,,溪流,488313197,5.219,109.3358946,22.9238446,未记录,True,1878
WY031,28,,溪流,488313197,5.219,109.3355084,22.9236272,未记录,True,1879
WY031,29,,溪流,488313197,5.219,109.3346715,22.9235481,未记录,True,1880
WY031,30,,溪流,488313197,5.219,109.3342424,22.9234098,未记录,True,1881
WY031,31,,溪流,488313197,5.219,109.3339634,22.9230738,未记录,True,1882
WY031,32,,溪流,488313197,5.219,109.3339634,22.922224,未记录,True,1883
WY031,33,,溪流,488313197,5.219,109.3340922,22.921809,未记录,True,1884
WY031,34,,溪流,488313197,5.219,109.335208,22.9209592,未记录,True,1885
WY031,35,,溪流,488313197,5.219,109.3369031,22.9202872,未记录,True,1886
WY031,36,,溪流,488313197,5.219,109.337225,22.919971,未记录,True,1887
WY031,37,,溪流,488313197,5.219,109.3375254,22.9196152,未记录,True,1888
WY031,38,,溪流,488313197,5.219,109.3379331,22.9187852,未记录,True,1889
WY031,39,,溪流,488313197,5.219,109.3381262,22.9175203,未记录,True,1890
WY031,40,,溪流,488313197,5.219,109.3381262,22.9166507,未记录,True,1891
WY031,41,,溪流,488313197,5.219,109.3379331,22.9158206,未记录,True,1892
WY031,42,,溪流,488313197,5.219,109.3376541,22.9150498,未记录,True,1893
WY031,43,,溪流,488313197,5.219,109.3374181,22.9146742,未记录,True,1894
WY031,44,,溪流,488313197,5.219,109.3370748,22.9144173,未记录,True,1895
WY031,45,,溪流,488313197,5.219,109.3366242,22.9143778,未记录,True,1896
WY031,46,,溪流,488313197,5.219,109.336195,22.9145161,未记录,True,1897
WY031,47,,溪流,488313197,5.219,109.335723,22.9152079,未记录,True,1898
WY031,48,,溪流,488313197,5.219,109.3351436,22.9158601,未记录,True,1899
WY031,49,,溪流,488313197,5.219,109.3348003,22.9161566,未记录,True,1900
WY031,50,,溪流,488313197,5.219,109.3340493,22.9165914,未记录,True,1901
WY031,51,,溪流,488313197,5.219,109.3331266,22.9165321,未记录,True,1902
WY031,52,,溪流,488313197,5.219,109.3327189,22.9163542,未记录,True,1903
WY031,53,,溪流,488313197,5.219,109.3322039,22.9156624,未记录,True,1904
WY031,54,,溪流,488313197,5.219,109.3320752,22.9152672,未记录,True,1905
WY031,55,,溪流,488313197,5.219,109.3320752,22.9143975,未记录,True,1906
WY031,56,,溪流,488313197,5.219,109.3324238,22.9124828,未记录,True,1907
WY032,1,南河,河流,521885876,7.997,109.0883858,23.156953,南河,False,1908
WY032,2,南河,河流,521885876,7.997,109.0881352,23.1570451,南河,False,1909
WY032,3,南河,河流,521885876,7.997,109.087856,23.1570057,南河,False,1910
WY032,4,南河,河流,521885876,7.997,109.0869181,23.1565449,南河,False,1911
WY032,5,南河,河流,521885876,7.997,109.086331,23.1563737,南河,False,1912
WY032,6,南河,河流,521885876,7.997,109.0857869,23.1563408,南河,False,1913
WY032,7,南河,河流,521885876,7.997,109.0848132,23.1566568,南河,False,1914
WY032,8,南河,河流,521885876,7.997,109.0841187,23.1572755,南河,False,1915
WY032,9,南河,河流,521885876,7.997,109.0836534,23.1580326,南河,False,1916
WY032,10,南河,河流,521885876,7.997,109.0835317,23.1582037,南河,False,1917
WY032,11,南河,河流,521885876,7.997,109.0827226,23.158388,南河,False,1918
WY032,12,南河,河流,521885876,7.997,109.0824076,23.1583748,南河,False,1919
WY032,13,南河,河流,521885876,7.997,109.0815914,23.157789,南河,False,1920
WY032,14,南河,河流,521885876,7.997,109.0813838,23.1572229,南河,False,1921
WY032,15,南河,河流,521885876,7.997,109.0808755,23.1571044,南河,False,1922
WY032,16,南河,河流,521885876,7.997,109.0805461,23.1573216,南河,False,1923
WY032,17,南河,河流,521885876,7.997,109.0804316,23.1579141,南河,False,1924
WY032,18,南河,河流,521885876,7.997,109.0807108,23.1584078,南河,False,1925
WY032,19,南河,河流,521885876,7.997,109.081212,23.1588356,南河,False,1926
WY032,20,南河,河流,521885876,7.997,109.0814482,23.1592372,南河,False,1927
WY032,21,南河,河流,521885876,7.997,109.0814482,23.1595926,南河,False,1928
WY032,22,南河,河流,521885876,7.997,109.0810688,23.160343,南河,False,1929
WY032,23,南河,河流,521885876,7.997,109.0809757,23.1607117,南河,False,1930
WY032,24,南河,河流,521885876,7.997,109.0816559,23.161699,南河,False,1931
WY032,25,南河,河流,521885876,7.997,109.0814983,23.1622322,南河,False,1932
WY032,26,南河,河流,521885876,7.997,109.0810187,23.1626074,南河,False,1933
WY032,27,南河,河流,521885876,7.997,109.079508,23.1632722,南河,False,1934
WY032,28,南河,河流,521885876,7.997,109.0790713,23.1639963,南河,False,1935
WY032,29,南河,河流,521885876,7.997,109.0789925,23.1642925,南河,False,1936
WY032,30,南河,河流,521885876,7.997,109.0792502,23.164615,南河,False,1937
WY032,31,南河,河流,521885876,7.997,109.0795151,23.1649376,南河,False,1938
WY032,32,南河,河流,521885876,7.997,109.0803027,23.1657999,南河,False,1939
WY032,33,南河,河流,521885876,7.997,109.0810473,23.1662145,南河,False,1940
WY032,34,南河,河流,521885876,7.997,109.0816559,23.166649,南河,False,1941
WY032,35,南河,河流,521885876,7.997,109.082651,23.1666951,南河,False,1942
WY032,36,南河,河流,521885876,7.997,109.0833097,23.1669518,南河,False,1943
WY032,37,南河,河流,521885876,7.997,109.0834744,23.167689,南河,False,1944
WY032,38,南河,河流,521885876,7.997,109.0835675,23.1681497,南河,False,1945
WY032,39,南河,河流,521885876,7.997,109.0837106,23.1686829,南河,False,1946
WY032,40,南河,河流,521885876,7.997,109.0837751,23.1691305,南河,False,1947
WY032,41,南河,河流,521885876,7.997,109.0836748,23.1693674,南河,False,1948
WY032,42,南河,河流,521885876,7.997,109.0820568,23.1691765,南河,False,1949
WY032,43,南河,河流,521885876,7.997,109.0816559,23.1693806,南河,False,1950
WY032,44,南河,河流,521885876,7.997,109.081305,23.1697952,南河,False,1951
WY032,45,南河,河流,521885876,7.997,109.0813194,23.1705983,南河,False,1952
WY032,46,南河,河流,521885876,7.997,109.0814983,23.171059,南河,False,1953
WY032,47,南河,河流,521885876,7.997,109.0823145,23.1714408,南河,False,1954
WY032,48,南河,河流,521885876,7.997,109.08283,23.171704,南河,False,1955
WY032,49,南河,河流,521885876,7.997,109.0829374,23.1720068,南河,False,1956
WY032,50,南河,河流,521885876,7.997,109.0827083,23.1722108,南河,False,1957
WY032,51,南河,河流,521885876,7.997,109.0818134,23.1724873,南河,False,1958
WY032,52,南河,河流,521885876,7.997,109.0811762,23.1730994,南河,False,1959
WY032,53,南河,河流,521885876,7.997,109.0809542,23.1737115,南河,False,1960
WY032,54,南河,河流,521885876,7.997,109.0809399,23.1741064,南河,False,1961
WY032,55,南河,河流,521885876,7.997,109.0812191,23.1745935,南河,False,1962
WY032,56,南河,河流,521885876,7.997,109.0817203,23.1748107,南河,False,1963
WY032,57,南河,河流,521885876,7.997,109.0827513,23.174916,南河,False,1964
WY032,58,南河,河流,521885876,7.997,109.0833527,23.1749358,南河,False,1965
WY032,59,南河,河流,521885876,7.997,109.0836963,23.1752056,南河,False,1966
WY032,60,南河,河流,521885876,7.997,109.0836247,23.1754623,南河,False,1967
WY032,61,南河,河流,521885876,7.997,109.0828157,23.1757848,南河,False,1968
WY032,62,南河,河流,521885876,7.997,109.0821879,23.17585,南河,False,1969
WY032,63,南河,河流,521885876,7.997,109.081722,23.1760268,南河,False,1970
WY032,64,南河,河流,521885876,7.997,109.0815803,23.1762875,南河,False,1971
WY032,65,南河,河流,521885876,7.997,109.0817018,23.1765109,南河,False,1972
WY032,66,南河,河流,521885876,7.997,109.0828056,23.1768647,南河,False,1973
WY032,67,南河,河流,521885876,7.997,109.0831398,23.1771067,南河,False,1974
WY032,68,南河,河流,521885876,7.997,109.0832511,23.1773953,南河,False,1975
WY032,69,南河,河流,521885876,7.997,109.0824309,23.1787172,南河,False,1976
WY032,70,南河,河流,521885876,7.997,109.0822182,23.1790896,南河,False,1977
WY032,71,南河,河流,521885876,7.997,109.08236,23.1794992,南河,False,1978
WY032,72,南河,河流,521885876,7.997,109.0835347,23.1804394,南河,False,1979
WY032,73,南河,河流,521885876,7.997,109.0835609,23.1806499,南河,False,1980
WY032,74,南河,河流,521885876,7.997,109.0835752,23.1807652,南河,False,1981
WY032,75,南河,河流,521885876,7.997,109.0833828,23.1810631,南河,False,1982
WY032,76,南河,河流,521885876,7.997,109.0821879,23.1812865,南河,False,1983
WY032,77,南河,河流,521885876,7.997,109.0805575,23.1817892,南河,False,1984
WY032,78,南河,河流,521885876,7.997,109.0800005,23.1820964,南河,False,1985
WY032,79,南河,河流,521885876,7.997,109.0786739,23.1823105,南河,False,1986
WY032,80,南河,河流,521885876,7.997,109.0783195,23.1828504,南河,False,1987
WY032,81,南河,河流,521885876,7.997,109.0780967,23.183139,南河,False,1988
WY032,82,南河,河流,521885876,7.997,109.0763752,23.1835858,南河,False,1989
WY032,83,南河,河流,521885876,7.997,109.0762638,23.1839675,南河,False,1990
WY032,84,南河,河流,521885876,7.997,109.0770638,23.1855314,南河,False,1991
WY032,85,南河,河流,521885876,7.997,109.077607,23.1862779,南河,False,1992
WY032,86,南河,河流,521885876,7.997,109.0790391,23.1879432,南河,False,1993
WY032,87,南河,河流,521885876,7.997,109.0795188,23.1883711,南河,False,1994
WY032,88,南河,河流,521885876,7.997,109.0796048,23.1888055,南河,False,1995
WY032,89,南河,河流,521885876,7.997,109.0791894,23.1891412,南河,False,1996
WY032,90,南河,河流,521885876,7.997,109.0782299,23.1895295,南河,False,1997
WY032,91,南河,河流,521885876,7.997,109.0768837,23.1901351,南河,False,1998
WY032,92,南河,河流,521885876,7.997,109.0760531,23.1904312,南河,False,1999
WY032,93,南河,河流,521885876,7.997,109.0747785,23.1902338,南河,False,2000
WY032,94,南河,河流,521885876,7.997,109.0736328,23.1898257,南河,False,2001
WY032,95,南河,河流,521885876,7.997,109.0733321,23.1899968,南河,False,2002
WY032,96,南河,河流,521885876,7.997,109.0731674,23.19105,南河,False,2003
WY032,97,南河,河流,521885876,7.997,109.0729597,23.1916687,南河,False,2004
WY032,98,南河,河流,521885876,7.997,109.0725731,23.1921689,南河,False,2005
WY032,99,南河,河流,521885876,7.997,109.0715634,23.1934589,南河,False,2006
WY032,100,南河,河流,521885876,7.997,109.0715563,23.1940645,南河,False,2007
WY032,101,南河,河流,521885876,7.997,109.071857,23.1944989,南河,False,2008
WY032,102,南河,河流,521885876,7.997,109.0730372,23.195715,南河,False,2009
WY033,1,南河,河流,521885877,3.064,109.0872858,23.1406384,南河,False,2010
WY033,2,南河,河流,521885877,3.064,109.086785,23.1427848,南河,False,2011
WY033,3,南河,河流,521885877,3.064,109.0867679,23.1436372,南河,False,2012
WY033,4,南河,河流,521885877,3.064,109.0862014,23.1447263,南河,False,2013
WY033,5,南河,河流,521885877,3.064,109.0861997,23.1460374,南河,False,2014
WY033,6,南河,河流,521885877,3.064,109.0862894,23.1476177,南河,False,2015
WY033,7,南河,河流,521885877,3.064,109.0868124,23.1490192,南河,False,2016
WY033,8,南河,河流,521885877,3.064,109.0874251,23.1494177,南河,False,2017
WY033,9,南河,河流,521885877,3.064,109.0880677,23.1490742,南河,False,2018
WY033,10,南河,河流,521885877,3.064,109.0887103,23.1480574,南河,False,2019
WY033,11,南河,河流,521885877,3.064,109.0892931,23.1473291,南河,False,2020
WY033,12,南河,河流,521885877,3.064,109.0898909,23.1472879,南河,False,2021
WY033,13,南河,河流,521885877,3.064,109.0909519,23.1479749,南河,False,2022
WY033,14,南河,河流,521885877,3.064,109.0920802,23.1511008,南河,False,2023
WY033,15,南河,河流,521885877,3.064,109.0917079,23.1514761,南河,False,2024
WY033,16,南河,河流,521885877,3.064,109.0912998,23.1526742,南河,False,2025
WY033,17,南河,河流,521885877,3.064,109.0908201,23.1529375,南河,False,2026
WY033,18,南河,河流,521885877,3.064,109.0904549,23.1533654,南河,False,2027
WY033,19,南河,河流,521885877,3.064,109.0902402,23.1534707,南河,False,2028
WY033,20,南河,河流,521885877,3.064,109.0899466,23.1535168,南河,False,2029
WY033,21,南河,河流,521885877,3.064,109.0893094,23.1533917,南河,False,2030
WY033,22,南河,河流,521885877,3.064,109.088751,23.1528651,南河,False,2031
WY033,23,南河,河流,521885877,3.064,109.0879205,23.1528651,南河,False,2032
WY033,24,南河,河流,521885877,3.064,109.0872331,23.1533456,南河,False,2033
WY033,25,南河,河流,521885877,3.064,109.0871329,23.153655,南河,False,2034
WY033,26,南河,河流,521885877,3.064,109.0874909,23.1542211,南河,False,2035
WY033,27,南河,河流,521885877,3.064,109.0881281,23.15536,南河,False,2036
WY033,28,南河,河流,521885877,3.064,109.0888226,23.1559392,南河,False,2037
WY033,29,南河,河流,521885877,3.064,109.0886579,23.156558,南河,False,2038
WY033,30,南河,河流,521885877,3.064,109.0883858,23.156953,南河,False,2039
WY034,1,,河流,521885921,4.745,109.07265802772511,23.2247021,未记录,True,2040
WY034,2,,河流,521885921,4.745,109.0728476,23.2233455,未记录,True,2041
WY034,3,,河流,521885921,4.745,109.0733131,23.2229177,未记录,True,2042
WY034,4,,河流,521885921,4.745,109.0738933,23.2217264,未记录,True,2043
WY034,5,,河流,521885921,4.745,109.0739076,23.2213118,未记录,True,2044
WY034,6,,河流,521885921,4.745,109.0736354,23.2212065,未记录,True,2045
WY034,7,,河流,521885921,4.745,109.0729694,23.2215816,未记录,True,2046
WY034,8,,河流,521885921,4.745,109.0724322,23.2218712,未记录,True,2047
WY034,9,,河流,521885921,4.745,109.0717733,23.2215421,未记录,True,2048
WY034,10,,河流,521885921,4.745,109.0711503,23.2213908,未记录,True,2049
WY034,11,,河流,521885921,4.745,109.0709283,23.2211143,未记录,True,2050
WY034,12,,河流,521885921,4.745,109.0702264,23.2208313,未记录,True,2051
WY034,13,,河流,521885921,4.745,109.0695675,23.220364,未记录,True,2052
WY034,14,,河流,521885921,4.745,109.0689659,23.2202719,未记录,True,2053
WY034,15,,河流,521885921,4.745,109.0685648,23.2200678,未记录,True,2054
WY034,16,,河流,521885921,4.745,109.0681065,23.2197058,未记录,True,2055
WY034,17,,河流,521885921,4.745,109.0676195,23.2195479,未记录,True,2056
WY034,18,,河流,521885921,4.745,109.0674046,23.2196466,未记录,True,2057
WY034,19,,河流,521885921,4.745,109.0671396,23.2196861,未记录,True,2058
WY034,20,,河流,521885921,4.745,109.0667815,23.2194952,未记录,True,2059
WY034,21,,河流,521885921,4.745,109.0664879,23.2188963,未记录,True,2060
WY034,22,,河流,521885921,4.745,109.0662229,23.2187317,未记录,True,2061
WY034,23,,河流,521885921,4.745,109.0655855,23.218791,未记录,True,2062
WY034,24,,河流,521885921,4.745,109.0645685,23.2184685,未记录,True,2063
WY034,25,,河流,521885921,4.745,109.063881,23.2184619,未记录,True,2064
WY034,26,,河流,521885921,4.745,109.0635014,23.2187581,未记录,True,2065
WY034,27,,河流,521885921,4.745,109.063351,23.2194623,未记录,True,2066
WY034,28,,河流,521885921,4.745,109.0631648,23.2198441,未记录,True,2067
WY034,29,,河流,521885921,4.745,109.0628067,23.2198243,未记录,True,2068
WY034,30,,河流,521885921,4.745,109.0627781,23.2194031,未记录,True,2069
WY034,31,,河流,521885921,4.745,109.0624916,23.2189489,未记录,True,2070
WY034,32,,河流,521885921,4.745,109.0618972,23.2186791,未记录,True,2071
WY034,33,,河流,521885921,4.745,109.0615677,23.2183237,未记录,True,2072
WY034,34,,河流,521885921,4.745,109.062155,23.2176721,未记录,True,2073
WY034,35,,河流,521885921,4.745,109.0623054,23.2173364,未记录,True,2074
WY034,36,,河流,521885921,4.745,109.0622266,23.2170007,未记录,True,2075
WY034,37,,河流,521885921,4.745,109.0607727,23.2170402,未记录,True,2076
WY034,38,,河流,521885921,4.745,109.0602571,23.2168954,未记录,True,2077
WY034,39,,河流,521885921,4.745,109.0598202,23.2168625,未记录,True,2078
WY034,40,,河流,521885921,4.745,109.0594335,23.2171521,未记录,True,2079
WY034,41,,河流,521885921,4.745,109.0584666,23.2172706,未记录,True,2080
WY034,42,,河流,521885921,4.745,109.0584308,23.2175141,未记录,True,2081
WY034,43,,河流,521885921,4.745,109.0586027,23.2178498,未记录,True,2082
WY034,44,,河流,521885921,4.745,109.0585597,23.2181591,未记录,True,2083
WY034,45,,河流,521885921,4.745,109.0586886,23.218429,未记录,True,2084
WY034,46,,河流,521885921,4.745,109.0586242,23.2186791,未记录,True,2085
WY034,47,,河流,521885921,4.745,109.0581802,23.2191859,未记录,True,2086
WY034,48,,河流,521885921,4.745,109.0577719,23.2196203,未记录,True,2087
WY034,49,,河流,521885921,4.745,109.0574783,23.2202258,未记录,True,2088
WY034,50,,河流,521885921,4.745,109.0573709,23.2215948,未记录,True,2089
WY034,51,,河流,521885921,4.745,109.0572849,23.221891,未记录,True,2090
WY034,52,,河流,521885921,4.745,109.0570343,23.2219502,未记录,True,2091
WY034,53,,河流,521885921,4.745,109.056404,23.2216145,未记录,True,2092
WY034,54,,河流,521885921,4.745,109.0559098,23.2210814,未记录,True,2093
WY034,55,,河流,521885921,4.745,109.0557093,23.2204825,未记录,True,2094
WY034,56,,河流,521885921,4.745,109.0558382,23.2196729,未记录,True,2095
WY034,57,,河流,521885921,4.745,109.0556878,23.2194755,未记录,True,2096
WY034,58,,河流,521885921,4.745,109.0552653,23.2193241,未记录,True,2097
WY034,59,,河流,521885921,4.745,109.053747,23.219877,未记录,True,2098
WY034,60,,河流,521885921,4.745,109.0532385,23.2203969,未记录,True,2099
WY034,61,,河流,521885921,4.745,109.0529663,23.2206207,未记录,True,2100
WY034,62,,河流,521885921,4.745,109.0522931,23.2205483,未记录,True,2101
WY034,63,,河流,521885921,4.745,109.0518061,23.2202455,未记录,True,2102
WY034,64,,河流,521885921,4.745,109.051183,23.2201007,未记录,True,2103
WY034,65,,河流,521885921,4.745,109.0509324,23.2199099,未记录,True,2104
WY034,66,,河流,521885921,4.745,109.0508679,23.2194821,未记录,True,2105
WY034,67,,河流,521885921,4.745,109.050252,23.219199,未记录,True,2106
WY034,68,,河流,521885921,4.745,109.049543,23.2192385,未记录,True,2107
WY034,69,,河流,521885921,4.745,109.0489127,23.2194097,未记录,True,2108
WY034,70,,河流,521885921,4.745,109.0481249,23.2193833,未记录,True,2109
WY034,71,,河流,521885921,4.745,109.0478528,23.2188765,未记录,True,2110
WY034,72,,河流,521885921,4.745,109.0480175,23.2182184,未记录,True,2111
WY034,73,,河流,521885921,4.745,109.0478528,23.2173166,未记录,True,2112
WY034,74,,河流,521885921,4.745,109.0475734,23.2172179,未记录,True,2113
WY034,75,,河流,521885921,4.745,109.0471715,23.217355,未记录,True,2114
WY035,1,,河流,521885922,4.922,109.1214271,23.1821617,未记录,True,2115
WY035,2,,河流,521885922,4.922,109.1214059,23.1824642,未记录,True,2116
WY035,3,,河流,521885922,4.922,109.1214817,23.1828223,未记录,True,2117
WY035,4,,河流,521885922,4.922,109.1213847,23.1833131,未记录,True,2118
WY035,5,,河流,521885922,4.922,109.1210662,23.183353,未记录,True,2119
WY035,6,,河流,521885922,4.922,109.1207571,23.1833758,未记录,True,2120
WY035,7,,河流,521885922,4.922,109.1198246,23.1830327,未记录,True,2121
WY035,8,,河流,521885922,4.922,109.1193323,23.1830773,未记录,True,2122
WY035,9,,河流,521885922,4.922,109.1188955,23.1836573,未记录,True,2123
WY035,10,,河流,521885922,4.922,109.118119,23.1838549,未记录,True,2124
WY035,11,,河流,521885922,4.922,109.117807,23.1838549,未记录,True,2125
WY035,12,,河流,521885922,4.922,109.1172107,23.1828925,未记录,True,2126
WY035,13,,河流,521885922,4.922,109.1169333,23.1826311,未记录,True,2127
WY035,14,,河流,521885922,4.922,109.1165867,23.1825865,未记录,True,2128
WY035,15,,河流,521885922,4.922,109.1159141,23.1831028,未记录,True,2129
WY035,16,,河流,521885922,4.922,109.115512,23.183823,未记录,True,2130
WY035,17,,河流,521885922,4.922,109.1150197,23.1844986,未记录,True,2131
WY035,18,,河流,521885922,4.922,109.1141669,23.1850021,未记录,True,2132
WY035,19,,河流,521885922,4.922,109.1139658,23.1852889,未记录,True,2133
WY035,20,,河流,521885922,4.922,109.1137439,23.1854865,未记录,True,2134
WY035,21,,河流,521885922,4.922,109.113425,23.1854738,未记录,True,2135
WY035,22,,河流,521885922,4.922,109.1125999,23.1847663,未记录,True,2136
WY035,23,,河流,521885922,4.922,109.1112479,23.1839887,未记录,True,2137
WY035,24,,河流,521885922,4.922,109.1104337,23.1833063,未记录,True,2138
WY035,25,,河流,521885922,4.922,109.1094381,23.1835746,未记录,True,2139
WY035,26,,河流,521885922,4.922,109.1094381,23.1840953,未记录,True,2140
WY035,27,,河流,521885922,4.922,109.1097471,23.1849632,未记录,True,2141
WY035,28,,河流,521885922,4.922,109.1098672,23.1855786,未记录,True,2142
WY035,29,,河流,521885922,4.922,109.1095583,23.1858311,未记录,True,2143
WY035,30,,河流,521885922,4.922,109.1088029,23.1857522,未记录,True,2144
WY035,31,,河流,521885922,4.922,109.1073953,23.1854208,未记录,True,2145
WY035,32,,河流,521885922,4.922,109.1062624,23.1851052,未记录,True,2146
WY035,33,,河流,521885922,4.922,109.1058332,23.1838902,未记录,True,2147
WY035,34,,河流,521885922,4.922,109.1051809,23.1837481,未记录,True,2148
WY035,35,,河流,521885922,4.922,109.1045629,23.1831012,未记录,True,2149
WY035,36,,河流,521885922,4.922,109.1038076,23.1827224,未记录,True,2150
WY035,37,,河流,521885922,4.922,109.1034128,23.1832116,未记录,True,2151
WY035,38,,河流,521885922,4.922,109.1034299,23.1839533,未记录,True,2152
WY035,39,,河流,521885922,4.922,109.1028463,23.1839533,未记录,True,2153
WY035,40,,河流,521885922,4.922,109.1027433,23.1832905,未记录,True,2154
WY035,41,,河流,521885922,4.922,109.1023313,23.1831012,未记录,True,2155
WY035,42,,河流,521885922,4.922,109.101885,23.1833063,未记录,True,2156
WY035,43,,河流,521885922,4.922,109.1021082,23.1839533,未记录,True,2157
WY035,44,,河流,521885922,4.922,109.1015245,23.1843636,未记录,True,2158
WY035,45,,河流,521885922,4.922,109.1008207,23.1843004,未记录,True,2159
WY035,46,,河流,521885922,4.922,109.0997564,23.1841426,未记录,True,2160
WY035,47,,河流,521885922,4.922,109.0991041,23.1837008,未记录,True,2161
WY035,48,,河流,521885922,4.922,109.0984861,23.1833379,未记录,True,2162
WY035,49,,河流,521885922,4.922,109.0980398,23.1835903,未记录,True,2163
WY035,50,,河流,521885922,4.922,109.0981771,23.1843793,未记录,True,2164
WY035,51,,河流,521885922,4.922,109.0987951,23.1849474,未记录,True,2165
WY035,52,,河流,521885922,4.922,109.0981428,23.1853735,未记录,True,2166
WY035,53,,河流,521885922,4.922,109.0976793,23.1860204,未记录,True,2167
WY035,54,,河流,521885922,4.922,109.0976793,23.186699,未记录,True,2168
WY035,55,,河流,521885922,4.922,109.0976106,23.1872986,未记录,True,2169
WY035,56,,河流,521885922,4.922,109.0973348,23.1878512,未记录,True,2170
WY035,57,,河流,521885922,4.922,109.0963489,23.1884403,未记录,True,2171
WY035,58,,河流,521885922,4.922,109.0958066,23.1893013,未记录,True,2172
WY035,59,,河流,521885922,4.922,109.0953827,23.1902528,未记录,True,2173
WY035,60,,河流,521885922,4.922,109.094446,23.1915851,未记录,True,2174
WY035,61,,河流,521885922,4.922,109.0940122,23.1932707,未记录,True,2175
WY036,1,,溪流,521885923,0.637,109.0872474,23.1793707,未记录,True,2176
WY036,2,,溪流,521885923,0.637,109.0868678,23.1799303,未记录,True,2177
WY036,3,,溪流,521885923,0.637,109.0865313,23.1800422,未记录,True,2178
WY036,4,,溪流,521885923,0.637,109.0862592,23.1799105,未记录,True,2179
WY036,5,,溪流,521885923,0.637,109.0862807,23.1796735,未记录,True,2180
WY036,6,,溪流,521885923,0.637,109.0858797,23.179713,未记录,True,2181
WY036,7,,溪流,521885923,0.637,109.0857222,23.1798447,未记录,True,2182
WY036,8,,溪流,521885923,0.637,109.0854859,23.1797591,未记录,True,2183
WY036,9,,溪流,521885923,0.637,109.0850992,23.1793707,未记录,True,2184
WY036,10,,溪流,521885923,0.637,109.0850992,23.1791667,未记录,True,2185
WY036,11,,溪流,521885923,0.637,109.0851565,23.1789758,未记录,True,2186
WY036,12,,溪流,521885923,0.637,109.0849846,23.1789363,未记录,True,2187
WY036,13,,溪流,521885923,0.637,109.0847483,23.1791667,未记录,True,2188
WY036,14,,溪流,521885923,0.637,109.0846266,23.179509,未记录,True,2189
WY036,15,,溪流,521885923,0.637,109.0844332,23.179634,未记录,True,2190
WY036,16,,溪流,521885923,0.637,109.0841397,23.1796933,未记录,True,2191
WY036,17,,溪流,521885923,0.637,109.0840752,23.1799105,未记录,True,2192
WY036,18,,溪流,521885923,0.637,109.0838461,23.1804898,未记录,True,2193
WY036,19,,溪流,521885923,0.637,109.08371,23.1806083,未记录,True,2194
WY036,20,,溪流,521885923,0.637,109.0835609,23.1806499,未记录,True,2195
WY037,1,,河流,521885925,2.299,109.0730372,23.195715,未记录,True,2196
WY037,2,,河流,521885925,2.299,109.0733822,23.1956572,未记录,True,2197
WY037,3,,河流,521885925,2.299,109.0739621,23.1957296,未记录,True,2198
WY037,4,,河流,521885925,2.299,109.0743201,23.1955585,未记录,True,2199
WY037,5,,河流,521885925,2.299,109.074807,23.1954795,未记录,True,2200
WY037,6,,河流,521885925,2.299,109.0753083,23.1956835,未记录,True,2201
WY037,7,,河流,521885925,2.299,109.0757021,23.1957164,未记录,True,2202
WY037,8,,河流,521885925,2.299,109.0760315,23.1958349,未记录,True,2203
WY037,9,,河流,521885925,2.299,109.0760601,23.1960916,未记录,True,2204
WY037,10,,河流,521885925,2.299,109.0759169,23.196289,未记录,True,2205
WY037,11,,河流,521885925,2.299,109.0755804,23.1963285,未记录,True,2206
WY037,12,,河流,521885925,2.299,109.0756018,23.196526,未记录,True,2207
WY037,13,,河流,521885925,2.299,109.07601,23.1968879,未记录,True,2208
WY037,14,,河流,521885925,2.299,109.0762534,23.1969735,未记录,True,2209
WY037,15,,河流,521885925,2.299,109.076769,23.1967234,未记录,True,2210
WY037,16,,河流,521885925,2.299,109.0771413,23.1967037,未记录,True,2211
WY037,17,,河流,521885925,2.299,109.0775065,23.1970525,未记录,True,2212
WY037,18,,河流,521885925,2.299,109.0775924,23.1973552,未记录,True,2213
WY037,19,,河流,521885925,2.299,109.0774993,23.1976185,未记录,True,2214
WY037,20,,河流,521885925,2.299,109.0777428,23.1978817,未记录,True,2215
WY037,21,,河流,521885925,2.299,109.0779504,23.1978554,未记录,True,2216
WY037,22,,河流,521885925,2.299,109.0781151,23.1974868,未记录,True,2217
WY037,23,,河流,521885925,2.299,109.0787452,23.1974276,未记录,True,2218
WY037,24,,河流,521885925,2.299,109.0792106,23.1976053,未记录,True,2219
WY037,25,,河流,521885925,2.299,109.0796903,23.1979212,未记录,True,2220
WY037,26,,河流,521885925,2.299,109.0798694,23.1981252,未记录,True,2221
WY037,27,,河流,521885925,2.299,109.0803706,23.1983424,未记录,True,2222
WY037,28,,河流,521885925,2.299,109.0805639,23.19827,未记录,True,2223
WY037,29,,河流,521885925,2.299,109.0805997,23.1980133,未记录,True,2224
WY037,30,,河流,521885925,2.299,109.0804923,23.197862,未记录,True,2225
WY037,31,,河流,521885925,2.299,109.0802632,23.1978027,未记录,True,2226
WY037,32,,河流,521885925,2.299,109.0802846,23.1976448,未记录,True,2227
WY037,33,,河流,521885925,2.299,109.0806999,23.1974671,未记录,True,2228
WY037,34,,河流,521885925,2.299,109.0809434,23.1973157,未记录,True,2229
WY037,35,,河流,521885925,2.299,109.0811654,23.1972236,未记录,True,2230
WY037,36,,河流,521885925,2.299,109.0814446,23.1968221,未记录,True,2231
WY037,37,,河流,521885925,2.299,109.0818313,23.1968287,未记录,True,2232
WY037,38,,河流,521885925,2.299,109.0817597,23.1971117,未记录,True,2233
WY037,39,,河流,521885925,2.299,109.0819816,23.1971643,未记录,True,2234
WY037,40,,河流,521885925,2.299,109.0821893,23.1971051,未记录,True,2235
WY037,41,,河流,521885925,2.299,109.0822394,23.1969801,未记录,True,2236
WY037,42,,河流,521885925,2.299,109.0821964,23.1968616,未记录,True,2237
WY037,43,,河流,521885925,2.299,109.0822466,23.1966839,未记录,True,2238
WY037,44,,河流,521885925,2.299,109.0824828,23.1967366,未记录,True,2239
WY037,45,,河流,521885925,2.299,109.0825115,23.197013,未记录,True,2240
WY037,46,,河流,521885925,2.299,109.082533,23.1972104,未记录,True,2241
WY037,47,,河流,521885925,2.299,109.0826261,23.1972762,未记录,True,2242
WY037,48,,河流,521885925,2.299,109.0830915,23.1973289,未记录,True,2243
WY037,49,,河流,521885925,2.299,109.0834638,23.1971446,未记录,True,2244
WY037,50,,河流,521885925,2.299,109.0836929,23.1973026,未记录,True,2245
WY037,51,,河流,521885925,2.299,109.0839221,23.1972762,未记录,True,2246
WY037,52,,河流,521885925,2.299,109.0844806,23.1968945,未记录,True,2247
WY037,53,,河流,521885925,2.299,109.0848815,23.1965654,未记录,True,2248
WY037,54,,河流,521885925,2.299,109.0854472,23.1969669,未记录,True,2249
WY037,55,,河流,521885925,2.299,109.0854472,23.1972828,未记录,True,2250
WY037,56,,河流,521885925,2.299,109.085619,23.1975527,未记录,True,2251
WY037,57,,河流,521885925,2.299,109.0855618,23.1977172,未记录,True,2252
WY037,58,,河流,521885925,2.299,109.08544,23.1978751,未记录,True,2253
WY037,59,,河流,521885925,2.299,109.0854472,23.19827,未记录,True,2254
WY037,60,,河流,521885925,2.299,109.0856978,23.1982963,未记录,True,2255
WY037,61,,河流,521885925,2.299,109.0860272,23.1981121,未记录,True,2256
WY037,62,,河流,521885925,2.299,109.0863279,23.1982042,未记录,True,2257
WY037,63,,河流,521885925,2.299,109.0865356,23.1982042,未记录,True,2258
WY037,64,,河流,521885925,2.299,109.0870583,23.1984346,未记录,True,2259
WY038,1,,河流,521896862,0.049,109.1712909,23.2243156,未记录,True,2260
WY038,2,,河流,521896862,0.049,109.17151114335428,23.2247021,未记录,True,2261
WY039,1,,河流,527318040,5.97,109.1350313,22.952195,未记录,True,2262
WY039,2,,河流,527318040,5.97,109.1349375,22.9518833,未记录,True,2263
WY039,3,,河流,527318040,5.97,109.1338483,22.9510368,未记录,True,2264
WY039,4,,河流,527318040,5.97,109.1338251,22.9505175,未记录,True,2265
WY039,5,,河流,527318040,5.97,109.1327977,22.9503326,未记录,True,2266
WY039,6,,河流,527318040,5.97,109.1325583,22.9501121,未记录,True,2267
WY039,7,,河流,527318040,5.97,109.1325892,22.9498275,未记录,True,2268
WY039,8,,河流,527318040,5.97,109.1331685,22.9497422,未记录,True,2269
WY039,9,,河流,527318040,5.97,109.1334389,22.9496355,未记录,True,2270
WY039,10,,河流,527318040,5.97,109.1337556,22.9492016,未记录,True,2271
WY039,11,,河流,527318040,5.97,109.1337633,22.9487748,未记录,True,2272
WY039,12,,河流,527318040,5.97,109.1335084,22.9484262,未记录,True,2273
WY039,13,,河流,527318040,5.97,109.133099,22.9477362,未记录,True,2274
WY039,14,,河流,527318040,5.97,109.1328827,22.9474659,未记录,True,2275
WY039,15,,河流,527318040,5.97,109.1326741,22.9475086,未记录,True,2276
WY039,16,,河流,527318040,5.97,109.1322338,22.9476366,未记录,True,2277
WY039,17,,河流,527318040,5.97,109.1320948,22.9478429,未记录,True,2278
WY039,18,,河流,527318040,5.97,109.1321102,22.9479923,未记录,True,2279
WY039,19,,河流,527318040,5.97,109.1324424,22.9482484,未记录,True,2280
WY039,20,,河流,527318040,5.97,109.1325428,22.9484902,未记录,True,2281
WY039,21,,河流,527318040,5.97,109.132342,22.9487748,未记录,True,2282
WY039,22,,河流,527318040,5.97,109.1320175,22.9487961,未记录,True,2283
WY039,23,,河流,527318040,5.97,109.1315386,22.9485827,未记录,True,2284
WY039,24,,河流,527318040,5.97,109.1313841,22.9483195,未记录,True,2285
WY039,25,,河流,527318040,5.97,109.1315231,22.9476366,未记录,True,2286
WY039,26,,河流,527318040,5.97,109.1314536,22.9473521,未记录,True,2287
WY039,27,,河流,527318040,5.97,109.1312296,22.947345,未记录,True,2288
WY039,28,,河流,527318040,5.97,109.1307893,22.9475726,未记录,True,2289
WY039,29,,河流,527318040,5.97,109.130658,22.9479639,未记录,True,2290
WY039,30,,河流,527318040,5.97,109.1308511,22.9485045,未记录,True,2291
WY039,31,,河流,527318040,5.97,109.1308897,22.9487748,未记录,True,2292
WY039,32,,河流,527318040,5.97,109.1306425,22.9489384,未记录,True,2293
WY039,33,,河流,527318040,5.97,109.1303953,22.9489526,未记录,True,2294
WY039,34,,河流,527318040,5.97,109.1300168,22.9487534,未记录,True,2295
WY039,35,,河流,527318040,5.97,109.129731,22.9480919,未记录,True,2296
WY039,36,,河流,527318040,5.97,109.1292521,22.9467332,未记录,True,2297
WY039,37,,河流,527318040,5.97,109.1283328,22.9465625,未记录,True,2298
WY039,38,,河流,527318040,5.97,109.1273132,22.9466337,未记录,True,2299
WY039,39,,河流,527318040,5.97,109.1263399,22.9470391,未记录,True,2300
WY039,40,,河流,527318040,5.97,109.1259305,22.9474161,未记录,True,2301
WY039,41,,河流,527318040,5.97,109.1259227,22.9477789,未记录,True,2302
WY039,42,,河流,527318040,5.97,109.1259086,22.9479582,未记录,True,2303
WY039,43,,河流,527318040,5.97,109.1255548,22.9481257,未记录,True,2304
WY039,44,,河流,527318040,5.97,109.1250117,22.9481425,未记录,True,2305
WY039,45,,河流,527318040,5.97,109.1248104,22.9479923,未记录,True,2306
WY039,46,,河流,527318040,5.97,109.1245014,22.9473308,未记录,True,2307
WY039,47,,河流,527318040,5.97,109.1241615,22.9472383,未记录,True,2308
WY039,48,,河流,527318040,5.97,109.1238757,22.9475584,未记录,True,2309
WY039,49,,河流,527318040,5.97,109.123698,22.9476793,未记录,True,2310
WY039,50,,河流,527318040,5.97,109.1234586,22.9476722,未记录,True,2311
WY039,51,,河流,527318040,5.97,109.1229874,22.9471814,未记录,True,2312
WY039,52,,河流,527318040,5.97,109.1228638,22.9467546,未记录,True,2313
WY039,53,,河流,527318040,5.97,109.122632,22.9465625,未记录,True,2314
WY039,54,,河流,527318040,5.97,109.1223694,22.9465767,未记录,True,2315
WY039,55,,河流,527318040,5.97,109.1215815,22.947032,未记录,True,2316
WY039,56,,河流,527318040,5.97,109.1211721,22.947032,未记录,True,2317
WY039,57,,河流,527318040,5.97,109.1207626,22.9467261,未记录,True,2318
WY039,58,,河流,527318040,5.97,109.1205155,22.946655,未记录,True,2319
WY039,59,,河流,527318040,5.97,109.1202837,22.9466834,未记录,True,2320
WY039,60,,河流,527318040,5.97,109.1198666,22.9466763,未记录,True,2321
WY039,61,,河流,527318040,5.97,109.1198125,22.9464274,未记录,True,2322
WY039,62,,河流,527318040,5.97,109.119658,22.9462566,未记录,True,2323
WY039,63,,河流,527318040,5.97,109.1193413,22.9462068,未记录,True,2324
WY039,64,,河流,527318040,5.97,109.1190169,22.9464202,未记录,True,2325
WY039,65,,河流,527318040,5.97,109.1187156,22.9465625,未记录,True,2326
WY039,66,,河流,527318040,5.97,109.1179895,22.9470747,未记录,True,2327
WY039,67,,河流,527318040,5.97,109.1174333,22.9471529,未记录,True,2328
WY039,68,,河流,527318040,5.97,109.1172479,22.9470035,未记录,True,2329
WY039,69,,河流,527318040,5.97,109.1170857,22.9461286,未记录,True,2330
WY039,70,,河流,527318040,5.97,109.1168308,22.945716,未记录,True,2331
WY039,71,,河流,527318040,5.97,109.1163982,22.9458227,未记录,True,2332
WY039,72,,河流,527318040,5.97,109.1162205,22.9462282,未记录,True,2333
WY039,73,,河流,527318040,5.97,109.1160351,22.9463776,未记录,True,2334
WY039,74,,河流,527318040,5.97,109.1155408,22.9462495,未记录,True,2335
WY039,75,,河流,527318040,5.97,109.1153631,22.9459294,未记录,True,2336
WY039,76,,河流,527318040,5.97,109.115703,22.9455666,未记录,True,2337
WY039,77,,河流,527318040,5.97,109.1155562,22.9452892,未记录,True,2338
WY039,78,,河流,527318040,5.97,109.115,22.9452679,未记录,True,2339
WY039,79,,河流,527318040,5.97,109.1143898,22.9450971,未记录,True,2340
WY039,80,,河流,527318040,5.97,109.1139031,22.9454457,未记录,True,2341
WY039,81,,河流,527318040,5.97,109.1130611,22.9464416,未记录,True,2342
WY039,82,,河流,527318040,5.97,109.1127367,22.9466763,未记录,True,2343
WY039,83,,河流,527318040,5.97,109.1122809,22.9466763,未记录,True,2344
WY039,84,,河流,527318040,5.97,109.1117634,22.9454955,未记录,True,2345
WY039,85,,河流,527318040,5.97,109.1117788,22.9447557,未记录,True,2346
WY039,86,,河流,527318040,5.97,109.1120801,22.9440515,未记录,True,2347
WY039,87,,河流,527318040,5.97,109.1119951,22.9436531,未记录,True,2348
WY039,88,,河流,527318040,5.97,109.111663,22.943269,未记录,True,2349
WY039,89,,河流,527318040,5.97,109.1111145,22.9433259,未记录,True,2350
WY039,90,,河流,527318040,5.97,109.1106433,22.9434753,未记录,True,2351
WY039,91,,河流,527318040,5.97,109.1104502,22.9434753,未记录,True,2352
WY039,92,,河流,527318040,5.97,109.1102648,22.9432903,未记录,True,2353
WY039,93,,河流,527318040,5.97,109.1102802,22.942956,未记录,True,2354
WY039,94,,河流,527318040,5.97,109.1105351,22.9426216,未记录,True,2355
WY039,95,,河流,527318040,5.97,109.1120337,22.9421308,未记录,True,2356
WY039,96,,河流,527318040,5.97,109.1126517,22.9418391,未记录,True,2357
WY039,97,,河流,527318040,5.97,109.1134319,22.9419316,未记录,True,2358
WY039,98,,河流,527318040,5.97,109.1137254,22.9418249,未记录,True,2359
WY039,99,,河流,527318040,5.97,109.1138027,22.9413696,未记录,True,2360
WY039,100,,河流,527318040,5.97,109.1132851,22.9408859,未记录,True,2361
WY039,101,,河流,527318040,5.97,109.1123659,22.9403595,未记录,True,2362
WY039,102,,河流,527318040,5.97,109.1109214,22.9401105,未记录,True,2363
WY039,103,,河流,527318040,5.97,109.1105738,22.9400251,未记录,True,2364
WY039,104,,河流,527318040,5.97,109.1103807,22.939456,未记录,True,2365
WY039,105,,河流,527318040,5.97,109.1104734,22.9387731,未记录,True,2366
WY039,106,,河流,527318040,5.97,109.1106124,22.9386024,未记录,True,2367
WY039,107,,河流,527318040,5.97,109.111578,22.9384032,未记录,True,2368
WY039,108,,河流,527318040,5.97,109.111802,22.9382822,未记录,True,2369
WY039,109,,河流,527318040,5.97,109.1118638,22.9379408,未记录,True,2370
WY040,1,,河流,527318041,5.87,109.1118638,22.9379408,未记录,True,2371
WY040,2,,河流,527318041,5.87,109.1115239,22.9376704,未记录,True,2372
WY040,3,,河流,527318041,5.87,109.1101335,22.9374286,未记录,True,2373
WY040,4,,河流,527318041,5.87,109.1096468,22.9374855,未记录,True,2374
WY040,5,,河流,527318041,5.87,109.109276,22.9378341,未记录,True,2375
WY040,6,,河流,527318041,5.87,109.1089516,22.9378767,未记录,True,2376
WY040,7,,河流,527318041,5.87,109.1084958,22.9378198,未记录,True,2377
WY040,8,,河流,527318041,5.87,109.1082795,22.9375922,未记录,True,2378
WY040,9,,河流,527318041,5.87,109.1083027,22.9369733,未记录,True,2379
WY040,10,,河流,527318041,5.87,109.1084804,22.9364184,未记录,True,2380
WY040,11,,河流,527318041,5.87,109.1084804,22.9362121,未记录,True,2381
WY040,12,,河流,527318041,5.87,109.1081328,22.9361907,未记录,True,2382
WY040,13,,河流,527318041,5.87,109.1078161,22.9363686,未记录,True,2383
WY040,14,,河流,527318041,5.87,109.1078547,22.9370017,未记录,True,2384
WY040,15,,河流,527318041,5.87,109.1076461,22.9374784,未记录,True,2385
WY040,16,,河流,527318041,5.87,109.1073989,22.9375495,未记录,True,2386
WY040,17,,河流,527318041,5.87,109.1065106,22.9373076,未记录,True,2387
WY040,18,,河流,527318041,5.87,109.1063715,22.9370231,未记录,True,2388
WY040,19,,河流,527318041,5.87,109.1063097,22.936646,未记录,True,2389
WY040,20,,河流,527318041,5.87,109.1059544,22.9363615,未记录,True,2390
WY040,21,,河流,527318041,5.87,109.1058463,22.9360627,未记录,True,2391
WY040,22,,河流,527318041,5.87,109.1055064,22.9346897,未记录,True,2392
WY040,23,,河流,527318041,5.87,109.1051819,22.9345972,未记录,True,2393
WY040,24,,河流,527318041,5.87,109.1048498,22.9347679,未记录,True,2394
WY040,25,,河流,527318041,5.87,109.1046026,22.9350667,未记录,True,2395
WY040,26,,河流,527318041,5.87,109.1043863,22.9350881,未记录,True,2396
WY040,27,,河流,527318041,5.87,109.1042163,22.9349885,未记录,True,2397
WY040,28,,河流,527318041,5.87,109.1042009,22.9345332,未记录,True,2398
WY040,29,,河流,527318041,5.87,109.1039923,22.9343624,未记录,True,2399
WY040,30,,河流,527318041,5.87,109.103722,22.9339712,未记录,True,2400
WY040,31,,河流,527318041,5.87,109.1033589,22.9338644,未记录,True,2401
WY040,32,,河流,527318041,5.87,109.1029031,22.9339996,未记录,True,2402
WY040,33,,河流,527318041,5.87,109.1024551,22.9345047,未记录,True,2403
WY040,34,,河流,527318041,5.87,109.102038,22.9345901,未记录,True,2404
WY040,35,,河流,527318041,5.87,109.101111,22.9348818,未记录,True,2405
WY040,36,,河流,527318041,5.87,109.1007402,22.9347537,未记录,True,2406
WY040,37,,河流,527318041,5.87,109.1006321,22.9346328,未记录,True,2407
WY040,38,,河流,527318041,5.87,109.1007711,22.934334,未记录,True,2408
WY040,39,,河流,527318041,5.87,109.1005162,22.9339214,未记录,True,2409
WY040,40,,河流,527318041,5.87,109.1002768,22.9339498,未记录,True,2410
WY040,41,,河流,527318041,5.87,109.1001068,22.9342699,未记录,True,2411
WY040,42,,河流,527318041,5.87,109.0998442,22.9343909,未记录,True,2412
WY040,43,,河流,527318041,5.87,109.0993807,22.9344691,未记录,True,2413
WY040,44,,河流,527318041,5.87,109.0985387,22.9345759,未记录,True,2414
WY040,45,,河流,527318041,5.87,109.0979362,22.9341206,未记录,True,2415
WY040,46,,河流,527318041,5.87,109.0977431,22.9341419,未记录,True,2416
WY040,47,,河流,527318041,5.87,109.0975036,22.9343482,未记录,True,2417
WY040,48,,河流,527318041,5.87,109.0973182,22.9344691,未记录,True,2418
WY040,49,,河流,527318041,5.87,109.0970942,22.9343197,未记录,True,2419
WY040,50,,河流,527318041,5.87,109.0966075,22.9345118,未记录,True,2420
WY040,51,,河流,527318041,5.87,109.0960127,22.9356216,未记录,True,2421
WY040,52,,河流,527318041,5.87,109.0958814,22.9356572,未记录,True,2422
WY040,53,,河流,527318041,5.87,109.0957655,22.9355291,未记录,True,2423
WY040,54,,河流,527318041,5.87,109.09592,22.9346114,未记录,True,2424
WY040,55,,河流,527318041,5.87,109.0958273,22.9343269,未记录,True,2425
WY040,56,,河流,527318041,5.87,109.0955647,22.9342273,未记录,True,2426
WY040,57,,河流,527318041,5.87,109.0951321,22.9343269,未记录,True,2427
WY040,58,,河流,527318041,5.87,109.0948849,22.9342699,未记录,True,2428
WY040,59,,河流,527318041,5.87,109.0947922,22.9340992,未记录,True,2429
WY040,60,,河流,527318041,5.87,109.0950085,22.9339783,未记录,True,2430
WY040,61,,河流,527318041,5.87,109.0950858,22.9337008,未记录,True,2431
WY040,62,,河流,527318041,5.87,109.0949081,22.9333238,未记录,True,2432
WY040,63,,河流,527318041,5.87,109.0946223,22.9331744,未记录,True,2433
WY040,64,,河流,527318041,5.87,109.0939425,22.9333095,未记录,True,2434
WY040,65,,河流,527318041,5.87,109.0931082,22.9332384,未记录,True,2435
WY040,66,,河流,527318041,5.87,109.0927143,22.9333167,未记录,True,2436
WY040,67,,河流,527318041,5.87,109.0923898,22.9338146,未记录,True,2437
WY040,68,,河流,527318041,5.87,109.091965,22.9340423,未记录,True,2438
WY040,69,,河流,527318041,5.87,109.0917332,22.9340423,未记录,True,2439
WY040,70,,河流,527318041,5.87,109.0912929,22.9336297,未记录,True,2440
WY040,71,,河流,527318041,5.87,109.0905591,22.9333593,未记录,True,2441
WY040,72,,河流,527318041,5.87,109.0905205,22.9331246,未记录,True,2442
WY040,73,,河流,527318041,5.87,109.0893077,22.9324701,未记录,True,2443
WY040,74,,河流,527318041,5.87,109.0890296,22.9321286,未记录,True,2444
WY040,75,,河流,527318041,5.87,109.0890141,22.9317658,未记录,True,2445
WY040,76,,河流,527318041,5.87,109.089045,22.9312393,未记录,True,2446
WY040,77,,河流,527318041,5.87,109.0888751,22.9310828,未记录,True,2447
WY040,78,,河流,527318041,5.87,109.0884889,22.9312464,未记录,True,2448
WY040,79,,河流,527318041,5.87,109.0882185,22.931716,未记录,True,2449
WY040,80,,河流,527318041,5.87,109.0876314,22.9319507,未记录,True,2450
WY040,81,,河流,527318041,5.87,109.087222,22.9319223,未记录,True,2451
WY040,82,,河流,527318041,5.87,109.0868821,22.9316021,未记录,True,2452
WY040,83,,河流,527318041,5.87,109.0863337,22.931467,未记录,True,2453
WY040,84,,河流,527318041,5.87,109.0858547,22.9314172,未记录,True,2454
WY040,85,,河流,527318041,5.87,109.0857003,22.931595,未记录,True,2455
WY040,86,,河流,527318041,5.87,109.0856925,22.932093,未记录,True,2456
WY040,87,,河流,527318041,5.87,109.0854376,22.9323705,未记录,True,2457
WY040,88,,河流,527318041,5.87,109.0851672,22.9323207,未记录,True,2458
WY040,89,,河流,527318041,5.87,109.0849123,22.9321001,未记录,True,2459
WY040,90,,河流,527318041,5.87,109.0847656,22.9317302,未记录,True,2460
WY040,91,,河流,527318041,5.87,109.0844025,22.9315737,未记录,True,2461
WY040,92,,河流,527318041,5.87,109.0836532,22.9317942,未记录,True,2462
WY040,93,,河流,527318041,5.87,109.0834215,22.9317302,未记录,True,2463
WY040,94,,河流,527318041,5.87,109.0833365,22.9315452,未记录,True,2464
WY040,95,,河流,527318041,5.87,109.0836146,22.9310472,未记录,True,2465
WY040,96,,河流,527318041,5.87,109.083491,22.9308196,未记录,True,2466
WY040,97,,河流,527318041,5.87,109.0830198,22.9307555,未记录,True,2467
WY040,98,,河流,527318041,5.87,109.0825563,22.9310472,未记录,True,2468
WY040,99,,河流,527318041,5.87,109.0821778,22.9311539,未记录,True,2469
WY040,100,,河流,527318041,5.87,109.0818611,22.9310543,未记录,True,2470
WY040,101,,河流,527318041,5.87,109.0818611,22.9305065,未记录,True,2471
WY040,102,,河流,527318041,5.87,109.0814594,22.9297595,未记录,True,2472
WY040,103,,河流,527318041,5.87,109.081189,22.9289627,未记录,True,2473
WY040,104,,河流,527318041,5.87,109.0810114,22.9287635,未记录,True,2474
WY040,105,,河流,527318041,5.87,109.0801694,22.9285857,未记录,True,2475
WY040,106,,河流,527318041,5.87,109.0796286,22.928792,未记录,True,2476
WY040,107,,河流,527318041,5.87,109.0792192,22.9293754,未记录,True,2477
WY040,108,,河流,527318041,5.87,109.0788871,22.9296386,未记录,True,2478
WY040,109,,河流,527318041,5.87,109.0785008,22.9298022,未记录,True,2479
WY040,110,,河流,527318041,5.87,109.078215,22.9299801,未记录,True,2480
WY040,111,,河流,527318041,5.87,109.0783618,22.9307911,未记录,True,2481
WY040,112,,河流,527318041,5.87,109.0782305,22.9310757,未记录,True,2482
WY040,113,,河流,527318041,5.87,109.0774657,22.9311539,未记录,True,2483
WY040,114,,河流,527318041,5.87,109.0771181,22.9313033,未记录,True,2484
WY040,115,,河流,527318041,5.87,109.0764847,22.932278,未记录,True,2485
WY040,116,,河流,527318041,5.87,109.0762066,22.9324416,未记录,True,2486
WY041,1,,溪流,527318043,0.445,109.1515642,22.954778,未记录,True,2487
WY041,2,,溪流,527318043,0.445,109.1511649,22.9546384,未记录,True,2488
WY041,3,,溪流,527318043,0.445,109.1509274,22.9546291,未记录,True,2489
WY041,4,,溪流,527318043,0.445,109.1505837,22.9548804,未记录,True,2490
WY041,5,,溪流,527318043,0.445,109.1503158,22.954899,未记录,True,2491
WY041,6,,溪流,527318043,0.445,109.150053,22.9548292,未记录,True,2492
WY041,7,,溪流,527318043,0.445,109.1499166,22.9545872,未记录,True,2493
WY041,8,,溪流,527318043,0.445,109.149674,22.9544197,未记录,True,2494
WY041,9,,溪流,527318043,0.445,109.1491382,22.9543964,未记录,True,2495
WY041,10,,溪流,527318043,0.445,109.1488855,22.9543964,未记录,True,2496
WY041,11,,溪流,527318043,0.445,109.1484458,22.9542335,未记录,True,2497
WY041,12,,溪流,527318043,0.445,109.1477534,22.9538007,未记录,True,2498
WY042,1,,河流,527318045,6.801,109.0762066,22.9324416,未记录,True,2499
WY042,2,,河流,527318045,6.801,109.0754728,22.9323562,未记录,True,2500
WY042,3,,河流,527318045,6.801,109.0750324,22.9320005,未记录,True,2501
WY042,4,,河流,527318045,6.801,109.0744917,22.9318156,未记录,True,2502
WY042,5,,河流,527318045,6.801,109.0738197,22.9318298,未记录,True,2503
WY042,6,,河流,527318045,6.801,109.0732017,22.9322638,未记录,True,2504
WY042,7,,河流,527318045,6.801,109.0725701,22.9322026,未记录,True,2505
WY042,8,,河流,527318045,6.801,109.0725469,22.9325014,未记录,True,2506
WY042,9,,河流,527318045,6.801,109.0723846,22.9326082,未记录,True,2507
WY042,10,,河流,527318045,6.801,109.0720987,22.9326295,未记录,True,2508
WY042,11,,河流,527318045,6.801,109.0713338,22.9322453,未记录,True,2509
WY042,12,,河流,527318045,6.801,109.0705766,22.9319535,未记录,True,2510
WY042,13,,河流,527318045,6.801,109.0689155,22.9319606,未记录,True,2511
WY042,14,,河流,527318045,6.801,109.06873,22.9321599,未记录,True,2512
WY042,15,,河流,527318045,6.801,109.0687609,22.9326437,未记录,True,2513
WY042,16,,河流,527318045,6.801,109.0686219,22.9329568,未记录,True,2514
WY042,17,,河流,527318045,6.801,109.0683514,22.9330493,未记录,True,2515
WY042,18,,河流,527318045,6.801,109.0681428,22.9328786,未记录,True,2516
WY042,19,,河流,527318045,6.801,109.0682587,22.9321955,未记录,True,2517
WY042,20,,河流,527318045,6.801,109.0682046,22.9319464,未记录,True,2518
WY042,21,,河流,527318045,6.801,109.0679883,22.9318539,未记录,True,2519
WY042,22,,河流,527318045,6.801,109.0672079,22.9320887,未记录,True,2520
WY042,23,,河流,527318045,6.801,109.0669452,22.9324089,未记录,True,2521
WY042,24,,河流,527318045,6.801,109.0669298,22.9326011,未记录,True,2522
WY042,25,,河流,527318045,6.801,109.0672157,22.9327861,未记录,True,2523
WY042,26,,河流,527318045,6.801,109.0676329,22.9327576,未记录,True,2524
WY042,27,,河流,527318045,6.801,109.0677951,22.9329426,未记录,True,2525
WY042,28,,河流,527318045,6.801,109.0677256,22.9332059,未记录,True,2526
WY042,29,,河流,527318045,6.801,109.0675556,22.9336044,未记录,True,2527
WY042,30,,河流,527318045,6.801,109.0672311,22.9338676,未记录,True,2528
WY042,31,,河流,527318045,6.801,109.0667675,22.9339103,未记录,True,2529
WY042,32,,河流,527318045,6.801,109.0665512,22.9337253,未记录,True,2530
WY042,33,,河流,527318045,6.801,109.0666053,22.9334407,未记录,True,2531
WY042,34,,河流,527318045,6.801,109.0664816,22.9332059,未记录,True,2532
WY042,35,,河流,527318045,6.801,109.0660799,22.9331418,未记录,True,2533
WY042,36,,河流,527318045,6.801,109.0656395,22.9333055,未记录,True,2534
WY042,37,,河流,527318045,6.801,109.0652454,22.9337111,未记录,True,2535
WY042,38,,河流,527318045,6.801,109.0643182,22.934074,未记录,True,2536
WY042,39,,河流,527318045,6.801,109.063337,22.9349635,未记录,True,2537
WY042,40,,河流,527318045,6.801,109.0629275,22.9352694,未记录,True,2538
WY042,41,,河流,527318045,6.801,109.062518,22.9352481,未记录,True,2539
WY042,42,,河流,527318045,6.801,109.0622244,22.934935,未记录,True,2540
WY042,43,,河流,527318045,6.801,109.0624021,22.9344654,未记录,True,2541
WY042,44,,河流,527318045,6.801,109.0633138,22.9343159,未记录,True,2542
WY042,45,,河流,527318045,6.801,109.0636306,22.9340384,未记录,True,2543
WY042,46,,河流,527318045,6.801,109.0637851,22.9336684,未记录,True,2544
WY042,47,,河流,527318045,6.801,109.0636074,22.9333553,未记录,True,2545
WY042,48,,河流,527318045,6.801,109.0633293,22.9332486,未记录,True,2546
WY042,49,,河流,527318045,6.801,109.0630202,22.9328501,未记录,True,2547
WY042,50,,河流,527318045,6.801,109.0617685,22.9326082,未记录,True,2548
WY042,51,,河流,527318045,6.801,109.0615058,22.9320603,未记录,True,2549
WY042,52,,河流,527318045,6.801,109.0607332,22.9320531,未记录,True,2550
WY042,53,,河流,527318045,6.801,109.0603932,22.9323662,未记录,True,2551
WY042,54,,河流,527318045,6.801,109.0599451,22.9329924,未记录,True,2552
WY042,55,,河流,527318045,6.801,109.0596824,22.9329213,未记录,True,2553
WY042,56,,河流,527318045,6.801,109.0588711,22.9323449,未记录,True,2554
WY042,57,,河流,527318045,6.801,109.0584694,22.932416,未记录,True,2555
WY042,58,,河流,527318045,6.801,109.0580212,22.9328145,未记录,True,2556
WY042,59,,河流,527318045,6.801,109.0575499,22.9328359,未记录,True,2557
WY042,60,,河流,527318045,6.801,109.057179,22.9326437,未记录,True,2558
WY042,61,,河流,527318045,6.801,109.0567695,22.9326366,未记录,True,2559
WY042,62,,河流,527318045,6.801,109.0563678,22.9328857,未记录,True,2560
WY042,63,,河流,527318045,6.801,109.0562596,22.9332628,未记录,True,2561
WY042,64,,河流,527318045,6.801,109.0564064,22.9335901,未记录,True,2562
WY042,65,,河流,527318045,6.801,109.0561978,22.9336826,未记录,True,2563
WY042,66,,河流,527318045,6.801,109.0559042,22.9336684,未记录,True,2564
WY042,67,,河流,527318045,6.801,109.0557728,22.9337965,未记录,True,2565
WY042,68,,河流,527318045,6.801,109.0559042,22.9342305,未记录,True,2566
WY042,69,,河流,527318045,6.801,109.0557651,22.9344725,未记录,True,2567
WY042,70,,河流,527318045,6.801,109.0552938,22.9346219,未记录,True,2568
WY042,71,,河流,527318045,6.801,109.0545443,22.9343302,未记录,True,2569
WY042,72,,河流,527318045,6.801,109.0542121,22.9341167,未记录,True,2570
WY042,73,,河流,527318045,6.801,109.0537099,22.9339673,未记录,True,2571
WY042,74,,河流,527318045,6.801,109.0531999,22.9341807,未记录,True,2572
WY042,75,,河流,527318045,6.801,109.0529836,22.9341452,未记录,True,2573
WY042,76,,河流,527318045,6.801,109.0529527,22.9339175,未记录,True,2574
WY042,77,,河流,527318045,6.801,109.053115,22.9335617,未记录,True,2575
WY042,78,,河流,527318045,6.801,109.0523346,22.9328714,未记录,True,2576
WY042,79,,河流,527318045,6.801,109.0515774,22.9328145,未记录,True,2577
WY042,80,,河流,527318045,6.801,109.0505884,22.9326722,未记录,True,2578
WY042,81,,河流,527318045,6.801,109.0498853,22.9326509,未记录,True,2579
WY042,82,,河流,527318045,6.801,109.0495917,22.9330422,未记录,True,2580
WY042,83,,河流,527318045,6.801,109.0488963,22.9332486,未记录,True,2581
WY042,84,,河流,527318045,6.801,109.0482782,22.9334976,未记录,True,2582
WY042,85,,河流,527318045,6.801,109.0479846,22.9338961,未记录,True,2583
WY042,86,,河流,527318045,6.801,109.0476447,22.9339246,未记录,True,2584
WY042,87,,河流,527318045,6.801,109.0473201,22.9337182,未记录,True,2585
WY042,88,,河流,527318045,6.801,109.0470652,22.933213,未记录,True,2586
WY042,89,,河流,527318045,6.801,109.0468102,22.9329995,未记录,True,2587
WY042,90,,河流,527318045,6.801,109.0466557,22.9326082,未记录,True,2588
WY042,91,,河流,527318045,6.801,109.0466943,22.9319322,未记录,True,2589
WY042,92,,河流,527318045,6.801,109.0464316,22.9318681,未记录,True,2590
WY042,93,,河流,527318045,6.801,109.0457671,22.9321456,未记录,True,2591
WY042,94,,河流,527318045,6.801,109.0452572,22.9320745,未记录,True,2592
WY042,95,,河流,527318045,6.801,109.0450254,22.931797,未记录,True,2593
WY042,96,,河流,527318045,6.801,109.0450872,22.931121,未记录,True,2594
WY042,97,,河流,527318045,6.801,109.0446468,22.9306371,未记录,True,2595
WY042,98,,河流,527318045,6.801,109.0439128,22.9305659,未记录,True,2596
WY042,99,,河流,527318045,6.801,109.0432329,22.9303311,未记录,True,2597
WY042,100,,河流,527318045,6.801,109.042777,22.9304023,未记录,True,2598
WY042,101,,河流,527318045,6.801,109.0426379,22.9306656,未记录,True,2599
WY042,102,,河流,527318045,6.801,109.0428543,22.9311423,未记录,True,2600
WY042,103,,河流,527318045,6.801,109.0427693,22.9314696,未记录,True,2601
WY042,104,,河流,527318045,6.801,109.0425761,22.9316618,未记录,True,2602
WY042,105,,河流,527318045,6.801,109.0420816,22.9316404,未记录,True,2603
WY042,106,,河流,527318045,6.801,109.0418112,22.9316831,未记录,True,2604
WY042,107,,河流,527318045,6.801,109.0416876,22.9319322,未记录,True,2605
WY042,108,,河流,527318045,6.801,109.0420353,22.9323378,未记录,True,2606
WY042,109,,河流,527318045,6.801,109.0421203,22.9327647,未记录,True,2607
WY042,110,,河流,527318045,6.801,109.0417649,22.9331205,未记录,True,2608
WY042,111,,河流,527318045,6.801,109.0414558,22.9330849,未记录,True,2609
WY042,112,,河流,527318045,6.801,109.0405827,22.9322453,未记录,True,2610
WY042,113,,河流,527318045,6.801,109.0402196,22.931982,未记录,True,2611
WY042,114,,河流,527318045,6.801,109.0395706,22.9319962,未记录,True,2612
WY042,115,,河流,527318045,6.801,109.0392615,22.932231,未记录,True,2613
WY042,116,,河流,527318045,6.801,109.0389447,22.9323876,未记录,True,2614
WY042,117,,河流,527318045,6.801,109.0386357,22.932352,未记录,True,2615
WY042,118,,河流,527318045,6.801,109.0382493,22.9321101,未记录,True,2616
WY042,119,,河流,527318045,6.801,109.0378167,22.9321741,未记录,True,2617
WY042,120,,河流,527318045,6.801,109.0371908,22.9321101,未记录,True,2618
WY042,121,,河流,527318045,6.801,109.0367736,22.9322097,未记录,True,2619
WY042,122,,河流,527318045,6.801,109.0365573,22.9326366,未记录,True,2620
WY042,123,,河流,527318045,6.801,109.0368122,22.9331703,未记录,True,2621
WY042,124,,河流,527318045,6.801,109.0367427,22.9334692,未记录,True,2622
WY042,125,,河流,527318045,6.801,109.0365341,22.9336898,未记录,True,2623
WY042,126,,河流,527318045,6.801,109.0354099,22.9337823,未记录,True,2624
WY042,127,,河流,527318045,6.801,109.035119,22.9335553,未记录,True,2625
WY043,1,,溪流,527318046,1.275,109.133608,22.9589759,未记录,True,2626
WY043,2,,溪流,527318046,1.275,109.1335524,22.9587432,未记录,True,2627
WY043,3,,溪流,527318046,1.275,109.1334159,22.9585338,未记录,True,2628
WY043,4,,溪流,527318046,1.275,109.1332441,22.9584593,未记录,True,2629
WY043,5,,溪流,527318046,1.275,109.1330015,22.9586548,未记录,True,2630
WY043,6,,溪流,527318046,1.275,109.1328448,22.9587711,未记录,True,2631
WY043,7,,溪流,527318046,1.275,109.1325769,22.9586827,未记录,True,2632
WY043,8,,溪流,527318046,1.275,109.1324607,22.9585663,未记录,True,2633
WY043,9,,溪流,527318046,1.275,109.132208,22.9580451,未记录,True,2634
WY043,10,,溪流,527318046,1.275,109.1322282,22.9576635,未记录,True,2635
WY043,11,,溪流,527318046,1.275,109.1321726,22.9573843,未记录,True,2636
WY043,12,,溪流,527318046,1.275,109.1322686,22.9568631,未记录,True,2637
WY043,13,,溪流,527318046,1.275,109.1324761,22.9566112,未记录,True,2638
WY043,14,,溪流,527318046,1.275,109.1326404,22.9564006,未记录,True,2639
WY043,15,,溪流,527318046,1.275,109.1325261,22.9559992,未记录,True,2640
WY043,16,,溪流,527318046,1.275,109.1327334,22.9557951,未记录,True,2641
WY043,17,,溪流,527318046,1.275,109.133005,22.9553015,未记录,True,2642
WY043,18,,溪流,527318046,1.275,109.1329764,22.9551304,未记录,True,2643
WY043,19,,溪流,527318046,1.275,109.1327119,22.9550514,未记录,True,2644
WY043,20,,溪流,527318046,1.275,109.1325976,22.9549659,未记录,True,2645
WY043,21,,溪流,527318046,1.275,109.1325833,22.9547092,未记录,True,2646
WY043,22,,溪流,527318046,1.275,109.132762,22.9545973,未记录,True,2647
WY043,23,,溪流,527318046,1.275,109.133005,22.9543077,未记录,True,2648
WY043,24,,溪流,527318046,1.275,109.1333052,22.9541629,未记录,True,2649
WY043,25,,溪流,527318046,1.275,109.1337126,22.9543998,未记录,True,2650
WY043,26,,溪流,527318046,1.275,109.1339627,22.954413,未记录,True,2651
WY043,27,,溪流,527318046,1.275,109.1339413,22.9542682,未记录,True,2652
WY043,28,,溪流,527318046,1.275,109.1345203,22.9536101,未记录,True,2653
WY043,29,,溪流,527318046,1.275,109.1346346,22.953485,未记录,True,2654
WY043,30,,溪流,527318046,1.275,109.1346561,22.9533139,未记录,True,2655
WY043,31,,溪流,527318046,1.275,109.1344845,22.9532744,未记录,True,2656
WY043,32,,溪流,527318046,1.275,109.1343344,22.9534455,未记录,True,2657
WY043,33,,溪流,527318046,1.275,109.1341986,22.9535179,未记录,True,2658
WY043,34,,溪流,527318046,1.275,109.1340199,22.9534521,未记录,True,2659
WY043,35,,溪流,527318046,1.275,109.1339485,22.9533073,未记录,True,2660
WY043,36,,溪流,527318046,1.275,109.13407,22.9530177,未记录,True,2661
WY043,37,,溪流,527318046,1.275,109.1340199,22.9526294,未记录,True,2662
WY043,38,,溪流,527318046,1.275,109.13417,22.9525109,未记录,True,2663
WY043,39,,溪流,527318046,1.275,109.1346846,22.952399,未记录,True,2664
WY043,40,,溪流,527318046,1.275,109.1350313,22.952195,未记录,True,2665
WY044,1,,河流,527318047,2.385,109.1477534,22.9538007,未记录,True,2666
WY044,2,,河流,527318047,2.385,109.1473946,22.9536285,未记录,True,2667
WY044,3,,河流,527318047,2.385,109.1470661,22.9536006,未记录,True,2668
WY044,4,,河流,527318047,2.385,109.1468083,22.9538193,未记录,True,2669
WY044,5,,河流,527318047,2.385,109.1466213,22.9538891,未记录,True,2670
WY044,6,,河流,527318047,2.385,109.1461513,22.9538053,未记录,True,2671
WY044,7,,河流,527318047,2.385,109.145752,22.9534563,未记录,True,2672
WY044,8,,河流,527318047,2.385,109.1454639,22.9530561,未记录,True,2673
WY044,9,,河流,527318047,2.385,109.1447159,22.9522416,未记录,True,2674
WY044,10,,河流,527318047,2.385,109.1445441,22.9521579,未记录,True,2675
WY044,11,,河流,527318047,2.385,109.1438466,22.9522602,未记录,True,2676
WY044,12,,河流,527318047,2.385,109.1435232,22.9521904,未记录,True,2677
WY044,13,,河流,527318047,2.385,109.1431289,22.9515947,未记录,True,2678
WY044,14,,河流,527318047,2.385,109.143043,22.9510223,未记录,True,2679
WY044,15,,河流,527318047,2.385,109.1429066,22.9507384,未记录,True,2680
WY044,16,,河流,527318047,2.385,109.1426791,22.9506779,未记录,True,2681
WY044,17,,河流,527318047,2.385,109.1421687,22.9511433,未记录,True,2682
WY044,18,,河流,527318047,2.385,109.141921,22.9515389,未记录,True,2683
WY044,19,,河流,527318047,2.385,109.1408192,22.9525069,未记录,True,2684
WY044,20,,河流,527318047,2.385,109.1404503,22.952479,未记录,True,2685
WY044,21,,河流,527318047,2.385,109.1403492,22.9522463,未记录,True,2686
WY044,22,,河流,527318047,2.385,109.1405867,22.9519205,未记录,True,2687
WY044,23,,河流,527318047,2.385,109.1406524,22.9517018,未记录,True,2688
WY044,24,,河流,527318047,2.385,109.1405615,22.9515808,未记录,True,2689
WY044,25,,河流,527318047,2.385,109.1400914,22.9515528,未记录,True,2690
WY044,26,,河流,527318047,2.385,109.1399449,22.9514598,未记录,True,2691
WY044,27,,河流,527318047,2.385,109.1398691,22.9511759,未记录,True,2692
WY044,28,,河流,527318047,2.385,109.1397478,22.950892,未记录,True,2693
WY044,29,,河流,527318047,2.385,109.139581,22.9508873,未记录,True,2694
WY044,30,,河流,527318047,2.385,109.1395153,22.9511759,未记录,True,2695
WY044,31,,河流,527318047,2.385,109.1393636,22.951511,未记录,True,2696
WY044,32,,河流,527318047,2.385,109.1391261,22.951618,未记录,True,2697
WY044,33,,河流,527318047,2.385,109.1385449,22.9514923,未记录,True,2698
WY044,34,,河流,527318047,2.385,109.1384792,22.9513341,未记录,True,2699
WY044,35,,河流,527318047,2.385,109.1386864,22.9510921,未记录,True,2700
WY044,36,,河流,527318047,2.385,109.1388128,22.9508501,未记录,True,2701
WY044,37,,河流,527318047,2.385,109.1387976,22.9506546,未记录,True,2702
WY044,38,,河流,527318047,2.385,109.1383326,22.9504685,未记录,True,2703
WY044,39,,河流,527318047,2.385,109.1379839,22.9502544,未记录,True,2704
WY044,40,,河流,527318047,2.385,109.1364778,22.9499332,未记录,True,2705
WY044,41,,河流,527318047,2.385,109.1362655,22.9505941,未记录,True,2706
WY044,42,,河流,527318047,2.385,109.1359673,22.9507105,未记录,True,2707
WY044,43,,河流,527318047,2.385,109.135846,22.950636,未记录,True,2708
WY044,44,,河流,527318047,2.385,109.13575,22.9503754,未记录,True,2709
WY044,45,,河流,527318047,2.385,109.135659,22.9501939,未记录,True,2710
WY044,46,,河流,527318047,2.385,109.1354619,22.9501985,未记录,True,2711
WY044,47,,河流,527318047,2.385,109.1353659,22.9503009,未记录,True,2712
WY044,48,,河流,527318047,2.385,109.1353994,22.9506088,未记录,True,2713
WY044,49,,河流,527318047,2.385,109.1358783,22.9515697,未记录,True,2714
WY044,50,,河流,527318047,2.385,109.1359712,22.9519844,未记录,True,2715
WY044,51,,河流,527318047,2.385,109.1358568,22.9522213,未记录,True,2716
WY044,52,,河流,527318047,2.385,109.1353851,22.9524254,未记录,True,2717
WY044,53,,河流,527318047,2.385,109.135185,22.9524649,未记录,True,2718
WY044,54,,河流,527318047,2.385,109.1350313,22.952195,未记录,True,2719
WY045,1,,溪流,527324728,2.306,109.2444375,23.0317756,未记录,True,2720
WY045,2,,溪流,527324728,2.306,109.244215,23.0315522,未记录,True,2721
WY045,3,,溪流,527324728,2.306,109.243593,23.0311473,未记录,True,2722
WY045,4,,溪流,527324728,2.306,109.2433148,23.0308355,未记录,True,2723
WY045,5,,溪流,527324728,2.306,109.2433098,23.0305097,未记录,True,2724
WY045,6,,溪流,527324728,2.306,109.2430569,23.0303654,未记录,True,2725
WY045,7,,溪流,527324728,2.306,109.242622,23.0301002,未记录,True,2726
WY045,8,,溪流,527324728,2.306,109.2422933,23.030021,未记录,True,2727
WY045,9,,溪流,527324728,2.306,109.2419595,23.0301234,未记录,True,2728
WY045,10,,溪流,527324728,2.306,109.2416864,23.0305749,未记录,True,2729
WY045,11,,溪流,527324728,2.306,109.2414639,23.0308867,未记录,True,2730
WY045,12,,溪流,527324728,2.306,109.2413476,23.0312264,未记录,True,2731
WY045,13,,溪流,527324728,2.306,109.2412616,23.0314498,未记录,True,2732
WY045,14,,溪流,527324728,2.306,109.2409481,23.0317105,未记录,True,2733
WY045,15,,溪流,527324728,2.306,109.240675,23.0317942,未记录,True,2734
WY045,16,,溪流,527324728,2.306,109.2404424,23.031636,未记录,True,2735
WY045,17,,溪流,527324728,2.306,109.2402097,23.0313242,未记录,True,2736
WY045,18,,溪流,527324728,2.306,109.2396534,23.0307843,未记录,True,2737
WY045,19,,溪流,527324728,2.306,109.2393905,23.0304678,未记录,True,2738
WY045,20,,溪流,527324728,2.306,109.2389808,23.030291,未记录,True,2739
WY045,21,,溪流,527324728,2.306,109.2385004,23.0303794,未记录,True,2740
WY045,22,,溪流,527324728,2.306,109.2379138,23.0306773,未记录,True,2741
WY045,23,,溪流,527324728,2.306,109.2379138,23.0308681,未记录,True,2742
WY045,24,,溪流,527324728,2.306,109.2378683,23.0309984,未记录,True,2743
WY045,25,,溪流,527324728,2.306,109.2375851,23.0312032,未记录,True,2744
WY045,26,,溪流,527324728,2.306,109.2373423,23.0311939,未记录,True,2745
WY045,27,,溪流,527324728,2.306,109.2371552,23.031031,未记录,True,2746
WY045,28,,溪流,527324728,2.306,109.2370237,23.0306307,未记录,True,2747
WY045,29,,溪流,527324728,2.306,109.2371754,23.0303049,未记录,True,2748
WY045,30,,溪流,527324728,2.306,109.2377671,23.0297697,未记录,True,2749
WY045,31,,溪流,527324728,2.306,109.238197,23.0292996,未记录,True,2750
WY045,32,,溪流,527324728,2.306,109.2385156,23.028932,未记录,True,2751
WY045,33,,溪流,527324728,2.306,109.2386976,23.0285177,未记录,True,2752
WY045,34,,溪流,527324728,2.306,109.2386521,23.0283083,未记录,True,2753
WY045,35,,溪流,527324728,2.306,109.2383082,23.0282757,未记录,True,2754
WY045,36,,溪流,527324728,2.306,109.2377772,23.0284526,未记录,True,2755
WY045,37,,溪流,527324728,2.306,109.2372968,23.0285177,未记录,True,2756
WY045,38,,溪流,527324728,2.306,109.2369074,23.0285503,未记录,True,2757
WY045,39,,溪流,527324728,2.306,109.2361286,23.0286434,未记录,True,2758
WY045,40,,溪流,527324728,2.306,109.2356482,23.0286294,未记录,True,2759
WY045,41,,溪流,527324728,2.306,109.2355217,23.0287458,未记录,True,2760
WY045,42,,溪流,527324728,2.306,109.2354611,23.029402,未记录,True,2761
WY045,43,,溪流,527324728,2.306,109.2353296,23.0295184,未记录,True,2762
WY045,44,,溪流,527324728,2.306,109.2349907,23.0294346,未记录,True,2763
WY045,45,,溪流,527324728,2.306,109.2344648,23.0288622,未记录,True,2764
WY045,46,,溪流,527324728,2.306,109.2339692,23.0281454,未记录,True,2765
WY045,47,,溪流,527324728,2.306,109.2335242,23.0277917,未记录,True,2766
WY045,48,,溪流,527324728,2.306,109.2331803,23.027694,未记录,True,2767
WY045,49,,溪流,527324728,2.306,109.2325633,23.0274845,未记录,True,2768
WY045,50,,溪流,527324728,2.306,109.2319066,23.0274886,未记录,True,2769
WY046,1,,溪流,527324729,6.042,109.2529687,23.0558124,未记录,True,2770
WY046,2,,溪流,527324729,6.042,109.2533049,23.0549438,未记录,True,2771
WY046,3,,溪流,527324729,6.042,109.2537983,23.0540159,未记录,True,2772
WY046,4,,溪流,527324729,6.042,109.2540987,23.0535026,未记录,True,2773
WY046,5,,溪流,527324729,6.042,109.2538127,23.0533117,未记录,True,2774
WY046,6,,溪流,527324729,6.042,109.2531904,23.0533512,未记录,True,2775
WY046,7,,溪流,527324729,6.042,109.2524252,23.0538514,未记录,True,2776
WY046,8,,溪流,527324729,6.042,109.2515526,23.0547398,未记录,True,2777
WY046,9,,溪流,527324729,6.042,109.2512451,23.0549043,未记录,True,2778
WY046,10,,溪流,527324729,6.042,109.2508518,23.0547332,未记录,True,2779
WY046,11,,溪流,527324729,6.042,109.2506801,23.0544568,未记录,True,2780
WY046,12,,溪流,527324729,6.042,109.2508518,23.0538711,未记录,True,2781
WY046,13,,溪流,527324729,6.042,109.2515026,23.0529959,未记录,True,2782
WY046,14,,溪流,527324729,6.042,109.2519031,23.0527853,未记录,True,2783
WY046,15,,溪流,527324729,6.042,109.2519388,23.0523115,未记录,True,2784
WY046,16,,溪流,527324729,6.042,109.2513882,23.0516863,未记录,True,2785
WY046,17,,溪流,527324729,6.042,109.2505442,23.0516139,未记录,True,2786
WY046,18,,溪流,527324729,6.042,109.2501151,23.0515349,未记录,True,2787
WY046,19,,溪流,527324729,6.042,109.2497361,23.0511203,未记录,True,2788
WY046,20,,溪流,527324729,6.042,109.2496717,23.0497252,未记录,True,2789
WY046,21,,溪流,527324729,6.042,109.2490066,23.0484221,未记录,True,2790
WY046,22,,溪流,527324729,6.042,109.2490638,23.0481918,未记录,True,2791
WY046,23,,溪流,527324729,6.042,109.2493785,23.048047,未记录,True,2792
WY046,24,,溪流,527324729,6.042,109.2498004,23.0480273,未记录,True,2793
WY046,25,,溪流,527324729,6.042,109.2500579,23.0478298,未记录,True,2794
WY046,26,,溪流,527324729,6.042,109.2503154,23.0474416,未记录,True,2795
WY046,27,,溪流,527324729,6.042,109.250394,23.0468427,未记录,True,2796
WY046,28,,溪流,527324729,6.042,109.2502081,23.0463491,未记录,True,2797
WY046,29,,溪流,527324729,6.042,109.2494285,23.0461056,未记录,True,2798
WY046,30,,溪流,527324729,6.042,109.2484916,23.0458621,未记录,True,2799
WY046,31,,溪流,527324729,6.042,109.2479767,23.0455791,未记录,True,2800
WY046,32,,溪流,527324729,6.042,109.2477621,23.0452237,未记录,True,2801
WY046,33,,溪流,527324729,6.042,109.2474689,23.0448354,未记录,True,2802
WY046,34,,溪流,527324729,6.042,109.246911,23.0448354,未记录,True,2803
WY046,35,,溪流,527324729,6.042,109.2466536,23.0451053,未记录,True,2804
WY046,36,,溪流,527324729,6.042,109.2462316,23.0451645,未记录,True,2805
WY046,37,,溪流,527324729,6.042,109.2455879,23.0449407,未记录,True,2806
WY046,38,,溪流,527324729,6.042,109.2448584,23.0443024,未记录,True,2807
WY046,39,,溪流,527324729,6.042,109.2445581,23.0438285,未记录,True,2808
WY046,40,,溪流,527324729,6.042,109.2446439,23.0435521,未记录,True,2809
WY046,41,,溪流,527324729,6.042,109.2451445,23.0434271,未记录,True,2810
WY046,42,,溪流,527324729,6.042,109.2455593,23.0432362,未记录,True,2811
WY046,43,,溪流,527324729,6.042,109.2454235,23.0430453,未记录,True,2812
WY046,44,,溪流,527324729,6.042,109.2449371,23.0430453,未记录,True,2813
WY046,45,,溪流,527324729,6.042,109.2446224,23.042894,未记录,True,2814
WY046,46,,溪流,527324729,6.042,109.2440002,23.0427492,未记录,True,2815
WY046,47,,溪流,527324729,6.042,109.2439287,23.0425386,未记录,True,2816
WY046,48,,溪流,527324729,6.042,109.2443364,23.0423017,未记录,True,2817
WY046,49,,溪流,527324729,6.042,109.2444293,23.0419331,未记录,True,2818
WY046,50,,溪流,527324729,6.042,109.2440717,23.0416896,未记录,True,2819
WY046,51,,溪流,527324729,6.042,109.2434638,23.0417159,未记录,True,2820
WY046,52,,溪流,527324729,6.042,109.2430633,23.0416633,未记录,True,2821
WY046,53,,溪流,527324729,6.042,109.242956,23.041558,未记录,True,2822
WY046,54,,溪流,527324729,6.042,109.2431706,23.0408998,未记录,True,2823
WY046,55,,溪流,527324729,6.042,109.2430705,23.0401101,未记录,True,2824
WY046,56,,溪流,527324729,6.042,109.2426771,23.0397086,未记录,True,2825
WY046,57,,溪流,527324729,6.042,109.2428488,23.0386556,未记录,True,2826
WY046,58,,溪流,527324729,6.042,109.2428488,23.0372405,未记录,True,2827
WY046,59,,溪流,527324729,6.042,109.2426271,23.0369246,未记录,True,2828
WY046,60,,溪流,527324729,6.042,109.2422766,23.0370036,未记录,True,2829
WY046,61,,溪流,527324729,6.042,109.2422265,23.037201,未记录,True,2830
WY046,62,,溪流,527324729,6.042,109.2418689,23.037517,未记录,True,2831
WY046,63,,溪流,527324729,6.042,109.2415614,23.0378592,未记录,True,2832
WY046,64,,溪流,527324729,6.042,109.2411609,23.0378395,未记录,True,2833
WY046,65,,溪流,527324729,6.042,109.2405315,23.0374446,未记录,True,2834
WY046,66,,溪流,527324729,6.042,109.2395446,23.0375959,未记录,True,2835
WY046,67,,溪流,527324729,6.042,109.2388437,23.0373393,未记录,True,2836
WY046,68,,溪流,527324729,6.042,109.2380641,23.0370826,未记录,True,2837
WY046,69,,溪流,527324729,6.042,109.2371129,23.0370628,未记录,True,2838
WY046,70,,溪流,527324729,6.042,109.2365399,23.0369179,未记录,True,2839
WY046,71,,溪流,527324729,6.042,109.2362824,23.0370495,未记录,True,2840
WY046,72,,溪流,527324729,6.042,109.2362896,23.0376156,未记录,True,2841
WY046,73,,溪流,527324729,6.042,109.2358819,23.038096,未记录,True,2842
WY046,74,,溪流,527324729,6.042,109.2355887,23.038254,未记录,True,2843
WY046,75,,溪流,527324729,6.042,109.2339151,23.0375234,未记录,True,2844
WY046,76,,溪流,527324729,6.042,109.2332429,23.0369113,未记录,True,2845
WY046,77,,溪流,527324729,6.042,109.2329711,23.03547,未记录,True,2846
WY046,78,,溪流,527324729,6.042,109.2330712,23.0335679,未记录,True,2847
WY046,79,,溪流,527324729,6.042,109.2330498,23.0329952,未记录,True,2848
WY046,80,,溪流,527324729,6.042,109.232263,23.0321528,未记录,True,2849
WY046,81,,溪流,527324729,6.042,109.2321629,23.0307377,未记录,True,2850
WY046,82,,溪流,527324729,6.042,109.2321772,23.0293028,未记录,True,2851
WY046,83,,溪流,527324729,6.042,109.2319066,23.0274886,未记录,True,2852
WY047,1,镇龙江,河流,527324730,22.613,109.2319066,23.0274886,镇龙江,False,2853
WY047,2,镇龙江,河流,527324730,22.613,109.2317356,23.0272591,镇龙江,False,2854
WY047,3,镇龙江,河流,527324730,22.613,109.230577,23.0266338,镇龙江,False,2855
WY047,4,镇龙江,河流,527324730,22.613,109.2302971,23.0262337,镇龙江,False,2856
WY047,5,镇龙江,河流,527324730,22.613,109.2300692,23.0252121,镇龙江,False,2857
WY047,6,镇龙江,河流,527324730,22.613,109.2299762,23.0242708,镇龙江,False,2858
WY047,7,镇龙江,河流,527324730,22.613,109.2294756,23.0238232,镇龙江,False,2859
WY047,8,镇龙江,河流,527324730,22.613,109.2290322,23.023843,镇龙江,False,2860
WY047,9,镇龙江,河流,527324730,22.613,109.2285244,23.0242708,镇龙江,False,2861
WY047,10,镇龙江,河流,527324730,22.613,109.2282383,23.0244222,镇龙江,False,2862
WY047,11,镇龙江,河流,527324730,22.613,109.2278235,23.0243695,镇龙江,False,2863
WY047,12,镇龙江,河流,527324730,22.613,109.2266148,23.0233361,镇龙江,False,2864
WY047,13,镇龙江,河流,527324730,22.613,109.2262358,23.0226779,镇龙江,False,2865
WY047,14,镇龙江,河流,527324730,22.613,109.226436,23.0221908,镇龙江,False,2866
WY047,15,镇龙江,河流,527324730,22.613,109.2275231,23.0220723,镇龙江,False,2867
WY047,16,镇龙江,河流,527324730,22.613,109.2297187,23.0223817,镇龙江,False,2868
WY047,17,镇龙江,河流,527324730,22.613,109.2301479,23.0222764,镇龙江,False,2869
WY047,18,镇龙江,河流,527324730,22.613,109.2303839,23.021967,镇龙江,False,2870
WY047,19,镇龙江,河流,527324730,22.613,109.2301836,23.0215063,镇龙江,False,2871
WY047,20,镇龙江,河流,527324730,22.613,109.2293397,23.0209731,镇龙江,False,2872
WY047,21,镇龙江,河流,527324730,22.613,109.229354,23.0204531,镇龙江,False,2873
WY047,22,镇龙江,河流,527324730,22.613,109.2301335,23.0194526,镇龙江,False,2874
WY047,23,镇龙江,河流,527324730,22.613,109.2304482,23.0185047,镇龙江,False,2875
WY047,24,镇龙江,河流,527324730,22.613,109.2304554,23.0179188,镇龙江,False,2876
WY047,25,镇龙江,河流,527324730,22.613,109.230906,23.0176885,镇龙江,False,2877
WY047,26,镇龙江,河流,527324730,22.613,109.2316641,23.0179057,镇龙江,False,2878
WY047,27,镇龙江,河流,527324730,22.613,109.2326796,23.0188601,镇龙江,False,2879
WY047,28,镇龙江,河流,527324730,22.613,109.2329371,23.0189589,镇龙江,False,2880
WY047,29,镇龙江,河流,527324730,22.613,109.2335093,23.0186956,镇龙江,False,2881
WY047,30,镇龙江,河流,527324730,22.613,109.2338168,23.0177543,镇龙江,False,2882
WY047,31,镇龙江,河流,527324730,22.613,109.2324436,23.0161745,镇龙江,False,2883
WY047,32,镇龙江,河流,527324730,22.613,109.2323864,23.0153187,镇龙江,False,2884
WY047,33,镇龙江,河流,527324730,22.613,109.2319859,23.0138771,镇龙江,False,2885
WY047,34,镇龙江,河流,527324730,22.613,109.2309306,23.0118077,镇龙江,False,2886
WY047,35,镇龙江,河流,527324730,22.613,109.2298686,23.0097875,镇龙江,False,2887
WY047,36,镇龙江,河流,527324730,22.613,109.2296056,23.0092755,镇龙江,False,2888
WY047,37,镇龙江,河流,527324730,22.613,109.2296807,23.0089332,镇龙江,False,2889
WY047,38,镇龙江,河流,527324730,22.613,109.2301312,23.0086963,镇龙江,False,2890
WY047,39,镇龙江,河流,527324730,22.613,109.2308533,23.0084264,镇龙江,False,2891
WY047,40,镇龙江,河流,527324730,22.613,109.2309964,23.0080908,镇龙江,False,2892
WY047,41,镇龙江,河流,527324730,22.613,109.2308962,23.0077946,镇龙江,False,2893
WY047,42,镇龙江,河流,527324730,22.613,109.2305959,23.0075248,镇龙江,False,2894
WY047,43,镇龙江,河流,527324730,22.613,109.2296235,23.0072878,镇龙江,False,2895
WY047,44,镇龙江,河流,527324730,22.613,109.229173,23.0071891,镇龙江,False,2896
WY047,45,镇龙江,河流,527324730,22.613,109.2289585,23.0066494,镇龙江,False,2897
WY047,46,镇龙江,河流,527324730,22.613,109.2289799,23.0061295,镇龙江,False,2898
WY047,47,镇龙江,河流,527324730,22.613,109.2294519,23.0054845,镇龙江,False,2899
WY047,48,镇龙江,河流,527324730,22.613,109.2299667,23.0048263,镇龙江,False,2900
WY047,49,镇龙江,河流,527324730,22.613,109.2302098,23.0044511,镇龙江,False,2901
WY047,50,镇龙江,河流,527324730,22.613,109.230553,23.0040497,镇龙江,False,2902
WY047,51,镇龙江,河流,527324730,22.613,109.2305244,23.0035231,镇龙江,False,2903
WY047,52,镇龙江,河流,527324730,22.613,109.2299309,23.0030624,镇龙江,False,2904
WY047,53,镇龙江,河流,527324730,22.613,109.228079,23.0028781,镇龙江,False,2905
WY047,54,镇龙江,河流,527324730,22.613,109.2273854,23.0029439,镇龙江,False,2906
WY047,55,镇龙江,河流,527324730,22.613,109.226842,23.0027794,镇龙江,False,2907
WY047,56,镇龙江,河流,527324730,22.613,109.2264988,23.0024042,镇龙江,False,2908
WY047,57,镇龙江,河流,527324730,22.613,109.2265059,23.0017394,镇龙江,False,2909
WY047,58,镇龙江,河流,527324730,22.613,109.2262485,23.001384,镇龙江,False,2910
WY047,59,镇龙江,河流,527324730,22.613,109.2251617,23.0015025,镇龙江,False,2911
WY047,60,镇龙江,河流,527324730,22.613,109.2245396,23.0015617,镇龙江,False,2912
WY047,61,镇龙江,河流,527324730,22.613,109.2238031,23.0018908,镇龙江,False,2913
WY047,62,镇龙江,河流,527324730,22.613,109.2230809,23.0020751,镇龙江,False,2914
WY047,63,镇龙江,河流,527324730,22.613,109.2227949,23.001825,镇龙江,False,2915
WY047,64,镇龙江,河流,527324730,22.613,109.2226948,23.0013774,镇龙江,False,2916
WY047,65,镇龙江,河流,527324730,22.613,109.222895,23.0008838,镇龙江,False,2917
WY047,66,镇龙江,河流,527324730,22.613,109.2233598,23.0002322,镇龙江,False,2918
WY047,67,镇龙江,河流,527324730,22.613,109.2237602,22.999936,镇龙江,False,2919
WY047,68,镇龙江,河流,527324730,22.613,109.2237816,22.9992844,镇龙江,False,2920
WY047,69,镇龙江,河流,527324730,22.613,109.2235171,22.9990211,镇龙江,False,2921
WY047,70,镇龙江,河流,527324730,22.613,109.2228378,22.9988302,镇龙江,False,2922
WY047,71,镇龙江,河流,527324730,22.613,109.2224088,22.9988434,镇龙江,False,2923
WY047,72,镇龙江,河流,527324730,22.613,109.2213291,22.9984682,镇龙江,False,2924
WY047,73,镇龙江,河流,527324730,22.613,109.2211789,22.9980404,镇龙江,False,2925
WY047,74,镇龙江,河流,527324730,22.613,109.2212719,22.9978429,镇龙江,False,2926
WY047,75,镇龙江,河流,527324730,22.613,109.2220369,22.9967898,镇龙江,False,2927
WY047,76,镇龙江,河流,527324730,22.613,109.222895,22.9952298,镇龙江,False,2928
WY047,77,镇龙江,河流,527324730,22.613,109.2228735,22.9940055,镇龙江,False,2929
WY047,78,镇龙江,河流,527324730,22.613,109.2224588,22.9929655,镇龙江,False,2930
WY047,79,镇龙江,河流,527324730,22.613,109.2226018,22.9925114,镇龙江,False,2931
WY047,80,镇龙江,河流,527324730,22.613,109.2239175,22.9921098,镇龙江,False,2932
WY047,81,镇龙江,河流,527324730,22.613,109.2240605,22.9917478,镇龙江,False,2933
WY047,82,镇龙江,河流,527324730,22.613,109.2238317,22.9905762,镇龙江,False,2934
WY047,83,镇龙江,河流,527324730,22.613,109.2241249,22.9900956,镇龙江,False,2935
WY047,84,镇龙江,河流,527324730,22.613,109.2247684,22.9899113,镇龙江,False,2936
WY047,85,镇龙江,河流,527324730,22.613,109.2261985,22.9901944,镇龙江,False,2937
WY047,86,镇龙江,河流,527324730,22.613,109.2268062,22.9900759,镇龙江,False,2938
WY047,87,镇龙江,河流,527324730,22.613,109.2269921,22.9897204,镇龙江,False,2939
WY047,88,镇龙江,河流,527324730,22.613,109.2268992,22.9890556,镇龙江,False,2940
WY047,89,镇龙江,河流,527324730,22.613,109.2267609,22.9884419,镇龙江,False,2941
WY047,90,镇龙江,河流,527324730,22.613,109.2261815,22.9873159,镇龙江,False,2942
WY047,91,镇龙江,河流,527324730,22.613,109.2260313,22.9869702,镇龙江,False,2943
WY047,92,镇龙江,河流,527324730,22.613,109.2263746,22.9860615,镇龙江,False,2944
WY047,93,镇龙江,河流,527324730,22.613,109.227072,22.9855578,镇龙江,False,2945
WY047,94,镇龙江,河流,527324730,22.613,109.2269003,22.9840565,镇龙江,False,2946
WY047,95,镇龙江,河流,527324730,22.613,109.2272866,22.9825157,镇龙江,False,2947
WY047,96,镇龙江,河流,527324730,22.613,109.2278016,22.9819428,镇龙江,False,2948
WY047,97,镇龙江,河流,527324730,22.613,109.2280483,22.9811328,镇龙江,False,2949
WY047,98,镇龙江,河流,527324730,22.613,109.2280269,22.9802636,镇龙江,False,2950
WY047,99,镇龙江,河流,527324730,22.613,109.2275548,22.9802044,镇龙江,False,2951
WY047,100,镇龙江,河流,527324730,22.613,109.2260849,22.9803624,镇龙江,False,2952
WY047,101,镇龙江,河流,527324730,22.613,109.2252588,22.9803427,镇龙江,False,2953
WY047,102,镇龙江,河流,527324730,22.613,109.2243898,22.9800068,镇龙江,False,2954
WY047,103,镇龙江,河流,527324730,22.613,109.2242128,22.9796809,镇龙江,False,2955
WY047,104,镇龙江,河流,527324730,22.613,109.224835,22.9780857,镇龙江,False,2956
WY047,105,镇龙江,河流,527324730,22.613,109.2253607,22.9770584,镇龙江,False,2957
WY047,106,镇龙江,河流,527324730,22.613,109.2266107,22.9759768,镇龙江,False,2958
WY047,107,镇龙江,河流,527324730,22.613,109.2274046,22.9756409,镇龙江,False,2959
WY047,108,镇龙江,河流,527324730,22.613,109.2277425,22.9751569,镇龙江,False,2960
WY047,109,镇龙江,河流,527324730,22.613,109.2276728,22.9748359,镇龙江,False,2961
WY047,110,镇龙江,河流,527324730,22.613,109.2274851,22.9744507,镇龙江,False,2962
WY047,111,镇龙江,河流,527324730,22.613,109.2268467,22.9738679,镇龙江,False,2963
WY047,112,镇龙江,河流,527324730,22.613,109.226777,22.9733592,镇龙江,False,2964
WY047,113,镇龙江,河流,527324730,22.613,109.2271793,22.9728455,镇龙江,False,2965
WY047,114,镇龙江,河流,527324730,22.613,109.2279196,22.9724356,镇龙江,False,2966
WY047,115,镇龙江,河流,527324730,22.613,109.2295235,22.9722578,镇龙江,False,2967
WY047,116,镇龙江,河流,527324730,22.613,109.2300814,22.9723269,镇龙江,False,2968
WY047,117,镇龙江,河流,527324730,22.613,109.2315298,22.9728603,镇龙江,False,2969
WY047,118,镇龙江,河流,527324730,22.613,109.2321843,22.9728307,镇龙江,False,2970
WY047,119,镇龙江,河流,527324730,22.613,109.2334288,22.9731418,镇龙江,False,2971
WY047,120,镇龙江,河流,527324730,22.613,109.2342764,22.972964,镇龙江,False,2972
WY047,121,镇龙江,河流,527324730,22.613,109.234668,22.9725294,镇龙江,False,2973
WY047,122,镇龙江,河流,527324730,22.613,109.234668,22.9720158,镇龙江,False,2974
WY047,123,镇龙江,河流,527324730,22.613,109.2343837,22.9712305,镇龙江,False,2975
WY047,124,镇龙江,河流,527324730,22.613,109.2345339,22.9709045,镇龙江,False,2976
WY047,125,镇龙江,河流,527324730,22.613,109.2355585,22.970702,镇龙江,False,2977
WY047,126,镇龙江,河流,527324730,22.613,109.2364919,22.971023,镇龙江,False,2978
WY047,127,镇龙江,河流,527324730,22.613,109.2372268,22.9717441,镇龙江,False,2979
WY047,128,镇龙江,河流,527324730,22.613,109.2380422,22.9721343,镇龙江,False,2980
WY047,129,镇龙江,河流,527324730,22.613,109.2393243,22.9718874,镇龙江,False,2981
WY047,130,镇龙江,河流,527324730,22.613,109.2429399,22.9670866,镇龙江,False,2982
WY047,131,镇龙江,河流,527324730,22.613,109.2452144,22.9671261,镇龙江,False,2983
WY047,132,镇龙江,河流,527324730,22.613,109.2486476,22.9680349,镇龙江,False,2984
WY047,133,镇龙江,河流,527324730,22.613,109.2500209,22.96681,镇龙江,False,2985
WY047,134,镇龙江,河流,527324730,22.613,109.2502355,22.9630957,镇龙江,False,2986
WY047,135,镇龙江,河流,527324730,22.613,109.2513513,22.9610409,镇龙江,False,2987
WY047,136,镇龙江,河流,527324730,22.613,109.2510938,22.9602506,镇龙江,False,2988
WY047,137,镇龙江,河流,527324730,22.613,109.2473173,22.9583736,镇龙江,False,2989
WY047,138,镇龙江,河流,527324730,22.613,109.2466306,22.9571683,镇龙江,False,2990
WY047,139,镇龙江,河流,527324730,22.613,109.2469311,22.956299,镇龙江,False,2991
WY047,140,镇龙江,河流,527324730,22.613,109.2498922,22.9549356,镇龙江,False,2992
WY047,141,镇龙江,河流,527324730,22.613,109.2561149,22.9531376,镇龙江,False,2993
WY047,142,镇龙江,河流,527324730,22.613,109.2634105,22.9473284,镇龙江,False,2994
WY047,143,镇龙江,河流,527324730,22.613,109.265728,22.9408471,镇龙江,False,2995
WY047,144,镇龙江,河流,527324730,22.613,109.2668974,22.9387327,镇龙江,False,2996
WY047,145,镇龙江,河流,527324730,22.613,109.2663411,22.9359642,镇龙江,False,2997
WY047,146,镇龙江,河流,527324730,22.613,109.2654061,22.9312728,镇龙江,False,2998
WY047,147,镇龙江,河流,527324730,22.613,109.2655027,22.9305811,镇龙江,False,2999
WY047,148,镇龙江,河流,527324730,22.613,109.2661893,22.9296424,镇龙江,False,3000
WY047,149,镇龙江,河流,527324730,22.613,109.2661571,22.9288519,镇龙江,False,3001
WY047,150,镇龙江,河流,527324730,22.613,109.2649126,22.9270437,镇龙江,False,3002
WY047,151,镇龙江,河流,527324730,22.613,109.2646766,22.9262532,镇龙江,False,3003
WY047,152,镇龙江,河流,527324730,22.613,109.2647624,22.9253046,镇龙江,False,3004
WY047,153,镇龙江,河流,527324730,22.613,109.2652023,22.9242374,镇龙江,False,3005
WY047,154,镇龙江,河流,527324730,22.613,109.2656851,22.9237532,镇龙江,False,3006
WY047,155,镇龙江,河流,527324730,22.613,109.2663717,22.9236544,镇龙江,False,3007
WY047,156,镇龙江,河流,527324730,22.613,109.2684102,22.9236445,镇龙江,False,3008
WY047,157,镇龙江,河流,527324730,22.613,109.2700302,22.9232393,镇龙江,False,3009
WY047,158,镇龙江,河流,527324730,22.613,109.2706096,22.9231306,镇龙江,False,3010
WY047,159,镇龙江,河流,527324730,22.613,109.2741823,22.9234172,镇龙江,False,3011
WY047,160,镇龙江,河流,527324730,22.613,109.2746115,22.9230318,镇龙江,False,3012
WY047,161,镇龙江,河流,527324730,22.613,109.2750406,22.9213915,镇龙江,False,3013
WY047,162,镇龙江,河流,527324730,22.613,109.2745471,22.9202748,镇龙江,False,3014
WY047,163,镇龙江,河流,527324730,22.613,109.2746329,22.9195535,镇龙江,False,3015
WY047,164,镇龙江,河流,527324730,22.613,109.2748797,22.9186937,镇龙江,False,3016
WY047,165,镇龙江,河流,527324730,22.613,109.2751479,22.9184763,镇龙江,False,3017
WY047,166,镇龙江,河流,527324730,22.613,109.2757058,22.9182787,镇龙江,False,3018
WY047,167,镇龙江,河流,527324730,22.613,109.2755985,22.9178241,镇龙江,False,3019
WY047,168,镇龙江,河流,527324730,22.613,109.2750621,22.9166581,镇龙江,False,3020
WY047,169,镇龙江,河流,527324730,22.613,109.2747617,22.9156698,镇龙江,False,3021
WY047,170,镇龙江,河流,527324730,22.613,109.2736673,22.9137626,镇龙江,False,3022
WY047,171,镇龙江,河流,527324730,22.613,109.2735171,22.9131696,镇龙江,False,3023
WY047,172,镇龙江,河流,527324730,22.613,109.2733347,22.9129028,镇龙江,False,3024
WY047,173,镇龙江,河流,527324730,22.613,109.2733776,22.9125569,镇龙江,False,3025
WY047,174,镇龙江,河流,527324730,22.613,109.2739355,22.9123297,镇龙江,False,3026
WY047,175,镇龙江,河流,527324730,22.613,109.2746973,22.9120134,镇龙江,False,3027
WY047,176,镇龙江,河流,527324730,22.613,109.2761028,22.9119838,镇龙江,False,3028
WY047,177,镇龙江,河流,527324730,22.613,109.2767143,22.9123494,镇龙江,False,3029
WY047,178,镇龙江,河流,527324730,22.613,109.2768752,22.9129325,镇龙江,False,3030
WY047,179,镇龙江,河流,527324730,22.613,109.2770898,22.9130017,镇龙江,False,3031
WY047,180,镇龙江,河流,527324730,22.613,109.2778087,22.9129325,镇龙江,False,3032
WY047,181,镇龙江,河流,527324730,22.613,109.2783129,22.9126657,镇龙江,False,3033
WY047,182,镇龙江,河流,527324730,22.613,109.2796111,22.9120925,镇龙江,False,3034
WY047,183,镇龙江,河流,527324730,22.613,109.2801261,22.9110351,镇龙江,False,3035
WY047,184,镇龙江,河流,527324730,22.613,109.2802982,22.9076038,镇龙江,False,3036
WY048,1,镇龙江,河流,528981824,8.64,109.2802982,22.9076038,镇龙江,False,3037
WY048,2,镇龙江,河流,528981824,8.64,109.2804319,22.9074427,镇龙江,False,3038
WY048,3,镇龙江,河流,528981824,8.64,109.2805177,22.9065928,镇龙江,False,3039
WY048,4,镇龙江,河流,528981824,8.64,109.2807967,22.9062568,镇龙江,False,3040
WY048,5,镇龙江,河流,528981824,8.64,109.2812902,22.9063358,镇龙江,False,3041
WY048,6,镇龙江,河流,528981824,8.64,109.2822558,22.9072648,镇龙江,False,3042
WY048,7,镇龙江,河流,528981824,8.64,109.2830283,22.9077985,镇龙江,False,3043
WY048,8,镇龙江,河流,528981824,8.64,109.2835862,22.9084705,镇龙江,False,3044
WY048,9,镇龙江,河流,528981824,8.64,109.2846805,22.9093599,镇龙江,False,3045
WY048,10,镇龙江,河流,528981824,8.64,109.2851526,22.9094587,镇龙江,False,3046
WY048,11,镇龙江,河流,528981824,8.64,109.2856032,22.9094192,镇龙江,False,3047
WY048,12,镇龙江,河流,528981824,8.64,109.28644,22.9083717,镇龙江,False,3048
WY048,13,镇龙江,河流,528981824,8.64,109.2876631,22.9076799,镇龙江,False,3049
WY048,14,镇龙江,河流,528981824,8.64,109.2884356,22.9070671,镇龙江,False,3050
WY048,15,镇龙江,河流,528981824,8.64,109.2888862,22.9069683,镇龙江,False,3051
WY048,16,镇龙江,河流,528981824,8.64,109.2897874,22.9071067,镇龙江,False,3052
WY048,17,镇龙江,河流,528981824,8.64,109.2901951,22.907245,镇龙江,False,3053
WY048,18,镇龙江,河流,528981824,8.64,109.2910963,22.9076799,镇龙江,False,3054
WY048,19,镇龙江,河流,528981824,8.64,109.2913968,22.9079764,镇龙江,False,3055
WY048,20,镇龙江,河流,528981824,8.64,109.2915684,22.9083519,镇龙江,False,3056
WY048,21,镇龙江,河流,528981824,8.64,109.2916542,22.908767,镇龙江,False,3057
WY048,22,镇龙江,河流,528981824,8.64,109.2916113,22.9095971,镇龙江,False,3058
WY048,23,镇龙江,河流,528981824,8.64,109.2912251,22.9112376,镇龙江,False,3059
WY048,24,镇龙江,河流,528981824,8.64,109.2914397,22.9115934,镇龙江,False,3060
WY048,25,镇龙江,河流,528981824,8.64,109.2918903,22.9116922,镇龙江,False,3061
WY048,26,镇龙江,河流,528981824,8.64,109.2923194,22.9116131,镇龙江,False,3062
WY048,27,镇龙江,河流,528981824,8.64,109.2927057,22.9114155,镇龙江,False,3063
WY048,28,镇龙江,河流,528981824,8.64,109.2935211,22.9109807,镇龙江,False,3064
WY048,29,镇龙江,河流,528981824,8.64,109.2942506,22.910447,镇龙江,False,3065
WY048,30,镇龙江,河流,528981824,8.64,109.295066,22.9093797,镇龙江,False,3066
WY048,31,镇龙江,河流,528981824,8.64,109.2958385,22.907838,镇龙江,False,3067
WY048,32,镇龙江,河流,528981824,8.64,109.2967612,22.9076008,镇龙江,False,3068
WY048,33,镇龙江,河流,528981824,8.64,109.2972118,22.9076008,镇龙江,False,3069
WY048,34,镇龙江,河流,528981824,8.64,109.2977053,22.9077194,镇龙江,False,3070
WY048,35,镇龙江,河流,528981824,8.64,109.2985422,22.9082135,镇龙江,False,3071
WY048,36,镇龙江,河流,528981824,8.64,109.298864,22.9084903,镇龙江,False,3072
WY048,37,镇龙江,河流,528981824,8.64,109.2995507,22.9095773,镇龙江,False,3073
WY048,38,镇龙江,河流,528981824,8.64,109.2999154,22.9103482,镇龙江,False,3074
WY048,39,镇龙江,河流,528981824,8.64,109.3005163,22.9120677,镇龙江,False,3075
WY048,40,镇龙江,河流,528981824,8.64,109.3008381,22.9123444,镇龙江,False,3076
WY048,41,镇龙江,河流,528981824,8.64,109.3012458,22.9125025,镇龙江,False,3077
WY048,42,镇龙江,河流,528981824,8.64,109.3022543,22.912463,镇龙江,False,3078
WY048,43,镇龙江,河流,528981824,8.64,109.3027264,22.9123642,镇龙江,False,3079
WY048,44,镇龙江,河流,528981824,8.64,109.3031341,22.9121665,镇龙江,False,3080
WY048,45,镇龙江,河流,528981824,8.64,109.3042499,22.9113364,镇龙江,False,3081
WY048,46,镇龙江,河流,528981824,8.64,109.3045074,22.9104272,镇龙江,False,3082
WY048,47,镇龙江,河流,528981824,8.64,109.3045074,22.9091227,镇龙江,False,3083
WY048,48,镇龙江,河流,528981824,8.64,109.3045932,22.9086484,镇龙江,False,3084
WY048,49,镇龙江,河流,528981824,8.64,109.3047863,22.9082728,镇龙江,False,3085
WY048,50,镇龙江,河流,528981824,8.64,109.3051297,22.9079961,镇龙江,False,3086
WY048,51,镇龙江,河流,528981824,8.64,109.3055803,22.9079566,镇龙江,False,3087
WY048,52,镇龙江,河流,528981824,8.64,109.30646,22.9082926,镇龙江,False,3088
WY048,53,镇龙江,河流,528981824,8.64,109.3070609,22.9089053,镇龙江,False,3089
WY048,54,镇龙江,河流,528981824,8.64,109.3075329,22.9100517,镇龙江,False,3090
WY048,55,镇龙江,河流,528981824,8.64,109.3076188,22.9108621,镇龙江,False,3091
WY048,56,镇龙江,河流,528981824,8.64,109.3077904,22.9112376,镇龙江,False,3092
WY048,57,镇龙江,河流,528981824,8.64,109.3116099,22.9128978,镇龙江,False,3093
WY048,58,镇龙江,河流,528981824,8.64,109.3124896,22.9131152,镇龙江,False,3094
WY048,59,镇龙江,河流,528981824,8.64,109.313348,22.9134512,镇龙江,False,3095
WY048,60,镇龙江,河流,528981824,8.64,109.313584,22.913807,镇龙江,False,3096
WY048,61,镇龙江,河流,528981824,8.64,109.3134982,22.9142221,镇龙江,False,3097
WY048,62,镇龙江,河流,528981824,8.64,109.313069,22.914894,镇龙江,False,3098
WY048,63,镇龙江,河流,528981824,8.64,109.3127042,22.9151115,镇龙江,False,3099
WY048,64,镇龙江,河流,528981824,8.64,109.3109876,22.9156056,镇龙江,False,3100
WY048,65,镇龙江,河流,528981824,8.64,109.3106657,22.9159218,镇龙江,False,3101
WY048,66,镇龙江,河流,528981824,8.64,109.3106443,22.9163171,镇龙江,False,3102
WY048,67,镇龙江,河流,528981824,8.64,109.3109232,22.9166531,镇龙江,False,3103
WY048,68,镇龙江,河流,528981824,8.64,109.3113095,22.9169298,镇龙江,False,3104
WY048,69,镇龙江,河流,528981824,8.64,109.3141092,22.9178276,镇龙江,False,3105
WY048,70,镇龙江,河流,528981824,8.64,109.3155906,22.9183775,镇龙江,False,3106
WY048,71,镇龙江,河流,528981824,8.64,109.3162175,22.9187413,镇龙江,False,3107
WY048,72,镇龙江,河流,528981824,8.64,109.3176824,22.9198746,镇龙江,False,3108
WY048,73,镇龙江,河流,528981824,8.64,109.318133,22.9199536,镇龙江,False,3109
WY048,74,镇龙江,河流,528981824,8.64,109.3193132,22.9199536,镇龙江,False,3110
WY048,75,镇龙江,河流,528981824,8.64,109.3201715,22.9196769,镇龙江,False,3111
WY048,76,镇龙江,河流,528981824,8.64,109.3216092,22.9190643,镇龙江,False,3112
WY048,77,镇龙江,河流,528981824,8.64,109.3225747,22.9190643,镇龙江,False,3113
WY048,78,镇龙江,河流,528981824,8.64,109.323991,22.9193409,镇龙江,False,3114
WY048,79,镇龙江,河流,528981824,8.64,109.3249136,22.9193212,镇龙江,False,3115
WY048,80,镇龙江,河流,528981824,8.64,109.3257719,22.9191235,镇龙江,False,3116
WY048,81,镇龙江,河流,528981824,8.64,109.3261367,22.9189061,镇龙江,False,3117
WY048,82,镇龙江,河流,528981824,8.64,109.3265444,22.9185899,镇龙江,False,3118
WY048,83,镇龙江,河流,528981824,8.64,109.3274242,22.9175227,镇龙江,False,3119
WY048,84,镇龙江,河流,528981824,8.64,109.3278533,22.9167914,镇龙江,False,3120
WY048,85,镇龙江,河流,528981824,8.64,109.3278963,22.9163961,镇龙江,False,3121
WY048,86,镇龙江,河流,528981824,8.64,109.3284542,22.9148545,镇龙江,False,3122
WY048,87,镇龙江,河流,528981824,8.64,109.3285829,22.9140442,镇龙江,False,3123
WY048,88,镇龙江,河流,528981824,8.64,109.3287975,22.9136489,镇龙江,False,3124
WY048,89,镇龙江,河流,528981824,8.64,109.3324238,22.9124828,镇龙江,False,3125
WY049,1,镇龙江,河流,528981825,14.443,109.3324238,22.9124828,镇龙江,False,3126
WY049,2,镇龙江,河流,528981825,14.443,109.3338829,22.9125025,镇龙江,False,3127
WY049,3,镇龙江,河流,528981825,14.443,109.3347842,22.9128385,镇龙江,False,3128
WY049,4,镇龙江,河流,528981825,14.443,109.3357283,22.9129176,镇龙江,False,3129
WY049,5,镇龙江,河流,528981825,14.443,109.3362433,22.912799,镇龙江,False,3130
WY049,6,镇龙江,河流,528981825,14.443,109.3378097,22.9118305,镇龙江,False,3131
WY049,7,镇龙江,河流,528981825,14.443,109.3382389,22.9116527,镇龙江,False,3132
WY049,8,镇龙江,河流,528981825,14.443,109.338668,22.9116329,镇龙江,False,3133
WY049,9,镇龙江,河流,528981825,14.443,109.3390972,22.9117515,镇龙江,False,3134
WY049,10,镇龙江,河流,528981825,14.443,109.34017,22.9125618,镇龙江,False,3135
WY049,11,镇龙江,河流,528981825,14.443,109.3405563,22.9127397,镇龙江,False,3136
WY049,12,镇龙江,河流,528981825,14.443,109.3410713,22.91272,镇龙江,False,3137
WY049,13,镇龙江,河流,528981825,14.443,109.3413717,22.9123642,镇龙江,False,3138
WY049,14,镇龙江,河流,528981825,14.443,109.3414146,22.9119491,镇龙江,False,3139
WY049,15,镇龙江,河流,528981825,14.443,109.3418223,22.9111585,镇龙江,False,3140
WY049,16,镇龙江,河流,528981825,14.443,109.3419296,22.9107632,镇龙江,False,3141
WY049,17,镇龙江,河流,528981825,14.443,109.3418437,22.9094983,镇龙江,False,3142
WY049,18,镇龙江,河流,528981825,14.443,109.3413931,22.9083321,镇龙江,False,3143
WY049,19,镇龙江,河流,528981825,14.443,109.3408781,22.9076206,镇龙江,False,3144
WY049,20,镇龙江,河流,528981825,14.443,109.34017,22.9070474,镇龙江,False,3145
WY049,21,镇龙江,河流,528981825,14.443,109.339934,22.9066916,镇龙江,False,3146
WY049,22,镇龙江,河流,528981825,14.443,109.3397838,22.9062963,镇龙江,False,3147
WY049,23,镇龙江,河流,528981825,14.443,109.3397409,22.9058417,镇龙江,False,3148
WY049,24,镇龙江,河流,528981825,14.443,109.3398482,22.9054266,镇龙江,False,3149
WY049,25,镇龙江,河流,528981825,14.443,109.3401057,22.9050906,镇龙江,False,3150
WY049,26,镇龙江,河流,528981825,14.443,109.3409854,22.9051499,镇龙江,False,3151
WY049,27,镇龙江,河流,528981825,14.443,109.3418867,22.9053475,镇龙江,False,3152
WY049,28,镇龙江,河流,528981825,14.443,109.3445259,22.9062172,镇龙江,False,3153
WY049,29,镇龙江,河流,528981825,14.443,109.3477231,22.9070078,镇龙江,False,3154
WY049,30,镇龙江,河流,528981825,14.443,109.3486887,22.9071067,镇龙江,False,3155
WY049,31,镇龙江,河流,528981825,14.443,109.34959,22.9069486,镇龙江,False,3156
WY049,32,镇龙江,河流,528981825,14.443,109.3499977,22.9067509,镇龙江,False,3157
WY049,33,镇龙江,河流,528981825,14.443,109.3503195,22.9064346,镇龙江,False,3158
WY049,34,镇龙江,河流,528981825,14.443,109.3505556,22.9056045,镇龙江,False,3159
WY049,35,镇龙江,河流,528981825,14.443,109.350577,22.904715,镇龙江,False,3160
WY049,36,镇龙江,河流,528981825,14.443,109.3507058,22.9043197,镇龙江,False,3161
WY049,37,镇龙江,河流,528981825,14.443,109.3509633,22.9039639,镇龙江,False,3162
WY049,38,镇龙江,河流,528981825,14.443,109.3513709,22.9038058,镇龙江,False,3163
WY049,39,镇龙江,河流,528981825,14.443,109.351843,22.9038256,镇龙江,False,3164
WY049,40,镇龙江,河流,528981825,14.443,109.3522936,22.9039837,镇龙江,False,3165
WY049,41,镇龙江,河流,528981825,14.443,109.3547613,22.905565,镇龙江,False,3166
WY049,42,镇龙江,河流,528981825,14.443,109.3552333,22.9057231,镇龙江,False,3167
WY049,43,镇龙江,河流,528981825,14.443,109.3571431,22.9057033,镇龙江,False,3168
WY049,44,镇龙江,河流,528981825,14.443,109.3585378,22.90598,镇龙江,False,3169
WY049,45,镇龙江,河流,528981825,14.443,109.3604046,22.9060591,镇龙江,False,3170
WY049,46,镇龙江,河流,528981825,14.443,109.3608767,22.9059405,镇龙江,False,3171
WY049,47,镇龙江,河流,528981825,14.443,109.3613058,22.9056836,镇龙江,False,3172
WY049,48,镇龙江,河流,528981825,14.443,109.3623573,22.9042604,镇龙江,False,3173
WY049,49,镇龙江,河流,528981825,14.443,109.3625719,22.9038256,镇龙江,False,3174
WY049,50,镇龙江,河流,528981825,14.443,109.3628508,22.9035093,镇龙江,False,3175
WY049,51,镇龙江,河流,528981825,14.443,109.36328,22.9034303,镇龙江,False,3176
WY049,52,镇龙江,河流,528981825,14.443,109.3642026,22.9036477,镇龙江,False,3177
WY049,53,镇龙江,河流,528981825,14.443,109.364546,22.9039244,镇龙江,False,3178
WY049,54,镇龙江,河流,528981825,14.443,109.3660265,22.9071067,镇龙江,False,3179
WY049,55,镇龙江,河流,528981825,14.443,109.3664342,22.9073241,镇龙江,False,3180
WY049,56,镇龙江,河流,528981825,14.443,109.3673998,22.9073043,镇龙江,False,3181
WY049,57,镇龙江,河流,528981825,14.443,109.3681723,22.9067904,镇龙江,False,3182
WY049,58,镇龙江,河流,528981825,14.443,109.3684727,22.9064346,镇龙江,False,3183
WY049,59,镇龙江,河流,528981825,14.443,109.369331,22.9034698,镇龙江,False,3184
WY049,60,镇龙江,河流,528981825,14.443,109.369846,22.9027977,镇龙江,False,3185
WY049,61,镇龙江,河流,528981825,14.443,109.3705756,22.9023036,镇龙江,False,3186
WY049,62,镇龙江,河流,528981825,14.443,109.371627,22.9023036,镇龙江,False,3187
WY049,63,镇龙江,河流,528981825,14.443,109.3734739,22.9024666,镇龙江,False,3188
WY049,64,镇龙江,河流,528981825,14.443,109.374933,22.902427,镇龙江,False,3189
WY049,65,镇龙江,河流,528981825,14.443,109.3764351,22.9021306,镇龙江,False,3190
WY049,66,镇龙江,河流,528981825,14.443,109.378071,22.9020737,镇龙江,False,3191
WY049,67,镇龙江,河流,528981825,14.443,109.3792879,22.9027413,镇龙江,False,3192
WY049,68,镇龙江,河流,528981825,14.443,109.3800813,22.9034303,镇龙江,False,3193
WY049,69,镇龙江,河流,528981825,14.443,109.3810898,22.9044383,镇龙江,False,3194
WY049,70,镇龙江,河流,528981825,14.443,109.3818838,22.9050115,镇龙江,False,3195
WY049,71,镇龙江,河流,528981825,14.443,109.3823558,22.9051301,镇龙江,False,3196
WY049,72,镇龙江,河流,528981825,14.443,109.3828279,22.9051301,镇龙江,False,3197
WY049,73,镇龙江,河流,528981825,14.443,109.3837291,22.9049522,镇龙江,False,3198
WY049,74,镇龙江,河流,528981825,14.443,109.3840939,22.9046755,镇龙江,False,3199
WY049,75,镇龙江,河流,528981825,14.443,109.3843514,22.9043395,镇龙江,False,3200
WY049,76,镇龙江,河流,528981825,14.443,109.3847376,22.9035488,镇龙江,False,3201
WY049,77,镇龙江,河流,528981825,14.443,109.3848235,22.9031535,镇龙江,False,3202
WY049,78,镇龙江,河流,528981825,14.443,109.3846947,22.9019676,镇龙江,False,3203
WY049,79,镇龙江,河流,528981825,14.443,109.3842441,22.9003467,镇龙江,False,3204
WY049,80,镇龙江,河流,528981825,14.443,109.3842441,22.8999316,镇龙江,False,3205
WY049,81,镇龙江,河流,528981825,14.443,109.3843728,22.8995165,镇龙江,False,3206
WY049,82,镇龙江,河流,528981825,14.443,109.3849307,22.8992793,镇龙江,False,3207
WY049,83,镇龙江,河流,528981825,14.443,109.3854028,22.8992793,镇龙江,False,3208
WY049,84,镇龙江,河流,528981825,14.443,109.3872911,22.8996351,镇龙江,False,3209
WY049,85,镇龙江,河流,528981825,14.443,109.3882138,22.8996549,镇龙江,False,3210
WY049,86,镇龙江,河流,528981825,14.443,109.3886429,22.8995758,镇龙江,False,3211
WY049,87,镇龙江,河流,528981825,14.443,109.3889648,22.8992793,镇龙江,False,3212
WY049,88,镇龙江,河流,528981825,14.443,109.3891794,22.898884,镇龙江,False,3213
WY049,89,镇龙江,河流,528981825,14.443,109.3891579,22.8975596,镇龙江,False,3214
WY049,90,镇龙江,河流,528981825,14.443,109.3890292,22.8967294,镇龙江,False,3215
WY049,91,镇龙江,河流,528981825,14.443,109.3890935,22.8962945,镇龙江,False,3216
WY049,92,镇龙江,河流,528981825,14.443,109.3902308,22.8933888,镇龙江,False,3217
WY049,93,镇龙江,河流,528981825,14.443,109.3902308,22.8929539,镇龙江,False,3218
WY049,94,镇龙江,河流,528981825,14.443,109.3900591,22.8920841,镇龙江,False,3219
WY049,95,镇龙江,河流,528981825,14.443,109.3898875,22.8916887,镇龙江,False,3220
WY049,96,镇龙江,河流,528981825,14.443,109.389351,22.8909178,镇龙江,False,3221
WY049,97,镇龙江,河流,528981825,14.443,109.3890077,22.8901271,镇龙江,False,3222
WY049,98,镇龙江,河流,528981825,14.443,109.389115,22.8892573,镇龙江,False,3223
WY049,99,镇龙江,河流,528981825,14.443,109.389351,22.8889015,镇龙江,False,3224
WY049,100,镇龙江,河流,528981825,14.443,109.390258,22.8880939,镇龙江,False,3225
WY049,101,镇龙江,河流,528981825,14.443,109.3907515,22.8878967,镇龙江,False,3226
WY049,102,镇龙江,河流,528981825,14.443,109.3914539,22.8879724,镇龙江,False,3227
WY049,103,镇龙江,河流,528981825,14.443,109.3919259,22.8880119,镇龙江,False,3228
WY049,104,镇龙江,河流,528981825,14.443,109.3922693,22.8882887,镇龙江,False,3229
WY049,105,镇龙江,河流,528981825,14.443,109.3928063,22.8888084,镇龙江,False,3230
WY049,106,镇龙江,河流,528981825,14.443,109.3932992,22.8890991,镇龙江,False,3231
WY049,107,镇龙江,河流,528981825,14.443,109.3937498,22.8890201,镇龙江,False,3232
WY049,108,镇龙江,河流,528981825,14.443,109.3945438,22.8885456,镇龙江,False,3233
WY049,109,镇龙江,河流,528981825,14.443,109.3968382,22.8860977,镇龙江,False,3234
WY049,110,镇龙江,河流,528981825,14.443,109.3968811,22.8856826,镇龙江,False,3235
WY049,111,镇龙江,河流,528981825,14.443,109.3965163,22.8854058,镇龙江,False,3236
WY049,112,镇龙江,河流,528981825,14.443,109.3960442,22.8854058,镇龙江,False,3237
WY049,113,镇龙江,河流,528981825,14.443,109.3956151,22.8855245,镇龙江,False,3238
WY049,114,镇龙江,河流,528981825,14.443,109.39493,22.8862921,镇龙江,False,3239
WY049,115,镇龙江,河流,528981825,14.443,109.3942219,22.8867665,镇龙江,False,3240
WY049,116,镇龙江,河流,528981825,14.443,109.3933636,22.8869049,镇龙江,False,3241
WY049,117,镇龙江,河流,528981825,14.443,109.392913,22.8867467,镇龙江,False,3242
WY049,118,镇龙江,河流,528981825,14.443,109.392677,22.8863711,镇龙江,False,3243
WY049,119,镇龙江,河流,528981825,14.443,109.392677,22.8851257,镇龙江,False,3244
WY049,120,镇龙江,河流,528981825,14.443,109.3927413,22.8821999,镇龙江,False,3245
WY049,121,镇龙江,河流,528981825,14.443,109.3927843,22.8818045,镇龙江,False,3246
WY049,122,镇龙江,河流,528981825,14.443,109.3929988,22.8814487,镇龙江,False,3247
WY049,123,镇龙江,河流,528981825,14.443,109.3932992,22.8811324,镇龙江,False,3248
WY049,124,镇龙江,河流,528981825,14.443,109.394179,22.8808161,镇龙江,False,3249
WY049,125,镇龙江,河流,528981825,14.443,109.3951231,22.8809149,镇龙江,False,3250
WY049,126,镇龙江,河流,528981825,14.443,109.3954665,22.8811917,镇龙江,False,3251
WY049,127,镇龙江,河流,528981825,14.443,109.3956596,22.8815673,镇龙江,False,3252
WY049,128,镇龙江,河流,528981825,14.443,109.3963462,22.8822592,镇龙江,False,3253
WY049,129,镇龙江,河流,528981825,14.443,109.3967325,22.8825162,镇龙江,False,3254
WY049,130,镇龙江,河流,528981825,14.443,109.3976337,22.8827732,镇龙江,False,3255
WY049,131,镇龙江,河流,528981825,14.443,109.3985778,22.8827337,镇龙江,False,3256
WY049,132,镇龙江,河流,528981825,14.443,109.4007021,22.8818243,镇龙江,False,3257
WY049,133,镇龙江,河流,528981825,14.443,109.4011313,22.8817057,镇龙江,False,3258
WY049,134,镇龙江,河流,528981825,14.443,109.4019467,22.8813103,镇龙江,False,3259
WY049,135,镇龙江,河流,528981825,14.443,109.4027406,22.8807963,镇龙江,False,3260
WY049,136,镇龙江,河流,528981825,14.443,109.4035775,22.8797485,镇龙江,False,3261
WY049,137,镇龙江,河流,528981825,14.443,109.4052297,22.8761307,镇龙江,False,3262
WY049,138,镇龙江,河流,528981825,14.443,109.405852,22.8745095,镇龙江,False,3263
WY049,139,镇龙江,河流,528981825,14.443,109.4061095,22.8741141,镇龙江,False,3264
WY049,140,镇龙江,河流,528981825,14.443,109.4067747,22.8735605,镇龙江,False,3265
WY049,141,镇龙江,河流,528981825,14.443,109.4077403,22.8734815,镇龙江,False,3266
WY049,142,镇龙江,河流,528981825,14.443,109.4085986,22.8737385,镇龙江,False,3267
WY049,143,镇龙江,河流,528981825,14.443,109.4093216,22.8741428,镇龙江,False,3268
WY050,1,,溪流,530995492,1.013,109.3911183,23.0570291,未记录,True,3269
WY050,2,,溪流,530995492,1.013,109.3912542,23.0571685,未记录,True,3270
WY050,3,,溪流,530995492,1.013,109.3918081,23.0570916,未记录,True,3271
WY050,4,,溪流,530995492,1.013,109.392106,23.0568848,未记录,True,3272
WY050,5,,溪流,530995492,1.013,109.3924405,23.056755,未记录,True,3273
WY050,6,,溪流,530995492,1.013,109.392545,23.0569137,未记录,True,3274
WY050,7,,溪流,530995492,1.013,109.392268,23.0572551,未记录,True,3275
WY050,8,,溪流,530995492,1.013,109.3921269,23.0576157,未记录,True,3276
WY050,9,,溪流,530995492,1.013,109.3918186,23.0580485,未记录,True,3277
WY050,10,,溪流,530995492,1.013,109.3918552,23.0582745,未记录,True,3278
WY050,11,,溪流,530995492,1.013,109.392106,23.0585149,未记录,True,3279
WY050,12,,溪流,530995492,1.013,109.3928168,23.058741,未记录,True,3280
WY050,13,,溪流,530995492,1.013,109.3930011,23.0588233,未记录,True,3281
WY050,14,,溪流,530995492,1.013,109.3934875,23.0588826,未记录,True,3282
WY050,15,,溪流,530995492,1.013,109.3938666,23.0589616,未记录,True,3283
WY050,16,,溪流,530995492,1.013,109.3950397,23.0589484,未记录,True,3284
WY050,17,,溪流,530995492,1.013,109.3955619,23.0588431,未记录,True,3285
WY050,18,,溪流,530995492,1.013,109.3957264,23.0589089,未记录,True,3286
WY050,19,,溪流,530995492,1.013,109.3957979,23.0591327,未记录,True,3287
WY050,20,,溪流,530995492,1.013,109.3956477,23.0592906,未记录,True,3288
WY050,21,,溪流,530995492,1.013,109.395147,23.0593235,未记录,True,3289
WY050,22,,溪流,530995492,1.013,109.3949682,23.0595012,未记录,True,3290
WY050,23,,溪流,530995492,1.013,109.3947464,23.0601462,未记录,True,3291
WY050,24,,溪流,530995492,1.013,109.3947464,23.0603502,未记录,True,3292
WY050,25,,溪流,530995492,1.013,109.3949253,23.0604717,未记录,True,3293
WY051,1,,溪流,850984209,7.258,109.37502471131263,23.2247021,未记录,True,3294
WY051,2,,溪流,850984209,7.258,109.3751192,23.224596,未记录,True,3295
WY051,3,,溪流,850984209,7.258,109.3751192,23.224034,未记录,True,3296
WY051,4,,溪流,850984209,7.258,109.3748402,23.2235114,未记录,True,3297
WY051,5,,溪流,850984209,7.258,109.3751299,23.2221508,未记录,True,3298
WY051,6,,溪流,850984209,7.258,109.3754303,23.2220522,未记录,True,3299
WY051,7,,溪流,850984209,7.258,109.3754733,23.2218156,未记录,True,3300
WY051,8,,溪流,850984209,7.258,109.3756342,23.2215494,未记录,True,3301
WY051,9,,溪流,850984209,7.258,109.3756664,23.2209677,未记录,True,3302
WY051,10,,溪流,850984209,7.258,109.3760311,23.2208592,未记录,True,3303
WY051,11,,溪流,850984209,7.258,109.376117,23.2203465,未记录,True,3304
WY051,12,,溪流,850984209,7.258,109.3767285,23.2202479,未记录,True,3305
WY051,13,,溪流,850984209,7.258,109.3770397,23.2201296,未记录,True,3306
WY051,14,,溪流,850984209,7.258,109.3777156,23.2200014,未记录,True,3307
WY051,15,,溪流,850984209,7.258,109.3779623,23.2200211,未记录,True,3308
WY051,16,,溪流,850984209,7.258,109.379164,23.2190943,未记录,True,3309
WY051,17,,溪流,850984209,7.258,109.3798935,23.2180886,未记录,True,3310
WY051,18,,溪流,850984209,7.258,109.3803012,23.2181576,未记录,True,3311
WY051,19,,溪流,850984209,7.258,109.3806767,23.2178224,未记录,True,3312
WY051,20,,溪流,850984209,7.258,109.3808162,23.2172012,未记录,True,3313
WY051,21,,溪流,850984209,7.258,109.381696,23.2164814,未记录,True,3314
WY051,22,,溪流,850984209,7.258,109.3824363,23.2167969,未记录,True,3315
WY051,23,,溪流,850984209,7.258,109.3829512,23.2166096,未记录,True,3316
WY051,24,,溪流,850984209,7.258,109.3831551,23.2160377,未记录,True,3317
WY051,25,,溪流,850984209,7.258,109.3836915,23.2159293,未记录,True,3318
WY051,26,,溪流,850984209,7.258,109.3843782,23.2151996,未记录,True,3319
WY051,27,,溪流,850984209,7.258,109.3850219,23.2141643,未记录,True,3320
WY051,28,,溪流,850984209,7.258,109.385376,23.2139474,未记录,True,3321
WY051,29,,溪流,850984209,7.258,109.385376,23.2134445,未记录,True,3322
WY051,30,,溪流,850984209,7.258,109.3858802,23.2130994,未记录,True,3323
WY051,31,,溪流,850984209,7.258,109.3861484,23.2113738,未记录,True,3324
WY051,32,,溪流,850984209,7.258,109.3859553,23.2107329,未记录,True,3325
WY051,33,,溪流,850984209,7.258,109.3861377,23.2106441,未记录,True,3326
WY051,34,,溪流,850984209,7.258,109.3861163,23.2104075,未记录,True,3327
WY051,35,,溪流,850984209,7.258,109.3858158,23.2100624,未记录,True,3328
WY051,36,,溪流,850984209,7.258,109.3857193,23.2092538,未记录,True,3329
WY051,37,,溪流,850984209,7.258,109.3858158,23.2083072,未记录,True,3330
WY051,38,,溪流,850984209,7.258,109.3859446,23.2078733,未记录,True,3331
WY051,39,,溪流,850984209,7.258,109.3868351,23.2072718,未记录,True,3332
WY051,40,,溪流,850984209,7.258,109.3880045,23.2068971,未记录,True,3333
WY051,41,,溪流,850984209,7.258,109.3888092,23.2066309,未记录,True,3334
WY051,42,,溪流,850984209,7.258,109.3899035,23.2065421,未记录,True,3335
WY051,43,,溪流,850984209,7.258,109.3906224,23.206266,未记录,True,3336
WY051,44,,溪流,850984209,7.258,109.3915343,23.2057927,未记录,True,3337
WY051,45,,溪流,850984209,7.258,109.3921566,23.2052405,未记录,True,3338
WY051,46,,溪流,850984209,7.258,109.3919849,23.2049743,未记录,True,3339
WY051,47,,溪流,850984209,7.258,109.3921351,23.2045305,未记录,True,3340
WY051,48,,溪流,850984209,7.258,109.3923175,23.2042544,未记录,True,3341
WY051,49,,溪流,850984209,7.258,109.3922746,23.2038994,未记录,True,3342
WY051,50,,溪流,850984209,7.258,109.392457,23.2032387,未记录,True,3343
WY051,51,,溪流,850984209,7.258,109.3922639,23.2023217,未记录,True,3344
WY051,52,,溪流,850984209,7.258,109.3919527,23.2018878,未记录,True,3345
WY051,53,,溪流,850984209,7.258,109.3918669,23.2008129,未记录,True,3346
WY051,54,,溪流,850984209,7.258,109.3916953,23.2003987,未记录,True,3347
WY051,55,,溪流,850984209,7.258,109.391706,23.198742,未记录,True,3348
WY051,56,,溪流,850984209,7.258,109.3918455,23.1959611,未记录,True,3349
WY051,57,,溪流,850984209,7.258,109.3911052,23.1942945,未记录,True,3350
WY051,58,,溪流,850984209,7.258,109.3909228,23.1922137,未记录,True,3351
WY051,59,,溪流,850984209,7.258,109.39044,23.1909513,未记录,True,3352
WY051,60,,溪流,850984209,7.258,109.3905687,23.1905963,未记录,True,3353
WY051,61,,溪流,850984209,7.258,109.39044,23.1902511,未记录,True,3354
WY051,62,,溪流,850984209,7.258,109.390558,23.1893734,未记录,True,3355
WY051,63,,溪流,850984209,7.258,109.3903112,23.1889395,未记录,True,3356
WY051,64,,溪流,850984209,7.258,109.3903756,23.1884168,未记录,True,3357
WY051,65,,溪流,850984209,7.258,109.3902147,23.1878448,未记录,True,3358
WY051,66,,溪流,850984209,7.258,109.3903541,23.1875095,未记录,True,3359
WY051,67,,溪流,850984209,7.258,109.3900001,23.1870657,未记录,True,3360
WY051,68,,溪流,850984209,7.258,109.3900752,23.1866022,未记录,True,3361
WY051,69,,溪流,850984209,7.258,109.3903327,23.1863359,未记录,True,3362
WY051,70,,溪流,850984209,7.258,109.3901074,23.1862274,未记录,True,3363
WY051,71,,溪流,850984209,7.258,109.389292,23.185754,未记录,True,3364
WY051,72,,溪流,850984209,7.258,109.3889272,23.1848072,未记录,True,3365
WY051,73,,溪流,850984209,7.258,109.388659,23.1845607,未记录,True,3366
WY051,74,,溪流,850984209,7.258,109.3883586,23.1844916,未记录,True,3367
WY051,75,,溪流,850984209,7.258,109.3880367,23.1840873,未记录,True,3368
WY051,76,,溪流,850984209,7.258,109.3879831,23.1837224,未记录,True,3369
WY051,77,,溪流,850984209,7.258,109.3877363,23.1832884,未记录,True,3370
WY051,78,,溪流,850984209,7.258,109.3877363,23.1829531,未记录,True,3371
WY051,79,,溪流,850984209,7.258,109.388144,23.1822627,未记录,True,3372
WY051,80,,溪流,850984209,7.258,109.3881762,23.1817992,未记录,True,3373
WY051,81,,溪流,850984209,7.258,109.3877149,23.1810496,未记录,True,3374
WY051,82,,溪流,850984209,7.258,109.3877685,23.1807044,未记录,True,3375
WY051,83,,溪流,850984209,7.258,109.3878168,23.1802902,未记录,True,3376
WY051,84,,溪流,850984209,7.258,109.3878972,23.1800781,未记录,True,3377
WY051,85,,溪流,850984209,7.258,109.3879241,23.1797675,未记录,True,3378
WY051,86,,溪流,850984209,7.258,109.3885302,23.1796935,未记录,True,3379
WY051,87,,溪流,850984209,7.258,109.389292,23.1796343,未记录,True,3380
WY051,88,,溪流,850984209,7.258,109.389528,23.1793039,未记录,True,3381
WY051,89,,溪流,850984209,7.258,109.3895334,23.1788157,未记录,True,3382
WY051,90,,溪流,850984209,7.258,109.3894637,23.1782437,未记录,True,3383
WY051,91,,溪流,850984209,7.258,109.389528,23.1777209,未记录,True,3384
WY051,92,,溪流,850984209,7.258,109.3896621,23.1773954,未记录,True,3385
WY051,93,,溪流,850984209,7.258,109.3899733,23.1772376,未记录,True,3386
WY051,94,,溪流,850984209,7.258,109.3900484,23.1769319,未记录,True,3387
WY051,95,,溪流,850984209,7.258,109.3899304,23.176207,未记录,True,3388
WY051,96,,溪流,850984209,7.258,109.3899035,23.1754081,未记录,True,3389
WY051,97,,溪流,850984209,7.258,109.390102,23.17527,未记录,True,3390
WY051,98,,溪流,850984209,7.258,109.3906546,23.1750678,未记录,True,3391
WY051,99,,溪流,850984209,7.258,109.3908745,23.1751072,未记录,True,3392
WY051,100,,溪流,850984209,7.258,109.3909925,23.1754031,未记录,True,3393
WY051,101,,溪流,850984209,7.258,109.3911856,23.1755067,未记录,True,3394
WY051,102,,溪流,850984209,7.258,109.3914485,23.1754081,未记录,True,3395
WY051,103,,溪流,850984209,7.258,109.3917181,23.1752573,未记录,True,3396
WY052,1,,溪流,851185423,1.354,109.3176341,23.0364395,未记录,True,3397
WY052,2,,溪流,851185423,1.354,109.3180847,23.0367307,未记录,True,3398
WY052,3,,溪流,851185423,1.354,109.3185246,23.0368295,未记录,True,3399
WY052,4,,溪流,851185423,1.354,109.3190718,23.0368344,未记录,True,3400
WY052,5,,溪流,851185423,1.354,109.3201286,23.0372046,未记录,True,3401
WY052,6,,溪流,851185423,1.354,109.3216306,23.0380686,未记录,True,3402
WY052,7,,溪流,851185423,1.354,109.3217486,23.0380439,未记录,True,3403
WY052,8,,溪流,851185423,1.354,109.3218452,23.0379007,未记录,True,3404
WY052,9,,溪流,851185423,1.354,109.3220276,23.0373034,未记录,True,3405
WY052,10,,溪流,851185423,1.354,109.3221831,23.0371898,未记录,True,3406
WY052,11,,溪流,851185423,1.354,109.322446,23.0372244,未记录,True,3407
WY052,12,,溪流,851185423,1.354,109.3227142,23.0374268,未记录,True,3408
WY052,13,,溪流,851185423,1.354,109.3230468,23.0376934,未记录,True,3409
WY052,14,,溪流,851185423,1.354,109.3232721,23.037723,未记录,True,3410
WY052,15,,溪流,851185423,1.354,109.3235993,23.0374613,未记录,True,3411
WY052,16,,溪流,851185423,1.354,109.3240339,23.037407,未记录,True,3412
WY052,17,,溪流,851185423,1.354,109.3261743,23.0378859,未记录,True,3413
WY052,18,,溪流,851185423,1.354,109.3264103,23.0378316,未记录,True,3414
WY052,19,,溪流,851185423,1.354,109.3267053,23.0372738,未记录,True,3415
WY052,20,,溪流,851185423,1.354,109.3270433,23.0371997,未记录,True,3416
WY052,21,,溪流,851185423,1.354,109.3273759,23.0374021,未记录,True,3417
WY052,22,,溪流,851185423,1.354,109.3277568,23.0378365,未记录,True,3418
WY052,23,,溪流,851185423,1.354,109.3287063,23.0380439,未记录,True,3419
WY053,1,,溪流,851185429,11.572,109.3412751,23.0072657,未记录,True,3420
WY053,2,,溪流,851185429,11.572,109.3412536,23.0070633,未记录,True,3421
WY053,3,,溪流,851185429,11.572,109.3408138,23.0057548,未记录,True,3422
WY053,4,,溪流,851185429,11.572,109.3408459,23.0054091,未记录,True,3423
WY053,5,,溪流,851185429,11.572,109.3411678,23.0050684,未记录,True,3424
WY053,6,,溪流,851185429,11.572,109.3420368,23.0044314,未记录,True,3425
WY053,7,,溪流,851185429,11.572,109.3421549,23.0042241,未记录,True,3426
WY053,8,,溪流,851185429,11.572,109.3420798,23.0034784,未记录,True,3427
WY053,9,,溪流,851185429,11.572,109.3417472,23.0030883,未记录,True,3428
WY053,10,,溪流,851185429,11.572,109.341436,23.0019625,未记录,True,3429
WY053,11,,溪流,851185429,11.572,109.3414789,23.0013107,未记录,True,3430
WY053,12,,溪流,851185429,11.572,109.3413824,23.0006441,未记录,True,3431
WY053,13,,溪流,851185429,11.572,109.3411732,23.0005947,未记录,True,3432
WY053,14,,溪流,851185429,11.572,109.3404597,23.0008021,未记录,True,3433
WY053,15,,溪流,851185429,11.572,109.3400788,23.0010144,未记录,True,3434
WY053,16,,溪流,851185429,11.572,109.3396604,23.0013058,未记录,True,3435
WY053,17,,溪流,851185429,11.572,109.3392098,23.0015181,未记录,True,3436
WY053,18,,溪流,851185429,11.572,109.3389898,23.0014638,未记录,True,3437
WY053,19,,溪流,851185429,11.572,109.3387324,23.0011181,未记录,True,3438
WY053,20,,溪流,851185429,11.572,109.3387163,23.0007972,未记录,True,3439
WY053,21,,溪流,851185429,11.572,109.3386948,22.9998639,未记录,True,3440
WY053,22,,溪流,851185429,11.572,109.3389845,22.9992318,未记录,True,3441
WY053,23,,溪流,851185429,11.572,109.3389738,22.9990096,未记录,True,3442
WY053,24,,溪流,851185429,11.572,109.3386573,22.998664,未记录,True,3443
WY053,25,,溪流,851185429,11.572,109.3378794,22.9981998,未记录,True,3444
WY053,26,,溪流,851185429,11.572,109.3378365,22.9974887,未记录,True,3445
WY053,27,,溪流,851185429,11.572,109.3379331,22.9970887,未记录,True,3446
WY053,28,,溪流,851185429,11.572,109.3383729,22.9963924,未记录,True,3447
WY053,29,,溪流,851185429,11.572,109.3383944,22.995711,未记录,True,3448
WY053,30,,溪流,851185429,11.572,109.3381852,22.9954196,未记录,True,3449
WY053,31,,溪流,851185429,11.572,109.3377829,22.9951727,未记录,True,3450
WY053,32,,溪流,851185429,11.572,109.3374503,22.9949604,未记录,True,3451
WY053,33,,溪流,851185429,11.572,109.3369782,22.9950196,未记录,True,3452
WY053,34,,溪流,851185429,11.572,109.3364739,22.9953258,未记录,True,3453
WY053,35,,溪流,851185429,11.572,109.3359053,22.9954098,未记录,True,3454
WY053,36,,溪流,851185429,11.572,109.3351543,22.9956715,未记录,True,3455
WY053,37,,溪流,851185429,11.572,109.334988,22.99579,未记录,True,3456
WY053,38,,溪流,851185429,11.572,109.3348378,22.9960171,未记录,True,3457
WY053,39,,溪流,851185429,11.572,109.3344784,22.9962591,未记录,True,3458
WY053,40,,溪流,851185429,11.572,109.3340921,22.9962937,未记录,True,3459
WY053,41,,溪流,851185429,11.572,109.3334699,22.9959678,未记录,True,3460
WY053,42,,溪流,851185429,11.572,109.3330836,22.994911,未记录,True,3461
WY053,43,,溪流,851185429,11.572,109.3331104,22.9939431,未记录,True,3462
WY053,44,,溪流,851185429,11.572,109.3330032,22.9932814,未记录,True,3463
WY053,45,,溪流,851185429,11.572,109.3330675,22.9924962,未记录,True,3464
WY053,46,,溪流,851185429,11.572,109.3333197,22.9917505,未记录,True,3465
WY053,47,,溪流,851185429,11.572,109.3336844,22.9910345,未记录,True,3466
WY053,48,,溪流,851185429,11.572,109.3336415,22.9907777,未记录,True,3467
WY053,49,,溪流,851185429,11.572,109.3334645,22.9906592,未记录,True,3468
WY053,50,,溪流,851185429,11.572,109.3326759,22.9904567,未记录,True,3469
WY053,51,,溪流,851185429,11.572,109.3322414,22.9906147,未记录,True,3470
WY053,52,,溪流,851185429,11.572,109.3318444,22.9910987,未记录,True,3471
WY053,53,,溪流,851185429,11.572,109.3316513,22.9913357,未记录,True,3472
WY053,54,,溪流,851185429,11.572,109.3312168,22.9914987,未记录,True,3473
WY053,55,,溪流,851185429,11.572,109.3309593,22.9915481,未记录,True,3474
WY053,56,,溪流,851185429,11.572,109.330439,22.9910444,未记录,True,3475
WY053,57,,溪流,851185429,11.572,109.3298542,22.9901012,未记录,True,3476
WY053,58,,溪流,851185429,11.572,109.3294519,22.9896962,未记录,True,3477
WY053,59,,溪流,851185429,11.572,109.3287545,22.989474,未记录,True,3478
WY053,60,,溪流,851185429,11.572,109.3275046,22.9889406,未记录,True,3479
WY053,61,,溪流,851185429,11.572,109.3273008,22.988748,未记录,True,3480
WY053,62,,溪流,851185429,11.572,109.3272632,22.9886295,未记录,True,3481
WY053,63,,溪流,851185429,11.572,109.3274403,22.9880764,未记录,True,3482
WY053,64,,溪流,851185429,11.572,109.3282288,22.9871924,未记录,True,3483
WY053,65,,溪流,851185429,11.572,109.3284005,22.9868616,未记录,True,3484
WY053,66,,溪流,851185429,11.572,109.3282932,22.9866295,未记录,True,3485
WY053,67,,溪流,851185429,11.572,109.3282825,22.986422,未记录,True,3486
WY053,68,,溪流,851185429,11.572,109.3280625,22.9861801,未记录,True,3487
WY053,69,,溪流,851185429,11.572,109.3274349,22.9861356,未记录,True,3488
WY053,70,,溪流,851185429,11.572,109.3267161,22.9859973,未记录,True,3489
WY053,71,,溪流,851185429,11.572,109.3257451,22.9859282,未记录,True,3490
WY053,72,,溪流,851185429,11.572,109.3249029,22.985622,未记录,True,3491
WY053,73,,溪流,851185429,11.572,109.3248278,22.9851924,未记录,True,3492
WY053,74,,溪流,851185429,11.572,109.3250155,22.98498,未记录,True,3493
WY053,75,,溪流,851185429,11.572,109.3259168,22.9845158,未记录,True,3494
WY053,76,,溪流,851185429,11.572,109.3260723,22.9835972,未记录,True,3495
WY053,77,,溪流,851185429,11.572,109.3257773,22.9831577,未记录,True,3496
WY053,78,,溪流,851185429,11.572,109.3256593,22.9826391,未记录,True,3497
WY053,79,,溪流,851185429,11.572,109.3251175,22.9815576,未记录,True,3498
WY053,80,,溪流,851185429,11.572,109.3248546,22.9809995,未记录,True,3499
WY053,81,,溪流,851185429,11.572,109.3245918,22.9806439,未记录,True,3500
WY053,82,,溪流,851185429,11.572,109.3242592,22.9797352,未记录,True,3501
WY053,83,,溪流,851185429,11.572,109.3239963,22.9783276,未记录,True,3502
WY053,84,,溪流,851185429,11.572,109.323771,22.9772214,未记录,True,3503
WY053,85,,溪流,851185429,11.572,109.3235135,22.9768756,未记录,True,3504
WY053,86,,溪流,851185429,11.572,109.3233097,22.9759965,未记录,True,3505
WY053,87,,溪流,851185429,11.572,109.3227839,22.9742136,未记录,True,3506
WY053,88,,溪流,851185429,11.572,109.3226713,22.9731023,未记录,True,3507
WY053,89,,溪流,851185429,11.572,109.3226123,22.9723269,未记录,True,3508
WY053,90,,溪流,851185429,11.572,109.3219793,22.9710477,未记录,True,3509
WY053,91,,溪流,851185429,11.572,109.3217379,22.9701093,未记录,True,3510
WY053,92,,溪流,851185429,11.572,109.3211961,22.9684991,未记录,True,3511
WY053,93,,溪流,851185429,11.572,109.3212444,22.9681435,未记录,True,3512
WY053,94,,溪流,851185429,11.572,109.321872,22.9680102,未记录,True,3513
WY053,95,,溪流,851185429,11.572,109.3222529,22.9679311,未记录,True,3514
WY053,96,,溪流,851185429,11.572,109.3228054,22.9680003,未记录,True,3515
WY053,97,,溪流,851185429,11.572,109.3235135,22.9677682,未记录,True,3516
WY053,98,,溪流,851185429,11.572,109.3241841,22.9671705,未记录,True,3517
WY053,99,,溪流,851185429,11.572,109.3247098,22.9669976,未记录,True,3518
WY053,100,,溪流,851185429,11.572,109.3253106,22.9669236,未记录,True,3519
WY053,101,,溪流,851185429,11.572,109.3261152,22.9667457,未记录,True,3520
WY053,102,,溪流,851185429,11.572,109.3264478,22.9668396,未记录,True,3521
WY053,103,,溪流,851185429,11.572,109.326539,22.967052,未记录,True,3522
WY053,104,,溪流,851185429,11.572,109.3265659,22.9675459,未记录,True,3523
WY053,105,,溪流,851185429,11.572,109.3267429,22.9677978,未记录,True,3524
WY053,106,,溪流,851185429,11.572,109.3273008,22.9678274,未记录,True,3525
WY053,107,,溪流,851185429,11.572,109.3275905,22.9676249,未记录,True,3526
WY053,108,,溪流,851185429,11.572,109.3279445,22.9671804,未记录,True,3527
WY053,109,,溪流,851185429,11.572,109.3279338,22.9668396,未记录,True,3528
WY053,110,,溪流,851185429,11.572,109.3276441,22.9662173,未记录,True,3529
WY053,111,,溪流,851185429,11.572,109.3276173,22.9648688,未记录,True,3530
WY053,112,,溪流,851185429,11.572,109.3278426,22.9640983,未记录,True,3531
WY053,113,,溪流,851185429,11.572,109.3276817,22.9617423,未记录,True,3532
WY053,114,,溪流,851185429,11.572,109.3274671,22.9614904,未记录,True,3533
WY053,115,,溪流,851185429,11.572,109.3270647,22.9607346,未记录,True,3534
WY053,116,,溪流,851185429,11.572,109.3270701,22.9585761,未记录,True,3535
WY053,117,,溪流,851185429,11.572,109.3267053,22.9578796,未记录,True,3536
WY053,118,,溪流,851185429,11.572,109.3262654,22.9578401,未记录,True,3537
WY053,119,,溪流,851185429,11.572,109.3237817,22.9590849,未记录,True,3538
WY053,120,,溪流,851185429,11.572,109.3219685,22.9605963,未记录,True,3539
WY053,121,,溪流,851185429,11.572,109.3210137,22.9605963,未记录,True,3540
WY053,122,,溪流,851185429,11.572,109.318546,22.9596776,未记录,True,3541
WY053,123,,溪流,851185429,11.572,109.3181598,22.9589762,未记录,True,3542
WY053,124,,溪流,851185429,11.572,109.3185031,22.9582649,未记录,True,3543
WY053,125,,溪流,851185429,11.572,109.3215394,22.955311,未记录,True,3544
WY053,126,,溪流,851185429,11.572,109.3274832,22.947941,未记录,True,3545
WY053,127,,溪流,851185429,11.572,109.3310492,22.9454607,未记录,True,3546
WY054,1,,溪流,851185432,5.764,109.3287063,23.0380439,未记录,True,3547
WY054,2,,溪流,851185432,5.764,109.3295538,23.0381031,未记录,True,3548
WY054,3,,溪流,851185432,5.764,109.3306106,23.0385523,未记录,True,3549
WY054,4,,溪流,851185432,5.764,109.3311846,23.0384832,未记录,True,3550
WY054,5,,溪流,851185432,5.764,109.3324882,23.0381278,未记录,True,3551
WY054,6,,溪流,851185432,5.764,109.3325043,23.0378217,未记录,True,3552
WY054,7,,溪流,851185432,5.764,109.3316942,23.0371652,未记录,True,3553
WY054,8,,溪流,851185432,5.764,109.3316513,23.0366123,未记录,True,3554
WY054,9,,溪流,851185432,5.764,109.3322736,23.0361531,未记录,True,3555
WY054,10,,溪流,851185432,5.764,109.3327618,23.0345043,未记录,True,3556
WY054,11,,溪流,851185432,5.764,109.3325472,23.0338477,未记录,True,3557
WY054,12,,溪流,851185432,5.764,109.3317747,23.0329196,未记录,True,3558
WY054,13,,溪流,851185432,5.764,109.331882,23.0297995,未记录,True,3559
WY054,14,,溪流,851185432,5.764,109.3324292,23.0282987,未记录,True,3560
WY054,15,,溪流,851185432,5.764,109.3335235,23.0270743,未记录,True,3561
WY054,16,,溪流,851185432,5.764,109.3354118,23.0260178,未记录,True,3562
WY054,17,,溪流,851185432,5.764,109.3357444,23.0253266,未记录,True,3563
WY054,18,,溪流,851185432,5.764,109.3358624,23.0236184,未记录,True,3564
WY054,19,,溪流,851185432,5.764,109.3369782,23.0223545,未记录,True,3565
WY054,20,,溪流,851185432,5.764,109.3371103,23.0214774,未记录,True,3566
WY054,21,,溪流,851185432,5.764,109.3369492,23.0206753,未记录,True,3567
WY054,22,,溪流,851185432,5.764,109.3369192,23.0202858,未记录,True,3568
WY054,23,,溪流,851185432,5.764,109.3368924,23.0194613,未记录,True,3569
WY054,24,,溪流,851185432,5.764,109.3376917,23.0190614,未记录,True,3570
WY054,25,,溪流,851185432,5.764,109.337815,23.0188491,未记录,True,3571
WY054,26,,溪流,851185432,5.764,109.3376112,23.0184541,未记录,True,3572
WY054,27,,溪流,851185432,5.764,109.337284,23.0181677,未记录,True,3573
WY054,28,,溪流,851185432,5.764,109.3370426,23.0181233,未记录,True,3574
WY054,29,,溪流,851185432,5.764,109.3367904,23.0180097,未记录,True,3575
WY054,30,,溪流,851185432,5.764,109.3362004,23.0180245,未记录,True,3576
WY054,31,,溪流,851185432,5.764,109.3360609,23.0178863,未记录,True,3577
WY054,32,,溪流,851185432,5.764,109.3360448,23.0177086,未记录,True,3578
WY054,33,,溪流,851185432,5.764,109.3365759,23.0173037,未记录,True,3579
WY054,34,,溪流,851185432,5.764,109.337005,23.0171013,未记录,True,3580
WY054,35,,溪流,851185432,5.764,109.3369889,23.0169136,未记录,True,3581
WY054,36,,溪流,851185432,5.764,109.3367636,23.0166816,未记录,True,3582
WY054,37,,溪流,851185432,5.764,109.3350309,23.0162224,未记录,True,3583
WY054,38,,溪流,851185432,5.764,109.3348914,23.0160002,未记录,True,3584
WY054,39,,溪流,851185432,5.764,109.3349397,23.0156744,未记录,True,3585
WY054,40,,溪流,851185432,5.764,109.335165,23.0153041,未记录,True,3586
WY054,41,,溪流,851185432,5.764,109.3358731,23.0150621,未记录,True,3587
WY054,42,,溪流,851185432,5.764,109.3372196,23.0149831,未记录,True,3588
WY054,43,,溪流,851185432,5.764,109.3381423,23.0150671,未记录,True,3589
WY054,44,,溪流,851185432,5.764,109.3383729,23.0149683,未记录,True,3590
WY054,45,,溪流,851185432,5.764,109.338389,23.0146227,未记录,True,3591
WY054,46,,溪流,851185432,5.764,109.3375361,23.0136945,未记录,True,3592
WY054,47,,溪流,851185432,5.764,109.3372571,23.0133192,未记录,True,3593
WY054,48,,溪流,851185432,5.764,109.3371445,23.0128798,未记录,True,3594
WY054,49,,溪流,851185432,5.764,109.3373322,23.0122922,未记录,True,3595
WY054,50,,溪流,851185432,5.764,109.3373591,23.0116849,未记录,True,3596
WY054,51,,溪流,851185432,5.764,109.3375897,23.0112059,未记录,True,3597
WY054,52,,溪流,851185432,5.764,109.3378472,23.0111023,未记录,True,3598
WY054,53,,溪流,851185432,5.764,109.3380886,23.0112405,未记录,True,3599
WY054,54,,溪流,851185432,5.764,109.3383568,23.0114479,未记录,True,3600
WY054,55,,溪流,851185432,5.764,109.3388665,23.0117293,未记录,True,3601
WY054,56,,溪流,851185432,5.764,109.3392205,23.012149,未记录,True,3602
WY054,57,,溪流,851185432,5.764,109.3394297,23.0124996,未记录,True,3603
WY054,58,,溪流,851185432,5.764,109.3395638,23.0128896,未记录,True,3604
WY054,59,,溪流,851185432,5.764,109.3397623,23.013176,未记录,True,3605
WY054,60,,溪流,851185432,5.764,109.3400681,23.0131908,未记录,True,3606
WY054,61,,溪流,851185432,5.764,109.3407923,23.0130476,未记录,True,3607
WY054,62,,溪流,851185432,5.764,109.340744,23.0128106,未记录,True,3608
WY054,63,,溪流,851185432,5.764,109.3407279,23.0124749,未记录,True,3609
WY054,64,,溪流,851185432,5.764,109.3405831,23.0121836,未记录,True,3610
WY054,65,,溪流,851185432,5.764,109.340347,23.0120009,未记录,True,3611
WY054,66,,溪流,851185432,5.764,109.339714,23.0109541,未记录,True,3612
WY054,67,,溪流,851185432,5.764,109.3397999,23.0106233,未记录,True,3613
WY054,68,,溪流,851185432,5.764,109.3395907,23.0102481,未记录,True,3614
WY054,69,,溪流,851185432,5.764,109.3385982,23.0093395,未记录,True,3615
WY054,70,,溪流,851185432,5.764,109.3384963,23.0091025,未记录,True,3616
WY054,71,,溪流,851185432,5.764,109.3386733,23.0088458,未记录,True,3617
WY054,72,,溪流,851185432,5.764,109.339757,23.0081989,未记录,True,3618
WY054,73,,溪流,851185432,5.764,109.3409425,23.007562,未记录,True,3619
WY054,74,,溪流,851185432,5.764,109.3412751,23.0072657,未记录,True,3620
WY055,1,,溪流,851185434,1.677,109.3281591,23.048198,未记录,True,3621
WY055,2,,溪流,851185434,1.677,109.3273276,23.0479315,未记录,True,3622
WY055,3,,溪流,851185434,1.677,109.3265819,23.0477933,未记录,True,3623
WY055,4,,溪流,851185434,1.677,109.3262708,23.0475711,未记录,True,3624
WY055,5,,溪流,851185434,1.677,109.3262386,23.047423,未记录,True,3625
WY055,6,,溪流,851185434,1.677,109.3264586,23.0472256,未记录,True,3626
WY055,7,,溪流,851185434,1.677,109.3269092,23.0470183,未记录,True,3627
WY055,8,,溪流,851185434,1.677,109.327569,23.0468356,未记录,True,3628
WY055,9,,溪流,851185434,1.677,109.3277675,23.0466777,未记录,True,3629
WY055,10,,溪流,851185434,1.677,109.3281376,23.0461643,未记录,True,3630
WY055,11,,溪流,851185434,1.677,109.3281162,23.0459817,未记录,True,3631
WY055,12,,溪流,851185434,1.677,109.3272579,23.0449253,未记录,True,3632
WY055,13,,溪流,851185434,1.677,109.3269092,23.0445205,未记录,True,3633
WY055,14,,溪流,851185434,1.677,109.3268824,23.0442441,未记录,True,3634
WY055,15,,溪流,851185434,1.677,109.3270433,23.0440614,未记录,True,3635
WY055,16,,溪流,851185434,1.677,109.3278962,23.0435382,未记录,True,3636
WY055,17,,溪流,851185434,1.677,109.3279767,23.0432469,未记录,True,3637
WY055,18,,溪流,851185434,1.677,109.3278265,23.0430347,未记录,True,3638
WY055,19,,溪流,851185434,1.677,109.3271881,23.0428569,未记录,True,3639
WY055,20,,溪流,851185434,1.677,109.3271077,23.0425805,未记录,True,3640
WY055,21,,溪流,851185434,1.677,109.3278587,23.0410058,未记录,True,3641
WY055,22,,溪流,851185434,1.677,109.3282556,23.040833,未记录,True,3642
WY055,23,,溪流,851185434,1.677,109.3289852,23.0408133,未记录,True,3643
WY055,24,,溪流,851185434,1.677,109.3291783,23.0405812,未记录,True,3644
WY055,25,,溪流,851185434,1.677,109.3291354,23.0403887,未记录,True,3645
WY055,26,,溪流,851185434,1.677,109.3285078,23.0396976,未记录,True,3646
WY055,27,,溪流,851185434,1.677,109.3283951,23.0391645,未记录,True,3647
WY055,28,,溪流,851185434,1.677,109.3285453,23.0384289,未记录,True,3648
WY055,29,,溪流,851185434,1.677,109.3287063,23.0380439,未记录,True,3649
WY056,1,,溪流,851213684,2.294,109.3205202,23.1429694,未记录,True,3650
WY056,2,,溪流,851213684,2.294,109.3215823,23.1425896,未记录,True,3651
WY056,3,,溪流,851213684,2.294,109.3217379,23.1424466,未记录,True,3652
WY056,4,,溪流,851213684,2.294,109.3221563,23.1419533,未记录,True,3653
WY056,5,,溪流,851213684,2.294,109.322387,23.1420618,未记录,True,3654
WY056,6,,溪流,851213684,2.294,109.3228376,23.142269,未记录,True,3655
WY056,7,,溪流,851213684,2.294,109.3231434,23.1420865,未记录,True,3656
WY056,8,,溪流,851213684,2.294,109.3234223,23.1417954,未记录,True,3657
WY056,9,,溪流,851213684,2.294,109.3235618,23.1414205,未记录,True,3658
WY056,10,,溪流,851213684,2.294,109.3236583,23.1412479,未记录,True,3659
WY056,11,,溪流,851213684,2.294,109.3237764,23.1410013,未记录,True,3660
WY056,12,,溪流,851213684,2.294,109.3243718,23.1408977,未记录,True,3661
WY056,13,,溪流,851213684,2.294,109.3246508,23.1409075,未记录,True,3662
WY056,14,,溪流,851213684,2.294,109.3252838,23.141021,未记录,True,3663
WY056,15,,溪流,851213684,2.294,109.3258041,23.1412578,未记录,True,3664
WY056,16,,溪流,851213684,2.294,109.3264425,23.1414699,未记录,True,3665
WY056,17,,溪流,851213684,2.294,109.3265766,23.1416573,未记录,True,3666
WY056,18,,溪流,851213684,2.294,109.3265176,23.1421161,未记录,True,3667
WY056,19,,溪流,851213684,2.294,109.3266624,23.1422394,未记录,True,3668
WY056,20,,溪流,851213684,2.294,109.3269145,23.1422986,未记录,True,3669
WY056,21,,溪流,851213684,2.294,109.3272954,23.1418744,未记录,True,3670
WY056,22,,溪流,851213684,2.294,109.3276763,23.1419286,未记录,True,3671
WY056,23,,溪流,851213684,2.294,109.3280357,23.1421506,未记录,True,3672
WY056,24,,溪流,851213684,2.294,109.3282986,23.1425156,未记录,True,3673
WY056,25,,溪流,851213684,2.294,109.3283522,23.1427129,未记录,True,3674
WY056,26,,溪流,851213684,2.294,109.3287224,23.142999,未记录,True,3675
WY056,27,,溪流,851213684,2.294,109.3289852,23.1431421,未记录,True,3676
WY056,28,,溪流,851213684,2.294,109.3291461,23.1432605,未记录,True,3677
WY056,29,,溪流,851213684,2.294,109.329291,23.1432259,未记录,True,3678
WY056,30,,溪流,851213684,2.294,109.3297791,23.142925,未记录,True,3679
WY056,31,,溪流,851213684,2.294,109.3300098,23.1429201,未记录,True,3680
WY056,32,,溪流,851213684,2.294,109.3301707,23.1429645,未记录,True,3681
WY056,33,,溪流,851213684,2.294,109.3304712,23.142925,未记录,True,3682
WY056,34,,溪流,851213684,2.294,109.3306911,23.1428806,未记录,True,3683
WY056,35,,溪流,851213684,2.294,109.3308842,23.1433443,未记录,True,3684
WY056,36,,溪流,851213684,2.294,109.3312061,23.143512,未记录,True,3685
WY056,37,,溪流,851213684,2.294,109.331587,23.1436205,未记录,True,3686
WY056,38,,溪流,851213684,2.294,109.3320644,23.1434824,未记录,True,3687
WY056,39,,溪流,851213684,2.294,109.3321717,23.1433098,未记录,True,3688
WY056,40,,溪流,851213684,2.294,109.3324023,23.1428658,未记录,True,3689
WY056,41,,溪流,851213684,2.294,109.3327564,23.1425501,未记录,True,3690
WY056,42,,溪流,851213684,2.294,109.3333089,23.1426143,未记录,True,3691
WY056,43,,溪流,851213684,2.294,109.3333948,23.1428757,未记录,True,3692
WY056,44,,溪流,851213684,2.294,109.3335396,23.1430286,未记录,True,3693
WY056,45,,溪流,851213684,2.294,109.3337864,23.1430484,未记录,True,3694
WY056,46,,溪流,851213684,2.294,109.3340653,23.1429694,未记录,True,3695
WY056,47,,溪流,851213684,2.294,109.3344784,23.1429596,未记录,True,3696
WY056,48,,溪流,851213684,2.294,109.3347734,23.1428067,未记录,True,3697
WY056,49,,溪流,851213684,2.294,109.3347949,23.1426981,未记录,True,3698
WY056,50,,溪流,851213684,2.294,109.334752,23.1425847,未记录,True,3699
WY056,51,,溪流,851213684,2.294,109.3348002,23.1423134,未记录,True,3700
WY056,52,,溪流,851213684,2.294,109.3350255,23.1421457,未记录,True,3701
WY056,53,,溪流,851213684,2.294,109.3350202,23.1419681,未记录,True,3702
WY056,54,,溪流,851213684,2.294,109.3348432,23.1417264,未记录,True,3703
WY056,55,,溪流,851213684,2.294,109.3346554,23.1416968,未记录,True,3704
WY056,56,,溪流,851213684,2.294,109.3346232,23.1415685,未记录,True,3705
WY056,57,,溪流,851213684,2.294,109.3346876,23.1414403,未记录,True,3706
WY056,58,,溪流,851213684,2.294,109.3349183,23.1414205,未记录,True,3707
WY056,59,,溪流,851213684,2.294,109.3351811,23.1412578,未记录,True,3708
WY056,60,,溪流,851213684,2.294,109.3353689,23.1412479,未记录,True,3709
WY056,61,,溪流,851213684,2.294,109.33568,23.1414551,未记录,True,3710
WY056,62,,溪流,851213684,2.294,109.336431,23.1416179,未记录,True,3711
WY057,1,,溪流,851387679,1.566,109.4073111,23.1598482,未记录,True,3712
WY057,2,,溪流,851387679,1.566,109.4072252,23.1599419,未记录,True,3713
WY057,3,,溪流,851387679,1.566,109.4069302,23.1600306,未记录,True,3714
WY057,4,,溪流,851387679,1.566,109.4064957,23.1599764,未记录,True,3715
WY057,5,,溪流,851387679,1.566,109.4058949,23.1600208,未记录,True,3716
WY057,6,,溪流,851387679,1.566,109.4055301,23.1599468,未记录,True,3717
WY057,7,,溪流,851387679,1.566,109.4048703,23.1596065,未记录,True,3718
WY057,8,,溪流,851387679,1.566,109.4046181,23.1592119,未记录,True,3719
WY057,9,,溪流,851387679,1.566,109.4039744,23.1588667,未记录,True,3720
WY057,10,,溪流,851387679,1.566,109.4036311,23.1590837,未记录,True,3721
WY057,11,,溪流,851387679,1.566,109.4029337,23.1592859,未记录,True,3722
WY057,12,,溪流,851387679,1.566,109.4028157,23.1592464,未记录,True,3723
WY057,13,,溪流,851387679,1.566,109.4026923,23.1588173,未记录,True,3724
WY057,14,,溪流,851387679,1.566,109.4024509,23.1584524,未记录,True,3725
WY057,15,,溪流,851387679,1.566,109.4017374,23.1580529,未记录,True,3726
WY057,16,,溪流,851387679,1.566,109.4011742,23.1580479,未记录,True,3727
WY057,17,,溪流,851387679,1.566,109.4007772,23.1579296,未记录,True,3728
WY057,18,,溪流,851387679,1.566,109.400332,23.1578901,未记录,True,3729
WY057,19,,溪流,851387679,1.566,109.4002247,23.1577175,未记录,True,3730
WY057,20,,溪流,851387679,1.566,109.3995166,23.1579937,未记录,True,3731
WY057,21,,溪流,851387679,1.566,109.3991947,23.1582008,未记录,True,3732
WY057,22,,溪流,851387679,1.566,109.3987548,23.15826,未记录,True,3733
WY057,23,,溪流,851387679,1.566,109.3983525,23.158117,未记录,True,3734
WY057,24,,溪流,851387679,1.566,109.3981808,23.1577372,未记录,True,3735
WY057,25,,溪流,851387679,1.566,109.397977,23.1572686,未记录,True,3736
WY057,26,,溪流,851387679,1.566,109.3977785,23.1569234,未记录,True,3737
WY057,27,,溪流,851387679,1.566,109.3967164,23.1563365,未记录,True,3738
WY057,28,,溪流,851387679,1.566,109.396196,23.1559271,未记录,True,3739
WY057,29,,溪流,851387679,1.566,109.3954664,23.1558284,未记录,True,3740
WY057,30,,溪流,851387679,1.566,109.3950695,23.1558926,未记录,True,3741
WY057,31,,溪流,851387679,1.566,109.3949032,23.1560455,未记录,True,3742
WY058,1,,溪流,851387702,3.1,109.4187051,23.1548864,未记录,True,3743
WY058,2,,溪流,851387702,3.1,109.418115,23.1546299,未记录,True,3744
WY058,3,,溪流,851387702,3.1,109.4176966,23.154625,未记录,True,3745
WY058,4,,溪流,851387702,3.1,109.4174123,23.1544819,未记录,True,3746
WY058,5,,溪流,851387702,3.1,109.4173157,23.1542205,未记录,True,3747
WY058,6,,溪流,851387702,3.1,109.4169348,23.1539887,未记录,True,3748
WY058,7,,溪流,851387702,3.1,109.4165164,23.153895,未记录,True,3749
WY058,8,,溪流,851387702,3.1,109.4165003,23.1537865,未记录,True,3750
WY058,9,,溪流,851387702,3.1,109.4165271,23.1536138,未记录,True,3751
WY058,10,,溪流,851387702,3.1,109.4163501,23.1534116,未记录,True,3752
WY058,11,,溪流,851387702,3.1,109.4164413,23.1532094,未记录,True,3753
WY058,12,,溪流,851387702,3.1,109.4165808,23.1531255,未记录,True,3754
WY058,13,,溪流,851387702,3.1,109.416452,23.1528493,未记录,True,3755
WY058,14,,溪流,851387702,3.1,109.4157547,23.1527211,未记录,True,3756
WY058,15,,溪流,851387702,3.1,109.4153416,23.1524695,未记录,True,3757
WY058,16,,溪流,851387702,3.1,109.4150197,23.1522624,未记录,True,3758
WY058,17,,溪流,851387702,3.1,109.4148289,23.1520329,未记录,True,3759
WY058,18,,溪流,851387702,3.1,109.414376,23.151488,未记录,True,3760
WY058,19,,溪流,851387702,3.1,109.4139683,23.1514929,未记录,True,3761
WY058,20,,溪流,851387702,3.1,109.4132549,23.1516803,未记录,True,3762
WY058,21,,溪流,851387702,3.1,109.4126272,23.152435,未记录,True,3763
WY058,22,,溪流,851387702,3.1,109.4122356,23.1526767,未记录,True,3764
WY058,23,,溪流,851387702,3.1,109.4118494,23.1526224,未记录,True,3765
WY058,24,,溪流,851387702,3.1,109.4117045,23.1523857,未记录,True,3766
WY058,25,,溪流,851387702,3.1,109.4116402,23.1520355,未记录,True,3767
WY058,26,,溪流,851387702,3.1,109.4112325,23.1514091,未记录,True,3768
WY058,27,,溪流,851387702,3.1,109.410857,23.1512956,未记录,True,3769
WY058,28,,溪流,851387702,3.1,109.4103956,23.1513301,未记录,True,3770
WY058,29,,溪流,851387702,3.1,109.4103098,23.1515176,未记录,True,3771
WY058,30,,溪流,851387702,3.1,109.4102132,23.1520601,未记录,True,3772
WY058,31,,溪流,851387702,3.1,109.4097519,23.1527655,未记录,True,3773
WY058,32,,溪流,851387702,3.1,109.4094461,23.153239,未记录,True,3774
WY058,33,,溪流,851387702,3.1,109.409017,23.1534905,未记录,True,3775
WY058,34,,溪流,851387702,3.1,109.4087487,23.1534955,未记录,True,3776
WY058,35,,溪流,851387702,3.1,109.4080728,23.1535694,未记录,True,3777
WY058,36,,溪流,851387702,3.1,109.4070911,23.1534412,未记录,True,3778
WY058,37,,溪流,851387702,3.1,109.4063455,23.1533919,未记录,True,3779
WY058,38,,溪流,851387702,3.1,109.4062167,23.1535398,未记录,True,3780
WY058,39,,溪流,851387702,3.1,109.4060451,23.1540923,未记录,True,3781
WY058,40,,溪流,851387702,3.1,109.4058841,23.1542748,未记录,True,3782
WY058,41,,溪流,851387702,3.1,109.4056749,23.1542254,未记录,True,3783
WY058,42,,溪流,851387702,3.1,109.4054604,23.1539986,未记录,True,3784
WY058,43,,溪流,851387702,3.1,109.4049239,23.1540528,未记录,True,3785
WY058,44,,溪流,851387702,3.1,109.4047898,23.1541613,未记录,True,3786
WY058,45,,溪流,851387702,3.1,109.404704,23.1543241,未记录,True,3787
WY058,46,,溪流,851387702,3.1,109.4042104,23.1544277,未记录,True,3788
WY058,47,,溪流,851387702,3.1,109.404071,23.1545658,未记录,True,3789
WY058,48,,溪流,851387702,3.1,109.4035506,23.1544326,未记录,True,3790
WY058,49,,溪流,851387702,3.1,109.4027406,23.1543981,未记录,True,3791
WY058,50,,溪流,851387702,3.1,109.402349,23.1545214,未记录,True,3792
WY058,51,,溪流,851387702,3.1,109.4019735,23.1548075,未记录,True,3793
WY058,52,,溪流,851387702,3.1,109.4015336,23.1548518,未记录,True,3794
WY058,53,,溪流,851387702,3.1,109.4012546,23.1547631,未记录,True,3795
WY058,54,,溪流,851387702,3.1,109.4010562,23.1548518,未记录,True,3796
WY058,55,,溪流,851387702,3.1,109.401024,23.1550639,未记录,True,3797
WY058,56,,溪流,851387702,3.1,109.4005251,23.1552464,未记录,True,3798
WY058,57,,溪流,851387702,3.1,109.4004983,23.1553845,未记录,True,3799
WY058,58,,溪流,851387702,3.1,109.4001013,23.1556657,未记录,True,3800
WY058,59,,溪流,851387702,3.1,109.4004983,23.1565091,未记录,True,3801
WY058,60,,溪流,851387702,3.1,109.4004017,23.1567113,未记录,True,3802
WY058,61,,溪流,851387702,3.1,109.3996185,23.1568543,未记录,True,3803
WY058,62,,溪流,851387702,3.1,109.3994737,23.1567162,未记录,True,3804
WY058,63,,溪流,851387702,3.1,109.3996614,23.1563266,未记录,True,3805
WY058,64,,溪流,851387702,3.1,109.3995112,23.1562526,未记录,True,3806
WY058,65,,溪流,851387702,3.1,109.3989426,23.156445,未记录,True,3807
WY058,66,,溪流,851387702,3.1,109.3986154,23.1567508,未记录,True,3808
WY058,67,,溪流,851387702,3.1,109.3983847,23.1572341,未记录,True,3809
WY058,68,,溪流,851387702,3.1,109.3982184,23.1573278,未记录,True,3810
WY058,69,,溪流,851387702,3.1,109.397977,23.1572686,未记录,True,3811
WY059,1,,溪流,851431459,2.955,109.4042525,23.1948323,未记录,True,3812
WY059,2,,溪流,851431459,2.955,109.4036449,23.1946273,未记录,True,3813
WY059,3,,溪流,851431459,2.955,109.4030912,23.1941961,未记录,True,3814
WY059,4,,溪流,851431459,2.955,109.403045,23.1936659,未记录,True,3815
WY059,5,,溪流,851431459,2.955,109.4032065,23.1932983,未记录,True,3816
WY059,6,,溪流,851431459,2.955,109.4039218,23.1932064,未记录,True,3817
WY059,7,,溪流,851431459,2.955,109.4039449,23.1930226,未记录,True,3818
WY059,8,,溪流,851431459,2.955,109.4035218,23.1918561,未记录,True,3819
WY059,9,,溪流,851431459,2.955,109.4034603,23.1909017,未记录,True,3820
WY059,10,,溪流,851431459,2.955,109.403245,23.1905341,未记录,True,3821
WY059,11,,溪流,851431459,2.955,109.4024836,23.1899473,未记录,True,3822
WY059,12,,溪流,851431459,2.955,109.4021221,23.1895019,未记录,True,3823
WY059,13,,溪流,851431459,2.955,109.4013376,23.1889505,未记录,True,3824
WY059,14,,溪流,851431459,2.955,109.4005762,23.1889151,未记录,True,3825
WY059,15,,溪流,851431459,2.955,109.3998686,23.1877769,未记录,True,3826
WY059,16,,溪流,851431459,2.955,109.3987227,23.1869498,未记录,True,3827
WY059,17,,溪流,851431459,2.955,109.3977459,23.1862216,未记录,True,3828
WY059,18,,溪流,851431459,2.955,109.3970691,23.1855429,未记录,True,3829
WY059,19,,溪流,851431459,2.955,109.3963231,23.1850409,未记录,True,3830
WY059,20,,溪流,851431459,2.955,109.3962228,23.184822,未记录,True,3831
WY059,21,,溪流,851431459,2.955,109.3962835,23.1843095,未记录,True,3832
WY059,22,,溪流,851431459,2.955,109.3950051,23.1836089,未记录,True,3833
WY059,23,,溪流,851431459,2.955,109.3943099,23.1826672,未记录,True,3834
WY059,24,,溪流,851431459,2.955,109.3929166,23.1801831,未记录,True,3835
WY059,25,,溪流,851431459,2.955,109.3933904,23.1783817,未记录,True,3836
WY059,26,,溪流,851431459,2.955,109.3936598,23.1779701,未记录,True,3837
WY059,27,,溪流,851431459,2.955,109.3940234,23.1778639,未记录,True,3838
WY059,28,,溪流,851431459,2.955,109.3937114,23.1769332,未记录,True,3839
WY059,29,,溪流,851431459,2.955,109.3929879,23.1762071,未记录,True,3840
WY059,30,,溪流,851431459,2.955,109.3920121,23.1757851,未记录,True,3841
WY059,31,,溪流,851431459,2.955,109.3917181,23.1752573,未记录,True,3842
WY060,1,,溪流,858090458,2.113,109.2467433,22.9385647,未记录,True,3843
WY060,2,,溪流,858090458,2.113,109.247784,22.9381745,未记录,True,3844
WY060,3,,溪流,858090458,2.113,109.2484975,22.9378533,未记录,True,3845
WY060,4,,溪流,858090458,2.113,109.2489052,22.9374532,未记录,True,3846
WY060,5,,溪流,858090458,2.113,109.2493129,22.9370925,未记录,True,3847
WY060,6,,溪流,858090458,2.113,109.249801,22.9368208,未记录,True,3848
WY060,7,,溪流,858090458,2.113,109.2508256,22.9369789,未记录,True,3849
WY060,8,,溪流,858090458,2.113,109.25111,22.9369394,未记录,True,3850
WY060,9,,溪流,858090458,2.113,109.2511529,22.936806,未记录,True,3851
WY060,10,,溪流,858090458,2.113,109.2511582,22.9363861,未记录,True,3852
WY060,11,,溪流,858090458,2.113,109.2514372,22.9359513,未记录,True,3853
WY060,12,,溪流,858090458,2.113,109.2523116,22.93482,未记录,True,3854
WY060,13,,溪流,858090458,2.113,109.2528802,22.9334268,未记录,True,3855
WY060,14,,溪流,858090458,2.113,109.2572415,22.933328,未记录,True,3856
WY060,15,,溪流,858090458,2.113,109.2592156,22.9338418,未记录,True,3857
WY060,16,,溪流,858090458,2.113,109.2618281,22.9335108,未记录,True,3858
WY060,17,,溪流,858090458,2.113,109.2619828,22.9336248,未记录,True,3859
WY060,18,,溪流,858090458,2.113,109.2620871,22.9339143,未记录,True,3860
WY060,19,,溪流,858090458,2.113,109.2621499,22.9340147,未记录,True,3861
WY060,20,,溪流,858090458,2.113,109.2624611,22.9340246,未记录,True,3862
WY060,21,,溪流,858090458,2.113,109.2628205,22.9335899,未记录,True,3863
WY060,22,,溪流,858090458,2.113,109.2631048,22.9329328,未记录,True,3864
WY061,1,,溪流,858090464,0.768,109.2251086,22.9708748,未记录,True,3865
WY061,2,,溪流,858090464,0.768,109.2261708,22.9708748,未记录,True,3866
WY061,3,,溪流,858090464,0.768,109.2264658,22.9709835,未记录,True,3867
WY061,4,,溪流,858090464,0.768,109.2267984,22.9711613,未记录,True,3868
WY061,5,,溪流,858090464,0.768,109.2269379,22.97127,未记录,True,3869
WY061,6,,溪流,858090464,0.768,109.2274904,22.9709934,未记录,True,3870
WY061,7,,溪流,858090464,0.768,109.2276674,22.9705538,未记录,True,3871
WY061,8,,溪流,858090464,0.768,109.2285794,22.970213,未记录,True,3872
WY061,9,,溪流,858090464,0.768,109.2290783,22.9702476,未记录,True,3873
WY061,10,,溪流,858090464,0.768,109.229148,22.9704254,未记录,True,3874
WY061,11,,溪流,858090464,0.768,109.2289174,22.9711761,未记录,True,3875
WY061,12,,溪流,858090464,0.768,109.2290246,22.9716503,未记录,True,3876
WY061,13,,溪流,858090464,0.768,109.2294913,22.9717293,未记录,True,3877
WY061,14,,溪流,858090464,0.768,109.2300814,22.9723269,未记录,True,3878
WY062,1,,河流,995794796,1.249,109.0870583,23.1984346,未记录,True,3879
WY062,2,,河流,995794796,1.249,109.0871895,23.1982278,未记录,True,3880
WY062,3,,河流,995794796,1.249,109.0870022,23.1977475,未记录,True,3881
WY062,4,,河流,995794796,1.249,109.0869036,23.1973669,未记录,True,3882
WY062,5,,河流,995794796,1.249,109.0874656,23.1974847,未记录,True,3883
WY062,6,,河流,995794796,1.249,109.0879191,23.1973488,未记录,True,3884
WY062,7,,河流,995794796,1.249,109.0885501,23.1975391,未记录,True,3885
WY062,8,,河流,995794796,1.249,109.0893192,23.1972582,未记录,True,3886
WY062,9,,河流,995794796,1.249,109.08996,23.1972491,未记录,True,3887
WY062,10,,河流,995794796,1.249,109.0899995,23.1970679,未记录,True,3888
WY062,11,,河流,995794796,1.249,109.0901966,23.1969229,未记录,True,3889
WY062,12,,河流,995794796,1.249,109.0908868,23.197086,未记录,True,3890
WY062,13,,河流,995794796,1.249,109.0914685,23.1974757,未记录,True,3891
WY062,14,,河流,995794796,1.249,109.0920502,23.1972763,未记录,True,3892
WY062,15,,河流,995794796,1.249,109.0927798,23.1970225,未记录,True,3893
WY062,16,,河流,995794796,1.249,109.0933714,23.1968232,未记录,True,3894
WY062,17,,河流,995794796,1.249,109.0933714,23.1962251,未记录,True,3895
WY062,18,,河流,995794796,1.249,109.0930361,23.1958807,未记录,True,3896
WY062,19,,河流,995794796,1.249,109.0929375,23.1955726,未记录,True,3897
WY062,20,,河流,995794796,1.249,109.0934404,23.1950832,未记录,True,3898
WY062,21,,河流,995794796,1.249,109.0940418,23.1942948,未记录,True,3899
WY062,22,,河流,995794796,1.249,109.0938742,23.1937691,未记录,True,3900
WY063,1,,河流,995794797,0.057,109.0938742,23.1937691,未记录,True,3901
WY063,2,,河流,995794797,0.057,109.0940122,23.1932707,未记录,True,3902
WY064,1,,排水沟,1028567639,1.234,109.1839939,23.2010261,未记录,True,3903
WY064,2,,排水沟,1028567639,1.234,109.1836279,23.2015038,未记录,True,3904
WY064,3,,排水沟,1028567639,1.234,109.1836279,23.2016079,未记录,True,3905
WY064,4,,排水沟,1028567639,1.234,109.1836562,23.2016827,未记录,True,3906
WY064,5,,排水沟,1028567639,1.234,109.1836137,23.201751,未记录,True,3907
WY064,6,,排水沟,1028567639,1.234,109.1835889,23.2019365,未记录,True,3908
WY064,7,,排水沟,1028567639,1.234,109.1835995,23.2021316,未记录,True,3909
WY064,8,,排水沟,1028567639,1.234,109.1836526,23.2022065,未记录,True,3910
WY064,9,,排水沟,1028567639,1.234,109.1836456,23.2023105,未记录,True,3911
WY064,10,,排水沟,1028567639,1.234,109.1835854,23.2023528,未记录,True,3912
WY064,11,,排水沟,1028567639,1.234,109.1834757,23.2023626,未记录,True,3913
WY064,12,,排水沟,1028567639,1.234,109.18332,23.2023366,未记录,True,3914
WY064,13,,排水沟,1028567639,1.234,109.1833058,23.2024602,未记录,True,3915
WY064,14,,排水沟,1028567639,1.234,109.183281,23.2026619,未记录,True,3916
WY064,15,,排水沟,1028567639,1.234,109.1832385,23.202805,未记录,True,3917
WY064,16,,排水沟,1028567639,1.234,109.1829696,23.2033157,未记录,True,3918
WY064,17,,排水沟,1028567639,1.234,109.1829059,23.2035141,未记录,True,3919
WY064,18,,排水沟,1028567639,1.234,109.1829554,23.2036052,未记录,True,3920
WY064,19,,排水沟,1028567639,1.234,109.1829908,23.2037874,未记录,True,3921
WY064,20,,排水沟,1028567639,1.234,109.1828776,23.2039435,未记录,True,3922
WY064,21,,排水沟,1028567639,1.234,109.1828917,23.203976,未记录,True,3923
WY064,22,,排水沟,1028567639,1.234,109.182959,23.2039956,未记录,True,3924
WY064,23,,排水沟,1028567639,1.234,109.1830227,23.2040801,未记录,True,3925
WY064,24,,排水沟,1028567639,1.234,109.1830191,23.204233,未记录,True,3926
WY064,25,,排水沟,1028567639,1.234,109.1830474,23.2043696,未记录,True,3927
WY064,26,,排水沟,1028567639,1.234,109.1829908,23.2046006,未记录,True,3928
WY064,27,,排水沟,1028567639,1.234,109.1829094,23.2047307,未记录,True,3929
WY064,28,,排水沟,1028567639,1.234,109.1828351,23.2048576,未记录,True,3930
WY064,29,,排水沟,1028567639,1.234,109.1828174,23.2050625,未记录,True,3931
WY064,30,,排水沟,1028567639,1.234,109.1827395,23.205313,未记录,True,3932
WY064,31,,排水沟,1028567639,1.234,109.182651,23.2054236,未记录,True,3933
WY064,32,,排水沟,1028567639,1.234,109.1826652,23.2054984,未记录,True,3934
WY064,33,,排水沟,1028567639,1.234,109.1826192,23.2056545,未记录,True,3935
WY064,34,,排水沟,1028567639,1.234,109.1825166,23.2057098,未记录,True,3936
WY064,35,,排水沟,1028567639,1.234,109.1824458,23.2058757,未记录,True,3937
WY064,36,,排水沟,1028567639,1.234,109.1824776,23.2060254,未记录,True,3938
WY064,37,,排水沟,1028567639,1.234,109.1825661,23.2061262,未记录,True,3939
WY064,38,,排水沟,1028567639,1.234,109.1825838,23.2062238,未记录,True,3940
WY064,39,,排水沟,1028567639,1.234,109.1827926,23.2065588,未记录,True,3941
WY064,40,,排水沟,1028567639,1.234,109.1829766,23.2068028,未记录,True,3942
WY064,41,,排水沟,1028567639,1.234,109.1830616,23.2069589,未记录,True,3943
WY064,42,,排水沟,1028567639,1.234,109.1830262,23.2071964,未记录,True,3944
WY064,43,,排水沟,1028567639,1.234,109.1831111,23.2074468,未记录,True,3945
WY064,44,,排水沟,1028567639,1.234,109.1831359,23.2077591,未记录,True,3946
WY064,45,,排水沟,1028567639,1.234,109.1833695,23.2078925,未记录,True,3947
WY064,46,,排水沟,1028567639,1.234,109.1836154,23.208134,未记录,True,3948
WY064,47,,排水沟,1028567639,1.234,109.1835666,23.2082498,未记录,True,3949
WY064,48,,排水沟,1028567639,1.234,109.1836113,23.2083545,未记录,True,3950
WY064,49,,排水沟,1028567639,1.234,109.1835951,23.2084329,未记录,True,3951
WY064,50,,排水沟,1028567639,1.234,109.1835625,23.208616,未记录,True,3952
WY064,51,,排水沟,1028567639,1.234,109.1836113,23.2087169,未记录,True,3953
WY064,52,,排水沟,1028567639,1.234,109.1836194,23.2088365,未记录,True,3954
WY064,53,,排水沟,1028567639,1.234,109.1835544,23.2090121,未记录,True,3955
WY064,54,,排水沟,1028567639,1.234,109.1834487,23.2091989,未记录,True,3956
WY064,55,,排水沟,1028567639,1.234,109.1832495,23.2094081,未记录,True,3957
WY064,56,,排水沟,1028567639,1.234,109.1830462,23.2095464,未记录,True,3958
WY064,57,,排水沟,1028567639,1.234,109.1829852,23.2096435,未记录,True,3959
WY064,58,,排水沟,1028567639,1.234,109.1825421,23.2100284,未记录,True,3960
WY064,59,,排水沟,1028567639,1.234,109.1824689,23.2102077,未记录,True,3961
WY064,60,,排水沟,1028567639,1.234,109.182373,23.2105357,未记录,True,3962
WY065,1,,排水沟,1028567640,0.369,109.1882925,23.1912989,未记录,True,3963
WY065,2,,排水沟,1028567640,0.369,109.1880766,23.1913379,未记录,True,3964
WY065,3,,排水沟,1028567640,0.369,109.1880306,23.1917348,未记录,True,3965
WY065,4,,排水沟,1028567640,0.369,109.1876979,23.1918942,未记录,True,3966
WY065,5,,排水沟,1028567640,0.369,109.1876095,23.1920081,未记录,True,3967
WY065,6,,排水沟,1028567640,0.369,109.1878324,23.1923009,未记录,True,3968
WY065,7,,排水沟,1028567640,0.369,109.1878147,23.1924212,未记录,True,3969
WY065,8,,排水沟,1028567640,0.369,109.1877475,23.1924928,未记录,True,3970
WY065,9,,排水沟,1028567640,0.369,109.1875953,23.1925091,未记录,True,3971
WY065,10,,排水沟,1028567640,0.369,109.1875599,23.1927108,未记录,True,3972
WY065,11,,排水沟,1028567640,0.369,109.1877369,23.1929385,未记录,True,3973
WY065,12,,排水沟,1028567640,0.369,109.1877581,23.1930719,未记录,True,3974
WY065,13,,排水沟,1028567640,0.369,109.187613,23.1932508,未记录,True,3975
WY065,14,,排水沟,1028567640,0.369,109.1875458,23.1935176,未记录,True,3976
WY065,15,,排水沟,1028567640,0.369,109.1874431,23.1937843,未记录,True,3977
WY065,16,,排水沟,1028567640,0.369,109.1873191,23.1937631,未记录,True,3978
WY066,1,,排水沟,1028567641,0.02,109.1841536,23.2009166,未记录,True,3979
WY066,2,,排水沟,1028567641,0.02,109.1839939,23.2010261,未记录,True,3980
WY067,1,,排水沟,1028567642,0.582,109.1856365,23.196419,未记录,True,3981
WY067,2,,排水沟,1028567642,0.582,109.1849975,23.1972814,未记录,True,3982
WY067,3,,排水沟,1028567642,0.582,109.1849728,23.1974863,未记录,True,3983
WY067,4,,排水沟,1028567642,0.582,109.1848701,23.1976685,未记录,True,3984
WY067,5,,排水沟,1028567642,0.582,109.1847816,23.1977303,未记录,True,3985
WY067,6,,排水沟,1028567642,0.582,109.184679,23.1978051,未记录,True,3986
WY067,7,,排水沟,1028567642,0.582,109.1846967,23.1981858,未记录,True,3987
WY067,8,,排水沟,1028567642,0.582,109.184863,23.1990153,未记录,True,3988
WY067,9,,排水沟,1028567642,0.582,109.184909,23.1993601,未记录,True,3989
WY067,10,,排水沟,1028567642,0.582,109.184909,23.1995878,未记录,True,3990
WY067,11,,排水沟,1028567642,0.582,109.184863,23.1997244,未记录,True,3991
WY067,12,,排水沟,1028567642,0.582,109.1849232,23.1998578,未记录,True,3992
WY067,13,,排水沟,1028567642,0.582,109.1850117,23.1999944,未记录,True,3993
WY067,14,,排水沟,1028567642,0.582,109.1847887,23.2001343,未记录,True,3994
WY067,15,,排水沟,1028567642,0.582,109.1847002,23.2002644,未记录,True,3995
WY067,16,,排水沟,1028567642,0.582,109.1846755,23.2005247,未记录,True,3996
WY067,17,,排水沟,1028567642,0.582,109.1844879,23.2007654,未记录,True,3997
WY067,18,,排水沟,1028567642,0.582,109.1843251,23.2007979,未记录,True,3998
WY067,19,,排水沟,1028567642,0.582,109.1841536,23.2009166,未记录,True,3999
WY068,1,,排水沟,1028567643,0.054,109.1858962,23.1959935,未记录,True,4000
WY068,2,,排水沟,1028567643,0.054,109.1856365,23.196419,未记录,True,4001
WY069,1,,排水沟,1028567644,0.349,109.1871281,23.1938819,未记录,True,4002
WY069,2,,排水沟,1028567644,0.349,109.1869441,23.1940803,未记录,True,4003
WY069,3,,排水沟,1028567644,0.349,109.1867636,23.1941552,未记录,True,4004
WY069,4,,排水沟,1028567644,0.349,109.1865972,23.1941389,未记录,True,4005
WY069,5,,排水沟,1028567644,0.349,109.1865654,23.1942495,未记录,True,4006
WY069,6,,排水沟,1028567644,0.349,109.186576,23.1943113,未记录,True,4007
WY069,7,,排水沟,1028567644,0.349,109.18676,23.1943796,未记录,True,4008
WY069,8,,排水沟,1028567644,0.349,109.1867813,23.1945033,未记录,True,4009
WY069,9,,排水沟,1028567644,0.349,109.18676,23.1946464,未记录,True,4010
WY069,10,,排水沟,1028567644,0.349,109.186714,23.1946627,未记录,True,4011
WY069,11,,排水沟,1028567644,0.349,109.1865972,23.1946562,未记录,True,4012
WY069,12,,排水沟,1028567644,0.349,109.1861088,23.1950856,未记录,True,4013
WY069,13,,排水沟,1028567644,0.349,109.1860487,23.1952775,未记录,True,4014
WY069,14,,排水沟,1028567644,0.349,109.1859531,23.1953556,未记录,True,4015
WY069,15,,排水沟,1028567644,0.349,109.1859496,23.1954434,未记录,True,4016
WY069,16,,排水沟,1028567644,0.349,109.1860239,23.19558,未记录,True,4017
WY069,17,,排水沟,1028567644,0.349,109.1861301,23.1956028,未记录,True,4018
WY069,18,,排水沟,1028567644,0.349,109.1861548,23.1956451,未记录,True,4019
WY069,19,,排水沟,1028567644,0.349,109.1860947,23.1957622,未记录,True,4020
WY069,20,,排水沟,1028567644,0.349,109.1859956,23.1958143,未记录,True,4021
WY069,21,,排水沟,1028567644,0.349,109.1858962,23.1959935,未记录,True,4022
WY070,1,,排水沟,1028567645,0.024,109.1873191,23.1937631,未记录,True,4023
WY070,2,,排水沟,1028567645,0.024,109.1871281,23.1938819,未记录,True,4024
WY071,1,,排水沟,1028567649,0.616,109.1809128,23.2127529,未记录,True,4025
WY071,2,,排水沟,1028567649,0.616,109.1807208,23.2129241,未记录,True,4026
WY071,3,,排水沟,1028567649,0.616,109.1805622,23.2129802,未记录,True,4027
WY071,4,,排水沟,1028567649,0.616,109.1805216,23.2131109,未记录,True,4028
WY071,5,,排水沟,1028567649,0.616,109.1803061,23.2133762,未记录,True,4029
WY071,6,,排水沟,1028567649,0.616,109.180302,23.2134846,未记录,True,4030
WY071,7,,排水沟,1028567649,0.616,109.1802045,23.2136751,未记录,True,4031
WY071,8,,排水沟,1028567649,0.616,109.1801353,23.213832,未记录,True,4032
WY071,9,,排水沟,1028567649,0.616,109.1802167,23.2140824,未记录,True,4033
WY071,10,,排水沟,1028567649,0.616,109.1803345,23.2142655,未记录,True,4034
WY071,11,,排水沟,1028567649,0.616,109.1803061,23.2143663,未记录,True,4035
WY071,12,,排水沟,1028567649,0.616,109.1801435,23.214456,未记录,True,4036
WY071,13,,排水沟,1028567649,0.616,109.180115,23.2145457,未记录,True,4037
WY071,14,,排水沟,1028567649,0.616,109.1799117,23.215405,未记录,True,4038
WY071,15,,排水沟,1028567649,0.616,109.1799361,23.2155694,未记录,True,4039
WY071,16,,排水沟,1028567649,0.616,109.1798792,23.2156554,未记录,True,4040
WY071,17,,排水沟,1028567649,0.616,109.1798995,23.2157712,未记录,True,4041
WY071,18,,排水沟,1028567649,0.616,109.1798304,23.2159692,未记录,True,4042
WY071,19,,排水沟,1028567649,0.616,109.179928,23.2160402,未记录,True,4043
WY071,20,,排水沟,1028567649,0.616,109.1799117,23.2160813,未记录,True,4044
WY071,21,,排水沟,1028567649,0.616,109.1797613,23.2161448,未记录,True,4045
WY071,22,,排水沟,1028567649,0.616,109.179558,23.2162121,未记录,True,4046
WY071,23,,排水沟,1028567649,0.616,109.1794483,23.2163167,未记录,True,4047
WY071,24,,排水沟,1028567649,0.616,109.1793548,23.2165184,未记录,True,4048
WY071,25,,排水沟,1028567649,0.616,109.1792531,23.216765,未记录,True,4049
WY071,26,,排水沟,1028567649,0.616,109.1791312,23.2168211,未记录,True,4050
WY071,27,,排水沟,1028567649,0.616,109.1790295,23.2169145,未记录,True,4051
WY071,28,,排水沟,1028567649,0.616,109.1788954,23.2168696,未记录,True,4052
WY071,29,,排水沟,1028567649,0.616,109.1785457,23.2169892,未记录,True,4053
WY072,1,,排水沟,1028567650,0.013,109.182373,23.2105357,未记录,True,4054
WY072,2,,排水沟,1028567650,0.013,109.1823388,23.2106524,未记录,True,4055
WY073,1,,河流,1198633956,1.466,109.1291394,23.1753549,未记录,True,4056
WY073,2,,河流,1198633956,1.466,109.1290647,23.1760418,未记录,True,4057
WY073,3,,河流,1198633956,1.466,109.1289246,23.1762994,未记录,True,4058
WY073,4,,河流,1198633956,1.466,109.1284763,23.1761362,未记录,True,4059
WY073,5,,河流,1198633956,1.466,109.1275142,23.1762822,未记录,True,4060
WY073,6,,河流,1198633956,1.466,109.1267951,23.1762393,未记录,True,4061
WY073,7,,河流,1198633956,1.466,109.126683,23.1764282,未记录,True,4062
WY073,8,,河流,1198633956,1.466,109.1269819,23.1770378,未记录,True,4063
WY073,9,,河流,1198633956,1.466,109.1267203,23.1775444,未记录,True,4064
WY073,10,,河流,1198633956,1.466,109.1261039,23.1779565,未记录,True,4065
WY073,11,,河流,1198633956,1.466,109.1261226,23.1784373,未记录,True,4066
WY073,12,,河流,1198633956,1.466,109.1265242,23.1790899,未记录,True,4067
WY073,13,,河流,1198633956,1.466,109.1268885,23.179648,未记录,True,4068
WY073,14,,河流,1198633956,1.466,109.1266456,23.1801116,未记录,True,4069
WY073,15,,河流,1198633956,1.466,109.1260665,23.1804035,未记录,True,4070
WY073,16,,河流,1198633956,1.466,109.1254314,23.1804808,未记录,True,4071
WY073,17,,河流,1198633956,1.466,109.1248897,23.1805323,未记录,True,4072
WY073,18,,河流,1198633956,1.466,109.1245815,23.1806955,未记录,True,4073
WY073,19,,河流,1198633956,1.466,109.1243573,23.1811333,未记录,True,4074
WY073,20,,河流,1198633956,1.466,109.1238716,23.1810389,未记录,True,4075
WY073,21,,河流,1198633956,1.466,109.1228349,23.1814424,未记录,True,4076
WY073,22,,河流,1198633956,1.466,109.1214619,23.1816657,未记录,True,4077
WY073,23,,河流,1198633956,1.466,109.1214355,23.1820427,未记录,True,4078
WY074,1,,河流,1198633957,0.013,109.1214355,23.1820427,未记录,True,4079
WY074,2,,河流,1198633957,0.013,109.1214271,23.1821617,未记录,True,4080
WY075,1,,排水沟,1198633998,0.582,109.1226146,23.2076684,未记录,True,4081
WY075,2,,排水沟,1198633998,0.582,109.1227417,23.2057289,未记录,True,4082
WY075,3,,排水沟,1198633998,0.582,109.122852,23.2047397,未记录,True,4083
WY075,4,,排水沟,1198633998,0.582,109.1227104,23.2043299,未记录,True,4084
WY075,5,,排水沟,1198633998,0.582,109.1218898,23.2026255,未记录,True,4085
WY076,1,,渠道,1245807013,1.223,109.1205154,23.2169098,未记录,True,4086
WY076,2,,渠道,1245807013,1.223,109.1204427,23.2170645,未记录,True,4087
WY076,3,,渠道,1245807013,1.223,109.1201583,23.218228,未记录,True,4088
WY076,4,,渠道,1245807013,1.223,109.1200779,23.2184695,未记录,True,4089
WY076,5,,渠道,1245807013,1.223,109.1196943,23.2193964,未记录,True,4090
WY076,6,,渠道,1245807013,1.223,109.1194502,23.2198031,未记录,True,4091
WY076,7,,渠道,1245807013,1.223,109.1191632,23.220407,未记录,True,4092
WY076,8,,渠道,1245807013,1.223,109.1187716,23.2207743,未记录,True,4093
WY076,9,,渠道,1245807013,1.223,109.1174225,23.2221004,未记录,True,4094
WY076,10,,渠道,1245807013,1.223,109.1172911,23.2221768,未记录,True,4095
WY076,11,,渠道,1245807013,1.223,109.117047,23.2221669,未记录,True,4096
WY076,12,,渠道,1245807013,1.223,109.1161458,23.2221201,未记录,True,4097
WY076,13,,渠道,1245807013,1.223,109.1157783,23.2221768,未记录,True,4098
WY076,14,,渠道,1245807013,1.223,109.1153223,23.2223272,未记录,True,4099
WY076,15,,渠道,1245807013,1.223,109.1148342,23.222655,未记录,True,4100
WY076,16,,渠道,1245807013,1.223,109.1145311,23.2229754,未记录,True,4101
WY076,17,,渠道,1245807013,1.223,109.1142977,23.2232589,未记录,True,4102
WY076,18,,渠道,1245807013,1.223,109.113654,23.2244272,未记录,True,4103
WY076,19,,渠道,1245807013,1.223,109.11349262212585,23.2247021,未记录,True,4104
WY077,1,,溪流,1246950139,0.033,109.4074666,23.1588815,未记录,True,4105
WY077,2,,溪流,1246950139,0.033,109.4073325,23.1591527,未记录,True,4106
WY078,1,,溪流,1246950140,0.077,109.4073325,23.1591527,未记录,True,4107
WY078,2,,溪流,1246950140,0.077,109.4073111,23.1598482,未记录,True,4108
WY079,1,,溪流,1251667285,1.279,109.1613643,23.0387327,未记录,True,4109
WY079,2,,溪流,1251667285,1.279,109.1619148,23.0388346,未记录,True,4110
WY079,3,,溪流,1251667285,1.279,109.1620076,23.0390907,未记录,True,4111
WY079,4,,溪流,1251667285,1.279,109.1619999,23.0394251,未记录,True,4112
WY079,5,,溪流,1251667285,1.279,109.1618066,23.0398948,未记录,True,4113
WY079,6,,溪流,1251667285,1.279,109.161103,23.0404213,未记录,True,4114
WY079,7,,溪流,1251667285,1.279,109.160786,23.0406632,未记录,True,4115
WY079,8,,溪流,1251667285,1.279,109.1604071,23.0413107,未记录,True,4116
WY079,9,,溪流,1251667285,1.279,109.1605617,23.0414601,未记录,True,4117
WY079,10,,溪流,1251667285,1.279,109.1610256,23.0416166,未记录,True,4118
WY079,11,,溪流,1251667285,1.279,109.1618916,23.0416166,未记录,True,4119
WY079,12,,溪流,1251667285,1.279,109.162255,23.0426483,未记录,True,4120
WY079,13,,溪流,1251667285,1.279,109.1621313,23.0429329,未记录,True,4121
WY079,14,,溪流,1251667285,1.279,109.1620927,23.0431677,未记录,True,4122
WY079,15,,溪流,1251667285,1.279,109.1618452,23.0435519,未记录,True,4123
WY079,16,,溪流,1251667285,1.279,109.1611107,23.0439219,未记录,True,4124
WY079,17,,溪流,1251667285,1.279,109.159889,23.0442634,未记录,True,4125
WY079,18,,溪流,1251667285,1.279,109.1595179,23.0442705,未记录,True,4126
WY079,19,,溪流,1251667285,1.279,109.15917,23.0443915,未记录,True,4127
WY079,20,,溪流,1251667285,1.279,109.1590617,23.0446832,未记录,True,4128
WY079,21,,溪流,1251667285,1.279,109.1586674,23.0455441,未记录,True,4129
WY079,22,,溪流,1251667285,1.279,109.1583813,23.0459995,未记录,True,4130
WY080,1,,溪流,1251667286,0.012,109.1612612,23.0386769,未记录,True,4131
WY080,2,,溪流,1251667286,0.012,109.1613643,23.0387327,未记录,True,4132
WY081,1,,溪流,1251915955,12.442,109.1618277,23.1084896,未记录,True,4133
WY081,2,,溪流,1251915955,12.442,109.161596,23.1082147,未记录,True,4134
WY081,3,,溪流,1251915955,12.442,109.1608862,23.1068402,未记录,True,4135
WY081,4,,溪流,1251915955,12.442,109.1603258,23.1067577,未记录,True,4136
WY081,5,,溪流,1251915955,12.442,109.1593619,23.1063659,未记录,True,4137
WY081,6,,溪流,1251915955,12.442,109.1586072,23.1065171,未记录,True,4138
WY081,7,,溪流,1251915955,12.442,109.1580991,23.1065171,未记录,True,4139
WY081,8,,溪流,1251915955,12.442,109.1573893,23.1062079,未记录,True,4140
WY081,9,,溪流,1251915955,12.442,109.1574416,23.1058917,未记录,True,4141
WY081,10,,溪流,1251915955,12.442,109.1578077,23.1056581,未记录,True,4142
WY081,11,,溪流,1251915955,12.442,109.1583532,23.1055137,未记录,True,4143
WY081,12,,溪流,1251915955,12.442,109.1583905,23.1051564,未记录,True,4144
WY081,13,,溪流,1251915955,12.442,109.1580169,23.1048471,未记录,True,4145
WY081,14,,溪流,1251915955,12.442,109.1572697,23.1048815,未记录,True,4146
WY081,15,,溪流,1251915955,12.442,109.1567243,23.105067,未记录,True,4147
WY081,16,,溪流,1251915955,12.442,109.1561714,23.1050189,未记录,True,4148
WY081,17,,溪流,1251915955,12.442,109.1561564,23.1047028,未记录,True,4149
WY081,18,,溪流,1251915955,12.442,109.1561639,23.1042835,未记录,True,4150
WY081,19,,溪流,1251915955,12.442,109.1556035,23.1037681,未记录,True,4151
WY081,20,,溪流,1251915955,12.442,109.1538999,23.1034726,未记录,True,4152
WY081,21,,溪流,1251915955,12.442,109.153474,23.1035413,未记录,True,4153
WY081,22,,溪流,1251915955,12.442,109.1536309,23.1039743,未记录,True,4154
WY081,23,,溪流,1251915955,12.442,109.1542735,23.1046959,未记录,True,4155
WY081,24,,溪流,1251915955,12.442,109.1536981,23.1051151,未记录,True,4156
WY081,25,,溪流,1251915955,12.442,109.1528389,23.1055687,未记录,True,4157
WY081,26,,溪流,1251915955,12.442,109.1531676,23.1063728,未记录,True,4158
WY081,27,,溪流,1251915955,12.442,109.1506645,23.1067164,未记录,True,4159
WY081,28,,溪流,1251915955,12.442,109.1477728,23.1080154,未记录,True,4160
WY081,29,,溪流,1251915955,12.442,109.1472872,23.1085652,未记录,True,4161
WY081,30,,溪流,1251915955,12.442,109.1471377,23.1094036,未记录,True,4162
WY081,31,,溪流,1251915955,12.442,109.1466595,23.109596,未记录,True,4163
WY081,32,,溪流,1251915955,12.442,109.1460393,23.1093967,未记录,True,4164
WY081,33,,溪流,1251915955,12.442,109.1453594,23.1091768,未记录,True,4165
WY081,34,,溪流,1251915955,12.442,109.144672,23.1096029,未记录,True,4166
WY081,35,,溪流,1251915955,12.442,109.1441928,23.1102002,未记录,True,4167
WY081,36,,溪流,1251915955,12.442,109.1427431,23.1111898,未记录,True,4168
WY081,37,,溪流,1251915955,12.442,109.1426282,23.1111305,未记录,True,4169
WY081,38,,溪流,1251915955,12.442,109.1421799,23.1101822,未记录,True,4170
WY081,39,,溪流,1251915955,12.442,109.1420454,23.1090963,未记录,True,4171
WY081,40,,溪流,1251915955,12.442,109.141358,23.1076943,未记录,True,4172
WY081,41,,溪流,1251915955,12.442,109.1410591,23.1069658,未记录,True,4173
WY081,42,,溪流,1251915955,12.442,109.1416868,23.1066085,未记录,True,4174
WY081,43,,溪流,1251915955,12.442,109.141896,23.1062099,未记录,True,4175
WY081,44,,溪流,1251915955,12.442,109.1415672,23.1059212,未记录,True,4176
WY081,45,,溪流,1251915955,12.442,109.1409246,23.1060999,未记录,True,4177
WY081,46,,溪流,1251915955,12.442,109.1393854,23.1074194,未记录,True,4178
WY081,47,,溪流,1251915955,12.442,109.1385635,23.1095636,未记录,True,4179
WY081,48,,溪流,1251915955,12.442,109.1371139,23.1132197,未记录,True,4180
WY081,49,,溪流,1251915955,12.442,109.1373381,23.1144567,未记录,True,4181
WY081,50,,溪流,1251915955,12.442,109.1372185,23.1155425,未记录,True,4182
WY081,51,,溪流,1251915955,12.442,109.1359333,23.1167795,未记录,True,4183
WY081,52,,溪流,1251915955,12.442,109.1342596,23.118525,未记录,True,4184
WY081,53,,溪流,1251915955,12.442,109.1335273,23.1196932,未记录,True,4185
WY081,54,,溪流,1251915955,12.442,109.1326606,23.1200368,未记录,True,4186
WY081,55,,溪流,1251915955,12.442,109.1319582,23.1204491,未记录,True,4187
WY081,56,,溪流,1251915955,12.442,109.1308075,23.1199268,未记录,True,4188
WY081,57,,溪流,1251915955,12.442,109.1281326,23.119597,未记录,True,4189
WY081,58,,溪流,1251915955,12.442,109.1242023,23.120614,未记录,True,4190
WY081,59,,溪流,1251915955,12.442,109.1235746,23.1215898,未记录,True,4191
WY081,60,,溪流,1251915955,12.442,109.1229619,23.1223182,未记录,True,4192
WY081,61,,溪流,1251915955,12.442,109.1219756,23.122868,未记录,True,4193
WY081,62,,溪流,1251915955,12.442,109.1210641,23.1228817,未记录,True,4194
WY081,63,,溪流,1251915955,12.442,109.1199881,23.1223182,未记录,True,4195
WY081,64,,溪流,1251915955,12.442,109.1199283,23.1210951,未记录,True,4196
WY081,65,,溪流,1251915955,12.442,109.1194352,23.1199956,未记录,True,4197
WY081,66,,溪流,1251915955,12.442,109.11815,23.119542,未记录,True,4198
WY081,67,,溪流,1251915955,12.442,109.1173579,23.1196657,未记录,True,4199
WY081,68,,溪流,1251915955,12.442,109.1167154,23.1202017,未记录,True,4200
WY081,69,,溪流,1251915955,12.442,109.1154451,23.1209164,未记录,True,4201
WY081,70,,溪流,1251915955,12.442,109.1134725,23.1217135,未记录,True,4202
WY081,71,,溪流,1251915955,12.442,109.111485,23.1220846,未记录,True,4203
WY081,72,,溪流,1251915955,12.442,109.1109769,23.1225794,未记录,True,4204
WY081,73,,溪流,1251915955,12.442,109.1104538,23.1235826,未记录,True,4205
WY081,74,,溪流,1251915955,12.442,109.1103193,23.1243385,未记录,True,4206
WY081,75,,溪流,1251915955,12.442,109.1110217,23.1249844,未记录,True,4207
WY081,76,,溪流,1251915955,12.442,109.1113803,23.1253967,未记录,True,4208
WY081,77,,溪流,1251915955,12.442,109.1101699,23.1257541,未记录,True,4209
WY081,78,,溪流,1251915955,12.442,109.1086605,23.1260152,未记录,True,4210
WY081,79,,溪流,1251915955,12.442,109.1073006,23.1253693,未记录,True,4211
WY081,80,,溪流,1251915955,12.442,109.1060752,23.1249432,未记录,True,4212
WY081,81,,溪流,1251915955,12.442,109.1044762,23.1250257,未记录,True,4213
WY081,82,,溪流,1251915955,12.442,109.1030715,23.1246958,未记录,True,4214
WY081,83,,溪流,1251915955,12.442,109.1014874,23.1232253,未记录,True,4215
WY081,84,,溪流,1251915955,12.442,109.0996643,23.1236513,未记录,True,4216
WY081,85,,溪流,1251915955,12.442,109.0979009,23.124847,未记录,True,4217
WY081,86,,溪流,1251915955,12.442,109.0972732,23.125809,未记录,True,4218
WY081,87,,溪流,1251915955,12.442,109.0968697,23.1264962,未记录,True,4219
WY081,88,,溪流,1251915955,12.442,109.0951661,23.1267023,未记录,True,4220
WY081,89,,溪流,1251915955,12.442,109.0946281,23.1265099,未记录,True,4221
WY081,90,,溪流,1251915955,12.442,109.0944936,23.1259327,未记录,True,4222
WY081,91,,溪流,1251915955,12.442,109.093597,23.1256716,未记录,True,4223
WY081,92,,溪流,1251915955,12.442,109.0923865,23.1257128,未记录,True,4224
WY081,93,,溪流,1251915955,12.442,109.0913255,23.1258503,未记录,True,4225
WY081,94,,溪流,1251915955,12.442,109.0892035,23.1249157,未记录,True,4226
WY081,95,,溪流,1251915955,12.442,109.0880677,23.1246684,未记录,True,4227
WY081,96,,溪流,1251915955,12.442,109.0873803,23.1249295,未记录,True,4228
WY081,97,,溪流,1251915955,12.442,109.0867527,23.1253418,未记录,True,4229
WY081,98,,溪流,1251915955,12.442,109.0860353,23.1255067,未记录,True,4230
WY081,99,,溪流,1251915955,12.442,109.0856916,23.1263725,未记录,True,4231
WY081,100,,溪流,1251915955,12.442,109.0846455,23.1273345,未记录,True,4232
WY081,101,,溪流,1251915955,12.442,109.0841375,23.1284889,未记录,True,4233
WY081,102,,溪流,1251915955,12.442,109.0839581,23.1295746,未记录,True,4234
WY081,103,,溪流,1251915955,12.442,109.0830465,23.1306053,未记录,True,4235
WY082,1,南河,河流,1251915956,1.194,109.0830465,23.1306053,南河,False,4236
WY082,2,南河,河流,1251915956,1.194,109.0827167,23.1310878,南河,False,4237
WY082,3,南河,河流,1251915956,1.194,109.0826823,23.1320981,南河,False,4238
WY082,4,南河,河流,1251915956,1.194,109.0835406,23.1343239,南河,False,4239
WY082,5,南河,河流,1251915956,1.194,109.0847251,23.1361708,南河,False,4240
WY082,6,南河,河流,1251915956,1.194,109.0861327,23.1372916,南河,False,4241
WY082,7,南河,河流,1251915956,1.194,109.0872829,23.1400382,南河,False,4242
WY083,1,南河,河流,1251915957,0.067,109.0872829,23.1400382,南河,False,4243
WY083,2,南河,河流,1251915957,0.067,109.0872858,23.1406384,南河,False,4244
WY084,1,,溪流,1251915958,1.757,109.0837631,23.1210249,未记录,True,4245
WY084,2,,溪流,1251915958,1.757,109.0828533,23.1220984,未记录,True,4246
WY084,3,,溪流,1251915958,1.757,109.0818748,23.1225405,未记录,True,4247
WY084,4,,溪流,1251915958,1.757,109.0812397,23.1229509,未记录,True,4248
WY084,5,,溪流,1251915958,1.757,109.0809307,23.1235982,未记录,True,4249
WY084,6,,溪流,1251915958,1.757,109.0803127,23.1239613,未记录,True,4250
WY084,7,,溪流,1251915958,1.757,109.0794029,23.1237876,未记录,True,4251
WY084,8,,溪流,1251915958,1.757,109.0787849,23.1239771,未记录,True,4252
WY084,9,,溪流,1251915958,1.757,109.0787849,23.1244191,未记录,True,4253
WY084,10,,溪流,1251915958,1.757,109.0791282,23.1253979,未记录,True,4254
WY084,11,,溪流,1251915958,1.757,109.0789737,23.1261714,未记录,True,4255
WY084,12,,溪流,1251915958,1.757,109.0786991,23.1266135,未记录,True,4256
WY084,13,,溪流,1251915958,1.757,109.0786819,23.1269766,未记录,True,4257
WY084,14,,溪流,1251915958,1.757,109.0793514,23.1276396,未记录,True,4258
WY084,15,,溪流,1251915958,1.757,109.079626,23.1283658,未记录,True,4259
WY084,16,,溪流,1251915958,1.757,109.0795059,23.1294708,未记录,True,4260
WY084,17,,溪流,1251915958,1.757,109.0798835,23.1296761,未记录,True,4261
WY084,18,,溪流,1251915958,1.757,109.0802784,23.1293919,未记录,True,4262
WY084,19,,溪流,1251915958,1.757,109.0809478,23.1291393,未记录,True,4263
WY084,20,,溪流,1251915958,1.757,109.0814457,23.129313,未记录,True,4264
WY084,21,,溪流,1251915958,1.757,109.0830465,23.1306053,未记录,True,4265
WY085,1,,排水沟,1344764507,2.128,109.1395001,23.1862505,未记录,True,4266
WY085,2,,排水沟,1344764507,2.128,109.1387671,23.1862826,未记录,True,4267
WY085,3,,排水沟,1344764507,2.128,109.1381776,23.1864679,未记录,True,4268
WY085,4,,排水沟,1344764507,2.128,109.1364129,23.1863146,未记录,True,4269
WY085,5,,排水沟,1344764507,2.128,109.1332211,23.1863253,未记录,True,4270
WY085,6,,排水沟,1344764507,2.128,109.1325463,23.1861435,未记录,True,4271
WY085,7,,排水沟,1344764507,2.128,109.1316775,23.1855339,未记录,True,4272
WY085,8,,排水沟,1344764507,2.128,109.1311695,23.1847995,未记录,True,4273
WY085,9,,排水沟,1344764507,2.128,109.1305141,23.1843824,未记录,True,4274
WY085,10,,排水沟,1344764507,2.128,109.1266241,23.1838654,未记录,True,4275
WY085,11,,排水沟,1344764507,2.128,109.1260346,23.1840009,未记录,True,4276
WY085,12,,排水沟,1344764507,2.128,109.1255305,23.1848957,未记录,True,4277
WY085,13,,排水沟,1344764507,2.128,109.1252163,23.1849813,未记录,True,4278
WY085,14,,排水沟,1344764507,2.128,109.1237193,23.183894,未记录,True,4279
WY085,15,,排水沟,1344764507,2.128,109.1231686,23.1842612,未记录,True,4280
WY085,16,,排水沟,1344764507,2.128,109.1224744,23.1835303,未记录,True,4281
WY085,17,,排水沟,1344764507,2.128,109.1222106,23.1830633,未记录,True,4282
WY085,18,,排水沟,1344764507,2.128,109.1214817,23.1828223,未记录,True,4283
WY086,1,,溪流,1461438065,8.057,109.2180537,23.183487,未记录,True,4284
WY086,2,,溪流,1461438065,8.057,109.2181125,23.1843117,未记录,True,4285
WY086,3,,溪流,1461438065,8.057,109.2177302,23.1851094,未记录,True,4286
WY086,4,,溪流,1461438065,8.057,109.2176566,23.185373,未记录,True,4287
WY086,5,,溪流,1461438065,8.057,109.2175095,23.1855961,未记录,True,4288
WY086,6,,溪流,1461438065,8.057,109.2172522,23.1857245,未记录,True,4289
WY086,7,,溪流,1461438065,8.057,109.2167153,23.1854947,未记录,True,4290
WY086,8,,溪流,1461438065,8.057,109.2164727,23.1855285,未记录,True,4291
WY086,9,,溪流,1461438065,8.057,109.216458,23.1857989,未记录,True,4292
WY086,10,,溪流,1461438065,8.057,109.2166786,23.1863329,未记录,True,4293
WY086,11,,溪流,1461438065,8.057,109.217061,23.1869818,未记录,True,4294
WY086,12,,溪流,1461438065,8.057,109.2171419,23.1872522,未记录,True,4295
WY086,13,,溪流,1461438065,8.057,109.2170316,23.1875158,未记录,True,4296
WY086,14,,溪流,1461438065,8.057,109.2168624,23.1875699,未记录,True,4297
WY086,15,,溪流,1461438065,8.057,109.2160388,23.1870765,未记录,True,4298
WY086,16,,溪流,1461438065,8.057,109.2156785,23.1870765,未记录,True,4299
WY086,17,,溪流,1461438065,8.057,109.2154211,23.1873401,未记录,True,4300
WY086,18,,溪流,1461438065,8.057,109.2154579,23.1881986,未记录,True,4301
WY086,19,,溪流,1461438065,8.057,109.2147078,23.1888407,未记录,True,4302
WY086,20,,溪流,1461438065,8.057,109.2146931,23.1891111,未记录,True,4303
WY086,21,,溪流,1461438065,8.057,109.2148402,23.1903278,未记录,True,4304
WY086,22,,溪流,1461438065,8.057,109.2151637,23.1914634,未记录,True,4305
WY086,23,,溪流,1461438065,8.057,109.2150534,23.1923354,未记录,True,4306
WY086,24,,溪流,1461438065,8.057,109.2148838,23.1930367,未记录,True,4307
WY086,25,,溪流,1461438065,8.057,109.2152636,23.1938237,未记录,True,4308
WY086,26,,溪流,1461438065,8.057,109.2155919,23.1939243,未记录,True,4309
WY086,27,,溪流,1461438065,8.057,109.2159524,23.1939065,未记录,True,4310
WY086,28,,溪流,1461438065,8.057,109.2163322,23.1940012,未记录,True,4311
WY086,29,,溪流,1461438065,8.057,109.2163451,23.1946166,未记录,True,4312
WY086,30,,溪流,1461438065,8.057,109.2167249,23.1945396,未记录,True,4313
WY086,31,,溪流,1461438065,8.057,109.2171433,23.1947112,未记录,True,4314
WY086,32,,溪流,1461438065,8.057,109.2174974,23.1950781,未记录,True,4315
WY086,33,,溪流,1461438065,8.057,109.2180059,23.1957999,未记录,True,4316
WY086,34,,溪流,1461438065,8.057,109.2187462,23.1965159,未记录,True,4317
WY086,35,,溪流,1461438065,8.057,109.2191389,23.1966638,未记录,True,4318
WY086,36,,溪流,1461438065,8.057,109.2193062,23.1969656,未记录,True,4319
WY086,37,,溪流,1461438065,8.057,109.2203748,23.1976046,未记录,True,4320
WY086,38,,溪流,1461438065,8.057,109.2222803,23.198214,未记录,True,4321
WY086,39,,溪流,1461438065,8.057,109.2232974,23.1987939,未记录,True,4322
WY086,40,,溪流,1461438065,8.057,109.2235034,23.1990246,未记录,True,4323
WY086,41,,溪流,1461438065,8.057,109.223645,23.1994684,未记录,True,4324
WY086,42,,溪流,1461438065,8.057,109.2239604,23.1996577,未记录,True,4325
WY086,43,,溪流,1461438065,8.057,109.2253766,23.1997287,未记录,True,4326
WY086,44,,溪流,1461438065,8.057,109.2266834,23.2004506,未记录,True,4327
WY086,45,,溪流,1461438065,8.057,109.2275481,23.2003627,未记录,True,4328
WY086,46,,溪流,1461438065,8.057,109.2276258,23.2018312,未记录,True,4329
WY086,47,,溪流,1461438065,8.057,109.2279367,23.202375,未记录,True,4330
WY086,48,,溪流,1461438065,8.057,109.2283254,23.2024901,未记录,True,4331
WY086,49,,溪流,1461438065,8.057,109.2292106,23.2023908,未记录,True,4332
WY086,50,,溪流,1461438065,8.057,109.2297979,23.2025298,未记录,True,4333
WY086,51,,溪流,1461438065,8.057,109.2304931,23.2022757,未记录,True,4334
WY086,52,,溪流,1461438065,8.057,109.2307609,23.202244,未记录,True,4335
WY086,53,,溪流,1461438065,8.057,109.2309293,23.2023829,未记录,True,4336
WY086,54,,溪流,1461438065,8.057,109.2317239,23.202113,未记录,True,4337
WY086,55,,溪流,1461438065,8.057,109.2323284,23.2026052,未记录,True,4338
WY086,56,,溪流,1461438065,8.057,109.233028,23.2029227,未记录,True,4339
WY086,57,,溪流,1461438065,8.057,109.233313,23.2037721,未记录,True,4340
WY086,58,,溪流,1461438065,8.057,109.2334857,23.2039149,未记录,True,4341
WY086,59,,溪流,1461438065,8.057,109.2338873,23.2038276,未记录,True,4342
WY086,60,,溪流,1461438065,8.057,109.2340341,23.2037086,未记录,True,4343
WY086,61,,溪流,1461438065,8.057,109.2340428,23.2034109,未记录,True,4344
WY086,62,,溪流,1461438065,8.057,109.2337664,23.2029465,未记录,True,4345
WY086,63,,溪流,1461438065,8.057,109.2339175,23.2027163,未记录,True,4346
WY086,64,,溪流,1461438065,8.057,109.2343364,23.2024623,未记录,True,4347
WY086,65,,溪流,1461438065,8.057,109.234846,23.2023591,未记录,True,4348
WY086,66,,溪流,1461438065,8.057,109.235606,23.2022638,未记录,True,4349
WY086,67,,溪流,1461438065,8.057,109.2360637,23.2023591,未记录,True,4350
WY086,68,,溪流,1461438065,8.057,109.2364006,23.202502,未记录,True,4351
WY086,69,,溪流,1461438065,8.057,109.2366122,23.2026846,未记录,True,4352
WY086,70,,溪流,1461438065,8.057,109.236854,23.2036093,未记录,True,4353
WY086,71,,溪流,1461438065,8.057,109.2370742,23.2037086,未记录,True,4354
WY086,72,,溪流,1461438065,8.057,109.2372599,23.2034863,未记录,True,4355
WY086,73,,溪流,1461438065,8.057,109.2377738,23.2034069,未记录,True,4356
WY086,74,,溪流,1461438065,8.057,109.2378817,23.2032878,未记录,True,4357
WY086,75,,溪流,1461438065,8.057,109.2379983,23.2028909,未记录,True,4358
WY086,76,,溪流,1461438065,8.057,109.2381365,23.2027639,未记录,True,4359
WY086,77,,溪流,1461438065,8.057,109.2383697,23.2026965,未记录,True,4360
WY086,78,,溪流,1461438065,8.057,109.2386331,23.2028116,未记录,True,4361
WY086,79,,溪流,1461438065,8.057,109.2391297,23.2036331,未记录,True,4362
WY086,80,,溪流,1461438065,8.057,109.2394147,23.2038078,未记录,True,4363
WY086,81,,溪流,1461438065,8.057,109.239825,23.203784,未记录,True,4364
WY086,82,,溪流,1461438065,8.057,109.240205,23.2036768,未记录,True,4365
WY086,83,,溪流,1461438065,8.057,109.2406973,23.2034664,未记录,True,4366
WY086,84,,溪流,1461438065,8.057,109.241237,23.2032362,未记录,True,4367
WY086,85,,溪流,1461438065,8.057,109.2415566,23.2032402,未记录,True,4368
WY086,86,,溪流,1461438065,8.057,109.2417768,23.2033593,未记录,True,4369
WY086,87,,溪流,1461438065,8.057,109.2418761,23.2035101,未记录,True,4370
WY086,88,,溪流,1461438065,8.057,109.2418977,23.2037363,未记录,True,4371
WY086,89,,溪流,1461438065,8.057,109.2414357,23.2040142,未记录,True,4372
WY086,90,,溪流,1461438065,8.057,109.241263,23.204038,未记录,True,4373
WY086,91,,溪流,1461438065,8.057,109.2411895,23.2041531,未记录,True,4374
WY086,92,,溪流,1461438065,8.057,109.2411852,23.2043634,未记录,True,4375
WY086,93,,溪流,1461438065,8.057,109.2414659,23.2045063,未记录,True,4376
WY086,94,,溪流,1461438065,8.057,109.2415393,23.2045539,未记录,True,4377
WY086,95,,溪流,1461438065,8.057,109.241833,23.2046532,未记录,True,4378
WY086,96,,溪流,1461438065,8.057,109.2417898,23.2050739,未记录,True,4379
WY086,97,,溪流,1461438065,8.057,109.2418977,23.2052604,未记录,True,4380
WY086,98,,溪流,1461438065,8.057,109.2422518,23.2053596,未记录,True,4381
WY086,99,,溪流,1461438065,8.057,109.2426016,23.2053557,未记录,True,4382
WY086,100,,溪流,1461438065,8.057,109.2427398,23.2054509,未记录,True,4383
WY086,101,,溪流,1461438065,8.057,109.2426491,23.2056772,未记录,True,4384
WY086,102,,溪流,1461438065,8.057,109.2430205,23.2060105,未记录,True,4385
WY086,103,,溪流,1461438065,8.057,109.2430637,23.2063201,未记录,True,4386
WY086,104,,溪流,1461438065,8.057,109.2428823,23.2068758,未记录,True,4387
WY086,105,,溪流,1461438065,8.057,109.2431371,23.2074473,未记录,True,4388
WY086,106,,溪流,1461438065,8.057,109.2435516,23.207864,未记录,True,4389
WY086,107,,溪流,1461438065,8.057,109.2447867,23.2084236,未记录,True,4390
WY086,108,,溪流,1461438065,8.057,109.2452617,23.2086102,未记录,True,4391
WY086,109,,溪流,1461438065,8.057,109.2464924,23.2087689,未记录,True,4392
WY086,110,,溪流,1461438065,8.057,109.2472006,23.2086657,未记录,True,4393
WY086,111,,溪流,1461438065,8.057,109.2480168,23.2084316,未记录,True,4394
WY086,112,,溪流,1461438065,8.057,109.2485954,23.2080386,未记录,True,4395
WY086,113,,溪流,1461438065,8.057,109.2489581,23.2077449,未记录,True,4396
WY086,114,,溪流,1461438065,8.057,109.2493857,23.2076179,未记录,True,4397
WY086,115,,溪流,1461438065,8.057,109.250707,23.2076457,未记录,True,4398
WY086,116,,溪流,1461438065,8.057,109.251195,23.2076934,未记录,True,4399
WY086,117,,溪流,1461438065,8.057,109.2516096,23.207995,未记录,True,4400
WY086,118,,溪流,1461438065,8.057,109.2518428,23.2085387,未记录,True,4401
WY086,119,,溪流,1461438065,8.057,109.2522616,23.2086022,未记录,True,4402
WY086,120,,溪流,1461438065,8.057,109.2525596,23.2084871,未记录,True,4403
WY086,121,,溪流,1461438065,8.057,109.2526589,23.2084951,未记录,True,4404
WY086,122,,溪流,1461438065,8.057,109.2526675,23.2087014,未记录,True,4405
WY086,123,,溪流,1461438065,8.057,109.253121,23.2094595,未记录,True,4406
WY086,124,,溪流,1461438065,8.057,109.2533455,23.2097333,未记录,True,4407
WY086,125,,溪流,1461438065,8.057,109.2533542,23.2102532,未记录,True,4408
WY086,126,,溪流,1461438065,8.057,109.2541962,23.2104358,未记录,True,4409
WY086,127,,溪流,1461438065,8.057,109.254546,23.2101501,未记录,True,4410
WY086,128,,溪流,1461438065,8.057,109.2549001,23.209388,未记录,True,4411
WY086,129,,溪流,1461438065,8.057,109.2558933,23.208884,未记录,True,4412
WY086,130,,溪流,1461438065,8.057,109.2560531,23.2085467,未记录,True,4413
WY086,131,,溪流,1461438065,8.057,109.2563899,23.2084752,未记录,True,4414
WY086,132,,溪流,1461438065,8.057,109.256066,23.207483,未记录,True,4415
WY086,133,,溪流,1461438065,8.057,109.256066,23.206971,未记录,True,4416
WY086,134,,溪流,1461438065,8.057,109.2565065,23.2067488,未记录,True,4417
WY086,135,,溪流,1461438065,8.057,109.2570204,23.2068043,未记录,True,4418
WY086,136,,溪流,1461438065,8.057,109.2574263,23.2070266,未记录,True,4419
WY086,137,,溪流,1461438065,8.057,109.2578766,23.2069551,未记录,True,4420
WY087,1,,溪流,1461438083,3.975,109.2433618,23.185095,未记录,True,4421
WY087,2,,溪流,1461438083,3.975,109.2419004,23.185651,未记录,True,4422
WY087,3,,溪流,1461438083,3.975,109.2417327,23.1857971,未记录,True,4423
WY087,4,,溪流,1461438083,3.975,109.2418165,23.1861218,未记录,True,4424
WY087,5,,溪流,1461438083,3.975,109.2432338,23.1878223,未记录,True,4425
WY087,6,,溪流,1461438083,3.975,109.2431676,23.1891819,未记录,True,4426
WY087,7,,溪流,1461438083,3.975,109.245044,23.188983,未记录,True,4427
WY087,8,,溪流,1461438083,3.975,109.245437,23.1891575,未记录,True,4428
WY087,9,,溪流,1461438083,3.975,109.2456798,23.1895106,未记录,True,4429
WY087,10,,溪流,1461438083,3.975,109.2455518,23.189957,未记录,True,4430
WY087,11,,溪流,1461438083,3.975,109.2451897,23.1904035,未记录,True,4431
WY087,12,,溪流,1461438083,3.975,109.2440197,23.1915682,未记录,True,4432
WY087,13,,溪流,1461438083,3.975,109.2437636,23.1921283,未记录,True,4433
WY087,14,,溪流,1461438083,3.975,109.2439358,23.1924205,未记录,True,4434
WY087,15,,溪流,1461438083,3.975,109.2446599,23.1923231,未记录,True,4435
WY087,16,,溪流,1461438083,3.975,109.2451367,23.1924732,未记录,True,4436
WY087,17,,溪流,1461438083,3.975,109.2458299,23.1928994,未记录,True,4437
WY087,18,,溪流,1461438083,3.975,109.2465275,23.1934716,未记录,True,4438
WY087,19,,溪流,1461438083,3.975,109.2469293,23.1940073,未记录,True,4439
WY087,20,,溪流,1461438083,3.975,109.2473311,23.1941777,未记录,True,4440
WY087,21,,溪流,1461438083,3.975,109.2479933,23.1940681,未记录,True,4441
WY087,22,,溪流,1461438083,3.975,109.2481788,23.1941899,未记录,True,4442
WY087,23,,溪流,1461438083,3.975,109.248245,23.1944009,未记录,True,4443
WY087,24,,溪流,1461438083,3.975,109.248373,23.1948392,未记录,True,4444
WY087,25,,溪流,1461438083,3.975,109.2494018,23.1955332,未记录,True,4445
WY087,26,,溪流,1461438083,3.975,109.250064,23.195732,未记录,True,4446
WY087,27,,溪流,1461438083,3.975,109.2509735,23.1960689,未记录,True,4447
WY087,28,,溪流,1461438083,3.975,109.2512473,23.1963692,未记录,True,4448
WY087,29,,溪流,1461438083,3.975,109.2514548,23.1969495,未记录,True,4449
WY087,30,,溪流,1461438083,3.975,109.2515078,23.1975095,未记录,True,4450
WY087,31,,溪流,1461438083,3.975,109.2513842,23.1982725,未记录,True,4451
WY087,32,,溪流,1461438083,3.975,109.2516358,23.1987513,未记录,True,4452
WY087,33,,溪流,1461438083,3.975,109.2521127,23.1992951,未记录,True,4453
WY087,34,,溪流,1461438083,3.975,109.2526778,23.1997009,未记录,True,4454
WY087,35,,溪流,1461438083,3.975,109.253212,23.2006018,未记录,True,4455
WY087,36,,溪流,1461438083,3.975,109.253605,23.2009792,未记录,True,4456
WY087,37,,溪流,1461438083,3.975,109.2535034,23.2013607,未记录,True,4457
WY087,38,,溪流,1461438083,3.975,109.2532341,23.2015433,未记录,True,4458
WY087,39,,溪流,1461438083,3.975,109.2534946,23.2021845,未记录,True,4459
WY087,40,,溪流,1461438083,3.975,109.2540244,23.2029515,未记录,True,4460
WY087,41,,溪流,1461438083,3.975,109.2547882,23.2033978,未记录,True,4461
WY087,42,,溪流,1461438083,3.975,109.2556757,23.2034141,未记录,True,4462
WY087,43,,溪流,1461438083,3.975,109.2564925,23.2032233,未记录,True,4463
WY087,44,,溪流,1461438083,3.975,109.2570002,23.2032964,未记录,True,4464
WY087,45,,溪流,1461438083,3.975,109.258519,23.2037144,未记录,True,4465
WY087,46,,溪流,1461438083,3.975,109.2593623,23.2037103,未记录,True,4466
WY087,47,,溪流,1461438083,3.975,109.2602144,23.2038199,未记录,True,4467
WY087,48,,溪流,1461438083,3.975,109.260837,23.204039,未记录,True,4468
WY087,49,,溪流,1461438083,3.975,109.2614639,23.2041242,未记录,True,4469
WY087,50,,溪流,1461438083,3.975,109.2624223,23.2044118,未记录,True,4470
WY088,1,,排水沟,1461438098,0.274,109.1823388,23.2106524,未记录,True,4471
WY088,2,,排水沟,1461438098,0.274,109.182042,23.2109027,未记录,True,4472
WY088,3,,排水沟,1461438098,0.274,109.1819729,23.2109887,未记录,True,4473
WY088,4,,排水沟,1461438098,0.274,109.1818998,23.211183,未记录,True,4474
WY088,5,,排水沟,1461438098,0.274,109.1818103,23.2113772,未记录,True,4475
WY088,6,,排水沟,1461438098,0.274,109.1818144,23.2116276,未记录,True,4476
WY088,7,,排水沟,1461438098,0.274,109.1814973,23.2121058,未记录,True,4477
WY088,8,,排水沟,1461438098,0.274,109.181416,23.212132,未记录,True,4478
WY088,9,,排水沟,1461438098,0.274,109.181359,23.2122105,未记录,True,4479
WY088,10,,排水沟,1461438098,0.274,109.1813021,23.2123263,未记录,True,4480
WY088,11,,排水沟,1461438098,0.274,109.1811436,23.2124533,未记录,True,4481
WY088,12,,排水沟,1461438098,0.274,109.1809932,23.2126812,未记录,True,4482
WY089,1,,排水沟,1461438099,0.011,109.1809932,23.2126812,未记录,True,4483
WY089,2,,排水沟,1461438099,0.011,109.1809128,23.2127529,未记录,True,4484
WY090,1,,排水沟,1489338174,0.907,109.1205154,23.2169098,未记录,True,4485
WY090,2,,排水沟,1489338174,0.907,109.1220776,23.2103531,未记录,True,4486
WY090,3,,排水沟,1489338174,0.907,109.1223979,23.2089387,未记录,True,4487
WY091,1,,排水沟,1489338175,0.019,109.1226036,23.2078361,未记录,True,4488
WY091,2,,排水沟,1489338175,0.019,109.1226146,23.2076684,未记录,True,4489
WY092,1,,排水沟,1489338176,0.095,109.1224365,23.2086781,未记录,True,4490
WY092,2,,排水沟,1489338176,0.095,109.1226036,23.2078361,未记录,True,4491
WY093,1,,排水沟,1489338177,0.029,109.1223979,23.2089387,未记录,True,4492
WY093,2,,排水沟,1489338177,0.029,109.1224365,23.2086781,未记录,True,4493
WY094,1,,排水沟,1489338178,0.812,109.1213179,23.2002668,未记录,True,4494
WY094,2,,排水沟,1489338178,0.812,109.1204194,23.1943031,未记录,True,4495
WY094,3,,排水沟,1489338178,0.812,109.1204238,23.1940343,未记录,True,4496
WY094,4,,排水沟,1489338178,0.812,109.1204997,23.1937195,未记录,True,4497
WY094,5,,排水沟,1489338178,0.812,109.1207005,23.1930499,未记录,True,4498
WY095,1,,排水沟,1489338179,0.048,109.1213758,23.2006987,未记录,True,4499
WY095,2,,排水沟,1489338179,0.048,109.1213179,23.2002668,未记录,True,4500
WY096,1,,排水沟,1489338180,0.126,109.1215622,23.2018192,未记录,True,4501
WY096,2,,排水沟,1489338180,0.126,109.1213758,23.2006987,未记录,True,4502
WY097,1,,排水沟,1489338181,0.017,109.1215986,23.2019699,未记录,True,4503
WY097,2,,排水沟,1489338181,0.017,109.1215888,23.2019294,未记录,True,4504
WY097,3,,排水沟,1489338181,0.017,109.1215622,23.2018192,未记录,True,4505
WY098,1,,排水沟,1489338182,0.067,109.1218438,23.20253,未记录,True,4506
WY098,2,,排水沟,1489338182,0.067,109.1215986,23.2019699,未记录,True,4507
WY099,1,,排水沟,1489338183,0.012,109.1218898,23.2026255,未记录,True,4508
WY099,2,,排水沟,1489338183,0.012,109.1218438,23.20253,未记录,True,4509
WY100,1,,排水沟,1536112037,1.619,109.1404875,22.9778748,未记录,True,4510
WY100,2,,排水沟,1536112037,1.619,109.1408213,22.9770576,未记录,True,4511
WY100,3,,排水沟,1536112037,1.619,109.1407758,22.975975,未记录,True,4512
WY100,4,,排水沟,1536112037,1.619,109.1405102,22.9752346,未记录,True,4513
WY100,5,,排水沟,1536112037,1.619,109.140313,22.975074,未记录,True,4514
WY100,6,,排水沟,1536112037,1.619,109.1402827,22.9747946,未记录,True,4515
WY100,7,,排水沟,1536112037,1.619,109.1409427,22.9740402,未记录,True,4516
WY100,8,,排水沟,1536112037,1.619,109.1412158,22.9740263,未记录,True,4517
WY100,9,,排水沟,1536112037,1.619,109.1415875,22.9737608,未记录,True,4518
WY100,10,,排水沟,1536112037,1.619,109.1420427,22.9729576,未记录,True,4519
WY100,11,,排水沟,1536112037,1.619,109.1425267,22.9725536,未记录,True,4520
WY100,12,,排水沟,1536112037,1.619,109.1434387,22.9725685,未记录,True,4521
WY100,13,,排水沟,1536112037,1.619,109.1439537,22.9724499,未记录,True,4522
WY100,14,,排水沟,1536112037,1.619,109.1444043,22.9725783,未记录,True,4523
WY100,15,,排水沟,1536112037,1.619,109.1461585,22.9729784,未记录,True,4524
WY100,16,,排水沟,1536112037,1.619,109.1468076,22.9728253,未记录,True,4525
WY100,17,,排水沟,1536112037,1.619,109.1476122,22.9727956,未记录,True,4526
WY100,18,,排水沟,1536112037,1.619,109.1480414,22.9726376,未记录,True,4527
WY100,19,,排水沟,1536112037,1.619,109.1483471,22.9718424,未记录,True,4528
WY100,20,,排水沟,1536112037,1.619,109.148551,22.9711954,未记录,True,4529
WY100,21,,排水沟,1536112037,1.619,109.1497097,22.9702669,未记录,True,4530
WY101,1,,溪流,1536112038,4.126,109.1548661,22.9791466,未记录,True,4531
WY101,2,,溪流,1536112038,4.126,109.1547353,22.9784364,未记录,True,4532
WY101,3,,溪流,1536112038,4.126,109.1554345,22.9775643,未记录,True,4533
WY101,4,,溪流,1536112038,4.126,109.1555021,22.9761149,未记录,True,4534
WY101,5,,溪流,1536112038,4.126,109.1555783,22.9747356,未记录,True,4535
WY101,6,,溪流,1536112038,4.126,109.1554316,22.9744478,未记录,True,4536
WY101,7,,溪流,1536112038,4.126,109.153454,22.972627,未记录,True,4537
WY101,8,,溪流,1536112038,4.126,109.1526948,22.9719868,未记录,True,4538
WY101,9,,溪流,1536112038,4.126,109.152446,22.9715111,未记录,True,4539
WY101,10,,溪流,1536112038,4.126,109.1527012,22.971094,未记录,True,4540
WY101,11,,溪流,1536112038,4.126,109.1532435,22.9708474,未记录,True,4541
WY101,12,,溪流,1536112038,4.126,109.1545002,22.9710647,未记录,True,4542
WY101,13,,溪流,1536112038,4.126,109.1552593,22.9704656,未记录,True,4543
WY101,14,,溪流,1536112038,4.126,109.1558845,22.9696315,未记录,True,4544
WY101,15,,溪流,1536112038,4.126,109.1559419,22.9689972,未记录,True,4545
WY101,16,,溪流,1536112038,4.126,109.1572625,22.9682101,未记录,True,4546
WY101,17,,溪流,1536112038,4.126,109.1588254,22.9676874,未记录,True,4547
WY101,18,,溪流,1536112038,4.126,109.1593485,22.9672762,未记录,True,4548
WY101,19,,溪流,1536112038,4.126,109.1602799,22.9670589,未记录,True,4549
WY101,20,,溪流,1536112038,4.126,109.1606308,22.9663423,未记录,True,4550
WY101,21,,溪流,1536112038,4.126,109.1603179,22.9648637,未记录,True,4551
WY101,22,,溪流,1536112038,4.126,109.1599119,22.964141,未记录,True,4552
WY101,23,,溪流,1536112038,4.126,109.1585857,22.9635927,未记录,True,4553
WY101,24,,溪流,1536112038,4.126,109.1579452,22.963626,未记录,True,4554
WY101,25,,溪流,1536112038,4.126,109.1577106,22.9633269,未记录,True,4555
WY101,26,,溪流,1536112038,4.126,109.157864,22.9629199,未记录,True,4556
WY101,27,,溪流,1536112038,4.126,109.1588564,22.9625211,未记录,True,4557
WY101,28,,溪流,1536112038,4.126,109.1589827,22.961001,未记录,True,4558
WY101,29,,溪流,1536112038,4.126,109.1585586,22.9602533,未记录,True,4559
WY101,30,,溪流,1536112038,4.126,109.1580083,22.9594808,未记录,True,4560
WY101,31,,溪流,1536112038,4.126,109.1569798,22.9590986,未记录,True,4561
WY101,32,,溪流,1536112038,4.126,109.1563754,22.9586584,未记录,True,4562
WY101,33,,溪流,1536112038,4.126,109.1553018,22.9585587,未记录,True,4563
WY101,34,,溪流,1536112038,4.126,109.1547604,22.9586085,未记录,True,4564
WY101,35,,溪流,1536112038,4.126,109.1530102,22.9573541,未记录,True,4565
WY101,36,,溪流,1536112038,4.126,109.1526854,22.9572046,未记录,True,4566
WY101,37,,溪流,1536112038,4.126,109.1528027,22.9567228,未记录,True,4567
WY101,38,,溪流,1536112038,4.126,109.1522975,22.9558837,未记录,True,4568
WY101,39,,溪流,1536112038,4.126,109.1515577,22.9554601,未记录,True,4569
WY101,40,,溪流,1536112038,4.126,109.1518193,22.955053,未记录,True,4570
WY101,41,,溪流,1536112038,4.126,109.1515642,22.954778,未记录,True,4571
